solid OpenSCAD_Model
  facet normal 1 0 0
    outer loop
      vertex 28 14 39.5
      vertex 28 11 36
      vertex 28 14 0
    endloop
  endfacet
  facet normal 1 -0 0
    outer loop
      vertex 28 6 39.5
      vertex 28 11 36
      vertex 28 14 39.5
    endloop
  endfacet
  facet normal 1 0 0
    outer loop
      vertex 28 11 36
      vertex 28 6 39.5
      vertex 28 6 36
    endloop
  endfacet
  facet normal 1 -0 0
    outer loop
      vertex 28 11 3
      vertex 28 14 0
      vertex 28 11 36
    endloop
  endfacet
  facet normal 1 0 0
    outer loop
      vertex 28 10.9148 3.64705
      vertex 28 11 3
      vertex 28 10.9786 3.32631
    endloop
  endfacet
  facet normal 1 0 0
    outer loop
      vertex 28 10.8097 3.95671
      vertex 28 11 3
      vertex 28 10.9148 3.64705
    endloop
  endfacet
  facet normal 1 0 0
    outer loop
      vertex 28 10.6651 4.25
      vertex 28 11 3
      vertex 28 10.8097 3.95671
    endloop
  endfacet
  facet normal 1 0 0
    outer loop
      vertex 28 10.4834 4.5219
      vertex 28 11 3
      vertex 28 10.6651 4.25
    endloop
  endfacet
  facet normal 1 0 0
    outer loop
      vertex 28 10.2678 4.76777
      vertex 28 11 3
      vertex 28 10.4834 4.5219
    endloop
  endfacet
  facet normal 1 0 0
    outer loop
      vertex 28 10.0219 4.98338
      vertex 28 11 3
      vertex 28 10.2678 4.76777
    endloop
  endfacet
  facet normal 1 0 0
    outer loop
      vertex 28 9.75 5.16506
      vertex 28 11 3
      vertex 28 10.0219 4.98338
    endloop
  endfacet
  facet normal 1 0 0
    outer loop
      vertex 28 9.45671 5.3097
      vertex 28 11 3
      vertex 28 9.75 5.16506
    endloop
  endfacet
  facet normal 1 0 0
    outer loop
      vertex 28 9.14705 5.41481
      vertex 28 11 3
      vertex 28 9.45671 5.3097
    endloop
  endfacet
  facet normal 1 0 0
    outer loop
      vertex 28 8.82631 5.47861
      vertex 28 11 3
      vertex 28 9.14705 5.41481
    endloop
  endfacet
  facet normal 1 0 0
    outer loop
      vertex 28 8.5 5.5
      vertex 28 11 3
      vertex 28 8.82631 5.47861
    endloop
  endfacet
  facet normal 1 0 0
    outer loop
      vertex 28 6 3
      vertex 28 11 3
      vertex 28 8.5 5.5
    endloop
  endfacet
  facet normal 1 0 0
    outer loop
      vertex 28 6 3
      vertex 28 8.5 5.5
      vertex 28 8.17368 5.47861
    endloop
  endfacet
  facet normal 1 0 0
    outer loop
      vertex 28 6 3
      vertex 28 8.17368 5.47861
      vertex 28 7.85295 5.41481
    endloop
  endfacet
  facet normal 1 0 0
    outer loop
      vertex 28 6 3
      vertex 28 7.85295 5.41481
      vertex 28 7.54329 5.3097
    endloop
  endfacet
  facet normal 1 0 0
    outer loop
      vertex 28 6 3
      vertex 28 7.54329 5.3097
      vertex 28 7.25 5.16506
    endloop
  endfacet
  facet normal 1 0 0
    outer loop
      vertex 28 6 3
      vertex 28 7.25 5.16506
      vertex 28 6.9781 4.98338
    endloop
  endfacet
  facet normal 1 0 0
    outer loop
      vertex 28 6 3
      vertex 28 6.9781 4.98338
      vertex 28 6.73223 4.76777
    endloop
  endfacet
  facet normal 1 0 0
    outer loop
      vertex 28 6 3
      vertex 28 6.73223 4.76777
      vertex 28 6.51662 4.5219
    endloop
  endfacet
  facet normal 1 0 0
    outer loop
      vertex 28 6 3
      vertex 28 6.51662 4.5219
      vertex 28 6.33494 4.25
    endloop
  endfacet
  facet normal 1 0 0
    outer loop
      vertex 28 6 3
      vertex 28 6.33494 4.25
      vertex 28 6.1903 3.95671
    endloop
  endfacet
  facet normal 1 0 0
    outer loop
      vertex 28 6 3
      vertex 28 6.1903 3.95671
      vertex 28 6.08519 3.64705
    endloop
  endfacet
  facet normal 1 0 0
    outer loop
      vertex 28 6 3
      vertex 28 6.08519 3.64705
      vertex 28 6.02139 3.32631
    endloop
  endfacet
  facet normal 1 0 0
    outer loop
      vertex 28 11 3
      vertex 28 6 3
      vertex 28 14 0
    endloop
  endfacet
  facet normal 1 0 0
    outer loop
      vertex 28 0 0
      vertex 28 6 3
      vertex 28 0 3
    endloop
  endfacet
  facet normal 1 0 0
    outer loop
      vertex 28 6 3
      vertex 28 0 0
      vertex 28 14 0
    endloop
  endfacet
  facet normal 0 0 1
    outer loop
      vertex 22.3487 5.96511 3
      vertex 28 6 3
      vertex 22.372 6 3
    endloop
  endfacet
  facet normal 0 0 1
    outer loop
      vertex 22.2021 5.79792 3
      vertex 28 6 3
      vertex 22.3487 5.96511 3
    endloop
  endfacet
  facet normal 0 0 1
    outer loop
      vertex 28 6 3
      vertex 22.2021 5.79792 3
      vertex 28 0 3
    endloop
  endfacet
  facet normal -0 0 1
    outer loop
      vertex 22.0349 5.6513 3
      vertex 28 0 3
      vertex 22.2021 5.79792 3
    endloop
  endfacet
  facet normal -0 0 1
    outer loop
      vertex 21.85 5.52776 3
      vertex 28 0 3
      vertex 22.0349 5.6513 3
    endloop
  endfacet
  facet normal -0 0 1
    outer loop
      vertex 21.6506 5.42941 3
      vertex 28 0 3
      vertex 21.85 5.52776 3
    endloop
  endfacet
  facet normal -0 0 1
    outer loop
      vertex 21.44 5.35793 3
      vertex 28 0 3
      vertex 21.6506 5.42941 3
    endloop
  endfacet
  facet normal -0 0 1
    outer loop
      vertex 21.2219 5.31454 3
      vertex 28 0 3
      vertex 21.44 5.35793 3
    endloop
  endfacet
  facet normal -0 0 1
    outer loop
      vertex 21 5.3 3
      vertex 28 0 3
      vertex 21.2219 5.31454 3
    endloop
  endfacet
  facet normal 0 0 1
    outer loop
      vertex 20.7781 5.31454 3
      vertex 28 0 3
      vertex 21 5.3 3
    endloop
  endfacet
  facet normal 0 0 1
    outer loop
      vertex 20.56 5.35793 3
      vertex 28 0 3
      vertex 20.7781 5.31454 3
    endloop
  endfacet
  facet normal 0 0 1
    outer loop
      vertex 20.3494 5.42941 3
      vertex 28 0 3
      vertex 20.56 5.35793 3
    endloop
  endfacet
  facet normal 0 0 1
    outer loop
      vertex 7.65056 5.42941 3
      vertex 20.3494 5.42941 3
      vertex 20.15 5.52776 3
    endloop
  endfacet
  facet normal 0 0 1
    outer loop
      vertex 7.85 5.52776 3
      vertex 20.15 5.52776 3
      vertex 19.9651 5.6513 3
    endloop
  endfacet
  facet normal -0 0 1
    outer loop
      vertex 8.37202 6 3
      vertex 19.6513 5.96511 3
      vertex 19.628 6 3
    endloop
  endfacet
  facet normal 0 0 1
    outer loop
      vertex 8.3487 5.96511 3
      vertex 19.6513 5.96511 3
      vertex 8.37202 6 3
    endloop
  endfacet
  facet normal 0 0 1
    outer loop
      vertex 19.6513 5.96511 3
      vertex 8.3487 5.96511 3
      vertex 19.7979 5.79792 3
    endloop
  endfacet
  facet normal 0 0 1
    outer loop
      vertex 8.20208 5.79792 3
      vertex 19.7979 5.79792 3
      vertex 8.3487 5.96511 3
    endloop
  endfacet
  facet normal 0 0 1
    outer loop
      vertex 19.7979 5.79792 3
      vertex 8.20208 5.79792 3
      vertex 19.9651 5.6513 3
    endloop
  endfacet
  facet normal 0 0 1
    outer loop
      vertex 8.03489 5.6513 3
      vertex 19.9651 5.6513 3
      vertex 8.20208 5.79792 3
    endloop
  endfacet
  facet normal 0 0 1
    outer loop
      vertex 7.85 5.52776 3
      vertex 19.9651 5.6513 3
      vertex 8.03489 5.6513 3
    endloop
  endfacet
  facet normal 0 0 1
    outer loop
      vertex 20.15 5.52776 3
      vertex 7.85 5.52776 3
      vertex 7.65056 5.42941 3
    endloop
  endfacet
  facet normal 0 0 1
    outer loop
      vertex 20.3494 5.42941 3
      vertex 7.65056 5.42941 3
      vertex 28 0 3
    endloop
  endfacet
  facet normal 0 0 1
    outer loop
      vertex 0 0 3
      vertex 7.65056 5.42941 3
      vertex 7.43999 5.35793 3
    endloop
  endfacet
  facet normal 0 0 1
    outer loop
      vertex 0 0 3
      vertex 7.43999 5.35793 3
      vertex 7.22189 5.31454 3
    endloop
  endfacet
  facet normal 0 0 1
    outer loop
      vertex 0 0 3
      vertex 7.22189 5.31454 3
      vertex 7 5.3 3
    endloop
  endfacet
  facet normal 0 0 1
    outer loop
      vertex 0 0 3
      vertex 7 5.3 3
      vertex 6.77811 5.31454 3
    endloop
  endfacet
  facet normal 0 0 1
    outer loop
      vertex 0 0 3
      vertex 6.77811 5.31454 3
      vertex 6.56001 5.35793 3
    endloop
  endfacet
  facet normal -0 0 1
    outer loop
      vertex 0 6 3
      vertex 5.6513 5.96511 3
      vertex 5.62798 6 3
    endloop
  endfacet
  facet normal 0 0 1
    outer loop
      vertex 0 6 3
      vertex 5.79792 5.79792 3
      vertex 5.6513 5.96511 3
    endloop
  endfacet
  facet normal 0 0 1
    outer loop
      vertex 0 0 3
      vertex 5.79792 5.79792 3
      vertex 0 6 3
    endloop
  endfacet
  facet normal 0 0 1
    outer loop
      vertex 5.79792 5.79792 3
      vertex 0 0 3
      vertex 5.96511 5.6513 3
    endloop
  endfacet
  facet normal 0 0 1
    outer loop
      vertex 5.96511 5.6513 3
      vertex 0 0 3
      vertex 6.15 5.52776 3
    endloop
  endfacet
  facet normal 0 0 1
    outer loop
      vertex 6.15 5.52776 3
      vertex 0 0 3
      vertex 6.34944 5.42941 3
    endloop
  endfacet
  facet normal 0 0 1
    outer loop
      vertex 6.34944 5.42941 3
      vertex 0 0 3
      vertex 6.56001 5.35793 3
    endloop
  endfacet
  facet normal 0 0 1
    outer loop
      vertex 7.65056 5.42941 3
      vertex 0 0 3
      vertex 28 0 3
    endloop
  endfacet
  facet normal 0 0 -1
    outer loop
      vertex 28 0 0
      vertex 24 7 0
      vertex 28 14 0
    endloop
  endfacet
  facet normal 0 0 -1
    outer loop
      vertex 28 0 0
      vertex 23.9743 6.60842 0
      vertex 24 7 0
    endloop
  endfacet
  facet normal 0 0 -1
    outer loop
      vertex 28 0 0
      vertex 23.8978 6.22354 0
      vertex 23.9743 6.60842 0
    endloop
  endfacet
  facet normal 0 0 -1
    outer loop
      vertex 28 0 0
      vertex 23.7716 5.85195 0
      vertex 23.8978 6.22354 0
    endloop
  endfacet
  facet normal 0 0 -1
    outer loop
      vertex 28 0 0
      vertex 23.5981 5.5 0
      vertex 23.7716 5.85195 0
    endloop
  endfacet
  facet normal 0 0 -1
    outer loop
      vertex 28 0 0
      vertex 23.3801 5.17372 0
      vertex 23.5981 5.5 0
    endloop
  endfacet
  facet normal 0 0 -1
    outer loop
      vertex 28 0 0
      vertex 23.1213 4.87868 0
      vertex 23.3801 5.17372 0
    endloop
  endfacet
  facet normal 0 0 -1
    outer loop
      vertex 28 0 0
      vertex 22.8263 4.61994 0
      vertex 23.1213 4.87868 0
    endloop
  endfacet
  facet normal 0 0 -1
    outer loop
      vertex 28 0 0
      vertex 22.5 4.40192 0
      vertex 22.8263 4.61994 0
    endloop
  endfacet
  facet normal 0 0 -1
    outer loop
      vertex 28 0 0
      vertex 22.148 4.22836 0
      vertex 22.5 4.40192 0
    endloop
  endfacet
  facet normal 0 0 -1
    outer loop
      vertex 28 0 0
      vertex 21.7765 4.10222 0
      vertex 22.148 4.22836 0
    endloop
  endfacet
  facet normal 0 0 -1
    outer loop
      vertex 28 0 0
      vertex 21.3916 4.02567 0
      vertex 21.7765 4.10222 0
    endloop
  endfacet
  facet normal 0 0 -1
    outer loop
      vertex 28 0 0
      vertex 21 4 0
      vertex 21.3916 4.02567 0
    endloop
  endfacet
  facet normal 0 0 -1
    outer loop
      vertex 28 0 0
      vertex 20.6084 4.02567 0
      vertex 21 4 0
    endloop
  endfacet
  facet normal 0 0 -1
    outer loop
      vertex 28 0 0
      vertex 20.2235 4.10222 0
      vertex 20.6084 4.02567 0
    endloop
  endfacet
  facet normal 0 0 -1
    outer loop
      vertex 7.77646 4.10222 0
      vertex 20.2235 4.10222 0
      vertex 28 0 0
    endloop
  endfacet
  facet normal 0 0 -1
    outer loop
      vertex 20.2235 4.10222 0
      vertex 7.77646 4.10222 0
      vertex 19.852 4.22836 0
    endloop
  endfacet
  facet normal 0 0 -1
    outer loop
      vertex 18.0257 6.60842 0
      vertex 10 7 0
      vertex 18 7 0
    endloop
  endfacet
  facet normal 0 0 -1
    outer loop
      vertex 9.97433 6.60842 0
      vertex 18.0257 6.60842 0
      vertex 18.1022 6.22354 0
    endloop
  endfacet
  facet normal 0 0 -1
    outer loop
      vertex 9.89778 6.22354 0
      vertex 18.1022 6.22354 0
      vertex 18.2284 5.85195 0
    endloop
  endfacet
  facet normal 0 0 -1
    outer loop
      vertex 9.77164 5.85195 0
      vertex 18.2284 5.85195 0
      vertex 18.4019 5.5 0
    endloop
  endfacet
  facet normal 0 0 -1
    outer loop
      vertex 9.59808 5.5 0
      vertex 18.4019 5.5 0
      vertex 18.6199 5.17372 0
    endloop
  endfacet
  facet normal 0 0 -1
    outer loop
      vertex 9.38006 5.17372 0
      vertex 18.6199 5.17372 0
      vertex 18.8787 4.87868 0
    endloop
  endfacet
  facet normal 0 0 -1
    outer loop
      vertex 9.12132 4.87868 0
      vertex 18.8787 4.87868 0
      vertex 19.1737 4.61994 0
    endloop
  endfacet
  facet normal 0 0 -1
    outer loop
      vertex 8.82628 4.61994 0
      vertex 19.1737 4.61994 0
      vertex 19.5 4.40192 0
    endloop
  endfacet
  facet normal 0 -0 -1
    outer loop
      vertex 8.14805 4.22836 0
      vertex 19.852 4.22836 0
      vertex 7.77646 4.10222 0
    endloop
  endfacet
  facet normal 0 0 -1
    outer loop
      vertex 18.0257 6.60842 0
      vertex 9.97433 6.60842 0
      vertex 10 7 0
    endloop
  endfacet
  facet normal 0 0 -1
    outer loop
      vertex 18.1022 6.22354 0
      vertex 9.89778 6.22354 0
      vertex 9.97433 6.60842 0
    endloop
  endfacet
  facet normal 0 0 -1
    outer loop
      vertex 18.2284 5.85195 0
      vertex 9.77164 5.85195 0
      vertex 9.89778 6.22354 0
    endloop
  endfacet
  facet normal 0 0 -1
    outer loop
      vertex 18.4019 5.5 0
      vertex 9.59808 5.5 0
      vertex 9.77164 5.85195 0
    endloop
  endfacet
  facet normal 0 0 -1
    outer loop
      vertex 18.6199 5.17372 0
      vertex 9.38006 5.17372 0
      vertex 9.59808 5.5 0
    endloop
  endfacet
  facet normal 0 0 -1
    outer loop
      vertex 18.8787 4.87868 0
      vertex 9.12132 4.87868 0
      vertex 9.38006 5.17372 0
    endloop
  endfacet
  facet normal 0 0 -1
    outer loop
      vertex 19.1737 4.61994 0
      vertex 8.82628 4.61994 0
      vertex 9.12132 4.87868 0
    endloop
  endfacet
  facet normal 0 0 -1
    outer loop
      vertex 19.5 4.40192 0
      vertex 8.5 4.40192 0
      vertex 8.82628 4.61994 0
    endloop
  endfacet
  facet normal -0 0 -1
    outer loop
      vertex 19.5 4.40192 0
      vertex 8.14805 4.22836 0
      vertex 8.5 4.40192 0
    endloop
  endfacet
  facet normal 0 0 -1
    outer loop
      vertex 19.852 4.22836 0
      vertex 8.14805 4.22836 0
      vertex 19.5 4.40192 0
    endloop
  endfacet
  facet normal 0 0 -1
    outer loop
      vertex 0 0 0
      vertex 7.77646 4.10222 0
      vertex 28 0 0
    endloop
  endfacet
  facet normal 0 0 -1
    outer loop
      vertex 7.77646 4.10222 0
      vertex 0 0 0
      vertex 7.39158 4.02567 0
    endloop
  endfacet
  facet normal 0 0 -1
    outer loop
      vertex 7.39158 4.02567 0
      vertex 0 0 0
      vertex 7 4 0
    endloop
  endfacet
  facet normal -0 0 -1
    outer loop
      vertex 4.02567 6.60842 0
      vertex 0 0 0
      vertex 4 7 0
    endloop
  endfacet
  facet normal -0 0 -1
    outer loop
      vertex 4.10222 6.22354 0
      vertex 0 0 0
      vertex 4.02567 6.60842 0
    endloop
  endfacet
  facet normal -0 0 -1
    outer loop
      vertex 4.22836 5.85195 0
      vertex 0 0 0
      vertex 4.10222 6.22354 0
    endloop
  endfacet
  facet normal -0 0 -1
    outer loop
      vertex 4.40192 5.5 0
      vertex 0 0 0
      vertex 4.22836 5.85195 0
    endloop
  endfacet
  facet normal -0 0 -1
    outer loop
      vertex 4.61994 5.17372 0
      vertex 0 0 0
      vertex 4.40192 5.5 0
    endloop
  endfacet
  facet normal -0 0 -1
    outer loop
      vertex 4.87868 4.87868 0
      vertex 0 0 0
      vertex 4.61994 5.17372 0
    endloop
  endfacet
  facet normal -0 0 -1
    outer loop
      vertex 5.17372 4.61994 0
      vertex 0 0 0
      vertex 4.87868 4.87868 0
    endloop
  endfacet
  facet normal -0 0 -1
    outer loop
      vertex 5.5 4.40192 0
      vertex 0 0 0
      vertex 5.17372 4.61994 0
    endloop
  endfacet
  facet normal -0 0 -1
    outer loop
      vertex 5.85195 4.22836 0
      vertex 0 0 0
      vertex 5.5 4.40192 0
    endloop
  endfacet
  facet normal -0 0 -1
    outer loop
      vertex 6.22354 4.10222 0
      vertex 0 0 0
      vertex 5.85195 4.22836 0
    endloop
  endfacet
  facet normal -0 0 -1
    outer loop
      vertex 6.60842 4.02567 0
      vertex 0 0 0
      vertex 6.22354 4.10222 0
    endloop
  endfacet
  facet normal -0 0 -1
    outer loop
      vertex 7 4 0
      vertex 0 0 0
      vertex 6.60842 4.02567 0
    endloop
  endfacet
  facet normal 0 0 -1
    outer loop
      vertex 23.9743 7.39158 0
      vertex 28 14 0
      vertex 24 7 0
    endloop
  endfacet
  facet normal 0 0 -1
    outer loop
      vertex 23.8978 7.77646 0
      vertex 28 14 0
      vertex 23.9743 7.39158 0
    endloop
  endfacet
  facet normal 0 0 -1
    outer loop
      vertex 23.7716 8.14805 0
      vertex 28 14 0
      vertex 23.8978 7.77646 0
    endloop
  endfacet
  facet normal 0 0 -1
    outer loop
      vertex 23.5981 8.5 0
      vertex 28 14 0
      vertex 23.7716 8.14805 0
    endloop
  endfacet
  facet normal 0 0 -1
    outer loop
      vertex 23.3801 8.82628 0
      vertex 28 14 0
      vertex 23.5981 8.5 0
    endloop
  endfacet
  facet normal 0 0 -1
    outer loop
      vertex 23.1213 9.12132 0
      vertex 28 14 0
      vertex 23.3801 8.82628 0
    endloop
  endfacet
  facet normal 0 0 -1
    outer loop
      vertex 22.8263 9.38006 0
      vertex 28 14 0
      vertex 23.1213 9.12132 0
    endloop
  endfacet
  facet normal 0 0 -1
    outer loop
      vertex 22.5 9.59808 0
      vertex 28 14 0
      vertex 22.8263 9.38006 0
    endloop
  endfacet
  facet normal 0 0 -1
    outer loop
      vertex 22.148 9.77164 0
      vertex 28 14 0
      vertex 22.5 9.59808 0
    endloop
  endfacet
  facet normal 0 0 -1
    outer loop
      vertex 21.7765 9.89778 0
      vertex 28 14 0
      vertex 22.148 9.77164 0
    endloop
  endfacet
  facet normal 0 0 -1
    outer loop
      vertex 21.3916 9.97433 0
      vertex 28 14 0
      vertex 21.7765 9.89778 0
    endloop
  endfacet
  facet normal 0 0 -1
    outer loop
      vertex 21 10 0
      vertex 28 14 0
      vertex 21.3916 9.97433 0
    endloop
  endfacet
  facet normal 0 0 -1
    outer loop
      vertex 20.6084 9.97433 0
      vertex 28 14 0
      vertex 21 10 0
    endloop
  endfacet
  facet normal 0 0 -1
    outer loop
      vertex 20.2235 9.89778 0
      vertex 28 14 0
      vertex 20.6084 9.97433 0
    endloop
  endfacet
  facet normal 0 0 -1
    outer loop
      vertex 7.77646 9.89778 0
      vertex 20.2235 9.89778 0
      vertex 19.852 9.77164 0
    endloop
  endfacet
  facet normal 0 0 -1
    outer loop
      vertex 8.14805 9.77164 0
      vertex 19.852 9.77164 0
      vertex 19.5 9.59808 0
    endloop
  endfacet
  facet normal 0 0 -1
    outer loop
      vertex 10 7 0
      vertex 18.0257 7.39158 0
      vertex 18 7 0
    endloop
  endfacet
  facet normal 0 0 -1
    outer loop
      vertex 9.97433 7.39158 0
      vertex 18.0257 7.39158 0
      vertex 10 7 0
    endloop
  endfacet
  facet normal 0 0 -1
    outer loop
      vertex 18.0257 7.39158 0
      vertex 9.97433 7.39158 0
      vertex 18.1022 7.77646 0
    endloop
  endfacet
  facet normal 0 0 -1
    outer loop
      vertex 9.89778 7.77646 0
      vertex 18.1022 7.77646 0
      vertex 9.97433 7.39158 0
    endloop
  endfacet
  facet normal 0 0 -1
    outer loop
      vertex 18.1022 7.77646 0
      vertex 9.89778 7.77646 0
      vertex 18.2284 8.14805 0
    endloop
  endfacet
  facet normal 0 0 -1
    outer loop
      vertex 9.77164 8.14805 0
      vertex 18.2284 8.14805 0
      vertex 9.89778 7.77646 0
    endloop
  endfacet
  facet normal 0 0 -1
    outer loop
      vertex 18.2284 8.14805 0
      vertex 9.77164 8.14805 0
      vertex 18.4019 8.5 0
    endloop
  endfacet
  facet normal 0 0 -1
    outer loop
      vertex 9.59808 8.5 0
      vertex 18.4019 8.5 0
      vertex 9.77164 8.14805 0
    endloop
  endfacet
  facet normal 0 0 -1
    outer loop
      vertex 18.4019 8.5 0
      vertex 9.59808 8.5 0
      vertex 18.6199 8.82628 0
    endloop
  endfacet
  facet normal 0 0 -1
    outer loop
      vertex 9.38006 8.82628 0
      vertex 18.6199 8.82628 0
      vertex 9.59808 8.5 0
    endloop
  endfacet
  facet normal 0 0 -1
    outer loop
      vertex 18.6199 8.82628 0
      vertex 9.38006 8.82628 0
      vertex 18.8787 9.12132 0
    endloop
  endfacet
  facet normal 0 0 -1
    outer loop
      vertex 9.12132 9.12132 0
      vertex 18.8787 9.12132 0
      vertex 9.38006 8.82628 0
    endloop
  endfacet
  facet normal 0 0 -1
    outer loop
      vertex 18.8787 9.12132 0
      vertex 9.12132 9.12132 0
      vertex 19.1737 9.38006 0
    endloop
  endfacet
  facet normal 0 0 -1
    outer loop
      vertex 8.82628 9.38006 0
      vertex 19.1737 9.38006 0
      vertex 9.12132 9.12132 0
    endloop
  endfacet
  facet normal 0 0 -1
    outer loop
      vertex 19.1737 9.38006 0
      vertex 8.82628 9.38006 0
      vertex 19.5 9.59808 0
    endloop
  endfacet
  facet normal 0 0 -1
    outer loop
      vertex 8.5 9.59808 0
      vertex 19.5 9.59808 0
      vertex 8.82628 9.38006 0
    endloop
  endfacet
  facet normal 0 0 -1
    outer loop
      vertex 8.14805 9.77164 0
      vertex 19.5 9.59808 0
      vertex 8.5 9.59808 0
    endloop
  endfacet
  facet normal 0 0 -1
    outer loop
      vertex 19.852 9.77164 0
      vertex 8.14805 9.77164 0
      vertex 7.77646 9.89778 0
    endloop
  endfacet
  facet normal 0 0 -1
    outer loop
      vertex 20.2235 9.89778 0
      vertex 7.77646 9.89778 0
      vertex 28 14 0
    endloop
  endfacet
  facet normal 0 0 -1
    outer loop
      vertex 0 14 0
      vertex 7.77646 9.89778 0
      vertex 7.39158 9.97433 0
    endloop
  endfacet
  facet normal 0 0 -1
    outer loop
      vertex 0 14 0
      vertex 7.39158 9.97433 0
      vertex 7 10 0
    endloop
  endfacet
  facet normal 0 0 -1
    outer loop
      vertex 0 14 0
      vertex 7 10 0
      vertex 6.60842 9.97433 0
    endloop
  endfacet
  facet normal 0 0 -1
    outer loop
      vertex 0 14 0
      vertex 4 7 0
      vertex 0 0 0
    endloop
  endfacet
  facet normal 0 0 -1
    outer loop
      vertex 4 7 0
      vertex 0 14 0
      vertex 4.02567 7.39158 0
    endloop
  endfacet
  facet normal 0 0 -1
    outer loop
      vertex 4.02567 7.39158 0
      vertex 0 14 0
      vertex 4.10222 7.77646 0
    endloop
  endfacet
  facet normal 0 0 -1
    outer loop
      vertex 4.10222 7.77646 0
      vertex 0 14 0
      vertex 4.22836 8.14805 0
    endloop
  endfacet
  facet normal 0 0 -1
    outer loop
      vertex 7.77646 9.89778 0
      vertex 0 14 0
      vertex 28 14 0
    endloop
  endfacet
  facet normal 0 0 -1
    outer loop
      vertex 6.22354 9.89778 0
      vertex 0 14 0
      vertex 6.60842 9.97433 0
    endloop
  endfacet
  facet normal 0 0 -1
    outer loop
      vertex 5.85195 9.77164 0
      vertex 0 14 0
      vertex 6.22354 9.89778 0
    endloop
  endfacet
  facet normal 0 0 -1
    outer loop
      vertex 5.5 9.59808 0
      vertex 0 14 0
      vertex 5.85195 9.77164 0
    endloop
  endfacet
  facet normal 0 0 -1
    outer loop
      vertex 5.17372 9.38006 0
      vertex 0 14 0
      vertex 5.5 9.59808 0
    endloop
  endfacet
  facet normal 0 0 -1
    outer loop
      vertex 4.87868 9.12132 0
      vertex 0 14 0
      vertex 5.17372 9.38006 0
    endloop
  endfacet
  facet normal 0 0 -1
    outer loop
      vertex 4.61994 8.82628 0
      vertex 0 14 0
      vertex 4.87868 9.12132 0
    endloop
  endfacet
  facet normal 0 0 -1
    outer loop
      vertex 4.40192 8.5 0
      vertex 0 14 0
      vertex 4.61994 8.82628 0
    endloop
  endfacet
  facet normal 0 0 -1
    outer loop
      vertex 4.22836 8.14805 0
      vertex 0 14 0
      vertex 4.40192 8.5 0
    endloop
  endfacet
  facet normal -1 0 0
    outer loop
      vertex 0 11 36
      vertex 0 14 0
      vertex 0 11 3
    endloop
  endfacet
  facet normal -1 0 0
    outer loop
      vertex 0 11 3
      vertex 0 10.9148 3.64705
      vertex 0 10.9786 3.32631
    endloop
  endfacet
  facet normal -1 0 0
    outer loop
      vertex 0 11 3
      vertex 0 10.8097 3.95671
      vertex 0 10.9148 3.64705
    endloop
  endfacet
  facet normal -1 0 0
    outer loop
      vertex 0 11 3
      vertex 0 10.6651 4.25
      vertex 0 10.8097 3.95671
    endloop
  endfacet
  facet normal -1 0 0
    outer loop
      vertex 0 11 3
      vertex 0 10.4834 4.5219
      vertex 0 10.6651 4.25
    endloop
  endfacet
  facet normal -1 0 0
    outer loop
      vertex 0 11 3
      vertex 0 10.2678 4.76777
      vertex 0 10.4834 4.5219
    endloop
  endfacet
  facet normal -1 0 0
    outer loop
      vertex 0 11 3
      vertex 0 10.0219 4.98338
      vertex 0 10.2678 4.76777
    endloop
  endfacet
  facet normal -1 0 0
    outer loop
      vertex 0 11 3
      vertex 0 9.75 5.16506
      vertex 0 10.0219 4.98338
    endloop
  endfacet
  facet normal -1 0 0
    outer loop
      vertex 0 11 3
      vertex 0 9.45671 5.3097
      vertex 0 9.75 5.16506
    endloop
  endfacet
  facet normal -1 0 0
    outer loop
      vertex 0 11 3
      vertex 0 9.14705 5.41481
      vertex 0 9.45671 5.3097
    endloop
  endfacet
  facet normal -1 0 0
    outer loop
      vertex 0 11 3
      vertex 0 8.82631 5.47861
      vertex 0 9.14705 5.41481
    endloop
  endfacet
  facet normal -1 0 0
    outer loop
      vertex 0 11 3
      vertex 0 8.5 5.5
      vertex 0 8.82631 5.47861
    endloop
  endfacet
  facet normal -1 0 0
    outer loop
      vertex 0 6 3
      vertex 0 11 3
      vertex 0 14 0
    endloop
  endfacet
  facet normal -1 0 0
    outer loop
      vertex 0 11 3
      vertex 0 6 3
      vertex 0 8.5 5.5
    endloop
  endfacet
  facet normal -1 0 0
    outer loop
      vertex 0 8.5 5.5
      vertex 0 6 3
      vertex 0 8.17368 5.47861
    endloop
  endfacet
  facet normal -1 0 0
    outer loop
      vertex 0 8.17368 5.47861
      vertex 0 6 3
      vertex 0 7.85295 5.41481
    endloop
  endfacet
  facet normal -1 0 0
    outer loop
      vertex 0 7.85295 5.41481
      vertex 0 6 3
      vertex 0 7.54329 5.3097
    endloop
  endfacet
  facet normal -1 0 0
    outer loop
      vertex 0 7.54329 5.3097
      vertex 0 6 3
      vertex 0 7.25 5.16506
    endloop
  endfacet
  facet normal -1 0 0
    outer loop
      vertex 0 7.25 5.16506
      vertex 0 6 3
      vertex 0 6.9781 4.98338
    endloop
  endfacet
  facet normal -1 0 0
    outer loop
      vertex 0 6.9781 4.98338
      vertex 0 6 3
      vertex 0 6.73223 4.76777
    endloop
  endfacet
  facet normal -1 0 0
    outer loop
      vertex 0 6.73223 4.76777
      vertex 0 6 3
      vertex 0 6.51662 4.5219
    endloop
  endfacet
  facet normal -1 0 0
    outer loop
      vertex 0 6.51662 4.5219
      vertex 0 6 3
      vertex 0 6.33494 4.25
    endloop
  endfacet
  facet normal -1 0 0
    outer loop
      vertex 0 6.33494 4.25
      vertex 0 6 3
      vertex 0 6.1903 3.95671
    endloop
  endfacet
  facet normal -1 0 0
    outer loop
      vertex 0 6.1903 3.95671
      vertex 0 6 3
      vertex 0 6.08519 3.64705
    endloop
  endfacet
  facet normal -1 0 0
    outer loop
      vertex 0 6.08519 3.64705
      vertex 0 6 3
      vertex 0 6.02139 3.32631
    endloop
  endfacet
  facet normal -1 0 0
    outer loop
      vertex 0 0 0
      vertex 0 6 3
      vertex 0 14 0
    endloop
  endfacet
  facet normal -1 -0 0
    outer loop
      vertex 0 6 3
      vertex 0 0 0
      vertex 0 0 3
    endloop
  endfacet
  facet normal -1 0 0
    outer loop
      vertex 0 14 0
      vertex 0 11 36
      vertex 0 14 39.5
    endloop
  endfacet
  facet normal -1 0 0
    outer loop
      vertex 0 6 39.5
      vertex 0 11 36
      vertex 0 6 36
    endloop
  endfacet
  facet normal -1 0 0
    outer loop
      vertex 0 11 36
      vertex 0 6 39.5
      vertex 0 14 39.5
    endloop
  endfacet
  facet normal 0 1 0
    outer loop
      vertex 28 14 39.5
      vertex 22.4 14 28
      vertex 0 14 39.5
    endloop
  endfacet
  facet normal 0 1 -0
    outer loop
      vertex 28 14 0
      vertex 22.4 14 28
      vertex 28 14 39.5
    endloop
  endfacet
  facet normal 0 1 0
    outer loop
      vertex 22.4 14 11
      vertex 28 14 0
      vertex 5.6 14 11
    endloop
  endfacet
  facet normal 0 1 0
    outer loop
      vertex 22.4 14 28
      vertex 28 14 0
      vertex 22.4 14 11
    endloop
  endfacet
  facet normal 0 1 -0
    outer loop
      vertex 5.6 14 28
      vertex 0 14 39.5
      vertex 22.4 14 28
    endloop
  endfacet
  facet normal 0 1 0
    outer loop
      vertex 0 14 0
      vertex 5.6 14 28
      vertex 5.6 14 11
    endloop
  endfacet
  facet normal 0 1 0
    outer loop
      vertex 5.6 14 28
      vertex 0 14 0
      vertex 0 14 39.5
    endloop
  endfacet
  facet normal 0 1 0
    outer loop
      vertex 0 14 0
      vertex 5.6 14 11
      vertex 28 14 0
    endloop
  endfacet
  facet normal 0 -1 0
    outer loop
      vertex 0 0 0
      vertex 28 0 3
      vertex 0 0 3
    endloop
  endfacet
  facet normal 0 -1 -0
    outer loop
      vertex 28 0 3
      vertex 0 0 0
      vertex 28 0 0
    endloop
  endfacet
  facet normal 0 0 -1
    outer loop
      vertex 0 6 36
      vertex 28 11 36
      vertex 28 6 36
    endloop
  endfacet
  facet normal -0 0 -1
    outer loop
      vertex 28 11 36
      vertex 0 6 36
      vertex 0 11 36
    endloop
  endfacet
  facet normal 0 -1 0
    outer loop
      vertex 0 11 36
      vertex 5.6 11 28
      vertex 28 11 36
    endloop
  endfacet
  facet normal 0 -1 0
    outer loop
      vertex 0 11 36
      vertex 5.6 11 11
      vertex 5.6 11 28
    endloop
  endfacet
  facet normal 0 -1 -0
    outer loop
      vertex 5.6 11 11
      vertex 0 11 3
      vertex 22.4 11 11
    endloop
  endfacet
  facet normal 0 -1 0
    outer loop
      vertex 0 11 3
      vertex 5.6 11 11
      vertex 0 11 36
    endloop
  endfacet
  facet normal 0 -1 0
    outer loop
      vertex 22.4 11 28
      vertex 28 11 36
      vertex 5.6 11 28
    endloop
  endfacet
  facet normal 0 -1 0
    outer loop
      vertex 22.4 11 11
      vertex 28 11 36
      vertex 22.4 11 28
    endloop
  endfacet
  facet normal 0 -1 0
    outer loop
      vertex 22.4 11 11
      vertex 28 11 3
      vertex 28 11 36
    endloop
  endfacet
  facet normal 0 -1 0
    outer loop
      vertex 28 11 3
      vertex 22.4 11 11
      vertex 0 11 3
    endloop
  endfacet
  facet normal 0 -1 0
    outer loop
      vertex 0 6 36
      vertex 28 6 39.5
      vertex 0 6 39.5
    endloop
  endfacet
  facet normal 0 -1 -0
    outer loop
      vertex 28 6 39.5
      vertex 0 6 36
      vertex 28 6 36
    endloop
  endfacet
  facet normal 0 0.946944 0.321397
    outer loop
      vertex 28 10.9148 3.64705
      vertex 0 10.8097 3.95671
      vertex 28 10.8097 3.95671
    endloop
  endfacet
  facet normal 0 0.946944 0.321397
    outer loop
      vertex 0 10.8097 3.95671
      vertex 28 10.9148 3.64705
      vertex 0 10.9148 3.64705
    endloop
  endfacet
  facet normal 0 -0.896866 0.442302
    outer loop
      vertex 0 6.1903 3.95671
      vertex 28 6.33494 4.25
      vertex 0 6.33494 4.25
    endloop
  endfacet
  facet normal 0 -0.896866 0.442302
    outer loop
      vertex 28 6.33494 4.25
      vertex 0 6.1903 3.95671
      vertex 28 6.1903 3.95671
    endloop
  endfacet
  facet normal -0 0.321425 0.946935
    outer loop
      vertex 0 9.45671 5.3097
      vertex 28 9.14705 5.41481
      vertex 28 9.45671 5.3097
    endloop
  endfacet
  facet normal 0 0.321425 0.946935
    outer loop
      vertex 28 9.14705 5.41481
      vertex 0 9.45671 5.3097
      vertex 0 9.14705 5.41481
    endloop
  endfacet
  facet normal 0 -0.442302 0.896866
    outer loop
      vertex 0 7.54329 5.3097
      vertex 28 7.25 5.16506
      vertex 28 7.54329 5.3097
    endloop
  endfacet
  facet normal 0 -0.442302 0.896866
    outer loop
      vertex 28 7.25 5.16506
      vertex 0 7.54329 5.3097
      vertex 0 7.25 5.16506
    endloop
  endfacet
  facet normal 0 -0.831466 0.555575
    outer loop
      vertex 0 6.33494 4.25
      vertex 28 6.51662 4.5219
      vertex 0 6.51662 4.5219
    endloop
  endfacet
  facet normal 0 -0.831466 0.555575
    outer loop
      vertex 28 6.51662 4.5219
      vertex 0 6.33494 4.25
      vertex 28 6.33494 4.25
    endloop
  endfacet
  facet normal 0 0.831438 0.555617
    outer loop
      vertex 28 10.6651 4.25
      vertex 0 10.4834 4.5219
      vertex 28 10.4834 4.5219
    endloop
  endfacet
  facet normal 0 0.831438 0.555617
    outer loop
      vertex 0 10.4834 4.5219
      vertex 28 10.6651 4.25
      vertex 0 10.6651 4.25
    endloop
  endfacet
  facet normal -0 0.555575 0.831466
    outer loop
      vertex 0 10.0219 4.98338
      vertex 28 9.75 5.16506
      vertex 28 10.0219 4.98338
    endloop
  endfacet
  facet normal 0 0.555575 0.831466
    outer loop
      vertex 28 9.75 5.16506
      vertex 0 10.0219 4.98338
      vertex 0 9.75 5.16506
    endloop
  endfacet
  facet normal -0 0.195093 0.980785
    outer loop
      vertex 0 9.14705 5.41481
      vertex 28 8.82631 5.47861
      vertex 28 9.14705 5.41481
    endloop
  endfacet
  facet normal 0 0.195093 0.980785
    outer loop
      vertex 28 8.82631 5.47861
      vertex 0 9.14705 5.41481
      vertex 0 8.82631 5.47861
    endloop
  endfacet
  facet normal 0 0.896915 0.442204
    outer loop
      vertex 28 10.8097 3.95671
      vertex 0 10.6651 4.25
      vertex 28 10.6651 4.25
    endloop
  endfacet
  facet normal 0 0.896915 0.442204
    outer loop
      vertex 0 10.6651 4.25
      vertex 28 10.8097 3.95671
      vertex 0 10.8097 3.95671
    endloop
  endfacet
  facet normal 0 -0.555575 0.831466
    outer loop
      vertex 0 7.25 5.16506
      vertex 28 6.9781 4.98338
      vertex 28 7.25 5.16506
    endloop
  endfacet
  facet normal 0 -0.555575 0.831466
    outer loop
      vertex 28 6.9781 4.98338
      vertex 0 7.25 5.16506
      vertex 0 6.9781 4.98338
    endloop
  endfacet
  facet normal 0 -0.321425 0.946935
    outer loop
      vertex 0 7.85295 5.41481
      vertex 28 7.54329 5.3097
      vertex 28 7.85295 5.41481
    endloop
  endfacet
  facet normal 0 -0.321425 0.946935
    outer loop
      vertex 28 7.54329 5.3097
      vertex 0 7.85295 5.41481
      vertex 0 7.54329 5.3097
    endloop
  endfacet
  facet normal 0 0.997856 0.0654412
    outer loop
      vertex 28 11 3
      vertex 0 10.9786 3.32631
      vertex 28 10.9786 3.32631
    endloop
  endfacet
  facet normal 0 0.997856 0.0654412
    outer loop
      vertex 0 10.9786 3.32631
      vertex 28 11 3
      vertex 0 11 3
    endloop
  endfacet
  facet normal 0 0.751873 0.659307
    outer loop
      vertex 28 10.4834 4.5219
      vertex 0 10.2678 4.76777
      vertex 28 10.2678 4.76777
    endloop
  endfacet
  facet normal 0 0.751873 0.659307
    outer loop
      vertex 0 10.2678 4.76777
      vertex 28 10.4834 4.5219
      vertex 0 10.4834 4.5219
    endloop
  endfacet
  facet normal 0 -0.946935 0.321425
    outer loop
      vertex 0 6.08519 3.64705
      vertex 28 6.1903 3.95671
      vertex 0 6.1903 3.95671
    endloop
  endfacet
  facet normal 0 -0.946935 0.321425
    outer loop
      vertex 28 6.1903 3.95671
      vertex 0 6.08519 3.64705
      vertex 28 6.08519 3.64705
    endloop
  endfacet
  facet normal -0 0.442302 0.896866
    outer loop
      vertex 0 9.75 5.16506
      vertex 28 9.45671 5.3097
      vertex 28 9.75 5.16506
    endloop
  endfacet
  facet normal 0 0.442302 0.896866
    outer loop
      vertex 28 9.45671 5.3097
      vertex 0 9.75 5.16506
      vertex 0 9.45671 5.3097
    endloop
  endfacet
  facet normal 0 -0.659325 0.751858
    outer loop
      vertex 0 6.9781 4.98338
      vertex 28 6.73223 4.76777
      vertex 28 6.9781 4.98338
    endloop
  endfacet
  facet normal 0 -0.659325 0.751858
    outer loop
      vertex 28 6.73223 4.76777
      vertex 0 6.9781 4.98338
      vertex 0 6.73223 4.76777
    endloop
  endfacet
  facet normal 0 -0.0654088 0.997859
    outer loop
      vertex 0 8.5 5.5
      vertex 28 8.17368 5.47861
      vertex 28 8.5 5.5
    endloop
  endfacet
  facet normal 0 -0.0654088 0.997859
    outer loop
      vertex 28 8.17368 5.47861
      vertex 0 8.5 5.5
      vertex 0 8.17368 5.47861
    endloop
  endfacet
  facet normal 0 0.980785 0.195093
    outer loop
      vertex 28 10.9786 3.32631
      vertex 0 10.9148 3.64705
      vertex 28 10.9148 3.64705
    endloop
  endfacet
  facet normal 0 0.980785 0.195093
    outer loop
      vertex 0 10.9148 3.64705
      vertex 28 10.9786 3.32631
      vertex 0 10.9786 3.32631
    endloop
  endfacet
  facet normal -0 0.0654108 0.997858
    outer loop
      vertex 0 8.82631 5.47861
      vertex 28 8.5 5.5
      vertex 28 8.82631 5.47861
    endloop
  endfacet
  facet normal 0 0.0654108 0.997858
    outer loop
      vertex 28 8.5 5.5
      vertex 0 8.82631 5.47861
      vertex 0 8.5 5.5
    endloop
  endfacet
  facet normal 0 -0.980785 0.195093
    outer loop
      vertex 0 6.02139 3.32631
      vertex 28 6.08519 3.64705
      vertex 0 6.08519 3.64705
    endloop
  endfacet
  facet normal 0 -0.980785 0.195093
    outer loop
      vertex 28 6.08519 3.64705
      vertex 0 6.02139 3.32631
      vertex 28 6.02139 3.32631
    endloop
  endfacet
  facet normal 0 -0.195099 0.980784
    outer loop
      vertex 0 8.17368 5.47861
      vertex 28 7.85295 5.41481
      vertex 28 8.17368 5.47861
    endloop
  endfacet
  facet normal 0 -0.195099 0.980784
    outer loop
      vertex 28 7.85295 5.41481
      vertex 0 8.17368 5.47861
      vertex 0 7.85295 5.41481
    endloop
  endfacet
  facet normal 0 -0.997862 0.0653599
    outer loop
      vertex 8.37202 6 3
      vertex 19.6236 6.00655 3.1
      vertex 8.3764 6.00655 3.1
    endloop
  endfacet
  facet normal 0 -0.997862 0.0653599
    outer loop
      vertex 19.6236 6.00655 3.1
      vertex 8.37202 6 3
      vertex 19.628 6 3
    endloop
  endfacet
  facet normal 0 -0.997857 0.0654332
    outer loop
      vertex 8.3764 6.00655 3.1
      vertex 0 6.02139 3.32631
      vertex 5.6236 6.00655 3.1
    endloop
  endfacet
  facet normal -9.07843e-07 -0.997858 0.0654108
    outer loop
      vertex 0 6 3
      vertex 5.6236 6.00655 3.1
      vertex 0 6.02139 3.32631
    endloop
  endfacet
  facet normal 0 -0.997862 0.0653599
    outer loop
      vertex 5.6236 6.00655 3.1
      vertex 0 6 3
      vertex 5.62798 6 3
    endloop
  endfacet
  facet normal 0 -0.997857 0.0654332
    outer loop
      vertex 0 6.02139 3.32631
      vertex 8.3764 6.00655 3.1
      vertex 28 6.02139 3.32631
    endloop
  endfacet
  facet normal 0 -0.997857 0.0654332
    outer loop
      vertex 19.6236 6.00655 3.1
      vertex 28 6.02139 3.32631
      vertex 8.3764 6.00655 3.1
    endloop
  endfacet
  facet normal 0 -0.997857 0.0654332
    outer loop
      vertex 22.3764 6.00655 3.1
      vertex 28 6.02139 3.32631
      vertex 19.6236 6.00655 3.1
    endloop
  endfacet
  facet normal 0 -0.997862 0.0653599
    outer loop
      vertex 28 6 3
      vertex 22.3764 6.00655 3.1
      vertex 22.372 6 3
    endloop
  endfacet
  facet normal 9.07843e-07 -0.997858 0.0654108
    outer loop
      vertex 22.3764 6.00655 3.1
      vertex 28 6 3
      vertex 28 6.02139 3.32631
    endloop
  endfacet
  facet normal 0 -0.751858 0.659325
    outer loop
      vertex 0 6.51662 4.5219
      vertex 28 6.73223 4.76777
      vertex 0 6.73223 4.76777
    endloop
  endfacet
  facet normal 0 -0.751858 0.659325
    outer loop
      vertex 28 6.73223 4.76777
      vertex 0 6.51662 4.5219
      vertex 28 6.51662 4.5219
    endloop
  endfacet
  facet normal -0 0.659279 0.751898
    outer loop
      vertex 0 10.2678 4.76777
      vertex 28 10.0219 4.98338
      vertex 28 10.2678 4.76777
    endloop
  endfacet
  facet normal 0 0.659279 0.751898
    outer loop
      vertex 28 10.0219 4.98338
      vertex 0 10.2678 4.76777
      vertex 0 10.0219 4.98338
    endloop
  endfacet
  facet normal -0.980779 -0.195122 0
    outer loop
      vertex 8.68546 7.22189 2
      vertex 8.64207 7.43999 3.1
      vertex 8.64207 7.43999 2
    endloop
  endfacet
  facet normal -0.980779 -0.195122 0
    outer loop
      vertex 8.64207 7.43999 3.1
      vertex 8.68546 7.22189 2
      vertex 8.68546 7.22189 3.1
    endloop
  endfacet
  facet normal -0.99786 -0.0653877 0
    outer loop
      vertex 8.7 7 2
      vertex 8.68546 7.22189 3.1
      vertex 8.68546 7.22189 2
    endloop
  endfacet
  facet normal -0.99786 -0.0653877 0
    outer loop
      vertex 8.68546 7.22189 3.1
      vertex 8.7 7 2
      vertex 8.7 7 3.1
    endloop
  endfacet
  facet normal -0.0653877 0.99786 0
    outer loop
      vertex 7.22189 5.31454 2
      vertex 7 5.3 3
      vertex 7.22189 5.31454 3
    endloop
  endfacet
  facet normal -0.0653877 0.99786 0
    outer loop
      vertex 7 5.3 3
      vertex 7.22189 5.31454 2
      vertex 7 5.3 2
    endloop
  endfacet
  facet normal 0.659342 -0.751844 0
    outer loop
      vertex 5.79792 8.20208 2
      vertex 5.96511 8.3487 3.1
      vertex 5.79792 8.20208 3.1
    endloop
  endfacet
  facet normal 0.659342 -0.751844 0
    outer loop
      vertex 5.96511 8.3487 3.1
      vertex 5.79792 8.20208 2
      vertex 5.96511 8.3487 2
    endloop
  endfacet
  facet normal 0.831497 0.555529 3.2402e-05
    outer loop
      vertex 5.62798 6 3
      vertex 5.52776 6.15 3.1
      vertex 5.6236 6.00655 3.1
    endloop
  endfacet
  facet normal 0.831487 0.555544 0
    outer loop
      vertex 5.52776 6.15 3.1
      vertex 5.62798 6 3
      vertex 5.52776 6.15 2
    endloop
  endfacet
  facet normal 0.83139 0.55569 -0
    outer loop
      vertex 5.6513 5.96511 2
      vertex 5.62798 6 3
      vertex 5.6513 5.96511 3
    endloop
  endfacet
  facet normal 0.831469 0.555572 5.95506e-06
    outer loop
      vertex 5.62798 6 3
      vertex 5.6513 5.96511 2
      vertex 5.52776 6.15 2
    endloop
  endfacet
  facet normal 0.195122 0.980779 -0
    outer loop
      vertex 6.77811 5.31454 2
      vertex 6.56001 5.35793 3
      vertex 6.77811 5.31454 3
    endloop
  endfacet
  facet normal 0.195122 0.980779 0
    outer loop
      vertex 6.56001 5.35793 3
      vertex 6.77811 5.31454 2
      vertex 6.56001 5.35793 2
    endloop
  endfacet
  facet normal -0.659342 -0.751844 0
    outer loop
      vertex 8.03489 8.3487 2
      vertex 8.20208 8.20208 3.1
      vertex 8.03489 8.3487 3.1
    endloop
  endfacet
  facet normal -0.659342 -0.751844 -0
    outer loop
      vertex 8.20208 8.20208 3.1
      vertex 8.03489 8.3487 2
      vertex 8.20208 8.20208 2
    endloop
  endfacet
  facet normal -0.946929 0.321444 0
    outer loop
      vertex 8.57059 6.34944 2
      vertex 8.64207 6.56001 3.1
      vertex 8.64207 6.56001 2
    endloop
  endfacet
  facet normal -0.946929 0.321444 0
    outer loop
      vertex 8.64207 6.56001 3.1
      vertex 8.57059 6.34944 2
      vertex 8.57059 6.34944 3.1
    endloop
  endfacet
  facet normal -0.751844 0.659342 0
    outer loop
      vertex 8.20208 5.79792 2
      vertex 8.3487 5.96511 3
      vertex 8.3487 5.96511 2
    endloop
  endfacet
  facet normal -0.751844 0.659342 0
    outer loop
      vertex 8.3487 5.96511 3
      vertex 8.20208 5.79792 2
      vertex 8.20208 5.79792 3
    endloop
  endfacet
  facet normal -0.751844 -0.659342 0
    outer loop
      vertex 8.3487 8.03489 2
      vertex 8.20208 8.20208 3.1
      vertex 8.20208 8.20208 2
    endloop
  endfacet
  facet normal -0.751844 -0.659342 0
    outer loop
      vertex 8.20208 8.20208 3.1
      vertex 8.3487 8.03489 2
      vertex 8.3487 8.03489 3.1
    endloop
  endfacet
  facet normal 0.946929 0.321444 0
    outer loop
      vertex 5.42941 6.34944 3.1
      vertex 5.35793 6.56001 2
      vertex 5.35793 6.56001 3.1
    endloop
  endfacet
  facet normal 0.946929 0.321444 0
    outer loop
      vertex 5.35793 6.56001 2
      vertex 5.42941 6.34944 3.1
      vertex 5.42941 6.34944 2
    endloop
  endfacet
  facet normal -0.321444 0.946929 0
    outer loop
      vertex 7.65056 5.42941 2
      vertex 7.43999 5.35793 3
      vertex 7.65056 5.42941 3
    endloop
  endfacet
  facet normal -0.321444 0.946929 0
    outer loop
      vertex 7.43999 5.35793 3
      vertex 7.65056 5.42941 2
      vertex 7.43999 5.35793 2
    endloop
  endfacet
  facet normal 0.0653877 0.99786 -0
    outer loop
      vertex 7 5.3 2
      vertex 6.77811 5.31454 3
      vertex 7 5.3 3
    endloop
  endfacet
  facet normal 0.0653877 0.99786 0
    outer loop
      vertex 6.77811 5.31454 3
      vertex 7 5.3 2
      vertex 6.77811 5.31454 2
    endloop
  endfacet
  facet normal 0.321444 -0.946929 0
    outer loop
      vertex 6.34944 8.57059 2
      vertex 6.56001 8.64207 3.1
      vertex 6.34944 8.57059 3.1
    endloop
  endfacet
  facet normal 0.321444 -0.946929 0
    outer loop
      vertex 6.56001 8.64207 3.1
      vertex 6.34944 8.57059 2
      vertex 6.56001 8.64207 2
    endloop
  endfacet
  facet normal -0.946929 -0.321444 0
    outer loop
      vertex 8.64207 7.43999 2
      vertex 8.57059 7.65056 3.1
      vertex 8.57059 7.65056 2
    endloop
  endfacet
  facet normal -0.946929 -0.321444 0
    outer loop
      vertex 8.57059 7.65056 3.1
      vertex 8.64207 7.43999 2
      vertex 8.64207 7.43999 3.1
    endloop
  endfacet
  facet normal 0.751844 -0.659342 0
    outer loop
      vertex 5.6513 8.03489 3.1
      vertex 5.79792 8.20208 2
      vertex 5.79792 8.20208 3.1
    endloop
  endfacet
  facet normal 0.751844 -0.659342 0
    outer loop
      vertex 5.79792 8.20208 2
      vertex 5.6513 8.03489 3.1
      vertex 5.6513 8.03489 2
    endloop
  endfacet
  facet normal 0.442278 0.896878 -0
    outer loop
      vertex 6.34944 5.42941 2
      vertex 6.15 5.52776 3
      vertex 6.34944 5.42941 3
    endloop
  endfacet
  facet normal 0.442278 0.896878 0
    outer loop
      vertex 6.15 5.52776 3
      vertex 6.34944 5.42941 2
      vertex 6.15 5.52776 2
    endloop
  endfacet
  facet normal 0.0653877 -0.99786 0
    outer loop
      vertex 6.77811 8.68546 2
      vertex 7 8.7 3.1
      vertex 6.77811 8.68546 3.1
    endloop
  endfacet
  facet normal 0.0653877 -0.99786 0
    outer loop
      vertex 7 8.7 3.1
      vertex 6.77811 8.68546 2
      vertex 7 8.7 2
    endloop
  endfacet
  facet normal -0.896878 0.442278 0
    outer loop
      vertex 8.47224 6.15 2
      vertex 8.57059 6.34944 3.1
      vertex 8.57059 6.34944 2
    endloop
  endfacet
  facet normal -0.896878 0.442278 0
    outer loop
      vertex 8.57059 6.34944 3.1
      vertex 8.47224 6.15 2
      vertex 8.47224 6.15 3.1
    endloop
  endfacet
  facet normal -0.555572 0.831469 0
    outer loop
      vertex 8.03489 5.6513 2
      vertex 7.85 5.52776 3
      vertex 8.03489 5.6513 3
    endloop
  endfacet
  facet normal -0.555572 0.831469 0
    outer loop
      vertex 7.85 5.52776 3
      vertex 8.03489 5.6513 2
      vertex 7.85 5.52776 2
    endloop
  endfacet
  facet normal 0.980779 0.195122 0
    outer loop
      vertex 5.35793 6.56001 3.1
      vertex 5.31454 6.77811 2
      vertex 5.31454 6.77811 3.1
    endloop
  endfacet
  facet normal 0.980779 0.195122 0
    outer loop
      vertex 5.31454 6.77811 2
      vertex 5.35793 6.56001 3.1
      vertex 5.35793 6.56001 2
    endloop
  endfacet
  facet normal -0.195122 -0.980779 0
    outer loop
      vertex 7.22189 8.68546 2
      vertex 7.43999 8.64207 3.1
      vertex 7.22189 8.68546 3.1
    endloop
  endfacet
  facet normal -0.195122 -0.980779 -0
    outer loop
      vertex 7.43999 8.64207 3.1
      vertex 7.22189 8.68546 2
      vertex 7.43999 8.64207 2
    endloop
  endfacet
  facet normal -0.831469 -0.555572 0
    outer loop
      vertex 8.47224 7.85 2
      vertex 8.3487 8.03489 3.1
      vertex 8.3487 8.03489 2
    endloop
  endfacet
  facet normal -0.831469 -0.555572 0
    outer loop
      vertex 8.3487 8.03489 3.1
      vertex 8.47224 7.85 2
      vertex 8.47224 7.85 3.1
    endloop
  endfacet
  facet normal -0.99786 0.0653877 0
    outer loop
      vertex 8.68546 6.77811 2
      vertex 8.7 7 3.1
      vertex 8.7 7 2
    endloop
  endfacet
  facet normal -0.99786 0.0653877 0
    outer loop
      vertex 8.7 7 3.1
      vertex 8.68546 6.77811 2
      vertex 8.68546 6.77811 3.1
    endloop
  endfacet
  facet normal -0.321444 -0.946929 0
    outer loop
      vertex 7.43999 8.64207 2
      vertex 7.65056 8.57059 3.1
      vertex 7.43999 8.64207 3.1
    endloop
  endfacet
  facet normal -0.321444 -0.946929 -0
    outer loop
      vertex 7.65056 8.57059 3.1
      vertex 7.43999 8.64207 2
      vertex 7.65056 8.57059 2
    endloop
  endfacet
  facet normal -0.555572 -0.831469 0
    outer loop
      vertex 7.85 8.47224 2
      vertex 8.03489 8.3487 3.1
      vertex 7.85 8.47224 3.1
    endloop
  endfacet
  facet normal -0.555572 -0.831469 -0
    outer loop
      vertex 8.03489 8.3487 3.1
      vertex 7.85 8.47224 2
      vertex 8.03489 8.3487 2
    endloop
  endfacet
  facet normal 0.195122 -0.980779 0
    outer loop
      vertex 6.56001 8.64207 2
      vertex 6.77811 8.68546 3.1
      vertex 6.56001 8.64207 3.1
    endloop
  endfacet
  facet normal 0.195122 -0.980779 0
    outer loop
      vertex 6.77811 8.68546 3.1
      vertex 6.56001 8.64207 2
      vertex 6.77811 8.68546 2
    endloop
  endfacet
  facet normal -0.659342 0.751844 0
    outer loop
      vertex 8.20208 5.79792 2
      vertex 8.03489 5.6513 3
      vertex 8.20208 5.79792 3
    endloop
  endfacet
  facet normal -0.659342 0.751844 0
    outer loop
      vertex 8.03489 5.6513 3
      vertex 8.20208 5.79792 2
      vertex 8.03489 5.6513 2
    endloop
  endfacet
  facet normal 0.896878 -0.442278 0
    outer loop
      vertex 5.42941 7.65056 3.1
      vertex 5.52776 7.85 2
      vertex 5.52776 7.85 3.1
    endloop
  endfacet
  facet normal 0.896878 -0.442278 0
    outer loop
      vertex 5.52776 7.85 2
      vertex 5.42941 7.65056 3.1
      vertex 5.42941 7.65056 2
    endloop
  endfacet
  facet normal -0.980779 0.195122 0
    outer loop
      vertex 8.64207 6.56001 2
      vertex 8.68546 6.77811 3.1
      vertex 8.68546 6.77811 2
    endloop
  endfacet
  facet normal -0.980779 0.195122 0
    outer loop
      vertex 8.68546 6.77811 3.1
      vertex 8.64207 6.56001 2
      vertex 8.64207 6.56001 3.1
    endloop
  endfacet
  facet normal -0.195122 0.980779 0
    outer loop
      vertex 7.43999 5.35793 2
      vertex 7.22189 5.31454 3
      vertex 7.43999 5.35793 3
    endloop
  endfacet
  facet normal -0.195122 0.980779 0
    outer loop
      vertex 7.22189 5.31454 3
      vertex 7.43999 5.35793 2
      vertex 7.22189 5.31454 2
    endloop
  endfacet
  facet normal 0.659342 0.751844 -0
    outer loop
      vertex 5.96511 5.6513 2
      vertex 5.79792 5.79792 3
      vertex 5.96511 5.6513 3
    endloop
  endfacet
  facet normal 0.659342 0.751844 0
    outer loop
      vertex 5.79792 5.79792 3
      vertex 5.96511 5.6513 2
      vertex 5.79792 5.79792 2
    endloop
  endfacet
  facet normal 0.751844 0.659342 0
    outer loop
      vertex 5.79792 5.79792 3
      vertex 5.6513 5.96511 2
      vertex 5.6513 5.96511 3
    endloop
  endfacet
  facet normal 0.751844 0.659342 0
    outer loop
      vertex 5.6513 5.96511 2
      vertex 5.79792 5.79792 3
      vertex 5.79792 5.79792 2
    endloop
  endfacet
  facet normal -0.0653877 -0.99786 0
    outer loop
      vertex 7 8.7 2
      vertex 7.22189 8.68546 3.1
      vertex 7 8.7 3.1
    endloop
  endfacet
  facet normal -0.0653877 -0.99786 -0
    outer loop
      vertex 7.22189 8.68546 3.1
      vertex 7 8.7 2
      vertex 7.22189 8.68546 2
    endloop
  endfacet
  facet normal -0.442278 -0.896878 0
    outer loop
      vertex 7.65056 8.57059 2
      vertex 7.85 8.47224 3.1
      vertex 7.65056 8.57059 3.1
    endloop
  endfacet
  facet normal -0.442278 -0.896878 -0
    outer loop
      vertex 7.85 8.47224 3.1
      vertex 7.65056 8.57059 2
      vertex 7.85 8.47224 2
    endloop
  endfacet
  facet normal -0.831487 0.555544 0
    outer loop
      vertex 8.37202 6 3
      vertex 8.47224 6.15 3.1
      vertex 8.47224 6.15 2
    endloop
  endfacet
  facet normal -0.831497 0.555529 3.2402e-05
    outer loop
      vertex 8.47224 6.15 3.1
      vertex 8.37202 6 3
      vertex 8.3764 6.00655 3.1
    endloop
  endfacet
  facet normal -0.831469 0.555572 5.95506e-06
    outer loop
      vertex 8.3487 5.96511 2
      vertex 8.37202 6 3
      vertex 8.47224 6.15 2
    endloop
  endfacet
  facet normal -0.83139 0.55569 0
    outer loop
      vertex 8.37202 6 3
      vertex 8.3487 5.96511 2
      vertex 8.3487 5.96511 3
    endloop
  endfacet
  facet normal 0.99786 0.0653877 0
    outer loop
      vertex 5.31454 6.77811 3.1
      vertex 5.3 7 2
      vertex 5.3 7 3.1
    endloop
  endfacet
  facet normal 0.99786 0.0653877 0
    outer loop
      vertex 5.3 7 2
      vertex 5.31454 6.77811 3.1
      vertex 5.31454 6.77811 2
    endloop
  endfacet
  facet normal -0.442278 0.896878 0
    outer loop
      vertex 7.85 5.52776 2
      vertex 7.65056 5.42941 3
      vertex 7.85 5.52776 3
    endloop
  endfacet
  facet normal -0.442278 0.896878 0
    outer loop
      vertex 7.65056 5.42941 3
      vertex 7.85 5.52776 2
      vertex 7.65056 5.42941 2
    endloop
  endfacet
  facet normal 0.980779 -0.195122 0
    outer loop
      vertex 5.31454 7.22189 3.1
      vertex 5.35793 7.43999 2
      vertex 5.35793 7.43999 3.1
    endloop
  endfacet
  facet normal 0.980779 -0.195122 0
    outer loop
      vertex 5.35793 7.43999 2
      vertex 5.31454 7.22189 3.1
      vertex 5.31454 7.22189 2
    endloop
  endfacet
  facet normal 0.896878 0.442278 0
    outer loop
      vertex 5.52776 6.15 3.1
      vertex 5.42941 6.34944 2
      vertex 5.42941 6.34944 3.1
    endloop
  endfacet
  facet normal 0.896878 0.442278 0
    outer loop
      vertex 5.42941 6.34944 2
      vertex 5.52776 6.15 3.1
      vertex 5.52776 6.15 2
    endloop
  endfacet
  facet normal 0.946929 -0.321444 0
    outer loop
      vertex 5.35793 7.43999 3.1
      vertex 5.42941 7.65056 2
      vertex 5.42941 7.65056 3.1
    endloop
  endfacet
  facet normal 0.946929 -0.321444 0
    outer loop
      vertex 5.42941 7.65056 2
      vertex 5.35793 7.43999 3.1
      vertex 5.35793 7.43999 2
    endloop
  endfacet
  facet normal 0.555572 -0.831469 0
    outer loop
      vertex 5.96511 8.3487 2
      vertex 6.15 8.47224 3.1
      vertex 5.96511 8.3487 3.1
    endloop
  endfacet
  facet normal 0.555572 -0.831469 0
    outer loop
      vertex 6.15 8.47224 3.1
      vertex 5.96511 8.3487 2
      vertex 6.15 8.47224 2
    endloop
  endfacet
  facet normal -0.896878 -0.442278 0
    outer loop
      vertex 8.57059 7.65056 2
      vertex 8.47224 7.85 3.1
      vertex 8.47224 7.85 2
    endloop
  endfacet
  facet normal -0.896878 -0.442278 0
    outer loop
      vertex 8.47224 7.85 3.1
      vertex 8.57059 7.65056 2
      vertex 8.57059 7.65056 3.1
    endloop
  endfacet
  facet normal 0.99786 -0.0653877 0
    outer loop
      vertex 5.3 7 3.1
      vertex 5.31454 7.22189 2
      vertex 5.31454 7.22189 3.1
    endloop
  endfacet
  facet normal 0.99786 -0.0653877 0
    outer loop
      vertex 5.31454 7.22189 2
      vertex 5.3 7 3.1
      vertex 5.3 7 2
    endloop
  endfacet
  facet normal 0.321444 0.946929 -0
    outer loop
      vertex 6.56001 5.35793 2
      vertex 6.34944 5.42941 3
      vertex 6.56001 5.35793 3
    endloop
  endfacet
  facet normal 0.321444 0.946929 0
    outer loop
      vertex 6.34944 5.42941 3
      vertex 6.56001 5.35793 2
      vertex 6.34944 5.42941 2
    endloop
  endfacet
  facet normal 0.442278 -0.896878 0
    outer loop
      vertex 6.15 8.47224 2
      vertex 6.34944 8.57059 3.1
      vertex 6.15 8.47224 3.1
    endloop
  endfacet
  facet normal 0.442278 -0.896878 0
    outer loop
      vertex 6.34944 8.57059 3.1
      vertex 6.15 8.47224 2
      vertex 6.34944 8.57059 2
    endloop
  endfacet
  facet normal 0.831469 -0.555572 0
    outer loop
      vertex 5.52776 7.85 3.1
      vertex 5.6513 8.03489 2
      vertex 5.6513 8.03489 3.1
    endloop
  endfacet
  facet normal 0.831469 -0.555572 0
    outer loop
      vertex 5.6513 8.03489 2
      vertex 5.52776 7.85 3.1
      vertex 5.52776 7.85 2
    endloop
  endfacet
  facet normal 0.555572 0.831469 -0
    outer loop
      vertex 6.15 5.52776 2
      vertex 5.96511 5.6513 3
      vertex 6.15 5.52776 3
    endloop
  endfacet
  facet normal 0.555572 0.831469 0
    outer loop
      vertex 5.96511 5.6513 3
      vertex 6.15 5.52776 2
      vertex 5.96511 5.6513 2
    endloop
  endfacet
  facet normal 0 0 -1
    outer loop
      vertex 8.68546 6.77811 3.1
      vertex 8.68546 7.22189 3.1
      vertex 8.7 7 3.1
    endloop
  endfacet
  facet normal 0 0 -1
    outer loop
      vertex 8.64207 6.56001 3.1
      vertex 8.68546 7.22189 3.1
      vertex 8.68546 6.77811 3.1
    endloop
  endfacet
  facet normal 0 0 -1
    outer loop
      vertex 8.64207 6.56001 3.1
      vertex 8.64207 7.43999 3.1
      vertex 8.68546 7.22189 3.1
    endloop
  endfacet
  facet normal 0 0 -1
    outer loop
      vertex 8.57059 6.34944 3.1
      vertex 8.64207 7.43999 3.1
      vertex 8.64207 6.56001 3.1
    endloop
  endfacet
  facet normal 0 0 -1
    outer loop
      vertex 8.57059 6.34944 3.1
      vertex 8.57059 7.65056 3.1
      vertex 8.64207 7.43999 3.1
    endloop
  endfacet
  facet normal 0 0 -1
    outer loop
      vertex 8.3764 6.00655 3.1
      vertex 8.57059 6.34944 3.1
      vertex 8.47224 6.15 3.1
    endloop
  endfacet
  facet normal -0 0 -1
    outer loop
      vertex 8.57059 6.34944 3.1
      vertex 8.3764 6.00655 3.1
      vertex 8.57059 7.65056 3.1
    endloop
  endfacet
  facet normal -0 0 -1
    outer loop
      vertex 8.57059 7.65056 3.1
      vertex 8.3764 6.00655 3.1
      vertex 8.47224 7.85 3.1
    endloop
  endfacet
  facet normal 0 0 -1
    outer loop
      vertex 8.3764 6.00655 3.1
      vertex 8.3487 8.03489 3.1
      vertex 8.47224 7.85 3.1
    endloop
  endfacet
  facet normal 0 0 -1
    outer loop
      vertex 8.3764 6.00655 3.1
      vertex 8.20208 8.20208 3.1
      vertex 8.3487 8.03489 3.1
    endloop
  endfacet
  facet normal 0 0 -1
    outer loop
      vertex 8.3764 6.00655 3.1
      vertex 8.03489 8.3487 3.1
      vertex 8.20208 8.20208 3.1
    endloop
  endfacet
  facet normal 0 0 -1
    outer loop
      vertex 8.3764 6.00655 3.1
      vertex 7.85 8.47224 3.1
      vertex 8.03489 8.3487 3.1
    endloop
  endfacet
  facet normal 0 0 -1
    outer loop
      vertex 8.3764 6.00655 3.1
      vertex 7.65056 8.57059 3.1
      vertex 7.85 8.47224 3.1
    endloop
  endfacet
  facet normal 0 0 -1
    outer loop
      vertex 8.3764 6.00655 3.1
      vertex 7.43999 8.64207 3.1
      vertex 7.65056 8.57059 3.1
    endloop
  endfacet
  facet normal 0 0 -1
    outer loop
      vertex 8.3764 6.00655 3.1
      vertex 7.22189 8.68546 3.1
      vertex 7.43999 8.64207 3.1
    endloop
  endfacet
  facet normal 0 0 -1
    outer loop
      vertex 8.3764 6.00655 3.1
      vertex 7 8.7 3.1
      vertex 7.22189 8.68546 3.1
    endloop
  endfacet
  facet normal 0 0 -1
    outer loop
      vertex 8.3764 6.00655 3.1
      vertex 6.77811 8.68546 3.1
      vertex 7 8.7 3.1
    endloop
  endfacet
  facet normal 0 0 -1
    outer loop
      vertex 8.3764 6.00655 3.1
      vertex 6.56001 8.64207 3.1
      vertex 6.77811 8.68546 3.1
    endloop
  endfacet
  facet normal 0 0 -1
    outer loop
      vertex 8.3764 6.00655 3.1
      vertex 6.34944 8.57059 3.1
      vertex 6.56001 8.64207 3.1
    endloop
  endfacet
  facet normal 0 0 -1
    outer loop
      vertex 8.3764 6.00655 3.1
      vertex 6.15 8.47224 3.1
      vertex 6.34944 8.57059 3.1
    endloop
  endfacet
  facet normal 0 0 -1
    outer loop
      vertex 8.3764 6.00655 3.1
      vertex 5.96511 8.3487 3.1
      vertex 6.15 8.47224 3.1
    endloop
  endfacet
  facet normal 0 0 -1
    outer loop
      vertex 8.3764 6.00655 3.1
      vertex 5.79792 8.20208 3.1
      vertex 5.96511 8.3487 3.1
    endloop
  endfacet
  facet normal 0 0 -1
    outer loop
      vertex 8.3764 6.00655 3.1
      vertex 5.6513 8.03489 3.1
      vertex 5.79792 8.20208 3.1
    endloop
  endfacet
  facet normal 0 0 -1
    outer loop
      vertex 5.6236 6.00655 3.1
      vertex 5.6513 8.03489 3.1
      vertex 8.3764 6.00655 3.1
    endloop
  endfacet
  facet normal 0 0 -1
    outer loop
      vertex 5.42941 6.34944 3.1
      vertex 5.6236 6.00655 3.1
      vertex 5.52776 6.15 3.1
    endloop
  endfacet
  facet normal 0 0 -1
    outer loop
      vertex 5.6236 6.00655 3.1
      vertex 5.52776 7.85 3.1
      vertex 5.6513 8.03489 3.1
    endloop
  endfacet
  facet normal 0 0 -1
    outer loop
      vertex 5.6236 6.00655 3.1
      vertex 5.42941 6.34944 3.1
      vertex 5.52776 7.85 3.1
    endloop
  endfacet
  facet normal 0 0 -1
    outer loop
      vertex 5.42941 6.34944 3.1
      vertex 5.42941 7.65056 3.1
      vertex 5.52776 7.85 3.1
    endloop
  endfacet
  facet normal 0 0 -1
    outer loop
      vertex 5.35793 6.56001 3.1
      vertex 5.42941 7.65056 3.1
      vertex 5.42941 6.34944 3.1
    endloop
  endfacet
  facet normal 0 0 -1
    outer loop
      vertex 5.35793 6.56001 3.1
      vertex 5.35793 7.43999 3.1
      vertex 5.42941 7.65056 3.1
    endloop
  endfacet
  facet normal 0 0 -1
    outer loop
      vertex 5.31454 6.77811 3.1
      vertex 5.35793 7.43999 3.1
      vertex 5.35793 6.56001 3.1
    endloop
  endfacet
  facet normal 0 0 -1
    outer loop
      vertex 5.31454 6.77811 3.1
      vertex 5.31454 7.22189 3.1
      vertex 5.35793 7.43999 3.1
    endloop
  endfacet
  facet normal 0 -0 -1
    outer loop
      vertex 5.31454 7.22189 3.1
      vertex 5.31454 6.77811 3.1
      vertex 5.3 7 3.1
    endloop
  endfacet
  facet normal -0.980789 -0.195072 0
    outer loop
      vertex 9.97433 7.39158 0
      vertex 9.89778 7.77646 2
      vertex 9.89778 7.77646 0
    endloop
  endfacet
  facet normal -0.980789 -0.195072 0
    outer loop
      vertex 9.89778 7.77646 2
      vertex 9.97433 7.39158 0
      vertex 9.97433 7.39158 2
    endloop
  endfacet
  facet normal -0.997858 -0.0654145 0
    outer loop
      vertex 10 7 0
      vertex 9.97433 7.39158 2
      vertex 9.97433 7.39158 0
    endloop
  endfacet
  facet normal -0.997858 -0.0654145 0
    outer loop
      vertex 9.97433 7.39158 2
      vertex 10 7 0
      vertex 10 7 2
    endloop
  endfacet
  facet normal -0.980789 0.195072 0
    outer loop
      vertex 9.89778 6.22354 0
      vertex 9.97433 6.60842 2
      vertex 9.97433 6.60842 0
    endloop
  endfacet
  facet normal -0.980789 0.195072 0
    outer loop
      vertex 9.97433 6.60842 2
      vertex 9.89778 6.22354 0
      vertex 9.89778 6.22354 2
    endloop
  endfacet
  facet normal 0 0 -1
    outer loop
      vertex 8.7 7 2
      vertex 10 7 2
      vertex 9.97433 6.60842 2
    endloop
  endfacet
  facet normal 0 0 -1
    outer loop
      vertex 8.68546 6.77811 2
      vertex 9.97433 6.60842 2
      vertex 9.89778 6.22354 2
    endloop
  endfacet
  facet normal 0 0 -1
    outer loop
      vertex 10 7 2
      vertex 8.7 7 2
      vertex 9.97433 7.39158 2
    endloop
  endfacet
  facet normal 0 0 -1
    outer loop
      vertex 8.64207 6.56001 2
      vertex 9.89778 6.22354 2
      vertex 9.77164 5.85195 2
    endloop
  endfacet
  facet normal 0 0 -1
    outer loop
      vertex 8.68546 7.22189 2
      vertex 9.97433 7.39158 2
      vertex 8.7 7 2
    endloop
  endfacet
  facet normal 0 0 -1
    outer loop
      vertex 8.57059 6.34944 2
      vertex 9.77164 5.85195 2
      vertex 9.59808 5.5 2
    endloop
  endfacet
  facet normal -0 0 -1
    outer loop
      vertex 9.97433 7.39158 2
      vertex 8.68546 7.22189 2
      vertex 9.89778 7.77646 2
    endloop
  endfacet
  facet normal 0 0 -1
    outer loop
      vertex 8.47224 6.15 2
      vertex 9.59808 5.5 2
      vertex 9.38006 5.17372 2
    endloop
  endfacet
  facet normal 0 0 -1
    outer loop
      vertex 8.64207 7.43999 2
      vertex 9.89778 7.77646 2
      vertex 8.68546 7.22189 2
    endloop
  endfacet
  facet normal 0 0 -1
    outer loop
      vertex 8.3487 5.96511 2
      vertex 9.38006 5.17372 2
      vertex 9.12132 4.87868 2
    endloop
  endfacet
  facet normal -0 0 -1
    outer loop
      vertex 9.89778 7.77646 2
      vertex 8.64207 7.43999 2
      vertex 9.77164 8.14805 2
    endloop
  endfacet
  facet normal 0 0 -1
    outer loop
      vertex 8.20208 5.79792 2
      vertex 9.12132 4.87868 2
      vertex 8.82628 4.61994 2
    endloop
  endfacet
  facet normal 0 0 -1
    outer loop
      vertex 8.57059 7.65056 2
      vertex 9.77164 8.14805 2
      vertex 8.64207 7.43999 2
    endloop
  endfacet
  facet normal -0 0 -1
    outer loop
      vertex 9.77164 8.14805 2
      vertex 8.57059 7.65056 2
      vertex 9.59808 8.5 2
    endloop
  endfacet
  facet normal 0 0 -1
    outer loop
      vertex 9.97433 6.60842 2
      vertex 8.68546 6.77811 2
      vertex 8.7 7 2
    endloop
  endfacet
  facet normal 0 0 -1
    outer loop
      vertex 9.89778 6.22354 2
      vertex 8.64207 6.56001 2
      vertex 8.68546 6.77811 2
    endloop
  endfacet
  facet normal 0 0 -1
    outer loop
      vertex 9.77164 5.85195 2
      vertex 8.57059 6.34944 2
      vertex 8.64207 6.56001 2
    endloop
  endfacet
  facet normal 0 0 -1
    outer loop
      vertex 8.03489 5.6513 2
      vertex 8.82628 4.61994 2
      vertex 8.5 4.40192 2
    endloop
  endfacet
  facet normal 0 0 -1
    outer loop
      vertex 9.59808 5.5 2
      vertex 8.47224 6.15 2
      vertex 8.57059 6.34944 2
    endloop
  endfacet
  facet normal 0 0 -1
    outer loop
      vertex 9.38006 5.17372 2
      vertex 8.3487 5.96511 2
      vertex 8.47224 6.15 2
    endloop
  endfacet
  facet normal 0 0 -1
    outer loop
      vertex 9.12132 4.87868 2
      vertex 8.20208 5.79792 2
      vertex 8.3487 5.96511 2
    endloop
  endfacet
  facet normal 0 0 -1
    outer loop
      vertex 7.85 5.52776 2
      vertex 8.5 4.40192 2
      vertex 8.14805 4.22836 2
    endloop
  endfacet
  facet normal 0 0 -1
    outer loop
      vertex 8.82628 4.61994 2
      vertex 8.03489 5.6513 2
      vertex 8.20208 5.79792 2
    endloop
  endfacet
  facet normal 0 0 -1
    outer loop
      vertex 8.5 4.40192 2
      vertex 7.85 5.52776 2
      vertex 8.03489 5.6513 2
    endloop
  endfacet
  facet normal 0 0 -1
    outer loop
      vertex 7.65056 5.42941 2
      vertex 8.14805 4.22836 2
      vertex 7.77646 4.10222 2
    endloop
  endfacet
  facet normal 0 0 -1
    outer loop
      vertex 8.14805 4.22836 2
      vertex 7.65056 5.42941 2
      vertex 7.85 5.52776 2
    endloop
  endfacet
  facet normal 0 0 -1
    outer loop
      vertex 7.77646 4.10222 2
      vertex 7.43999 5.35793 2
      vertex 7.65056 5.42941 2
    endloop
  endfacet
  facet normal 0 0 -1
    outer loop
      vertex 7.39158 4.02567 2
      vertex 7.43999 5.35793 2
      vertex 7.77646 4.10222 2
    endloop
  endfacet
  facet normal 0 0 -1
    outer loop
      vertex 7.39158 4.02567 2
      vertex 7.22189 5.31454 2
      vertex 7.43999 5.35793 2
    endloop
  endfacet
  facet normal 0 0 -1
    outer loop
      vertex 7 4 2
      vertex 7.22189 5.31454 2
      vertex 7.39158 4.02567 2
    endloop
  endfacet
  facet normal 0 0 -1
    outer loop
      vertex 7 4 2
      vertex 7 5.3 2
      vertex 7.22189 5.31454 2
    endloop
  endfacet
  facet normal 0 0 -1
    outer loop
      vertex 7 4 2
      vertex 6.77811 5.31454 2
      vertex 7 5.3 2
    endloop
  endfacet
  facet normal 0 0 -1
    outer loop
      vertex 6.60842 4.02567 2
      vertex 6.77811 5.31454 2
      vertex 7 4 2
    endloop
  endfacet
  facet normal 0 0 -1
    outer loop
      vertex 6.60842 4.02567 2
      vertex 6.56001 5.35793 2
      vertex 6.77811 5.31454 2
    endloop
  endfacet
  facet normal 0 0 -1
    outer loop
      vertex 6.22354 4.10222 2
      vertex 6.56001 5.35793 2
      vertex 6.60842 4.02567 2
    endloop
  endfacet
  facet normal -0 0 -1
    outer loop
      vertex 6.56001 5.35793 2
      vertex 6.22354 4.10222 2
      vertex 6.34944 5.42941 2
    endloop
  endfacet
  facet normal 0 0 -1
    outer loop
      vertex 5.85195 4.22836 2
      vertex 6.34944 5.42941 2
      vertex 6.22354 4.10222 2
    endloop
  endfacet
  facet normal -0 0 -1
    outer loop
      vertex 6.34944 5.42941 2
      vertex 5.85195 4.22836 2
      vertex 6.15 5.52776 2
    endloop
  endfacet
  facet normal 0 0 -1
    outer loop
      vertex 5.5 4.40192 2
      vertex 6.15 5.52776 2
      vertex 5.85195 4.22836 2
    endloop
  endfacet
  facet normal -0 0 -1
    outer loop
      vertex 6.15 5.52776 2
      vertex 5.5 4.40192 2
      vertex 5.96511 5.6513 2
    endloop
  endfacet
  facet normal 0 0 -1
    outer loop
      vertex 5.17372 4.61994 2
      vertex 5.96511 5.6513 2
      vertex 5.5 4.40192 2
    endloop
  endfacet
  facet normal -0 0 -1
    outer loop
      vertex 5.96511 5.6513 2
      vertex 5.17372 4.61994 2
      vertex 5.79792 5.79792 2
    endloop
  endfacet
  facet normal 0 0 -1
    outer loop
      vertex 4.87868 4.87868 2
      vertex 5.79792 5.79792 2
      vertex 5.17372 4.61994 2
    endloop
  endfacet
  facet normal -0 0 -1
    outer loop
      vertex 5.79792 5.79792 2
      vertex 4.87868 4.87868 2
      vertex 5.6513 5.96511 2
    endloop
  endfacet
  facet normal 0 0 -1
    outer loop
      vertex 4.61994 5.17372 2
      vertex 5.6513 5.96511 2
      vertex 4.87868 4.87868 2
    endloop
  endfacet
  facet normal -0 0 -1
    outer loop
      vertex 5.6513 5.96511 2
      vertex 4.61994 5.17372 2
      vertex 5.52776 6.15 2
    endloop
  endfacet
  facet normal -0 0 -1
    outer loop
      vertex 5.52776 6.15 2
      vertex 4.40192 5.5 2
      vertex 5.42941 6.34944 2
    endloop
  endfacet
  facet normal 0 0 -1
    outer loop
      vertex 4.40192 5.5 2
      vertex 5.52776 6.15 2
      vertex 4.61994 5.17372 2
    endloop
  endfacet
  facet normal 0 0 -1
    outer loop
      vertex 8.47224 7.85 2
      vertex 9.59808 8.5 2
      vertex 8.57059 7.65056 2
    endloop
  endfacet
  facet normal -0 0 -1
    outer loop
      vertex 9.59808 8.5 2
      vertex 8.47224 7.85 2
      vertex 9.38006 8.82628 2
    endloop
  endfacet
  facet normal 0 0 -1
    outer loop
      vertex 8.3487 8.03489 2
      vertex 9.38006 8.82628 2
      vertex 8.47224 7.85 2
    endloop
  endfacet
  facet normal -0 0 -1
    outer loop
      vertex 9.38006 8.82628 2
      vertex 8.3487 8.03489 2
      vertex 9.12132 9.12132 2
    endloop
  endfacet
  facet normal 0 0 -1
    outer loop
      vertex 8.20208 8.20208 2
      vertex 9.12132 9.12132 2
      vertex 8.3487 8.03489 2
    endloop
  endfacet
  facet normal -0 0 -1
    outer loop
      vertex 9.12132 9.12132 2
      vertex 8.20208 8.20208 2
      vertex 8.82628 9.38006 2
    endloop
  endfacet
  facet normal 0 0 -1
    outer loop
      vertex 8.03489 8.3487 2
      vertex 8.82628 9.38006 2
      vertex 8.20208 8.20208 2
    endloop
  endfacet
  facet normal -0 0 -1
    outer loop
      vertex 8.82628 9.38006 2
      vertex 8.03489 8.3487 2
      vertex 8.5 9.59808 2
    endloop
  endfacet
  facet normal 0 0 -1
    outer loop
      vertex 7.85 8.47224 2
      vertex 8.5 9.59808 2
      vertex 8.03489 8.3487 2
    endloop
  endfacet
  facet normal -0 0 -1
    outer loop
      vertex 8.5 9.59808 2
      vertex 7.85 8.47224 2
      vertex 8.14805 9.77164 2
    endloop
  endfacet
  facet normal 0 0 -1
    outer loop
      vertex 7.65056 8.57059 2
      vertex 8.14805 9.77164 2
      vertex 7.85 8.47224 2
    endloop
  endfacet
  facet normal -0 0 -1
    outer loop
      vertex 8.14805 9.77164 2
      vertex 7.65056 8.57059 2
      vertex 7.77646 9.89778 2
    endloop
  endfacet
  facet normal 0 0 -1
    outer loop
      vertex 7.43999 8.64207 2
      vertex 7.77646 9.89778 2
      vertex 7.65056 8.57059 2
    endloop
  endfacet
  facet normal 0 0 -1
    outer loop
      vertex 7.43999 8.64207 2
      vertex 7.39158 9.97433 2
      vertex 7.77646 9.89778 2
    endloop
  endfacet
  facet normal 0 0 -1
    outer loop
      vertex 7.22189 8.68546 2
      vertex 7.39158 9.97433 2
      vertex 7.43999 8.64207 2
    endloop
  endfacet
  facet normal 0 0 -1
    outer loop
      vertex 7 8.7 2
      vertex 7.39158 9.97433 2
      vertex 7.22189 8.68546 2
    endloop
  endfacet
  facet normal 0 0 -1
    outer loop
      vertex 7 8.7 2
      vertex 7 10 2
      vertex 7.39158 9.97433 2
    endloop
  endfacet
  facet normal 0 0 -1
    outer loop
      vertex 6.77811 8.68546 2
      vertex 7 10 2
      vertex 7 8.7 2
    endloop
  endfacet
  facet normal 0 0 -1
    outer loop
      vertex 6.77811 8.68546 2
      vertex 6.60842 9.97433 2
      vertex 7 10 2
    endloop
  endfacet
  facet normal 0 0 -1
    outer loop
      vertex 6.56001 8.64207 2
      vertex 6.60842 9.97433 2
      vertex 6.77811 8.68546 2
    endloop
  endfacet
  facet normal 0 0 -1
    outer loop
      vertex 6.22354 9.89778 2
      vertex 6.56001 8.64207 2
      vertex 6.34944 8.57059 2
    endloop
  endfacet
  facet normal 0 0 -1
    outer loop
      vertex 6.56001 8.64207 2
      vertex 6.22354 9.89778 2
      vertex 6.60842 9.97433 2
    endloop
  endfacet
  facet normal 0 0 -1
    outer loop
      vertex 5.85195 9.77164 2
      vertex 6.34944 8.57059 2
      vertex 6.15 8.47224 2
    endloop
  endfacet
  facet normal 0 0 -1
    outer loop
      vertex 5.5 9.59808 2
      vertex 6.15 8.47224 2
      vertex 5.96511 8.3487 2
    endloop
  endfacet
  facet normal 0 0 -1
    outer loop
      vertex 6.34944 8.57059 2
      vertex 5.85195 9.77164 2
      vertex 6.22354 9.89778 2
    endloop
  endfacet
  facet normal 0 0 -1
    outer loop
      vertex 5.17372 9.38006 2
      vertex 5.96511 8.3487 2
      vertex 5.79792 8.20208 2
    endloop
  endfacet
  facet normal 0 0 -1
    outer loop
      vertex 4.87868 9.12132 2
      vertex 5.79792 8.20208 2
      vertex 5.6513 8.03489 2
    endloop
  endfacet
  facet normal 0 0 -1
    outer loop
      vertex 4.61994 8.82628 2
      vertex 5.6513 8.03489 2
      vertex 5.52776 7.85 2
    endloop
  endfacet
  facet normal 0 0 -1
    outer loop
      vertex 6.15 8.47224 2
      vertex 5.5 9.59808 2
      vertex 5.85195 9.77164 2
    endloop
  endfacet
  facet normal 0 0 -1
    outer loop
      vertex 4.40192 8.5 2
      vertex 5.52776 7.85 2
      vertex 5.42941 7.65056 2
    endloop
  endfacet
  facet normal 0 0 -1
    outer loop
      vertex 4.22836 8.14805 2
      vertex 5.42941 7.65056 2
      vertex 5.35793 7.43999 2
    endloop
  endfacet
  facet normal 0 0 -1
    outer loop
      vertex 4.10222 7.77646 2
      vertex 5.35793 7.43999 2
      vertex 5.31454 7.22189 2
    endloop
  endfacet
  facet normal 0 0 -1
    outer loop
      vertex 5.96511 8.3487 2
      vertex 5.17372 9.38006 2
      vertex 5.5 9.59808 2
    endloop
  endfacet
  facet normal 0 0 -1
    outer loop
      vertex 4.02567 7.39158 2
      vertex 5.31454 7.22189 2
      vertex 5.3 7 2
    endloop
  endfacet
  facet normal 0 0 -1
    outer loop
      vertex 4.22836 5.85195 2
      vertex 5.42941 6.34944 2
      vertex 4.40192 5.5 2
    endloop
  endfacet
  facet normal -0 0 -1
    outer loop
      vertex 5.42941 6.34944 2
      vertex 4.22836 5.85195 2
      vertex 5.35793 6.56001 2
    endloop
  endfacet
  facet normal 0 0 -1
    outer loop
      vertex 5.79792 8.20208 2
      vertex 4.87868 9.12132 2
      vertex 5.17372 9.38006 2
    endloop
  endfacet
  facet normal 0 0 -1
    outer loop
      vertex 4.10222 6.22354 2
      vertex 5.35793 6.56001 2
      vertex 4.22836 5.85195 2
    endloop
  endfacet
  facet normal 0 0 -1
    outer loop
      vertex 5.6513 8.03489 2
      vertex 4.61994 8.82628 2
      vertex 4.87868 9.12132 2
    endloop
  endfacet
  facet normal -0 0 -1
    outer loop
      vertex 5.35793 6.56001 2
      vertex 4.10222 6.22354 2
      vertex 5.31454 6.77811 2
    endloop
  endfacet
  facet normal 0 0 -1
    outer loop
      vertex 5.52776 7.85 2
      vertex 4.40192 8.5 2
      vertex 4.61994 8.82628 2
    endloop
  endfacet
  facet normal 0 0 -1
    outer loop
      vertex 4.02567 6.60842 2
      vertex 5.31454 6.77811 2
      vertex 4.10222 6.22354 2
    endloop
  endfacet
  facet normal 0 0 -1
    outer loop
      vertex 5.42941 7.65056 2
      vertex 4.22836 8.14805 2
      vertex 4.40192 8.5 2
    endloop
  endfacet
  facet normal -0 0 -1
    outer loop
      vertex 5.31454 6.77811 2
      vertex 4.02567 6.60842 2
      vertex 5.3 7 2
    endloop
  endfacet
  facet normal 0 0 -1
    outer loop
      vertex 5.35793 7.43999 2
      vertex 4.10222 7.77646 2
      vertex 4.22836 8.14805 2
    endloop
  endfacet
  facet normal 0 0 -1
    outer loop
      vertex 4 7 2
      vertex 5.3 7 2
      vertex 4.02567 6.60842 2
    endloop
  endfacet
  facet normal 0 0 -1
    outer loop
      vertex 5.31454 7.22189 2
      vertex 4.02567 7.39158 2
      vertex 4.10222 7.77646 2
    endloop
  endfacet
  facet normal 0 0 -1
    outer loop
      vertex 5.3 7 2
      vertex 4 7 2
      vertex 4.02567 7.39158 2
    endloop
  endfacet
  facet normal -0.831462 -0.555582 0
    outer loop
      vertex 9.59808 8.5 0
      vertex 9.38006 8.82628 2
      vertex 9.38006 8.82628 0
    endloop
  endfacet
  facet normal -0.831462 -0.555582 0
    outer loop
      vertex 9.38006 8.82628 2
      vertex 9.59808 8.5 0
      vertex 9.59808 8.5 2
    endloop
  endfacet
  facet normal -0.555582 -0.831462 0
    outer loop
      vertex 8.5 9.59808 0
      vertex 8.82628 9.38006 2
      vertex 8.5 9.59808 2
    endloop
  endfacet
  facet normal -0.555582 -0.831462 -0
    outer loop
      vertex 8.82628 9.38006 2
      vertex 8.5 9.59808 0
      vertex 8.82628 9.38006 0
    endloop
  endfacet
  facet normal -0.896875 0.442283 0
    outer loop
      vertex 9.59808 5.5 0
      vertex 9.77164 5.85195 2
      vertex 9.77164 5.85195 0
    endloop
  endfacet
  facet normal -0.896875 0.442283 0
    outer loop
      vertex 9.77164 5.85195 2
      vertex 9.59808 5.5 0
      vertex 9.59808 5.5 2
    endloop
  endfacet
  facet normal -0.997858 0.0654145 0
    outer loop
      vertex 9.97433 6.60842 0
      vertex 10 7 2
      vertex 10 7 0
    endloop
  endfacet
  facet normal -0.997858 0.0654145 0
    outer loop
      vertex 10 7 2
      vertex 9.97433 6.60842 0
      vertex 9.97433 6.60842 2
    endloop
  endfacet
  facet normal -0.321444 -0.946928 0
    outer loop
      vertex 7.77646 9.89778 0
      vertex 8.14805 9.77164 2
      vertex 7.77646 9.89778 2
    endloop
  endfacet
  facet normal -0.321444 -0.946928 -0
    outer loop
      vertex 8.14805 9.77164 2
      vertex 7.77646 9.89778 0
      vertex 8.14805 9.77164 0
    endloop
  endfacet
  facet normal 0.896875 -0.442283 0
    outer loop
      vertex 4.22836 8.14805 2
      vertex 4.40192 8.5 0
      vertex 4.40192 8.5 2
    endloop
  endfacet
  facet normal 0.896875 -0.442283 0
    outer loop
      vertex 4.40192 8.5 0
      vertex 4.22836 8.14805 2
      vertex 4.22836 8.14805 0
    endloop
  endfacet
  facet normal 0.659341 -0.751844 0
    outer loop
      vertex 4.87868 9.12132 0
      vertex 5.17372 9.38006 2
      vertex 4.87868 9.12132 2
    endloop
  endfacet
  facet normal 0.659341 -0.751844 0
    outer loop
      vertex 5.17372 9.38006 2
      vertex 4.87868 9.12132 0
      vertex 5.17372 9.38006 0
    endloop
  endfacet
  facet normal -0.321444 0.946928 0
    outer loop
      vertex 8.14805 4.22836 0
      vertex 7.77646 4.10222 2
      vertex 8.14805 4.22836 2
    endloop
  endfacet
  facet normal -0.321444 0.946928 0
    outer loop
      vertex 7.77646 4.10222 2
      vertex 8.14805 4.22836 0
      vertex 7.77646 4.10222 0
    endloop
  endfacet
  facet normal 0.997858 0.0654145 0
    outer loop
      vertex 4.02567 6.60842 2
      vertex 4 7 0
      vertex 4 7 2
    endloop
  endfacet
  facet normal 0.997858 0.0654145 0
    outer loop
      vertex 4 7 0
      vertex 4.02567 6.60842 2
      vertex 4.02567 6.60842 0
    endloop
  endfacet
  facet normal 0.659341 0.751844 -0
    outer loop
      vertex 5.17372 4.61994 0
      vertex 4.87868 4.87868 2
      vertex 5.17372 4.61994 2
    endloop
  endfacet
  facet normal 0.659341 0.751844 0
    outer loop
      vertex 4.87868 4.87868 2
      vertex 5.17372 4.61994 0
      vertex 4.87868 4.87868 0
    endloop
  endfacet
  facet normal 0.321444 -0.946928 0
    outer loop
      vertex 5.85195 9.77164 0
      vertex 6.22354 9.89778 2
      vertex 5.85195 9.77164 2
    endloop
  endfacet
  facet normal 0.321444 -0.946928 0
    outer loop
      vertex 6.22354 9.89778 2
      vertex 5.85195 9.77164 0
      vertex 6.22354 9.89778 0
    endloop
  endfacet
  facet normal 0.831462 0.555582 0
    outer loop
      vertex 4.61994 5.17372 2
      vertex 4.40192 5.5 0
      vertex 4.40192 5.5 2
    endloop
  endfacet
  facet normal 0.831462 0.555582 0
    outer loop
      vertex 4.40192 5.5 0
      vertex 4.61994 5.17372 2
      vertex 4.61994 5.17372 0
    endloop
  endfacet
  facet normal 0.555582 -0.831462 0
    outer loop
      vertex 5.17372 9.38006 0
      vertex 5.5 9.59808 2
      vertex 5.17372 9.38006 2
    endloop
  endfacet
  facet normal 0.555582 -0.831462 0
    outer loop
      vertex 5.5 9.59808 2
      vertex 5.17372 9.38006 0
      vertex 5.5 9.59808 0
    endloop
  endfacet
  facet normal -0.195072 -0.980789 0
    outer loop
      vertex 7.39158 9.97433 0
      vertex 7.77646 9.89778 2
      vertex 7.39158 9.97433 2
    endloop
  endfacet
  facet normal -0.195072 -0.980789 -0
    outer loop
      vertex 7.77646 9.89778 2
      vertex 7.39158 9.97433 0
      vertex 7.77646 9.89778 0
    endloop
  endfacet
  facet normal 0.442283 -0.896875 0
    outer loop
      vertex 5.5 9.59808 0
      vertex 5.85195 9.77164 2
      vertex 5.5 9.59808 2
    endloop
  endfacet
  facet normal 0.442283 -0.896875 0
    outer loop
      vertex 5.85195 9.77164 2
      vertex 5.5 9.59808 0
      vertex 5.85195 9.77164 0
    endloop
  endfacet
  facet normal -0.0654145 0.997858 0
    outer loop
      vertex 7.39158 4.02567 0
      vertex 7 4 2
      vertex 7.39158 4.02567 2
    endloop
  endfacet
  facet normal -0.0654145 0.997858 0
    outer loop
      vertex 7 4 2
      vertex 7.39158 4.02567 0
      vertex 7 4 0
    endloop
  endfacet
  facet normal -0.659341 0.751844 0
    outer loop
      vertex 9.12132 4.87868 0
      vertex 8.82628 4.61994 2
      vertex 9.12132 4.87868 2
    endloop
  endfacet
  facet normal -0.659341 0.751844 0
    outer loop
      vertex 8.82628 4.61994 2
      vertex 9.12132 4.87868 0
      vertex 8.82628 4.61994 0
    endloop
  endfacet
  facet normal 0.946928 0.321444 0
    outer loop
      vertex 4.22836 5.85195 2
      vertex 4.10222 6.22354 0
      vertex 4.10222 6.22354 2
    endloop
  endfacet
  facet normal 0.946928 0.321444 0
    outer loop
      vertex 4.10222 6.22354 0
      vertex 4.22836 5.85195 2
      vertex 4.22836 5.85195 0
    endloop
  endfacet
  facet normal -0.946928 0.321444 0
    outer loop
      vertex 9.77164 5.85195 0
      vertex 9.89778 6.22354 2
      vertex 9.89778 6.22354 0
    endloop
  endfacet
  facet normal -0.946928 0.321444 0
    outer loop
      vertex 9.89778 6.22354 2
      vertex 9.77164 5.85195 0
      vertex 9.77164 5.85195 2
    endloop
  endfacet
  facet normal -0.442283 -0.896875 0
    outer loop
      vertex 8.14805 9.77164 0
      vertex 8.5 9.59808 2
      vertex 8.14805 9.77164 2
    endloop
  endfacet
  facet normal -0.442283 -0.896875 -0
    outer loop
      vertex 8.5 9.59808 2
      vertex 8.14805 9.77164 0
      vertex 8.5 9.59808 0
    endloop
  endfacet
  facet normal 0.195072 -0.980789 0
    outer loop
      vertex 6.22354 9.89778 0
      vertex 6.60842 9.97433 2
      vertex 6.22354 9.89778 2
    endloop
  endfacet
  facet normal 0.195072 -0.980789 0
    outer loop
      vertex 6.60842 9.97433 2
      vertex 6.22354 9.89778 0
      vertex 6.60842 9.97433 0
    endloop
  endfacet
  facet normal -0.751844 -0.659341 0
    outer loop
      vertex 9.38006 8.82628 0
      vertex 9.12132 9.12132 2
      vertex 9.12132 9.12132 0
    endloop
  endfacet
  facet normal -0.751844 -0.659341 0
    outer loop
      vertex 9.12132 9.12132 2
      vertex 9.38006 8.82628 0
      vertex 9.38006 8.82628 2
    endloop
  endfacet
  facet normal -0.751844 0.659341 0
    outer loop
      vertex 9.12132 4.87868 0
      vertex 9.38006 5.17372 2
      vertex 9.38006 5.17372 0
    endloop
  endfacet
  facet normal -0.751844 0.659341 0
    outer loop
      vertex 9.38006 5.17372 2
      vertex 9.12132 4.87868 0
      vertex 9.12132 4.87868 2
    endloop
  endfacet
  facet normal 0.442283 0.896875 -0
    outer loop
      vertex 5.85195 4.22836 0
      vertex 5.5 4.40192 2
      vertex 5.85195 4.22836 2
    endloop
  endfacet
  facet normal 0.442283 0.896875 0
    outer loop
      vertex 5.5 4.40192 2
      vertex 5.85195 4.22836 0
      vertex 5.5 4.40192 0
    endloop
  endfacet
  facet normal 0.946928 -0.321444 0
    outer loop
      vertex 4.10222 7.77646 2
      vertex 4.22836 8.14805 0
      vertex 4.22836 8.14805 2
    endloop
  endfacet
  facet normal 0.946928 -0.321444 0
    outer loop
      vertex 4.22836 8.14805 0
      vertex 4.10222 7.77646 2
      vertex 4.10222 7.77646 0
    endloop
  endfacet
  facet normal -0.195072 0.980789 0
    outer loop
      vertex 7.77646 4.10222 0
      vertex 7.39158 4.02567 2
      vertex 7.77646 4.10222 2
    endloop
  endfacet
  facet normal -0.195072 0.980789 0
    outer loop
      vertex 7.39158 4.02567 2
      vertex 7.77646 4.10222 0
      vertex 7.39158 4.02567 0
    endloop
  endfacet
  facet normal -0.442283 0.896875 0
    outer loop
      vertex 8.5 4.40192 0
      vertex 8.14805 4.22836 2
      vertex 8.5 4.40192 2
    endloop
  endfacet
  facet normal -0.442283 0.896875 0
    outer loop
      vertex 8.14805 4.22836 2
      vertex 8.5 4.40192 0
      vertex 8.14805 4.22836 0
    endloop
  endfacet
  facet normal 0.751844 -0.659341 0
    outer loop
      vertex 4.61994 8.82628 2
      vertex 4.87868 9.12132 0
      vertex 4.87868 9.12132 2
    endloop
  endfacet
  facet normal 0.751844 -0.659341 0
    outer loop
      vertex 4.87868 9.12132 0
      vertex 4.61994 8.82628 2
      vertex 4.61994 8.82628 0
    endloop
  endfacet
  facet normal -0.659341 -0.751844 0
    outer loop
      vertex 8.82628 9.38006 0
      vertex 9.12132 9.12132 2
      vertex 8.82628 9.38006 2
    endloop
  endfacet
  facet normal -0.659341 -0.751844 -0
    outer loop
      vertex 9.12132 9.12132 2
      vertex 8.82628 9.38006 0
      vertex 9.12132 9.12132 0
    endloop
  endfacet
  facet normal 0.896875 0.442283 0
    outer loop
      vertex 4.40192 5.5 2
      vertex 4.22836 5.85195 0
      vertex 4.22836 5.85195 2
    endloop
  endfacet
  facet normal 0.896875 0.442283 0
    outer loop
      vertex 4.22836 5.85195 0
      vertex 4.40192 5.5 2
      vertex 4.40192 5.5 0
    endloop
  endfacet
  facet normal 0.997858 -0.0654145 0
    outer loop
      vertex 4 7 2
      vertex 4.02567 7.39158 0
      vertex 4.02567 7.39158 2
    endloop
  endfacet
  facet normal 0.997858 -0.0654145 0
    outer loop
      vertex 4.02567 7.39158 0
      vertex 4 7 2
      vertex 4 7 0
    endloop
  endfacet
  facet normal -0.831462 0.555582 0
    outer loop
      vertex 9.38006 5.17372 0
      vertex 9.59808 5.5 2
      vertex 9.59808 5.5 0
    endloop
  endfacet
  facet normal -0.831462 0.555582 0
    outer loop
      vertex 9.59808 5.5 2
      vertex 9.38006 5.17372 0
      vertex 9.38006 5.17372 2
    endloop
  endfacet
  facet normal -0.896875 -0.442283 0
    outer loop
      vertex 9.77164 8.14805 0
      vertex 9.59808 8.5 2
      vertex 9.59808 8.5 0
    endloop
  endfacet
  facet normal -0.896875 -0.442283 0
    outer loop
      vertex 9.59808 8.5 2
      vertex 9.77164 8.14805 0
      vertex 9.77164 8.14805 2
    endloop
  endfacet
  facet normal 0.0654145 0.997858 -0
    outer loop
      vertex 7 4 0
      vertex 6.60842 4.02567 2
      vertex 7 4 2
    endloop
  endfacet
  facet normal 0.0654145 0.997858 0
    outer loop
      vertex 6.60842 4.02567 2
      vertex 7 4 0
      vertex 6.60842 4.02567 0
    endloop
  endfacet
  facet normal -0.0654145 -0.997858 0
    outer loop
      vertex 7 10 0
      vertex 7.39158 9.97433 2
      vertex 7 10 2
    endloop
  endfacet
  facet normal -0.0654145 -0.997858 -0
    outer loop
      vertex 7.39158 9.97433 2
      vertex 7 10 0
      vertex 7.39158 9.97433 0
    endloop
  endfacet
  facet normal 0.555582 0.831462 -0
    outer loop
      vertex 5.5 4.40192 0
      vertex 5.17372 4.61994 2
      vertex 5.5 4.40192 2
    endloop
  endfacet
  facet normal 0.555582 0.831462 0
    outer loop
      vertex 5.17372 4.61994 2
      vertex 5.5 4.40192 0
      vertex 5.17372 4.61994 0
    endloop
  endfacet
  facet normal -0.555582 0.831462 0
    outer loop
      vertex 8.82628 4.61994 0
      vertex 8.5 4.40192 2
      vertex 8.82628 4.61994 2
    endloop
  endfacet
  facet normal -0.555582 0.831462 0
    outer loop
      vertex 8.5 4.40192 2
      vertex 8.82628 4.61994 0
      vertex 8.5 4.40192 0
    endloop
  endfacet
  facet normal -0.946928 -0.321444 0
    outer loop
      vertex 9.89778 7.77646 0
      vertex 9.77164 8.14805 2
      vertex 9.77164 8.14805 0
    endloop
  endfacet
  facet normal -0.946928 -0.321444 0
    outer loop
      vertex 9.77164 8.14805 2
      vertex 9.89778 7.77646 0
      vertex 9.89778 7.77646 2
    endloop
  endfacet
  facet normal 0.980789 -0.195072 0
    outer loop
      vertex 4.02567 7.39158 2
      vertex 4.10222 7.77646 0
      vertex 4.10222 7.77646 2
    endloop
  endfacet
  facet normal 0.980789 -0.195072 0
    outer loop
      vertex 4.10222 7.77646 0
      vertex 4.02567 7.39158 2
      vertex 4.02567 7.39158 0
    endloop
  endfacet
  facet normal 0.0654145 -0.997858 0
    outer loop
      vertex 6.60842 9.97433 0
      vertex 7 10 2
      vertex 6.60842 9.97433 2
    endloop
  endfacet
  facet normal 0.0654145 -0.997858 0
    outer loop
      vertex 7 10 2
      vertex 6.60842 9.97433 0
      vertex 7 10 0
    endloop
  endfacet
  facet normal 0.321444 0.946928 -0
    outer loop
      vertex 6.22354 4.10222 0
      vertex 5.85195 4.22836 2
      vertex 6.22354 4.10222 2
    endloop
  endfacet
  facet normal 0.321444 0.946928 0
    outer loop
      vertex 5.85195 4.22836 2
      vertex 6.22354 4.10222 0
      vertex 5.85195 4.22836 0
    endloop
  endfacet
  facet normal 0.980789 0.195072 0
    outer loop
      vertex 4.10222 6.22354 2
      vertex 4.02567 6.60842 0
      vertex 4.02567 6.60842 2
    endloop
  endfacet
  facet normal 0.980789 0.195072 0
    outer loop
      vertex 4.02567 6.60842 0
      vertex 4.10222 6.22354 2
      vertex 4.10222 6.22354 0
    endloop
  endfacet
  facet normal 0.751844 0.659341 0
    outer loop
      vertex 4.87868 4.87868 2
      vertex 4.61994 5.17372 0
      vertex 4.61994 5.17372 2
    endloop
  endfacet
  facet normal 0.751844 0.659341 0
    outer loop
      vertex 4.61994 5.17372 0
      vertex 4.87868 4.87868 2
      vertex 4.87868 4.87868 0
    endloop
  endfacet
  facet normal 0.195072 0.980789 -0
    outer loop
      vertex 6.60842 4.02567 0
      vertex 6.22354 4.10222 2
      vertex 6.60842 4.02567 2
    endloop
  endfacet
  facet normal 0.195072 0.980789 0
    outer loop
      vertex 6.22354 4.10222 2
      vertex 6.60842 4.02567 0
      vertex 6.22354 4.10222 0
    endloop
  endfacet
  facet normal 0.831462 -0.555582 0
    outer loop
      vertex 4.40192 8.5 2
      vertex 4.61994 8.82628 0
      vertex 4.61994 8.82628 2
    endloop
  endfacet
  facet normal 0.831462 -0.555582 0
    outer loop
      vertex 4.61994 8.82628 0
      vertex 4.40192 8.5 2
      vertex 4.40192 8.5 0
    endloop
  endfacet
  facet normal -0.98077 -0.195165 0
    outer loop
      vertex 22.6855 7.22189 2
      vertex 22.6421 7.43999 3.1
      vertex 22.6421 7.43999 2
    endloop
  endfacet
  facet normal -0.98077 -0.195165 0
    outer loop
      vertex 22.6421 7.43999 3.1
      vertex 22.6855 7.22189 2
      vertex 22.6855 7.22189 3.1
    endloop
  endfacet
  facet normal -0.997872 -0.0652086 0
    outer loop
      vertex 22.7 7 2
      vertex 22.6855 7.22189 3.1
      vertex 22.6855 7.22189 2
    endloop
  endfacet
  facet normal -0.997872 -0.0652086 0
    outer loop
      vertex 22.6855 7.22189 3.1
      vertex 22.7 7 2
      vertex 22.7 7 3.1
    endloop
  endfacet
  facet normal -0.0653848 0.99786 0
    outer loop
      vertex 21.2219 5.31454 2
      vertex 21 5.3 3
      vertex 21.2219 5.31454 3
    endloop
  endfacet
  facet normal -0.0653848 0.99786 0
    outer loop
      vertex 21 5.3 3
      vertex 21.2219 5.31454 2
      vertex 21 5.3 2
    endloop
  endfacet
  facet normal 0.659319 -0.751863 0
    outer loop
      vertex 19.7979 8.20208 2
      vertex 19.9651 8.3487 3.1
      vertex 19.7979 8.20208 3.1
    endloop
  endfacet
  facet normal 0.659319 -0.751863 0
    outer loop
      vertex 19.9651 8.3487 3.1
      vertex 19.7979 8.20208 2
      vertex 19.9651 8.3487 2
    endloop
  endfacet
  facet normal 0.831604 0.555369 0.000213916
    outer loop
      vertex 19.628 6 3
      vertex 19.5278 6.15 3.1
      vertex 19.6236 6.00655 3.1
    endloop
  endfacet
  facet normal 0.831538 0.555468 0
    outer loop
      vertex 19.5278 6.15 3.1
      vertex 19.628 6 3
      vertex 19.5278 6.15 2
    endloop
  endfacet
  facet normal 0.83161 0.55536 -0
    outer loop
      vertex 19.6513 5.96511 2
      vertex 19.628 6 3
      vertex 19.6513 5.96511 3
    endloop
  endfacet
  facet normal 0.831552 0.555447 -4.3986e-06
    outer loop
      vertex 19.628 6 3
      vertex 19.6513 5.96511 2
      vertex 19.5278 6.15 2
    endloop
  endfacet
  facet normal 0.195122 0.980779 -0
    outer loop
      vertex 20.7781 5.31454 2
      vertex 20.56 5.35793 3
      vertex 20.7781 5.31454 3
    endloop
  endfacet
  facet normal 0.195122 0.980779 0
    outer loop
      vertex 20.56 5.35793 3
      vertex 20.7781 5.31454 2
      vertex 20.56 5.35793 2
    endloop
  endfacet
  facet normal -0.659319 -0.751863 0
    outer loop
      vertex 22.0349 8.3487 2
      vertex 22.2021 8.20208 3.1
      vertex 22.0349 8.3487 3.1
    endloop
  endfacet
  facet normal -0.659319 -0.751863 -0
    outer loop
      vertex 22.2021 8.20208 3.1
      vertex 22.0349 8.3487 2
      vertex 22.2021 8.20208 2
    endloop
  endfacet
  facet normal -0.946901 0.321525 0
    outer loop
      vertex 22.5706 6.34944 2
      vertex 22.6421 6.56001 3.1
      vertex 22.6421 6.56001 2
    endloop
  endfacet
  facet normal -0.946901 0.321525 0
    outer loop
      vertex 22.6421 6.56001 3.1
      vertex 22.5706 6.34944 2
      vertex 22.5706 6.34944 3.1
    endloop
  endfacet
  facet normal -0.751888 0.659291 0
    outer loop
      vertex 22.2021 5.79792 2
      vertex 22.3487 5.96511 3
      vertex 22.3487 5.96511 2
    endloop
  endfacet
  facet normal -0.751888 0.659291 0
    outer loop
      vertex 22.3487 5.96511 3
      vertex 22.2021 5.79792 2
      vertex 22.2021 5.79792 3
    endloop
  endfacet
  facet normal -0.751888 -0.659291 0
    outer loop
      vertex 22.3487 8.03489 2
      vertex 22.2021 8.20208 3.1
      vertex 22.2021 8.20208 2
    endloop
  endfacet
  facet normal -0.751888 -0.659291 0
    outer loop
      vertex 22.2021 8.20208 3.1
      vertex 22.3487 8.03489 2
      vertex 22.3487 8.03489 3.1
    endloop
  endfacet
  facet normal 0.946901 0.321525 0
    outer loop
      vertex 19.4294 6.34944 3.1
      vertex 19.3579 6.56001 2
      vertex 19.3579 6.56001 3.1
    endloop
  endfacet
  facet normal 0.946901 0.321525 0
    outer loop
      vertex 19.3579 6.56001 2
      vertex 19.4294 6.34944 3.1
      vertex 19.4294 6.34944 2
    endloop
  endfacet
  facet normal -0.321403 0.946943 0
    outer loop
      vertex 21.6506 5.42941 2
      vertex 21.44 5.35793 3
      vertex 21.6506 5.42941 3
    endloop
  endfacet
  facet normal -0.321403 0.946943 0
    outer loop
      vertex 21.44 5.35793 3
      vertex 21.6506 5.42941 2
      vertex 21.44 5.35793 2
    endloop
  endfacet
  facet normal 0.0653848 0.99786 -0
    outer loop
      vertex 21 5.3 2
      vertex 20.7781 5.31454 3
      vertex 21 5.3 3
    endloop
  endfacet
  facet normal 0.0653848 0.99786 0
    outer loop
      vertex 20.7781 5.31454 3
      vertex 21 5.3 2
      vertex 20.7781 5.31454 2
    endloop
  endfacet
  facet normal 0.321403 -0.946943 0
    outer loop
      vertex 20.3494 8.57059 2
      vertex 20.56 8.64207 3.1
      vertex 20.3494 8.57059 3.1
    endloop
  endfacet
  facet normal 0.321403 -0.946943 0
    outer loop
      vertex 20.56 8.64207 3.1
      vertex 20.3494 8.57059 2
      vertex 20.56 8.64207 2
    endloop
  endfacet
  facet normal -0.946901 -0.321525 0
    outer loop
      vertex 22.6421 7.43999 2
      vertex 22.5706 7.65056 3.1
      vertex 22.5706 7.65056 2
    endloop
  endfacet
  facet normal -0.946901 -0.321525 0
    outer loop
      vertex 22.5706 7.65056 3.1
      vertex 22.6421 7.43999 2
      vertex 22.6421 7.43999 3.1
    endloop
  endfacet
  facet normal 0.751888 -0.659291 0
    outer loop
      vertex 19.6513 8.03489 3.1
      vertex 19.7979 8.20208 2
      vertex 19.7979 8.20208 3.1
    endloop
  endfacet
  facet normal 0.751888 -0.659291 0
    outer loop
      vertex 19.7979 8.20208 2
      vertex 19.6513 8.03489 3.1
      vertex 19.6513 8.03489 2
    endloop
  endfacet
  facet normal 0.442349 0.896843 -0
    outer loop
      vertex 20.3494 5.42941 2
      vertex 20.15 5.52776 3
      vertex 20.3494 5.42941 3
    endloop
  endfacet
  facet normal 0.442349 0.896843 0
    outer loop
      vertex 20.15 5.52776 3
      vertex 20.3494 5.42941 2
      vertex 20.15 5.52776 2
    endloop
  endfacet
  facet normal 0.0653848 -0.99786 0
    outer loop
      vertex 20.7781 8.68546 2
      vertex 21 8.7 3.1
      vertex 20.7781 8.68546 3.1
    endloop
  endfacet
  facet normal 0.0653848 -0.99786 0
    outer loop
      vertex 21 8.7 3.1
      vertex 20.7781 8.68546 2
      vertex 21 8.7 2
    endloop
  endfacet
  facet normal -0.896789 0.442459 0
    outer loop
      vertex 22.4722 6.15 2
      vertex 22.5706 6.34944 3.1
      vertex 22.5706 6.34944 2
    endloop
  endfacet
  facet normal -0.896789 0.442459 0
    outer loop
      vertex 22.5706 6.34944 3.1
      vertex 22.4722 6.15 2
      vertex 22.4722 6.15 3.1
    endloop
  endfacet
  facet normal -0.555551 0.831483 0
    outer loop
      vertex 22.0349 5.6513 2
      vertex 21.85 5.52776 3
      vertex 22.0349 5.6513 3
    endloop
  endfacet
  facet normal -0.555551 0.831483 0
    outer loop
      vertex 21.85 5.52776 3
      vertex 22.0349 5.6513 2
      vertex 21.85 5.52776 2
    endloop
  endfacet
  facet normal 0.98077 0.195165 0
    outer loop
      vertex 19.3579 6.56001 3.1
      vertex 19.3145 6.77811 2
      vertex 19.3145 6.77811 3.1
    endloop
  endfacet
  facet normal 0.98077 0.195165 0
    outer loop
      vertex 19.3145 6.77811 2
      vertex 19.3579 6.56001 3.1
      vertex 19.3579 6.56001 2
    endloop
  endfacet
  facet normal 0.751888 0.659291 0
    outer loop
      vertex 19.7979 5.79792 3
      vertex 19.6513 5.96511 2
      vertex 19.6513 5.96511 3
    endloop
  endfacet
  facet normal 0.751888 0.659291 0
    outer loop
      vertex 19.6513 5.96511 2
      vertex 19.7979 5.79792 3
      vertex 19.7979 5.79792 2
    endloop
  endfacet
  facet normal -0.195122 -0.980779 0
    outer loop
      vertex 21.2219 8.68546 2
      vertex 21.44 8.64207 3.1
      vertex 21.2219 8.68546 3.1
    endloop
  endfacet
  facet normal -0.195122 -0.980779 -0
    outer loop
      vertex 21.44 8.64207 3.1
      vertex 21.2219 8.68546 2
      vertex 21.44 8.64207 2
    endloop
  endfacet
  facet normal -0.831552 -0.555447 0
    outer loop
      vertex 22.4722 7.85 2
      vertex 22.3487 8.03489 3.1
      vertex 22.3487 8.03489 2
    endloop
  endfacet
  facet normal -0.831552 -0.555447 0
    outer loop
      vertex 22.3487 8.03489 3.1
      vertex 22.4722 7.85 2
      vertex 22.4722 7.85 3.1
    endloop
  endfacet
  facet normal -0.997872 0.0652086 0
    outer loop
      vertex 22.6855 6.77811 2
      vertex 22.7 7 3.1
      vertex 22.7 7 2
    endloop
  endfacet
  facet normal -0.997872 0.0652086 0
    outer loop
      vertex 22.7 7 3.1
      vertex 22.6855 6.77811 2
      vertex 22.6855 6.77811 3.1
    endloop
  endfacet
  facet normal -0.321403 -0.946943 0
    outer loop
      vertex 21.44 8.64207 2
      vertex 21.6506 8.57059 3.1
      vertex 21.44 8.64207 3.1
    endloop
  endfacet
  facet normal -0.321403 -0.946943 -0
    outer loop
      vertex 21.6506 8.57059 3.1
      vertex 21.44 8.64207 2
      vertex 21.6506 8.57059 2
    endloop
  endfacet
  facet normal -0.555551 -0.831483 0
    outer loop
      vertex 21.85 8.47224 2
      vertex 22.0349 8.3487 3.1
      vertex 21.85 8.47224 3.1
    endloop
  endfacet
  facet normal -0.555551 -0.831483 -0
    outer loop
      vertex 22.0349 8.3487 3.1
      vertex 21.85 8.47224 2
      vertex 22.0349 8.3487 2
    endloop
  endfacet
  facet normal 0.195122 -0.980779 0
    outer loop
      vertex 20.56 8.64207 2
      vertex 20.7781 8.68546 3.1
      vertex 20.56 8.64207 3.1
    endloop
  endfacet
  facet normal 0.195122 -0.980779 0
    outer loop
      vertex 20.7781 8.68546 3.1
      vertex 20.56 8.64207 2
      vertex 20.7781 8.68546 2
    endloop
  endfacet
  facet normal -0.659319 0.751863 0
    outer loop
      vertex 22.2021 5.79792 2
      vertex 22.0349 5.6513 3
      vertex 22.2021 5.79792 3
    endloop
  endfacet
  facet normal -0.659319 0.751863 0
    outer loop
      vertex 22.0349 5.6513 3
      vertex 22.2021 5.79792 2
      vertex 22.0349 5.6513 2
    endloop
  endfacet
  facet normal 0.896789 -0.442459 0
    outer loop
      vertex 19.4294 7.65056 3.1
      vertex 19.5278 7.85 2
      vertex 19.5278 7.85 3.1
    endloop
  endfacet
  facet normal 0.896789 -0.442459 0
    outer loop
      vertex 19.5278 7.85 2
      vertex 19.4294 7.65056 3.1
      vertex 19.4294 7.65056 2
    endloop
  endfacet
  facet normal -0.98077 0.195165 0
    outer loop
      vertex 22.6421 6.56001 2
      vertex 22.6855 6.77811 3.1
      vertex 22.6855 6.77811 2
    endloop
  endfacet
  facet normal -0.98077 0.195165 0
    outer loop
      vertex 22.6855 6.77811 3.1
      vertex 22.6421 6.56001 2
      vertex 22.6421 6.56001 3.1
    endloop
  endfacet
  facet normal -0.195122 0.980779 0
    outer loop
      vertex 21.44 5.35793 2
      vertex 21.2219 5.31454 3
      vertex 21.44 5.35793 3
    endloop
  endfacet
  facet normal -0.195122 0.980779 0
    outer loop
      vertex 21.2219 5.31454 3
      vertex 21.44 5.35793 2
      vertex 21.2219 5.31454 2
    endloop
  endfacet
  facet normal 0.659319 0.751863 -0
    outer loop
      vertex 19.9651 5.6513 2
      vertex 19.7979 5.79792 3
      vertex 19.9651 5.6513 3
    endloop
  endfacet
  facet normal 0.659319 0.751863 0
    outer loop
      vertex 19.7979 5.79792 3
      vertex 19.9651 5.6513 2
      vertex 19.7979 5.79792 2
    endloop
  endfacet
  facet normal -0.0653848 -0.99786 0
    outer loop
      vertex 21 8.7 2
      vertex 21.2219 8.68546 3.1
      vertex 21 8.7 3.1
    endloop
  endfacet
  facet normal -0.0653848 -0.99786 -0
    outer loop
      vertex 21.2219 8.68546 3.1
      vertex 21 8.7 2
      vertex 21.2219 8.68546 2
    endloop
  endfacet
  facet normal -0.442349 -0.896843 0
    outer loop
      vertex 21.6506 8.57059 2
      vertex 21.85 8.47224 3.1
      vertex 21.6506 8.57059 3.1
    endloop
  endfacet
  facet normal -0.442349 -0.896843 -0
    outer loop
      vertex 21.85 8.47224 3.1
      vertex 21.6506 8.57059 2
      vertex 21.85 8.47224 2
    endloop
  endfacet
  facet normal -0.831538 0.555468 0
    outer loop
      vertex 22.372 6 3
      vertex 22.4722 6.15 3.1
      vertex 22.4722 6.15 2
    endloop
  endfacet
  facet normal -0.831604 0.555369 0.000213916
    outer loop
      vertex 22.4722 6.15 3.1
      vertex 22.372 6 3
      vertex 22.3764 6.00655 3.1
    endloop
  endfacet
  facet normal -0.831552 0.555447 -4.3986e-06
    outer loop
      vertex 22.3487 5.96511 2
      vertex 22.372 6 3
      vertex 22.4722 6.15 2
    endloop
  endfacet
  facet normal -0.83161 0.55536 0
    outer loop
      vertex 22.372 6 3
      vertex 22.3487 5.96511 2
      vertex 22.3487 5.96511 3
    endloop
  endfacet
  facet normal 0.997872 0.0652086 0
    outer loop
      vertex 19.3145 6.77811 3.1
      vertex 19.3 7 2
      vertex 19.3 7 3.1
    endloop
  endfacet
  facet normal 0.997872 0.0652086 0
    outer loop
      vertex 19.3 7 2
      vertex 19.3145 6.77811 3.1
      vertex 19.3145 6.77811 2
    endloop
  endfacet
  facet normal -0.442349 0.896843 0
    outer loop
      vertex 21.85 5.52776 2
      vertex 21.6506 5.42941 3
      vertex 21.85 5.52776 3
    endloop
  endfacet
  facet normal -0.442349 0.896843 0
    outer loop
      vertex 21.6506 5.42941 3
      vertex 21.85 5.52776 2
      vertex 21.6506 5.42941 2
    endloop
  endfacet
  facet normal 0.98077 -0.195165 0
    outer loop
      vertex 19.3145 7.22189 3.1
      vertex 19.3579 7.43999 2
      vertex 19.3579 7.43999 3.1
    endloop
  endfacet
  facet normal 0.98077 -0.195165 0
    outer loop
      vertex 19.3579 7.43999 2
      vertex 19.3145 7.22189 3.1
      vertex 19.3145 7.22189 2
    endloop
  endfacet
  facet normal 0.896789 0.442459 0
    outer loop
      vertex 19.5278 6.15 3.1
      vertex 19.4294 6.34944 2
      vertex 19.4294 6.34944 3.1
    endloop
  endfacet
  facet normal 0.896789 0.442459 0
    outer loop
      vertex 19.4294 6.34944 2
      vertex 19.5278 6.15 3.1
      vertex 19.5278 6.15 2
    endloop
  endfacet
  facet normal 0.946901 -0.321525 0
    outer loop
      vertex 19.3579 7.43999 3.1
      vertex 19.4294 7.65056 2
      vertex 19.4294 7.65056 3.1
    endloop
  endfacet
  facet normal 0.946901 -0.321525 0
    outer loop
      vertex 19.4294 7.65056 2
      vertex 19.3579 7.43999 3.1
      vertex 19.3579 7.43999 2
    endloop
  endfacet
  facet normal 0.555551 -0.831483 0
    outer loop
      vertex 19.9651 8.3487 2
      vertex 20.15 8.47224 3.1
      vertex 19.9651 8.3487 3.1
    endloop
  endfacet
  facet normal 0.555551 -0.831483 0
    outer loop
      vertex 20.15 8.47224 3.1
      vertex 19.9651 8.3487 2
      vertex 20.15 8.47224 2
    endloop
  endfacet
  facet normal -0.896789 -0.442459 0
    outer loop
      vertex 22.5706 7.65056 2
      vertex 22.4722 7.85 3.1
      vertex 22.4722 7.85 2
    endloop
  endfacet
  facet normal -0.896789 -0.442459 0
    outer loop
      vertex 22.4722 7.85 3.1
      vertex 22.5706 7.65056 2
      vertex 22.5706 7.65056 3.1
    endloop
  endfacet
  facet normal 0.997872 -0.0652086 0
    outer loop
      vertex 19.3 7 3.1
      vertex 19.3145 7.22189 2
      vertex 19.3145 7.22189 3.1
    endloop
  endfacet
  facet normal 0.997872 -0.0652086 0
    outer loop
      vertex 19.3145 7.22189 2
      vertex 19.3 7 3.1
      vertex 19.3 7 2
    endloop
  endfacet
  facet normal 0.321403 0.946943 -0
    outer loop
      vertex 20.56 5.35793 2
      vertex 20.3494 5.42941 3
      vertex 20.56 5.35793 3
    endloop
  endfacet
  facet normal 0.321403 0.946943 0
    outer loop
      vertex 20.3494 5.42941 3
      vertex 20.56 5.35793 2
      vertex 20.3494 5.42941 2
    endloop
  endfacet
  facet normal 0.442349 -0.896843 0
    outer loop
      vertex 20.15 8.47224 2
      vertex 20.3494 8.57059 3.1
      vertex 20.15 8.47224 3.1
    endloop
  endfacet
  facet normal 0.442349 -0.896843 0
    outer loop
      vertex 20.3494 8.57059 3.1
      vertex 20.15 8.47224 2
      vertex 20.3494 8.57059 2
    endloop
  endfacet
  facet normal 0.831552 -0.555447 0
    outer loop
      vertex 19.5278 7.85 3.1
      vertex 19.6513 8.03489 2
      vertex 19.6513 8.03489 3.1
    endloop
  endfacet
  facet normal 0.831552 -0.555447 0
    outer loop
      vertex 19.6513 8.03489 2
      vertex 19.5278 7.85 3.1
      vertex 19.5278 7.85 2
    endloop
  endfacet
  facet normal 0.555551 0.831483 -0
    outer loop
      vertex 20.15 5.52776 2
      vertex 19.9651 5.6513 3
      vertex 20.15 5.52776 3
    endloop
  endfacet
  facet normal 0.555551 0.831483 0
    outer loop
      vertex 19.9651 5.6513 3
      vertex 20.15 5.52776 2
      vertex 19.9651 5.6513 2
    endloop
  endfacet
  facet normal 0 0 -1
    outer loop
      vertex 22.6855 6.77811 3.1
      vertex 22.6855 7.22189 3.1
      vertex 22.7 7 3.1
    endloop
  endfacet
  facet normal 0 0 -1
    outer loop
      vertex 22.6421 6.56001 3.1
      vertex 22.6855 7.22189 3.1
      vertex 22.6855 6.77811 3.1
    endloop
  endfacet
  facet normal 0 0 -1
    outer loop
      vertex 22.6421 6.56001 3.1
      vertex 22.6421 7.43999 3.1
      vertex 22.6855 7.22189 3.1
    endloop
  endfacet
  facet normal 0 0 -1
    outer loop
      vertex 22.5706 6.34944 3.1
      vertex 22.6421 7.43999 3.1
      vertex 22.6421 6.56001 3.1
    endloop
  endfacet
  facet normal 0 0 -1
    outer loop
      vertex 22.5706 6.34944 3.1
      vertex 22.5706 7.65056 3.1
      vertex 22.6421 7.43999 3.1
    endloop
  endfacet
  facet normal 0 0 -1
    outer loop
      vertex 22.3764 6.00655 3.1
      vertex 22.5706 6.34944 3.1
      vertex 22.4722 6.15 3.1
    endloop
  endfacet
  facet normal -0 0 -1
    outer loop
      vertex 22.5706 6.34944 3.1
      vertex 22.3764 6.00655 3.1
      vertex 22.5706 7.65056 3.1
    endloop
  endfacet
  facet normal -0 0 -1
    outer loop
      vertex 22.5706 7.65056 3.1
      vertex 22.3764 6.00655 3.1
      vertex 22.4722 7.85 3.1
    endloop
  endfacet
  facet normal 0 0 -1
    outer loop
      vertex 22.3764 6.00655 3.1
      vertex 22.3487 8.03489 3.1
      vertex 22.4722 7.85 3.1
    endloop
  endfacet
  facet normal 0 0 -1
    outer loop
      vertex 22.3764 6.00655 3.1
      vertex 22.2021 8.20208 3.1
      vertex 22.3487 8.03489 3.1
    endloop
  endfacet
  facet normal 0 0 -1
    outer loop
      vertex 22.3764 6.00655 3.1
      vertex 22.0349 8.3487 3.1
      vertex 22.2021 8.20208 3.1
    endloop
  endfacet
  facet normal 0 0 -1
    outer loop
      vertex 22.3764 6.00655 3.1
      vertex 21.85 8.47224 3.1
      vertex 22.0349 8.3487 3.1
    endloop
  endfacet
  facet normal 0 0 -1
    outer loop
      vertex 22.3764 6.00655 3.1
      vertex 21.6506 8.57059 3.1
      vertex 21.85 8.47224 3.1
    endloop
  endfacet
  facet normal 0 0 -1
    outer loop
      vertex 22.3764 6.00655 3.1
      vertex 21.44 8.64207 3.1
      vertex 21.6506 8.57059 3.1
    endloop
  endfacet
  facet normal 0 0 -1
    outer loop
      vertex 22.3764 6.00655 3.1
      vertex 21.2219 8.68546 3.1
      vertex 21.44 8.64207 3.1
    endloop
  endfacet
  facet normal 0 0 -1
    outer loop
      vertex 22.3764 6.00655 3.1
      vertex 21 8.7 3.1
      vertex 21.2219 8.68546 3.1
    endloop
  endfacet
  facet normal 0 0 -1
    outer loop
      vertex 22.3764 6.00655 3.1
      vertex 20.7781 8.68546 3.1
      vertex 21 8.7 3.1
    endloop
  endfacet
  facet normal 0 0 -1
    outer loop
      vertex 22.3764 6.00655 3.1
      vertex 20.56 8.64207 3.1
      vertex 20.7781 8.68546 3.1
    endloop
  endfacet
  facet normal 0 0 -1
    outer loop
      vertex 22.3764 6.00655 3.1
      vertex 20.3494 8.57059 3.1
      vertex 20.56 8.64207 3.1
    endloop
  endfacet
  facet normal 0 0 -1
    outer loop
      vertex 22.3764 6.00655 3.1
      vertex 20.15 8.47224 3.1
      vertex 20.3494 8.57059 3.1
    endloop
  endfacet
  facet normal 0 0 -1
    outer loop
      vertex 22.3764 6.00655 3.1
      vertex 19.9651 8.3487 3.1
      vertex 20.15 8.47224 3.1
    endloop
  endfacet
  facet normal 0 0 -1
    outer loop
      vertex 22.3764 6.00655 3.1
      vertex 19.7979 8.20208 3.1
      vertex 19.9651 8.3487 3.1
    endloop
  endfacet
  facet normal 0 0 -1
    outer loop
      vertex 22.3764 6.00655 3.1
      vertex 19.6513 8.03489 3.1
      vertex 19.7979 8.20208 3.1
    endloop
  endfacet
  facet normal 0 0 -1
    outer loop
      vertex 19.6236 6.00655 3.1
      vertex 19.6513 8.03489 3.1
      vertex 22.3764 6.00655 3.1
    endloop
  endfacet
  facet normal 0 0 -1
    outer loop
      vertex 19.4294 6.34944 3.1
      vertex 19.6236 6.00655 3.1
      vertex 19.5278 6.15 3.1
    endloop
  endfacet
  facet normal 0 0 -1
    outer loop
      vertex 19.6236 6.00655 3.1
      vertex 19.5278 7.85 3.1
      vertex 19.6513 8.03489 3.1
    endloop
  endfacet
  facet normal 0 0 -1
    outer loop
      vertex 19.6236 6.00655 3.1
      vertex 19.4294 6.34944 3.1
      vertex 19.5278 7.85 3.1
    endloop
  endfacet
  facet normal 0 0 -1
    outer loop
      vertex 19.4294 6.34944 3.1
      vertex 19.4294 7.65056 3.1
      vertex 19.5278 7.85 3.1
    endloop
  endfacet
  facet normal 0 0 -1
    outer loop
      vertex 19.3579 6.56001 3.1
      vertex 19.4294 7.65056 3.1
      vertex 19.4294 6.34944 3.1
    endloop
  endfacet
  facet normal 0 0 -1
    outer loop
      vertex 19.3579 6.56001 3.1
      vertex 19.3579 7.43999 3.1
      vertex 19.4294 7.65056 3.1
    endloop
  endfacet
  facet normal 0 0 -1
    outer loop
      vertex 19.3145 6.77811 3.1
      vertex 19.3579 7.43999 3.1
      vertex 19.3579 6.56001 3.1
    endloop
  endfacet
  facet normal 0 0 -1
    outer loop
      vertex 19.3145 6.77811 3.1
      vertex 19.3145 7.22189 3.1
      vertex 19.3579 7.43999 3.1
    endloop
  endfacet
  facet normal 0 -0 -1
    outer loop
      vertex 19.3145 7.22189 3.1
      vertex 19.3145 6.77811 3.1
      vertex 19.3 7 3.1
    endloop
  endfacet
  facet normal -0.980813 -0.19495 0
    outer loop
      vertex 23.9743 7.39158 0
      vertex 23.8978 7.77646 2
      vertex 23.8978 7.77646 0
    endloop
  endfacet
  facet normal -0.980813 -0.19495 0
    outer loop
      vertex 23.8978 7.77646 2
      vertex 23.9743 7.39158 0
      vertex 23.9743 7.39158 2
    endloop
  endfacet
  facet normal -0.997853 -0.0654906 0
    outer loop
      vertex 24 7 0
      vertex 23.9743 7.39158 2
      vertex 23.9743 7.39158 0
    endloop
  endfacet
  facet normal -0.997853 -0.0654906 0
    outer loop
      vertex 23.9743 7.39158 2
      vertex 24 7 0
      vertex 24 7 2
    endloop
  endfacet
  facet normal -0.980813 0.19495 0
    outer loop
      vertex 23.8978 6.22354 0
      vertex 23.9743 6.60842 2
      vertex 23.9743 6.60842 0
    endloop
  endfacet
  facet normal -0.980813 0.19495 0
    outer loop
      vertex 23.9743 6.60842 2
      vertex 23.8978 6.22354 0
      vertex 23.8978 6.22354 2
    endloop
  endfacet
  facet normal 0.751768 0.659428 0
    outer loop
      vertex 18.8787 4.87868 2
      vertex 18.6199 5.17372 0
      vertex 18.6199 5.17372 2
    endloop
  endfacet
  facet normal 0.751768 0.659428 0
    outer loop
      vertex 18.6199 5.17372 0
      vertex 18.8787 4.87868 2
      vertex 18.8787 4.87868 0
    endloop
  endfacet
  facet normal -0.659392 0.751799 0
    outer loop
      vertex 23.1213 4.87868 0
      vertex 22.8263 4.61994 2
      vertex 23.1213 4.87868 2
    endloop
  endfacet
  facet normal -0.659392 0.751799 0
    outer loop
      vertex 22.8263 4.61994 2
      vertex 23.1213 4.87868 0
      vertex 22.8263 4.61994 0
    endloop
  endfacet
  facet normal -0.831485 -0.555547 0
    outer loop
      vertex 23.5981 8.5 0
      vertex 23.3801 8.82628 2
      vertex 23.3801 8.82628 0
    endloop
  endfacet
  facet normal -0.831485 -0.555547 0
    outer loop
      vertex 23.3801 8.82628 2
      vertex 23.5981 8.5 0
      vertex 23.5981 8.5 2
    endloop
  endfacet
  facet normal -0.555558 -0.831477 0
    outer loop
      vertex 22.5 9.59808 0
      vertex 22.8263 9.38006 2
      vertex 22.5 9.59808 2
    endloop
  endfacet
  facet normal -0.555558 -0.831477 -0
    outer loop
      vertex 22.8263 9.38006 2
      vertex 22.5 9.59808 0
      vertex 22.8263 9.38006 0
    endloop
  endfacet
  facet normal -0.896936 0.44216 0
    outer loop
      vertex 23.5981 5.5 0
      vertex 23.7716 5.85195 2
      vertex 23.7716 5.85195 0
    endloop
  endfacet
  facet normal -0.896936 0.44216 0
    outer loop
      vertex 23.7716 5.85195 2
      vertex 23.5981 5.5 0
      vertex 23.5981 5.5 2
    endloop
  endfacet
  facet normal -0.997853 0.0654906 0
    outer loop
      vertex 23.9743 6.60842 0
      vertex 24 7 2
      vertex 24 7 0
    endloop
  endfacet
  facet normal -0.997853 0.0654906 0
    outer loop
      vertex 24 7 2
      vertex 23.9743 6.60842 0
      vertex 23.9743 6.60842 2
    endloop
  endfacet
  facet normal -0.321514 -0.946905 0
    outer loop
      vertex 21.7765 9.89778 0
      vertex 22.148 9.77164 2
      vertex 21.7765 9.89778 2
    endloop
  endfacet
  facet normal -0.321514 -0.946905 -0
    outer loop
      vertex 22.148 9.77164 2
      vertex 21.7765 9.89778 0
      vertex 22.148 9.77164 0
    endloop
  endfacet
  facet normal 0.896936 -0.44216 0
    outer loop
      vertex 18.2284 8.14805 2
      vertex 18.4019 8.5 0
      vertex 18.4019 8.5 2
    endloop
  endfacet
  facet normal 0.896936 -0.44216 0
    outer loop
      vertex 18.4019 8.5 0
      vertex 18.2284 8.14805 2
      vertex 18.2284 8.14805 0
    endloop
  endfacet
  facet normal 0.659392 -0.751799 0
    outer loop
      vertex 18.8787 9.12132 0
      vertex 19.1737 9.38006 2
      vertex 18.8787 9.12132 2
    endloop
  endfacet
  facet normal 0.659392 -0.751799 0
    outer loop
      vertex 19.1737 9.38006 2
      vertex 18.8787 9.12132 0
      vertex 19.1737 9.38006 0
    endloop
  endfacet
  facet normal -0.321514 0.946905 0
    outer loop
      vertex 22.148 4.22836 0
      vertex 21.7765 4.10222 2
      vertex 22.148 4.22836 2
    endloop
  endfacet
  facet normal -0.321514 0.946905 0
    outer loop
      vertex 21.7765 4.10222 2
      vertex 22.148 4.22836 0
      vertex 21.7765 4.10222 0
    endloop
  endfacet
  facet normal 0.997853 0.0654906 0
    outer loop
      vertex 18.0257 6.60842 2
      vertex 18 7 0
      vertex 18 7 2
    endloop
  endfacet
  facet normal 0.997853 0.0654906 0
    outer loop
      vertex 18 7 0
      vertex 18.0257 6.60842 2
      vertex 18.0257 6.60842 0
    endloop
  endfacet
  facet normal 0.321514 -0.946905 0
    outer loop
      vertex 19.852 9.77164 0
      vertex 20.2235 9.89778 2
      vertex 19.852 9.77164 2
    endloop
  endfacet
  facet normal 0.321514 -0.946905 0
    outer loop
      vertex 20.2235 9.89778 2
      vertex 19.852 9.77164 0
      vertex 20.2235 9.89778 0
    endloop
  endfacet
  facet normal 0.831485 0.555547 0
    outer loop
      vertex 18.6199 5.17372 2
      vertex 18.4019 5.5 0
      vertex 18.4019 5.5 2
    endloop
  endfacet
  facet normal 0.831485 0.555547 0
    outer loop
      vertex 18.4019 5.5 0
      vertex 18.6199 5.17372 2
      vertex 18.6199 5.17372 0
    endloop
  endfacet
  facet normal 0.555558 -0.831477 0
    outer loop
      vertex 19.1737 9.38006 0
      vertex 19.5 9.59808 2
      vertex 19.1737 9.38006 2
    endloop
  endfacet
  facet normal 0.555558 -0.831477 0
    outer loop
      vertex 19.5 9.59808 2
      vertex 19.1737 9.38006 0
      vertex 19.5 9.59808 0
    endloop
  endfacet
  facet normal 0.831485 -0.555547 0
    outer loop
      vertex 18.4019 8.5 2
      vertex 18.6199 8.82628 0
      vertex 18.6199 8.82628 2
    endloop
  endfacet
  facet normal 0.831485 -0.555547 0
    outer loop
      vertex 18.6199 8.82628 0
      vertex 18.4019 8.5 2
      vertex 18.4019 8.5 0
    endloop
  endfacet
  facet normal 0.997853 -0.0654906 0
    outer loop
      vertex 18 7 2
      vertex 18.0257 7.39158 0
      vertex 18.0257 7.39158 2
    endloop
  endfacet
  facet normal 0.997853 -0.0654906 0
    outer loop
      vertex 18.0257 7.39158 0
      vertex 18 7 2
      vertex 18 7 0
    endloop
  endfacet
  facet normal 0.195062 0.980791 -0
    outer loop
      vertex 20.6084 4.02567 0
      vertex 20.2235 4.10222 2
      vertex 20.6084 4.02567 2
    endloop
  endfacet
  facet normal 0.195062 0.980791 0
    outer loop
      vertex 20.2235 4.10222 2
      vertex 20.6084 4.02567 0
      vertex 20.2235 4.10222 0
    endloop
  endfacet
  facet normal -0.195062 -0.980791 0
    outer loop
      vertex 21.3916 9.97433 0
      vertex 21.7765 9.89778 2
      vertex 21.3916 9.97433 2
    endloop
  endfacet
  facet normal -0.195062 -0.980791 -0
    outer loop
      vertex 21.7765 9.89778 2
      vertex 21.3916 9.97433 0
      vertex 21.7765 9.89778 0
    endloop
  endfacet
  facet normal 0.442233 -0.8969 0
    outer loop
      vertex 19.5 9.59808 0
      vertex 19.852 9.77164 2
      vertex 19.5 9.59808 2
    endloop
  endfacet
  facet normal 0.442233 -0.8969 0
    outer loop
      vertex 19.852 9.77164 2
      vertex 19.5 9.59808 0
      vertex 19.852 9.77164 0
    endloop
  endfacet
  facet normal -0.0654112 0.997858 0
    outer loop
      vertex 21.3916 4.02567 0
      vertex 21 4 2
      vertex 21.3916 4.02567 2
    endloop
  endfacet
  facet normal -0.0654112 0.997858 0
    outer loop
      vertex 21 4 2
      vertex 21.3916 4.02567 0
      vertex 21 4 0
    endloop
  endfacet
  facet normal 0.946882 0.321582 0
    outer loop
      vertex 18.2284 5.85195 2
      vertex 18.1022 6.22354 0
      vertex 18.1022 6.22354 2
    endloop
  endfacet
  facet normal 0.946882 0.321582 0
    outer loop
      vertex 18.1022 6.22354 0
      vertex 18.2284 5.85195 2
      vertex 18.2284 5.85195 0
    endloop
  endfacet
  facet normal -0.946882 0.321582 0
    outer loop
      vertex 23.7716 5.85195 0
      vertex 23.8978 6.22354 2
      vertex 23.8978 6.22354 0
    endloop
  endfacet
  facet normal -0.946882 0.321582 0
    outer loop
      vertex 23.8978 6.22354 2
      vertex 23.7716 5.85195 0
      vertex 23.7716 5.85195 2
    endloop
  endfacet
  facet normal -0.442233 -0.8969 0
    outer loop
      vertex 22.148 9.77164 0
      vertex 22.5 9.59808 2
      vertex 22.148 9.77164 2
    endloop
  endfacet
  facet normal -0.442233 -0.8969 -0
    outer loop
      vertex 22.5 9.59808 2
      vertex 22.148 9.77164 0
      vertex 22.5 9.59808 0
    endloop
  endfacet
  facet normal 0.195062 -0.980791 0
    outer loop
      vertex 20.2235 9.89778 0
      vertex 20.6084 9.97433 2
      vertex 20.2235 9.89778 2
    endloop
  endfacet
  facet normal 0.195062 -0.980791 0
    outer loop
      vertex 20.6084 9.97433 2
      vertex 20.2235 9.89778 0
      vertex 20.6084 9.97433 0
    endloop
  endfacet
  facet normal -0.751768 -0.659428 0
    outer loop
      vertex 23.3801 8.82628 0
      vertex 23.1213 9.12132 2
      vertex 23.1213 9.12132 0
    endloop
  endfacet
  facet normal -0.751768 -0.659428 0
    outer loop
      vertex 23.1213 9.12132 2
      vertex 23.3801 8.82628 0
      vertex 23.3801 8.82628 2
    endloop
  endfacet
  facet normal -0.751768 0.659428 0
    outer loop
      vertex 23.1213 4.87868 0
      vertex 23.3801 5.17372 2
      vertex 23.3801 5.17372 0
    endloop
  endfacet
  facet normal -0.751768 0.659428 0
    outer loop
      vertex 23.3801 5.17372 2
      vertex 23.1213 4.87868 0
      vertex 23.1213 4.87868 2
    endloop
  endfacet
  facet normal 0.751768 -0.659428 0
    outer loop
      vertex 18.6199 8.82628 2
      vertex 18.8787 9.12132 0
      vertex 18.8787 9.12132 2
    endloop
  endfacet
  facet normal 0.751768 -0.659428 0
    outer loop
      vertex 18.8787 9.12132 0
      vertex 18.6199 8.82628 2
      vertex 18.6199 8.82628 0
    endloop
  endfacet
  facet normal 0 0 -1
    outer loop
      vertex 22.7 7 2
      vertex 24 7 2
      vertex 23.9743 6.60842 2
    endloop
  endfacet
  facet normal 0 0 -1
    outer loop
      vertex 22.6855 6.77811 2
      vertex 23.9743 6.60842 2
      vertex 23.8978 6.22354 2
    endloop
  endfacet
  facet normal 0 0 -1
    outer loop
      vertex 24 7 2
      vertex 22.7 7 2
      vertex 23.9743 7.39158 2
    endloop
  endfacet
  facet normal 0 0 -1
    outer loop
      vertex 22.6421 6.56001 2
      vertex 23.8978 6.22354 2
      vertex 23.7716 5.85195 2
    endloop
  endfacet
  facet normal 0 0 -1
    outer loop
      vertex 22.6855 7.22189 2
      vertex 23.9743 7.39158 2
      vertex 22.7 7 2
    endloop
  endfacet
  facet normal 0 0 -1
    outer loop
      vertex 22.5706 6.34944 2
      vertex 23.7716 5.85195 2
      vertex 23.5981 5.5 2
    endloop
  endfacet
  facet normal -0 0 -1
    outer loop
      vertex 23.9743 7.39158 2
      vertex 22.6855 7.22189 2
      vertex 23.8978 7.77646 2
    endloop
  endfacet
  facet normal 0 0 -1
    outer loop
      vertex 22.4722 6.15 2
      vertex 23.5981 5.5 2
      vertex 23.3801 5.17372 2
    endloop
  endfacet
  facet normal 0 0 -1
    outer loop
      vertex 22.6421 7.43999 2
      vertex 23.8978 7.77646 2
      vertex 22.6855 7.22189 2
    endloop
  endfacet
  facet normal 0 0 -1
    outer loop
      vertex 22.3487 5.96511 2
      vertex 23.3801 5.17372 2
      vertex 23.1213 4.87868 2
    endloop
  endfacet
  facet normal -0 0 -1
    outer loop
      vertex 23.8978 7.77646 2
      vertex 22.6421 7.43999 2
      vertex 23.7716 8.14805 2
    endloop
  endfacet
  facet normal 0 0 -1
    outer loop
      vertex 22.2021 5.79792 2
      vertex 23.1213 4.87868 2
      vertex 22.8263 4.61994 2
    endloop
  endfacet
  facet normal 0 0 -1
    outer loop
      vertex 22.5706 7.65056 2
      vertex 23.7716 8.14805 2
      vertex 22.6421 7.43999 2
    endloop
  endfacet
  facet normal -0 0 -1
    outer loop
      vertex 23.7716 8.14805 2
      vertex 22.5706 7.65056 2
      vertex 23.5981 8.5 2
    endloop
  endfacet
  facet normal 0 0 -1
    outer loop
      vertex 23.9743 6.60842 2
      vertex 22.6855 6.77811 2
      vertex 22.7 7 2
    endloop
  endfacet
  facet normal 0 0 -1
    outer loop
      vertex 23.8978 6.22354 2
      vertex 22.6421 6.56001 2
      vertex 22.6855 6.77811 2
    endloop
  endfacet
  facet normal 0 0 -1
    outer loop
      vertex 23.7716 5.85195 2
      vertex 22.5706 6.34944 2
      vertex 22.6421 6.56001 2
    endloop
  endfacet
  facet normal 0 0 -1
    outer loop
      vertex 22.0349 5.6513 2
      vertex 22.8263 4.61994 2
      vertex 22.5 4.40192 2
    endloop
  endfacet
  facet normal 0 0 -1
    outer loop
      vertex 23.5981 5.5 2
      vertex 22.4722 6.15 2
      vertex 22.5706 6.34944 2
    endloop
  endfacet
  facet normal 0 0 -1
    outer loop
      vertex 23.3801 5.17372 2
      vertex 22.3487 5.96511 2
      vertex 22.4722 6.15 2
    endloop
  endfacet
  facet normal 0 0 -1
    outer loop
      vertex 23.1213 4.87868 2
      vertex 22.2021 5.79792 2
      vertex 22.3487 5.96511 2
    endloop
  endfacet
  facet normal 0 0 -1
    outer loop
      vertex 21.85 5.52776 2
      vertex 22.5 4.40192 2
      vertex 22.148 4.22836 2
    endloop
  endfacet
  facet normal 0 0 -1
    outer loop
      vertex 22.8263 4.61994 2
      vertex 22.0349 5.6513 2
      vertex 22.2021 5.79792 2
    endloop
  endfacet
  facet normal 0 0 -1
    outer loop
      vertex 22.5 4.40192 2
      vertex 21.85 5.52776 2
      vertex 22.0349 5.6513 2
    endloop
  endfacet
  facet normal 0 0 -1
    outer loop
      vertex 21.6506 5.42941 2
      vertex 22.148 4.22836 2
      vertex 21.7765 4.10222 2
    endloop
  endfacet
  facet normal 0 0 -1
    outer loop
      vertex 22.148 4.22836 2
      vertex 21.6506 5.42941 2
      vertex 21.85 5.52776 2
    endloop
  endfacet
  facet normal 0 0 -1
    outer loop
      vertex 21.7765 4.10222 2
      vertex 21.44 5.35793 2
      vertex 21.6506 5.42941 2
    endloop
  endfacet
  facet normal 0 0 -1
    outer loop
      vertex 21.3916 4.02567 2
      vertex 21.44 5.35793 2
      vertex 21.7765 4.10222 2
    endloop
  endfacet
  facet normal 0 0 -1
    outer loop
      vertex 21.3916 4.02567 2
      vertex 21.2219 5.31454 2
      vertex 21.44 5.35793 2
    endloop
  endfacet
  facet normal 0 0 -1
    outer loop
      vertex 21 4 2
      vertex 21.2219 5.31454 2
      vertex 21.3916 4.02567 2
    endloop
  endfacet
  facet normal 0 0 -1
    outer loop
      vertex 21 4 2
      vertex 21 5.3 2
      vertex 21.2219 5.31454 2
    endloop
  endfacet
  facet normal 0 0 -1
    outer loop
      vertex 21 4 2
      vertex 20.7781 5.31454 2
      vertex 21 5.3 2
    endloop
  endfacet
  facet normal 0 0 -1
    outer loop
      vertex 20.6084 4.02567 2
      vertex 20.7781 5.31454 2
      vertex 21 4 2
    endloop
  endfacet
  facet normal 0 0 -1
    outer loop
      vertex 20.6084 4.02567 2
      vertex 20.56 5.35793 2
      vertex 20.7781 5.31454 2
    endloop
  endfacet
  facet normal 0 0 -1
    outer loop
      vertex 20.2235 4.10222 2
      vertex 20.56 5.35793 2
      vertex 20.6084 4.02567 2
    endloop
  endfacet
  facet normal -0 0 -1
    outer loop
      vertex 20.56 5.35793 2
      vertex 20.2235 4.10222 2
      vertex 20.3494 5.42941 2
    endloop
  endfacet
  facet normal 0 0 -1
    outer loop
      vertex 19.852 4.22836 2
      vertex 20.3494 5.42941 2
      vertex 20.2235 4.10222 2
    endloop
  endfacet
  facet normal -0 0 -1
    outer loop
      vertex 20.3494 5.42941 2
      vertex 19.852 4.22836 2
      vertex 20.15 5.52776 2
    endloop
  endfacet
  facet normal 0 0 -1
    outer loop
      vertex 19.5 4.40192 2
      vertex 20.15 5.52776 2
      vertex 19.852 4.22836 2
    endloop
  endfacet
  facet normal -0 0 -1
    outer loop
      vertex 20.15 5.52776 2
      vertex 19.5 4.40192 2
      vertex 19.9651 5.6513 2
    endloop
  endfacet
  facet normal 0 0 -1
    outer loop
      vertex 19.1737 4.61994 2
      vertex 19.9651 5.6513 2
      vertex 19.5 4.40192 2
    endloop
  endfacet
  facet normal -0 0 -1
    outer loop
      vertex 19.9651 5.6513 2
      vertex 19.1737 4.61994 2
      vertex 19.7979 5.79792 2
    endloop
  endfacet
  facet normal 0 0 -1
    outer loop
      vertex 18.8787 4.87868 2
      vertex 19.7979 5.79792 2
      vertex 19.1737 4.61994 2
    endloop
  endfacet
  facet normal -0 0 -1
    outer loop
      vertex 19.7979 5.79792 2
      vertex 18.8787 4.87868 2
      vertex 19.6513 5.96511 2
    endloop
  endfacet
  facet normal 0 0 -1
    outer loop
      vertex 18.6199 5.17372 2
      vertex 19.6513 5.96511 2
      vertex 18.8787 4.87868 2
    endloop
  endfacet
  facet normal -0 0 -1
    outer loop
      vertex 19.6513 5.96511 2
      vertex 18.6199 5.17372 2
      vertex 19.5278 6.15 2
    endloop
  endfacet
  facet normal -0 0 -1
    outer loop
      vertex 19.5278 6.15 2
      vertex 18.4019 5.5 2
      vertex 19.4294 6.34944 2
    endloop
  endfacet
  facet normal 0 0 -1
    outer loop
      vertex 18.4019 5.5 2
      vertex 19.5278 6.15 2
      vertex 18.6199 5.17372 2
    endloop
  endfacet
  facet normal 0 0 -1
    outer loop
      vertex 22.4722 7.85 2
      vertex 23.5981 8.5 2
      vertex 22.5706 7.65056 2
    endloop
  endfacet
  facet normal -0 0 -1
    outer loop
      vertex 23.5981 8.5 2
      vertex 22.4722 7.85 2
      vertex 23.3801 8.82628 2
    endloop
  endfacet
  facet normal 0 0 -1
    outer loop
      vertex 22.3487 8.03489 2
      vertex 23.3801 8.82628 2
      vertex 22.4722 7.85 2
    endloop
  endfacet
  facet normal -0 0 -1
    outer loop
      vertex 23.3801 8.82628 2
      vertex 22.3487 8.03489 2
      vertex 23.1213 9.12132 2
    endloop
  endfacet
  facet normal 0 0 -1
    outer loop
      vertex 22.2021 8.20208 2
      vertex 23.1213 9.12132 2
      vertex 22.3487 8.03489 2
    endloop
  endfacet
  facet normal -0 0 -1
    outer loop
      vertex 23.1213 9.12132 2
      vertex 22.2021 8.20208 2
      vertex 22.8263 9.38006 2
    endloop
  endfacet
  facet normal 0 0 -1
    outer loop
      vertex 22.0349 8.3487 2
      vertex 22.8263 9.38006 2
      vertex 22.2021 8.20208 2
    endloop
  endfacet
  facet normal -0 0 -1
    outer loop
      vertex 22.8263 9.38006 2
      vertex 22.0349 8.3487 2
      vertex 22.5 9.59808 2
    endloop
  endfacet
  facet normal 0 0 -1
    outer loop
      vertex 21.85 8.47224 2
      vertex 22.5 9.59808 2
      vertex 22.0349 8.3487 2
    endloop
  endfacet
  facet normal -0 0 -1
    outer loop
      vertex 22.5 9.59808 2
      vertex 21.85 8.47224 2
      vertex 22.148 9.77164 2
    endloop
  endfacet
  facet normal 0 0 -1
    outer loop
      vertex 21.6506 8.57059 2
      vertex 22.148 9.77164 2
      vertex 21.85 8.47224 2
    endloop
  endfacet
  facet normal -0 0 -1
    outer loop
      vertex 22.148 9.77164 2
      vertex 21.6506 8.57059 2
      vertex 21.7765 9.89778 2
    endloop
  endfacet
  facet normal 0 0 -1
    outer loop
      vertex 21.44 8.64207 2
      vertex 21.7765 9.89778 2
      vertex 21.6506 8.57059 2
    endloop
  endfacet
  facet normal 0 0 -1
    outer loop
      vertex 21.44 8.64207 2
      vertex 21.3916 9.97433 2
      vertex 21.7765 9.89778 2
    endloop
  endfacet
  facet normal 0 0 -1
    outer loop
      vertex 21.2219 8.68546 2
      vertex 21.3916 9.97433 2
      vertex 21.44 8.64207 2
    endloop
  endfacet
  facet normal 0 0 -1
    outer loop
      vertex 21 8.7 2
      vertex 21.3916 9.97433 2
      vertex 21.2219 8.68546 2
    endloop
  endfacet
  facet normal 0 0 -1
    outer loop
      vertex 21 8.7 2
      vertex 21 10 2
      vertex 21.3916 9.97433 2
    endloop
  endfacet
  facet normal 0 0 -1
    outer loop
      vertex 20.7781 8.68546 2
      vertex 21 10 2
      vertex 21 8.7 2
    endloop
  endfacet
  facet normal 0 0 -1
    outer loop
      vertex 20.7781 8.68546 2
      vertex 20.6084 9.97433 2
      vertex 21 10 2
    endloop
  endfacet
  facet normal 0 0 -1
    outer loop
      vertex 20.56 8.64207 2
      vertex 20.6084 9.97433 2
      vertex 20.7781 8.68546 2
    endloop
  endfacet
  facet normal 0 0 -1
    outer loop
      vertex 20.2235 9.89778 2
      vertex 20.56 8.64207 2
      vertex 20.3494 8.57059 2
    endloop
  endfacet
  facet normal 0 0 -1
    outer loop
      vertex 20.56 8.64207 2
      vertex 20.2235 9.89778 2
      vertex 20.6084 9.97433 2
    endloop
  endfacet
  facet normal 0 0 -1
    outer loop
      vertex 19.852 9.77164 2
      vertex 20.3494 8.57059 2
      vertex 20.15 8.47224 2
    endloop
  endfacet
  facet normal 0 0 -1
    outer loop
      vertex 19.5 9.59808 2
      vertex 20.15 8.47224 2
      vertex 19.9651 8.3487 2
    endloop
  endfacet
  facet normal 0 0 -1
    outer loop
      vertex 20.3494 8.57059 2
      vertex 19.852 9.77164 2
      vertex 20.2235 9.89778 2
    endloop
  endfacet
  facet normal 0 0 -1
    outer loop
      vertex 19.1737 9.38006 2
      vertex 19.9651 8.3487 2
      vertex 19.7979 8.20208 2
    endloop
  endfacet
  facet normal 0 0 -1
    outer loop
      vertex 18.8787 9.12132 2
      vertex 19.7979 8.20208 2
      vertex 19.6513 8.03489 2
    endloop
  endfacet
  facet normal 0 0 -1
    outer loop
      vertex 18.6199 8.82628 2
      vertex 19.6513 8.03489 2
      vertex 19.5278 7.85 2
    endloop
  endfacet
  facet normal 0 0 -1
    outer loop
      vertex 20.15 8.47224 2
      vertex 19.5 9.59808 2
      vertex 19.852 9.77164 2
    endloop
  endfacet
  facet normal 0 0 -1
    outer loop
      vertex 18.4019 8.5 2
      vertex 19.5278 7.85 2
      vertex 19.4294 7.65056 2
    endloop
  endfacet
  facet normal 0 0 -1
    outer loop
      vertex 18.2284 8.14805 2
      vertex 19.4294 7.65056 2
      vertex 19.3579 7.43999 2
    endloop
  endfacet
  facet normal 0 0 -1
    outer loop
      vertex 18.1022 7.77646 2
      vertex 19.3579 7.43999 2
      vertex 19.3145 7.22189 2
    endloop
  endfacet
  facet normal 0 0 -1
    outer loop
      vertex 19.9651 8.3487 2
      vertex 19.1737 9.38006 2
      vertex 19.5 9.59808 2
    endloop
  endfacet
  facet normal 0 0 -1
    outer loop
      vertex 18.0257 7.39158 2
      vertex 19.3145 7.22189 2
      vertex 19.3 7 2
    endloop
  endfacet
  facet normal 0 0 -1
    outer loop
      vertex 18.2284 5.85195 2
      vertex 19.4294 6.34944 2
      vertex 18.4019 5.5 2
    endloop
  endfacet
  facet normal -0 0 -1
    outer loop
      vertex 19.4294 6.34944 2
      vertex 18.2284 5.85195 2
      vertex 19.3579 6.56001 2
    endloop
  endfacet
  facet normal 0 0 -1
    outer loop
      vertex 19.7979 8.20208 2
      vertex 18.8787 9.12132 2
      vertex 19.1737 9.38006 2
    endloop
  endfacet
  facet normal 0 0 -1
    outer loop
      vertex 18.1022 6.22354 2
      vertex 19.3579 6.56001 2
      vertex 18.2284 5.85195 2
    endloop
  endfacet
  facet normal 0 0 -1
    outer loop
      vertex 19.6513 8.03489 2
      vertex 18.6199 8.82628 2
      vertex 18.8787 9.12132 2
    endloop
  endfacet
  facet normal -0 0 -1
    outer loop
      vertex 19.3579 6.56001 2
      vertex 18.1022 6.22354 2
      vertex 19.3145 6.77811 2
    endloop
  endfacet
  facet normal 0 0 -1
    outer loop
      vertex 19.5278 7.85 2
      vertex 18.4019 8.5 2
      vertex 18.6199 8.82628 2
    endloop
  endfacet
  facet normal 0 0 -1
    outer loop
      vertex 18.0257 6.60842 2
      vertex 19.3145 6.77811 2
      vertex 18.1022 6.22354 2
    endloop
  endfacet
  facet normal 0 0 -1
    outer loop
      vertex 19.4294 7.65056 2
      vertex 18.2284 8.14805 2
      vertex 18.4019 8.5 2
    endloop
  endfacet
  facet normal -0 0 -1
    outer loop
      vertex 19.3145 6.77811 2
      vertex 18.0257 6.60842 2
      vertex 19.3 7 2
    endloop
  endfacet
  facet normal 0 0 -1
    outer loop
      vertex 19.3579 7.43999 2
      vertex 18.1022 7.77646 2
      vertex 18.2284 8.14805 2
    endloop
  endfacet
  facet normal 0 0 -1
    outer loop
      vertex 18 7 2
      vertex 19.3 7 2
      vertex 18.0257 6.60842 2
    endloop
  endfacet
  facet normal 0 0 -1
    outer loop
      vertex 19.3145 7.22189 2
      vertex 18.0257 7.39158 2
      vertex 18.1022 7.77646 2
    endloop
  endfacet
  facet normal 0 0 -1
    outer loop
      vertex 19.3 7 2
      vertex 18 7 2
      vertex 18.0257 7.39158 2
    endloop
  endfacet
  facet normal 0.946882 -0.321582 0
    outer loop
      vertex 18.1022 7.77646 2
      vertex 18.2284 8.14805 0
      vertex 18.2284 8.14805 2
    endloop
  endfacet
  facet normal 0.946882 -0.321582 0
    outer loop
      vertex 18.2284 8.14805 0
      vertex 18.1022 7.77646 2
      vertex 18.1022 7.77646 0
    endloop
  endfacet
  facet normal -0.195062 0.980791 0
    outer loop
      vertex 21.7765 4.10222 0
      vertex 21.3916 4.02567 2
      vertex 21.7765 4.10222 2
    endloop
  endfacet
  facet normal -0.195062 0.980791 0
    outer loop
      vertex 21.3916 4.02567 2
      vertex 21.7765 4.10222 0
      vertex 21.3916 4.02567 0
    endloop
  endfacet
  facet normal -0.442233 0.8969 0
    outer loop
      vertex 22.5 4.40192 0
      vertex 22.148 4.22836 2
      vertex 22.5 4.40192 2
    endloop
  endfacet
  facet normal -0.442233 0.8969 0
    outer loop
      vertex 22.148 4.22836 2
      vertex 22.5 4.40192 0
      vertex 22.148 4.22836 0
    endloop
  endfacet
  facet normal -0.659392 -0.751799 0
    outer loop
      vertex 22.8263 9.38006 0
      vertex 23.1213 9.12132 2
      vertex 22.8263 9.38006 2
    endloop
  endfacet
  facet normal -0.659392 -0.751799 -0
    outer loop
      vertex 23.1213 9.12132 2
      vertex 22.8263 9.38006 0
      vertex 23.1213 9.12132 0
    endloop
  endfacet
  facet normal 0.896936 0.44216 0
    outer loop
      vertex 18.4019 5.5 2
      vertex 18.2284 5.85195 0
      vertex 18.2284 5.85195 2
    endloop
  endfacet
  facet normal 0.896936 0.44216 0
    outer loop
      vertex 18.2284 5.85195 0
      vertex 18.4019 5.5 2
      vertex 18.4019 5.5 0
    endloop
  endfacet
  facet normal -0.555558 0.831477 0
    outer loop
      vertex 22.8263 4.61994 0
      vertex 22.5 4.40192 2
      vertex 22.8263 4.61994 2
    endloop
  endfacet
  facet normal -0.555558 0.831477 0
    outer loop
      vertex 22.5 4.40192 2
      vertex 22.8263 4.61994 0
      vertex 22.5 4.40192 0
    endloop
  endfacet
  facet normal -0.831485 0.555547 0
    outer loop
      vertex 23.3801 5.17372 0
      vertex 23.5981 5.5 2
      vertex 23.5981 5.5 0
    endloop
  endfacet
  facet normal -0.831485 0.555547 0
    outer loop
      vertex 23.5981 5.5 2
      vertex 23.3801 5.17372 0
      vertex 23.3801 5.17372 2
    endloop
  endfacet
  facet normal -0.896936 -0.44216 0
    outer loop
      vertex 23.7716 8.14805 0
      vertex 23.5981 8.5 2
      vertex 23.5981 8.5 0
    endloop
  endfacet
  facet normal -0.896936 -0.44216 0
    outer loop
      vertex 23.5981 8.5 2
      vertex 23.7716 8.14805 0
      vertex 23.7716 8.14805 2
    endloop
  endfacet
  facet normal -0.0654112 -0.997858 0
    outer loop
      vertex 21 10 0
      vertex 21.3916 9.97433 2
      vertex 21 10 2
    endloop
  endfacet
  facet normal -0.0654112 -0.997858 -0
    outer loop
      vertex 21.3916 9.97433 2
      vertex 21 10 0
      vertex 21.3916 9.97433 0
    endloop
  endfacet
  facet normal -0.946882 -0.321582 0
    outer loop
      vertex 23.8978 7.77646 0
      vertex 23.7716 8.14805 2
      vertex 23.7716 8.14805 0
    endloop
  endfacet
  facet normal -0.946882 -0.321582 0
    outer loop
      vertex 23.7716 8.14805 2
      vertex 23.8978 7.77646 0
      vertex 23.8978 7.77646 2
    endloop
  endfacet
  facet normal 0.980813 -0.19495 0
    outer loop
      vertex 18.0257 7.39158 2
      vertex 18.1022 7.77646 0
      vertex 18.1022 7.77646 2
    endloop
  endfacet
  facet normal 0.980813 -0.19495 0
    outer loop
      vertex 18.1022 7.77646 0
      vertex 18.0257 7.39158 2
      vertex 18.0257 7.39158 0
    endloop
  endfacet
  facet normal 0.0654112 -0.997858 0
    outer loop
      vertex 20.6084 9.97433 0
      vertex 21 10 2
      vertex 20.6084 9.97433 2
    endloop
  endfacet
  facet normal 0.0654112 -0.997858 0
    outer loop
      vertex 21 10 2
      vertex 20.6084 9.97433 0
      vertex 21 10 0
    endloop
  endfacet
  facet normal 0.659392 0.751799 -0
    outer loop
      vertex 19.1737 4.61994 0
      vertex 18.8787 4.87868 2
      vertex 19.1737 4.61994 2
    endloop
  endfacet
  facet normal 0.659392 0.751799 0
    outer loop
      vertex 18.8787 4.87868 2
      vertex 19.1737 4.61994 0
      vertex 18.8787 4.87868 0
    endloop
  endfacet
  facet normal 0.321514 0.946905 -0
    outer loop
      vertex 20.2235 4.10222 0
      vertex 19.852 4.22836 2
      vertex 20.2235 4.10222 2
    endloop
  endfacet
  facet normal 0.321514 0.946905 0
    outer loop
      vertex 19.852 4.22836 2
      vertex 20.2235 4.10222 0
      vertex 19.852 4.22836 0
    endloop
  endfacet
  facet normal 0.0654112 0.997858 -0
    outer loop
      vertex 21 4 0
      vertex 20.6084 4.02567 2
      vertex 21 4 2
    endloop
  endfacet
  facet normal 0.0654112 0.997858 0
    outer loop
      vertex 20.6084 4.02567 2
      vertex 21 4 0
      vertex 20.6084 4.02567 0
    endloop
  endfacet
  facet normal 0.980813 0.19495 0
    outer loop
      vertex 18.1022 6.22354 2
      vertex 18.0257 6.60842 0
      vertex 18.0257 6.60842 2
    endloop
  endfacet
  facet normal 0.980813 0.19495 0
    outer loop
      vertex 18.0257 6.60842 0
      vertex 18.1022 6.22354 2
      vertex 18.1022 6.22354 0
    endloop
  endfacet
  facet normal 0.442233 0.8969 -0
    outer loop
      vertex 19.852 4.22836 0
      vertex 19.5 4.40192 2
      vertex 19.852 4.22836 2
    endloop
  endfacet
  facet normal 0.442233 0.8969 0
    outer loop
      vertex 19.5 4.40192 2
      vertex 19.852 4.22836 0
      vertex 19.5 4.40192 0
    endloop
  endfacet
  facet normal 0.555558 0.831477 -0
    outer loop
      vertex 19.5 4.40192 0
      vertex 19.1737 4.61994 2
      vertex 19.5 4.40192 2
    endloop
  endfacet
  facet normal 0.555558 0.831477 0
    outer loop
      vertex 19.1737 4.61994 2
      vertex 19.5 4.40192 0
      vertex 19.1737 4.61994 0
    endloop
  endfacet
  facet normal -0 0 1
    outer loop
      vertex 0 14 39.5
      vertex 28 6 39.5
      vertex 28 14 39.5
    endloop
  endfacet
  facet normal 0 0 1
    outer loop
      vertex 28 6 39.5
      vertex 0 14 39.5
      vertex 0 6 39.5
    endloop
  endfacet
  facet normal -1 0 0
    outer loop
      vertex 22.4 11 11
      vertex 22.4 14 28
      vertex 22.4 14 11
    endloop
  endfacet
  facet normal -1 -0 0
    outer loop
      vertex 22.4 14 28
      vertex 22.4 11 11
      vertex 22.4 11 28
    endloop
  endfacet
  facet normal 0 0 -1
    outer loop
      vertex 5.6 11 28
      vertex 22.4 14 28
      vertex 22.4 11 28
    endloop
  endfacet
  facet normal -0 0 -1
    outer loop
      vertex 22.4 14 28
      vertex 5.6 11 28
      vertex 5.6 14 28
    endloop
  endfacet
  facet normal -0 0 1
    outer loop
      vertex 5.6 14 11
      vertex 22.4 11 11
      vertex 22.4 14 11
    endloop
  endfacet
  facet normal 0 0 1
    outer loop
      vertex 22.4 11 11
      vertex 5.6 14 11
      vertex 5.6 11 11
    endloop
  endfacet
  facet normal 1 -0 0
    outer loop
      vertex 5.6 11 28
      vertex 5.6 14 11
      vertex 5.6 14 28
    endloop
  endfacet
  facet normal 1 0 0
    outer loop
      vertex 5.6 14 11
      vertex 5.6 11 28
      vertex 5.6 11 11
    endloop
  endfacet
endsolid OpenSCAD_Model
