solid OpenSCAD_Model
  facet normal 1 -0 0
    outer loop
      vertex 23.5 3 16.25
      vertex 23.5 18.28 14.3382
      vertex 23.5 18.28 16.25
    endloop
  endfacet
  facet normal 1 0 0
    outer loop
      vertex 23.5 18.28 14.3382
      vertex 23.5 3 16.25
      vertex 23.5 3 14.3382
    endloop
  endfacet
  facet normal 1 -0 0
    outer loop
      vertex 23.5 57.72 16.25
      vertex 23.5 73 14.3382
      vertex 23.5 73 16.25
    endloop
  endfacet
  facet normal 1 0 0
    outer loop
      vertex 23.5 73 14.3382
      vertex 23.5 57.72 16.25
      vertex 23.5 57.72 14.3382
    endloop
  endfacet
  facet normal 1 -0 0
    outer loop
      vertex 23.5 3 10.1618
      vertex 23.5 73 3
      vertex 23.5 73 10.1618
    endloop
  endfacet
  facet normal 1 0 0
    outer loop
      vertex 23.5 73 3
      vertex 23.5 3 10.1618
      vertex 23.5 3 3
    endloop
  endfacet
  facet normal 1 -0 0
    outer loop
      vertex 23.5 24.28 16.25
      vertex 23.5 51.72 14.3382
      vertex 23.5 51.72 16.25
    endloop
  endfacet
  facet normal 1 0 0
    outer loop
      vertex 23.5 51.72 14.3382
      vertex 23.5 24.28 16.25
      vertex 23.5 24.28 14.3382
    endloop
  endfacet
  facet normal 0 0 1
    outer loop
      vertex 2.5 18.28 16.25
      vertex 0 18.28 16.25
      vertex 2.5 3 16.25
    endloop
  endfacet
  facet normal 0 0 1
    outer loop
      vertex 3.1529 3 16.25
      vertex 2.5 3 16.25
      vertex 3.1529 2.9 16.25
    endloop
  endfacet
  facet normal 0 0 1
    outer loop
      vertex 23.5 18.28 16.25
      vertex 21 18.28 16.25
      vertex 23.5 3 16.25
    endloop
  endfacet
  facet normal 0 0 1
    outer loop
      vertex 24.1529 3 16.25
      vertex 23.5 3 16.25
      vertex 24.1529 2.9 16.25
    endloop
  endfacet
  facet normal 0 0 1
    outer loop
      vertex 44.5 18.28 16.25
      vertex 42 18.28 16.25
      vertex 44.5 3 16.25
    endloop
  endfacet
  facet normal 0 0 1
    outer loop
      vertex 45.1529 3 16.25
      vertex 44.5 3 16.25
      vertex 45.1529 2.9 16.25
    endloop
  endfacet
  facet normal 0 0 1
    outer loop
      vertex 63 3 16.25
      vertex 65.5 18.28 16.25
      vertex 63 18.28 16.25
    endloop
  endfacet
  facet normal 0 0 1
    outer loop
      vertex 65.5 18.28 16.25
      vertex 63 3 16.25
      vertex 65.5 0 16.25
    endloop
  endfacet
  facet normal 0 0 1
    outer loop
      vertex 62.3471 2.9 16.25
      vertex 63 3 16.25
      vertex 62.3471 3 16.25
    endloop
  endfacet
  facet normal 0 0 1
    outer loop
      vertex 63 3 16.25
      vertex 62.3471 2.9 16.25
      vertex 65.5 0 16.25
    endloop
  endfacet
  facet normal -0 0 1
    outer loop
      vertex 45.1529 2.9 16.25
      vertex 65.5 0 16.25
      vertex 62.3471 2.9 16.25
    endloop
  endfacet
  facet normal 0 0 1
    outer loop
      vertex 42 3 16.25
      vertex 44.5 3 16.25
      vertex 42 18.28 16.25
    endloop
  endfacet
  facet normal -0 0 1
    outer loop
      vertex 42 3 16.25
      vertex 45.1529 2.9 16.25
      vertex 44.5 3 16.25
    endloop
  endfacet
  facet normal 0 0 1
    outer loop
      vertex 41.3471 2.9 16.25
      vertex 45.1529 2.9 16.25
      vertex 42 3 16.25
    endloop
  endfacet
  facet normal 0 0 1
    outer loop
      vertex 41.3471 2.9 16.25
      vertex 42 3 16.25
      vertex 41.3471 3 16.25
    endloop
  endfacet
  facet normal 0 0 1
    outer loop
      vertex 45.1529 2.9 16.25
      vertex 41.3471 2.9 16.25
      vertex 65.5 0 16.25
    endloop
  endfacet
  facet normal -0 0 1
    outer loop
      vertex 24.1529 2.9 16.25
      vertex 65.5 0 16.25
      vertex 41.3471 2.9 16.25
    endloop
  endfacet
  facet normal 0 0 1
    outer loop
      vertex 21 3 16.25
      vertex 23.5 3 16.25
      vertex 21 18.28 16.25
    endloop
  endfacet
  facet normal -0 0 1
    outer loop
      vertex 21 3 16.25
      vertex 24.1529 2.9 16.25
      vertex 23.5 3 16.25
    endloop
  endfacet
  facet normal 0 0 1
    outer loop
      vertex 20.3471 2.9 16.25
      vertex 24.1529 2.9 16.25
      vertex 21 3 16.25
    endloop
  endfacet
  facet normal 0 0 1
    outer loop
      vertex 20.3471 2.9 16.25
      vertex 21 3 16.25
      vertex 20.3471 3 16.25
    endloop
  endfacet
  facet normal 0 0 1
    outer loop
      vertex 0 0 16.25
      vertex 24.1529 2.9 16.25
      vertex 20.3471 2.9 16.25
    endloop
  endfacet
  facet normal 0 0 1
    outer loop
      vertex 0 0 16.25
      vertex 20.3471 2.9 16.25
      vertex 3.1529 2.9 16.25
    endloop
  endfacet
  facet normal 0 0 1
    outer loop
      vertex 24.1529 2.9 16.25
      vertex 0 0 16.25
      vertex 65.5 0 16.25
    endloop
  endfacet
  facet normal 0 0 1
    outer loop
      vertex 2.5 3 16.25
      vertex 0 0 16.25
      vertex 3.1529 2.9 16.25
    endloop
  endfacet
  facet normal 0 0 1
    outer loop
      vertex 0 0 16.25
      vertex 2.5 3 16.25
      vertex 0 18.28 16.25
    endloop
  endfacet
  facet normal 0 0 1
    outer loop
      vertex 65.5 76 16.25
      vertex 63 73 16.25
      vertex 65.5 57.72 16.25
    endloop
  endfacet
  facet normal 0 0 1
    outer loop
      vertex 65.5 76 16.25
      vertex 62.3471 73.1 16.25
      vertex 63 73 16.25
    endloop
  endfacet
  facet normal 0 0 1
    outer loop
      vertex 65.5 76 16.25
      vertex 45.1529 73.1 16.25
      vertex 62.3471 73.1 16.25
    endloop
  endfacet
  facet normal 0 0 1
    outer loop
      vertex 45.1529 73.1 16.25
      vertex 44.5 73 16.25
      vertex 45.1529 73 16.25
    endloop
  endfacet
  facet normal 0 0 1
    outer loop
      vertex 44.5 73 16.25
      vertex 42 73 16.25
      vertex 44.5 57.72 16.25
    endloop
  endfacet
  facet normal 0 0 1
    outer loop
      vertex 45.1529 73.1 16.25
      vertex 42 73 16.25
      vertex 44.5 73 16.25
    endloop
  endfacet
  facet normal 0 0 1
    outer loop
      vertex 41.3471 73.1 16.25
      vertex 45.1529 73.1 16.25
      vertex 65.5 76 16.25
    endloop
  endfacet
  facet normal 0 0 1
    outer loop
      vertex 45.1529 73.1 16.25
      vertex 41.3471 73.1 16.25
      vertex 42 73 16.25
    endloop
  endfacet
  facet normal 0 0 1
    outer loop
      vertex 65.5 76 16.25
      vertex 24.1529 73.1 16.25
      vertex 41.3471 73.1 16.25
    endloop
  endfacet
  facet normal 0 0 1
    outer loop
      vertex 24.1529 73.1 16.25
      vertex 23.5 73 16.25
      vertex 24.1529 73 16.25
    endloop
  endfacet
  facet normal 0 0 1
    outer loop
      vertex 23.5 73 16.25
      vertex 21 73 16.25
      vertex 23.5 57.72 16.25
    endloop
  endfacet
  facet normal 0 0 1
    outer loop
      vertex 24.1529 73.1 16.25
      vertex 21 73 16.25
      vertex 23.5 73 16.25
    endloop
  endfacet
  facet normal -0 0 1
    outer loop
      vertex 0 76 16.25
      vertex 24.1529 73.1 16.25
      vertex 65.5 76 16.25
    endloop
  endfacet
  facet normal 0 0 1
    outer loop
      vertex 24.1529 73.1 16.25
      vertex 20.3471 73.1 16.25
      vertex 21 73 16.25
    endloop
  endfacet
  facet normal 0 0 1
    outer loop
      vertex 24.1529 73.1 16.25
      vertex 0 76 16.25
      vertex 20.3471 73.1 16.25
    endloop
  endfacet
  facet normal 0 0 1
    outer loop
      vertex 3.1529 73.1 16.25
      vertex 2.5 73 16.25
      vertex 3.1529 73 16.25
    endloop
  endfacet
  facet normal 0 0 1
    outer loop
      vertex 20.3471 73.1 16.25
      vertex 0 76 16.25
      vertex 3.1529 73.1 16.25
    endloop
  endfacet
  facet normal 0 0 1
    outer loop
      vertex 0 76 16.25
      vertex 2.5 73 16.25
      vertex 3.1529 73.1 16.25
    endloop
  endfacet
  facet normal 0 0 1
    outer loop
      vertex 0 57.72 16.25
      vertex 2.5 73 16.25
      vertex 0 76 16.25
    endloop
  endfacet
  facet normal 0 0 1
    outer loop
      vertex 2.5 73 16.25
      vertex 0 57.72 16.25
      vertex 2.5 57.72 16.25
    endloop
  endfacet
  facet normal 0 0 1
    outer loop
      vertex 65.5 57.72 16.25
      vertex 63 73 16.25
      vertex 63 57.72 16.25
    endloop
  endfacet
  facet normal 0 0 1
    outer loop
      vertex 63 73 16.25
      vertex 62.3471 73.1 16.25
      vertex 62.3471 73 16.25
    endloop
  endfacet
  facet normal 0 0 1
    outer loop
      vertex 44.5 57.72 16.25
      vertex 42 73 16.25
      vertex 42 57.72 16.25
    endloop
  endfacet
  facet normal 0 0 1
    outer loop
      vertex 42 73 16.25
      vertex 41.3471 73.1 16.25
      vertex 41.3471 73 16.25
    endloop
  endfacet
  facet normal 0 0 1
    outer loop
      vertex 23.5 57.72 16.25
      vertex 21 73 16.25
      vertex 21 57.72 16.25
    endloop
  endfacet
  facet normal 0 0 1
    outer loop
      vertex 21 73 16.25
      vertex 20.3471 73.1 16.25
      vertex 20.3471 73 16.25
    endloop
  endfacet
  facet normal -0 0 1
    outer loop
      vertex 0 51.72 16.25
      vertex 2.5 24.28 16.25
      vertex 2.5 51.72 16.25
    endloop
  endfacet
  facet normal 0 0 1
    outer loop
      vertex 2.5 24.28 16.25
      vertex 0 51.72 16.25
      vertex 0 24.28 16.25
    endloop
  endfacet
  facet normal -0 0 1
    outer loop
      vertex 21 51.72 16.25
      vertex 23.5 24.28 16.25
      vertex 23.5 51.72 16.25
    endloop
  endfacet
  facet normal 0 0 1
    outer loop
      vertex 23.5 24.28 16.25
      vertex 21 51.72 16.25
      vertex 21 24.28 16.25
    endloop
  endfacet
  facet normal -0 0 1
    outer loop
      vertex 42 51.72 16.25
      vertex 44.5 24.28 16.25
      vertex 44.5 51.72 16.25
    endloop
  endfacet
  facet normal 0 0 1
    outer loop
      vertex 44.5 24.28 16.25
      vertex 42 51.72 16.25
      vertex 42 24.28 16.25
    endloop
  endfacet
  facet normal -0 0 1
    outer loop
      vertex 63 51.72 16.25
      vertex 65.5 24.28 16.25
      vertex 65.5 51.72 16.25
    endloop
  endfacet
  facet normal 0 0 1
    outer loop
      vertex 65.5 24.28 16.25
      vertex 63 51.72 16.25
      vertex 63 24.28 16.25
    endloop
  endfacet
  facet normal 0 0 -1
    outer loop
      vertex 65.5 0 0
      vertex 63 22.8 0
      vertex 65.5 76 0
    endloop
  endfacet
  facet normal 0 0 -1
    outer loop
      vertex 65.5 0 0
      vertex 47 22.8 0
      vertex 63 22.8 0
    endloop
  endfacet
  facet normal 0 0 -1
    outer loop
      vertex 47 22.8 0
      vertex 42 22.8 0
      vertex 47 53.2 0
    endloop
  endfacet
  facet normal 0 0 -1
    outer loop
      vertex 65.5 0 0
      vertex 42 22.8 0
      vertex 47 22.8 0
    endloop
  endfacet
  facet normal 0 0 -1
    outer loop
      vertex 65.5 0 0
      vertex 26 22.8 0
      vertex 42 22.8 0
    endloop
  endfacet
  facet normal 0 0 -1
    outer loop
      vertex 26 22.8 0
      vertex 21 22.8 0
      vertex 26 53.2 0
    endloop
  endfacet
  facet normal 0 0 -1
    outer loop
      vertex 0 0 0
      vertex 26 22.8 0
      vertex 65.5 0 0
    endloop
  endfacet
  facet normal -0 0 -1
    outer loop
      vertex 26 22.8 0
      vertex 0 0 0
      vertex 21 22.8 0
    endloop
  endfacet
  facet normal -0 0 -1
    outer loop
      vertex 5 22.8 0
      vertex 0 0 0
      vertex 5 53.2 0
    endloop
  endfacet
  facet normal -0 0 -1
    outer loop
      vertex 21 22.8 0
      vertex 0 0 0
      vertex 5 22.8 0
    endloop
  endfacet
  facet normal 0 0 -1
    outer loop
      vertex 63 53.2 0
      vertex 65.5 76 0
      vertex 63 22.8 0
    endloop
  endfacet
  facet normal 0 0 -1
    outer loop
      vertex 47 53.2 0
      vertex 65.5 76 0
      vertex 63 53.2 0
    endloop
  endfacet
  facet normal 0 0 -1
    outer loop
      vertex 42 53.2 0
      vertex 47 53.2 0
      vertex 42 22.8 0
    endloop
  endfacet
  facet normal 0 0 -1
    outer loop
      vertex 42 53.2 0
      vertex 65.5 76 0
      vertex 47 53.2 0
    endloop
  endfacet
  facet normal 0 0 -1
    outer loop
      vertex 26 53.2 0
      vertex 65.5 76 0
      vertex 42 53.2 0
    endloop
  endfacet
  facet normal 0 0 -1
    outer loop
      vertex 21 53.2 0
      vertex 26 53.2 0
      vertex 21 22.8 0
    endloop
  endfacet
  facet normal 0 0 -1
    outer loop
      vertex 0 76 0
      vertex 26 53.2 0
      vertex 21 53.2 0
    endloop
  endfacet
  facet normal 0 0 -1
    outer loop
      vertex 0 76 0
      vertex 21 53.2 0
      vertex 5 53.2 0
    endloop
  endfacet
  facet normal 0 0 -1
    outer loop
      vertex 26 53.2 0
      vertex 0 76 0
      vertex 65.5 76 0
    endloop
  endfacet
  facet normal 0 0 -1
    outer loop
      vertex 0 76 0
      vertex 5 53.2 0
      vertex 0 0 0
    endloop
  endfacet
  facet normal -1 0 0
    outer loop
      vertex 21 3 14.3382
      vertex 21 18.28 16.25
      vertex 21 18.28 14.3382
    endloop
  endfacet
  facet normal -1 -0 0
    outer loop
      vertex 21 18.28 16.25
      vertex 21 3 14.3382
      vertex 21 3 16.25
    endloop
  endfacet
  facet normal -1 0 0
    outer loop
      vertex 21 57.72 14.3382
      vertex 21 73 16.25
      vertex 21 73 14.3382
    endloop
  endfacet
  facet normal -1 -0 0
    outer loop
      vertex 21 73 16.25
      vertex 21 57.72 14.3382
      vertex 21 57.72 16.25
    endloop
  endfacet
  facet normal -1 0 0
    outer loop
      vertex 21 22.8 3
      vertex 21 3 3
      vertex 21 22.8 3.1
    endloop
  endfacet
  facet normal -1 0 0
    outer loop
      vertex 21 53.2 3.1
      vertex 21 73 3
      vertex 21 53.2 3
    endloop
  endfacet
  facet normal -1 0 0
    outer loop
      vertex 21 73 3
      vertex 21 53.2 3.1
      vertex 21 73 10.1618
    endloop
  endfacet
  facet normal -1 0 0
    outer loop
      vertex 21 22.8 3.1
      vertex 21 73 10.1618
      vertex 21 53.2 3.1
    endloop
  endfacet
  facet normal -1 0 0
    outer loop
      vertex 21 3 10.1618
      vertex 21 22.8 3.1
      vertex 21 3 3
    endloop
  endfacet
  facet normal -1 0 0
    outer loop
      vertex 21 22.8 3.1
      vertex 21 3 10.1618
      vertex 21 73 10.1618
    endloop
  endfacet
  facet normal -1 0 0
    outer loop
      vertex 21 22.8 0
      vertex 21 53.2 3
      vertex 21 53.2 0
    endloop
  endfacet
  facet normal -1 0 0
    outer loop
      vertex 21 22.8 3
      vertex 21 53.2 3
      vertex 21 22.8 0
    endloop
  endfacet
  facet normal -1 0 0
    outer loop
      vertex 21 53.2 3
      vertex 21 22.8 3
      vertex 21 53.2 3.1
    endloop
  endfacet
  facet normal -1 -0 0
    outer loop
      vertex 21 53.2 3.1
      vertex 21 22.8 3
      vertex 21 22.8 3.1
    endloop
  endfacet
  facet normal -1 0 0
    outer loop
      vertex 21 24.28 14.3382
      vertex 21 51.72 16.25
      vertex 21 51.72 14.3382
    endloop
  endfacet
  facet normal -1 -0 0
    outer loop
      vertex 21 51.72 16.25
      vertex 21 24.28 14.3382
      vertex 21 24.28 16.25
    endloop
  endfacet
  facet normal 0 1 0
    outer loop
      vertex 65.5 76 16.25
      vertex 40.75 76 11
      vertex 0 76 16.25
    endloop
  endfacet
  facet normal 0 1 -0
    outer loop
      vertex 65.5 76 0
      vertex 40.75 76 11
      vertex 65.5 76 16.25
    endloop
  endfacet
  facet normal 0 1 0
    outer loop
      vertex 40.75 76 3
      vertex 65.5 76 0
      vertex 24.75 76 3
    endloop
  endfacet
  facet normal 0 1 0
    outer loop
      vertex 40.75 76 11
      vertex 65.5 76 0
      vertex 40.75 76 3
    endloop
  endfacet
  facet normal 0 1 -0
    outer loop
      vertex 24.75 76 11
      vertex 0 76 16.25
      vertex 40.75 76 11
    endloop
  endfacet
  facet normal 0 1 0
    outer loop
      vertex 0 76 0
      vertex 24.75 76 11
      vertex 24.75 76 3
    endloop
  endfacet
  facet normal 0 1 0
    outer loop
      vertex 24.75 76 11
      vertex 0 76 0
      vertex 0 76 16.25
    endloop
  endfacet
  facet normal 0 1 0
    outer loop
      vertex 0 76 0
      vertex 24.75 76 3
      vertex 65.5 76 0
    endloop
  endfacet
  facet normal 0 -1 0
    outer loop
      vertex 0 0 0
      vertex 65.5 0 16.25
      vertex 0 0 16.25
    endloop
  endfacet
  facet normal 0 -1 -0
    outer loop
      vertex 65.5 0 16.25
      vertex 0 0 0
      vertex 65.5 0 0
    endloop
  endfacet
  facet normal 1 -0 0
    outer loop
      vertex 44.5 3 16.25
      vertex 44.5 18.28 14.3382
      vertex 44.5 18.28 16.25
    endloop
  endfacet
  facet normal 1 0 0
    outer loop
      vertex 44.5 18.28 14.3382
      vertex 44.5 3 16.25
      vertex 44.5 3 14.3382
    endloop
  endfacet
  facet normal 1 -0 0
    outer loop
      vertex 44.5 57.72 16.25
      vertex 44.5 73 14.3382
      vertex 44.5 73 16.25
    endloop
  endfacet
  facet normal 1 0 0
    outer loop
      vertex 44.5 73 14.3382
      vertex 44.5 57.72 16.25
      vertex 44.5 57.72 14.3382
    endloop
  endfacet
  facet normal 1 -0 0
    outer loop
      vertex 44.5 3 10.1618
      vertex 44.5 73 3
      vertex 44.5 73 10.1618
    endloop
  endfacet
  facet normal 1 0 0
    outer loop
      vertex 44.5 73 3
      vertex 44.5 3 10.1618
      vertex 44.5 3 3
    endloop
  endfacet
  facet normal 1 -0 0
    outer loop
      vertex 44.5 24.28 16.25
      vertex 44.5 51.72 14.3382
      vertex 44.5 51.72 16.25
    endloop
  endfacet
  facet normal 1 0 0
    outer loop
      vertex 44.5 51.72 14.3382
      vertex 44.5 24.28 16.25
      vertex 44.5 24.28 14.3382
    endloop
  endfacet
  facet normal -1 0 0
    outer loop
      vertex 42 3 14.3382
      vertex 42 18.28 16.25
      vertex 42 18.28 14.3382
    endloop
  endfacet
  facet normal -1 -0 0
    outer loop
      vertex 42 18.28 16.25
      vertex 42 3 14.3382
      vertex 42 3 16.25
    endloop
  endfacet
  facet normal -1 0 0
    outer loop
      vertex 42 57.72 14.3382
      vertex 42 73 16.25
      vertex 42 73 14.3382
    endloop
  endfacet
  facet normal -1 -0 0
    outer loop
      vertex 42 73 16.25
      vertex 42 57.72 14.3382
      vertex 42 57.72 16.25
    endloop
  endfacet
  facet normal -1 0 0
    outer loop
      vertex 42 22.8 3
      vertex 42 3 3
      vertex 42 22.8 3.1
    endloop
  endfacet
  facet normal -1 0 0
    outer loop
      vertex 42 53.2 3.1
      vertex 42 73 3
      vertex 42 53.2 3
    endloop
  endfacet
  facet normal -1 0 0
    outer loop
      vertex 42 73 3
      vertex 42 53.2 3.1
      vertex 42 73 10.1618
    endloop
  endfacet
  facet normal -1 0 0
    outer loop
      vertex 42 22.8 3.1
      vertex 42 73 10.1618
      vertex 42 53.2 3.1
    endloop
  endfacet
  facet normal -1 0 0
    outer loop
      vertex 42 3 10.1618
      vertex 42 22.8 3.1
      vertex 42 3 3
    endloop
  endfacet
  facet normal -1 0 0
    outer loop
      vertex 42 22.8 3.1
      vertex 42 3 10.1618
      vertex 42 73 10.1618
    endloop
  endfacet
  facet normal -1 0 0
    outer loop
      vertex 42 22.8 0
      vertex 42 53.2 3
      vertex 42 53.2 0
    endloop
  endfacet
  facet normal -1 0 0
    outer loop
      vertex 42 22.8 3
      vertex 42 53.2 3
      vertex 42 22.8 0
    endloop
  endfacet
  facet normal -1 0 0
    outer loop
      vertex 42 53.2 3
      vertex 42 22.8 3
      vertex 42 53.2 3.1
    endloop
  endfacet
  facet normal -1 -0 0
    outer loop
      vertex 42 53.2 3.1
      vertex 42 22.8 3
      vertex 42 22.8 3.1
    endloop
  endfacet
  facet normal -1 0 0
    outer loop
      vertex 42 24.28 14.3382
      vertex 42 51.72 16.25
      vertex 42 51.72 14.3382
    endloop
  endfacet
  facet normal -1 -0 0
    outer loop
      vertex 42 51.72 16.25
      vertex 42 24.28 14.3382
      vertex 42 24.28 16.25
    endloop
  endfacet
  facet normal 1 0 0
    outer loop
      vertex 65.5 18.28 16.25
      vertex 65.5 0 16.25
      vertex 65.5 18.28 12.25
    endloop
  endfacet
  facet normal 1 0 0
    outer loop
      vertex 65.5 51.72 16.25
      vertex 65.5 24.28 16.25
      vertex 65.5 51.72 12.25
    endloop
  endfacet
  facet normal 1 0 0
    outer loop
      vertex 65.5 57.72 12.25
      vertex 65.5 76 16.25
      vertex 65.5 57.72 16.25
    endloop
  endfacet
  facet normal 1 0 0
    outer loop
      vertex 65.5 76 16.25
      vertex 65.5 57.72 12.25
      vertex 65.5 76 0
    endloop
  endfacet
  facet normal 1 -0 0
    outer loop
      vertex 65.5 51.72 12.25
      vertex 65.5 76 0
      vertex 65.5 57.72 12.25
    endloop
  endfacet
  facet normal 1 0 0
    outer loop
      vertex 65.5 24.28 12.25
      vertex 65.5 51.72 12.25
      vertex 65.5 24.28 16.25
    endloop
  endfacet
  facet normal 1 0 0
    outer loop
      vertex 65.5 51.72 12.25
      vertex 65.5 24.28 12.25
      vertex 65.5 76 0
    endloop
  endfacet
  facet normal 1 0 0
    outer loop
      vertex 65.5 0 0
      vertex 65.5 24.28 12.25
      vertex 65.5 18.28 12.25
    endloop
  endfacet
  facet normal 1 0 0
    outer loop
      vertex 65.5 24.28 12.25
      vertex 65.5 0 0
      vertex 65.5 76 0
    endloop
  endfacet
  facet normal 1 0 0
    outer loop
      vertex 65.5 0 0
      vertex 65.5 18.28 12.25
      vertex 65.5 0 16.25
    endloop
  endfacet
  facet normal -0 0 1
    outer loop
      vertex 55.8382 73 3
      vertex 63 53.2 3
      vertex 63 73 3
    endloop
  endfacet
  facet normal 0 0 1
    outer loop
      vertex 63 53.2 3
      vertex 55.8382 73 3
      vertex 55.8382 53.2 3
    endloop
  endfacet
  facet normal 0 0 1
    outer loop
      vertex 9.66175 73 3
      vertex 5 53.2 3
      vertex 9.66175 53.2 3
    endloop
  endfacet
  facet normal 0 0 1
    outer loop
      vertex 5 53.2 3
      vertex 2.5 73 3
      vertex 5 22.8 3
    endloop
  endfacet
  facet normal -0 0 1
    outer loop
      vertex 2.5 73 3
      vertex 5 53.2 3
      vertex 9.66175 73 3
    endloop
  endfacet
  facet normal -0 0 1
    outer loop
      vertex 5 22.8 3
      vertex 9.66175 3 3
      vertex 9.66175 22.8 3
    endloop
  endfacet
  facet normal 0 0 1
    outer loop
      vertex 5 22.8 3
      vertex 2.5 3 3
      vertex 9.66175 3 3
    endloop
  endfacet
  facet normal 0 0 1
    outer loop
      vertex 2.5 3 3
      vertex 5 22.8 3
      vertex 2.5 73 3
    endloop
  endfacet
  facet normal -0 0 1
    outer loop
      vertex 55.8382 22.8 3
      vertex 63 3 3
      vertex 63 22.8 3
    endloop
  endfacet
  facet normal 0 0 1
    outer loop
      vertex 63 3 3
      vertex 55.8382 22.8 3
      vertex 55.8382 3 3
    endloop
  endfacet
  facet normal -0 0 1
    outer loop
      vertex 13.8382 22.8 3
      vertex 21 3 3
      vertex 21 22.8 3
    endloop
  endfacet
  facet normal 0 0 1
    outer loop
      vertex 21 3 3
      vertex 13.8382 22.8 3
      vertex 13.8382 3 3
    endloop
  endfacet
  facet normal 0 0 1
    outer loop
      vertex 24.75 73 3
      vertex 23.5 73 3
      vertex 24.75 72.9 3
    endloop
  endfacet
  facet normal 0 0 1
    outer loop
      vertex 30.6618 72.9 3
      vertex 26 53.2 3
      vertex 30.6618 53.2 3
    endloop
  endfacet
  facet normal 0 0 1
    outer loop
      vertex 23.5 73 3
      vertex 26 53.2 3
      vertex 24.75 72.9 3
    endloop
  endfacet
  facet normal -0 0 1
    outer loop
      vertex 24.75 72.9 3
      vertex 26 53.2 3
      vertex 30.6618 72.9 3
    endloop
  endfacet
  facet normal -0 0 1
    outer loop
      vertex 26 22.8 3
      vertex 30.6618 3 3
      vertex 30.6618 22.8 3
    endloop
  endfacet
  facet normal 0 0 1
    outer loop
      vertex 26 53.2 3
      vertex 23.5 73 3
      vertex 26 22.8 3
    endloop
  endfacet
  facet normal 0 0 1
    outer loop
      vertex 26 22.8 3
      vertex 23.5 3 3
      vertex 30.6618 3 3
    endloop
  endfacet
  facet normal 0 0 1
    outer loop
      vertex 23.5 3 3
      vertex 26 22.8 3
      vertex 23.5 73 3
    endloop
  endfacet
  facet normal -0 0 1
    outer loop
      vertex 34.8382 22.8 3
      vertex 42 3 3
      vertex 42 22.8 3
    endloop
  endfacet
  facet normal 0 0 1
    outer loop
      vertex 42 3 3
      vertex 34.8382 22.8 3
      vertex 34.8382 3 3
    endloop
  endfacet
  facet normal 0 0 1
    outer loop
      vertex 51.6618 73 3
      vertex 47 53.2 3
      vertex 51.6618 53.2 3
    endloop
  endfacet
  facet normal 0 0 1
    outer loop
      vertex 47 53.2 3
      vertex 44.5 73 3
      vertex 47 22.8 3
    endloop
  endfacet
  facet normal -0 0 1
    outer loop
      vertex 44.5 73 3
      vertex 47 53.2 3
      vertex 51.6618 73 3
    endloop
  endfacet
  facet normal -0 0 1
    outer loop
      vertex 47 22.8 3
      vertex 51.6618 3 3
      vertex 51.6618 22.8 3
    endloop
  endfacet
  facet normal 0 0 1
    outer loop
      vertex 47 22.8 3
      vertex 44.5 3 3
      vertex 51.6618 3 3
    endloop
  endfacet
  facet normal 0 0 1
    outer loop
      vertex 44.5 3 3
      vertex 47 22.8 3
      vertex 44.5 73 3
    endloop
  endfacet
  facet normal -0 0 1
    outer loop
      vertex 13.8382 73 3
      vertex 21 53.2 3
      vertex 21 73 3
    endloop
  endfacet
  facet normal 0 0 1
    outer loop
      vertex 21 53.2 3
      vertex 13.8382 73 3
      vertex 13.8382 53.2 3
    endloop
  endfacet
  facet normal 0 0 1
    outer loop
      vertex 40.75 72.9 3
      vertex 42 73 3
      vertex 40.75 73 3
    endloop
  endfacet
  facet normal 0 0 1
    outer loop
      vertex 42 73 3
      vertex 40.75 72.9 3
      vertex 42 53.2 3
    endloop
  endfacet
  facet normal 0 0 1
    outer loop
      vertex 34.8382 53.2 3
      vertex 40.75 72.9 3
      vertex 34.8382 72.9 3
    endloop
  endfacet
  facet normal 0 0 1
    outer loop
      vertex 40.75 72.9 3
      vertex 34.8382 53.2 3
      vertex 42 53.2 3
    endloop
  endfacet
  facet normal -0 0 1
    outer loop
      vertex 34.8382 73.1 3
      vertex 40.75 73 3
      vertex 40.75 76 3
    endloop
  endfacet
  facet normal 0 0 1
    outer loop
      vertex 34.8382 72.9 3
      vertex 40.75 73 3
      vertex 34.8382 73.1 3
    endloop
  endfacet
  facet normal 0 0 1
    outer loop
      vertex 40.75 76 3
      vertex 30.6618 73.1 3
      vertex 34.8382 73.1 3
    endloop
  endfacet
  facet normal -0 0 1
    outer loop
      vertex 24.75 76 3
      vertex 30.6618 73.1 3
      vertex 40.75 76 3
    endloop
  endfacet
  facet normal 0 0 1
    outer loop
      vertex 24.75 73 3
      vertex 30.6618 73.1 3
      vertex 24.75 76 3
    endloop
  endfacet
  facet normal 0 0 1
    outer loop
      vertex 30.6618 73.1 3
      vertex 24.75 73 3
      vertex 30.6618 72.9 3
    endloop
  endfacet
  facet normal 0 0 1
    outer loop
      vertex 30.6618 72.9 3
      vertex 24.75 73 3
      vertex 24.75 72.9 3
    endloop
  endfacet
  facet normal 0 0 1
    outer loop
      vertex 40.75 73 3
      vertex 34.8382 72.9 3
      vertex 40.75 72.9 3
    endloop
  endfacet
  facet normal -1 0 0
    outer loop
      vertex 0 76 0
      vertex 0 57.72 12.25
      vertex 0 76 16.25
    endloop
  endfacet
  facet normal -1 0 0
    outer loop
      vertex 0 76 0
      vertex 0 51.72 12.25
      vertex 0 57.72 12.25
    endloop
  endfacet
  facet normal -1 0 0
    outer loop
      vertex 0 51.72 12.25
      vertex 0 24.28 12.25
      vertex 0 51.72 16.25
    endloop
  endfacet
  facet normal -1 0 0
    outer loop
      vertex 0 76 0
      vertex 0 24.28 12.25
      vertex 0 51.72 12.25
    endloop
  endfacet
  facet normal -1 0 0
    outer loop
      vertex 0 0 0
      vertex 0 24.28 12.25
      vertex 0 76 0
    endloop
  endfacet
  facet normal -1 -0 0
    outer loop
      vertex 0 24.28 12.25
      vertex 0 0 0
      vertex 0 18.28 12.25
    endloop
  endfacet
  facet normal -1 0 0
    outer loop
      vertex 0 0 16.25
      vertex 0 18.28 12.25
      vertex 0 0 0
    endloop
  endfacet
  facet normal -1 0 0
    outer loop
      vertex 0 18.28 12.25
      vertex 0 0 16.25
      vertex 0 18.28 16.25
    endloop
  endfacet
  facet normal -1 -0 0
    outer loop
      vertex 0 76 16.25
      vertex 0 57.72 12.25
      vertex 0 57.72 16.25
    endloop
  endfacet
  facet normal -1 -0 0
    outer loop
      vertex 0 51.72 16.25
      vertex 0 24.28 12.25
      vertex 0 24.28 16.25
    endloop
  endfacet
  facet normal 0 1 -0
    outer loop
      vertex 2.97314 3 15.8855
      vertex 2.5 3 16.25
      vertex 3.1529 3 16.25
    endloop
  endfacet
  facet normal 0 1 -0
    outer loop
      vertex 2.5737 3 14.7088
      vertex 2.5 3 16.25
      vertex 2.97314 3 15.8855
    endloop
  endfacet
  facet normal 0 1 0
    outer loop
      vertex 2.5 3 16.25
      vertex 2.5737 3 14.7088
      vertex 2.5 3 14.3382
    endloop
  endfacet
  facet normal 0 1 0
    outer loop
      vertex 63 3 16.25
      vertex 62.5269 3 15.8855
      vertex 62.3471 3 16.25
    endloop
  endfacet
  facet normal 0 1 0
    outer loop
      vertex 63 3 16.25
      vertex 62.9263 3 14.7088
      vertex 62.5269 3 15.8855
    endloop
  endfacet
  facet normal -0 1 0
    outer loop
      vertex 62.9263 3 14.7088
      vertex 63 3 16.25
      vertex 63 3 14.3382
    endloop
  endfacet
  facet normal 0 1 0
    outer loop
      vertex 2.5737 3 9.79122
      vertex 2.5 3 3
      vertex 2.5 3 10.1618
    endloop
  endfacet
  facet normal 0 1 0
    outer loop
      vertex 2.97314 3 8.61451
      vertex 2.5 3 3
      vertex 2.5737 3 9.79122
    endloop
  endfacet
  facet normal 0 1 0
    outer loop
      vertex 3.52276 3 7.5
      vertex 2.5 3 3
      vertex 2.97314 3 8.61451
    endloop
  endfacet
  facet normal 0 1 0
    outer loop
      vertex 4.21314 3 6.46677
      vertex 2.5 3 3
      vertex 3.52276 3 7.5
    endloop
  endfacet
  facet normal 0 1 0
    outer loop
      vertex 5.03249 3 5.53249
      vertex 2.5 3 3
      vertex 4.21314 3 6.46677
    endloop
  endfacet
  facet normal 0 1 0
    outer loop
      vertex 5.96677 3 4.71314
      vertex 2.5 3 3
      vertex 5.03249 3 5.53249
    endloop
  endfacet
  facet normal 0 1 0
    outer loop
      vertex 7 3 4.02276
      vertex 2.5 3 3
      vertex 5.96677 3 4.71314
    endloop
  endfacet
  facet normal 0 1 0
    outer loop
      vertex 8.11451 3 3.47314
      vertex 2.5 3 3
      vertex 7 3 4.02276
    endloop
  endfacet
  facet normal 0 1 0
    outer loop
      vertex 9.29122 3 3.0737
      vertex 2.5 3 3
      vertex 8.11451 3 3.47314
    endloop
  endfacet
  facet normal 0 1 0
    outer loop
      vertex 2.5 3 3
      vertex 9.29122 3 3.0737
      vertex 9.66175 3 3
    endloop
  endfacet
  facet normal 0 1 -0
    outer loop
      vertex 63 3 3
      vertex 62.9263 3 9.79122
      vertex 63 3 10.1618
    endloop
  endfacet
  facet normal 0 1 0
    outer loop
      vertex 63 3 3
      vertex 62.5269 3 8.61451
      vertex 62.9263 3 9.79122
    endloop
  endfacet
  facet normal 0 1 0
    outer loop
      vertex 63 3 3
      vertex 61.9772 3 7.5
      vertex 62.5269 3 8.61451
    endloop
  endfacet
  facet normal 0 1 0
    outer loop
      vertex 63 3 3
      vertex 61.2869 3 6.46677
      vertex 61.9772 3 7.5
    endloop
  endfacet
  facet normal 0 1 0
    outer loop
      vertex 63 3 3
      vertex 60.4675 3 5.53249
      vertex 61.2869 3 6.46677
    endloop
  endfacet
  facet normal 0 1 0
    outer loop
      vertex 63 3 3
      vertex 59.5332 3 4.71314
      vertex 60.4675 3 5.53249
    endloop
  endfacet
  facet normal 0 1 0
    outer loop
      vertex 63 3 3
      vertex 58.5 3 4.02276
      vertex 59.5332 3 4.71314
    endloop
  endfacet
  facet normal 0 1 0
    outer loop
      vertex 63 3 3
      vertex 57.3855 3 3.47314
      vertex 58.5 3 4.02276
    endloop
  endfacet
  facet normal 0 1 0
    outer loop
      vertex 63 3 3
      vertex 56.2088 3 3.0737
      vertex 57.3855 3 3.47314
    endloop
  endfacet
  facet normal 0 1 0
    outer loop
      vertex 56.2088 3 3.0737
      vertex 63 3 3
      vertex 55.8382 3 3
    endloop
  endfacet
  facet normal 0 1 0
    outer loop
      vertex 21 3 16.25
      vertex 20.5269 3 15.8855
      vertex 20.3471 3 16.25
    endloop
  endfacet
  facet normal 0 1 0
    outer loop
      vertex 21 3 16.25
      vertex 20.9263 3 14.7088
      vertex 20.5269 3 15.8855
    endloop
  endfacet
  facet normal -0 1 0
    outer loop
      vertex 20.9263 3 14.7088
      vertex 21 3 16.25
      vertex 21 3 14.3382
    endloop
  endfacet
  facet normal 0 1 -0
    outer loop
      vertex 23.9731 3 15.8855
      vertex 23.5 3 16.25
      vertex 24.1529 3 16.25
    endloop
  endfacet
  facet normal 0 1 -0
    outer loop
      vertex 23.5737 3 14.7088
      vertex 23.5 3 16.25
      vertex 23.9731 3 15.8855
    endloop
  endfacet
  facet normal 0 1 0
    outer loop
      vertex 23.5 3 16.25
      vertex 23.5737 3 14.7088
      vertex 23.5 3 14.3382
    endloop
  endfacet
  facet normal 0 1 0
    outer loop
      vertex 42 3 16.25
      vertex 41.5269 3 15.8855
      vertex 41.3471 3 16.25
    endloop
  endfacet
  facet normal 0 1 0
    outer loop
      vertex 42 3 16.25
      vertex 41.9263 3 14.7088
      vertex 41.5269 3 15.8855
    endloop
  endfacet
  facet normal -0 1 0
    outer loop
      vertex 41.9263 3 14.7088
      vertex 42 3 16.25
      vertex 42 3 14.3382
    endloop
  endfacet
  facet normal 0 1 -0
    outer loop
      vertex 44.9731 3 15.8855
      vertex 44.5 3 16.25
      vertex 45.1529 3 16.25
    endloop
  endfacet
  facet normal 0 1 -0
    outer loop
      vertex 44.5737 3 14.7088
      vertex 44.5 3 16.25
      vertex 44.9731 3 15.8855
    endloop
  endfacet
  facet normal 0 1 0
    outer loop
      vertex 44.5 3 16.25
      vertex 44.5737 3 14.7088
      vertex 44.5 3 14.3382
    endloop
  endfacet
  facet normal 0 1 -0
    outer loop
      vertex 21 3 3
      vertex 20.9263 3 9.79122
      vertex 21 3 10.1618
    endloop
  endfacet
  facet normal 0 1 0
    outer loop
      vertex 21 3 3
      vertex 20.5269 3 8.61451
      vertex 20.9263 3 9.79122
    endloop
  endfacet
  facet normal 0 1 0
    outer loop
      vertex 21 3 3
      vertex 19.9772 3 7.5
      vertex 20.5269 3 8.61451
    endloop
  endfacet
  facet normal 0 1 0
    outer loop
      vertex 21 3 3
      vertex 19.2869 3 6.46677
      vertex 19.9772 3 7.5
    endloop
  endfacet
  facet normal 0 1 0
    outer loop
      vertex 21 3 3
      vertex 18.4675 3 5.53249
      vertex 19.2869 3 6.46677
    endloop
  endfacet
  facet normal 0 1 0
    outer loop
      vertex 21 3 3
      vertex 17.5332 3 4.71314
      vertex 18.4675 3 5.53249
    endloop
  endfacet
  facet normal 0 1 0
    outer loop
      vertex 21 3 3
      vertex 16.5 3 4.02276
      vertex 17.5332 3 4.71314
    endloop
  endfacet
  facet normal 0 1 0
    outer loop
      vertex 21 3 3
      vertex 15.3855 3 3.47314
      vertex 16.5 3 4.02276
    endloop
  endfacet
  facet normal 0 1 0
    outer loop
      vertex 21 3 3
      vertex 14.2088 3 3.0737
      vertex 15.3855 3 3.47314
    endloop
  endfacet
  facet normal 0 1 0
    outer loop
      vertex 14.2088 3 3.0737
      vertex 21 3 3
      vertex 13.8382 3 3
    endloop
  endfacet
  facet normal 0 1 0
    outer loop
      vertex 23.5737 3 9.79122
      vertex 23.5 3 3
      vertex 23.5 3 10.1618
    endloop
  endfacet
  facet normal 0 1 0
    outer loop
      vertex 23.9731 3 8.61451
      vertex 23.5 3 3
      vertex 23.5737 3 9.79122
    endloop
  endfacet
  facet normal 0 1 0
    outer loop
      vertex 24.5228 3 7.5
      vertex 23.5 3 3
      vertex 23.9731 3 8.61451
    endloop
  endfacet
  facet normal 0 1 0
    outer loop
      vertex 25.2131 3 6.46677
      vertex 23.5 3 3
      vertex 24.5228 3 7.5
    endloop
  endfacet
  facet normal 0 1 0
    outer loop
      vertex 26.0325 3 5.53249
      vertex 23.5 3 3
      vertex 25.2131 3 6.46677
    endloop
  endfacet
  facet normal 0 1 0
    outer loop
      vertex 26.9668 3 4.71314
      vertex 23.5 3 3
      vertex 26.0325 3 5.53249
    endloop
  endfacet
  facet normal 0 1 0
    outer loop
      vertex 28 3 4.02276
      vertex 23.5 3 3
      vertex 26.9668 3 4.71314
    endloop
  endfacet
  facet normal 0 1 0
    outer loop
      vertex 29.1145 3 3.47314
      vertex 23.5 3 3
      vertex 28 3 4.02276
    endloop
  endfacet
  facet normal 0 1 0
    outer loop
      vertex 30.2912 3 3.0737
      vertex 23.5 3 3
      vertex 29.1145 3 3.47314
    endloop
  endfacet
  facet normal 0 1 0
    outer loop
      vertex 23.5 3 3
      vertex 30.2912 3 3.0737
      vertex 30.6618 3 3
    endloop
  endfacet
  facet normal 0 1 -0
    outer loop
      vertex 42 3 3
      vertex 41.9263 3 9.79122
      vertex 42 3 10.1618
    endloop
  endfacet
  facet normal 0 1 0
    outer loop
      vertex 42 3 3
      vertex 41.5269 3 8.61451
      vertex 41.9263 3 9.79122
    endloop
  endfacet
  facet normal 0 1 0
    outer loop
      vertex 42 3 3
      vertex 40.9772 3 7.5
      vertex 41.5269 3 8.61451
    endloop
  endfacet
  facet normal 0 1 0
    outer loop
      vertex 42 3 3
      vertex 40.2869 3 6.46677
      vertex 40.9772 3 7.5
    endloop
  endfacet
  facet normal 0 1 0
    outer loop
      vertex 42 3 3
      vertex 39.4675 3 5.53249
      vertex 40.2869 3 6.46677
    endloop
  endfacet
  facet normal 0 1 0
    outer loop
      vertex 42 3 3
      vertex 38.5332 3 4.71314
      vertex 39.4675 3 5.53249
    endloop
  endfacet
  facet normal 0 1 0
    outer loop
      vertex 42 3 3
      vertex 37.5 3 4.02276
      vertex 38.5332 3 4.71314
    endloop
  endfacet
  facet normal 0 1 0
    outer loop
      vertex 42 3 3
      vertex 36.3855 3 3.47314
      vertex 37.5 3 4.02276
    endloop
  endfacet
  facet normal 0 1 0
    outer loop
      vertex 42 3 3
      vertex 35.2088 3 3.0737
      vertex 36.3855 3 3.47314
    endloop
  endfacet
  facet normal 0 1 0
    outer loop
      vertex 35.2088 3 3.0737
      vertex 42 3 3
      vertex 34.8382 3 3
    endloop
  endfacet
  facet normal 0 1 0
    outer loop
      vertex 44.5737 3 9.79122
      vertex 44.5 3 3
      vertex 44.5 3 10.1618
    endloop
  endfacet
  facet normal 0 1 0
    outer loop
      vertex 44.9731 3 8.61451
      vertex 44.5 3 3
      vertex 44.5737 3 9.79122
    endloop
  endfacet
  facet normal 0 1 0
    outer loop
      vertex 45.5228 3 7.5
      vertex 44.5 3 3
      vertex 44.9731 3 8.61451
    endloop
  endfacet
  facet normal 0 1 0
    outer loop
      vertex 46.2131 3 6.46677
      vertex 44.5 3 3
      vertex 45.5228 3 7.5
    endloop
  endfacet
  facet normal 0 1 0
    outer loop
      vertex 47.0325 3 5.53249
      vertex 44.5 3 3
      vertex 46.2131 3 6.46677
    endloop
  endfacet
  facet normal 0 1 0
    outer loop
      vertex 47.9668 3 4.71314
      vertex 44.5 3 3
      vertex 47.0325 3 5.53249
    endloop
  endfacet
  facet normal 0 1 0
    outer loop
      vertex 49 3 4.02276
      vertex 44.5 3 3
      vertex 47.9668 3 4.71314
    endloop
  endfacet
  facet normal 0 1 0
    outer loop
      vertex 50.1145 3 3.47314
      vertex 44.5 3 3
      vertex 49 3 4.02276
    endloop
  endfacet
  facet normal 0 1 0
    outer loop
      vertex 51.2912 3 3.0737
      vertex 44.5 3 3
      vertex 50.1145 3 3.47314
    endloop
  endfacet
  facet normal 0 1 0
    outer loop
      vertex 44.5 3 3
      vertex 51.2912 3 3.0737
      vertex 51.6618 3 3
    endloop
  endfacet
  facet normal 0 -1 0
    outer loop
      vertex 62.5269 73 15.8855
      vertex 63 73 16.25
      vertex 62.3471 73 16.25
    endloop
  endfacet
  facet normal 0 -1 0
    outer loop
      vertex 62.9263 73 14.7088
      vertex 63 73 16.25
      vertex 62.5269 73 15.8855
    endloop
  endfacet
  facet normal 0 -1 -0
    outer loop
      vertex 63 73 16.25
      vertex 62.9263 73 14.7088
      vertex 63 73 14.3382
    endloop
  endfacet
  facet normal 0 -1 0
    outer loop
      vertex 62.9263 73 9.79122
      vertex 63 73 3
      vertex 63 73 10.1618
    endloop
  endfacet
  facet normal 0 -1 0
    outer loop
      vertex 62.5269 73 8.61451
      vertex 63 73 3
      vertex 62.9263 73 9.79122
    endloop
  endfacet
  facet normal 0 -1 0
    outer loop
      vertex 61.9772 73 7.5
      vertex 63 73 3
      vertex 62.5269 73 8.61451
    endloop
  endfacet
  facet normal 0 -1 0
    outer loop
      vertex 61.2869 73 6.46677
      vertex 63 73 3
      vertex 61.9772 73 7.5
    endloop
  endfacet
  facet normal 0 -1 0
    outer loop
      vertex 60.4675 73 5.53249
      vertex 63 73 3
      vertex 61.2869 73 6.46677
    endloop
  endfacet
  facet normal 0 -1 0
    outer loop
      vertex 59.5332 73 4.71314
      vertex 63 73 3
      vertex 60.4675 73 5.53249
    endloop
  endfacet
  facet normal 0 -1 0
    outer loop
      vertex 58.5 73 4.02276
      vertex 63 73 3
      vertex 59.5332 73 4.71314
    endloop
  endfacet
  facet normal 0 -1 0
    outer loop
      vertex 57.3855 73 3.47314
      vertex 63 73 3
      vertex 58.5 73 4.02276
    endloop
  endfacet
  facet normal 0 -1 0
    outer loop
      vertex 56.2088 73 3.0737
      vertex 63 73 3
      vertex 57.3855 73 3.47314
    endloop
  endfacet
  facet normal 0 -1 0
    outer loop
      vertex 63 73 3
      vertex 56.2088 73 3.0737
      vertex 55.8382 73 3
    endloop
  endfacet
  facet normal 0 -1 0
    outer loop
      vertex 2.5 73 16.25
      vertex 2.97314 73 15.8855
      vertex 3.1529 73 16.25
    endloop
  endfacet
  facet normal 0 -1 0
    outer loop
      vertex 2.5 73 16.25
      vertex 2.5737 73 14.7088
      vertex 2.97314 73 15.8855
    endloop
  endfacet
  facet normal -0 -1 0
    outer loop
      vertex 2.5737 73 14.7088
      vertex 2.5 73 16.25
      vertex 2.5 73 14.3382
    endloop
  endfacet
  facet normal 0 -1 0
    outer loop
      vertex 2.5 73 3
      vertex 2.5737 73 9.79122
      vertex 2.5 73 10.1618
    endloop
  endfacet
  facet normal 0 -1 0
    outer loop
      vertex 2.5 73 3
      vertex 2.97314 73 8.61451
      vertex 2.5737 73 9.79122
    endloop
  endfacet
  facet normal 0 -1 0
    outer loop
      vertex 2.5 73 3
      vertex 3.52276 73 7.5
      vertex 2.97314 73 8.61451
    endloop
  endfacet
  facet normal 0 -1 0
    outer loop
      vertex 2.5 73 3
      vertex 4.21314 73 6.46677
      vertex 3.52276 73 7.5
    endloop
  endfacet
  facet normal 0 -1 0
    outer loop
      vertex 2.5 73 3
      vertex 5.03249 73 5.53249
      vertex 4.21314 73 6.46677
    endloop
  endfacet
  facet normal 0 -1 0
    outer loop
      vertex 2.5 73 3
      vertex 5.96677 73 4.71314
      vertex 5.03249 73 5.53249
    endloop
  endfacet
  facet normal 0 -1 0
    outer loop
      vertex 2.5 73 3
      vertex 7 73 4.02276
      vertex 5.96677 73 4.71314
    endloop
  endfacet
  facet normal 0 -1 0
    outer loop
      vertex 2.5 73 3
      vertex 8.11451 73 3.47314
      vertex 7 73 4.02276
    endloop
  endfacet
  facet normal 0 -1 0
    outer loop
      vertex 2.5 73 3
      vertex 9.29122 73 3.0737
      vertex 8.11451 73 3.47314
    endloop
  endfacet
  facet normal 0 -1 -0
    outer loop
      vertex 9.29122 73 3.0737
      vertex 2.5 73 3
      vertex 9.66175 73 3
    endloop
  endfacet
  facet normal 0 -1 0
    outer loop
      vertex 20.5269 73 15.8855
      vertex 21 73 16.25
      vertex 20.3471 73 16.25
    endloop
  endfacet
  facet normal 0 -1 0
    outer loop
      vertex 20.9263 73 14.7088
      vertex 21 73 16.25
      vertex 20.5269 73 15.8855
    endloop
  endfacet
  facet normal 0 -1 -0
    outer loop
      vertex 21 73 16.25
      vertex 20.9263 73 14.7088
      vertex 21 73 14.3382
    endloop
  endfacet
  facet normal 0 -1 0
    outer loop
      vertex 23.5 73 16.25
      vertex 23.9731 73 15.8855
      vertex 24.1529 73 16.25
    endloop
  endfacet
  facet normal 0 -1 0
    outer loop
      vertex 23.5 73 16.25
      vertex 23.5737 73 14.7088
      vertex 23.9731 73 15.8855
    endloop
  endfacet
  facet normal -0 -1 0
    outer loop
      vertex 23.5737 73 14.7088
      vertex 23.5 73 16.25
      vertex 23.5 73 14.3382
    endloop
  endfacet
  facet normal 0 -1 0
    outer loop
      vertex 41.5269 73 15.8855
      vertex 42 73 16.25
      vertex 41.3471 73 16.25
    endloop
  endfacet
  facet normal 0 -1 0
    outer loop
      vertex 41.9263 73 14.7088
      vertex 42 73 16.25
      vertex 41.5269 73 15.8855
    endloop
  endfacet
  facet normal 0 -1 -0
    outer loop
      vertex 42 73 16.25
      vertex 41.9263 73 14.7088
      vertex 42 73 14.3382
    endloop
  endfacet
  facet normal 0 -1 0
    outer loop
      vertex 44.5 73 16.25
      vertex 44.9731 73 15.8855
      vertex 45.1529 73 16.25
    endloop
  endfacet
  facet normal 0 -1 0
    outer loop
      vertex 44.5 73 16.25
      vertex 44.5737 73 14.7088
      vertex 44.9731 73 15.8855
    endloop
  endfacet
  facet normal -0 -1 0
    outer loop
      vertex 44.5737 73 14.7088
      vertex 44.5 73 16.25
      vertex 44.5 73 14.3382
    endloop
  endfacet
  facet normal 0 -1 0
    outer loop
      vertex 20.9263 73 9.79122
      vertex 21 73 3
      vertex 21 73 10.1618
    endloop
  endfacet
  facet normal 0 -1 0
    outer loop
      vertex 20.5269 73 8.61451
      vertex 21 73 3
      vertex 20.9263 73 9.79122
    endloop
  endfacet
  facet normal 0 -1 0
    outer loop
      vertex 19.9772 73 7.5
      vertex 21 73 3
      vertex 20.5269 73 8.61451
    endloop
  endfacet
  facet normal 0 -1 0
    outer loop
      vertex 19.2869 73 6.46677
      vertex 21 73 3
      vertex 19.9772 73 7.5
    endloop
  endfacet
  facet normal 0 -1 0
    outer loop
      vertex 18.4675 73 5.53249
      vertex 21 73 3
      vertex 19.2869 73 6.46677
    endloop
  endfacet
  facet normal 0 -1 0
    outer loop
      vertex 17.5332 73 4.71314
      vertex 21 73 3
      vertex 18.4675 73 5.53249
    endloop
  endfacet
  facet normal 0 -1 0
    outer loop
      vertex 16.5 73 4.02276
      vertex 21 73 3
      vertex 17.5332 73 4.71314
    endloop
  endfacet
  facet normal 0 -1 0
    outer loop
      vertex 15.3855 73 3.47314
      vertex 21 73 3
      vertex 16.5 73 4.02276
    endloop
  endfacet
  facet normal 0 -1 0
    outer loop
      vertex 14.2088 73 3.0737
      vertex 21 73 3
      vertex 15.3855 73 3.47314
    endloop
  endfacet
  facet normal 0 -1 0
    outer loop
      vertex 21 73 3
      vertex 14.2088 73 3.0737
      vertex 13.8382 73 3
    endloop
  endfacet
  facet normal 0 -1 0
    outer loop
      vertex 23.5 73 3
      vertex 23.5737 73 9.79122
      vertex 23.5 73 10.1618
    endloop
  endfacet
  facet normal 0 -1 0
    outer loop
      vertex 23.5 73 3
      vertex 23.9731 73 8.61451
      vertex 23.5737 73 9.79122
    endloop
  endfacet
  facet normal 0 -1 0
    outer loop
      vertex 23.5 73 3
      vertex 24.5228 73 7.5
      vertex 23.9731 73 8.61451
    endloop
  endfacet
  facet normal 0 -1 0
    outer loop
      vertex 23.5 73 3
      vertex 24.75 73 7.15991
      vertex 24.5228 73 7.5
    endloop
  endfacet
  facet normal 0 -1 -0
    outer loop
      vertex 24.75 73 7.15991
      vertex 23.5 73 3
      vertex 24.75 73 3
    endloop
  endfacet
  facet normal 0 -1 0
    outer loop
      vertex 42 73 3
      vertex 40.75 73 7.15991
      vertex 40.75 73 3
    endloop
  endfacet
  facet normal 0 -1 0
    outer loop
      vertex 40.75 73 7.15991
      vertex 42 73 3
      vertex 40.9772 73 7.5
    endloop
  endfacet
  facet normal 0 -1 0
    outer loop
      vertex 40.9772 73 7.5
      vertex 42 73 3
      vertex 41.5269 73 8.61451
    endloop
  endfacet
  facet normal 0 -1 0
    outer loop
      vertex 41.5269 73 8.61451
      vertex 42 73 3
      vertex 41.9263 73 9.79122
    endloop
  endfacet
  facet normal 0 -1 0
    outer loop
      vertex 41.9263 73 9.79122
      vertex 42 73 3
      vertex 42 73 10.1618
    endloop
  endfacet
  facet normal 0 -1 0
    outer loop
      vertex 44.5 73 3
      vertex 44.5737 73 9.79122
      vertex 44.5 73 10.1618
    endloop
  endfacet
  facet normal 0 -1 0
    outer loop
      vertex 44.5 73 3
      vertex 44.9731 73 8.61451
      vertex 44.5737 73 9.79122
    endloop
  endfacet
  facet normal 0 -1 0
    outer loop
      vertex 44.5 73 3
      vertex 45.5228 73 7.5
      vertex 44.9731 73 8.61451
    endloop
  endfacet
  facet normal 0 -1 0
    outer loop
      vertex 44.5 73 3
      vertex 46.2131 73 6.46677
      vertex 45.5228 73 7.5
    endloop
  endfacet
  facet normal 0 -1 0
    outer loop
      vertex 44.5 73 3
      vertex 47.0325 73 5.53249
      vertex 46.2131 73 6.46677
    endloop
  endfacet
  facet normal 0 -1 0
    outer loop
      vertex 44.5 73 3
      vertex 47.9668 73 4.71314
      vertex 47.0325 73 5.53249
    endloop
  endfacet
  facet normal 0 -1 0
    outer loop
      vertex 44.5 73 3
      vertex 49 73 4.02276
      vertex 47.9668 73 4.71314
    endloop
  endfacet
  facet normal 0 -1 0
    outer loop
      vertex 44.5 73 3
      vertex 50.1145 73 3.47314
      vertex 49 73 4.02276
    endloop
  endfacet
  facet normal 0 -1 0
    outer loop
      vertex 44.5 73 3
      vertex 51.2912 73 3.0737
      vertex 50.1145 73 3.47314
    endloop
  endfacet
  facet normal 0 -1 -0
    outer loop
      vertex 51.2912 73 3.0737
      vertex 44.5 73 3
      vertex 51.6618 73 3
    endloop
  endfacet
  facet normal 1 -0 0
    outer loop
      vertex 2.5 3 16.25
      vertex 2.5 18.28 14.3382
      vertex 2.5 18.28 16.25
    endloop
  endfacet
  facet normal 1 0 0
    outer loop
      vertex 2.5 18.28 14.3382
      vertex 2.5 3 16.25
      vertex 2.5 3 14.3382
    endloop
  endfacet
  facet normal 1 -0 0
    outer loop
      vertex 2.5 57.72 16.25
      vertex 2.5 73 14.3382
      vertex 2.5 73 16.25
    endloop
  endfacet
  facet normal 1 0 0
    outer loop
      vertex 2.5 73 14.3382
      vertex 2.5 57.72 16.25
      vertex 2.5 57.72 14.3382
    endloop
  endfacet
  facet normal 1 -0 0
    outer loop
      vertex 2.5 3 10.1618
      vertex 2.5 73 3
      vertex 2.5 73 10.1618
    endloop
  endfacet
  facet normal 1 0 0
    outer loop
      vertex 2.5 73 3
      vertex 2.5 3 10.1618
      vertex 2.5 3 3
    endloop
  endfacet
  facet normal 1 -0 0
    outer loop
      vertex 2.5 24.28 16.25
      vertex 2.5 51.72 14.3382
      vertex 2.5 51.72 16.25
    endloop
  endfacet
  facet normal 1 0 0
    outer loop
      vertex 2.5 51.72 14.3382
      vertex 2.5 24.28 16.25
      vertex 2.5 24.28 14.3382
    endloop
  endfacet
  facet normal -1 0 0
    outer loop
      vertex 63 57.72 14.3382
      vertex 63 73 16.25
      vertex 63 73 14.3382
    endloop
  endfacet
  facet normal -1 -0 0
    outer loop
      vertex 63 73 16.25
      vertex 63 57.72 14.3382
      vertex 63 57.72 16.25
    endloop
  endfacet
  facet normal -1 0 0
    outer loop
      vertex 63 22.8 3
      vertex 63 3 3
      vertex 63 22.8 3.1
    endloop
  endfacet
  facet normal -1 0 0
    outer loop
      vertex 63 53.2 3.1
      vertex 63 73 3
      vertex 63 53.2 3
    endloop
  endfacet
  facet normal -1 0 0
    outer loop
      vertex 63 73 3
      vertex 63 53.2 3.1
      vertex 63 73 10.1618
    endloop
  endfacet
  facet normal -1 0 0
    outer loop
      vertex 63 22.8 3.1
      vertex 63 73 10.1618
      vertex 63 53.2 3.1
    endloop
  endfacet
  facet normal -1 0 0
    outer loop
      vertex 63 3 10.1618
      vertex 63 22.8 3.1
      vertex 63 3 3
    endloop
  endfacet
  facet normal -1 0 0
    outer loop
      vertex 63 22.8 3.1
      vertex 63 3 10.1618
      vertex 63 73 10.1618
    endloop
  endfacet
  facet normal -1 0 0
    outer loop
      vertex 63 3 14.3382
      vertex 63 18.28 16.25
      vertex 63 18.28 14.3382
    endloop
  endfacet
  facet normal -1 -0 0
    outer loop
      vertex 63 18.28 16.25
      vertex 63 3 14.3382
      vertex 63 3 16.25
    endloop
  endfacet
  facet normal -1 0 0
    outer loop
      vertex 63 22.8 0
      vertex 63 53.2 3
      vertex 63 53.2 0
    endloop
  endfacet
  facet normal -1 0 0
    outer loop
      vertex 63 22.8 3
      vertex 63 53.2 3
      vertex 63 22.8 0
    endloop
  endfacet
  facet normal -1 0 0
    outer loop
      vertex 63 53.2 3
      vertex 63 22.8 3
      vertex 63 53.2 3.1
    endloop
  endfacet
  facet normal -1 -0 0
    outer loop
      vertex 63 53.2 3.1
      vertex 63 22.8 3
      vertex 63 22.8 3.1
    endloop
  endfacet
  facet normal -1 0 0
    outer loop
      vertex 63 24.28 14.3382
      vertex 63 51.72 16.25
      vertex 63 51.72 14.3382
    endloop
  endfacet
  facet normal -1 -0 0
    outer loop
      vertex 63 51.72 16.25
      vertex 63 24.28 14.3382
      vertex 63 24.28 16.25
    endloop
  endfacet
  facet normal -0.980792 0 0.195057
    outer loop
      vertex 20.9263 3 9.79122
      vertex 20.9263 2.9 9.79122
      vertex 21 3 10.1618
    endloop
  endfacet
  facet normal -0.980792 0 0.195057
    outer loop
      vertex 21 73 10.1618
      vertex 20.9263 73.1 9.79122
      vertex 20.9263 73 9.79122
    endloop
  endfacet
  facet normal -0.98079 3.62612e-05 0.195067
    outer loop
      vertex 20.9263 73.1 9.79122
      vertex 21 73 10.1618
      vertex 21.1687 73.1 11.01
    endloop
  endfacet
  facet normal -0.980789 0 0.195071
    outer loop
      vertex 21 3 10.1618
      vertex 21.1687 73.1 11.01
      vertex 21 73 10.1618
    endloop
  endfacet
  facet normal -0.980789 0 0.195071
    outer loop
      vertex 21 3 10.1618
      vertex 21.1687 2.9 11.01
      vertex 21.1687 73.1 11.01
    endloop
  endfacet
  facet normal -0.98079 -3.62612e-05 0.195067
    outer loop
      vertex 21.1687 2.9 11.01
      vertex 21 3 10.1618
      vertex 20.9263 2.9 9.79122
    endloop
  endfacet
  facet normal -0.997858 0 0.065424
    outer loop
      vertex 21.1687 73.1 11.01
      vertex 21.25 57.72 12.25
      vertex 21.25 73.1 12.25
    endloop
  endfacet
  facet normal -0.997858 0 0.065424
    outer loop
      vertex 21.1687 73.1 11.01
      vertex 21.25 51.72 12.25
      vertex 21.25 57.72 12.25
    endloop
  endfacet
  facet normal -0.997858 0 0.065424
    outer loop
      vertex 21.1687 73.1 11.01
      vertex 21.25 24.28 12.25
      vertex 21.25 51.72 12.25
    endloop
  endfacet
  facet normal -0.997858 0 0.065424
    outer loop
      vertex 21.1687 2.9 11.01
      vertex 21.25 24.28 12.25
      vertex 21.1687 73.1 11.01
    endloop
  endfacet
  facet normal -0.997858 0 0.065424
    outer loop
      vertex 21.25 24.28 12.25
      vertex 21.1687 2.9 11.01
      vertex 21.25 18.28 12.25
    endloop
  endfacet
  facet normal -0.997858 0 0.065424
    outer loop
      vertex 21.25 18.28 12.25
      vertex 21.1687 2.9 11.01
      vertex 21.25 2.9 12.25
    endloop
  endfacet
  facet normal -0.94694 0 0.321411
    outer loop
      vertex 20.5269 2.9 8.61451
      vertex 20.9263 3 9.79122
      vertex 20.5269 3 8.61451
    endloop
  endfacet
  facet normal -0.94694 0 0.321411
    outer loop
      vertex 20.9263 3 9.79122
      vertex 20.5269 2.9 8.61451
      vertex 20.9263 2.9 9.79122
    endloop
  endfacet
  facet normal -0.94694 0 0.321411
    outer loop
      vertex 20.5269 73 8.61451
      vertex 20.9263 73.1 9.79122
      vertex 20.5269 73.1 8.61451
    endloop
  endfacet
  facet normal -0.94694 0 0.321411
    outer loop
      vertex 20.9263 73.1 9.79122
      vertex 20.5269 73 8.61451
      vertex 20.9263 73 9.79122
    endloop
  endfacet
  facet normal -0.8315 0 0.555524
    outer loop
      vertex 19.2869 2.9 6.46677
      vertex 19.9772 3 7.5
      vertex 19.2869 3 6.46677
    endloop
  endfacet
  facet normal -0.8315 0 0.555524
    outer loop
      vertex 19.9772 3 7.5
      vertex 19.2869 2.9 6.46677
      vertex 19.9772 2.9 7.5
    endloop
  endfacet
  facet normal -0.8315 0 0.555524
    outer loop
      vertex 19.2869 73 6.46677
      vertex 19.9772 73.1 7.5
      vertex 19.2869 73.1 6.46677
    endloop
  endfacet
  facet normal -0.8315 0 0.555524
    outer loop
      vertex 19.9772 73.1 7.5
      vertex 19.2869 73 6.46677
      vertex 19.9772 73 7.5
    endloop
  endfacet
  facet normal -0.321442 0 0.946929
    outer loop
      vertex 14.2088 3 3.0737
      vertex 15.3855 2.9 3.47314
      vertex 15.3855 3 3.47314
    endloop
  endfacet
  facet normal -0.321442 0 0.946929
    outer loop
      vertex 15.3855 2.9 3.47314
      vertex 14.2088 3 3.0737
      vertex 14.2088 2.9 3.0737
    endloop
  endfacet
  facet normal -0.321442 0 0.946929
    outer loop
      vertex 14.2088 73.1 3.0737
      vertex 15.3855 73 3.47314
      vertex 15.3855 73.1 3.47314
    endloop
  endfacet
  facet normal -0.321442 0 0.946929
    outer loop
      vertex 15.3855 73 3.47314
      vertex 14.2088 73.1 3.0737
      vertex 14.2088 73 3.0737
    endloop
  endfacet
  facet normal 0.751836 -0 0.65935
    outer loop
      vertex 4.21314 2.9 6.46677
      vertex 5.03249 3 5.53249
      vertex 4.21314 3 6.46677
    endloop
  endfacet
  facet normal 0.751836 0 0.65935
    outer loop
      vertex 5.03249 3 5.53249
      vertex 4.21314 2.9 6.46677
      vertex 5.03249 2.9 5.53249
    endloop
  endfacet
  facet normal 0.751836 -0 0.65935
    outer loop
      vertex 4.21314 73 6.46677
      vertex 5.03249 73.1 5.53249
      vertex 4.21314 73.1 6.46677
    endloop
  endfacet
  facet normal 0.751836 0 0.65935
    outer loop
      vertex 5.03249 73.1 5.53249
      vertex 4.21314 73 6.46677
      vertex 5.03249 73 5.53249
    endloop
  endfacet
  facet normal -0.896846 0 0.442343
    outer loop
      vertex 19.9772 2.9 7.5
      vertex 20.5269 3 8.61451
      vertex 19.9772 3 7.5
    endloop
  endfacet
  facet normal -0.896846 0 0.442343
    outer loop
      vertex 20.5269 3 8.61451
      vertex 19.9772 2.9 7.5
      vertex 20.5269 2.9 8.61451
    endloop
  endfacet
  facet normal -0.896846 0 0.442343
    outer loop
      vertex 19.9772 73 7.5
      vertex 20.5269 73.1 8.61451
      vertex 19.9772 73.1 7.5
    endloop
  endfacet
  facet normal -0.896846 0 0.442343
    outer loop
      vertex 20.5269 73.1 8.61451
      vertex 19.9772 73 7.5
      vertex 20.5269 73 8.61451
    endloop
  endfacet
  facet normal -0.195047 0 0.980794
    outer loop
      vertex 14.2088 73.1 3.0737
      vertex 13.8382 73 3
      vertex 14.2088 73 3.0737
    endloop
  endfacet
  facet normal -0.195087 0.00015288 0.980786
    outer loop
      vertex 12.99 73.1 2.83127
      vertex 13.8382 73 3
      vertex 14.2088 73.1 3.0737
    endloop
  endfacet
  facet normal -0.195104 0 0.980783
    outer loop
      vertex 12.99 53.2 2.83127
      vertex 13.8382 73 3
      vertex 12.99 73.1 2.83127
    endloop
  endfacet
  facet normal -0.195104 0 0.980783
    outer loop
      vertex 13.8382 73 3
      vertex 12.99 53.2 2.83127
      vertex 13.8382 53.2 3
    endloop
  endfacet
  facet normal -0.195104 0 0.980783
    outer loop
      vertex 13.8382 22.8 3
      vertex 12.99 22.8 2.83127
      vertex 13.8382 3 3
    endloop
  endfacet
  facet normal -0.195047 0 0.980794
    outer loop
      vertex 13.8382 3 3
      vertex 14.2088 2.9 3.0737
      vertex 14.2088 3 3.0737
    endloop
  endfacet
  facet normal -0.195087 -0.00015288 0.980786
    outer loop
      vertex 13.8382 3 3
      vertex 12.99 2.9 2.83127
      vertex 14.2088 2.9 3.0737
    endloop
  endfacet
  facet normal -0.195104 0 0.980783
    outer loop
      vertex 12.99 2.9 2.83127
      vertex 13.8382 3 3
      vertex 12.99 22.8 2.83127
    endloop
  endfacet
  facet normal -0.946939 0 -0.321414
    outer loop
      vertex 20.9263 2.9 14.7088
      vertex 20.5269 3 15.8855
      vertex 20.9263 3 14.7088
    endloop
  endfacet
  facet normal -0.946939 -0 -0.321414
    outer loop
      vertex 20.5269 3 15.8855
      vertex 20.9263 2.9 14.7088
      vertex 20.5269 2.9 15.8855
    endloop
  endfacet
  facet normal -0.946939 0 -0.321414
    outer loop
      vertex 20.9263 73 14.7088
      vertex 20.5269 73.1 15.8855
      vertex 20.9263 73.1 14.7088
    endloop
  endfacet
  facet normal -0.946939 -0 -0.321414
    outer loop
      vertex 20.5269 73.1 15.8855
      vertex 20.9263 73 14.7088
      vertex 20.5269 73 15.8855
    endloop
  endfacet
  facet normal -0.896825 0 -0.442385
    outer loop
      vertex 20.5269 2.9 15.8855
      vertex 20.3471 3 16.25
      vertex 20.5269 3 15.8855
    endloop
  endfacet
  facet normal -0.896825 -0 -0.442385
    outer loop
      vertex 20.3471 3 16.25
      vertex 20.5269 2.9 15.8855
      vertex 20.3471 2.9 16.25
    endloop
  endfacet
  facet normal -0.896825 0 -0.442385
    outer loop
      vertex 20.5269 73 15.8855
      vertex 20.3471 73.1 16.25
      vertex 20.5269 73.1 15.8855
    endloop
  endfacet
  facet normal -0.896825 -0 -0.442385
    outer loop
      vertex 20.3471 73.1 16.25
      vertex 20.5269 73 15.8855
      vertex 20.3471 73 16.25
    endloop
  endfacet
  facet normal 0.946929 0 -0.321442
    outer loop
      vertex 2.97314 2.9 15.8855
      vertex 2.5737 3 14.7088
      vertex 2.97314 3 15.8855
    endloop
  endfacet
  facet normal 0.946929 0 -0.321442
    outer loop
      vertex 2.5737 3 14.7088
      vertex 2.97314 2.9 15.8855
      vertex 2.5737 2.9 14.7088
    endloop
  endfacet
  facet normal 0.946929 0 -0.321442
    outer loop
      vertex 2.97314 73 15.8855
      vertex 2.5737 73.1 14.7088
      vertex 2.97314 73.1 15.8855
    endloop
  endfacet
  facet normal 0.946929 0 -0.321442
    outer loop
      vertex 2.5737 73.1 14.7088
      vertex 2.97314 73 15.8855
      vertex 2.5737 73 14.7088
    endloop
  endfacet
  facet normal 0 -1 0
    outer loop
      vertex 2.5737 73.1 14.7088
      vertex 3.1529 73.1 16.25
      vertex 2.97314 73.1 15.8855
    endloop
  endfacet
  facet normal 0 -1 0
    outer loop
      vertex 2.33127 73.1 13.49
      vertex 3.1529 73.1 16.25
      vertex 2.5737 73.1 14.7088
    endloop
  endfacet
  facet normal 0 -1 -0
    outer loop
      vertex 3.1529 73.1 16.25
      vertex 2.33127 73.1 13.49
      vertex 20.3471 73.1 16.25
    endloop
  endfacet
  facet normal 0 -1 0
    outer loop
      vertex 20.3471 73.1 16.25
      vertex 20.9263 73.1 14.7088
      vertex 20.5269 73.1 15.8855
    endloop
  endfacet
  facet normal 0 -1 0
    outer loop
      vertex 21.1687 73.1 13.49
      vertex 20.3471 73.1 16.25
      vertex 2.33127 73.1 13.49
    endloop
  endfacet
  facet normal 0 -1 0
    outer loop
      vertex 20.3471 73.1 16.25
      vertex 21.1687 73.1 13.49
      vertex 20.9263 73.1 14.7088
    endloop
  endfacet
  facet normal 0 -1 0
    outer loop
      vertex 2.25 73.1 12.25
      vertex 21.1687 73.1 13.49
      vertex 2.33127 73.1 13.49
    endloop
  endfacet
  facet normal 0 -1 0
    outer loop
      vertex 2.25 73.1 12.25
      vertex 21.25 73.1 12.25
      vertex 21.1687 73.1 13.49
    endloop
  endfacet
  facet normal 0 -1 0
    outer loop
      vertex 2.33127 73.1 11.01
      vertex 21.25 73.1 12.25
      vertex 2.25 73.1 12.25
    endloop
  endfacet
  facet normal 0 -1 0
    outer loop
      vertex 2.33127 73.1 11.01
      vertex 21.1687 73.1 11.01
      vertex 21.25 73.1 12.25
    endloop
  endfacet
  facet normal 0 -1 0
    outer loop
      vertex 2.5737 73.1 9.79122
      vertex 21.1687 73.1 11.01
      vertex 2.33127 73.1 11.01
    endloop
  endfacet
  facet normal 0 -1 0
    outer loop
      vertex 2.5737 73.1 9.79122
      vertex 20.9263 73.1 9.79122
      vertex 21.1687 73.1 11.01
    endloop
  endfacet
  facet normal 0 -1 0
    outer loop
      vertex 2.97314 73.1 8.61451
      vertex 20.9263 73.1 9.79122
      vertex 2.5737 73.1 9.79122
    endloop
  endfacet
  facet normal 0 -1 0
    outer loop
      vertex 2.97314 73.1 8.61451
      vertex 20.5269 73.1 8.61451
      vertex 20.9263 73.1 9.79122
    endloop
  endfacet
  facet normal 0 -1 0
    outer loop
      vertex 3.52276 73.1 7.5
      vertex 20.5269 73.1 8.61451
      vertex 2.97314 73.1 8.61451
    endloop
  endfacet
  facet normal 0 -1 0
    outer loop
      vertex 3.52276 73.1 7.5
      vertex 19.9772 73.1 7.5
      vertex 20.5269 73.1 8.61451
    endloop
  endfacet
  facet normal 0 -1 0
    outer loop
      vertex 4.21314 73.1 6.46677
      vertex 19.9772 73.1 7.5
      vertex 3.52276 73.1 7.5
    endloop
  endfacet
  facet normal 0 -1 0
    outer loop
      vertex 4.21314 73.1 6.46677
      vertex 19.2869 73.1 6.46677
      vertex 19.9772 73.1 7.5
    endloop
  endfacet
  facet normal 0 -1 0
    outer loop
      vertex 5.03249 73.1 5.53249
      vertex 19.2869 73.1 6.46677
      vertex 4.21314 73.1 6.46677
    endloop
  endfacet
  facet normal 0 -1 0
    outer loop
      vertex 5.03249 73.1 5.53249
      vertex 18.4675 73.1 5.53249
      vertex 19.2869 73.1 6.46677
    endloop
  endfacet
  facet normal 0 -1 0
    outer loop
      vertex 5.96677 73.1 4.71314
      vertex 18.4675 73.1 5.53249
      vertex 5.03249 73.1 5.53249
    endloop
  endfacet
  facet normal 0 -1 0
    outer loop
      vertex 5.96677 73.1 4.71314
      vertex 17.5332 73.1 4.71314
      vertex 18.4675 73.1 5.53249
    endloop
  endfacet
  facet normal 0 -1 0
    outer loop
      vertex 7 73.1 4.02276
      vertex 17.5332 73.1 4.71314
      vertex 5.96677 73.1 4.71314
    endloop
  endfacet
  facet normal 0 -1 0
    outer loop
      vertex 7 73.1 4.02276
      vertex 16.5 73.1 4.02276
      vertex 17.5332 73.1 4.71314
    endloop
  endfacet
  facet normal 0 -1 0
    outer loop
      vertex 8.11451 73.1 3.47314
      vertex 16.5 73.1 4.02276
      vertex 7 73.1 4.02276
    endloop
  endfacet
  facet normal 0 -1 0
    outer loop
      vertex 8.11451 73.1 3.47314
      vertex 15.3855 73.1 3.47314
      vertex 16.5 73.1 4.02276
    endloop
  endfacet
  facet normal 0 -1 0
    outer loop
      vertex 9.29122 73.1 3.0737
      vertex 15.3855 73.1 3.47314
      vertex 8.11451 73.1 3.47314
    endloop
  endfacet
  facet normal 0 -1 0
    outer loop
      vertex 9.29122 73.1 3.0737
      vertex 14.2088 73.1 3.0737
      vertex 15.3855 73.1 3.47314
    endloop
  endfacet
  facet normal 0 -1 0
    outer loop
      vertex 10.51 73.1 2.83127
      vertex 14.2088 73.1 3.0737
      vertex 9.29122 73.1 3.0737
    endloop
  endfacet
  facet normal 0 -1 0
    outer loop
      vertex 10.51 73.1 2.83127
      vertex 12.99 73.1 2.83127
      vertex 14.2088 73.1 3.0737
    endloop
  endfacet
  facet normal -0 -1 0
    outer loop
      vertex 12.99 73.1 2.83127
      vertex 10.51 73.1 2.83127
      vertex 11.75 73.1 2.75
    endloop
  endfacet
  facet normal 0.896871 -0 0.442292
    outer loop
      vertex 2.97314 73 8.61451
      vertex 3.52276 73.1 7.5
      vertex 2.97314 73.1 8.61451
    endloop
  endfacet
  facet normal 0.896871 0 0.442292
    outer loop
      vertex 3.52276 73.1 7.5
      vertex 2.97314 73 8.61451
      vertex 3.52276 73 7.5
    endloop
  endfacet
  facet normal 0.896871 -0 0.442292
    outer loop
      vertex 2.97314 2.9 8.61451
      vertex 3.52276 3 7.5
      vertex 2.97314 3 8.61451
    endloop
  endfacet
  facet normal 0.896871 0 0.442292
    outer loop
      vertex 3.52276 3 7.5
      vertex 2.97314 2.9 8.61451
      vertex 3.52276 2.9 7.5
    endloop
  endfacet
  facet normal 0.442292 0 0.896871
    outer loop
      vertex 7 3 4.02276
      vertex 8.11451 2.9 3.47314
      vertex 8.11451 3 3.47314
    endloop
  endfacet
  facet normal 0.442292 0 0.896871
    outer loop
      vertex 8.11451 2.9 3.47314
      vertex 7 3 4.02276
      vertex 7 2.9 4.02276
    endloop
  endfacet
  facet normal 0.442292 0 0.896871
    outer loop
      vertex 7 73.1 4.02276
      vertex 8.11451 73 3.47314
      vertex 8.11451 73.1 3.47314
    endloop
  endfacet
  facet normal 0.442292 0 0.896871
    outer loop
      vertex 8.11451 73 3.47314
      vertex 7 73.1 4.02276
      vertex 7 73 4.02276
    endloop
  endfacet
  facet normal -0.442295 0 0.89687
    outer loop
      vertex 15.3855 3 3.47314
      vertex 16.5 2.9 4.02276
      vertex 16.5 3 4.02276
    endloop
  endfacet
  facet normal -0.442295 0 0.89687
    outer loop
      vertex 16.5 2.9 4.02276
      vertex 15.3855 3 3.47314
      vertex 15.3855 2.9 3.47314
    endloop
  endfacet
  facet normal -0.442295 0 0.89687
    outer loop
      vertex 15.3855 73.1 3.47314
      vertex 16.5 73 4.02276
      vertex 16.5 73.1 4.02276
    endloop
  endfacet
  facet normal -0.442295 0 0.89687
    outer loop
      vertex 16.5 73 4.02276
      vertex 15.3855 73.1 3.47314
      vertex 15.3855 73 3.47314
    endloop
  endfacet
  facet normal 0.896864 0 -0.442305
    outer loop
      vertex 3.1529 2.9 16.25
      vertex 2.97314 3 15.8855
      vertex 3.1529 3 16.25
    endloop
  endfacet
  facet normal 0.896864 0 -0.442305
    outer loop
      vertex 2.97314 3 15.8855
      vertex 3.1529 2.9 16.25
      vertex 2.97314 2.9 15.8855
    endloop
  endfacet
  facet normal 0.896864 0 -0.442305
    outer loop
      vertex 3.1529 73 16.25
      vertex 2.97314 73.1 15.8855
      vertex 3.1529 73.1 16.25
    endloop
  endfacet
  facet normal 0.896864 0 -0.442305
    outer loop
      vertex 2.97314 73.1 15.8855
      vertex 3.1529 73 16.25
      vertex 2.97314 73 15.8855
    endloop
  endfacet
  facet normal -0.751816 0 0.659372
    outer loop
      vertex 18.4675 2.9 5.53249
      vertex 19.2869 3 6.46677
      vertex 18.4675 3 5.53249
    endloop
  endfacet
  facet normal -0.751816 0 0.659372
    outer loop
      vertex 19.2869 3 6.46677
      vertex 18.4675 2.9 5.53249
      vertex 19.2869 2.9 6.46677
    endloop
  endfacet
  facet normal -0.751816 0 0.659372
    outer loop
      vertex 18.4675 73 5.53249
      vertex 19.2869 73.1 6.46677
      vertex 18.4675 73.1 5.53249
    endloop
  endfacet
  facet normal -0.751816 0 0.659372
    outer loop
      vertex 19.2869 73.1 6.46677
      vertex 18.4675 73 5.53249
      vertex 19.2869 73 6.46677
    endloop
  endfacet
  facet normal 0.555569 0 0.83147
    outer loop
      vertex 5.96677 73.1 4.71314
      vertex 7 73 4.02276
      vertex 7 73.1 4.02276
    endloop
  endfacet
  facet normal 0.555569 0 0.83147
    outer loop
      vertex 7 73 4.02276
      vertex 5.96677 73.1 4.71314
      vertex 5.96677 73 4.71314
    endloop
  endfacet
  facet normal 0.555569 0 0.83147
    outer loop
      vertex 5.96677 3 4.71314
      vertex 7 2.9 4.02276
      vertex 7 3 4.02276
    endloop
  endfacet
  facet normal 0.555569 0 0.83147
    outer loop
      vertex 7 2.9 4.02276
      vertex 5.96677 3 4.71314
      vertex 5.96677 2.9 4.71314
    endloop
  endfacet
  facet normal 0.195093 0 0.980785
    outer loop
      vertex 10.51 73.1 2.83127
      vertex 9.66175 73 3
      vertex 10.51 53.2 2.83127
    endloop
  endfacet
  facet normal 0.19509 2.81807e-05 0.980785
    outer loop
      vertex 9.29122 73.1 3.0737
      vertex 9.66175 73 3
      vertex 10.51 73.1 2.83127
    endloop
  endfacet
  facet normal 0.195083 0 0.980787
    outer loop
      vertex 9.66175 73 3
      vertex 9.29122 73.1 3.0737
      vertex 9.29122 73 3.0737
    endloop
  endfacet
  facet normal 0.195093 0 0.980785
    outer loop
      vertex 10.51 53.2 2.83127
      vertex 9.66175 73 3
      vertex 9.66175 53.2 3
    endloop
  endfacet
  facet normal 0.195093 -0 0.980785
    outer loop
      vertex 9.66175 3 3
      vertex 10.51 22.8 2.83127
      vertex 9.66175 22.8 3
    endloop
  endfacet
  facet normal 0.195093 0 0.980785
    outer loop
      vertex 10.51 22.8 2.83127
      vertex 9.66175 3 3
      vertex 10.51 2.9 2.83127
    endloop
  endfacet
  facet normal 0.195083 -0 0.980787
    outer loop
      vertex 9.29122 2.9 3.0737
      vertex 9.66175 3 3
      vertex 9.29122 3 3.0737
    endloop
  endfacet
  facet normal 0.19509 -2.81807e-05 0.980785
    outer loop
      vertex 9.66175 3 3
      vertex 9.29122 2.9 3.0737
      vertex 10.51 2.9 2.83127
    endloop
  endfacet
  facet normal -0.997858 0 -0.065424
    outer loop
      vertex 21.25 57.72 12.25
      vertex 21.1687 73.1 13.49
      vertex 21.25 73.1 12.25
    endloop
  endfacet
  facet normal -0.997858 -0 -0.065424
    outer loop
      vertex 21.1687 73.1 13.49
      vertex 21.25 57.72 12.25
      vertex 21.1687 57.72 13.49
    endloop
  endfacet
  facet normal -0.997858 0 -0.065424
    outer loop
      vertex 21.25 2.9 12.25
      vertex 21.1687 18.28 13.49
      vertex 21.25 18.28 12.25
    endloop
  endfacet
  facet normal -0.997858 -0 -0.065424
    outer loop
      vertex 21.1687 18.28 13.49
      vertex 21.25 2.9 12.25
      vertex 21.1687 2.9 13.49
    endloop
  endfacet
  facet normal -0.997858 0 -0.065424
    outer loop
      vertex 21.25 24.28 12.25
      vertex 21.1687 51.72 13.49
      vertex 21.25 51.72 12.25
    endloop
  endfacet
  facet normal -0.997858 -0 -0.065424
    outer loop
      vertex 21.1687 51.72 13.49
      vertex 21.25 24.28 12.25
      vertex 21.1687 24.28 13.49
    endloop
  endfacet
  facet normal 0.0654 0 0.997859
    outer loop
      vertex 10.51 22.8 2.83127
      vertex 11.75 2.9 2.75
      vertex 11.75 22.8 2.75
    endloop
  endfacet
  facet normal 0.0654 0 0.997859
    outer loop
      vertex 11.75 2.9 2.75
      vertex 10.51 22.8 2.83127
      vertex 10.51 2.9 2.83127
    endloop
  endfacet
  facet normal 0.0654 0 0.997859
    outer loop
      vertex 10.51 73.1 2.83127
      vertex 11.75 53.2 2.75
      vertex 11.75 73.1 2.75
    endloop
  endfacet
  facet normal 0.0654 0 0.997859
    outer loop
      vertex 11.75 53.2 2.75
      vertex 10.51 73.1 2.83127
      vertex 10.51 53.2 2.83127
    endloop
  endfacet
  facet normal 0.980794 0 -0.195047
    outer loop
      vertex 2.5 73 14.3382
      vertex 2.5737 73.1 14.7088
      vertex 2.5737 73 14.7088
    endloop
  endfacet
  facet normal 0.980786 0.00015288 -0.195087
    outer loop
      vertex 2.5737 73.1 14.7088
      vertex 2.5 73 14.3382
      vertex 2.33127 73.1 13.49
    endloop
  endfacet
  facet normal 0.980783 0 -0.195104
    outer loop
      vertex 2.33127 57.72 13.49
      vertex 2.5 73 14.3382
      vertex 2.5 57.72 14.3382
    endloop
  endfacet
  facet normal 0.980783 0 -0.195104
    outer loop
      vertex 2.5 73 14.3382
      vertex 2.33127 57.72 13.49
      vertex 2.33127 73.1 13.49
    endloop
  endfacet
  facet normal 0.980794 0 -0.195047
    outer loop
      vertex 2.5737 3 14.7088
      vertex 2.5737 2.9 14.7088
      vertex 2.5 3 14.3382
    endloop
  endfacet
  facet normal 0.980783 0 -0.195104
    outer loop
      vertex 2.5 3 14.3382
      vertex 2.33127 18.28 13.49
      vertex 2.5 18.28 14.3382
    endloop
  endfacet
  facet normal 0.980783 0 -0.195104
    outer loop
      vertex 2.5 3 14.3382
      vertex 2.33127 2.9 13.49
      vertex 2.33127 18.28 13.49
    endloop
  endfacet
  facet normal 0.980786 -0.00015288 -0.195087
    outer loop
      vertex 2.33127 2.9 13.49
      vertex 2.5 3 14.3382
      vertex 2.5737 2.9 14.7088
    endloop
  endfacet
  facet normal 0.980783 0 -0.195104
    outer loop
      vertex 2.5 24.28 14.3382
      vertex 2.33127 51.72 13.49
      vertex 2.5 51.72 14.3382
    endloop
  endfacet
  facet normal 0.980783 0 -0.195104
    outer loop
      vertex 2.33127 51.72 13.49
      vertex 2.5 24.28 14.3382
      vertex 2.33127 24.28 13.49
    endloop
  endfacet
  facet normal -0.980791 6.34118e-05 -0.195064
    outer loop
      vertex 21.1687 73.1 13.49
      vertex 21 73 14.3382
      vertex 20.9263 73.1 14.7088
    endloop
  endfacet
  facet normal -0.980789 0 -0.195071
    outer loop
      vertex 21.1687 57.72 13.49
      vertex 21 73 14.3382
      vertex 21.1687 73.1 13.49
    endloop
  endfacet
  facet normal -0.980789 -0 -0.195071
    outer loop
      vertex 21 73 14.3382
      vertex 21.1687 57.72 13.49
      vertex 21 57.72 14.3382
    endloop
  endfacet
  facet normal -0.980794 -0 -0.195047
    outer loop
      vertex 20.9263 73.1 14.7088
      vertex 21 73 14.3382
      vertex 20.9263 73 14.7088
    endloop
  endfacet
  facet normal -0.980789 0 -0.195071
    outer loop
      vertex 21.1687 18.28 13.49
      vertex 21 3 14.3382
      vertex 21 18.28 14.3382
    endloop
  endfacet
  facet normal -0.980789 0 -0.195071
    outer loop
      vertex 21.1687 2.9 13.49
      vertex 21 3 14.3382
      vertex 21.1687 18.28 13.49
    endloop
  endfacet
  facet normal -0.980791 -6.34118e-05 -0.195064
    outer loop
      vertex 20.9263 2.9 14.7088
      vertex 21 3 14.3382
      vertex 21.1687 2.9 13.49
    endloop
  endfacet
  facet normal -0.980794 0 -0.195047
    outer loop
      vertex 21 3 14.3382
      vertex 20.9263 2.9 14.7088
      vertex 20.9263 3 14.7088
    endloop
  endfacet
  facet normal -0.980789 0 -0.195071
    outer loop
      vertex 21.1687 24.28 13.49
      vertex 21 51.72 14.3382
      vertex 21.1687 51.72 13.49
    endloop
  endfacet
  facet normal -0.980789 -0 -0.195071
    outer loop
      vertex 21 51.72 14.3382
      vertex 21.1687 24.28 13.49
      vertex 21 24.28 14.3382
    endloop
  endfacet
  facet normal 0.65935 0 0.751836
    outer loop
      vertex 5.03249 73.1 5.53249
      vertex 5.96677 73 4.71314
      vertex 5.96677 73.1 4.71314
    endloop
  endfacet
  facet normal 0.65935 0 0.751836
    outer loop
      vertex 5.96677 73 4.71314
      vertex 5.03249 73.1 5.53249
      vertex 5.03249 73 5.53249
    endloop
  endfacet
  facet normal 0.65935 0 0.751836
    outer loop
      vertex 5.03249 3 5.53249
      vertex 5.96677 2.9 4.71314
      vertex 5.96677 3 4.71314
    endloop
  endfacet
  facet normal 0.65935 0 0.751836
    outer loop
      vertex 5.96677 2.9 4.71314
      vertex 5.03249 3 5.53249
      vertex 5.03249 2.9 5.53249
    endloop
  endfacet
  facet normal 0.980785 0.000125726 0.19509
    outer loop
      vertex 2.33127 73.1 11.01
      vertex 2.5 73 10.1618
      vertex 2.5737 73.1 9.79122
    endloop
  endfacet
  facet normal 0.980783 0 0.195104
    outer loop
      vertex 2.33127 73.1 11.01
      vertex 2.5 3 10.1618
      vertex 2.5 73 10.1618
    endloop
  endfacet
  facet normal 0.980783 -0 0.195104
    outer loop
      vertex 2.33127 2.9 11.01
      vertex 2.5 3 10.1618
      vertex 2.33127 73.1 11.01
    endloop
  endfacet
  facet normal 0.980785 -0.000125726 0.19509
    outer loop
      vertex 2.5737 2.9 9.79122
      vertex 2.5 3 10.1618
      vertex 2.33127 2.9 11.01
    endloop
  endfacet
  facet normal 0.980792 0 0.195057
    outer loop
      vertex 2.5 3 10.1618
      vertex 2.5737 2.9 9.79122
      vertex 2.5737 3 9.79122
    endloop
  endfacet
  facet normal 0.980792 0 0.195057
    outer loop
      vertex 2.5737 73.1 9.79122
      vertex 2.5 73 10.1618
      vertex 2.5737 73 9.79122
    endloop
  endfacet
  facet normal 0.32144 0 0.94693
    outer loop
      vertex 8.11451 73.1 3.47314
      vertex 9.29122 73 3.0737
      vertex 9.29122 73.1 3.0737
    endloop
  endfacet
  facet normal 0.32144 0 0.94693
    outer loop
      vertex 9.29122 73 3.0737
      vertex 8.11451 73.1 3.47314
      vertex 8.11451 73 3.47314
    endloop
  endfacet
  facet normal 0.32144 0 0.94693
    outer loop
      vertex 8.11451 3 3.47314
      vertex 9.29122 2.9 3.0737
      vertex 9.29122 3 3.0737
    endloop
  endfacet
  facet normal 0.32144 0 0.94693
    outer loop
      vertex 9.29122 2.9 3.0737
      vertex 8.11451 3 3.47314
      vertex 8.11451 2.9 3.47314
    endloop
  endfacet
  facet normal -0.0654 0 0.997859
    outer loop
      vertex 11.75 73.1 2.75
      vertex 12.99 53.2 2.83127
      vertex 12.99 73.1 2.83127
    endloop
  endfacet
  facet normal -0.0654 0 0.997859
    outer loop
      vertex 12.99 53.2 2.83127
      vertex 11.75 73.1 2.75
      vertex 11.75 53.2 2.75
    endloop
  endfacet
  facet normal -0.0654 0 0.997859
    outer loop
      vertex 11.75 22.8 2.75
      vertex 12.99 2.9 2.83127
      vertex 12.99 22.8 2.83127
    endloop
  endfacet
  facet normal -0.0654 0 0.997859
    outer loop
      vertex 12.99 2.9 2.83127
      vertex 11.75 22.8 2.75
      vertex 11.75 2.9 2.75
    endloop
  endfacet
  facet normal -0.55558 0 0.831463
    outer loop
      vertex 16.5 3 4.02276
      vertex 17.5332 2.9 4.71314
      vertex 17.5332 3 4.71314
    endloop
  endfacet
  facet normal -0.55558 0 0.831463
    outer loop
      vertex 17.5332 2.9 4.71314
      vertex 16.5 3 4.02276
      vertex 16.5 2.9 4.02276
    endloop
  endfacet
  facet normal -0.55558 0 0.831463
    outer loop
      vertex 16.5 73.1 4.02276
      vertex 17.5332 73 4.71314
      vertex 17.5332 73.1 4.71314
    endloop
  endfacet
  facet normal -0.55558 0 0.831463
    outer loop
      vertex 17.5332 73 4.71314
      vertex 16.5 73.1 4.02276
      vertex 16.5 73 4.02276
    endloop
  endfacet
  facet normal 0.94693 -0 0.32144
    outer loop
      vertex 2.5737 73 9.79122
      vertex 2.97314 73.1 8.61451
      vertex 2.5737 73.1 9.79122
    endloop
  endfacet
  facet normal 0.94693 0 0.32144
    outer loop
      vertex 2.97314 73.1 8.61451
      vertex 2.5737 73 9.79122
      vertex 2.97314 73 8.61451
    endloop
  endfacet
  facet normal 0.94693 -0 0.32144
    outer loop
      vertex 2.5737 2.9 9.79122
      vertex 2.97314 3 8.61451
      vertex 2.5737 3 9.79122
    endloop
  endfacet
  facet normal 0.94693 0 0.32144
    outer loop
      vertex 2.97314 3 8.61451
      vertex 2.5737 2.9 9.79122
      vertex 2.97314 2.9 8.61451
    endloop
  endfacet
  facet normal 0.997859 0 -0.0654
    outer loop
      vertex 2.33127 57.72 13.49
      vertex 2.25 73.1 12.25
      vertex 2.33127 73.1 13.49
    endloop
  endfacet
  facet normal 0.997859 0 -0.0654
    outer loop
      vertex 2.25 73.1 12.25
      vertex 2.33127 57.72 13.49
      vertex 2.25 57.72 12.25
    endloop
  endfacet
  facet normal 0.997859 0 -0.0654
    outer loop
      vertex 2.33127 2.9 13.49
      vertex 2.25 18.28 12.25
      vertex 2.33127 18.28 13.49
    endloop
  endfacet
  facet normal 0.997859 0 -0.0654
    outer loop
      vertex 2.25 18.28 12.25
      vertex 2.33127 2.9 13.49
      vertex 2.25 2.9 12.25
    endloop
  endfacet
  facet normal 0.997859 0 -0.0654
    outer loop
      vertex 2.33127 24.28 13.49
      vertex 2.25 51.72 12.25
      vertex 2.33127 51.72 13.49
    endloop
  endfacet
  facet normal 0.997859 0 -0.0654
    outer loop
      vertex 2.25 51.72 12.25
      vertex 2.33127 24.28 13.49
      vertex 2.25 24.28 12.25
    endloop
  endfacet
  facet normal 0 1 0
    outer loop
      vertex 20.9263 2.9 14.7088
      vertex 20.3471 2.9 16.25
      vertex 20.5269 2.9 15.8855
    endloop
  endfacet
  facet normal 0 1 0
    outer loop
      vertex 21.1687 2.9 13.49
      vertex 20.3471 2.9 16.25
      vertex 20.9263 2.9 14.7088
    endloop
  endfacet
  facet normal 0 1 0
    outer loop
      vertex 20.3471 2.9 16.25
      vertex 21.1687 2.9 13.49
      vertex 3.1529 2.9 16.25
    endloop
  endfacet
  facet normal 0 1 0
    outer loop
      vertex 3.1529 2.9 16.25
      vertex 2.5737 2.9 14.7088
      vertex 2.97314 2.9 15.8855
    endloop
  endfacet
  facet normal 0 1 0
    outer loop
      vertex 2.33127 2.9 13.49
      vertex 3.1529 2.9 16.25
      vertex 21.1687 2.9 13.49
    endloop
  endfacet
  facet normal 0 1 0
    outer loop
      vertex 3.1529 2.9 16.25
      vertex 2.33127 2.9 13.49
      vertex 2.5737 2.9 14.7088
    endloop
  endfacet
  facet normal 0 1 0
    outer loop
      vertex 21.25 2.9 12.25
      vertex 2.33127 2.9 13.49
      vertex 21.1687 2.9 13.49
    endloop
  endfacet
  facet normal 0 1 0
    outer loop
      vertex 21.25 2.9 12.25
      vertex 2.25 2.9 12.25
      vertex 2.33127 2.9 13.49
    endloop
  endfacet
  facet normal 0 1 -0
    outer loop
      vertex 21.1687 2.9 11.01
      vertex 2.25 2.9 12.25
      vertex 21.25 2.9 12.25
    endloop
  endfacet
  facet normal 0 1 0
    outer loop
      vertex 21.1687 2.9 11.01
      vertex 2.33127 2.9 11.01
      vertex 2.25 2.9 12.25
    endloop
  endfacet
  facet normal 0 1 -0
    outer loop
      vertex 20.9263 2.9 9.79122
      vertex 2.33127 2.9 11.01
      vertex 21.1687 2.9 11.01
    endloop
  endfacet
  facet normal 0 1 0
    outer loop
      vertex 20.9263 2.9 9.79122
      vertex 2.5737 2.9 9.79122
      vertex 2.33127 2.9 11.01
    endloop
  endfacet
  facet normal 0 1 -0
    outer loop
      vertex 20.5269 2.9 8.61451
      vertex 2.5737 2.9 9.79122
      vertex 20.9263 2.9 9.79122
    endloop
  endfacet
  facet normal 0 1 0
    outer loop
      vertex 20.5269 2.9 8.61451
      vertex 2.97314 2.9 8.61451
      vertex 2.5737 2.9 9.79122
    endloop
  endfacet
  facet normal 0 1 -0
    outer loop
      vertex 19.9772 2.9 7.5
      vertex 2.97314 2.9 8.61451
      vertex 20.5269 2.9 8.61451
    endloop
  endfacet
  facet normal 0 1 0
    outer loop
      vertex 19.9772 2.9 7.5
      vertex 3.52276 2.9 7.5
      vertex 2.97314 2.9 8.61451
    endloop
  endfacet
  facet normal 0 1 -0
    outer loop
      vertex 19.2869 2.9 6.46677
      vertex 3.52276 2.9 7.5
      vertex 19.9772 2.9 7.5
    endloop
  endfacet
  facet normal 0 1 0
    outer loop
      vertex 19.2869 2.9 6.46677
      vertex 4.21314 2.9 6.46677
      vertex 3.52276 2.9 7.5
    endloop
  endfacet
  facet normal 0 1 -0
    outer loop
      vertex 18.4675 2.9 5.53249
      vertex 4.21314 2.9 6.46677
      vertex 19.2869 2.9 6.46677
    endloop
  endfacet
  facet normal 0 1 0
    outer loop
      vertex 18.4675 2.9 5.53249
      vertex 5.03249 2.9 5.53249
      vertex 4.21314 2.9 6.46677
    endloop
  endfacet
  facet normal 0 1 -0
    outer loop
      vertex 17.5332 2.9 4.71314
      vertex 5.03249 2.9 5.53249
      vertex 18.4675 2.9 5.53249
    endloop
  endfacet
  facet normal 0 1 0
    outer loop
      vertex 17.5332 2.9 4.71314
      vertex 5.96677 2.9 4.71314
      vertex 5.03249 2.9 5.53249
    endloop
  endfacet
  facet normal 0 1 -0
    outer loop
      vertex 16.5 2.9 4.02276
      vertex 5.96677 2.9 4.71314
      vertex 17.5332 2.9 4.71314
    endloop
  endfacet
  facet normal 0 1 0
    outer loop
      vertex 16.5 2.9 4.02276
      vertex 7 2.9 4.02276
      vertex 5.96677 2.9 4.71314
    endloop
  endfacet
  facet normal 0 1 -0
    outer loop
      vertex 15.3855 2.9 3.47314
      vertex 7 2.9 4.02276
      vertex 16.5 2.9 4.02276
    endloop
  endfacet
  facet normal 0 1 0
    outer loop
      vertex 15.3855 2.9 3.47314
      vertex 8.11451 2.9 3.47314
      vertex 7 2.9 4.02276
    endloop
  endfacet
  facet normal 0 1 -0
    outer loop
      vertex 14.2088 2.9 3.0737
      vertex 8.11451 2.9 3.47314
      vertex 15.3855 2.9 3.47314
    endloop
  endfacet
  facet normal 0 1 0
    outer loop
      vertex 14.2088 2.9 3.0737
      vertex 9.29122 2.9 3.0737
      vertex 8.11451 2.9 3.47314
    endloop
  endfacet
  facet normal 0 1 -0
    outer loop
      vertex 12.99 2.9 2.83127
      vertex 9.29122 2.9 3.0737
      vertex 14.2088 2.9 3.0737
    endloop
  endfacet
  facet normal 0 1 0
    outer loop
      vertex 12.99 2.9 2.83127
      vertex 10.51 2.9 2.83127
      vertex 9.29122 2.9 3.0737
    endloop
  endfacet
  facet normal -0 1 0
    outer loop
      vertex 10.51 2.9 2.83127
      vertex 12.99 2.9 2.83127
      vertex 11.75 2.9 2.75
    endloop
  endfacet
  facet normal -0.659342 0 0.751843
    outer loop
      vertex 17.5332 3 4.71314
      vertex 18.4675 2.9 5.53249
      vertex 18.4675 3 5.53249
    endloop
  endfacet
  facet normal -0.659342 0 0.751843
    outer loop
      vertex 18.4675 2.9 5.53249
      vertex 17.5332 3 4.71314
      vertex 17.5332 2.9 4.71314
    endloop
  endfacet
  facet normal -0.659342 0 0.751843
    outer loop
      vertex 17.5332 73.1 4.71314
      vertex 18.4675 73 5.53249
      vertex 18.4675 73.1 5.53249
    endloop
  endfacet
  facet normal -0.659342 0 0.751843
    outer loop
      vertex 18.4675 73 5.53249
      vertex 17.5332 73.1 4.71314
      vertex 17.5332 73 4.71314
    endloop
  endfacet
  facet normal 0.997859 -0 0.0654
    outer loop
      vertex 2.25 57.72 12.25
      vertex 2.33127 73.1 11.01
      vertex 2.25 73.1 12.25
    endloop
  endfacet
  facet normal 0.997859 -0 0.0654
    outer loop
      vertex 2.25 51.72 12.25
      vertex 2.33127 73.1 11.01
      vertex 2.25 57.72 12.25
    endloop
  endfacet
  facet normal 0.997859 -0 0.0654
    outer loop
      vertex 2.25 24.28 12.25
      vertex 2.33127 73.1 11.01
      vertex 2.25 51.72 12.25
    endloop
  endfacet
  facet normal 0.997859 0 0.0654
    outer loop
      vertex 2.33127 2.9 11.01
      vertex 2.25 24.28 12.25
      vertex 2.25 18.28 12.25
    endloop
  endfacet
  facet normal 0.997859 0 0.0654
    outer loop
      vertex 2.33127 2.9 11.01
      vertex 2.25 18.28 12.25
      vertex 2.25 2.9 12.25
    endloop
  endfacet
  facet normal 0.997859 0 0.0654
    outer loop
      vertex 2.25 24.28 12.25
      vertex 2.33127 2.9 11.01
      vertex 2.33127 73.1 11.01
    endloop
  endfacet
  facet normal 0.83147 -0 0.555569
    outer loop
      vertex 3.52276 2.9 7.5
      vertex 4.21314 3 6.46677
      vertex 3.52276 3 7.5
    endloop
  endfacet
  facet normal 0.83147 0 0.555569
    outer loop
      vertex 4.21314 3 6.46677
      vertex 3.52276 2.9 7.5
      vertex 4.21314 2.9 6.46677
    endloop
  endfacet
  facet normal 0.83147 -0 0.555569
    outer loop
      vertex 3.52276 73 7.5
      vertex 4.21314 73.1 6.46677
      vertex 3.52276 73.1 7.5
    endloop
  endfacet
  facet normal 0.83147 0 0.555569
    outer loop
      vertex 4.21314 73.1 6.46677
      vertex 3.52276 73 7.5
      vertex 4.21314 73 6.46677
    endloop
  endfacet
  facet normal -0.980792 0 0.195057
    outer loop
      vertex 41.9263 3 9.79122
      vertex 41.9263 2.9 9.79122
      vertex 42 3 10.1618
    endloop
  endfacet
  facet normal -0.980792 0 0.195057
    outer loop
      vertex 42 73 10.1618
      vertex 41.9263 73.1 9.79122
      vertex 41.9263 73 9.79122
    endloop
  endfacet
  facet normal -0.98079 3.62612e-05 0.195067
    outer loop
      vertex 41.9263 73.1 9.79122
      vertex 42 73 10.1618
      vertex 42.1687 73.1 11.01
    endloop
  endfacet
  facet normal -0.980789 0 0.195071
    outer loop
      vertex 42 3 10.1618
      vertex 42.1687 73.1 11.01
      vertex 42 73 10.1618
    endloop
  endfacet
  facet normal -0.980789 0 0.195071
    outer loop
      vertex 42 3 10.1618
      vertex 42.1687 2.9 11.01
      vertex 42.1687 73.1 11.01
    endloop
  endfacet
  facet normal -0.98079 -3.62612e-05 0.195067
    outer loop
      vertex 42.1687 2.9 11.01
      vertex 42 3 10.1618
      vertex 41.9263 2.9 9.79122
    endloop
  endfacet
  facet normal -0.997858 0 0.065424
    outer loop
      vertex 42.1687 73.1 11.01
      vertex 42.25 57.72 12.25
      vertex 42.25 73.1 12.25
    endloop
  endfacet
  facet normal -0.997858 0 0.065424
    outer loop
      vertex 42.1687 73.1 11.01
      vertex 42.25 51.72 12.25
      vertex 42.25 57.72 12.25
    endloop
  endfacet
  facet normal -0.997858 0 0.065424
    outer loop
      vertex 42.1687 73.1 11.01
      vertex 42.25 24.28 12.25
      vertex 42.25 51.72 12.25
    endloop
  endfacet
  facet normal -0.997858 0 0.065424
    outer loop
      vertex 42.1687 2.9 11.01
      vertex 42.25 24.28 12.25
      vertex 42.1687 73.1 11.01
    endloop
  endfacet
  facet normal -0.997858 0 0.065424
    outer loop
      vertex 42.25 24.28 12.25
      vertex 42.1687 2.9 11.01
      vertex 42.25 18.28 12.25
    endloop
  endfacet
  facet normal -0.997858 0 0.065424
    outer loop
      vertex 42.25 18.28 12.25
      vertex 42.1687 2.9 11.01
      vertex 42.25 2.9 12.25
    endloop
  endfacet
  facet normal -0.94694 0 0.321411
    outer loop
      vertex 41.5269 73 8.61451
      vertex 41.9263 73.1 9.79122
      vertex 41.5269 73.1 8.61451
    endloop
  endfacet
  facet normal -0.94694 0 0.321411
    outer loop
      vertex 41.9263 73.1 9.79122
      vertex 41.5269 73 8.61451
      vertex 41.9263 73 9.79122
    endloop
  endfacet
  facet normal -0.94694 0 0.321411
    outer loop
      vertex 41.5269 2.9 8.61451
      vertex 41.9263 3 9.79122
      vertex 41.5269 3 8.61451
    endloop
  endfacet
  facet normal -0.94694 0 0.321411
    outer loop
      vertex 41.9263 3 9.79122
      vertex 41.5269 2.9 8.61451
      vertex 41.9263 2.9 9.79122
    endloop
  endfacet
  facet normal -0.8315 0 0.555524
    outer loop
      vertex 40.2869 2.9 6.46677
      vertex 40.9772 3 7.5
      vertex 40.2869 3 6.46677
    endloop
  endfacet
  facet normal -0.8315 0 0.555524
    outer loop
      vertex 40.9772 3 7.5
      vertex 40.2869 2.9 6.46677
      vertex 40.9772 2.9 7.5
    endloop
  endfacet
  facet normal -0.831516 0 0.555501
    outer loop
      vertex 40.75 73 7.15991
      vertex 40.9772 73.1 7.5
      vertex 40.75 73.1 7.15991
    endloop
  endfacet
  facet normal -0.831516 0 0.555501
    outer loop
      vertex 40.9772 73.1 7.5
      vertex 40.75 73 7.15991
      vertex 40.9772 73 7.5
    endloop
  endfacet
  facet normal -0.321442 0 0.946929
    outer loop
      vertex 35.2088 3 3.0737
      vertex 36.3855 2.9 3.47314
      vertex 36.3855 3 3.47314
    endloop
  endfacet
  facet normal -0.321442 0 0.946929
    outer loop
      vertex 36.3855 2.9 3.47314
      vertex 35.2088 3 3.0737
      vertex 35.2088 2.9 3.0737
    endloop
  endfacet
  facet normal -0.659342 0 0.751843
    outer loop
      vertex 38.5332 3 4.71314
      vertex 39.4675 2.9 5.53249
      vertex 39.4675 3 5.53249
    endloop
  endfacet
  facet normal -0.659342 0 0.751843
    outer loop
      vertex 39.4675 2.9 5.53249
      vertex 38.5332 3 4.71314
      vertex 38.5332 2.9 4.71314
    endloop
  endfacet
  facet normal 0.751816 -0 0.659372
    outer loop
      vertex 25.2131 2.9 6.46677
      vertex 26.0325 3 5.53249
      vertex 25.2131 3 6.46677
    endloop
  endfacet
  facet normal 0.751816 0 0.659372
    outer loop
      vertex 26.0325 3 5.53249
      vertex 25.2131 2.9 6.46677
      vertex 26.0325 2.9 5.53249
    endloop
  endfacet
  facet normal -0.896846 0 0.442343
    outer loop
      vertex 40.9772 73 7.5
      vertex 41.5269 73.1 8.61451
      vertex 40.9772 73.1 7.5
    endloop
  endfacet
  facet normal -0.896846 0 0.442343
    outer loop
      vertex 41.5269 73.1 8.61451
      vertex 40.9772 73 7.5
      vertex 41.5269 73 8.61451
    endloop
  endfacet
  facet normal -0.896846 0 0.442343
    outer loop
      vertex 40.9772 2.9 7.5
      vertex 41.5269 3 8.61451
      vertex 40.9772 3 7.5
    endloop
  endfacet
  facet normal -0.896846 0 0.442343
    outer loop
      vertex 41.5269 3 8.61451
      vertex 40.9772 2.9 7.5
      vertex 41.5269 2.9 8.61451
    endloop
  endfacet
  facet normal -0.195104 0 0.980783
    outer loop
      vertex 34.8382 22.8 3
      vertex 33.99 22.8 2.83127
      vertex 34.8382 3 3
    endloop
  endfacet
  facet normal -0.195047 0 0.980794
    outer loop
      vertex 34.8382 3 3
      vertex 35.2088 2.9 3.0737
      vertex 35.2088 3 3.0737
    endloop
  endfacet
  facet normal -0.195087 -0.00015288 0.980786
    outer loop
      vertex 34.8382 3 3
      vertex 33.99 2.9 2.83127
      vertex 35.2088 2.9 3.0737
    endloop
  endfacet
  facet normal -0.195104 0 0.980783
    outer loop
      vertex 33.99 2.9 2.83127
      vertex 34.8382 3 3
      vertex 33.99 22.8 2.83127
    endloop
  endfacet
  facet normal -0.195104 0 0.980783
    outer loop
      vertex 33.99 73.1 2.83127
      vertex 34.8382 72.9 3
      vertex 34.8382 73.1 3
    endloop
  endfacet
  facet normal -0.195104 0 0.980783
    outer loop
      vertex 33.99 53.2 2.83127
      vertex 34.8382 72.9 3
      vertex 33.99 73.1 2.83127
    endloop
  endfacet
  facet normal -0.195104 0 0.980783
    outer loop
      vertex 34.8382 72.9 3
      vertex 33.99 53.2 2.83127
      vertex 34.8382 53.2 3
    endloop
  endfacet
  facet normal -0.946939 0 -0.321414
    outer loop
      vertex 41.9263 73 14.7088
      vertex 41.5269 73.1 15.8855
      vertex 41.9263 73.1 14.7088
    endloop
  endfacet
  facet normal -0.946939 -0 -0.321414
    outer loop
      vertex 41.5269 73.1 15.8855
      vertex 41.9263 73 14.7088
      vertex 41.5269 73 15.8855
    endloop
  endfacet
  facet normal -0.946939 0 -0.321414
    outer loop
      vertex 41.9263 2.9 14.7088
      vertex 41.5269 3 15.8855
      vertex 41.9263 3 14.7088
    endloop
  endfacet
  facet normal -0.946939 -0 -0.321414
    outer loop
      vertex 41.5269 3 15.8855
      vertex 41.9263 2.9 14.7088
      vertex 41.5269 2.9 15.8855
    endloop
  endfacet
  facet normal -0.896825 0 -0.442385
    outer loop
      vertex 41.5269 73 15.8855
      vertex 41.3471 73.1 16.25
      vertex 41.5269 73.1 15.8855
    endloop
  endfacet
  facet normal -0.896825 -0 -0.442385
    outer loop
      vertex 41.3471 73.1 16.25
      vertex 41.5269 73 15.8855
      vertex 41.3471 73 16.25
    endloop
  endfacet
  facet normal -0.896825 0 -0.442385
    outer loop
      vertex 41.5269 2.9 15.8855
      vertex 41.3471 3 16.25
      vertex 41.5269 3 15.8855
    endloop
  endfacet
  facet normal -0.896825 -0 -0.442385
    outer loop
      vertex 41.3471 3 16.25
      vertex 41.5269 2.9 15.8855
      vertex 41.3471 2.9 16.25
    endloop
  endfacet
  facet normal 0.946939 0 -0.321414
    outer loop
      vertex 23.9731 2.9 15.8855
      vertex 23.5737 3 14.7088
      vertex 23.9731 3 15.8855
    endloop
  endfacet
  facet normal 0.946939 0 -0.321414
    outer loop
      vertex 23.5737 3 14.7088
      vertex 23.9731 2.9 15.8855
      vertex 23.5737 2.9 14.7088
    endloop
  endfacet
  facet normal 0.946939 0 -0.321414
    outer loop
      vertex 23.9731 73 15.8855
      vertex 23.5737 73.1 14.7088
      vertex 23.9731 73.1 15.8855
    endloop
  endfacet
  facet normal 0.946939 0 -0.321414
    outer loop
      vertex 23.5737 73.1 14.7088
      vertex 23.9731 73 15.8855
      vertex 23.5737 73 14.7088
    endloop
  endfacet
  facet normal 0 -1 0
    outer loop
      vertex 24.75 73.1 11
      vertex 24.1529 73.1 16.25
      vertex 23.9731 73.1 15.8855
    endloop
  endfacet
  facet normal 0 -1 0
    outer loop
      vertex 24.1529 73.1 16.25
      vertex 24.75 73.1 11
      vertex 41.3471 73.1 16.25
    endloop
  endfacet
  facet normal 0 -1 0
    outer loop
      vertex 24.75 73.1 11
      vertex 23.9731 73.1 15.8855
      vertex 23.5737 73.1 14.7088
    endloop
  endfacet
  facet normal 0 -1 0
    outer loop
      vertex 40.75 73.1 11
      vertex 41.3471 73.1 16.25
      vertex 24.75 73.1 11
    endloop
  endfacet
  facet normal 0 -1 0
    outer loop
      vertex 24.75 73.1 11
      vertex 23.5737 73.1 14.7088
      vertex 23.3313 73.1 13.49
    endloop
  endfacet
  facet normal 0 -1 -0
    outer loop
      vertex 41.3471 73.1 16.25
      vertex 40.75 73.1 11
      vertex 41.5269 73.1 15.8855
    endloop
  endfacet
  facet normal 0 -1 0
    outer loop
      vertex 24.75 73.1 11
      vertex 23.3313 73.1 13.49
      vertex 23.25 73.1 12.25
    endloop
  endfacet
  facet normal 0 -1 -0
    outer loop
      vertex 41.5269 73.1 15.8855
      vertex 40.75 73.1 11
      vertex 41.9263 73.1 14.7088
    endloop
  endfacet
  facet normal 0 -1 0
    outer loop
      vertex 24.75 73.1 11
      vertex 23.25 73.1 12.25
      vertex 23.3313 73.1 11.01
    endloop
  endfacet
  facet normal 0 -1 -0
    outer loop
      vertex 41.9263 73.1 14.7088
      vertex 40.75 73.1 11
      vertex 42.1687 73.1 13.49
    endloop
  endfacet
  facet normal 0 -1 -0
    outer loop
      vertex 42.1687 73.1 13.49
      vertex 40.75 73.1 11
      vertex 42.25 73.1 12.25
    endloop
  endfacet
  facet normal 0 -1 0
    outer loop
      vertex 23.5737 73.1 9.79122
      vertex 24.75 73.1 11
      vertex 23.3313 73.1 11.01
    endloop
  endfacet
  facet normal 0 -1 0
    outer loop
      vertex 23.9731 73.1 8.61451
      vertex 24.75 73.1 11
      vertex 23.5737 73.1 9.79122
    endloop
  endfacet
  facet normal 0 -1 0
    outer loop
      vertex 24.5228 73.1 7.5
      vertex 24.75 73.1 11
      vertex 23.9731 73.1 8.61451
    endloop
  endfacet
  facet normal 0 -1 -0
    outer loop
      vertex 24.75 73.1 11
      vertex 24.5228 73.1 7.5
      vertex 24.75 73.1 7.15991
    endloop
  endfacet
  facet normal 0 -1 0
    outer loop
      vertex 42.25 73.1 12.25
      vertex 40.75 73.1 11
      vertex 42.1687 73.1 11.01
    endloop
  endfacet
  facet normal 0 -1 0
    outer loop
      vertex 40.75 73.1 11
      vertex 41.9263 73.1 9.79122
      vertex 42.1687 73.1 11.01
    endloop
  endfacet
  facet normal 0 -1 0
    outer loop
      vertex 40.75 73.1 11
      vertex 41.5269 73.1 8.61451
      vertex 41.9263 73.1 9.79122
    endloop
  endfacet
  facet normal 0 -1 0
    outer loop
      vertex 40.75 73.1 11
      vertex 40.9772 73.1 7.5
      vertex 41.5269 73.1 8.61451
    endloop
  endfacet
  facet normal -0 -1 0
    outer loop
      vertex 40.9772 73.1 7.5
      vertex 40.75 73.1 11
      vertex 40.75 73.1 7.15991
    endloop
  endfacet
  facet normal 0 -1 0
    outer loop
      vertex 32.75 73.1 2.75
      vertex 30.6618 73.1 3
      vertex 31.51 73.1 2.83127
    endloop
  endfacet
  facet normal 0 -1 0
    outer loop
      vertex 30.6618 73.1 3
      vertex 32.75 73.1 2.75
      vertex 34.8382 73.1 3
    endloop
  endfacet
  facet normal 0 -1 0
    outer loop
      vertex 34.8382 73.1 3
      vertex 32.75 73.1 2.75
      vertex 33.99 73.1 2.83127
    endloop
  endfacet
  facet normal 0.896846 -0 0.442343
    outer loop
      vertex 23.9731 2.9 8.61451
      vertex 24.5228 3 7.5
      vertex 23.9731 3 8.61451
    endloop
  endfacet
  facet normal 0.896846 0 0.442343
    outer loop
      vertex 24.5228 3 7.5
      vertex 23.9731 2.9 8.61451
      vertex 24.5228 2.9 7.5
    endloop
  endfacet
  facet normal 0.896846 -0 0.442343
    outer loop
      vertex 23.9731 73 8.61451
      vertex 24.5228 73.1 7.5
      vertex 23.9731 73.1 8.61451
    endloop
  endfacet
  facet normal 0.896846 0 0.442343
    outer loop
      vertex 24.5228 73.1 7.5
      vertex 23.9731 73 8.61451
      vertex 24.5228 73 7.5
    endloop
  endfacet
  facet normal 0.442295 0 0.89687
    outer loop
      vertex 28 3 4.02276
      vertex 29.1145 2.9 3.47314
      vertex 29.1145 3 3.47314
    endloop
  endfacet
  facet normal 0.442295 0 0.89687
    outer loop
      vertex 29.1145 2.9 3.47314
      vertex 28 3 4.02276
      vertex 28 2.9 4.02276
    endloop
  endfacet
  facet normal -0.442295 0 0.89687
    outer loop
      vertex 36.3855 3 3.47314
      vertex 37.5 2.9 4.02276
      vertex 37.5 3 4.02276
    endloop
  endfacet
  facet normal -0.442295 0 0.89687
    outer loop
      vertex 37.5 2.9 4.02276
      vertex 36.3855 3 3.47314
      vertex 36.3855 2.9 3.47314
    endloop
  endfacet
  facet normal 0.896825 0 -0.442385
    outer loop
      vertex 24.1529 2.9 16.25
      vertex 23.9731 3 15.8855
      vertex 24.1529 3 16.25
    endloop
  endfacet
  facet normal 0.896825 0 -0.442385
    outer loop
      vertex 23.9731 3 15.8855
      vertex 24.1529 2.9 16.25
      vertex 23.9731 2.9 15.8855
    endloop
  endfacet
  facet normal 0.896825 0 -0.442385
    outer loop
      vertex 24.1529 73 16.25
      vertex 23.9731 73.1 15.8855
      vertex 24.1529 73.1 16.25
    endloop
  endfacet
  facet normal 0.896825 0 -0.442385
    outer loop
      vertex 23.9731 73.1 15.8855
      vertex 24.1529 73 16.25
      vertex 23.9731 73 15.8855
    endloop
  endfacet
  facet normal -0.751816 0 0.659372
    outer loop
      vertex 39.4675 2.9 5.53249
      vertex 40.2869 3 6.46677
      vertex 39.4675 3 5.53249
    endloop
  endfacet
  facet normal -0.751816 0 0.659372
    outer loop
      vertex 40.2869 3 6.46677
      vertex 39.4675 2.9 5.53249
      vertex 40.2869 2.9 6.46677
    endloop
  endfacet
  facet normal 0.55558 0 0.831463
    outer loop
      vertex 26.9668 3 4.71314
      vertex 28 2.9 4.02276
      vertex 28 3 4.02276
    endloop
  endfacet
  facet normal 0.55558 0 0.831463
    outer loop
      vertex 28 2.9 4.02276
      vertex 26.9668 3 4.71314
      vertex 26.9668 2.9 4.71314
    endloop
  endfacet
  facet normal 0.195104 -0 0.980783
    outer loop
      vertex 30.6618 72.9 3
      vertex 31.51 73.1 2.83127
      vertex 30.6618 73.1 3
    endloop
  endfacet
  facet normal 0.195104 0 0.980783
    outer loop
      vertex 31.51 73.1 2.83127
      vertex 30.6618 72.9 3
      vertex 31.51 53.2 2.83127
    endloop
  endfacet
  facet normal 0.195104 0 0.980783
    outer loop
      vertex 31.51 53.2 2.83127
      vertex 30.6618 72.9 3
      vertex 30.6618 53.2 3
    endloop
  endfacet
  facet normal 0.195104 -0 0.980783
    outer loop
      vertex 30.6618 3 3
      vertex 31.51 22.8 2.83127
      vertex 30.6618 22.8 3
    endloop
  endfacet
  facet normal 0.195104 0 0.980783
    outer loop
      vertex 31.51 22.8 2.83127
      vertex 30.6618 3 3
      vertex 31.51 2.9 2.83127
    endloop
  endfacet
  facet normal 0.195047 -0 0.980794
    outer loop
      vertex 30.2912 2.9 3.0737
      vertex 30.6618 3 3
      vertex 30.2912 3 3.0737
    endloop
  endfacet
  facet normal 0.195087 -0.00015288 0.980786
    outer loop
      vertex 30.6618 3 3
      vertex 30.2912 2.9 3.0737
      vertex 31.51 2.9 2.83127
    endloop
  endfacet
  facet normal -0.997858 0 -0.065424
    outer loop
      vertex 42.25 2.9 12.25
      vertex 42.1687 18.28 13.49
      vertex 42.25 18.28 12.25
    endloop
  endfacet
  facet normal -0.997858 -0 -0.065424
    outer loop
      vertex 42.1687 18.28 13.49
      vertex 42.25 2.9 12.25
      vertex 42.1687 2.9 13.49
    endloop
  endfacet
  facet normal -0.997858 0 -0.065424
    outer loop
      vertex 42.25 57.72 12.25
      vertex 42.1687 73.1 13.49
      vertex 42.25 73.1 12.25
    endloop
  endfacet
  facet normal -0.997858 -0 -0.065424
    outer loop
      vertex 42.1687 73.1 13.49
      vertex 42.25 57.72 12.25
      vertex 42.1687 57.72 13.49
    endloop
  endfacet
  facet normal -0.997858 0 -0.065424
    outer loop
      vertex 42.25 24.28 12.25
      vertex 42.1687 51.72 13.49
      vertex 42.25 51.72 12.25
    endloop
  endfacet
  facet normal -0.997858 -0 -0.065424
    outer loop
      vertex 42.1687 51.72 13.49
      vertex 42.25 24.28 12.25
      vertex 42.1687 24.28 13.49
    endloop
  endfacet
  facet normal 0.0654 0 0.997859
    outer loop
      vertex 31.51 22.8 2.83127
      vertex 32.75 2.9 2.75
      vertex 32.75 22.8 2.75
    endloop
  endfacet
  facet normal 0.0654 0 0.997859
    outer loop
      vertex 32.75 2.9 2.75
      vertex 31.51 22.8 2.83127
      vertex 31.51 2.9 2.83127
    endloop
  endfacet
  facet normal 0.0654 0 0.997859
    outer loop
      vertex 31.51 73.1 2.83127
      vertex 32.75 53.2 2.75
      vertex 32.75 73.1 2.75
    endloop
  endfacet
  facet normal 0.0654 0 0.997859
    outer loop
      vertex 32.75 53.2 2.75
      vertex 31.51 73.1 2.83127
      vertex 31.51 53.2 2.83127
    endloop
  endfacet
  facet normal 0.980794 0 -0.195047
    outer loop
      vertex 23.5 73 14.3382
      vertex 23.5737 73.1 14.7088
      vertex 23.5737 73 14.7088
    endloop
  endfacet
  facet normal 0.980791 6.34118e-05 -0.195064
    outer loop
      vertex 23.5737 73.1 14.7088
      vertex 23.5 73 14.3382
      vertex 23.3313 73.1 13.49
    endloop
  endfacet
  facet normal 0.980789 0 -0.195071
    outer loop
      vertex 23.3313 57.72 13.49
      vertex 23.5 73 14.3382
      vertex 23.5 57.72 14.3382
    endloop
  endfacet
  facet normal 0.980789 0 -0.195071
    outer loop
      vertex 23.5 73 14.3382
      vertex 23.3313 57.72 13.49
      vertex 23.3313 73.1 13.49
    endloop
  endfacet
  facet normal 0.980794 0 -0.195047
    outer loop
      vertex 23.5737 3 14.7088
      vertex 23.5737 2.9 14.7088
      vertex 23.5 3 14.3382
    endloop
  endfacet
  facet normal 0.980789 0 -0.195071
    outer loop
      vertex 23.5 3 14.3382
      vertex 23.3313 18.28 13.49
      vertex 23.5 18.28 14.3382
    endloop
  endfacet
  facet normal 0.980789 0 -0.195071
    outer loop
      vertex 23.5 3 14.3382
      vertex 23.3313 2.9 13.49
      vertex 23.3313 18.28 13.49
    endloop
  endfacet
  facet normal 0.980791 -6.34118e-05 -0.195064
    outer loop
      vertex 23.3313 2.9 13.49
      vertex 23.5 3 14.3382
      vertex 23.5737 2.9 14.7088
    endloop
  endfacet
  facet normal 0.980789 0 -0.195071
    outer loop
      vertex 23.5 24.28 14.3382
      vertex 23.3313 51.72 13.49
      vertex 23.5 51.72 14.3382
    endloop
  endfacet
  facet normal 0.980789 0 -0.195071
    outer loop
      vertex 23.3313 51.72 13.49
      vertex 23.5 24.28 14.3382
      vertex 23.3313 24.28 13.49
    endloop
  endfacet
  facet normal -0.980791 6.34118e-05 -0.195064
    outer loop
      vertex 42.1687 73.1 13.49
      vertex 42 73 14.3382
      vertex 41.9263 73.1 14.7088
    endloop
  endfacet
  facet normal -0.980789 0 -0.195071
    outer loop
      vertex 42.1687 57.72 13.49
      vertex 42 73 14.3382
      vertex 42.1687 73.1 13.49
    endloop
  endfacet
  facet normal -0.980789 -0 -0.195071
    outer loop
      vertex 42 73 14.3382
      vertex 42.1687 57.72 13.49
      vertex 42 57.72 14.3382
    endloop
  endfacet
  facet normal -0.980794 -0 -0.195047
    outer loop
      vertex 41.9263 73.1 14.7088
      vertex 42 73 14.3382
      vertex 41.9263 73 14.7088
    endloop
  endfacet
  facet normal -0.980789 0 -0.195071
    outer loop
      vertex 42.1687 18.28 13.49
      vertex 42 3 14.3382
      vertex 42 18.28 14.3382
    endloop
  endfacet
  facet normal -0.980789 0 -0.195071
    outer loop
      vertex 42.1687 2.9 13.49
      vertex 42 3 14.3382
      vertex 42.1687 18.28 13.49
    endloop
  endfacet
  facet normal -0.980791 -6.34118e-05 -0.195064
    outer loop
      vertex 41.9263 2.9 14.7088
      vertex 42 3 14.3382
      vertex 42.1687 2.9 13.49
    endloop
  endfacet
  facet normal -0.980794 0 -0.195047
    outer loop
      vertex 42 3 14.3382
      vertex 41.9263 2.9 14.7088
      vertex 41.9263 3 14.7088
    endloop
  endfacet
  facet normal -0.980789 0 -0.195071
    outer loop
      vertex 42.1687 24.28 13.49
      vertex 42 51.72 14.3382
      vertex 42.1687 51.72 13.49
    endloop
  endfacet
  facet normal -0.980789 -0 -0.195071
    outer loop
      vertex 42 51.72 14.3382
      vertex 42.1687 24.28 13.49
      vertex 42 24.28 14.3382
    endloop
  endfacet
  facet normal 0.659342 0 0.751843
    outer loop
      vertex 26.0325 3 5.53249
      vertex 26.9668 2.9 4.71314
      vertex 26.9668 3 4.71314
    endloop
  endfacet
  facet normal 0.659342 0 0.751843
    outer loop
      vertex 26.9668 2.9 4.71314
      vertex 26.0325 3 5.53249
      vertex 26.0325 2.9 5.53249
    endloop
  endfacet
  facet normal 0.98079 3.62612e-05 0.195067
    outer loop
      vertex 23.3313 73.1 11.01
      vertex 23.5 73 10.1618
      vertex 23.5737 73.1 9.79122
    endloop
  endfacet
  facet normal 0.980789 0 0.195071
    outer loop
      vertex 23.3313 73.1 11.01
      vertex 23.5 3 10.1618
      vertex 23.5 73 10.1618
    endloop
  endfacet
  facet normal 0.980789 -0 0.195071
    outer loop
      vertex 23.3313 2.9 11.01
      vertex 23.5 3 10.1618
      vertex 23.3313 73.1 11.01
    endloop
  endfacet
  facet normal 0.98079 -3.62612e-05 0.195067
    outer loop
      vertex 23.5737 2.9 9.79122
      vertex 23.5 3 10.1618
      vertex 23.3313 2.9 11.01
    endloop
  endfacet
  facet normal 0.980792 0 0.195057
    outer loop
      vertex 23.5 3 10.1618
      vertex 23.5737 2.9 9.79122
      vertex 23.5737 3 9.79122
    endloop
  endfacet
  facet normal 0.980792 0 0.195057
    outer loop
      vertex 23.5737 73.1 9.79122
      vertex 23.5 73 10.1618
      vertex 23.5737 73 9.79122
    endloop
  endfacet
  facet normal 0.321442 0 0.946929
    outer loop
      vertex 29.1145 3 3.47314
      vertex 30.2912 2.9 3.0737
      vertex 30.2912 3 3.0737
    endloop
  endfacet
  facet normal 0.321442 0 0.946929
    outer loop
      vertex 30.2912 2.9 3.0737
      vertex 29.1145 3 3.47314
      vertex 29.1145 2.9 3.47314
    endloop
  endfacet
  facet normal -0.0654 0 0.997859
    outer loop
      vertex 32.75 22.8 2.75
      vertex 33.99 2.9 2.83127
      vertex 33.99 22.8 2.83127
    endloop
  endfacet
  facet normal -0.0654 0 0.997859
    outer loop
      vertex 33.99 2.9 2.83127
      vertex 32.75 22.8 2.75
      vertex 32.75 2.9 2.75
    endloop
  endfacet
  facet normal -0.0654 0 0.997859
    outer loop
      vertex 32.75 73.1 2.75
      vertex 33.99 53.2 2.83127
      vertex 33.99 73.1 2.83127
    endloop
  endfacet
  facet normal -0.0654 0 0.997859
    outer loop
      vertex 33.99 53.2 2.83127
      vertex 32.75 73.1 2.75
      vertex 32.75 53.2 2.75
    endloop
  endfacet
  facet normal -0.55558 0 0.831463
    outer loop
      vertex 37.5 3 4.02276
      vertex 38.5332 2.9 4.71314
      vertex 38.5332 3 4.71314
    endloop
  endfacet
  facet normal -0.55558 0 0.831463
    outer loop
      vertex 38.5332 2.9 4.71314
      vertex 37.5 3 4.02276
      vertex 37.5 2.9 4.02276
    endloop
  endfacet
  facet normal 0.94694 -0 0.321411
    outer loop
      vertex 23.5737 2.9 9.79122
      vertex 23.9731 3 8.61451
      vertex 23.5737 3 9.79122
    endloop
  endfacet
  facet normal 0.94694 0 0.321411
    outer loop
      vertex 23.9731 3 8.61451
      vertex 23.5737 2.9 9.79122
      vertex 23.9731 2.9 8.61451
    endloop
  endfacet
  facet normal 0.94694 -0 0.321411
    outer loop
      vertex 23.5737 73 9.79122
      vertex 23.9731 73.1 8.61451
      vertex 23.5737 73.1 9.79122
    endloop
  endfacet
  facet normal 0.94694 0 0.321411
    outer loop
      vertex 23.9731 73.1 8.61451
      vertex 23.5737 73 9.79122
      vertex 23.9731 73 8.61451
    endloop
  endfacet
  facet normal 0.997858 0 -0.065424
    outer loop
      vertex 23.3313 57.72 13.49
      vertex 23.25 73.1 12.25
      vertex 23.3313 73.1 13.49
    endloop
  endfacet
  facet normal 0.997858 0 -0.065424
    outer loop
      vertex 23.25 73.1 12.25
      vertex 23.3313 57.72 13.49
      vertex 23.25 57.72 12.25
    endloop
  endfacet
  facet normal 0.997858 0 -0.065424
    outer loop
      vertex 23.3313 2.9 13.49
      vertex 23.25 18.28 12.25
      vertex 23.3313 18.28 13.49
    endloop
  endfacet
  facet normal 0.997858 0 -0.065424
    outer loop
      vertex 23.25 18.28 12.25
      vertex 23.3313 2.9 13.49
      vertex 23.25 2.9 12.25
    endloop
  endfacet
  facet normal 0.997858 0 -0.065424
    outer loop
      vertex 23.3313 24.28 13.49
      vertex 23.25 51.72 12.25
      vertex 23.3313 51.72 13.49
    endloop
  endfacet
  facet normal 0.997858 0 -0.065424
    outer loop
      vertex 23.25 51.72 12.25
      vertex 23.3313 24.28 13.49
      vertex 23.25 24.28 12.25
    endloop
  endfacet
  facet normal 0 1 0
    outer loop
      vertex 41.9263 2.9 14.7088
      vertex 41.3471 2.9 16.25
      vertex 41.5269 2.9 15.8855
    endloop
  endfacet
  facet normal 0 1 0
    outer loop
      vertex 42.1687 2.9 13.49
      vertex 41.3471 2.9 16.25
      vertex 41.9263 2.9 14.7088
    endloop
  endfacet
  facet normal 0 1 0
    outer loop
      vertex 41.3471 2.9 16.25
      vertex 42.1687 2.9 13.49
      vertex 24.1529 2.9 16.25
    endloop
  endfacet
  facet normal 0 1 0
    outer loop
      vertex 24.1529 2.9 16.25
      vertex 23.5737 2.9 14.7088
      vertex 23.9731 2.9 15.8855
    endloop
  endfacet
  facet normal 0 1 0
    outer loop
      vertex 23.3313 2.9 13.49
      vertex 24.1529 2.9 16.25
      vertex 42.1687 2.9 13.49
    endloop
  endfacet
  facet normal 0 1 0
    outer loop
      vertex 24.1529 2.9 16.25
      vertex 23.3313 2.9 13.49
      vertex 23.5737 2.9 14.7088
    endloop
  endfacet
  facet normal 0 1 0
    outer loop
      vertex 42.25 2.9 12.25
      vertex 23.3313 2.9 13.49
      vertex 42.1687 2.9 13.49
    endloop
  endfacet
  facet normal 0 1 0
    outer loop
      vertex 42.25 2.9 12.25
      vertex 23.25 2.9 12.25
      vertex 23.3313 2.9 13.49
    endloop
  endfacet
  facet normal 0 1 -0
    outer loop
      vertex 42.1687 2.9 11.01
      vertex 23.25 2.9 12.25
      vertex 42.25 2.9 12.25
    endloop
  endfacet
  facet normal 0 1 0
    outer loop
      vertex 42.1687 2.9 11.01
      vertex 23.3313 2.9 11.01
      vertex 23.25 2.9 12.25
    endloop
  endfacet
  facet normal 0 1 -0
    outer loop
      vertex 41.9263 2.9 9.79122
      vertex 23.3313 2.9 11.01
      vertex 42.1687 2.9 11.01
    endloop
  endfacet
  facet normal 0 1 0
    outer loop
      vertex 41.9263 2.9 9.79122
      vertex 23.5737 2.9 9.79122
      vertex 23.3313 2.9 11.01
    endloop
  endfacet
  facet normal 0 1 -0
    outer loop
      vertex 41.5269 2.9 8.61451
      vertex 23.5737 2.9 9.79122
      vertex 41.9263 2.9 9.79122
    endloop
  endfacet
  facet normal 0 1 0
    outer loop
      vertex 41.5269 2.9 8.61451
      vertex 23.9731 2.9 8.61451
      vertex 23.5737 2.9 9.79122
    endloop
  endfacet
  facet normal 0 1 -0
    outer loop
      vertex 40.9772 2.9 7.5
      vertex 23.9731 2.9 8.61451
      vertex 41.5269 2.9 8.61451
    endloop
  endfacet
  facet normal 0 1 0
    outer loop
      vertex 40.9772 2.9 7.5
      vertex 24.5228 2.9 7.5
      vertex 23.9731 2.9 8.61451
    endloop
  endfacet
  facet normal 0 1 -0
    outer loop
      vertex 40.2869 2.9 6.46677
      vertex 24.5228 2.9 7.5
      vertex 40.9772 2.9 7.5
    endloop
  endfacet
  facet normal 0 1 0
    outer loop
      vertex 40.2869 2.9 6.46677
      vertex 25.2131 2.9 6.46677
      vertex 24.5228 2.9 7.5
    endloop
  endfacet
  facet normal 0 1 -0
    outer loop
      vertex 39.4675 2.9 5.53249
      vertex 25.2131 2.9 6.46677
      vertex 40.2869 2.9 6.46677
    endloop
  endfacet
  facet normal 0 1 0
    outer loop
      vertex 39.4675 2.9 5.53249
      vertex 26.0325 2.9 5.53249
      vertex 25.2131 2.9 6.46677
    endloop
  endfacet
  facet normal 0 1 -0
    outer loop
      vertex 38.5332 2.9 4.71314
      vertex 26.0325 2.9 5.53249
      vertex 39.4675 2.9 5.53249
    endloop
  endfacet
  facet normal 0 1 0
    outer loop
      vertex 38.5332 2.9 4.71314
      vertex 26.9668 2.9 4.71314
      vertex 26.0325 2.9 5.53249
    endloop
  endfacet
  facet normal 0 1 -0
    outer loop
      vertex 37.5 2.9 4.02276
      vertex 26.9668 2.9 4.71314
      vertex 38.5332 2.9 4.71314
    endloop
  endfacet
  facet normal 0 1 0
    outer loop
      vertex 37.5 2.9 4.02276
      vertex 28 2.9 4.02276
      vertex 26.9668 2.9 4.71314
    endloop
  endfacet
  facet normal 0 1 -0
    outer loop
      vertex 36.3855 2.9 3.47314
      vertex 28 2.9 4.02276
      vertex 37.5 2.9 4.02276
    endloop
  endfacet
  facet normal 0 1 0
    outer loop
      vertex 36.3855 2.9 3.47314
      vertex 29.1145 2.9 3.47314
      vertex 28 2.9 4.02276
    endloop
  endfacet
  facet normal 0 1 -0
    outer loop
      vertex 35.2088 2.9 3.0737
      vertex 29.1145 2.9 3.47314
      vertex 36.3855 2.9 3.47314
    endloop
  endfacet
  facet normal 0 1 0
    outer loop
      vertex 35.2088 2.9 3.0737
      vertex 30.2912 2.9 3.0737
      vertex 29.1145 2.9 3.47314
    endloop
  endfacet
  facet normal 0 1 -0
    outer loop
      vertex 33.99 2.9 2.83127
      vertex 30.2912 2.9 3.0737
      vertex 35.2088 2.9 3.0737
    endloop
  endfacet
  facet normal 0 1 0
    outer loop
      vertex 33.99 2.9 2.83127
      vertex 31.51 2.9 2.83127
      vertex 30.2912 2.9 3.0737
    endloop
  endfacet
  facet normal -0 1 0
    outer loop
      vertex 31.51 2.9 2.83127
      vertex 33.99 2.9 2.83127
      vertex 32.75 2.9 2.75
    endloop
  endfacet
  facet normal 0.997858 -0 0.065424
    outer loop
      vertex 23.25 57.72 12.25
      vertex 23.3313 73.1 11.01
      vertex 23.25 73.1 12.25
    endloop
  endfacet
  facet normal 0.997858 -0 0.065424
    outer loop
      vertex 23.25 51.72 12.25
      vertex 23.3313 73.1 11.01
      vertex 23.25 57.72 12.25
    endloop
  endfacet
  facet normal 0.997858 -0 0.065424
    outer loop
      vertex 23.25 24.28 12.25
      vertex 23.3313 73.1 11.01
      vertex 23.25 51.72 12.25
    endloop
  endfacet
  facet normal 0.997858 0 0.065424
    outer loop
      vertex 23.3313 2.9 11.01
      vertex 23.25 24.28 12.25
      vertex 23.25 18.28 12.25
    endloop
  endfacet
  facet normal 0.997858 0 0.065424
    outer loop
      vertex 23.3313 2.9 11.01
      vertex 23.25 18.28 12.25
      vertex 23.25 2.9 12.25
    endloop
  endfacet
  facet normal 0.997858 0 0.065424
    outer loop
      vertex 23.25 24.28 12.25
      vertex 23.3313 2.9 11.01
      vertex 23.3313 73.1 11.01
    endloop
  endfacet
  facet normal 0.8315 -0 0.555524
    outer loop
      vertex 24.5228 2.9 7.5
      vertex 25.2131 3 6.46677
      vertex 24.5228 3 7.5
    endloop
  endfacet
  facet normal 0.8315 0 0.555524
    outer loop
      vertex 25.2131 3 6.46677
      vertex 24.5228 2.9 7.5
      vertex 25.2131 2.9 6.46677
    endloop
  endfacet
  facet normal 0.831516 -0 0.555501
    outer loop
      vertex 24.5228 73 7.5
      vertex 24.75 73.1 7.15991
      vertex 24.5228 73.1 7.5
    endloop
  endfacet
  facet normal 0.831516 0 0.555501
    outer loop
      vertex 24.75 73.1 7.15991
      vertex 24.5228 73 7.5
      vertex 24.75 73 7.15991
    endloop
  endfacet
  facet normal -0.980792 0 0.195057
    outer loop
      vertex 62.9263 3 9.79122
      vertex 62.9263 2.9 9.79122
      vertex 63 3 10.1618
    endloop
  endfacet
  facet normal -0.980792 0 0.195057
    outer loop
      vertex 63 73 10.1618
      vertex 62.9263 73.1 9.79122
      vertex 62.9263 73 9.79122
    endloop
  endfacet
  facet normal -0.98079 3.62612e-05 0.195067
    outer loop
      vertex 62.9263 73.1 9.79122
      vertex 63 73 10.1618
      vertex 63.1687 73.1 11.01
    endloop
  endfacet
  facet normal -0.980789 0 0.195071
    outer loop
      vertex 63 3 10.1618
      vertex 63.1687 73.1 11.01
      vertex 63 73 10.1618
    endloop
  endfacet
  facet normal -0.980789 0 0.195071
    outer loop
      vertex 63 3 10.1618
      vertex 63.1687 2.9 11.01
      vertex 63.1687 73.1 11.01
    endloop
  endfacet
  facet normal -0.98079 -3.62612e-05 0.195067
    outer loop
      vertex 63.1687 2.9 11.01
      vertex 63 3 10.1618
      vertex 62.9263 2.9 9.79122
    endloop
  endfacet
  facet normal -0.997858 0 0.065424
    outer loop
      vertex 63.1687 73.1 11.01
      vertex 63.25 57.72 12.25
      vertex 63.25 73.1 12.25
    endloop
  endfacet
  facet normal -0.997858 0 0.065424
    outer loop
      vertex 63.1687 73.1 11.01
      vertex 63.25 51.72 12.25
      vertex 63.25 57.72 12.25
    endloop
  endfacet
  facet normal -0.997858 0 0.065424
    outer loop
      vertex 63.1687 73.1 11.01
      vertex 63.25 24.28 12.25
      vertex 63.25 51.72 12.25
    endloop
  endfacet
  facet normal -0.997858 0 0.065424
    outer loop
      vertex 63.1687 2.9 11.01
      vertex 63.25 24.28 12.25
      vertex 63.1687 73.1 11.01
    endloop
  endfacet
  facet normal -0.997858 0 0.065424
    outer loop
      vertex 63.25 24.28 12.25
      vertex 63.1687 2.9 11.01
      vertex 63.25 18.28 12.25
    endloop
  endfacet
  facet normal -0.997858 0 0.065424
    outer loop
      vertex 63.25 18.28 12.25
      vertex 63.1687 2.9 11.01
      vertex 63.25 2.9 12.25
    endloop
  endfacet
  facet normal -0.94694 0 0.321411
    outer loop
      vertex 62.5269 73 8.61451
      vertex 62.9263 73.1 9.79122
      vertex 62.5269 73.1 8.61451
    endloop
  endfacet
  facet normal -0.94694 0 0.321411
    outer loop
      vertex 62.9263 73.1 9.79122
      vertex 62.5269 73 8.61451
      vertex 62.9263 73 9.79122
    endloop
  endfacet
  facet normal -0.94694 0 0.321411
    outer loop
      vertex 62.5269 2.9 8.61451
      vertex 62.9263 3 9.79122
      vertex 62.5269 3 8.61451
    endloop
  endfacet
  facet normal -0.94694 0 0.321411
    outer loop
      vertex 62.9263 3 9.79122
      vertex 62.5269 2.9 8.61451
      vertex 62.9263 2.9 9.79122
    endloop
  endfacet
  facet normal -0.8315 0 0.555524
    outer loop
      vertex 61.2869 2.9 6.46677
      vertex 61.9772 3 7.5
      vertex 61.2869 3 6.46677
    endloop
  endfacet
  facet normal -0.8315 0 0.555524
    outer loop
      vertex 61.9772 3 7.5
      vertex 61.2869 2.9 6.46677
      vertex 61.9772 2.9 7.5
    endloop
  endfacet
  facet normal -0.8315 0 0.555524
    outer loop
      vertex 61.2869 73 6.46677
      vertex 61.9772 73.1 7.5
      vertex 61.2869 73.1 6.46677
    endloop
  endfacet
  facet normal -0.8315 0 0.555524
    outer loop
      vertex 61.9772 73.1 7.5
      vertex 61.2869 73 6.46677
      vertex 61.9772 73 7.5
    endloop
  endfacet
  facet normal -0.321442 0 0.946929
    outer loop
      vertex 56.2088 3 3.0737
      vertex 57.3855 2.9 3.47314
      vertex 57.3855 3 3.47314
    endloop
  endfacet
  facet normal -0.321442 0 0.946929
    outer loop
      vertex 57.3855 2.9 3.47314
      vertex 56.2088 3 3.0737
      vertex 56.2088 2.9 3.0737
    endloop
  endfacet
  facet normal -0.321442 0 0.946929
    outer loop
      vertex 56.2088 73.1 3.0737
      vertex 57.3855 73 3.47314
      vertex 57.3855 73.1 3.47314
    endloop
  endfacet
  facet normal -0.321442 0 0.946929
    outer loop
      vertex 57.3855 73 3.47314
      vertex 56.2088 73.1 3.0737
      vertex 56.2088 73 3.0737
    endloop
  endfacet
  facet normal 0.751816 -0 0.659372
    outer loop
      vertex 46.2131 2.9 6.46677
      vertex 47.0325 3 5.53249
      vertex 46.2131 3 6.46677
    endloop
  endfacet
  facet normal 0.751816 0 0.659372
    outer loop
      vertex 47.0325 3 5.53249
      vertex 46.2131 2.9 6.46677
      vertex 47.0325 2.9 5.53249
    endloop
  endfacet
  facet normal 0.751816 -0 0.659372
    outer loop
      vertex 46.2131 73 6.46677
      vertex 47.0325 73.1 5.53249
      vertex 46.2131 73.1 6.46677
    endloop
  endfacet
  facet normal 0.751816 0 0.659372
    outer loop
      vertex 47.0325 73.1 5.53249
      vertex 46.2131 73 6.46677
      vertex 47.0325 73 5.53249
    endloop
  endfacet
  facet normal -0.896846 0 0.442343
    outer loop
      vertex 61.9772 73 7.5
      vertex 62.5269 73.1 8.61451
      vertex 61.9772 73.1 7.5
    endloop
  endfacet
  facet normal -0.896846 0 0.442343
    outer loop
      vertex 62.5269 73.1 8.61451
      vertex 61.9772 73 7.5
      vertex 62.5269 73 8.61451
    endloop
  endfacet
  facet normal -0.896846 0 0.442343
    outer loop
      vertex 61.9772 2.9 7.5
      vertex 62.5269 3 8.61451
      vertex 61.9772 3 7.5
    endloop
  endfacet
  facet normal -0.896846 0 0.442343
    outer loop
      vertex 62.5269 3 8.61451
      vertex 61.9772 2.9 7.5
      vertex 62.5269 2.9 8.61451
    endloop
  endfacet
  facet normal -0.195104 0 0.980783
    outer loop
      vertex 55.8382 22.8 3
      vertex 54.99 22.8 2.83127
      vertex 55.8382 3 3
    endloop
  endfacet
  facet normal -0.195047 0 0.980794
    outer loop
      vertex 55.8382 3 3
      vertex 56.2088 2.9 3.0737
      vertex 56.2088 3 3.0737
    endloop
  endfacet
  facet normal -0.195087 -0.00015288 0.980786
    outer loop
      vertex 55.8382 3 3
      vertex 54.99 2.9 2.83127
      vertex 56.2088 2.9 3.0737
    endloop
  endfacet
  facet normal -0.195104 0 0.980783
    outer loop
      vertex 54.99 2.9 2.83127
      vertex 55.8382 3 3
      vertex 54.99 22.8 2.83127
    endloop
  endfacet
  facet normal -0.195047 0 0.980794
    outer loop
      vertex 56.2088 73.1 3.0737
      vertex 55.8382 73 3
      vertex 56.2088 73 3.0737
    endloop
  endfacet
  facet normal -0.195087 0.00015288 0.980786
    outer loop
      vertex 54.99 73.1 2.83127
      vertex 55.8382 73 3
      vertex 56.2088 73.1 3.0737
    endloop
  endfacet
  facet normal -0.195104 0 0.980783
    outer loop
      vertex 54.99 53.2 2.83127
      vertex 55.8382 73 3
      vertex 54.99 73.1 2.83127
    endloop
  endfacet
  facet normal -0.195104 0 0.980783
    outer loop
      vertex 55.8382 73 3
      vertex 54.99 53.2 2.83127
      vertex 55.8382 53.2 3
    endloop
  endfacet
  facet normal -0.946939 0 -0.321414
    outer loop
      vertex 62.9263 2.9 14.7088
      vertex 62.5269 3 15.8855
      vertex 62.9263 3 14.7088
    endloop
  endfacet
  facet normal -0.946939 -0 -0.321414
    outer loop
      vertex 62.5269 3 15.8855
      vertex 62.9263 2.9 14.7088
      vertex 62.5269 2.9 15.8855
    endloop
  endfacet
  facet normal -0.946939 0 -0.321414
    outer loop
      vertex 62.9263 73 14.7088
      vertex 62.5269 73.1 15.8855
      vertex 62.9263 73.1 14.7088
    endloop
  endfacet
  facet normal -0.946939 -0 -0.321414
    outer loop
      vertex 62.5269 73.1 15.8855
      vertex 62.9263 73 14.7088
      vertex 62.5269 73 15.8855
    endloop
  endfacet
  facet normal -0.896825 0 -0.442385
    outer loop
      vertex 62.5269 73 15.8855
      vertex 62.3471 73.1 16.25
      vertex 62.5269 73.1 15.8855
    endloop
  endfacet
  facet normal -0.896825 -0 -0.442385
    outer loop
      vertex 62.3471 73.1 16.25
      vertex 62.5269 73 15.8855
      vertex 62.3471 73 16.25
    endloop
  endfacet
  facet normal -0.896825 0 -0.442385
    outer loop
      vertex 62.5269 2.9 15.8855
      vertex 62.3471 3 16.25
      vertex 62.5269 3 15.8855
    endloop
  endfacet
  facet normal -0.896825 -0 -0.442385
    outer loop
      vertex 62.3471 3 16.25
      vertex 62.5269 2.9 15.8855
      vertex 62.3471 2.9 16.25
    endloop
  endfacet
  facet normal 0.946939 0 -0.321414
    outer loop
      vertex 44.9731 2.9 15.8855
      vertex 44.5737 3 14.7088
      vertex 44.9731 3 15.8855
    endloop
  endfacet
  facet normal 0.946939 0 -0.321414
    outer loop
      vertex 44.5737 3 14.7088
      vertex 44.9731 2.9 15.8855
      vertex 44.5737 2.9 14.7088
    endloop
  endfacet
  facet normal 0.946939 0 -0.321414
    outer loop
      vertex 44.9731 73 15.8855
      vertex 44.5737 73.1 14.7088
      vertex 44.9731 73.1 15.8855
    endloop
  endfacet
  facet normal 0.946939 0 -0.321414
    outer loop
      vertex 44.5737 73.1 14.7088
      vertex 44.9731 73 15.8855
      vertex 44.5737 73 14.7088
    endloop
  endfacet
  facet normal 0 -1 0
    outer loop
      vertex 44.5737 73.1 14.7088
      vertex 45.1529 73.1 16.25
      vertex 44.9731 73.1 15.8855
    endloop
  endfacet
  facet normal 0 -1 0
    outer loop
      vertex 44.3313 73.1 13.49
      vertex 45.1529 73.1 16.25
      vertex 44.5737 73.1 14.7088
    endloop
  endfacet
  facet normal 0 -1 -0
    outer loop
      vertex 45.1529 73.1 16.25
      vertex 44.3313 73.1 13.49
      vertex 62.3471 73.1 16.25
    endloop
  endfacet
  facet normal 0 -1 0
    outer loop
      vertex 62.3471 73.1 16.25
      vertex 62.9263 73.1 14.7088
      vertex 62.5269 73.1 15.8855
    endloop
  endfacet
  facet normal 0 -1 0
    outer loop
      vertex 63.1687 73.1 13.49
      vertex 62.3471 73.1 16.25
      vertex 44.3313 73.1 13.49
    endloop
  endfacet
  facet normal 0 -1 0
    outer loop
      vertex 62.3471 73.1 16.25
      vertex 63.1687 73.1 13.49
      vertex 62.9263 73.1 14.7088
    endloop
  endfacet
  facet normal 0 -1 0
    outer loop
      vertex 44.25 73.1 12.25
      vertex 63.1687 73.1 13.49
      vertex 44.3313 73.1 13.49
    endloop
  endfacet
  facet normal 0 -1 0
    outer loop
      vertex 44.25 73.1 12.25
      vertex 63.25 73.1 12.25
      vertex 63.1687 73.1 13.49
    endloop
  endfacet
  facet normal 0 -1 0
    outer loop
      vertex 44.3313 73.1 11.01
      vertex 63.25 73.1 12.25
      vertex 44.25 73.1 12.25
    endloop
  endfacet
  facet normal 0 -1 0
    outer loop
      vertex 44.3313 73.1 11.01
      vertex 63.1687 73.1 11.01
      vertex 63.25 73.1 12.25
    endloop
  endfacet
  facet normal 0 -1 0
    outer loop
      vertex 44.5737 73.1 9.79122
      vertex 63.1687 73.1 11.01
      vertex 44.3313 73.1 11.01
    endloop
  endfacet
  facet normal 0 -1 0
    outer loop
      vertex 44.5737 73.1 9.79122
      vertex 62.9263 73.1 9.79122
      vertex 63.1687 73.1 11.01
    endloop
  endfacet
  facet normal 0 -1 0
    outer loop
      vertex 44.9731 73.1 8.61451
      vertex 62.9263 73.1 9.79122
      vertex 44.5737 73.1 9.79122
    endloop
  endfacet
  facet normal 0 -1 0
    outer loop
      vertex 44.9731 73.1 8.61451
      vertex 62.5269 73.1 8.61451
      vertex 62.9263 73.1 9.79122
    endloop
  endfacet
  facet normal 0 -1 0
    outer loop
      vertex 45.5228 73.1 7.5
      vertex 62.5269 73.1 8.61451
      vertex 44.9731 73.1 8.61451
    endloop
  endfacet
  facet normal 0 -1 0
    outer loop
      vertex 45.5228 73.1 7.5
      vertex 61.9772 73.1 7.5
      vertex 62.5269 73.1 8.61451
    endloop
  endfacet
  facet normal 0 -1 0
    outer loop
      vertex 46.2131 73.1 6.46677
      vertex 61.9772 73.1 7.5
      vertex 45.5228 73.1 7.5
    endloop
  endfacet
  facet normal 0 -1 0
    outer loop
      vertex 46.2131 73.1 6.46677
      vertex 61.2869 73.1 6.46677
      vertex 61.9772 73.1 7.5
    endloop
  endfacet
  facet normal 0 -1 0
    outer loop
      vertex 47.0325 73.1 5.53249
      vertex 61.2869 73.1 6.46677
      vertex 46.2131 73.1 6.46677
    endloop
  endfacet
  facet normal 0 -1 0
    outer loop
      vertex 47.0325 73.1 5.53249
      vertex 60.4675 73.1 5.53249
      vertex 61.2869 73.1 6.46677
    endloop
  endfacet
  facet normal 0 -1 0
    outer loop
      vertex 47.9668 73.1 4.71314
      vertex 60.4675 73.1 5.53249
      vertex 47.0325 73.1 5.53249
    endloop
  endfacet
  facet normal 0 -1 0
    outer loop
      vertex 47.9668 73.1 4.71314
      vertex 59.5332 73.1 4.71314
      vertex 60.4675 73.1 5.53249
    endloop
  endfacet
  facet normal 0 -1 0
    outer loop
      vertex 49 73.1 4.02276
      vertex 59.5332 73.1 4.71314
      vertex 47.9668 73.1 4.71314
    endloop
  endfacet
  facet normal 0 -1 0
    outer loop
      vertex 49 73.1 4.02276
      vertex 58.5 73.1 4.02276
      vertex 59.5332 73.1 4.71314
    endloop
  endfacet
  facet normal 0 -1 0
    outer loop
      vertex 50.1145 73.1 3.47314
      vertex 58.5 73.1 4.02276
      vertex 49 73.1 4.02276
    endloop
  endfacet
  facet normal 0 -1 0
    outer loop
      vertex 50.1145 73.1 3.47314
      vertex 57.3855 73.1 3.47314
      vertex 58.5 73.1 4.02276
    endloop
  endfacet
  facet normal 0 -1 0
    outer loop
      vertex 51.2912 73.1 3.0737
      vertex 57.3855 73.1 3.47314
      vertex 50.1145 73.1 3.47314
    endloop
  endfacet
  facet normal 0 -1 0
    outer loop
      vertex 51.2912 73.1 3.0737
      vertex 56.2088 73.1 3.0737
      vertex 57.3855 73.1 3.47314
    endloop
  endfacet
  facet normal 0 -1 0
    outer loop
      vertex 52.51 73.1 2.83127
      vertex 56.2088 73.1 3.0737
      vertex 51.2912 73.1 3.0737
    endloop
  endfacet
  facet normal 0 -1 0
    outer loop
      vertex 52.51 73.1 2.83127
      vertex 54.99 73.1 2.83127
      vertex 56.2088 73.1 3.0737
    endloop
  endfacet
  facet normal -0 -1 0
    outer loop
      vertex 54.99 73.1 2.83127
      vertex 52.51 73.1 2.83127
      vertex 53.75 73.1 2.75
    endloop
  endfacet
  facet normal 0.896846 -0 0.442343
    outer loop
      vertex 44.9731 2.9 8.61451
      vertex 45.5228 3 7.5
      vertex 44.9731 3 8.61451
    endloop
  endfacet
  facet normal 0.896846 0 0.442343
    outer loop
      vertex 45.5228 3 7.5
      vertex 44.9731 2.9 8.61451
      vertex 45.5228 2.9 7.5
    endloop
  endfacet
  facet normal 0.896846 -0 0.442343
    outer loop
      vertex 44.9731 73 8.61451
      vertex 45.5228 73.1 7.5
      vertex 44.9731 73.1 8.61451
    endloop
  endfacet
  facet normal 0.896846 0 0.442343
    outer loop
      vertex 45.5228 73.1 7.5
      vertex 44.9731 73 8.61451
      vertex 45.5228 73 7.5
    endloop
  endfacet
  facet normal 0.442295 0 0.89687
    outer loop
      vertex 49 3 4.02276
      vertex 50.1145 2.9 3.47314
      vertex 50.1145 3 3.47314
    endloop
  endfacet
  facet normal 0.442295 0 0.89687
    outer loop
      vertex 50.1145 2.9 3.47314
      vertex 49 3 4.02276
      vertex 49 2.9 4.02276
    endloop
  endfacet
  facet normal 0.442295 0 0.89687
    outer loop
      vertex 49 73.1 4.02276
      vertex 50.1145 73 3.47314
      vertex 50.1145 73.1 3.47314
    endloop
  endfacet
  facet normal 0.442295 0 0.89687
    outer loop
      vertex 50.1145 73 3.47314
      vertex 49 73.1 4.02276
      vertex 49 73 4.02276
    endloop
  endfacet
  facet normal -0.442295 0 0.89687
    outer loop
      vertex 57.3855 3 3.47314
      vertex 58.5 2.9 4.02276
      vertex 58.5 3 4.02276
    endloop
  endfacet
  facet normal -0.442295 0 0.89687
    outer loop
      vertex 58.5 2.9 4.02276
      vertex 57.3855 3 3.47314
      vertex 57.3855 2.9 3.47314
    endloop
  endfacet
  facet normal -0.442295 0 0.89687
    outer loop
      vertex 57.3855 73.1 3.47314
      vertex 58.5 73 4.02276
      vertex 58.5 73.1 4.02276
    endloop
  endfacet
  facet normal -0.442295 0 0.89687
    outer loop
      vertex 58.5 73 4.02276
      vertex 57.3855 73.1 3.47314
      vertex 57.3855 73 3.47314
    endloop
  endfacet
  facet normal 0.896825 0 -0.442385
    outer loop
      vertex 45.1529 2.9 16.25
      vertex 44.9731 3 15.8855
      vertex 45.1529 3 16.25
    endloop
  endfacet
  facet normal 0.896825 0 -0.442385
    outer loop
      vertex 44.9731 3 15.8855
      vertex 45.1529 2.9 16.25
      vertex 44.9731 2.9 15.8855
    endloop
  endfacet
  facet normal 0.896825 0 -0.442385
    outer loop
      vertex 45.1529 73 16.25
      vertex 44.9731 73.1 15.8855
      vertex 45.1529 73.1 16.25
    endloop
  endfacet
  facet normal 0.896825 0 -0.442385
    outer loop
      vertex 44.9731 73.1 15.8855
      vertex 45.1529 73 16.25
      vertex 44.9731 73 15.8855
    endloop
  endfacet
  facet normal -0.751816 0 0.659372
    outer loop
      vertex 60.4675 2.9 5.53249
      vertex 61.2869 3 6.46677
      vertex 60.4675 3 5.53249
    endloop
  endfacet
  facet normal -0.751816 0 0.659372
    outer loop
      vertex 61.2869 3 6.46677
      vertex 60.4675 2.9 5.53249
      vertex 61.2869 2.9 6.46677
    endloop
  endfacet
  facet normal -0.751816 0 0.659372
    outer loop
      vertex 60.4675 73 5.53249
      vertex 61.2869 73.1 6.46677
      vertex 60.4675 73.1 5.53249
    endloop
  endfacet
  facet normal -0.751816 0 0.659372
    outer loop
      vertex 61.2869 73.1 6.46677
      vertex 60.4675 73 5.53249
      vertex 61.2869 73 6.46677
    endloop
  endfacet
  facet normal 0.55558 0 0.831463
    outer loop
      vertex 47.9668 73.1 4.71314
      vertex 49 73 4.02276
      vertex 49 73.1 4.02276
    endloop
  endfacet
  facet normal 0.55558 0 0.831463
    outer loop
      vertex 49 73 4.02276
      vertex 47.9668 73.1 4.71314
      vertex 47.9668 73 4.71314
    endloop
  endfacet
  facet normal 0.55558 0 0.831463
    outer loop
      vertex 47.9668 3 4.71314
      vertex 49 2.9 4.02276
      vertex 49 3 4.02276
    endloop
  endfacet
  facet normal 0.55558 0 0.831463
    outer loop
      vertex 49 2.9 4.02276
      vertex 47.9668 3 4.71314
      vertex 47.9668 2.9 4.71314
    endloop
  endfacet
  facet normal 0.195104 0 0.980783
    outer loop
      vertex 52.51 73.1 2.83127
      vertex 51.6618 73 3
      vertex 52.51 53.2 2.83127
    endloop
  endfacet
  facet normal 0.195087 0.00015288 0.980786
    outer loop
      vertex 51.2912 73.1 3.0737
      vertex 51.6618 73 3
      vertex 52.51 73.1 2.83127
    endloop
  endfacet
  facet normal 0.195047 0 0.980794
    outer loop
      vertex 51.6618 73 3
      vertex 51.2912 73.1 3.0737
      vertex 51.2912 73 3.0737
    endloop
  endfacet
  facet normal 0.195104 0 0.980783
    outer loop
      vertex 52.51 53.2 2.83127
      vertex 51.6618 73 3
      vertex 51.6618 53.2 3
    endloop
  endfacet
  facet normal 0.195104 -0 0.980783
    outer loop
      vertex 51.6618 3 3
      vertex 52.51 22.8 2.83127
      vertex 51.6618 22.8 3
    endloop
  endfacet
  facet normal 0.195104 0 0.980783
    outer loop
      vertex 52.51 22.8 2.83127
      vertex 51.6618 3 3
      vertex 52.51 2.9 2.83127
    endloop
  endfacet
  facet normal 0.195047 -0 0.980794
    outer loop
      vertex 51.2912 2.9 3.0737
      vertex 51.6618 3 3
      vertex 51.2912 3 3.0737
    endloop
  endfacet
  facet normal 0.195087 -0.00015288 0.980786
    outer loop
      vertex 51.6618 3 3
      vertex 51.2912 2.9 3.0737
      vertex 52.51 2.9 2.83127
    endloop
  endfacet
  facet normal -0.997858 0 -0.065424
    outer loop
      vertex 63.25 2.9 12.25
      vertex 63.1687 18.28 13.49
      vertex 63.25 18.28 12.25
    endloop
  endfacet
  facet normal -0.997858 -0 -0.065424
    outer loop
      vertex 63.1687 18.28 13.49
      vertex 63.25 2.9 12.25
      vertex 63.1687 2.9 13.49
    endloop
  endfacet
  facet normal -0.997858 0 -0.065424
    outer loop
      vertex 63.25 57.72 12.25
      vertex 63.1687 73.1 13.49
      vertex 63.25 73.1 12.25
    endloop
  endfacet
  facet normal -0.997858 -0 -0.065424
    outer loop
      vertex 63.1687 73.1 13.49
      vertex 63.25 57.72 12.25
      vertex 63.1687 57.72 13.49
    endloop
  endfacet
  facet normal -0.997858 0 -0.065424
    outer loop
      vertex 63.25 24.28 12.25
      vertex 63.1687 51.72 13.49
      vertex 63.25 51.72 12.25
    endloop
  endfacet
  facet normal -0.997858 -0 -0.065424
    outer loop
      vertex 63.1687 51.72 13.49
      vertex 63.25 24.28 12.25
      vertex 63.1687 24.28 13.49
    endloop
  endfacet
  facet normal 0.0654 0 0.997859
    outer loop
      vertex 52.51 22.8 2.83127
      vertex 53.75 2.9 2.75
      vertex 53.75 22.8 2.75
    endloop
  endfacet
  facet normal 0.0654 0 0.997859
    outer loop
      vertex 53.75 2.9 2.75
      vertex 52.51 22.8 2.83127
      vertex 52.51 2.9 2.83127
    endloop
  endfacet
  facet normal 0.0654 0 0.997859
    outer loop
      vertex 52.51 73.1 2.83127
      vertex 53.75 53.2 2.75
      vertex 53.75 73.1 2.75
    endloop
  endfacet
  facet normal 0.0654 0 0.997859
    outer loop
      vertex 53.75 53.2 2.75
      vertex 52.51 73.1 2.83127
      vertex 52.51 53.2 2.83127
    endloop
  endfacet
  facet normal 0.980794 0 -0.195047
    outer loop
      vertex 44.5 73 14.3382
      vertex 44.5737 73.1 14.7088
      vertex 44.5737 73 14.7088
    endloop
  endfacet
  facet normal 0.980791 6.34118e-05 -0.195064
    outer loop
      vertex 44.5737 73.1 14.7088
      vertex 44.5 73 14.3382
      vertex 44.3313 73.1 13.49
    endloop
  endfacet
  facet normal 0.980789 0 -0.195071
    outer loop
      vertex 44.3313 57.72 13.49
      vertex 44.5 73 14.3382
      vertex 44.5 57.72 14.3382
    endloop
  endfacet
  facet normal 0.980789 0 -0.195071
    outer loop
      vertex 44.5 73 14.3382
      vertex 44.3313 57.72 13.49
      vertex 44.3313 73.1 13.49
    endloop
  endfacet
  facet normal 0.980794 0 -0.195047
    outer loop
      vertex 44.5737 3 14.7088
      vertex 44.5737 2.9 14.7088
      vertex 44.5 3 14.3382
    endloop
  endfacet
  facet normal 0.980789 0 -0.195071
    outer loop
      vertex 44.5 3 14.3382
      vertex 44.3313 18.28 13.49
      vertex 44.5 18.28 14.3382
    endloop
  endfacet
  facet normal 0.980789 0 -0.195071
    outer loop
      vertex 44.5 3 14.3382
      vertex 44.3313 2.9 13.49
      vertex 44.3313 18.28 13.49
    endloop
  endfacet
  facet normal 0.980791 -6.34118e-05 -0.195064
    outer loop
      vertex 44.3313 2.9 13.49
      vertex 44.5 3 14.3382
      vertex 44.5737 2.9 14.7088
    endloop
  endfacet
  facet normal 0.980789 0 -0.195071
    outer loop
      vertex 44.5 24.28 14.3382
      vertex 44.3313 51.72 13.49
      vertex 44.5 51.72 14.3382
    endloop
  endfacet
  facet normal 0.980789 0 -0.195071
    outer loop
      vertex 44.3313 51.72 13.49
      vertex 44.5 24.28 14.3382
      vertex 44.3313 24.28 13.49
    endloop
  endfacet
  facet normal -0.980789 0 -0.195071
    outer loop
      vertex 63.1687 18.28 13.49
      vertex 63 3 14.3382
      vertex 63 18.28 14.3382
    endloop
  endfacet
  facet normal -0.980789 0 -0.195071
    outer loop
      vertex 63.1687 2.9 13.49
      vertex 63 3 14.3382
      vertex 63.1687 18.28 13.49
    endloop
  endfacet
  facet normal -0.980791 -6.34118e-05 -0.195064
    outer loop
      vertex 62.9263 2.9 14.7088
      vertex 63 3 14.3382
      vertex 63.1687 2.9 13.49
    endloop
  endfacet
  facet normal -0.980794 0 -0.195047
    outer loop
      vertex 63 3 14.3382
      vertex 62.9263 2.9 14.7088
      vertex 62.9263 3 14.7088
    endloop
  endfacet
  facet normal -0.980791 6.34118e-05 -0.195064
    outer loop
      vertex 63.1687 73.1 13.49
      vertex 63 73 14.3382
      vertex 62.9263 73.1 14.7088
    endloop
  endfacet
  facet normal -0.980789 0 -0.195071
    outer loop
      vertex 63.1687 57.72 13.49
      vertex 63 73 14.3382
      vertex 63.1687 73.1 13.49
    endloop
  endfacet
  facet normal -0.980789 -0 -0.195071
    outer loop
      vertex 63 73 14.3382
      vertex 63.1687 57.72 13.49
      vertex 63 57.72 14.3382
    endloop
  endfacet
  facet normal -0.980794 -0 -0.195047
    outer loop
      vertex 62.9263 73.1 14.7088
      vertex 63 73 14.3382
      vertex 62.9263 73 14.7088
    endloop
  endfacet
  facet normal -0.980789 0 -0.195071
    outer loop
      vertex 63.1687 24.28 13.49
      vertex 63 51.72 14.3382
      vertex 63.1687 51.72 13.49
    endloop
  endfacet
  facet normal -0.980789 -0 -0.195071
    outer loop
      vertex 63 51.72 14.3382
      vertex 63.1687 24.28 13.49
      vertex 63 24.28 14.3382
    endloop
  endfacet
  facet normal 0.659342 0 0.751843
    outer loop
      vertex 47.0325 3 5.53249
      vertex 47.9668 2.9 4.71314
      vertex 47.9668 3 4.71314
    endloop
  endfacet
  facet normal 0.659342 0 0.751843
    outer loop
      vertex 47.9668 2.9 4.71314
      vertex 47.0325 3 5.53249
      vertex 47.0325 2.9 5.53249
    endloop
  endfacet
  facet normal 0.659342 0 0.751843
    outer loop
      vertex 47.0325 73.1 5.53249
      vertex 47.9668 73 4.71314
      vertex 47.9668 73.1 4.71314
    endloop
  endfacet
  facet normal 0.659342 0 0.751843
    outer loop
      vertex 47.9668 73 4.71314
      vertex 47.0325 73.1 5.53249
      vertex 47.0325 73 5.53249
    endloop
  endfacet
  facet normal 0.98079 3.62612e-05 0.195067
    outer loop
      vertex 44.3313 73.1 11.01
      vertex 44.5 73 10.1618
      vertex 44.5737 73.1 9.79122
    endloop
  endfacet
  facet normal 0.980789 0 0.195071
    outer loop
      vertex 44.3313 73.1 11.01
      vertex 44.5 3 10.1618
      vertex 44.5 73 10.1618
    endloop
  endfacet
  facet normal 0.980789 -0 0.195071
    outer loop
      vertex 44.3313 2.9 11.01
      vertex 44.5 3 10.1618
      vertex 44.3313 73.1 11.01
    endloop
  endfacet
  facet normal 0.98079 -3.62612e-05 0.195067
    outer loop
      vertex 44.5737 2.9 9.79122
      vertex 44.5 3 10.1618
      vertex 44.3313 2.9 11.01
    endloop
  endfacet
  facet normal 0.980792 0 0.195057
    outer loop
      vertex 44.5 3 10.1618
      vertex 44.5737 2.9 9.79122
      vertex 44.5737 3 9.79122
    endloop
  endfacet
  facet normal 0.980792 0 0.195057
    outer loop
      vertex 44.5737 73.1 9.79122
      vertex 44.5 73 10.1618
      vertex 44.5737 73 9.79122
    endloop
  endfacet
  facet normal 0.321442 0 0.946929
    outer loop
      vertex 50.1145 73.1 3.47314
      vertex 51.2912 73 3.0737
      vertex 51.2912 73.1 3.0737
    endloop
  endfacet
  facet normal 0.321442 0 0.946929
    outer loop
      vertex 51.2912 73 3.0737
      vertex 50.1145 73.1 3.47314
      vertex 50.1145 73 3.47314
    endloop
  endfacet
  facet normal 0.321442 0 0.946929
    outer loop
      vertex 50.1145 3 3.47314
      vertex 51.2912 2.9 3.0737
      vertex 51.2912 3 3.0737
    endloop
  endfacet
  facet normal 0.321442 0 0.946929
    outer loop
      vertex 51.2912 2.9 3.0737
      vertex 50.1145 3 3.47314
      vertex 50.1145 2.9 3.47314
    endloop
  endfacet
  facet normal -0.0654 0 0.997859
    outer loop
      vertex 53.75 22.8 2.75
      vertex 54.99 2.9 2.83127
      vertex 54.99 22.8 2.83127
    endloop
  endfacet
  facet normal -0.0654 0 0.997859
    outer loop
      vertex 54.99 2.9 2.83127
      vertex 53.75 22.8 2.75
      vertex 53.75 2.9 2.75
    endloop
  endfacet
  facet normal -0.0654 0 0.997859
    outer loop
      vertex 53.75 73.1 2.75
      vertex 54.99 53.2 2.83127
      vertex 54.99 73.1 2.83127
    endloop
  endfacet
  facet normal -0.0654 0 0.997859
    outer loop
      vertex 54.99 53.2 2.83127
      vertex 53.75 73.1 2.75
      vertex 53.75 53.2 2.75
    endloop
  endfacet
  facet normal -0.55558 0 0.831463
    outer loop
      vertex 58.5 3 4.02276
      vertex 59.5332 2.9 4.71314
      vertex 59.5332 3 4.71314
    endloop
  endfacet
  facet normal -0.55558 0 0.831463
    outer loop
      vertex 59.5332 2.9 4.71314
      vertex 58.5 3 4.02276
      vertex 58.5 2.9 4.02276
    endloop
  endfacet
  facet normal -0.55558 0 0.831463
    outer loop
      vertex 58.5 73.1 4.02276
      vertex 59.5332 73 4.71314
      vertex 59.5332 73.1 4.71314
    endloop
  endfacet
  facet normal -0.55558 0 0.831463
    outer loop
      vertex 59.5332 73 4.71314
      vertex 58.5 73.1 4.02276
      vertex 58.5 73 4.02276
    endloop
  endfacet
  facet normal 0.94694 -0 0.321411
    outer loop
      vertex 44.5737 2.9 9.79122
      vertex 44.9731 3 8.61451
      vertex 44.5737 3 9.79122
    endloop
  endfacet
  facet normal 0.94694 0 0.321411
    outer loop
      vertex 44.9731 3 8.61451
      vertex 44.5737 2.9 9.79122
      vertex 44.9731 2.9 8.61451
    endloop
  endfacet
  facet normal 0.94694 -0 0.321411
    outer loop
      vertex 44.5737 73 9.79122
      vertex 44.9731 73.1 8.61451
      vertex 44.5737 73.1 9.79122
    endloop
  endfacet
  facet normal 0.94694 0 0.321411
    outer loop
      vertex 44.9731 73.1 8.61451
      vertex 44.5737 73 9.79122
      vertex 44.9731 73 8.61451
    endloop
  endfacet
  facet normal 0.997858 0 -0.065424
    outer loop
      vertex 44.3313 57.72 13.49
      vertex 44.25 73.1 12.25
      vertex 44.3313 73.1 13.49
    endloop
  endfacet
  facet normal 0.997858 0 -0.065424
    outer loop
      vertex 44.25 73.1 12.25
      vertex 44.3313 57.72 13.49
      vertex 44.25 57.72 12.25
    endloop
  endfacet
  facet normal 0.997858 0 -0.065424
    outer loop
      vertex 44.3313 2.9 13.49
      vertex 44.25 18.28 12.25
      vertex 44.3313 18.28 13.49
    endloop
  endfacet
  facet normal 0.997858 0 -0.065424
    outer loop
      vertex 44.25 18.28 12.25
      vertex 44.3313 2.9 13.49
      vertex 44.25 2.9 12.25
    endloop
  endfacet
  facet normal 0.997858 0 -0.065424
    outer loop
      vertex 44.3313 24.28 13.49
      vertex 44.25 51.72 12.25
      vertex 44.3313 51.72 13.49
    endloop
  endfacet
  facet normal 0.997858 0 -0.065424
    outer loop
      vertex 44.25 51.72 12.25
      vertex 44.3313 24.28 13.49
      vertex 44.25 24.28 12.25
    endloop
  endfacet
  facet normal 0 1 0
    outer loop
      vertex 62.9263 2.9 14.7088
      vertex 62.3471 2.9 16.25
      vertex 62.5269 2.9 15.8855
    endloop
  endfacet
  facet normal 0 1 0
    outer loop
      vertex 63.1687 2.9 13.49
      vertex 62.3471 2.9 16.25
      vertex 62.9263 2.9 14.7088
    endloop
  endfacet
  facet normal 0 1 0
    outer loop
      vertex 62.3471 2.9 16.25
      vertex 63.1687 2.9 13.49
      vertex 45.1529 2.9 16.25
    endloop
  endfacet
  facet normal 0 1 0
    outer loop
      vertex 45.1529 2.9 16.25
      vertex 44.5737 2.9 14.7088
      vertex 44.9731 2.9 15.8855
    endloop
  endfacet
  facet normal 0 1 0
    outer loop
      vertex 44.3313 2.9 13.49
      vertex 45.1529 2.9 16.25
      vertex 63.1687 2.9 13.49
    endloop
  endfacet
  facet normal 0 1 0
    outer loop
      vertex 45.1529 2.9 16.25
      vertex 44.3313 2.9 13.49
      vertex 44.5737 2.9 14.7088
    endloop
  endfacet
  facet normal 0 1 0
    outer loop
      vertex 63.25 2.9 12.25
      vertex 44.3313 2.9 13.49
      vertex 63.1687 2.9 13.49
    endloop
  endfacet
  facet normal 0 1 0
    outer loop
      vertex 63.25 2.9 12.25
      vertex 44.25 2.9 12.25
      vertex 44.3313 2.9 13.49
    endloop
  endfacet
  facet normal 0 1 -0
    outer loop
      vertex 63.1687 2.9 11.01
      vertex 44.25 2.9 12.25
      vertex 63.25 2.9 12.25
    endloop
  endfacet
  facet normal 0 1 0
    outer loop
      vertex 63.1687 2.9 11.01
      vertex 44.3313 2.9 11.01
      vertex 44.25 2.9 12.25
    endloop
  endfacet
  facet normal 0 1 -0
    outer loop
      vertex 62.9263 2.9 9.79122
      vertex 44.3313 2.9 11.01
      vertex 63.1687 2.9 11.01
    endloop
  endfacet
  facet normal 0 1 0
    outer loop
      vertex 62.9263 2.9 9.79122
      vertex 44.5737 2.9 9.79122
      vertex 44.3313 2.9 11.01
    endloop
  endfacet
  facet normal 0 1 -0
    outer loop
      vertex 62.5269 2.9 8.61451
      vertex 44.5737 2.9 9.79122
      vertex 62.9263 2.9 9.79122
    endloop
  endfacet
  facet normal 0 1 0
    outer loop
      vertex 62.5269 2.9 8.61451
      vertex 44.9731 2.9 8.61451
      vertex 44.5737 2.9 9.79122
    endloop
  endfacet
  facet normal 0 1 -0
    outer loop
      vertex 61.9772 2.9 7.5
      vertex 44.9731 2.9 8.61451
      vertex 62.5269 2.9 8.61451
    endloop
  endfacet
  facet normal 0 1 0
    outer loop
      vertex 61.9772 2.9 7.5
      vertex 45.5228 2.9 7.5
      vertex 44.9731 2.9 8.61451
    endloop
  endfacet
  facet normal 0 1 -0
    outer loop
      vertex 61.2869 2.9 6.46677
      vertex 45.5228 2.9 7.5
      vertex 61.9772 2.9 7.5
    endloop
  endfacet
  facet normal 0 1 0
    outer loop
      vertex 61.2869 2.9 6.46677
      vertex 46.2131 2.9 6.46677
      vertex 45.5228 2.9 7.5
    endloop
  endfacet
  facet normal 0 1 -0
    outer loop
      vertex 60.4675 2.9 5.53249
      vertex 46.2131 2.9 6.46677
      vertex 61.2869 2.9 6.46677
    endloop
  endfacet
  facet normal 0 1 0
    outer loop
      vertex 60.4675 2.9 5.53249
      vertex 47.0325 2.9 5.53249
      vertex 46.2131 2.9 6.46677
    endloop
  endfacet
  facet normal 0 1 -0
    outer loop
      vertex 59.5332 2.9 4.71314
      vertex 47.0325 2.9 5.53249
      vertex 60.4675 2.9 5.53249
    endloop
  endfacet
  facet normal 0 1 0
    outer loop
      vertex 59.5332 2.9 4.71314
      vertex 47.9668 2.9 4.71314
      vertex 47.0325 2.9 5.53249
    endloop
  endfacet
  facet normal 0 1 -0
    outer loop
      vertex 58.5 2.9 4.02276
      vertex 47.9668 2.9 4.71314
      vertex 59.5332 2.9 4.71314
    endloop
  endfacet
  facet normal 0 1 0
    outer loop
      vertex 58.5 2.9 4.02276
      vertex 49 2.9 4.02276
      vertex 47.9668 2.9 4.71314
    endloop
  endfacet
  facet normal 0 1 -0
    outer loop
      vertex 57.3855 2.9 3.47314
      vertex 49 2.9 4.02276
      vertex 58.5 2.9 4.02276
    endloop
  endfacet
  facet normal 0 1 0
    outer loop
      vertex 57.3855 2.9 3.47314
      vertex 50.1145 2.9 3.47314
      vertex 49 2.9 4.02276
    endloop
  endfacet
  facet normal 0 1 -0
    outer loop
      vertex 56.2088 2.9 3.0737
      vertex 50.1145 2.9 3.47314
      vertex 57.3855 2.9 3.47314
    endloop
  endfacet
  facet normal 0 1 0
    outer loop
      vertex 56.2088 2.9 3.0737
      vertex 51.2912 2.9 3.0737
      vertex 50.1145 2.9 3.47314
    endloop
  endfacet
  facet normal 0 1 -0
    outer loop
      vertex 54.99 2.9 2.83127
      vertex 51.2912 2.9 3.0737
      vertex 56.2088 2.9 3.0737
    endloop
  endfacet
  facet normal 0 1 0
    outer loop
      vertex 54.99 2.9 2.83127
      vertex 52.51 2.9 2.83127
      vertex 51.2912 2.9 3.0737
    endloop
  endfacet
  facet normal -0 1 0
    outer loop
      vertex 52.51 2.9 2.83127
      vertex 54.99 2.9 2.83127
      vertex 53.75 2.9 2.75
    endloop
  endfacet
  facet normal -0.659342 0 0.751843
    outer loop
      vertex 59.5332 3 4.71314
      vertex 60.4675 2.9 5.53249
      vertex 60.4675 3 5.53249
    endloop
  endfacet
  facet normal -0.659342 0 0.751843
    outer loop
      vertex 60.4675 2.9 5.53249
      vertex 59.5332 3 4.71314
      vertex 59.5332 2.9 4.71314
    endloop
  endfacet
  facet normal -0.659342 0 0.751843
    outer loop
      vertex 59.5332 73.1 4.71314
      vertex 60.4675 73 5.53249
      vertex 60.4675 73.1 5.53249
    endloop
  endfacet
  facet normal -0.659342 0 0.751843
    outer loop
      vertex 60.4675 73 5.53249
      vertex 59.5332 73.1 4.71314
      vertex 59.5332 73 4.71314
    endloop
  endfacet
  facet normal 0.997858 -0 0.065424
    outer loop
      vertex 44.25 57.72 12.25
      vertex 44.3313 73.1 11.01
      vertex 44.25 73.1 12.25
    endloop
  endfacet
  facet normal 0.997858 -0 0.065424
    outer loop
      vertex 44.25 51.72 12.25
      vertex 44.3313 73.1 11.01
      vertex 44.25 57.72 12.25
    endloop
  endfacet
  facet normal 0.997858 -0 0.065424
    outer loop
      vertex 44.25 24.28 12.25
      vertex 44.3313 73.1 11.01
      vertex 44.25 51.72 12.25
    endloop
  endfacet
  facet normal 0.997858 0 0.065424
    outer loop
      vertex 44.3313 2.9 11.01
      vertex 44.25 24.28 12.25
      vertex 44.25 18.28 12.25
    endloop
  endfacet
  facet normal 0.997858 0 0.065424
    outer loop
      vertex 44.3313 2.9 11.01
      vertex 44.25 18.28 12.25
      vertex 44.25 2.9 12.25
    endloop
  endfacet
  facet normal 0.997858 0 0.065424
    outer loop
      vertex 44.25 24.28 12.25
      vertex 44.3313 2.9 11.01
      vertex 44.3313 73.1 11.01
    endloop
  endfacet
  facet normal 0.8315 -0 0.555524
    outer loop
      vertex 45.5228 2.9 7.5
      vertex 46.2131 3 6.46677
      vertex 45.5228 3 7.5
    endloop
  endfacet
  facet normal 0.8315 0 0.555524
    outer loop
      vertex 46.2131 3 6.46677
      vertex 45.5228 2.9 7.5
      vertex 46.2131 2.9 6.46677
    endloop
  endfacet
  facet normal 0.8315 -0 0.555524
    outer loop
      vertex 45.5228 73 7.5
      vertex 46.2131 73.1 6.46677
      vertex 45.5228 73.1 7.5
    endloop
  endfacet
  facet normal 0.8315 0 0.555524
    outer loop
      vertex 46.2131 73.1 6.46677
      vertex 45.5228 73 7.5
      vertex 46.2131 73 6.46677
    endloop
  endfacet
  facet normal 1 -0 0
    outer loop
      vertex 5 22.8 3
      vertex 5 53.2 0
      vertex 5 53.2 3
    endloop
  endfacet
  facet normal 1 0 0
    outer loop
      vertex 5 53.2 0
      vertex 5 22.8 3
      vertex 5 22.8 0
    endloop
  endfacet
  facet normal 0 -1 0
    outer loop
      vertex 5 53.2 0
      vertex 9.66175 53.2 3
      vertex 5 53.2 3
    endloop
  endfacet
  facet normal 0 -1 -0
    outer loop
      vertex 9.66175 53.2 3
      vertex 5 53.2 0
      vertex 10.51 53.2 2.83127
    endloop
  endfacet
  facet normal 0 -1 -0
    outer loop
      vertex 10.51 53.2 2.83127
      vertex 5 53.2 0
      vertex 11.75 53.2 2.75
    endloop
  endfacet
  facet normal 0 -1 0
    outer loop
      vertex 21 53.2 0
      vertex 13.8382 53.2 3
      vertex 12.99 53.2 2.83127
    endloop
  endfacet
  facet normal 0 -1 0
    outer loop
      vertex 21 53.2 0
      vertex 12.99 53.2 2.83127
      vertex 11.75 53.2 2.75
    endloop
  endfacet
  facet normal 0 -1 0
    outer loop
      vertex 21 53.2 0
      vertex 11.75 53.2 2.75
      vertex 5 53.2 0
    endloop
  endfacet
  facet normal 0 -1 0
    outer loop
      vertex 13.8382 53.2 3
      vertex 21 53.2 0
      vertex 21 53.2 3
    endloop
  endfacet
  facet normal 0 1 -0
    outer loop
      vertex 21 22.8 0
      vertex 13.8382 22.8 3
      vertex 21 22.8 3
    endloop
  endfacet
  facet normal 0 1 0
    outer loop
      vertex 13.8382 22.8 3
      vertex 21 22.8 0
      vertex 12.99 22.8 2.83127
    endloop
  endfacet
  facet normal 0 1 0
    outer loop
      vertex 12.99 22.8 2.83127
      vertex 21 22.8 0
      vertex 11.75 22.8 2.75
    endloop
  endfacet
  facet normal 0 1 0
    outer loop
      vertex 5 22.8 0
      vertex 9.66175 22.8 3
      vertex 10.51 22.8 2.83127
    endloop
  endfacet
  facet normal 0 1 0
    outer loop
      vertex 5 22.8 0
      vertex 10.51 22.8 2.83127
      vertex 11.75 22.8 2.75
    endloop
  endfacet
  facet normal 0 1 0
    outer loop
      vertex 5 22.8 0
      vertex 11.75 22.8 2.75
      vertex 21 22.8 0
    endloop
  endfacet
  facet normal 0 1 0
    outer loop
      vertex 9.66175 22.8 3
      vertex 5 22.8 0
      vertex 5 22.8 3
    endloop
  endfacet
  facet normal 1 -0 0
    outer loop
      vertex 26 22.8 3
      vertex 26 53.2 0
      vertex 26 53.2 3
    endloop
  endfacet
  facet normal 1 0 0
    outer loop
      vertex 26 53.2 0
      vertex 26 22.8 3
      vertex 26 22.8 0
    endloop
  endfacet
  facet normal 0 -1 0
    outer loop
      vertex 26 53.2 0
      vertex 30.6618 53.2 3
      vertex 26 53.2 3
    endloop
  endfacet
  facet normal 0 -1 -0
    outer loop
      vertex 30.6618 53.2 3
      vertex 26 53.2 0
      vertex 31.51 53.2 2.83127
    endloop
  endfacet
  facet normal 0 -1 -0
    outer loop
      vertex 31.51 53.2 2.83127
      vertex 26 53.2 0
      vertex 32.75 53.2 2.75
    endloop
  endfacet
  facet normal 0 -1 0
    outer loop
      vertex 42 53.2 0
      vertex 34.8382 53.2 3
      vertex 33.99 53.2 2.83127
    endloop
  endfacet
  facet normal 0 -1 0
    outer loop
      vertex 42 53.2 0
      vertex 33.99 53.2 2.83127
      vertex 32.75 53.2 2.75
    endloop
  endfacet
  facet normal 0 -1 0
    outer loop
      vertex 42 53.2 0
      vertex 32.75 53.2 2.75
      vertex 26 53.2 0
    endloop
  endfacet
  facet normal 0 -1 0
    outer loop
      vertex 34.8382 53.2 3
      vertex 42 53.2 0
      vertex 42 53.2 3
    endloop
  endfacet
  facet normal 0 1 -0
    outer loop
      vertex 42 22.8 0
      vertex 34.8382 22.8 3
      vertex 42 22.8 3
    endloop
  endfacet
  facet normal 0 1 0
    outer loop
      vertex 34.8382 22.8 3
      vertex 42 22.8 0
      vertex 33.99 22.8 2.83127
    endloop
  endfacet
  facet normal 0 1 0
    outer loop
      vertex 33.99 22.8 2.83127
      vertex 42 22.8 0
      vertex 32.75 22.8 2.75
    endloop
  endfacet
  facet normal 0 1 0
    outer loop
      vertex 26 22.8 0
      vertex 30.6618 22.8 3
      vertex 31.51 22.8 2.83127
    endloop
  endfacet
  facet normal 0 1 0
    outer loop
      vertex 26 22.8 0
      vertex 31.51 22.8 2.83127
      vertex 32.75 22.8 2.75
    endloop
  endfacet
  facet normal 0 1 0
    outer loop
      vertex 26 22.8 0
      vertex 32.75 22.8 2.75
      vertex 42 22.8 0
    endloop
  endfacet
  facet normal 0 1 0
    outer loop
      vertex 30.6618 22.8 3
      vertex 26 22.8 0
      vertex 26 22.8 3
    endloop
  endfacet
  facet normal 1 -0 0
    outer loop
      vertex 47 22.8 3
      vertex 47 53.2 0
      vertex 47 53.2 3
    endloop
  endfacet
  facet normal 1 0 0
    outer loop
      vertex 47 53.2 0
      vertex 47 22.8 3
      vertex 47 22.8 0
    endloop
  endfacet
  facet normal 0 -1 0
    outer loop
      vertex 47 53.2 0
      vertex 51.6618 53.2 3
      vertex 47 53.2 3
    endloop
  endfacet
  facet normal 0 -1 -0
    outer loop
      vertex 51.6618 53.2 3
      vertex 47 53.2 0
      vertex 52.51 53.2 2.83127
    endloop
  endfacet
  facet normal 0 -1 -0
    outer loop
      vertex 52.51 53.2 2.83127
      vertex 47 53.2 0
      vertex 53.75 53.2 2.75
    endloop
  endfacet
  facet normal 0 -1 0
    outer loop
      vertex 63 53.2 0
      vertex 55.8382 53.2 3
      vertex 54.99 53.2 2.83127
    endloop
  endfacet
  facet normal 0 -1 0
    outer loop
      vertex 63 53.2 0
      vertex 54.99 53.2 2.83127
      vertex 53.75 53.2 2.75
    endloop
  endfacet
  facet normal 0 -1 0
    outer loop
      vertex 63 53.2 0
      vertex 53.75 53.2 2.75
      vertex 47 53.2 0
    endloop
  endfacet
  facet normal 0 -1 0
    outer loop
      vertex 55.8382 53.2 3
      vertex 63 53.2 0
      vertex 63 53.2 3
    endloop
  endfacet
  facet normal 0 1 -0
    outer loop
      vertex 63 22.8 0
      vertex 55.8382 22.8 3
      vertex 63 22.8 3
    endloop
  endfacet
  facet normal 0 1 0
    outer loop
      vertex 55.8382 22.8 3
      vertex 63 22.8 0
      vertex 54.99 22.8 2.83127
    endloop
  endfacet
  facet normal 0 1 0
    outer loop
      vertex 54.99 22.8 2.83127
      vertex 63 22.8 0
      vertex 53.75 22.8 2.75
    endloop
  endfacet
  facet normal 0 1 0
    outer loop
      vertex 47 22.8 0
      vertex 51.6618 22.8 3
      vertex 52.51 22.8 2.83127
    endloop
  endfacet
  facet normal 0 1 0
    outer loop
      vertex 47 22.8 0
      vertex 52.51 22.8 2.83127
      vertex 53.75 22.8 2.75
    endloop
  endfacet
  facet normal 0 1 0
    outer loop
      vertex 47 22.8 0
      vertex 53.75 22.8 2.75
      vertex 63 22.8 0
    endloop
  endfacet
  facet normal 0 1 0
    outer loop
      vertex 51.6618 22.8 3
      vertex 47 22.8 0
      vertex 47 22.8 3
    endloop
  endfacet
  facet normal -0 0 1
    outer loop
      vertex 0 24.28 12.25
      vertex 2.25 18.28 12.25
      vertex 2.25 24.28 12.25
    endloop
  endfacet
  facet normal 0 0 1
    outer loop
      vertex 2.25 18.28 12.25
      vertex 0 24.28 12.25
      vertex 0 18.28 12.25
    endloop
  endfacet
  facet normal -0 0 1
    outer loop
      vertex 21.25 24.28 12.25
      vertex 23.25 18.28 12.25
      vertex 23.25 24.28 12.25
    endloop
  endfacet
  facet normal 0 0 1
    outer loop
      vertex 23.25 18.28 12.25
      vertex 21.25 24.28 12.25
      vertex 21.25 18.28 12.25
    endloop
  endfacet
  facet normal -0 0 1
    outer loop
      vertex 42.25 24.28 12.25
      vertex 44.25 18.28 12.25
      vertex 44.25 24.28 12.25
    endloop
  endfacet
  facet normal 0 0 1
    outer loop
      vertex 44.25 18.28 12.25
      vertex 42.25 24.28 12.25
      vertex 42.25 18.28 12.25
    endloop
  endfacet
  facet normal -0 0 1
    outer loop
      vertex 63.25 24.28 12.25
      vertex 65.5 18.28 12.25
      vertex 65.5 24.28 12.25
    endloop
  endfacet
  facet normal 0 0 1
    outer loop
      vertex 65.5 18.28 12.25
      vertex 63.25 24.28 12.25
      vertex 63.25 18.28 12.25
    endloop
  endfacet
  facet normal 0 -1 0
    outer loop
      vertex 0 24.28 16.25
      vertex 2.5 24.28 14.3382
      vertex 2.5 24.28 16.25
    endloop
  endfacet
  facet normal 0 -1 0
    outer loop
      vertex 0 24.28 16.25
      vertex 2.33127 24.28 13.49
      vertex 2.5 24.28 14.3382
    endloop
  endfacet
  facet normal 0 -1 0
    outer loop
      vertex 0 24.28 12.25
      vertex 2.33127 24.28 13.49
      vertex 0 24.28 16.25
    endloop
  endfacet
  facet normal 0 -1 0
    outer loop
      vertex 2.33127 24.28 13.49
      vertex 0 24.28 12.25
      vertex 2.25 24.28 12.25
    endloop
  endfacet
  facet normal 0 -1 0
    outer loop
      vertex 21 24.28 16.25
      vertex 23.5 24.28 14.3382
      vertex 23.5 24.28 16.25
    endloop
  endfacet
  facet normal 0 -1 0
    outer loop
      vertex 21 24.28 14.3382
      vertex 23.5 24.28 14.3382
      vertex 21 24.28 16.25
    endloop
  endfacet
  facet normal 0 -1 0
    outer loop
      vertex 21.1687 24.28 13.49
      vertex 23.5 24.28 14.3382
      vertex 21 24.28 14.3382
    endloop
  endfacet
  facet normal 0 -1 0
    outer loop
      vertex 21.1687 24.28 13.49
      vertex 23.3313 24.28 13.49
      vertex 23.5 24.28 14.3382
    endloop
  endfacet
  facet normal 0 -1 0
    outer loop
      vertex 21.25 24.28 12.25
      vertex 23.3313 24.28 13.49
      vertex 21.1687 24.28 13.49
    endloop
  endfacet
  facet normal 0 -1 0
    outer loop
      vertex 23.3313 24.28 13.49
      vertex 21.25 24.28 12.25
      vertex 23.25 24.28 12.25
    endloop
  endfacet
  facet normal 0 -1 0
    outer loop
      vertex 42 24.28 16.25
      vertex 44.5 24.28 14.3382
      vertex 44.5 24.28 16.25
    endloop
  endfacet
  facet normal 0 -1 0
    outer loop
      vertex 42 24.28 14.3382
      vertex 44.5 24.28 14.3382
      vertex 42 24.28 16.25
    endloop
  endfacet
  facet normal 0 -1 0
    outer loop
      vertex 42.1687 24.28 13.49
      vertex 44.5 24.28 14.3382
      vertex 42 24.28 14.3382
    endloop
  endfacet
  facet normal 0 -1 0
    outer loop
      vertex 42.1687 24.28 13.49
      vertex 44.3313 24.28 13.49
      vertex 44.5 24.28 14.3382
    endloop
  endfacet
  facet normal 0 -1 0
    outer loop
      vertex 42.25 24.28 12.25
      vertex 44.3313 24.28 13.49
      vertex 42.1687 24.28 13.49
    endloop
  endfacet
  facet normal 0 -1 0
    outer loop
      vertex 44.3313 24.28 13.49
      vertex 42.25 24.28 12.25
      vertex 44.25 24.28 12.25
    endloop
  endfacet
  facet normal 0 -1 0
    outer loop
      vertex 63 24.28 14.3382
      vertex 65.5 24.28 16.25
      vertex 63 24.28 16.25
    endloop
  endfacet
  facet normal 0 -1 0
    outer loop
      vertex 63.1687 24.28 13.49
      vertex 65.5 24.28 16.25
      vertex 63 24.28 14.3382
    endloop
  endfacet
  facet normal 0 -1 0
    outer loop
      vertex 65.5 24.28 12.25
      vertex 63.1687 24.28 13.49
      vertex 63.25 24.28 12.25
    endloop
  endfacet
  facet normal 0 -1 0
    outer loop
      vertex 63.1687 24.28 13.49
      vertex 65.5 24.28 12.25
      vertex 65.5 24.28 16.25
    endloop
  endfacet
  facet normal 0 1 -0
    outer loop
      vertex 2.5 18.28 14.3382
      vertex 0 18.28 16.25
      vertex 2.5 18.28 16.25
    endloop
  endfacet
  facet normal 0 1 -0
    outer loop
      vertex 2.33127 18.28 13.49
      vertex 0 18.28 16.25
      vertex 2.5 18.28 14.3382
    endloop
  endfacet
  facet normal 0 1 0
    outer loop
      vertex 0 18.28 12.25
      vertex 2.33127 18.28 13.49
      vertex 2.25 18.28 12.25
    endloop
  endfacet
  facet normal 0 1 0
    outer loop
      vertex 2.33127 18.28 13.49
      vertex 0 18.28 12.25
      vertex 0 18.28 16.25
    endloop
  endfacet
  facet normal 0 1 -0
    outer loop
      vertex 23.5 18.28 14.3382
      vertex 21 18.28 16.25
      vertex 23.5 18.28 16.25
    endloop
  endfacet
  facet normal 0 1 0
    outer loop
      vertex 23.5 18.28 14.3382
      vertex 21 18.28 14.3382
      vertex 21 18.28 16.25
    endloop
  endfacet
  facet normal 0 1 -0
    outer loop
      vertex 23.3313 18.28 13.49
      vertex 21 18.28 14.3382
      vertex 23.5 18.28 14.3382
    endloop
  endfacet
  facet normal 0 1 0
    outer loop
      vertex 23.3313 18.28 13.49
      vertex 21.1687 18.28 13.49
      vertex 21 18.28 14.3382
    endloop
  endfacet
  facet normal 0 1 -0
    outer loop
      vertex 23.25 18.28 12.25
      vertex 21.1687 18.28 13.49
      vertex 23.3313 18.28 13.49
    endloop
  endfacet
  facet normal 0 1 0
    outer loop
      vertex 21.1687 18.28 13.49
      vertex 23.25 18.28 12.25
      vertex 21.25 18.28 12.25
    endloop
  endfacet
  facet normal 0 1 -0
    outer loop
      vertex 44.5 18.28 14.3382
      vertex 42 18.28 16.25
      vertex 44.5 18.28 16.25
    endloop
  endfacet
  facet normal 0 1 0
    outer loop
      vertex 44.5 18.28 14.3382
      vertex 42 18.28 14.3382
      vertex 42 18.28 16.25
    endloop
  endfacet
  facet normal 0 1 -0
    outer loop
      vertex 44.3313 18.28 13.49
      vertex 42 18.28 14.3382
      vertex 44.5 18.28 14.3382
    endloop
  endfacet
  facet normal 0 1 0
    outer loop
      vertex 44.3313 18.28 13.49
      vertex 42.1687 18.28 13.49
      vertex 42 18.28 14.3382
    endloop
  endfacet
  facet normal 0 1 -0
    outer loop
      vertex 44.25 18.28 12.25
      vertex 42.1687 18.28 13.49
      vertex 44.3313 18.28 13.49
    endloop
  endfacet
  facet normal 0 1 0
    outer loop
      vertex 42.1687 18.28 13.49
      vertex 44.25 18.28 12.25
      vertex 42.25 18.28 12.25
    endloop
  endfacet
  facet normal 0 1 0
    outer loop
      vertex 65.5 18.28 16.25
      vertex 63 18.28 14.3382
      vertex 63 18.28 16.25
    endloop
  endfacet
  facet normal 0 1 0
    outer loop
      vertex 65.5 18.28 16.25
      vertex 63.1687 18.28 13.49
      vertex 63 18.28 14.3382
    endloop
  endfacet
  facet normal 0 1 -0
    outer loop
      vertex 65.5 18.28 12.25
      vertex 63.1687 18.28 13.49
      vertex 65.5 18.28 16.25
    endloop
  endfacet
  facet normal 0 1 0
    outer loop
      vertex 63.1687 18.28 13.49
      vertex 65.5 18.28 12.25
      vertex 63.25 18.28 12.25
    endloop
  endfacet
  facet normal -0 0 1
    outer loop
      vertex 0 57.72 12.25
      vertex 2.25 51.72 12.25
      vertex 2.25 57.72 12.25
    endloop
  endfacet
  facet normal 0 0 1
    outer loop
      vertex 2.25 51.72 12.25
      vertex 0 57.72 12.25
      vertex 0 51.72 12.25
    endloop
  endfacet
  facet normal -0 0 1
    outer loop
      vertex 21.25 57.72 12.25
      vertex 23.25 51.72 12.25
      vertex 23.25 57.72 12.25
    endloop
  endfacet
  facet normal 0 0 1
    outer loop
      vertex 23.25 51.72 12.25
      vertex 21.25 57.72 12.25
      vertex 21.25 51.72 12.25
    endloop
  endfacet
  facet normal -0 0 1
    outer loop
      vertex 42.25 57.72 12.25
      vertex 44.25 51.72 12.25
      vertex 44.25 57.72 12.25
    endloop
  endfacet
  facet normal 0 0 1
    outer loop
      vertex 44.25 51.72 12.25
      vertex 42.25 57.72 12.25
      vertex 42.25 51.72 12.25
    endloop
  endfacet
  facet normal -0 0 1
    outer loop
      vertex 63.25 57.72 12.25
      vertex 65.5 51.72 12.25
      vertex 65.5 57.72 12.25
    endloop
  endfacet
  facet normal 0 0 1
    outer loop
      vertex 65.5 51.72 12.25
      vertex 63.25 57.72 12.25
      vertex 63.25 51.72 12.25
    endloop
  endfacet
  facet normal 0 -1 0
    outer loop
      vertex 0 57.72 16.25
      vertex 2.5 57.72 14.3382
      vertex 2.5 57.72 16.25
    endloop
  endfacet
  facet normal 0 -1 0
    outer loop
      vertex 0 57.72 16.25
      vertex 2.33127 57.72 13.49
      vertex 2.5 57.72 14.3382
    endloop
  endfacet
  facet normal 0 -1 0
    outer loop
      vertex 0 57.72 12.25
      vertex 2.33127 57.72 13.49
      vertex 0 57.72 16.25
    endloop
  endfacet
  facet normal 0 -1 0
    outer loop
      vertex 2.33127 57.72 13.49
      vertex 0 57.72 12.25
      vertex 2.25 57.72 12.25
    endloop
  endfacet
  facet normal 0 -1 0
    outer loop
      vertex 21 57.72 16.25
      vertex 23.5 57.72 14.3382
      vertex 23.5 57.72 16.25
    endloop
  endfacet
  facet normal 0 -1 0
    outer loop
      vertex 21 57.72 14.3382
      vertex 23.5 57.72 14.3382
      vertex 21 57.72 16.25
    endloop
  endfacet
  facet normal 0 -1 0
    outer loop
      vertex 21.1687 57.72 13.49
      vertex 23.5 57.72 14.3382
      vertex 21 57.72 14.3382
    endloop
  endfacet
  facet normal 0 -1 0
    outer loop
      vertex 21.1687 57.72 13.49
      vertex 23.3313 57.72 13.49
      vertex 23.5 57.72 14.3382
    endloop
  endfacet
  facet normal 0 -1 0
    outer loop
      vertex 21.25 57.72 12.25
      vertex 23.3313 57.72 13.49
      vertex 21.1687 57.72 13.49
    endloop
  endfacet
  facet normal 0 -1 0
    outer loop
      vertex 23.3313 57.72 13.49
      vertex 21.25 57.72 12.25
      vertex 23.25 57.72 12.25
    endloop
  endfacet
  facet normal 0 -1 0
    outer loop
      vertex 42 57.72 16.25
      vertex 44.5 57.72 14.3382
      vertex 44.5 57.72 16.25
    endloop
  endfacet
  facet normal 0 -1 0
    outer loop
      vertex 42 57.72 14.3382
      vertex 44.5 57.72 14.3382
      vertex 42 57.72 16.25
    endloop
  endfacet
  facet normal 0 -1 0
    outer loop
      vertex 42.1687 57.72 13.49
      vertex 44.5 57.72 14.3382
      vertex 42 57.72 14.3382
    endloop
  endfacet
  facet normal 0 -1 0
    outer loop
      vertex 42.1687 57.72 13.49
      vertex 44.3313 57.72 13.49
      vertex 44.5 57.72 14.3382
    endloop
  endfacet
  facet normal 0 -1 0
    outer loop
      vertex 42.25 57.72 12.25
      vertex 44.3313 57.72 13.49
      vertex 42.1687 57.72 13.49
    endloop
  endfacet
  facet normal 0 -1 0
    outer loop
      vertex 44.3313 57.72 13.49
      vertex 42.25 57.72 12.25
      vertex 44.25 57.72 12.25
    endloop
  endfacet
  facet normal 0 -1 0
    outer loop
      vertex 63 57.72 14.3382
      vertex 65.5 57.72 16.25
      vertex 63 57.72 16.25
    endloop
  endfacet
  facet normal 0 -1 0
    outer loop
      vertex 63.1687 57.72 13.49
      vertex 65.5 57.72 16.25
      vertex 63 57.72 14.3382
    endloop
  endfacet
  facet normal 0 -1 0
    outer loop
      vertex 65.5 57.72 12.25
      vertex 63.1687 57.72 13.49
      vertex 63.25 57.72 12.25
    endloop
  endfacet
  facet normal 0 -1 0
    outer loop
      vertex 63.1687 57.72 13.49
      vertex 65.5 57.72 12.25
      vertex 65.5 57.72 16.25
    endloop
  endfacet
  facet normal 0 1 -0
    outer loop
      vertex 2.5 51.72 14.3382
      vertex 0 51.72 16.25
      vertex 2.5 51.72 16.25
    endloop
  endfacet
  facet normal 0 1 -0
    outer loop
      vertex 2.33127 51.72 13.49
      vertex 0 51.72 16.25
      vertex 2.5 51.72 14.3382
    endloop
  endfacet
  facet normal 0 1 0
    outer loop
      vertex 0 51.72 12.25
      vertex 2.33127 51.72 13.49
      vertex 2.25 51.72 12.25
    endloop
  endfacet
  facet normal 0 1 0
    outer loop
      vertex 2.33127 51.72 13.49
      vertex 0 51.72 12.25
      vertex 0 51.72 16.25
    endloop
  endfacet
  facet normal 0 1 -0
    outer loop
      vertex 23.5 51.72 14.3382
      vertex 21 51.72 16.25
      vertex 23.5 51.72 16.25
    endloop
  endfacet
  facet normal 0 1 0
    outer loop
      vertex 23.5 51.72 14.3382
      vertex 21 51.72 14.3382
      vertex 21 51.72 16.25
    endloop
  endfacet
  facet normal 0 1 -0
    outer loop
      vertex 23.3313 51.72 13.49
      vertex 21 51.72 14.3382
      vertex 23.5 51.72 14.3382
    endloop
  endfacet
  facet normal 0 1 0
    outer loop
      vertex 23.3313 51.72 13.49
      vertex 21.1687 51.72 13.49
      vertex 21 51.72 14.3382
    endloop
  endfacet
  facet normal 0 1 -0
    outer loop
      vertex 23.25 51.72 12.25
      vertex 21.1687 51.72 13.49
      vertex 23.3313 51.72 13.49
    endloop
  endfacet
  facet normal 0 1 0
    outer loop
      vertex 21.1687 51.72 13.49
      vertex 23.25 51.72 12.25
      vertex 21.25 51.72 12.25
    endloop
  endfacet
  facet normal 0 1 -0
    outer loop
      vertex 44.5 51.72 14.3382
      vertex 42 51.72 16.25
      vertex 44.5 51.72 16.25
    endloop
  endfacet
  facet normal 0 1 0
    outer loop
      vertex 44.5 51.72 14.3382
      vertex 42 51.72 14.3382
      vertex 42 51.72 16.25
    endloop
  endfacet
  facet normal 0 1 -0
    outer loop
      vertex 44.3313 51.72 13.49
      vertex 42 51.72 14.3382
      vertex 44.5 51.72 14.3382
    endloop
  endfacet
  facet normal 0 1 0
    outer loop
      vertex 44.3313 51.72 13.49
      vertex 42.1687 51.72 13.49
      vertex 42 51.72 14.3382
    endloop
  endfacet
  facet normal 0 1 -0
    outer loop
      vertex 44.25 51.72 12.25
      vertex 42.1687 51.72 13.49
      vertex 44.3313 51.72 13.49
    endloop
  endfacet
  facet normal 0 1 0
    outer loop
      vertex 42.1687 51.72 13.49
      vertex 44.25 51.72 12.25
      vertex 42.25 51.72 12.25
    endloop
  endfacet
  facet normal 0 1 0
    outer loop
      vertex 65.5 51.72 16.25
      vertex 63 51.72 14.3382
      vertex 63 51.72 16.25
    endloop
  endfacet
  facet normal 0 1 0
    outer loop
      vertex 65.5 51.72 16.25
      vertex 63.1687 51.72 13.49
      vertex 63 51.72 14.3382
    endloop
  endfacet
  facet normal 0 1 -0
    outer loop
      vertex 65.5 51.72 12.25
      vertex 63.1687 51.72 13.49
      vertex 65.5 51.72 16.25
    endloop
  endfacet
  facet normal 0 1 0
    outer loop
      vertex 63.1687 51.72 13.49
      vertex 65.5 51.72 12.25
      vertex 63.25 51.72 12.25
    endloop
  endfacet
  facet normal -1 0 0
    outer loop
      vertex 40.75 76 3
      vertex 40.75 73.1 7.15991
      vertex 40.75 76 11
    endloop
  endfacet
  facet normal -1 0 0
    outer loop
      vertex 40.75 73 3
      vertex 40.75 73.1 7.15991
      vertex 40.75 76 3
    endloop
  endfacet
  facet normal -1 -0 0
    outer loop
      vertex 40.75 73.1 7.15991
      vertex 40.75 73 3
      vertex 40.75 73 7.15991
    endloop
  endfacet
  facet normal -1 -0 0
    outer loop
      vertex 40.75 76 11
      vertex 40.75 73.1 7.15991
      vertex 40.75 73.1 11
    endloop
  endfacet
  facet normal 0 0 -1
    outer loop
      vertex 24.75 73.1 11
      vertex 40.75 76 11
      vertex 40.75 73.1 11
    endloop
  endfacet
  facet normal -0 0 -1
    outer loop
      vertex 40.75 76 11
      vertex 24.75 73.1 11
      vertex 24.75 76 11
    endloop
  endfacet
  facet normal 1 0 0
    outer loop
      vertex 24.75 73.1 7.15991
      vertex 24.75 76 11
      vertex 24.75 73.1 11
    endloop
  endfacet
  facet normal 1 0 0
    outer loop
      vertex 24.75 76 11
      vertex 24.75 73.1 7.15991
      vertex 24.75 76 3
    endloop
  endfacet
  facet normal 1 0 0
    outer loop
      vertex 24.75 73 3
      vertex 24.75 73.1 7.15991
      vertex 24.75 73 7.15991
    endloop
  endfacet
  facet normal 1 0 0
    outer loop
      vertex 24.75 73.1 7.15991
      vertex 24.75 73 3
      vertex 24.75 76 3
    endloop
  endfacet
endsolid OpenSCAD_Model
