solid OpenSCAD_Model
  facet normal 0.980787 0.195081 0
    outer loop
      vertex 4.95722 0.652631 8
      vertex 4.82963 1.2941 0
      vertex 4.82963 1.2941 8
    endloop
  endfacet
  facet normal 0.980787 0.195081 0
    outer loop
      vertex 4.82963 1.2941 0
      vertex 4.95722 0.652631 8
      vertex 4.95722 0.652631 0
    endloop
  endfacet
  facet normal 0.997858 0.0654097 0
    outer loop
      vertex 5 0 8
      vertex 4.95722 0.652631 0
      vertex 4.95722 0.652631 8
    endloop
  endfacet
  facet normal 0.997858 0.0654097 0
    outer loop
      vertex 4.95722 0.652631 0
      vertex 5 0 8
      vertex 5 0 0
    endloop
  endfacet
  facet normal -0.321438 -0.946931 0
    outer loop
      vertex -1.91342 -4.6194 0
      vertex -1.2941 -4.82963 8
      vertex -1.91342 -4.6194 8
    endloop
  endfacet
  facet normal -0.321438 -0.946931 -0
    outer loop
      vertex -1.2941 -4.82963 8
      vertex -1.91342 -4.6194 0
      vertex -1.2941 -4.82963 0
    endloop
  endfacet
  facet normal -0.980787 -0.195081 0
    outer loop
      vertex -4.82963 -1.2941 0
      vertex -4.95722 -0.652631 8
      vertex -4.95722 -0.652631 0
    endloop
  endfacet
  facet normal -0.980787 -0.195081 0
    outer loop
      vertex -4.95722 -0.652631 8
      vertex -4.82963 -1.2941 0
      vertex -4.82963 -1.2941 8
    endloop
  endfacet
  facet normal 0.321438 -0.946931 0
    outer loop
      vertex 1.2941 -4.82963 0
      vertex 1.91342 -4.6194 8
      vertex 1.2941 -4.82963 8
    endloop
  endfacet
  facet normal 0.321438 -0.946931 0
    outer loop
      vertex 1.91342 -4.6194 8
      vertex 1.2941 -4.82963 0
      vertex 1.91342 -4.6194 0
    endloop
  endfacet
  facet normal -0.896872 0.44229 0
    outer loop
      vertex -4.6194 1.91342 0
      vertex -4.33013 2.5 8
      vertex -4.33013 2.5 0
    endloop
  endfacet
  facet normal -0.896872 0.44229 0
    outer loop
      vertex -4.33013 2.5 8
      vertex -4.6194 1.91342 0
      vertex -4.6194 1.91342 8
    endloop
  endfacet
  facet normal 0.75183 0.659357 0
    outer loop
      vertex 3.96677 3.04381 8
      vertex 3.53553 3.53553 0
      vertex 3.53553 3.53553 8
    endloop
  endfacet
  facet normal 0.75183 0.659357 0
    outer loop
      vertex 3.53553 3.53553 0
      vertex 3.96677 3.04381 8
      vertex 3.96677 3.04381 0
    endloop
  endfacet
  facet normal -0.997858 0.0654097 0
    outer loop
      vertex -5 0 0
      vertex -4.95722 0.652631 8
      vertex -4.95722 0.652631 0
    endloop
  endfacet
  facet normal -0.997858 0.0654097 0
    outer loop
      vertex -4.95722 0.652631 8
      vertex -5 0 0
      vertex -5 0 8
    endloop
  endfacet
  facet normal 0.75183 -0.659357 0
    outer loop
      vertex 3.53553 -3.53553 8
      vertex 3.96677 -3.04381 0
      vertex 3.96677 -3.04381 8
    endloop
  endfacet
  facet normal 0.75183 -0.659357 0
    outer loop
      vertex 3.96677 -3.04381 0
      vertex 3.53553 -3.53553 8
      vertex 3.53553 -3.53553 0
    endloop
  endfacet
  facet normal -0.75183 0.659357 0
    outer loop
      vertex -3.96677 3.04381 0
      vertex -3.53553 3.53553 8
      vertex -3.53553 3.53553 0
    endloop
  endfacet
  facet normal -0.75183 0.659357 0
    outer loop
      vertex -3.53553 3.53553 8
      vertex -3.96677 3.04381 0
      vertex -3.96677 3.04381 8
    endloop
  endfacet
  facet normal -0.321438 0.946931 0
    outer loop
      vertex -1.2941 4.82963 0
      vertex -1.91342 4.6194 8
      vertex -1.2941 4.82963 8
    endloop
  endfacet
  facet normal -0.321438 0.946931 0
    outer loop
      vertex -1.91342 4.6194 8
      vertex -1.2941 4.82963 0
      vertex -1.91342 4.6194 0
    endloop
  endfacet
  facet normal -0.659357 0.75183 0
    outer loop
      vertex -3.04381 3.96677 0
      vertex -3.53553 3.53553 8
      vertex -3.04381 3.96677 8
    endloop
  endfacet
  facet normal -0.659357 0.75183 0
    outer loop
      vertex -3.53553 3.53553 8
      vertex -3.04381 3.96677 0
      vertex -3.53553 3.53553 0
    endloop
  endfacet
  facet normal 0.0654097 -0.997858 0
    outer loop
      vertex 0 -5 0
      vertex 0.652631 -4.95722 8
      vertex 0 -5 8
    endloop
  endfacet
  facet normal 0.0654097 -0.997858 0
    outer loop
      vertex 0.652631 -4.95722 8
      vertex 0 -5 0
      vertex 0.652631 -4.95722 0
    endloop
  endfacet
  facet normal 0.44229 -0.896872 0
    outer loop
      vertex 1.91342 -4.6194 0
      vertex 2.5 -4.33013 8
      vertex 1.91342 -4.6194 8
    endloop
  endfacet
  facet normal 0.44229 -0.896872 0
    outer loop
      vertex 2.5 -4.33013 8
      vertex 1.91342 -4.6194 0
      vertex 2.5 -4.33013 0
    endloop
  endfacet
  facet normal -0.997858 -0.0654097 0
    outer loop
      vertex -4.95722 -0.652631 0
      vertex -5 0 8
      vertex -5 0 0
    endloop
  endfacet
  facet normal -0.997858 -0.0654097 0
    outer loop
      vertex -5 0 8
      vertex -4.95722 -0.652631 0
      vertex -4.95722 -0.652631 8
    endloop
  endfacet
  facet normal 0.946931 0.321438 0
    outer loop
      vertex 4.82963 1.2941 8
      vertex 4.6194 1.91342 0
      vertex 4.6194 1.91342 8
    endloop
  endfacet
  facet normal 0.946931 0.321438 0
    outer loop
      vertex 4.6194 1.91342 0
      vertex 4.82963 1.2941 8
      vertex 4.82963 1.2941 0
    endloop
  endfacet
  facet normal -0.946931 -0.321438 0
    outer loop
      vertex -4.6194 -1.91342 0
      vertex -4.82963 -1.2941 8
      vertex -4.82963 -1.2941 0
    endloop
  endfacet
  facet normal -0.946931 -0.321438 0
    outer loop
      vertex -4.82963 -1.2941 8
      vertex -4.6194 -1.91342 0
      vertex -4.6194 -1.91342 8
    endloop
  endfacet
  facet normal 0.555568 0.831471 -0
    outer loop
      vertex 3.04381 3.96677 0
      vertex 2.5 4.33013 8
      vertex 3.04381 3.96677 8
    endloop
  endfacet
  facet normal 0.555568 0.831471 0
    outer loop
      vertex 2.5 4.33013 8
      vertex 3.04381 3.96677 0
      vertex 2.5 4.33013 0
    endloop
  endfacet
  facet normal 0.195081 -0.980787 0
    outer loop
      vertex 0.652631 -4.95722 0
      vertex 1.2941 -4.82963 8
      vertex 0.652631 -4.95722 8
    endloop
  endfacet
  facet normal 0.195081 -0.980787 0
    outer loop
      vertex 1.2941 -4.82963 8
      vertex 0.652631 -4.95722 0
      vertex 1.2941 -4.82963 0
    endloop
  endfacet
  facet normal 0.831471 0.555568 0
    outer loop
      vertex 4.33013 2.5 8
      vertex 3.96677 3.04381 0
      vertex 3.96677 3.04381 8
    endloop
  endfacet
  facet normal 0.831471 0.555568 0
    outer loop
      vertex 3.96677 3.04381 0
      vertex 4.33013 2.5 8
      vertex 4.33013 2.5 0
    endloop
  endfacet
  facet normal 0.44229 0.896872 -0
    outer loop
      vertex 2.5 4.33013 0
      vertex 1.91342 4.6194 8
      vertex 2.5 4.33013 8
    endloop
  endfacet
  facet normal 0.44229 0.896872 0
    outer loop
      vertex 1.91342 4.6194 8
      vertex 2.5 4.33013 0
      vertex 1.91342 4.6194 0
    endloop
  endfacet
  facet normal 0.0654097 0.997858 -0
    outer loop
      vertex 0.652631 4.95722 0
      vertex 0 5 8
      vertex 0.652631 4.95722 8
    endloop
  endfacet
  facet normal 0.0654097 0.997858 0
    outer loop
      vertex 0 5 8
      vertex 0.652631 4.95722 0
      vertex 0 5 0
    endloop
  endfacet
  facet normal 0.946931 -0.321438 0
    outer loop
      vertex 4.6194 -1.91342 8
      vertex 4.82963 -1.2941 0
      vertex 4.82963 -1.2941 8
    endloop
  endfacet
  facet normal 0.946931 -0.321438 0
    outer loop
      vertex 4.82963 -1.2941 0
      vertex 4.6194 -1.91342 8
      vertex 4.6194 -1.91342 0
    endloop
  endfacet
  facet normal 0.831471 -0.555568 0
    outer loop
      vertex 3.96677 -3.04381 8
      vertex 4.33013 -2.5 0
      vertex 4.33013 -2.5 8
    endloop
  endfacet
  facet normal 0.831471 -0.555568 0
    outer loop
      vertex 4.33013 -2.5 0
      vertex 3.96677 -3.04381 8
      vertex 3.96677 -3.04381 0
    endloop
  endfacet
  facet normal 0.997858 -0.0654097 0
    outer loop
      vertex 4.95722 -0.652631 8
      vertex 5 0 0
      vertex 5 0 8
    endloop
  endfacet
  facet normal 0.997858 -0.0654097 0
    outer loop
      vertex 5 0 0
      vertex 4.95722 -0.652631 8
      vertex 4.95722 -0.652631 0
    endloop
  endfacet
  facet normal -0.44229 0.896872 0
    outer loop
      vertex -1.91342 4.6194 0
      vertex -2.5 4.33013 8
      vertex -1.91342 4.6194 8
    endloop
  endfacet
  facet normal -0.44229 0.896872 0
    outer loop
      vertex -2.5 4.33013 8
      vertex -1.91342 4.6194 0
      vertex -2.5 4.33013 0
    endloop
  endfacet
  facet normal -0.0654097 0.997858 0
    outer loop
      vertex 0 5 0
      vertex -0.652631 4.95722 8
      vertex 0 5 8
    endloop
  endfacet
  facet normal -0.0654097 0.997858 0
    outer loop
      vertex -0.652631 4.95722 8
      vertex 0 5 0
      vertex -0.652631 4.95722 0
    endloop
  endfacet
  facet normal -0.555568 0.831471 0
    outer loop
      vertex -2.5 4.33013 0
      vertex -3.04381 3.96677 8
      vertex -2.5 4.33013 8
    endloop
  endfacet
  facet normal -0.555568 0.831471 0
    outer loop
      vertex -3.04381 3.96677 8
      vertex -2.5 4.33013 0
      vertex -3.04381 3.96677 0
    endloop
  endfacet
  facet normal 0 0 -1
    outer loop
      vertex 3.5 0 0
      vertex 5 0 0
      vertex 4.95722 -0.652631 0
    endloop
  endfacet
  facet normal 0 0 -1
    outer loop
      vertex 3.47006 -0.456841 0
      vertex 4.95722 -0.652631 0
      vertex 4.82963 -1.2941 0
    endloop
  endfacet
  facet normal 0 0 -1
    outer loop
      vertex 5 0 0
      vertex 3.5 0 0
      vertex 4.95722 0.652631 0
    endloop
  endfacet
  facet normal 0 0 -1
    outer loop
      vertex 3.38074 -0.905867 0
      vertex 4.82963 -1.2941 0
      vertex 4.6194 -1.91342 0
    endloop
  endfacet
  facet normal 0 0 -1
    outer loop
      vertex 3.47006 0.456841 0
      vertex 4.95722 0.652631 0
      vertex 3.5 0 0
    endloop
  endfacet
  facet normal 0 0 -1
    outer loop
      vertex 3.23358 -1.33939 0
      vertex 4.6194 -1.91342 0
      vertex 4.33013 -2.5 0
    endloop
  endfacet
  facet normal -0 0 -1
    outer loop
      vertex 4.95722 0.652631 0
      vertex 3.47006 0.456841 0
      vertex 4.82963 1.2941 0
    endloop
  endfacet
  facet normal 0 0 -1
    outer loop
      vertex 3.03109 -1.75 0
      vertex 4.33013 -2.5 0
      vertex 3.96677 -3.04381 0
    endloop
  endfacet
  facet normal 0 0 -1
    outer loop
      vertex 3.38074 0.905867 0
      vertex 4.82963 1.2941 0
      vertex 3.47006 0.456841 0
    endloop
  endfacet
  facet normal 0 0 -1
    outer loop
      vertex 2.77674 -2.13066 0
      vertex 3.96677 -3.04381 0
      vertex 3.53553 -3.53553 0
    endloop
  endfacet
  facet normal -0 0 -1
    outer loop
      vertex 4.82963 1.2941 0
      vertex 3.38074 0.905867 0
      vertex 4.6194 1.91342 0
    endloop
  endfacet
  facet normal 0 0 -1
    outer loop
      vertex 3.23358 1.33939 0
      vertex 4.6194 1.91342 0
      vertex 3.38074 0.905867 0
    endloop
  endfacet
  facet normal 0 0 -1
    outer loop
      vertex 4.95722 -0.652631 0
      vertex 3.47006 -0.456841 0
      vertex 3.5 0 0
    endloop
  endfacet
  facet normal 0 0 -1
    outer loop
      vertex 4.82963 -1.2941 0
      vertex 3.38074 -0.905867 0
      vertex 3.47006 -0.456841 0
    endloop
  endfacet
  facet normal 0 0 -1
    outer loop
      vertex 4.6194 -1.91342 0
      vertex 3.23358 -1.33939 0
      vertex 3.38074 -0.905867 0
    endloop
  endfacet
  facet normal 0 0 -1
    outer loop
      vertex 2.47487 -2.47487 0
      vertex 3.53553 -3.53553 0
      vertex 3.04381 -3.96677 0
    endloop
  endfacet
  facet normal 0 0 -1
    outer loop
      vertex 4.33013 -2.5 0
      vertex 3.03109 -1.75 0
      vertex 3.23358 -1.33939 0
    endloop
  endfacet
  facet normal 0 0 -1
    outer loop
      vertex 3.96677 -3.04381 0
      vertex 2.77674 -2.13066 0
      vertex 3.03109 -1.75 0
    endloop
  endfacet
  facet normal 0 0 -1
    outer loop
      vertex 2.13066 -2.77674 0
      vertex 3.04381 -3.96677 0
      vertex 2.5 -4.33013 0
    endloop
  endfacet
  facet normal 0 0 -1
    outer loop
      vertex 3.53553 -3.53553 0
      vertex 2.47487 -2.47487 0
      vertex 2.77674 -2.13066 0
    endloop
  endfacet
  facet normal 0 0 -1
    outer loop
      vertex 3.04381 -3.96677 0
      vertex 2.13066 -2.77674 0
      vertex 2.47487 -2.47487 0
    endloop
  endfacet
  facet normal 0 0 -1
    outer loop
      vertex 1.75 -3.03109 0
      vertex 2.5 -4.33013 0
      vertex 1.91342 -4.6194 0
    endloop
  endfacet
  facet normal 0 0 -1
    outer loop
      vertex 2.5 -4.33013 0
      vertex 1.75 -3.03109 0
      vertex 2.13066 -2.77674 0
    endloop
  endfacet
  facet normal 0 0 -1
    outer loop
      vertex 1.91342 -4.6194 0
      vertex 1.33939 -3.23358 0
      vertex 1.75 -3.03109 0
    endloop
  endfacet
  facet normal 0 0 -1
    outer loop
      vertex 1.2941 -4.82963 0
      vertex 1.33939 -3.23358 0
      vertex 1.91342 -4.6194 0
    endloop
  endfacet
  facet normal 0 0 -1
    outer loop
      vertex 1.2941 -4.82963 0
      vertex 0.905867 -3.38074 0
      vertex 1.33939 -3.23358 0
    endloop
  endfacet
  facet normal 0 0 -1
    outer loop
      vertex 0.652631 -4.95722 0
      vertex 0.905867 -3.38074 0
      vertex 1.2941 -4.82963 0
    endloop
  endfacet
  facet normal 0 0 -1
    outer loop
      vertex 0.652631 -4.95722 0
      vertex 0.456841 -3.47006 0
      vertex 0.905867 -3.38074 0
    endloop
  endfacet
  facet normal 0 0 -1
    outer loop
      vertex 0 -5 0
      vertex 0.456841 -3.47006 0
      vertex 0.652631 -4.95722 0
    endloop
  endfacet
  facet normal 0 0 -1
    outer loop
      vertex 0 -5 0
      vertex 0 -3.5 0
      vertex 0.456841 -3.47006 0
    endloop
  endfacet
  facet normal 0 0 -1
    outer loop
      vertex 0 -5 0
      vertex -0.456841 -3.47006 0
      vertex 0 -3.5 0
    endloop
  endfacet
  facet normal 0 0 -1
    outer loop
      vertex -0.652631 -4.95722 0
      vertex -0.456841 -3.47006 0
      vertex 0 -5 0
    endloop
  endfacet
  facet normal 0 0 -1
    outer loop
      vertex -0.652631 -4.95722 0
      vertex -0.905867 -3.38074 0
      vertex -0.456841 -3.47006 0
    endloop
  endfacet
  facet normal 0 0 -1
    outer loop
      vertex -1.2941 -4.82963 0
      vertex -0.905867 -3.38074 0
      vertex -0.652631 -4.95722 0
    endloop
  endfacet
  facet normal 0 0 -1
    outer loop
      vertex -1.2941 -4.82963 0
      vertex -1.33939 -3.23358 0
      vertex -0.905867 -3.38074 0
    endloop
  endfacet
  facet normal 0 0 -1
    outer loop
      vertex -1.91342 -4.6194 0
      vertex -1.33939 -3.23358 0
      vertex -1.2941 -4.82963 0
    endloop
  endfacet
  facet normal -0 0 -1
    outer loop
      vertex -1.33939 -3.23358 0
      vertex -1.91342 -4.6194 0
      vertex -1.75 -3.03109 0
    endloop
  endfacet
  facet normal 0 0 -1
    outer loop
      vertex -2.5 -4.33013 0
      vertex -1.75 -3.03109 0
      vertex -1.91342 -4.6194 0
    endloop
  endfacet
  facet normal -0 0 -1
    outer loop
      vertex -1.75 -3.03109 0
      vertex -2.5 -4.33013 0
      vertex -2.13066 -2.77674 0
    endloop
  endfacet
  facet normal 0 0 -1
    outer loop
      vertex -3.04381 -3.96677 0
      vertex -2.13066 -2.77674 0
      vertex -2.5 -4.33013 0
    endloop
  endfacet
  facet normal -0 0 -1
    outer loop
      vertex -2.13066 -2.77674 0
      vertex -3.04381 -3.96677 0
      vertex -2.47487 -2.47487 0
    endloop
  endfacet
  facet normal 0 0 -1
    outer loop
      vertex -3.53553 -3.53553 0
      vertex -2.47487 -2.47487 0
      vertex -3.04381 -3.96677 0
    endloop
  endfacet
  facet normal -0 0 -1
    outer loop
      vertex -2.47487 -2.47487 0
      vertex -3.53553 -3.53553 0
      vertex -2.77674 -2.13066 0
    endloop
  endfacet
  facet normal 0 0 -1
    outer loop
      vertex -3.96677 -3.04381 0
      vertex -2.77674 -2.13066 0
      vertex -3.53553 -3.53553 0
    endloop
  endfacet
  facet normal -0 0 -1
    outer loop
      vertex -2.77674 -2.13066 0
      vertex -3.96677 -3.04381 0
      vertex -3.03109 -1.75 0
    endloop
  endfacet
  facet normal 0 0 -1
    outer loop
      vertex -4.33013 -2.5 0
      vertex -3.03109 -1.75 0
      vertex -3.96677 -3.04381 0
    endloop
  endfacet
  facet normal 0 0 -1
    outer loop
      vertex -4.6194 -1.91342 0
      vertex -3.23358 -1.33939 0
      vertex -4.33013 -2.5 0
    endloop
  endfacet
  facet normal -0 0 -1
    outer loop
      vertex -3.03109 -1.75 0
      vertex -4.33013 -2.5 0
      vertex -3.23358 -1.33939 0
    endloop
  endfacet
  facet normal -0 0 -1
    outer loop
      vertex 4.6194 1.91342 0
      vertex 3.23358 1.33939 0
      vertex 4.33013 2.5 0
    endloop
  endfacet
  facet normal 0 0 -1
    outer loop
      vertex 3.03109 1.75 0
      vertex 4.33013 2.5 0
      vertex 3.23358 1.33939 0
    endloop
  endfacet
  facet normal -0 0 -1
    outer loop
      vertex 4.33013 2.5 0
      vertex 3.03109 1.75 0
      vertex 3.96677 3.04381 0
    endloop
  endfacet
  facet normal 0 0 -1
    outer loop
      vertex 2.77674 2.13066 0
      vertex 3.96677 3.04381 0
      vertex 3.03109 1.75 0
    endloop
  endfacet
  facet normal -0 0 -1
    outer loop
      vertex 3.96677 3.04381 0
      vertex 2.77674 2.13066 0
      vertex 3.53553 3.53553 0
    endloop
  endfacet
  facet normal 0 0 -1
    outer loop
      vertex 2.47487 2.47487 0
      vertex 3.53553 3.53553 0
      vertex 2.77674 2.13066 0
    endloop
  endfacet
  facet normal -0 0 -1
    outer loop
      vertex 3.53553 3.53553 0
      vertex 2.47487 2.47487 0
      vertex 3.04381 3.96677 0
    endloop
  endfacet
  facet normal 0 0 -1
    outer loop
      vertex 2.13066 2.77674 0
      vertex 3.04381 3.96677 0
      vertex 2.47487 2.47487 0
    endloop
  endfacet
  facet normal -0 0 -1
    outer loop
      vertex 3.04381 3.96677 0
      vertex 2.13066 2.77674 0
      vertex 2.5 4.33013 0
    endloop
  endfacet
  facet normal 0 0 -1
    outer loop
      vertex 1.75 3.03109 0
      vertex 2.5 4.33013 0
      vertex 2.13066 2.77674 0
    endloop
  endfacet
  facet normal -0 0 -1
    outer loop
      vertex 2.5 4.33013 0
      vertex 1.75 3.03109 0
      vertex 1.91342 4.6194 0
    endloop
  endfacet
  facet normal 0 0 -1
    outer loop
      vertex 1.33939 3.23358 0
      vertex 1.91342 4.6194 0
      vertex 1.75 3.03109 0
    endloop
  endfacet
  facet normal 0 0 -1
    outer loop
      vertex 1.33939 3.23358 0
      vertex 1.2941 4.82963 0
      vertex 1.91342 4.6194 0
    endloop
  endfacet
  facet normal 0 0 -1
    outer loop
      vertex 0.905867 3.38074 0
      vertex 1.2941 4.82963 0
      vertex 1.33939 3.23358 0
    endloop
  endfacet
  facet normal 0 0 -1
    outer loop
      vertex 0.905867 3.38074 0
      vertex 0.652631 4.95722 0
      vertex 1.2941 4.82963 0
    endloop
  endfacet
  facet normal 0 0 -1
    outer loop
      vertex 0.456841 3.47006 0
      vertex 0.652631 4.95722 0
      vertex 0.905867 3.38074 0
    endloop
  endfacet
  facet normal 0 0 -1
    outer loop
      vertex 0 3.5 0
      vertex 0.652631 4.95722 0
      vertex 0.456841 3.47006 0
    endloop
  endfacet
  facet normal 0 0 -1
    outer loop
      vertex 0 3.5 0
      vertex 0 5 0
      vertex 0.652631 4.95722 0
    endloop
  endfacet
  facet normal 0 0 -1
    outer loop
      vertex -0.456841 3.47006 0
      vertex 0 5 0
      vertex 0 3.5 0
    endloop
  endfacet
  facet normal 0 0 -1
    outer loop
      vertex -0.456841 3.47006 0
      vertex -0.652631 4.95722 0
      vertex 0 5 0
    endloop
  endfacet
  facet normal 0 0 -1
    outer loop
      vertex -0.905867 3.38074 0
      vertex -0.652631 4.95722 0
      vertex -0.456841 3.47006 0
    endloop
  endfacet
  facet normal 0 0 -1
    outer loop
      vertex -0.905867 3.38074 0
      vertex -1.2941 4.82963 0
      vertex -0.652631 4.95722 0
    endloop
  endfacet
  facet normal 0 0 -1
    outer loop
      vertex -1.33939 3.23358 0
      vertex -1.2941 4.82963 0
      vertex -0.905867 3.38074 0
    endloop
  endfacet
  facet normal 0 0 -1
    outer loop
      vertex -1.91342 4.6194 0
      vertex -1.33939 3.23358 0
      vertex -1.75 3.03109 0
    endloop
  endfacet
  facet normal 0 0 -1
    outer loop
      vertex -1.33939 3.23358 0
      vertex -1.91342 4.6194 0
      vertex -1.2941 4.82963 0
    endloop
  endfacet
  facet normal 0 0 -1
    outer loop
      vertex -2.5 4.33013 0
      vertex -1.75 3.03109 0
      vertex -2.13066 2.77674 0
    endloop
  endfacet
  facet normal 0 0 -1
    outer loop
      vertex -3.04381 3.96677 0
      vertex -2.13066 2.77674 0
      vertex -2.47487 2.47487 0
    endloop
  endfacet
  facet normal 0 0 -1
    outer loop
      vertex -1.75 3.03109 0
      vertex -2.5 4.33013 0
      vertex -1.91342 4.6194 0
    endloop
  endfacet
  facet normal 0 0 -1
    outer loop
      vertex -3.53553 3.53553 0
      vertex -2.47487 2.47487 0
      vertex -2.77674 2.13066 0
    endloop
  endfacet
  facet normal 0 0 -1
    outer loop
      vertex -3.96677 3.04381 0
      vertex -2.77674 2.13066 0
      vertex -3.03109 1.75 0
    endloop
  endfacet
  facet normal 0 0 -1
    outer loop
      vertex -2.13066 2.77674 0
      vertex -3.04381 3.96677 0
      vertex -2.5 4.33013 0
    endloop
  endfacet
  facet normal 0 0 -1
    outer loop
      vertex -4.33013 2.5 0
      vertex -3.03109 1.75 0
      vertex -3.23358 1.33939 0
    endloop
  endfacet
  facet normal 0 0 -1
    outer loop
      vertex -4.6194 1.91342 0
      vertex -3.23358 1.33939 0
      vertex -3.38074 0.905867 0
    endloop
  endfacet
  facet normal 0 0 -1
    outer loop
      vertex -4.82963 1.2941 0
      vertex -3.38074 0.905867 0
      vertex -3.47006 0.456841 0
    endloop
  endfacet
  facet normal 0 0 -1
    outer loop
      vertex -2.47487 2.47487 0
      vertex -3.53553 3.53553 0
      vertex -3.04381 3.96677 0
    endloop
  endfacet
  facet normal 0 0 -1
    outer loop
      vertex -4.95722 0.652631 0
      vertex -3.47006 0.456841 0
      vertex -3.5 0 0
    endloop
  endfacet
  facet normal -0 0 -1
    outer loop
      vertex -3.23358 -1.33939 0
      vertex -4.6194 -1.91342 0
      vertex -3.38074 -0.905867 0
    endloop
  endfacet
  facet normal 0 0 -1
    outer loop
      vertex -4.82963 -1.2941 0
      vertex -3.38074 -0.905867 0
      vertex -4.6194 -1.91342 0
    endloop
  endfacet
  facet normal 0 0 -1
    outer loop
      vertex -2.77674 2.13066 0
      vertex -3.96677 3.04381 0
      vertex -3.53553 3.53553 0
    endloop
  endfacet
  facet normal -0 0 -1
    outer loop
      vertex -3.38074 -0.905867 0
      vertex -4.82963 -1.2941 0
      vertex -3.47006 -0.456841 0
    endloop
  endfacet
  facet normal 0 0 -1
    outer loop
      vertex -3.03109 1.75 0
      vertex -4.33013 2.5 0
      vertex -3.96677 3.04381 0
    endloop
  endfacet
  facet normal 0 0 -1
    outer loop
      vertex -4.95722 -0.652631 0
      vertex -3.47006 -0.456841 0
      vertex -4.82963 -1.2941 0
    endloop
  endfacet
  facet normal 0 0 -1
    outer loop
      vertex -3.23358 1.33939 0
      vertex -4.6194 1.91342 0
      vertex -4.33013 2.5 0
    endloop
  endfacet
  facet normal -0 0 -1
    outer loop
      vertex -3.47006 -0.456841 0
      vertex -4.95722 -0.652631 0
      vertex -3.5 0 0
    endloop
  endfacet
  facet normal 0 0 -1
    outer loop
      vertex -3.38074 0.905867 0
      vertex -4.82963 1.2941 0
      vertex -4.6194 1.91342 0
    endloop
  endfacet
  facet normal 0 0 -1
    outer loop
      vertex -5 0 0
      vertex -3.5 0 0
      vertex -4.95722 -0.652631 0
    endloop
  endfacet
  facet normal 0 0 -1
    outer loop
      vertex -3.47006 0.456841 0
      vertex -4.95722 0.652631 0
      vertex -4.82963 1.2941 0
    endloop
  endfacet
  facet normal 0 0 -1
    outer loop
      vertex -3.5 0 0
      vertex -5 0 0
      vertex -4.95722 0.652631 0
    endloop
  endfacet
  facet normal 0.896872 -0.44229 0
    outer loop
      vertex 4.33013 -2.5 8
      vertex 4.6194 -1.91342 0
      vertex 4.6194 -1.91342 8
    endloop
  endfacet
  facet normal 0.896872 -0.44229 0
    outer loop
      vertex 4.6194 -1.91342 0
      vertex 4.33013 -2.5 8
      vertex 4.33013 -2.5 0
    endloop
  endfacet
  facet normal -0.44229 -0.896872 0
    outer loop
      vertex -2.5 -4.33013 0
      vertex -1.91342 -4.6194 8
      vertex -2.5 -4.33013 8
    endloop
  endfacet
  facet normal -0.44229 -0.896872 -0
    outer loop
      vertex -1.91342 -4.6194 8
      vertex -2.5 -4.33013 0
      vertex -1.91342 -4.6194 0
    endloop
  endfacet
  facet normal -0.195081 -0.980787 0
    outer loop
      vertex -1.2941 -4.82963 0
      vertex -0.652631 -4.95722 8
      vertex -1.2941 -4.82963 8
    endloop
  endfacet
  facet normal -0.195081 -0.980787 -0
    outer loop
      vertex -0.652631 -4.95722 8
      vertex -1.2941 -4.82963 0
      vertex -0.652631 -4.95722 0
    endloop
  endfacet
  facet normal -0.980787 0.195081 0
    outer loop
      vertex -4.95722 0.652631 0
      vertex -4.82963 1.2941 8
      vertex -4.82963 1.2941 0
    endloop
  endfacet
  facet normal -0.980787 0.195081 0
    outer loop
      vertex -4.82963 1.2941 8
      vertex -4.95722 0.652631 0
      vertex -4.95722 0.652631 8
    endloop
  endfacet
  facet normal -0.659357 -0.75183 0
    outer loop
      vertex -3.53553 -3.53553 0
      vertex -3.04381 -3.96677 8
      vertex -3.53553 -3.53553 8
    endloop
  endfacet
  facet normal -0.659357 -0.75183 -0
    outer loop
      vertex -3.04381 -3.96677 8
      vertex -3.53553 -3.53553 0
      vertex -3.04381 -3.96677 0
    endloop
  endfacet
  facet normal -0.896872 -0.44229 0
    outer loop
      vertex -4.33013 -2.5 0
      vertex -4.6194 -1.91342 8
      vertex -4.6194 -1.91342 0
    endloop
  endfacet
  facet normal -0.896872 -0.44229 0
    outer loop
      vertex -4.6194 -1.91342 8
      vertex -4.33013 -2.5 0
      vertex -4.33013 -2.5 8
    endloop
  endfacet
  facet normal -0.831471 -0.555568 0
    outer loop
      vertex -3.96677 -3.04381 0
      vertex -4.33013 -2.5 8
      vertex -4.33013 -2.5 0
    endloop
  endfacet
  facet normal -0.831471 -0.555568 0
    outer loop
      vertex -4.33013 -2.5 8
      vertex -3.96677 -3.04381 0
      vertex -3.96677 -3.04381 8
    endloop
  endfacet
  facet normal 0.195081 0.980787 -0
    outer loop
      vertex 1.2941 4.82963 0
      vertex 0.652631 4.95722 8
      vertex 1.2941 4.82963 8
    endloop
  endfacet
  facet normal 0.195081 0.980787 0
    outer loop
      vertex 0.652631 4.95722 8
      vertex 1.2941 4.82963 0
      vertex 0.652631 4.95722 0
    endloop
  endfacet
  facet normal 0.321438 0.946931 -0
    outer loop
      vertex 1.91342 4.6194 0
      vertex 1.2941 4.82963 8
      vertex 1.91342 4.6194 8
    endloop
  endfacet
  facet normal 0.321438 0.946931 0
    outer loop
      vertex 1.2941 4.82963 8
      vertex 1.91342 4.6194 0
      vertex 1.2941 4.82963 0
    endloop
  endfacet
  facet normal 0.896872 0.44229 0
    outer loop
      vertex 4.6194 1.91342 8
      vertex 4.33013 2.5 0
      vertex 4.33013 2.5 8
    endloop
  endfacet
  facet normal 0.896872 0.44229 0
    outer loop
      vertex 4.33013 2.5 0
      vertex 4.6194 1.91342 8
      vertex 4.6194 1.91342 0
    endloop
  endfacet
  facet normal 0.659357 0.75183 -0
    outer loop
      vertex 3.53553 3.53553 0
      vertex 3.04381 3.96677 8
      vertex 3.53553 3.53553 8
    endloop
  endfacet
  facet normal 0.659357 0.75183 0
    outer loop
      vertex 3.04381 3.96677 8
      vertex 3.53553 3.53553 0
      vertex 3.04381 3.96677 0
    endloop
  endfacet
  facet normal -0.831471 0.555568 0
    outer loop
      vertex -4.33013 2.5 0
      vertex -3.96677 3.04381 8
      vertex -3.96677 3.04381 0
    endloop
  endfacet
  facet normal -0.831471 0.555568 0
    outer loop
      vertex -3.96677 3.04381 8
      vertex -4.33013 2.5 0
      vertex -4.33013 2.5 8
    endloop
  endfacet
  facet normal -0.946931 0.321438 0
    outer loop
      vertex -4.82963 1.2941 0
      vertex -4.6194 1.91342 8
      vertex -4.6194 1.91342 0
    endloop
  endfacet
  facet normal -0.946931 0.321438 0
    outer loop
      vertex -4.6194 1.91342 8
      vertex -4.82963 1.2941 0
      vertex -4.82963 1.2941 8
    endloop
  endfacet
  facet normal -0.75183 -0.659357 0
    outer loop
      vertex -3.53553 -3.53553 0
      vertex -3.96677 -3.04381 8
      vertex -3.96677 -3.04381 0
    endloop
  endfacet
  facet normal -0.75183 -0.659357 0
    outer loop
      vertex -3.96677 -3.04381 8
      vertex -3.53553 -3.53553 0
      vertex -3.53553 -3.53553 8
    endloop
  endfacet
  facet normal 0 0 -1
    outer loop
      vertex 5 0 8
      vertex 7 0 8
      vertex 6.94011 -0.913683 8
    endloop
  endfacet
  facet normal 0 0 -1
    outer loop
      vertex 4.95722 -0.652631 8
      vertex 6.94011 -0.913683 8
      vertex 6.76148 -1.81173 8
    endloop
  endfacet
  facet normal 0 0 -1
    outer loop
      vertex 7 0 8
      vertex 5 0 8
      vertex 6.94011 0.913683 8
    endloop
  endfacet
  facet normal 0 0 -1
    outer loop
      vertex 4.82963 -1.2941 8
      vertex 6.76148 -1.81173 8
      vertex 6.46716 -2.67878 8
    endloop
  endfacet
  facet normal 0 0 -1
    outer loop
      vertex 4.95722 0.652631 8
      vertex 6.94011 0.913683 8
      vertex 5 0 8
    endloop
  endfacet
  facet normal 0 0 -1
    outer loop
      vertex 4.6194 -1.91342 8
      vertex 6.46716 -2.67878 8
      vertex 6.06218 -3.5 8
    endloop
  endfacet
  facet normal -0 0 -1
    outer loop
      vertex 6.94011 0.913683 8
      vertex 4.95722 0.652631 8
      vertex 6.76148 1.81173 8
    endloop
  endfacet
  facet normal 0 0 -1
    outer loop
      vertex 4.33013 -2.5 8
      vertex 6.06218 -3.5 8
      vertex 5.55347 -4.26133 8
    endloop
  endfacet
  facet normal 0 0 -1
    outer loop
      vertex 4.82963 1.2941 8
      vertex 6.76148 1.81173 8
      vertex 4.95722 0.652631 8
    endloop
  endfacet
  facet normal -0 0 -1
    outer loop
      vertex 6.76148 1.81173 8
      vertex 4.82963 1.2941 8
      vertex 6.46716 2.67878 8
    endloop
  endfacet
  facet normal 0 0 -1
    outer loop
      vertex 6.94011 -0.913683 8
      vertex 4.95722 -0.652631 8
      vertex 5 0 8
    endloop
  endfacet
  facet normal 0 0 -1
    outer loop
      vertex 3.96677 -3.04381 8
      vertex 5.55347 -4.26133 8
      vertex 4.94975 -4.94975 8
    endloop
  endfacet
  facet normal 0 0 -1
    outer loop
      vertex 6.76148 -1.81173 8
      vertex 4.82963 -1.2941 8
      vertex 4.95722 -0.652631 8
    endloop
  endfacet
  facet normal 0 0 -1
    outer loop
      vertex 6.46716 -2.67878 8
      vertex 4.6194 -1.91342 8
      vertex 4.82963 -1.2941 8
    endloop
  endfacet
  facet normal 0 0 -1
    outer loop
      vertex 6.06218 -3.5 8
      vertex 4.33013 -2.5 8
      vertex 4.6194 -1.91342 8
    endloop
  endfacet
  facet normal 0 0 -1
    outer loop
      vertex 3.53553 -3.53553 8
      vertex 4.94975 -4.94975 8
      vertex 4.26133 -5.55347 8
    endloop
  endfacet
  facet normal 0 0 -1
    outer loop
      vertex 5.55347 -4.26133 8
      vertex 3.96677 -3.04381 8
      vertex 4.33013 -2.5 8
    endloop
  endfacet
  facet normal 0 0 -1
    outer loop
      vertex 4.94975 -4.94975 8
      vertex 3.53553 -3.53553 8
      vertex 3.96677 -3.04381 8
    endloop
  endfacet
  facet normal 0 0 -1
    outer loop
      vertex 3.04381 -3.96677 8
      vertex 4.26133 -5.55347 8
      vertex 3.5 -6.06218 8
    endloop
  endfacet
  facet normal 0 0 -1
    outer loop
      vertex 4.26133 -5.55347 8
      vertex 3.04381 -3.96677 8
      vertex 3.53553 -3.53553 8
    endloop
  endfacet
  facet normal 0 0 -1
    outer loop
      vertex 2.5 -4.33013 8
      vertex 3.5 -6.06218 8
      vertex 2.67878 -6.46716 8
    endloop
  endfacet
  facet normal 0 0 -1
    outer loop
      vertex 3.5 -6.06218 8
      vertex 2.5 -4.33013 8
      vertex 3.04381 -3.96677 8
    endloop
  endfacet
  facet normal 0 0 -1
    outer loop
      vertex 2.67878 -6.46716 8
      vertex 1.91342 -4.6194 8
      vertex 2.5 -4.33013 8
    endloop
  endfacet
  facet normal 0 0 -1
    outer loop
      vertex 1.81173 -6.76148 8
      vertex 1.91342 -4.6194 8
      vertex 2.67878 -6.46716 8
    endloop
  endfacet
  facet normal 0 0 -1
    outer loop
      vertex 1.81173 -6.76148 8
      vertex 1.2941 -4.82963 8
      vertex 1.91342 -4.6194 8
    endloop
  endfacet
  facet normal 0 0 -1
    outer loop
      vertex 0.913683 -6.94011 8
      vertex 1.2941 -4.82963 8
      vertex 1.81173 -6.76148 8
    endloop
  endfacet
  facet normal 0 0 -1
    outer loop
      vertex 0.913683 -6.94011 8
      vertex 0.652631 -4.95722 8
      vertex 1.2941 -4.82963 8
    endloop
  endfacet
  facet normal 0 0 -1
    outer loop
      vertex 0 -7 8
      vertex 0.652631 -4.95722 8
      vertex 0.913683 -6.94011 8
    endloop
  endfacet
  facet normal 0 0 -1
    outer loop
      vertex 0 -7 8
      vertex 0 -5 8
      vertex 0.652631 -4.95722 8
    endloop
  endfacet
  facet normal 0 0 -1
    outer loop
      vertex 0 -7 8
      vertex -0.652631 -4.95722 8
      vertex 0 -5 8
    endloop
  endfacet
  facet normal 0 0 -1
    outer loop
      vertex -0.913683 -6.94011 8
      vertex -0.652631 -4.95722 8
      vertex 0 -7 8
    endloop
  endfacet
  facet normal 0 0 -1
    outer loop
      vertex -0.913683 -6.94011 8
      vertex -1.2941 -4.82963 8
      vertex -0.652631 -4.95722 8
    endloop
  endfacet
  facet normal 0 0 -1
    outer loop
      vertex -1.81173 -6.76148 8
      vertex -1.2941 -4.82963 8
      vertex -0.913683 -6.94011 8
    endloop
  endfacet
  facet normal 0 0 -1
    outer loop
      vertex -1.81173 -6.76148 8
      vertex -1.91342 -4.6194 8
      vertex -1.2941 -4.82963 8
    endloop
  endfacet
  facet normal 0 0 -1
    outer loop
      vertex -2.67878 -6.46716 8
      vertex -1.91342 -4.6194 8
      vertex -1.81173 -6.76148 8
    endloop
  endfacet
  facet normal -0 0 -1
    outer loop
      vertex -1.91342 -4.6194 8
      vertex -2.67878 -6.46716 8
      vertex -2.5 -4.33013 8
    endloop
  endfacet
  facet normal 0 0 -1
    outer loop
      vertex -3.5 -6.06218 8
      vertex -2.5 -4.33013 8
      vertex -2.67878 -6.46716 8
    endloop
  endfacet
  facet normal -0 0 -1
    outer loop
      vertex -2.5 -4.33013 8
      vertex -3.5 -6.06218 8
      vertex -3.04381 -3.96677 8
    endloop
  endfacet
  facet normal 0 0 -1
    outer loop
      vertex -4.26133 -5.55347 8
      vertex -3.04381 -3.96677 8
      vertex -3.5 -6.06218 8
    endloop
  endfacet
  facet normal -0 0 -1
    outer loop
      vertex -3.04381 -3.96677 8
      vertex -4.26133 -5.55347 8
      vertex -3.53553 -3.53553 8
    endloop
  endfacet
  facet normal 0 0 -1
    outer loop
      vertex -4.94975 -4.94975 8
      vertex -3.53553 -3.53553 8
      vertex -4.26133 -5.55347 8
    endloop
  endfacet
  facet normal -0 0 -1
    outer loop
      vertex -3.53553 -3.53553 8
      vertex -4.94975 -4.94975 8
      vertex -3.96677 -3.04381 8
    endloop
  endfacet
  facet normal 0 0 -1
    outer loop
      vertex -5.55347 -4.26133 8
      vertex -3.96677 -3.04381 8
      vertex -4.94975 -4.94975 8
    endloop
  endfacet
  facet normal -0 0 -1
    outer loop
      vertex -3.96677 -3.04381 8
      vertex -5.55347 -4.26133 8
      vertex -4.33013 -2.5 8
    endloop
  endfacet
  facet normal 0 0 -1
    outer loop
      vertex -6.06218 -3.5 8
      vertex -4.33013 -2.5 8
      vertex -5.55347 -4.26133 8
    endloop
  endfacet
  facet normal -0 0 -1
    outer loop
      vertex -4.33013 -2.5 8
      vertex -6.06218 -3.5 8
      vertex -4.6194 -1.91342 8
    endloop
  endfacet
  facet normal 0 0 -1
    outer loop
      vertex -6.46716 -2.67878 8
      vertex -4.6194 -1.91342 8
      vertex -6.06218 -3.5 8
    endloop
  endfacet
  facet normal -0 0 -1
    outer loop
      vertex -4.6194 -1.91342 8
      vertex -6.46716 -2.67878 8
      vertex -4.82963 -1.2941 8
    endloop
  endfacet
  facet normal 0 0 -1
    outer loop
      vertex 4.6194 1.91342 8
      vertex 6.46716 2.67878 8
      vertex 4.82963 1.2941 8
    endloop
  endfacet
  facet normal -0 0 -1
    outer loop
      vertex 6.46716 2.67878 8
      vertex 4.6194 1.91342 8
      vertex 6.06218 3.5 8
    endloop
  endfacet
  facet normal 0 0 -1
    outer loop
      vertex 4.33013 2.5 8
      vertex 6.06218 3.5 8
      vertex 4.6194 1.91342 8
    endloop
  endfacet
  facet normal -0 0 -1
    outer loop
      vertex 6.06218 3.5 8
      vertex 4.33013 2.5 8
      vertex 5.55347 4.26133 8
    endloop
  endfacet
  facet normal 0 0 -1
    outer loop
      vertex 3.96677 3.04381 8
      vertex 5.55347 4.26133 8
      vertex 4.33013 2.5 8
    endloop
  endfacet
  facet normal -0 0 -1
    outer loop
      vertex 5.55347 4.26133 8
      vertex 3.96677 3.04381 8
      vertex 4.94975 4.94975 8
    endloop
  endfacet
  facet normal 0 0 -1
    outer loop
      vertex 3.53553 3.53553 8
      vertex 4.94975 4.94975 8
      vertex 3.96677 3.04381 8
    endloop
  endfacet
  facet normal -0 0 -1
    outer loop
      vertex 4.94975 4.94975 8
      vertex 3.53553 3.53553 8
      vertex 4.26133 5.55347 8
    endloop
  endfacet
  facet normal 0 0 -1
    outer loop
      vertex 3.04381 3.96677 8
      vertex 4.26133 5.55347 8
      vertex 3.53553 3.53553 8
    endloop
  endfacet
  facet normal -0 0 -1
    outer loop
      vertex 4.26133 5.55347 8
      vertex 3.04381 3.96677 8
      vertex 3.5 6.06218 8
    endloop
  endfacet
  facet normal 0 0 -1
    outer loop
      vertex 2.5 4.33013 8
      vertex 3.5 6.06218 8
      vertex 3.04381 3.96677 8
    endloop
  endfacet
  facet normal -0 0 -1
    outer loop
      vertex 3.5 6.06218 8
      vertex 2.5 4.33013 8
      vertex 2.67878 6.46716 8
    endloop
  endfacet
  facet normal 0 0 -1
    outer loop
      vertex 1.91342 4.6194 8
      vertex 2.67878 6.46716 8
      vertex 2.5 4.33013 8
    endloop
  endfacet
  facet normal 0 0 -1
    outer loop
      vertex 1.91342 4.6194 8
      vertex 1.81173 6.76148 8
      vertex 2.67878 6.46716 8
    endloop
  endfacet
  facet normal 0 0 -1
    outer loop
      vertex 1.2941 4.82963 8
      vertex 1.81173 6.76148 8
      vertex 1.91342 4.6194 8
    endloop
  endfacet
  facet normal 0 0 -1
    outer loop
      vertex 1.2941 4.82963 8
      vertex 0.913683 6.94011 8
      vertex 1.81173 6.76148 8
    endloop
  endfacet
  facet normal 0 0 -1
    outer loop
      vertex 0.652631 4.95722 8
      vertex 0.913683 6.94011 8
      vertex 1.2941 4.82963 8
    endloop
  endfacet
  facet normal 0 0 -1
    outer loop
      vertex 0 5 8
      vertex 0.913683 6.94011 8
      vertex 0.652631 4.95722 8
    endloop
  endfacet
  facet normal 0 0 -1
    outer loop
      vertex 0 5 8
      vertex 0 7 8
      vertex 0.913683 6.94011 8
    endloop
  endfacet
  facet normal 0 0 -1
    outer loop
      vertex -0.652631 4.95722 8
      vertex 0 7 8
      vertex 0 5 8
    endloop
  endfacet
  facet normal 0 0 -1
    outer loop
      vertex -0.652631 4.95722 8
      vertex -0.913683 6.94011 8
      vertex 0 7 8
    endloop
  endfacet
  facet normal 0 0 -1
    outer loop
      vertex -1.2941 4.82963 8
      vertex -0.913683 6.94011 8
      vertex -0.652631 4.95722 8
    endloop
  endfacet
  facet normal 0 0 -1
    outer loop
      vertex -1.2941 4.82963 8
      vertex -1.81173 6.76148 8
      vertex -0.913683 6.94011 8
    endloop
  endfacet
  facet normal 0 0 -1
    outer loop
      vertex -1.91342 4.6194 8
      vertex -1.81173 6.76148 8
      vertex -1.2941 4.82963 8
    endloop
  endfacet
  facet normal 0 0 -1
    outer loop
      vertex -2.67878 6.46716 8
      vertex -1.91342 4.6194 8
      vertex -2.5 4.33013 8
    endloop
  endfacet
  facet normal 0 0 -1
    outer loop
      vertex -1.91342 4.6194 8
      vertex -2.67878 6.46716 8
      vertex -1.81173 6.76148 8
    endloop
  endfacet
  facet normal 0 0 -1
    outer loop
      vertex -3.5 6.06218 8
      vertex -2.5 4.33013 8
      vertex -3.04381 3.96677 8
    endloop
  endfacet
  facet normal 0 0 -1
    outer loop
      vertex -2.5 4.33013 8
      vertex -3.5 6.06218 8
      vertex -2.67878 6.46716 8
    endloop
  endfacet
  facet normal 0 0 -1
    outer loop
      vertex -4.26133 5.55347 8
      vertex -3.04381 3.96677 8
      vertex -3.53553 3.53553 8
    endloop
  endfacet
  facet normal 0 0 -1
    outer loop
      vertex -4.94975 4.94975 8
      vertex -3.53553 3.53553 8
      vertex -3.96677 3.04381 8
    endloop
  endfacet
  facet normal 0 0 -1
    outer loop
      vertex -3.04381 3.96677 8
      vertex -4.26133 5.55347 8
      vertex -3.5 6.06218 8
    endloop
  endfacet
  facet normal 0 0 -1
    outer loop
      vertex -5.55347 4.26133 8
      vertex -3.96677 3.04381 8
      vertex -4.33013 2.5 8
    endloop
  endfacet
  facet normal 0 0 -1
    outer loop
      vertex -6.06218 3.5 8
      vertex -4.33013 2.5 8
      vertex -4.6194 1.91342 8
    endloop
  endfacet
  facet normal 0 0 -1
    outer loop
      vertex -6.46716 2.67878 8
      vertex -4.6194 1.91342 8
      vertex -4.82963 1.2941 8
    endloop
  endfacet
  facet normal 0 0 -1
    outer loop
      vertex -3.53553 3.53553 8
      vertex -4.94975 4.94975 8
      vertex -4.26133 5.55347 8
    endloop
  endfacet
  facet normal 0 0 -1
    outer loop
      vertex -6.76148 1.81173 8
      vertex -4.82963 1.2941 8
      vertex -4.95722 0.652631 8
    endloop
  endfacet
  facet normal 0 0 -1
    outer loop
      vertex -6.94011 0.913683 8
      vertex -4.95722 0.652631 8
      vertex -5 0 8
    endloop
  endfacet
  facet normal 0 0 -1
    outer loop
      vertex -6.76148 -1.81173 8
      vertex -4.82963 -1.2941 8
      vertex -6.46716 -2.67878 8
    endloop
  endfacet
  facet normal 0 0 -1
    outer loop
      vertex -3.96677 3.04381 8
      vertex -5.55347 4.26133 8
      vertex -4.94975 4.94975 8
    endloop
  endfacet
  facet normal -0 0 -1
    outer loop
      vertex -4.82963 -1.2941 8
      vertex -6.76148 -1.81173 8
      vertex -4.95722 -0.652631 8
    endloop
  endfacet
  facet normal 0 0 -1
    outer loop
      vertex -4.33013 2.5 8
      vertex -6.06218 3.5 8
      vertex -5.55347 4.26133 8
    endloop
  endfacet
  facet normal 0 0 -1
    outer loop
      vertex -6.94011 -0.913683 8
      vertex -4.95722 -0.652631 8
      vertex -6.76148 -1.81173 8
    endloop
  endfacet
  facet normal 0 0 -1
    outer loop
      vertex -4.6194 1.91342 8
      vertex -6.46716 2.67878 8
      vertex -6.06218 3.5 8
    endloop
  endfacet
  facet normal -0 0 -1
    outer loop
      vertex -4.95722 -0.652631 8
      vertex -6.94011 -0.913683 8
      vertex -5 0 8
    endloop
  endfacet
  facet normal 0 0 -1
    outer loop
      vertex -4.82963 1.2941 8
      vertex -6.76148 1.81173 8
      vertex -6.46716 2.67878 8
    endloop
  endfacet
  facet normal 0 0 -1
    outer loop
      vertex -7 0 8
      vertex -5 0 8
      vertex -6.94011 -0.913683 8
    endloop
  endfacet
  facet normal 0 0 -1
    outer loop
      vertex -4.95722 0.652631 8
      vertex -6.94011 0.913683 8
      vertex -6.76148 1.81173 8
    endloop
  endfacet
  facet normal 0 0 -1
    outer loop
      vertex -5 0 8
      vertex -7 0 8
      vertex -6.94011 0.913683 8
    endloop
  endfacet
  facet normal -0.195081 0.980787 0
    outer loop
      vertex -0.652631 4.95722 0
      vertex -1.2941 4.82963 8
      vertex -0.652631 4.95722 8
    endloop
  endfacet
  facet normal -0.195081 0.980787 0
    outer loop
      vertex -1.2941 4.82963 8
      vertex -0.652631 4.95722 0
      vertex -1.2941 4.82963 0
    endloop
  endfacet
  facet normal -0.555568 -0.831471 0
    outer loop
      vertex -3.04381 -3.96677 0
      vertex -2.5 -4.33013 8
      vertex -3.04381 -3.96677 8
    endloop
  endfacet
  facet normal -0.555568 -0.831471 -0
    outer loop
      vertex -2.5 -4.33013 8
      vertex -3.04381 -3.96677 0
      vertex -2.5 -4.33013 0
    endloop
  endfacet
  facet normal 0.980787 -0.195081 0
    outer loop
      vertex 4.82963 -1.2941 8
      vertex 4.95722 -0.652631 0
      vertex 4.95722 -0.652631 8
    endloop
  endfacet
  facet normal 0.980787 -0.195081 0
    outer loop
      vertex 4.95722 -0.652631 0
      vertex 4.82963 -1.2941 8
      vertex 4.82963 -1.2941 0
    endloop
  endfacet
  facet normal 0.659357 -0.75183 0
    outer loop
      vertex 3.04381 -3.96677 0
      vertex 3.53553 -3.53553 8
      vertex 3.04381 -3.96677 8
    endloop
  endfacet
  facet normal 0.659357 -0.75183 0
    outer loop
      vertex 3.53553 -3.53553 8
      vertex 3.04381 -3.96677 0
      vertex 3.53553 -3.53553 0
    endloop
  endfacet
  facet normal 0.555568 -0.831471 0
    outer loop
      vertex 2.5 -4.33013 0
      vertex 3.04381 -3.96677 8
      vertex 2.5 -4.33013 8
    endloop
  endfacet
  facet normal 0.555568 -0.831471 0
    outer loop
      vertex 3.04381 -3.96677 8
      vertex 2.5 -4.33013 0
      vertex 3.04381 -3.96677 0
    endloop
  endfacet
  facet normal -0.0654097 -0.997858 0
    outer loop
      vertex -0.652631 -4.95722 0
      vertex 0 -5 8
      vertex -0.652631 -4.95722 8
    endloop
  endfacet
  facet normal -0.0654097 -0.997858 -0
    outer loop
      vertex 0 -5 8
      vertex -0.652631 -4.95722 0
      vertex 0 -5 0
    endloop
  endfacet
  facet normal 0.0654075 -0.997859 0
    outer loop
      vertex 0 -7 8
      vertex 0.913683 -6.94011 10
      vertex 0 -7 10
    endloop
  endfacet
  facet normal 0.0654075 -0.997859 0
    outer loop
      vertex 0.913683 -6.94011 10
      vertex 0 -7 8
      vertex 0.913683 -6.94011 8
    endloop
  endfacet
  facet normal 0.980786 0.195088 0
    outer loop
      vertex 6.94011 0.913683 10
      vertex 6.76148 1.81173 8
      vertex 6.76148 1.81173 10
    endloop
  endfacet
  facet normal 0.980786 0.195088 0
    outer loop
      vertex 6.76148 1.81173 8
      vertex 6.94011 0.913683 10
      vertex 6.94011 0.913683 8
    endloop
  endfacet
  facet normal 0.997859 0.0654075 0
    outer loop
      vertex 7 0 10
      vertex 6.94011 0.913683 8
      vertex 6.94011 0.913683 10
    endloop
  endfacet
  facet normal 0.997859 0.0654075 0
    outer loop
      vertex 6.94011 0.913683 8
      vertex 7 0 10
      vertex 7 0 8
    endloop
  endfacet
  facet normal 0.831467 -0.555574 0
    outer loop
      vertex 5.55347 -4.26133 10
      vertex 6.06218 -3.5 8
      vertex 6.06218 -3.5 10
    endloop
  endfacet
  facet normal 0.831467 -0.555574 0
    outer loop
      vertex 6.06218 -3.5 8
      vertex 5.55347 -4.26133 10
      vertex 5.55347 -4.26133 8
    endloop
  endfacet
  facet normal 0.997859 -0.0654075 0
    outer loop
      vertex 6.94011 -0.913683 10
      vertex 7 0 8
      vertex 7 0 10
    endloop
  endfacet
  facet normal 0.997859 -0.0654075 0
    outer loop
      vertex 7 0 8
      vertex 6.94011 -0.913683 10
      vertex 6.94011 -0.913683 8
    endloop
  endfacet
  facet normal 0.831467 0.555574 0
    outer loop
      vertex 6.06218 3.5 10
      vertex 5.55347 4.26133 8
      vertex 5.55347 4.26133 10
    endloop
  endfacet
  facet normal 0.831467 0.555574 0
    outer loop
      vertex 5.55347 4.26133 8
      vertex 6.06218 3.5 10
      vertex 6.06218 3.5 8
    endloop
  endfacet
  facet normal 0.751844 0.659341 0
    outer loop
      vertex 5.55347 4.26133 10
      vertex 4.94975 4.94975 8
      vertex 4.94975 4.94975 10
    endloop
  endfacet
  facet normal 0.751844 0.659341 0
    outer loop
      vertex 4.94975 4.94975 8
      vertex 5.55347 4.26133 10
      vertex 5.55347 4.26133 8
    endloop
  endfacet
  facet normal 0.896873 -0.442288 0
    outer loop
      vertex 6.06218 -3.5 10
      vertex 6.46716 -2.67878 8
      vertex 6.46716 -2.67878 10
    endloop
  endfacet
  facet normal 0.896873 -0.442288 0
    outer loop
      vertex 6.46716 -2.67878 8
      vertex 6.06218 -3.5 10
      vertex 6.06218 -3.5 8
    endloop
  endfacet
  facet normal 0.659341 0.751844 -0
    outer loop
      vertex 4.94975 4.94975 8
      vertex 4.26133 5.55347 10
      vertex 4.94975 4.94975 10
    endloop
  endfacet
  facet normal 0.659341 0.751844 0
    outer loop
      vertex 4.26133 5.55347 10
      vertex 4.94975 4.94975 8
      vertex 4.26133 5.55347 8
    endloop
  endfacet
  facet normal 0.442288 -0.896873 0
    outer loop
      vertex 2.67878 -6.46716 8
      vertex 3.5 -6.06218 10
      vertex 2.67878 -6.46716 10
    endloop
  endfacet
  facet normal 0.442288 -0.896873 0
    outer loop
      vertex 3.5 -6.06218 10
      vertex 2.67878 -6.46716 8
      vertex 3.5 -6.06218 8
    endloop
  endfacet
  facet normal -0.659341 0.751844 0
    outer loop
      vertex -4.26133 5.55347 8
      vertex -4.94975 4.94975 10
      vertex -4.26133 5.55347 10
    endloop
  endfacet
  facet normal -0.659341 0.751844 0
    outer loop
      vertex -4.94975 4.94975 10
      vertex -4.26133 5.55347 8
      vertex -4.94975 4.94975 8
    endloop
  endfacet
  facet normal 0.659341 -0.751844 0
    outer loop
      vertex 4.26133 -5.55347 8
      vertex 4.94975 -4.94975 10
      vertex 4.26133 -5.55347 10
    endloop
  endfacet
  facet normal 0.659341 -0.751844 0
    outer loop
      vertex 4.94975 -4.94975 10
      vertex 4.26133 -5.55347 8
      vertex 4.94975 -4.94975 8
    endloop
  endfacet
  facet normal -0.555574 -0.831467 0
    outer loop
      vertex -4.26133 -5.55347 8
      vertex -3.5 -6.06218 10
      vertex -4.26133 -5.55347 10
    endloop
  endfacet
  facet normal -0.555574 -0.831467 -0
    outer loop
      vertex -3.5 -6.06218 10
      vertex -4.26133 -5.55347 8
      vertex -3.5 -6.06218 8
    endloop
  endfacet
  facet normal -0.555574 0.831467 0
    outer loop
      vertex -3.5 6.06218 8
      vertex -4.26133 5.55347 10
      vertex -3.5 6.06218 10
    endloop
  endfacet
  facet normal -0.555574 0.831467 0
    outer loop
      vertex -4.26133 5.55347 10
      vertex -3.5 6.06218 8
      vertex -4.26133 5.55347 8
    endloop
  endfacet
  facet normal -0.321436 -0.946931 0
    outer loop
      vertex -2.67878 -6.46716 8
      vertex -1.81173 -6.76148 10
      vertex -2.67878 -6.46716 10
    endloop
  endfacet
  facet normal -0.321436 -0.946931 -0
    outer loop
      vertex -1.81173 -6.76148 10
      vertex -2.67878 -6.46716 8
      vertex -1.81173 -6.76148 8
    endloop
  endfacet
  facet normal -0.997859 0.0654075 0
    outer loop
      vertex -7 0 8
      vertex -6.94011 0.913683 10
      vertex -6.94011 0.913683 8
    endloop
  endfacet
  facet normal -0.997859 0.0654075 0
    outer loop
      vertex -6.94011 0.913683 10
      vertex -7 0 8
      vertex -7 0 10
    endloop
  endfacet
  facet normal 0.442288 0.896873 -0
    outer loop
      vertex 3.5 6.06218 8
      vertex 2.67878 6.46716 10
      vertex 3.5 6.06218 10
    endloop
  endfacet
  facet normal 0.442288 0.896873 0
    outer loop
      vertex 2.67878 6.46716 10
      vertex 3.5 6.06218 8
      vertex 2.67878 6.46716 8
    endloop
  endfacet
  facet normal 0.195088 -0.980786 0
    outer loop
      vertex 0.913683 -6.94011 8
      vertex 1.81173 -6.76148 10
      vertex 0.913683 -6.94011 10
    endloop
  endfacet
  facet normal 0.195088 -0.980786 0
    outer loop
      vertex 1.81173 -6.76148 10
      vertex 0.913683 -6.94011 8
      vertex 1.81173 -6.76148 8
    endloop
  endfacet
  facet normal -0.751844 0.659341 0
    outer loop
      vertex -5.55347 4.26133 8
      vertex -4.94975 4.94975 10
      vertex -4.94975 4.94975 8
    endloop
  endfacet
  facet normal -0.751844 0.659341 0
    outer loop
      vertex -4.94975 4.94975 10
      vertex -5.55347 4.26133 8
      vertex -5.55347 4.26133 10
    endloop
  endfacet
  facet normal 0.0654075 0.997859 -0
    outer loop
      vertex 0.913683 6.94011 8
      vertex 0 7 10
      vertex 0.913683 6.94011 10
    endloop
  endfacet
  facet normal 0.0654075 0.997859 0
    outer loop
      vertex 0 7 10
      vertex 0.913683 6.94011 8
      vertex 0 7 8
    endloop
  endfacet
  facet normal -0.831467 -0.555574 0
    outer loop
      vertex -5.55347 -4.26133 8
      vertex -6.06218 -3.5 10
      vertex -6.06218 -3.5 8
    endloop
  endfacet
  facet normal -0.831467 -0.555574 0
    outer loop
      vertex -6.06218 -3.5 10
      vertex -5.55347 -4.26133 8
      vertex -5.55347 -4.26133 10
    endloop
  endfacet
  facet normal -0.442288 0.896873 0
    outer loop
      vertex -2.67878 6.46716 8
      vertex -3.5 6.06218 10
      vertex -2.67878 6.46716 10
    endloop
  endfacet
  facet normal -0.442288 0.896873 0
    outer loop
      vertex -3.5 6.06218 10
      vertex -2.67878 6.46716 8
      vertex -3.5 6.06218 8
    endloop
  endfacet
  facet normal 0.946931 -0.321436 0
    outer loop
      vertex 6.46716 -2.67878 10
      vertex 6.76148 -1.81173 8
      vertex 6.76148 -1.81173 10
    endloop
  endfacet
  facet normal 0.946931 -0.321436 0
    outer loop
      vertex 6.76148 -1.81173 8
      vertex 6.46716 -2.67878 10
      vertex 6.46716 -2.67878 8
    endloop
  endfacet
  facet normal -0.442288 -0.896873 0
    outer loop
      vertex -3.5 -6.06218 8
      vertex -2.67878 -6.46716 10
      vertex -3.5 -6.06218 10
    endloop
  endfacet
  facet normal -0.442288 -0.896873 -0
    outer loop
      vertex -2.67878 -6.46716 10
      vertex -3.5 -6.06218 8
      vertex -2.67878 -6.46716 8
    endloop
  endfacet
  facet normal -0.980786 0.195088 0
    outer loop
      vertex -6.94011 0.913683 8
      vertex -6.76148 1.81173 10
      vertex -6.76148 1.81173 8
    endloop
  endfacet
  facet normal -0.980786 0.195088 0
    outer loop
      vertex -6.76148 1.81173 10
      vertex -6.94011 0.913683 8
      vertex -6.94011 0.913683 10
    endloop
  endfacet
  facet normal -0.659341 -0.751844 0
    outer loop
      vertex -4.94975 -4.94975 8
      vertex -4.26133 -5.55347 10
      vertex -4.94975 -4.94975 10
    endloop
  endfacet
  facet normal -0.659341 -0.751844 -0
    outer loop
      vertex -4.26133 -5.55347 10
      vertex -4.94975 -4.94975 8
      vertex -4.26133 -5.55347 8
    endloop
  endfacet
  facet normal 0.321436 -0.946931 0
    outer loop
      vertex 1.81173 -6.76148 8
      vertex 2.67878 -6.46716 10
      vertex 1.81173 -6.76148 10
    endloop
  endfacet
  facet normal 0.321436 -0.946931 0
    outer loop
      vertex 2.67878 -6.46716 10
      vertex 1.81173 -6.76148 8
      vertex 2.67878 -6.46716 8
    endloop
  endfacet
  facet normal 0 0 1
    outer loop
      vertex 2 0 10
      vertex 7 0 10
      vertex 6.94011 0.913683 10
    endloop
  endfacet
  facet normal 0 0 1
    outer loop
      vertex 1.98289 0.261052 10
      vertex 6.94011 0.913683 10
      vertex 6.76148 1.81173 10
    endloop
  endfacet
  facet normal 0 0 1
    outer loop
      vertex 7 0 10
      vertex 2 0 10
      vertex 6.94011 -0.913683 10
    endloop
  endfacet
  facet normal 0 0 1
    outer loop
      vertex 1.93185 0.517637 10
      vertex 6.76148 1.81173 10
      vertex 6.46716 2.67878 10
    endloop
  endfacet
  facet normal -0 0 1
    outer loop
      vertex 1.98289 -0.261052 10
      vertex 6.94011 -0.913683 10
      vertex 2 0 10
    endloop
  endfacet
  facet normal 0 0 1
    outer loop
      vertex 1.84776 0.765367 10
      vertex 6.46716 2.67878 10
      vertex 6.06218 3.5 10
    endloop
  endfacet
  facet normal 0 0 1
    outer loop
      vertex 6.94011 -0.913683 10
      vertex 1.98289 -0.261052 10
      vertex 6.76148 -1.81173 10
    endloop
  endfacet
  facet normal 0 0 1
    outer loop
      vertex 1.73205 1 10
      vertex 6.06218 3.5 10
      vertex 5.55347 4.26133 10
    endloop
  endfacet
  facet normal -0 0 1
    outer loop
      vertex 1.93185 -0.517637 10
      vertex 6.76148 -1.81173 10
      vertex 1.98289 -0.261052 10
    endloop
  endfacet
  facet normal 0 0 1
    outer loop
      vertex 1.58671 1.21752 10
      vertex 5.55347 4.26133 10
      vertex 4.94975 4.94975 10
    endloop
  endfacet
  facet normal 0 0 1
    outer loop
      vertex 6.76148 -1.81173 10
      vertex 1.93185 -0.517637 10
      vertex 6.46716 -2.67878 10
    endloop
  endfacet
  facet normal 0 0 1
    outer loop
      vertex 1.41421 1.41421 10
      vertex 4.94975 4.94975 10
      vertex 4.26133 5.55347 10
    endloop
  endfacet
  facet normal -0 0 1
    outer loop
      vertex 1.84776 -0.765367 10
      vertex 6.46716 -2.67878 10
      vertex 1.93185 -0.517637 10
    endloop
  endfacet
  facet normal 0 0 1
    outer loop
      vertex 1.21752 1.58671 10
      vertex 4.26133 5.55347 10
      vertex 3.5 6.06218 10
    endloop
  endfacet
  facet normal 0 0 1
    outer loop
      vertex 6.46716 -2.67878 10
      vertex 1.84776 -0.765367 10
      vertex 6.06218 -3.5 10
    endloop
  endfacet
  facet normal 0 0 1
    outer loop
      vertex 1 1.73205 10
      vertex 3.5 6.06218 10
      vertex 2.67878 6.46716 10
    endloop
  endfacet
  facet normal -0 0 1
    outer loop
      vertex 1.73205 -1 10
      vertex 6.06218 -3.5 10
      vertex 1.84776 -0.765367 10
    endloop
  endfacet
  facet normal 0 0 1
    outer loop
      vertex 6.06218 -3.5 10
      vertex 1.73205 -1 10
      vertex 5.55347 -4.26133 10
    endloop
  endfacet
  facet normal 0 0 1
    outer loop
      vertex 6.94011 0.913683 10
      vertex 1.98289 0.261052 10
      vertex 2 0 10
    endloop
  endfacet
  facet normal 0 0 1
    outer loop
      vertex 6.76148 1.81173 10
      vertex 1.93185 0.517637 10
      vertex 1.98289 0.261052 10
    endloop
  endfacet
  facet normal 0 0 1
    outer loop
      vertex 6.46716 2.67878 10
      vertex 1.84776 0.765367 10
      vertex 1.93185 0.517637 10
    endloop
  endfacet
  facet normal 0 0 1
    outer loop
      vertex 0.765367 1.84776 10
      vertex 2.67878 6.46716 10
      vertex 1.81173 6.76148 10
    endloop
  endfacet
  facet normal 0 0 1
    outer loop
      vertex 6.06218 3.5 10
      vertex 1.73205 1 10
      vertex 1.84776 0.765367 10
    endloop
  endfacet
  facet normal 0 0 1
    outer loop
      vertex 5.55347 4.26133 10
      vertex 1.58671 1.21752 10
      vertex 1.73205 1 10
    endloop
  endfacet
  facet normal 0 0 1
    outer loop
      vertex 4.94975 4.94975 10
      vertex 1.41421 1.41421 10
      vertex 1.58671 1.21752 10
    endloop
  endfacet
  facet normal 0 0 1
    outer loop
      vertex 4.26133 5.55347 10
      vertex 1.21752 1.58671 10
      vertex 1.41421 1.41421 10
    endloop
  endfacet
  facet normal 0 0 1
    outer loop
      vertex 3.5 6.06218 10
      vertex 1 1.73205 10
      vertex 1.21752 1.58671 10
    endloop
  endfacet
  facet normal 0 0 1
    outer loop
      vertex 0.517637 1.93185 10
      vertex 1.81173 6.76148 10
      vertex 0.913683 6.94011 10
    endloop
  endfacet
  facet normal 0 0 1
    outer loop
      vertex 2.67878 6.46716 10
      vertex 0.765367 1.84776 10
      vertex 1 1.73205 10
    endloop
  endfacet
  facet normal 0 0 1
    outer loop
      vertex 1.81173 6.76148 10
      vertex 0.517637 1.93185 10
      vertex 0.765367 1.84776 10
    endloop
  endfacet
  facet normal 0 0 1
    outer loop
      vertex 0.913683 6.94011 10
      vertex 0.261052 1.98289 10
      vertex 0.517637 1.93185 10
    endloop
  endfacet
  facet normal 0 0 1
    outer loop
      vertex 0 7 10
      vertex 0.261052 1.98289 10
      vertex 0.913683 6.94011 10
    endloop
  endfacet
  facet normal 0 0 1
    outer loop
      vertex 0 7 10
      vertex 0 2 10
      vertex 0.261052 1.98289 10
    endloop
  endfacet
  facet normal 0 0 1
    outer loop
      vertex 0 7 10
      vertex -0.261052 1.98289 10
      vertex 0 2 10
    endloop
  endfacet
  facet normal -0 0 1
    outer loop
      vertex -0.913683 6.94011 10
      vertex -0.261052 1.98289 10
      vertex 0 7 10
    endloop
  endfacet
  facet normal 0 0 1
    outer loop
      vertex -0.261052 1.98289 10
      vertex -0.913683 6.94011 10
      vertex -0.517637 1.93185 10
    endloop
  endfacet
  facet normal -0 0 1
    outer loop
      vertex -1.81173 6.76148 10
      vertex -0.517637 1.93185 10
      vertex -0.913683 6.94011 10
    endloop
  endfacet
  facet normal 0 0 1
    outer loop
      vertex -0.517637 1.93185 10
      vertex -1.81173 6.76148 10
      vertex -0.765367 1.84776 10
    endloop
  endfacet
  facet normal -0 0 1
    outer loop
      vertex -2.67878 6.46716 10
      vertex -0.765367 1.84776 10
      vertex -1.81173 6.76148 10
    endloop
  endfacet
  facet normal 0 0 1
    outer loop
      vertex -0.765367 1.84776 10
      vertex -2.67878 6.46716 10
      vertex -1 1.73205 10
    endloop
  endfacet
  facet normal -0 0 1
    outer loop
      vertex -3.5 6.06218 10
      vertex -1 1.73205 10
      vertex -2.67878 6.46716 10
    endloop
  endfacet
  facet normal 0 0 1
    outer loop
      vertex -1 1.73205 10
      vertex -3.5 6.06218 10
      vertex -1.21752 1.58671 10
    endloop
  endfacet
  facet normal -0 0 1
    outer loop
      vertex -4.26133 5.55347 10
      vertex -1.21752 1.58671 10
      vertex -3.5 6.06218 10
    endloop
  endfacet
  facet normal 0 0 1
    outer loop
      vertex -1.21752 1.58671 10
      vertex -4.26133 5.55347 10
      vertex -1.41421 1.41421 10
    endloop
  endfacet
  facet normal -0 0 1
    outer loop
      vertex -4.94975 4.94975 10
      vertex -1.41421 1.41421 10
      vertex -4.26133 5.55347 10
    endloop
  endfacet
  facet normal 0 0 1
    outer loop
      vertex -1.41421 1.41421 10
      vertex -4.94975 4.94975 10
      vertex -1.58671 1.21752 10
    endloop
  endfacet
  facet normal -0 0 1
    outer loop
      vertex -5.55347 4.26133 10
      vertex -1.58671 1.21752 10
      vertex -4.94975 4.94975 10
    endloop
  endfacet
  facet normal 0 0 1
    outer loop
      vertex -1.58671 1.21752 10
      vertex -5.55347 4.26133 10
      vertex -1.73205 1 10
    endloop
  endfacet
  facet normal -0 0 1
    outer loop
      vertex 1.58671 -1.21752 10
      vertex 5.55347 -4.26133 10
      vertex 1.73205 -1 10
    endloop
  endfacet
  facet normal 0 0 1
    outer loop
      vertex 5.55347 -4.26133 10
      vertex 1.58671 -1.21752 10
      vertex 4.94975 -4.94975 10
    endloop
  endfacet
  facet normal -0 0 1
    outer loop
      vertex 1.41421 -1.41421 10
      vertex 4.94975 -4.94975 10
      vertex 1.58671 -1.21752 10
    endloop
  endfacet
  facet normal 0 0 1
    outer loop
      vertex 4.94975 -4.94975 10
      vertex 1.41421 -1.41421 10
      vertex 4.26133 -5.55347 10
    endloop
  endfacet
  facet normal -0 0 1
    outer loop
      vertex 1.21752 -1.58671 10
      vertex 4.26133 -5.55347 10
      vertex 1.41421 -1.41421 10
    endloop
  endfacet
  facet normal 0 0 1
    outer loop
      vertex 4.26133 -5.55347 10
      vertex 1.21752 -1.58671 10
      vertex 3.5 -6.06218 10
    endloop
  endfacet
  facet normal -0 0 1
    outer loop
      vertex 1 -1.73205 10
      vertex 3.5 -6.06218 10
      vertex 1.21752 -1.58671 10
    endloop
  endfacet
  facet normal 0 0 1
    outer loop
      vertex 3.5 -6.06218 10
      vertex 1 -1.73205 10
      vertex 2.67878 -6.46716 10
    endloop
  endfacet
  facet normal -0 0 1
    outer loop
      vertex 0.765367 -1.84776 10
      vertex 2.67878 -6.46716 10
      vertex 1 -1.73205 10
    endloop
  endfacet
  facet normal 0 0 1
    outer loop
      vertex 2.67878 -6.46716 10
      vertex 0.765367 -1.84776 10
      vertex 1.81173 -6.76148 10
    endloop
  endfacet
  facet normal -0 0 1
    outer loop
      vertex 0.517637 -1.93185 10
      vertex 1.81173 -6.76148 10
      vertex 0.765367 -1.84776 10
    endloop
  endfacet
  facet normal 0 0 1
    outer loop
      vertex 1.81173 -6.76148 10
      vertex 0.517637 -1.93185 10
      vertex 0.913683 -6.94011 10
    endloop
  endfacet
  facet normal -0 0 1
    outer loop
      vertex 0.261052 -1.98289 10
      vertex 0.913683 -6.94011 10
      vertex 0.517637 -1.93185 10
    endloop
  endfacet
  facet normal -0 0 1
    outer loop
      vertex 0 -2 10
      vertex 0.913683 -6.94011 10
      vertex 0.261052 -1.98289 10
    endloop
  endfacet
  facet normal 0 0 1
    outer loop
      vertex 0 -2 10
      vertex 0 -7 10
      vertex 0.913683 -6.94011 10
    endloop
  endfacet
  facet normal 0 0 1
    outer loop
      vertex -0.261052 -1.98289 10
      vertex 0 -7 10
      vertex 0 -2 10
    endloop
  endfacet
  facet normal 0 0 1
    outer loop
      vertex -0.913683 -6.94011 10
      vertex -0.261052 -1.98289 10
      vertex -0.517637 -1.93185 10
    endloop
  endfacet
  facet normal 0 0 1
    outer loop
      vertex -1.81173 -6.76148 10
      vertex -0.517637 -1.93185 10
      vertex -0.765367 -1.84776 10
    endloop
  endfacet
  facet normal 0 0 1
    outer loop
      vertex -0.261052 -1.98289 10
      vertex -0.913683 -6.94011 10
      vertex 0 -7 10
    endloop
  endfacet
  facet normal 0 0 1
    outer loop
      vertex -2.67878 -6.46716 10
      vertex -0.765367 -1.84776 10
      vertex -1 -1.73205 10
    endloop
  endfacet
  facet normal 0 0 1
    outer loop
      vertex -3.5 -6.06218 10
      vertex -1 -1.73205 10
      vertex -1.21752 -1.58671 10
    endloop
  endfacet
  facet normal 0 0 1
    outer loop
      vertex -4.26133 -5.55347 10
      vertex -1.21752 -1.58671 10
      vertex -1.41421 -1.41421 10
    endloop
  endfacet
  facet normal 0 0 1
    outer loop
      vertex -4.94975 -4.94975 10
      vertex -1.41421 -1.41421 10
      vertex -1.58671 -1.21752 10
    endloop
  endfacet
  facet normal 0 0 1
    outer loop
      vertex -5.55347 -4.26133 10
      vertex -1.58671 -1.21752 10
      vertex -1.73205 -1 10
    endloop
  endfacet
  facet normal 0 0 1
    outer loop
      vertex -0.517637 -1.93185 10
      vertex -1.81173 -6.76148 10
      vertex -0.913683 -6.94011 10
    endloop
  endfacet
  facet normal 0 0 1
    outer loop
      vertex -6.06218 -3.5 10
      vertex -1.73205 -1 10
      vertex -1.84776 -0.765367 10
    endloop
  endfacet
  facet normal 0 0 1
    outer loop
      vertex -6.46716 -2.67878 10
      vertex -1.84776 -0.765367 10
      vertex -1.93185 -0.517637 10
    endloop
  endfacet
  facet normal 0 0 1
    outer loop
      vertex -6.76148 -1.81173 10
      vertex -1.93185 -0.517637 10
      vertex -1.98289 -0.261052 10
    endloop
  endfacet
  facet normal 0 0 1
    outer loop
      vertex -6.94011 -0.913683 10
      vertex -1.98289 -0.261052 10
      vertex -2 0 10
    endloop
  endfacet
  facet normal -0 0 1
    outer loop
      vertex -6.06218 3.5 10
      vertex -1.73205 1 10
      vertex -5.55347 4.26133 10
    endloop
  endfacet
  facet normal 0 0 1
    outer loop
      vertex -0.765367 -1.84776 10
      vertex -2.67878 -6.46716 10
      vertex -1.81173 -6.76148 10
    endloop
  endfacet
  facet normal 0 0 1
    outer loop
      vertex -1.73205 1 10
      vertex -6.06218 3.5 10
      vertex -1.84776 0.765367 10
    endloop
  endfacet
  facet normal 0 0 1
    outer loop
      vertex -1 -1.73205 10
      vertex -3.5 -6.06218 10
      vertex -2.67878 -6.46716 10
    endloop
  endfacet
  facet normal -0 0 1
    outer loop
      vertex -6.46716 2.67878 10
      vertex -1.84776 0.765367 10
      vertex -6.06218 3.5 10
    endloop
  endfacet
  facet normal 0 0 1
    outer loop
      vertex -1.21752 -1.58671 10
      vertex -4.26133 -5.55347 10
      vertex -3.5 -6.06218 10
    endloop
  endfacet
  facet normal 0 0 1
    outer loop
      vertex -1.84776 0.765367 10
      vertex -6.46716 2.67878 10
      vertex -1.93185 0.517637 10
    endloop
  endfacet
  facet normal 0 0 1
    outer loop
      vertex -1.41421 -1.41421 10
      vertex -4.94975 -4.94975 10
      vertex -4.26133 -5.55347 10
    endloop
  endfacet
  facet normal -0 0 1
    outer loop
      vertex -6.76148 1.81173 10
      vertex -1.93185 0.517637 10
      vertex -6.46716 2.67878 10
    endloop
  endfacet
  facet normal 0 0 1
    outer loop
      vertex -1.58671 -1.21752 10
      vertex -5.55347 -4.26133 10
      vertex -4.94975 -4.94975 10
    endloop
  endfacet
  facet normal 0 0 1
    outer loop
      vertex -1.93185 0.517637 10
      vertex -6.76148 1.81173 10
      vertex -1.98289 0.261052 10
    endloop
  endfacet
  facet normal 0 0 1
    outer loop
      vertex -1.73205 -1 10
      vertex -6.06218 -3.5 10
      vertex -5.55347 -4.26133 10
    endloop
  endfacet
  facet normal -0 0 1
    outer loop
      vertex -6.94011 0.913683 10
      vertex -1.98289 0.261052 10
      vertex -6.76148 1.81173 10
    endloop
  endfacet
  facet normal 0 0 1
    outer loop
      vertex -1.84776 -0.765367 10
      vertex -6.46716 -2.67878 10
      vertex -6.06218 -3.5 10
    endloop
  endfacet
  facet normal 0 0 1
    outer loop
      vertex -1.98289 0.261052 10
      vertex -6.94011 0.913683 10
      vertex -2 0 10
    endloop
  endfacet
  facet normal 0 0 1
    outer loop
      vertex -1.93185 -0.517637 10
      vertex -6.76148 -1.81173 10
      vertex -6.46716 -2.67878 10
    endloop
  endfacet
  facet normal 0 0 1
    outer loop
      vertex -7 0 10
      vertex -2 0 10
      vertex -6.94011 0.913683 10
    endloop
  endfacet
  facet normal 0 0 1
    outer loop
      vertex -1.98289 -0.261052 10
      vertex -6.94011 -0.913683 10
      vertex -6.76148 -1.81173 10
    endloop
  endfacet
  facet normal 0 0 1
    outer loop
      vertex -2 0 10
      vertex -7 0 10
      vertex -6.94011 -0.913683 10
    endloop
  endfacet
  facet normal -0.980786 -0.195088 0
    outer loop
      vertex -6.76148 -1.81173 8
      vertex -6.94011 -0.913683 10
      vertex -6.94011 -0.913683 8
    endloop
  endfacet
  facet normal -0.980786 -0.195088 0
    outer loop
      vertex -6.94011 -0.913683 10
      vertex -6.76148 -1.81173 8
      vertex -6.76148 -1.81173 10
    endloop
  endfacet
  facet normal 0.896873 0.442288 0
    outer loop
      vertex 6.46716 2.67878 10
      vertex 6.06218 3.5 8
      vertex 6.06218 3.5 10
    endloop
  endfacet
  facet normal 0.896873 0.442288 0
    outer loop
      vertex 6.06218 3.5 8
      vertex 6.46716 2.67878 10
      vertex 6.46716 2.67878 8
    endloop
  endfacet
  facet normal 0.555574 -0.831467 0
    outer loop
      vertex 3.5 -6.06218 8
      vertex 4.26133 -5.55347 10
      vertex 3.5 -6.06218 10
    endloop
  endfacet
  facet normal 0.555574 -0.831467 0
    outer loop
      vertex 4.26133 -5.55347 10
      vertex 3.5 -6.06218 8
      vertex 4.26133 -5.55347 8
    endloop
  endfacet
  facet normal 0.751844 -0.659341 0
    outer loop
      vertex 4.94975 -4.94975 10
      vertex 5.55347 -4.26133 8
      vertex 5.55347 -4.26133 10
    endloop
  endfacet
  facet normal 0.751844 -0.659341 0
    outer loop
      vertex 5.55347 -4.26133 8
      vertex 4.94975 -4.94975 10
      vertex 4.94975 -4.94975 8
    endloop
  endfacet
  facet normal 0.980786 -0.195088 0
    outer loop
      vertex 6.76148 -1.81173 10
      vertex 6.94011 -0.913683 8
      vertex 6.94011 -0.913683 10
    endloop
  endfacet
  facet normal 0.980786 -0.195088 0
    outer loop
      vertex 6.94011 -0.913683 8
      vertex 6.76148 -1.81173 10
      vertex 6.76148 -1.81173 8
    endloop
  endfacet
  facet normal -0.0654075 0.997859 0
    outer loop
      vertex 0 7 8
      vertex -0.913683 6.94011 10
      vertex 0 7 10
    endloop
  endfacet
  facet normal -0.0654075 0.997859 0
    outer loop
      vertex -0.913683 6.94011 10
      vertex 0 7 8
      vertex -0.913683 6.94011 8
    endloop
  endfacet
  facet normal 0.195088 0.980786 -0
    outer loop
      vertex 1.81173 6.76148 8
      vertex 0.913683 6.94011 10
      vertex 1.81173 6.76148 10
    endloop
  endfacet
  facet normal 0.195088 0.980786 0
    outer loop
      vertex 0.913683 6.94011 10
      vertex 1.81173 6.76148 8
      vertex 0.913683 6.94011 8
    endloop
  endfacet
  facet normal -0.896873 -0.442288 0
    outer loop
      vertex -6.06218 -3.5 8
      vertex -6.46716 -2.67878 10
      vertex -6.46716 -2.67878 8
    endloop
  endfacet
  facet normal -0.896873 -0.442288 0
    outer loop
      vertex -6.46716 -2.67878 10
      vertex -6.06218 -3.5 8
      vertex -6.06218 -3.5 10
    endloop
  endfacet
  facet normal 0.555574 0.831467 -0
    outer loop
      vertex 4.26133 5.55347 8
      vertex 3.5 6.06218 10
      vertex 4.26133 5.55347 10
    endloop
  endfacet
  facet normal 0.555574 0.831467 0
    outer loop
      vertex 3.5 6.06218 10
      vertex 4.26133 5.55347 8
      vertex 3.5 6.06218 8
    endloop
  endfacet
  facet normal -0.896873 0.442288 0
    outer loop
      vertex -6.46716 2.67878 8
      vertex -6.06218 3.5 10
      vertex -6.06218 3.5 8
    endloop
  endfacet
  facet normal -0.896873 0.442288 0
    outer loop
      vertex -6.06218 3.5 10
      vertex -6.46716 2.67878 8
      vertex -6.46716 2.67878 10
    endloop
  endfacet
  facet normal 0.946931 0.321436 0
    outer loop
      vertex 6.76148 1.81173 10
      vertex 6.46716 2.67878 8
      vertex 6.46716 2.67878 10
    endloop
  endfacet
  facet normal 0.946931 0.321436 0
    outer loop
      vertex 6.46716 2.67878 8
      vertex 6.76148 1.81173 10
      vertex 6.76148 1.81173 8
    endloop
  endfacet
  facet normal -0.997859 -0.0654075 0
    outer loop
      vertex -6.94011 -0.913683 8
      vertex -7 0 10
      vertex -7 0 8
    endloop
  endfacet
  facet normal -0.997859 -0.0654075 0
    outer loop
      vertex -7 0 10
      vertex -6.94011 -0.913683 8
      vertex -6.94011 -0.913683 10
    endloop
  endfacet
  facet normal -0.321436 0.946931 0
    outer loop
      vertex -1.81173 6.76148 8
      vertex -2.67878 6.46716 10
      vertex -1.81173 6.76148 10
    endloop
  endfacet
  facet normal -0.321436 0.946931 0
    outer loop
      vertex -2.67878 6.46716 10
      vertex -1.81173 6.76148 8
      vertex -2.67878 6.46716 8
    endloop
  endfacet
  facet normal -0.946931 0.321436 0
    outer loop
      vertex -6.76148 1.81173 8
      vertex -6.46716 2.67878 10
      vertex -6.46716 2.67878 8
    endloop
  endfacet
  facet normal -0.946931 0.321436 0
    outer loop
      vertex -6.46716 2.67878 10
      vertex -6.76148 1.81173 8
      vertex -6.76148 1.81173 10
    endloop
  endfacet
  facet normal -0.195088 0.980786 0
    outer loop
      vertex -0.913683 6.94011 8
      vertex -1.81173 6.76148 10
      vertex -0.913683 6.94011 10
    endloop
  endfacet
  facet normal -0.195088 0.980786 0
    outer loop
      vertex -1.81173 6.76148 10
      vertex -0.913683 6.94011 8
      vertex -1.81173 6.76148 8
    endloop
  endfacet
  facet normal -0.0654075 -0.997859 0
    outer loop
      vertex -0.913683 -6.94011 8
      vertex 0 -7 10
      vertex -0.913683 -6.94011 10
    endloop
  endfacet
  facet normal -0.0654075 -0.997859 -0
    outer loop
      vertex 0 -7 10
      vertex -0.913683 -6.94011 8
      vertex 0 -7 8
    endloop
  endfacet
  facet normal -0.946931 -0.321436 0
    outer loop
      vertex -6.46716 -2.67878 8
      vertex -6.76148 -1.81173 10
      vertex -6.76148 -1.81173 8
    endloop
  endfacet
  facet normal -0.946931 -0.321436 0
    outer loop
      vertex -6.76148 -1.81173 10
      vertex -6.46716 -2.67878 8
      vertex -6.46716 -2.67878 10
    endloop
  endfacet
  facet normal -0.751844 -0.659341 0
    outer loop
      vertex -4.94975 -4.94975 8
      vertex -5.55347 -4.26133 10
      vertex -5.55347 -4.26133 8
    endloop
  endfacet
  facet normal -0.751844 -0.659341 0
    outer loop
      vertex -5.55347 -4.26133 10
      vertex -4.94975 -4.94975 8
      vertex -4.94975 -4.94975 10
    endloop
  endfacet
  facet normal -0.195088 -0.980786 0
    outer loop
      vertex -1.81173 -6.76148 8
      vertex -0.913683 -6.94011 10
      vertex -1.81173 -6.76148 10
    endloop
  endfacet
  facet normal -0.195088 -0.980786 -0
    outer loop
      vertex -0.913683 -6.94011 10
      vertex -1.81173 -6.76148 8
      vertex -0.913683 -6.94011 8
    endloop
  endfacet
  facet normal 0.321436 0.946931 -0
    outer loop
      vertex 2.67878 6.46716 8
      vertex 1.81173 6.76148 10
      vertex 2.67878 6.46716 10
    endloop
  endfacet
  facet normal 0.321436 0.946931 0
    outer loop
      vertex 1.81173 6.76148 10
      vertex 2.67878 6.46716 8
      vertex 1.81173 6.76148 8
    endloop
  endfacet
  facet normal -0.831467 0.555574 0
    outer loop
      vertex -6.06218 3.5 8
      vertex -5.55347 4.26133 10
      vertex -5.55347 4.26133 8
    endloop
  endfacet
  facet normal -0.831467 0.555574 0
    outer loop
      vertex -5.55347 4.26133 10
      vertex -6.06218 3.5 8
      vertex -6.06218 3.5 10
    endloop
  endfacet
  facet normal 0.980784 0.195098 0
    outer loop
      vertex 1.98289 0.261052 20
      vertex 1.93185 0.517637 10
      vertex 1.93185 0.517637 20
    endloop
  endfacet
  facet normal 0.980784 0.195098 0
    outer loop
      vertex 1.93185 0.517637 10
      vertex 1.98289 0.261052 20
      vertex 1.98289 0.261052 10
    endloop
  endfacet
  facet normal 0.997859 0.0654022 0
    outer loop
      vertex 2 0 20
      vertex 1.98289 0.261052 10
      vertex 1.98289 0.261052 20
    endloop
  endfacet
  facet normal 0.997859 0.0654022 0
    outer loop
      vertex 1.98289 0.261052 10
      vertex 2 0 20
      vertex 2 0 10
    endloop
  endfacet
  facet normal 0.0654022 0.997859 -0
    outer loop
      vertex 0.261052 1.98289 10
      vertex 0 2 20
      vertex 0.261052 1.98289 20
    endloop
  endfacet
  facet normal 0.0654022 0.997859 0
    outer loop
      vertex 0 2 20
      vertex 0.261052 1.98289 10
      vertex 0 2 10
    endloop
  endfacet
  facet normal -0.195098 0.980784 0
    outer loop
      vertex -0.261052 1.98289 10
      vertex -0.517637 1.93185 20
      vertex -0.261052 1.98289 20
    endloop
  endfacet
  facet normal -0.195098 0.980784 0
    outer loop
      vertex -0.517637 1.93185 20
      vertex -0.261052 1.98289 10
      vertex -0.517637 1.93185 10
    endloop
  endfacet
  facet normal 0.555564 -0.831474 0
    outer loop
      vertex 1 -1.73205 10
      vertex 1.21752 -1.58671 20
      vertex 1 -1.73205 20
    endloop
  endfacet
  facet normal 0.555564 -0.831474 0
    outer loop
      vertex 1.21752 -1.58671 20
      vertex 1 -1.73205 10
      vertex 1.21752 -1.58671 10
    endloop
  endfacet
  facet normal -0.89687 0.442294 0
    outer loop
      vertex -1.84776 0.765367 10
      vertex -1.73205 1 20
      vertex -1.73205 1 10
    endloop
  endfacet
  facet normal -0.89687 0.442294 0
    outer loop
      vertex -1.73205 1 20
      vertex -1.84776 0.765367 10
      vertex -1.84776 0.765367 20
    endloop
  endfacet
  facet normal -0.946934 0.321429 0
    outer loop
      vertex -1.93185 0.517637 10
      vertex -1.84776 0.765367 20
      vertex -1.84776 0.765367 10
    endloop
  endfacet
  facet normal -0.946934 0.321429 0
    outer loop
      vertex -1.84776 0.765367 20
      vertex -1.93185 0.517637 10
      vertex -1.93185 0.517637 20
    endloop
  endfacet
  facet normal -0.321429 0.946934 0
    outer loop
      vertex -0.517637 1.93185 10
      vertex -0.765367 1.84776 20
      vertex -0.517637 1.93185 20
    endloop
  endfacet
  facet normal -0.321429 0.946934 0
    outer loop
      vertex -0.765367 1.84776 20
      vertex -0.517637 1.93185 10
      vertex -0.765367 1.84776 10
    endloop
  endfacet
  facet normal 0.997859 -0.0654022 0
    outer loop
      vertex 1.98289 -0.261052 20
      vertex 2 0 10
      vertex 2 0 20
    endloop
  endfacet
  facet normal 0.997859 -0.0654022 0
    outer loop
      vertex 2 0 10
      vertex 1.98289 -0.261052 20
      vertex 1.98289 -0.261052 10
    endloop
  endfacet
  facet normal -0.946934 -0.321429 0
    outer loop
      vertex -1.84776 -0.765367 10
      vertex -1.93185 -0.517637 20
      vertex -1.93185 -0.517637 10
    endloop
  endfacet
  facet normal -0.946934 -0.321429 0
    outer loop
      vertex -1.93185 -0.517637 20
      vertex -1.84776 -0.765367 10
      vertex -1.84776 -0.765367 20
    endloop
  endfacet
  facet normal -0.831474 0.555564 0
    outer loop
      vertex -1.73205 1 10
      vertex -1.58671 1.21752 20
      vertex -1.58671 1.21752 10
    endloop
  endfacet
  facet normal -0.831474 0.555564 0
    outer loop
      vertex -1.58671 1.21752 20
      vertex -1.73205 1 10
      vertex -1.73205 1 20
    endloop
  endfacet
  facet normal -0.980784 0.195098 0
    outer loop
      vertex -1.98289 0.261052 10
      vertex -1.93185 0.517637 20
      vertex -1.93185 0.517637 10
    endloop
  endfacet
  facet normal -0.980784 0.195098 0
    outer loop
      vertex -1.93185 0.517637 20
      vertex -1.98289 0.261052 10
      vertex -1.98289 0.261052 20
    endloop
  endfacet
  facet normal 0.946934 -0.321429 0
    outer loop
      vertex 1.84776 -0.765367 20
      vertex 1.93185 -0.517637 10
      vertex 1.93185 -0.517637 20
    endloop
  endfacet
  facet normal 0.946934 -0.321429 0
    outer loop
      vertex 1.93185 -0.517637 10
      vertex 1.84776 -0.765367 20
      vertex 1.84776 -0.765367 10
    endloop
  endfacet
  facet normal 0.659362 -0.751826 0
    outer loop
      vertex 1.21752 -1.58671 10
      vertex 1.41421 -1.41421 20
      vertex 1.21752 -1.58671 20
    endloop
  endfacet
  facet normal 0.659362 -0.751826 0
    outer loop
      vertex 1.41421 -1.41421 20
      vertex 1.21752 -1.58671 10
      vertex 1.41421 -1.41421 10
    endloop
  endfacet
  facet normal 0.321429 0.946934 -0
    outer loop
      vertex 0.765367 1.84776 10
      vertex 0.517637 1.93185 20
      vertex 0.765367 1.84776 20
    endloop
  endfacet
  facet normal 0.321429 0.946934 0
    outer loop
      vertex 0.517637 1.93185 20
      vertex 0.765367 1.84776 10
      vertex 0.517637 1.93185 10
    endloop
  endfacet
  facet normal -0.751826 -0.659362 0
    outer loop
      vertex -1.41421 -1.41421 10
      vertex -1.58671 -1.21752 20
      vertex -1.58671 -1.21752 10
    endloop
  endfacet
  facet normal -0.751826 -0.659362 0
    outer loop
      vertex -1.58671 -1.21752 20
      vertex -1.41421 -1.41421 10
      vertex -1.41421 -1.41421 20
    endloop
  endfacet
  facet normal -0.659362 0.751826 0
    outer loop
      vertex -1.21752 1.58671 10
      vertex -1.41421 1.41421 20
      vertex -1.21752 1.58671 20
    endloop
  endfacet
  facet normal -0.659362 0.751826 0
    outer loop
      vertex -1.41421 1.41421 20
      vertex -1.21752 1.58671 10
      vertex -1.41421 1.41421 10
    endloop
  endfacet
  facet normal -0.997859 0.0654022 0
    outer loop
      vertex -2 0 10
      vertex -1.98289 0.261052 20
      vertex -1.98289 0.261052 10
    endloop
  endfacet
  facet normal -0.997859 0.0654022 0
    outer loop
      vertex -1.98289 0.261052 20
      vertex -2 0 10
      vertex -2 0 20
    endloop
  endfacet
  facet normal 0.555564 0.831474 -0
    outer loop
      vertex 1.21752 1.58671 10
      vertex 1 1.73205 20
      vertex 1.21752 1.58671 20
    endloop
  endfacet
  facet normal 0.555564 0.831474 0
    outer loop
      vertex 1 1.73205 20
      vertex 1.21752 1.58671 10
      vertex 1 1.73205 10
    endloop
  endfacet
  facet normal 0.831474 -0.555564 0
    outer loop
      vertex 1.58671 -1.21752 20
      vertex 1.73205 -1 10
      vertex 1.73205 -1 20
    endloop
  endfacet
  facet normal 0.831474 -0.555564 0
    outer loop
      vertex 1.73205 -1 10
      vertex 1.58671 -1.21752 20
      vertex 1.58671 -1.21752 10
    endloop
  endfacet
  facet normal 0.831474 0.555564 0
    outer loop
      vertex 1.73205 1 20
      vertex 1.58671 1.21752 10
      vertex 1.58671 1.21752 20
    endloop
  endfacet
  facet normal 0.831474 0.555564 0
    outer loop
      vertex 1.58671 1.21752 10
      vertex 1.73205 1 20
      vertex 1.73205 1 10
    endloop
  endfacet
  facet normal -0.751826 0.659362 0
    outer loop
      vertex -1.58671 1.21752 10
      vertex -1.41421 1.41421 20
      vertex -1.41421 1.41421 10
    endloop
  endfacet
  facet normal -0.751826 0.659362 0
    outer loop
      vertex -1.41421 1.41421 20
      vertex -1.58671 1.21752 10
      vertex -1.58671 1.21752 20
    endloop
  endfacet
  facet normal 0.321429 -0.946934 0
    outer loop
      vertex 0.517637 -1.93185 10
      vertex 0.765367 -1.84776 20
      vertex 0.517637 -1.93185 20
    endloop
  endfacet
  facet normal 0.321429 -0.946934 0
    outer loop
      vertex 0.765367 -1.84776 20
      vertex 0.517637 -1.93185 10
      vertex 0.765367 -1.84776 10
    endloop
  endfacet
  facet normal 0.751826 0.659362 0
    outer loop
      vertex 1.58671 1.21752 20
      vertex 1.41421 1.41421 10
      vertex 1.41421 1.41421 20
    endloop
  endfacet
  facet normal 0.751826 0.659362 0
    outer loop
      vertex 1.41421 1.41421 10
      vertex 1.58671 1.21752 20
      vertex 1.58671 1.21752 10
    endloop
  endfacet
  facet normal 0.0654022 -0.997859 0
    outer loop
      vertex 0 -2 10
      vertex 0.261052 -1.98289 20
      vertex 0 -2 20
    endloop
  endfacet
  facet normal 0.0654022 -0.997859 0
    outer loop
      vertex 0.261052 -1.98289 20
      vertex 0 -2 10
      vertex 0.261052 -1.98289 10
    endloop
  endfacet
  facet normal 0.659362 0.751826 -0
    outer loop
      vertex 1.41421 1.41421 10
      vertex 1.21752 1.58671 20
      vertex 1.41421 1.41421 20
    endloop
  endfacet
  facet normal 0.659362 0.751826 0
    outer loop
      vertex 1.21752 1.58671 20
      vertex 1.41421 1.41421 10
      vertex 1.21752 1.58671 10
    endloop
  endfacet
  facet normal -0.997859 -0.0654022 0
    outer loop
      vertex -1.98289 -0.261052 10
      vertex -2 0 20
      vertex -2 0 10
    endloop
  endfacet
  facet normal -0.997859 -0.0654022 0
    outer loop
      vertex -2 0 20
      vertex -1.98289 -0.261052 10
      vertex -1.98289 -0.261052 20
    endloop
  endfacet
  facet normal -0.659362 -0.751826 0
    outer loop
      vertex -1.41421 -1.41421 10
      vertex -1.21752 -1.58671 20
      vertex -1.41421 -1.41421 20
    endloop
  endfacet
  facet normal -0.659362 -0.751826 -0
    outer loop
      vertex -1.21752 -1.58671 20
      vertex -1.41421 -1.41421 10
      vertex -1.21752 -1.58671 10
    endloop
  endfacet
  facet normal -0.555564 0.831474 0
    outer loop
      vertex -1 1.73205 10
      vertex -1.21752 1.58671 20
      vertex -1 1.73205 20
    endloop
  endfacet
  facet normal -0.555564 0.831474 0
    outer loop
      vertex -1.21752 1.58671 20
      vertex -1 1.73205 10
      vertex -1.21752 1.58671 10
    endloop
  endfacet
  facet normal 0.89687 0.442294 0
    outer loop
      vertex 1.84776 0.765367 20
      vertex 1.73205 1 10
      vertex 1.73205 1 20
    endloop
  endfacet
  facet normal 0.89687 0.442294 0
    outer loop
      vertex 1.73205 1 10
      vertex 1.84776 0.765367 20
      vertex 1.84776 0.765367 10
    endloop
  endfacet
  facet normal -0.0654022 -0.997859 0
    outer loop
      vertex -0.261052 -1.98289 10
      vertex 0 -2 20
      vertex -0.261052 -1.98289 20
    endloop
  endfacet
  facet normal -0.0654022 -0.997859 -0
    outer loop
      vertex 0 -2 20
      vertex -0.261052 -1.98289 10
      vertex 0 -2 10
    endloop
  endfacet
  facet normal 0.195098 -0.980784 0
    outer loop
      vertex 0.261052 -1.98289 10
      vertex 0.517637 -1.93185 20
      vertex 0.261052 -1.98289 20
    endloop
  endfacet
  facet normal 0.195098 -0.980784 0
    outer loop
      vertex 0.517637 -1.93185 20
      vertex 0.261052 -1.98289 10
      vertex 0.517637 -1.93185 10
    endloop
  endfacet
  facet normal 0.442294 0.89687 -0
    outer loop
      vertex 1 1.73205 10
      vertex 0.765367 1.84776 20
      vertex 1 1.73205 20
    endloop
  endfacet
  facet normal 0.442294 0.89687 0
    outer loop
      vertex 0.765367 1.84776 20
      vertex 1 1.73205 10
      vertex 0.765367 1.84776 10
    endloop
  endfacet
  facet normal 0.89687 -0.442294 0
    outer loop
      vertex 1.73205 -1 20
      vertex 1.84776 -0.765367 10
      vertex 1.84776 -0.765367 20
    endloop
  endfacet
  facet normal 0.89687 -0.442294 0
    outer loop
      vertex 1.84776 -0.765367 10
      vertex 1.73205 -1 20
      vertex 1.73205 -1 10
    endloop
  endfacet
  facet normal 0.980784 -0.195098 0
    outer loop
      vertex 1.93185 -0.517637 20
      vertex 1.98289 -0.261052 10
      vertex 1.98289 -0.261052 20
    endloop
  endfacet
  facet normal 0.980784 -0.195098 0
    outer loop
      vertex 1.98289 -0.261052 10
      vertex 1.93185 -0.517637 20
      vertex 1.93185 -0.517637 10
    endloop
  endfacet
  facet normal -0.980784 -0.195098 0
    outer loop
      vertex -1.93185 -0.517637 10
      vertex -1.98289 -0.261052 20
      vertex -1.98289 -0.261052 10
    endloop
  endfacet
  facet normal -0.980784 -0.195098 0
    outer loop
      vertex -1.98289 -0.261052 20
      vertex -1.93185 -0.517637 10
      vertex -1.93185 -0.517637 20
    endloop
  endfacet
  facet normal -0.195098 -0.980784 0
    outer loop
      vertex -0.517637 -1.93185 10
      vertex -0.261052 -1.98289 20
      vertex -0.517637 -1.93185 20
    endloop
  endfacet
  facet normal -0.195098 -0.980784 -0
    outer loop
      vertex -0.261052 -1.98289 20
      vertex -0.517637 -1.93185 10
      vertex -0.261052 -1.98289 10
    endloop
  endfacet
  facet normal 0.195098 0.980784 -0
    outer loop
      vertex 0.517637 1.93185 10
      vertex 0.261052 1.98289 20
      vertex 0.517637 1.93185 20
    endloop
  endfacet
  facet normal 0.195098 0.980784 0
    outer loop
      vertex 0.261052 1.98289 20
      vertex 0.517637 1.93185 10
      vertex 0.261052 1.98289 10
    endloop
  endfacet
  facet normal 0.946934 0.321429 0
    outer loop
      vertex 1.93185 0.517637 20
      vertex 1.84776 0.765367 10
      vertex 1.84776 0.765367 20
    endloop
  endfacet
  facet normal 0.946934 0.321429 0
    outer loop
      vertex 1.84776 0.765367 10
      vertex 1.93185 0.517637 20
      vertex 1.93185 0.517637 10
    endloop
  endfacet
  facet normal 0.442294 -0.89687 0
    outer loop
      vertex 0.765367 -1.84776 10
      vertex 1 -1.73205 20
      vertex 0.765367 -1.84776 20
    endloop
  endfacet
  facet normal 0.442294 -0.89687 0
    outer loop
      vertex 1 -1.73205 20
      vertex 0.765367 -1.84776 10
      vertex 1 -1.73205 10
    endloop
  endfacet
  facet normal 0.751826 -0.659362 0
    outer loop
      vertex 1.41421 -1.41421 20
      vertex 1.58671 -1.21752 10
      vertex 1.58671 -1.21752 20
    endloop
  endfacet
  facet normal 0.751826 -0.659362 0
    outer loop
      vertex 1.58671 -1.21752 10
      vertex 1.41421 -1.41421 20
      vertex 1.41421 -1.41421 10
    endloop
  endfacet
  facet normal -0.831474 -0.555564 0
    outer loop
      vertex -1.58671 -1.21752 10
      vertex -1.73205 -1 20
      vertex -1.73205 -1 10
    endloop
  endfacet
  facet normal -0.831474 -0.555564 0
    outer loop
      vertex -1.73205 -1 20
      vertex -1.58671 -1.21752 10
      vertex -1.58671 -1.21752 20
    endloop
  endfacet
  facet normal -0.0654022 0.997859 0
    outer loop
      vertex 0 2 10
      vertex -0.261052 1.98289 20
      vertex 0 2 20
    endloop
  endfacet
  facet normal -0.0654022 0.997859 0
    outer loop
      vertex -0.261052 1.98289 20
      vertex 0 2 10
      vertex -0.261052 1.98289 10
    endloop
  endfacet
  facet normal -0.321429 -0.946934 0
    outer loop
      vertex -0.765367 -1.84776 10
      vertex -0.517637 -1.93185 20
      vertex -0.765367 -1.84776 20
    endloop
  endfacet
  facet normal -0.321429 -0.946934 -0
    outer loop
      vertex -0.517637 -1.93185 20
      vertex -0.765367 -1.84776 10
      vertex -0.517637 -1.93185 10
    endloop
  endfacet
  facet normal -0.442294 0.89687 0
    outer loop
      vertex -0.765367 1.84776 10
      vertex -1 1.73205 20
      vertex -0.765367 1.84776 20
    endloop
  endfacet
  facet normal -0.442294 0.89687 0
    outer loop
      vertex -1 1.73205 20
      vertex -0.765367 1.84776 10
      vertex -1 1.73205 10
    endloop
  endfacet
  facet normal -0.442294 -0.89687 0
    outer loop
      vertex -1 -1.73205 10
      vertex -0.765367 -1.84776 20
      vertex -1 -1.73205 20
    endloop
  endfacet
  facet normal -0.442294 -0.89687 -0
    outer loop
      vertex -0.765367 -1.84776 20
      vertex -1 -1.73205 10
      vertex -0.765367 -1.84776 10
    endloop
  endfacet
  facet normal -0.89687 -0.442294 0
    outer loop
      vertex -1.73205 -1 10
      vertex -1.84776 -0.765367 20
      vertex -1.84776 -0.765367 10
    endloop
  endfacet
  facet normal -0.89687 -0.442294 0
    outer loop
      vertex -1.84776 -0.765367 20
      vertex -1.73205 -1 10
      vertex -1.73205 -1 20
    endloop
  endfacet
  facet normal -0.555564 -0.831474 0
    outer loop
      vertex -1.21752 -1.58671 10
      vertex -1 -1.73205 20
      vertex -1.21752 -1.58671 20
    endloop
  endfacet
  facet normal -0.555564 -0.831474 -0
    outer loop
      vertex -1 -1.73205 20
      vertex -1.21752 -1.58671 10
      vertex -1 -1.73205 10
    endloop
  endfacet
  facet normal 0 0 1
    outer loop
      vertex 1.98289 0.261052 20
      vertex 1.98289 -0.261052 20
      vertex 2 0 20
    endloop
  endfacet
  facet normal 0 0 1
    outer loop
      vertex 1.93185 0.517637 20
      vertex 1.98289 -0.261052 20
      vertex 1.98289 0.261052 20
    endloop
  endfacet
  facet normal 0 0 1
    outer loop
      vertex 1.93185 0.517637 20
      vertex 1.93185 -0.517637 20
      vertex 1.98289 -0.261052 20
    endloop
  endfacet
  facet normal 0 0 1
    outer loop
      vertex 1.84776 0.765367 20
      vertex 1.93185 -0.517637 20
      vertex 1.93185 0.517637 20
    endloop
  endfacet
  facet normal 0 0 1
    outer loop
      vertex 1.84776 0.765367 20
      vertex 1.84776 -0.765367 20
      vertex 1.93185 -0.517637 20
    endloop
  endfacet
  facet normal 0 0 1
    outer loop
      vertex 1.73205 1 20
      vertex 1.84776 -0.765367 20
      vertex 1.84776 0.765367 20
    endloop
  endfacet
  facet normal 0 0 1
    outer loop
      vertex 1.73205 1 20
      vertex 1.73205 -1 20
      vertex 1.84776 -0.765367 20
    endloop
  endfacet
  facet normal 0 0 1
    outer loop
      vertex 1.58671 1.21752 20
      vertex 1.73205 -1 20
      vertex 1.73205 1 20
    endloop
  endfacet
  facet normal 0 0 1
    outer loop
      vertex 1.58671 1.21752 20
      vertex 1.58671 -1.21752 20
      vertex 1.73205 -1 20
    endloop
  endfacet
  facet normal 0 0 1
    outer loop
      vertex 1.41421 1.41421 20
      vertex 1.58671 -1.21752 20
      vertex 1.58671 1.21752 20
    endloop
  endfacet
  facet normal 0 0 1
    outer loop
      vertex 1.41421 1.41421 20
      vertex 1.41421 -1.41421 20
      vertex 1.58671 -1.21752 20
    endloop
  endfacet
  facet normal 0 0 1
    outer loop
      vertex 1.21752 1.58671 20
      vertex 1.41421 -1.41421 20
      vertex 1.41421 1.41421 20
    endloop
  endfacet
  facet normal 0 0 1
    outer loop
      vertex 1.21752 1.58671 20
      vertex 1.21752 -1.58671 20
      vertex 1.41421 -1.41421 20
    endloop
  endfacet
  facet normal 0 0 1
    outer loop
      vertex 1 1.73205 20
      vertex 1.21752 -1.58671 20
      vertex 1.21752 1.58671 20
    endloop
  endfacet
  facet normal 0 0 1
    outer loop
      vertex 1 1.73205 20
      vertex 1 -1.73205 20
      vertex 1.21752 -1.58671 20
    endloop
  endfacet
  facet normal 0 0 1
    outer loop
      vertex 0.765367 1.84776 20
      vertex 1 -1.73205 20
      vertex 1 1.73205 20
    endloop
  endfacet
  facet normal 0 0 1
    outer loop
      vertex 0.765367 1.84776 20
      vertex 0.765367 -1.84776 20
      vertex 1 -1.73205 20
    endloop
  endfacet
  facet normal 0 0 1
    outer loop
      vertex 0.517637 1.93185 20
      vertex 0.765367 -1.84776 20
      vertex 0.765367 1.84776 20
    endloop
  endfacet
  facet normal 0 0 1
    outer loop
      vertex 0.517637 1.93185 20
      vertex 0.517637 -1.93185 20
      vertex 0.765367 -1.84776 20
    endloop
  endfacet
  facet normal 0 0 1
    outer loop
      vertex 0.261052 1.98289 20
      vertex 0.517637 -1.93185 20
      vertex 0.517637 1.93185 20
    endloop
  endfacet
  facet normal 0 0 1
    outer loop
      vertex 0.261052 1.98289 20
      vertex 0.261052 -1.98289 20
      vertex 0.517637 -1.93185 20
    endloop
  endfacet
  facet normal 0 0 1
    outer loop
      vertex 0 2 20
      vertex 0.261052 -1.98289 20
      vertex 0.261052 1.98289 20
    endloop
  endfacet
  facet normal 0 0 1
    outer loop
      vertex 0 2 20
      vertex 0 -2 20
      vertex 0.261052 -1.98289 20
    endloop
  endfacet
  facet normal -0 0 1
    outer loop
      vertex -0.261052 1.98289 20
      vertex 0 -2 20
      vertex 0 2 20
    endloop
  endfacet
  facet normal 0 0 1
    outer loop
      vertex -0.261052 1.98289 20
      vertex -0.261052 -1.98289 20
      vertex 0 -2 20
    endloop
  endfacet
  facet normal -0 0 1
    outer loop
      vertex -0.517637 1.93185 20
      vertex -0.261052 -1.98289 20
      vertex -0.261052 1.98289 20
    endloop
  endfacet
  facet normal 0 0 1
    outer loop
      vertex -0.517637 1.93185 20
      vertex -0.517637 -1.93185 20
      vertex -0.261052 -1.98289 20
    endloop
  endfacet
  facet normal -0 0 1
    outer loop
      vertex -0.765367 1.84776 20
      vertex -0.517637 -1.93185 20
      vertex -0.517637 1.93185 20
    endloop
  endfacet
  facet normal 0 0 1
    outer loop
      vertex -0.765367 1.84776 20
      vertex -0.765367 -1.84776 20
      vertex -0.517637 -1.93185 20
    endloop
  endfacet
  facet normal -0 0 1
    outer loop
      vertex -1 1.73205 20
      vertex -0.765367 -1.84776 20
      vertex -0.765367 1.84776 20
    endloop
  endfacet
  facet normal 0 0 1
    outer loop
      vertex -1 1.73205 20
      vertex -1 -1.73205 20
      vertex -0.765367 -1.84776 20
    endloop
  endfacet
  facet normal -0 0 1
    outer loop
      vertex -1.21752 1.58671 20
      vertex -1 -1.73205 20
      vertex -1 1.73205 20
    endloop
  endfacet
  facet normal 0 0 1
    outer loop
      vertex -1.21752 1.58671 20
      vertex -1.21752 -1.58671 20
      vertex -1 -1.73205 20
    endloop
  endfacet
  facet normal -0 0 1
    outer loop
      vertex -1.41421 1.41421 20
      vertex -1.21752 -1.58671 20
      vertex -1.21752 1.58671 20
    endloop
  endfacet
  facet normal 0 0 1
    outer loop
      vertex -1.41421 1.41421 20
      vertex -1.41421 -1.41421 20
      vertex -1.21752 -1.58671 20
    endloop
  endfacet
  facet normal -0 0 1
    outer loop
      vertex -1.58671 1.21752 20
      vertex -1.41421 -1.41421 20
      vertex -1.41421 1.41421 20
    endloop
  endfacet
  facet normal 0 0 1
    outer loop
      vertex -1.58671 1.21752 20
      vertex -1.58671 -1.21752 20
      vertex -1.41421 -1.41421 20
    endloop
  endfacet
  facet normal -0 0 1
    outer loop
      vertex -1.73205 1 20
      vertex -1.58671 -1.21752 20
      vertex -1.58671 1.21752 20
    endloop
  endfacet
  facet normal 0 0 1
    outer loop
      vertex -1.73205 1 20
      vertex -1.73205 -1 20
      vertex -1.58671 -1.21752 20
    endloop
  endfacet
  facet normal -0 0 1
    outer loop
      vertex -1.84776 0.765367 20
      vertex -1.73205 -1 20
      vertex -1.73205 1 20
    endloop
  endfacet
  facet normal 0 0 1
    outer loop
      vertex -1.84776 0.765367 20
      vertex -1.84776 -0.765367 20
      vertex -1.73205 -1 20
    endloop
  endfacet
  facet normal -0 0 1
    outer loop
      vertex -1.93185 0.517637 20
      vertex -1.84776 -0.765367 20
      vertex -1.84776 0.765367 20
    endloop
  endfacet
  facet normal 0 0 1
    outer loop
      vertex -1.93185 0.517637 20
      vertex -1.93185 -0.517637 20
      vertex -1.84776 -0.765367 20
    endloop
  endfacet
  facet normal -0 0 1
    outer loop
      vertex -1.98289 0.261052 20
      vertex -1.93185 -0.517637 20
      vertex -1.93185 0.517637 20
    endloop
  endfacet
  facet normal 0 0 1
    outer loop
      vertex -1.98289 0.261052 20
      vertex -1.98289 -0.261052 20
      vertex -1.93185 -0.517637 20
    endloop
  endfacet
  facet normal 0 -0 1
    outer loop
      vertex -1.98289 -0.261052 20
      vertex -1.98289 0.261052 20
      vertex -2 0 20
    endloop
  endfacet
  facet normal -0.980784 -0.195097 0
    outer loop
      vertex 3.47006 0.456841 0
      vertex 3.38074 0.905867 6.9
      vertex 3.38074 0.905867 0
    endloop
  endfacet
  facet normal -0.980784 -0.195097 0
    outer loop
      vertex 3.38074 0.905867 6.9
      vertex 3.47006 0.456841 0
      vertex 3.47006 0.456841 6.9
    endloop
  endfacet
  facet normal -0.997859 -0.0653967 0
    outer loop
      vertex 3.5 0 0
      vertex 3.47006 0.456841 6.9
      vertex 3.47006 0.456841 0
    endloop
  endfacet
  facet normal -0.997859 -0.0653967 0
    outer loop
      vertex 3.47006 0.456841 6.9
      vertex 3.5 0 0
      vertex 3.5 0 6.9
    endloop
  endfacet
  facet normal -0.321437 0.946931 0
    outer loop
      vertex 1.33939 -3.23358 0
      vertex 0.905867 -3.38074 6.9
      vertex 1.33939 -3.23358 6.9
    endloop
  endfacet
  facet normal -0.321437 0.946931 0
    outer loop
      vertex 0.905867 -3.38074 6.9
      vertex 1.33939 -3.23358 0
      vertex 0.905867 -3.38074 0
    endloop
  endfacet
  facet normal -0.831468 -0.555572 0
    outer loop
      vertex 3.03109 1.75 0
      vertex 2.77674 2.13066 6.9
      vertex 2.77674 2.13066 0
    endloop
  endfacet
  facet normal -0.831468 -0.555572 0
    outer loop
      vertex 2.77674 2.13066 6.9
      vertex 3.03109 1.75 0
      vertex 3.03109 1.75 6.9
    endloop
  endfacet
  facet normal 0.896873 -0.442288 0
    outer loop
      vertex -3.23358 1.33939 6.9
      vertex -3.03109 1.75 0
      vertex -3.03109 1.75 6.9
    endloop
  endfacet
  facet normal 0.896873 -0.442288 0
    outer loop
      vertex -3.03109 1.75 0
      vertex -3.23358 1.33939 6.9
      vertex -3.23358 1.33939 0
    endloop
  endfacet
  facet normal 0.555572 -0.831468 0
    outer loop
      vertex -2.13066 2.77674 0
      vertex -1.75 3.03109 6.9
      vertex -2.13066 2.77674 6.9
    endloop
  endfacet
  facet normal 0.555572 -0.831468 0
    outer loop
      vertex -1.75 3.03109 6.9
      vertex -2.13066 2.77674 0
      vertex -1.75 3.03109 0
    endloop
  endfacet
  facet normal 0.659353 -0.751833 0
    outer loop
      vertex -2.47487 2.47487 0
      vertex -2.13066 2.77674 6.9
      vertex -2.47487 2.47487 6.9
    endloop
  endfacet
  facet normal 0.659353 -0.751833 0
    outer loop
      vertex -2.13066 2.77674 6.9
      vertex -2.47487 2.47487 0
      vertex -2.13066 2.77674 0
    endloop
  endfacet
  facet normal 0.751833 -0.659353 0
    outer loop
      vertex -2.77674 2.13066 6.9
      vertex -2.47487 2.47487 0
      vertex -2.47487 2.47487 6.9
    endloop
  endfacet
  facet normal 0.751833 -0.659353 0
    outer loop
      vertex -2.47487 2.47487 0
      vertex -2.77674 2.13066 6.9
      vertex -2.77674 2.13066 0
    endloop
  endfacet
  facet normal -0.946931 0.321437 0
    outer loop
      vertex 3.23358 -1.33939 0
      vertex 3.38074 -0.905867 6.9
      vertex 3.38074 -0.905867 0
    endloop
  endfacet
  facet normal -0.946931 0.321437 0
    outer loop
      vertex 3.38074 -0.905867 6.9
      vertex 3.23358 -1.33939 0
      vertex 3.23358 -1.33939 6.9
    endloop
  endfacet
  facet normal 0.997859 -0.0653967 0
    outer loop
      vertex -3.5 0 6.9
      vertex -3.47006 0.456841 0
      vertex -3.47006 0.456841 6.9
    endloop
  endfacet
  facet normal 0.997859 -0.0653967 0
    outer loop
      vertex -3.47006 0.456841 0
      vertex -3.5 0 6.9
      vertex -3.5 0 0
    endloop
  endfacet
  facet normal -0.555572 -0.831468 0
    outer loop
      vertex 1.75 3.03109 0
      vertex 2.13066 2.77674 6.9
      vertex 1.75 3.03109 6.9
    endloop
  endfacet
  facet normal -0.555572 -0.831468 -0
    outer loop
      vertex 2.13066 2.77674 6.9
      vertex 1.75 3.03109 0
      vertex 2.13066 2.77674 0
    endloop
  endfacet
  facet normal 0.321437 0.946931 -0
    outer loop
      vertex -0.905867 -3.38074 0
      vertex -1.33939 -3.23358 6.9
      vertex -0.905867 -3.38074 6.9
    endloop
  endfacet
  facet normal 0.321437 0.946931 0
    outer loop
      vertex -1.33939 -3.23358 6.9
      vertex -0.905867 -3.38074 0
      vertex -1.33939 -3.23358 0
    endloop
  endfacet
  facet normal -0.195097 0.980784 0
    outer loop
      vertex 0.905867 -3.38074 0
      vertex 0.456841 -3.47006 6.9
      vertex 0.905867 -3.38074 6.9
    endloop
  endfacet
  facet normal -0.195097 0.980784 0
    outer loop
      vertex 0.456841 -3.47006 6.9
      vertex 0.905867 -3.38074 0
      vertex 0.456841 -3.47006 0
    endloop
  endfacet
  facet normal 0.321437 -0.946931 0
    outer loop
      vertex -1.33939 3.23358 0
      vertex -0.905867 3.38074 6.9
      vertex -1.33939 3.23358 6.9
    endloop
  endfacet
  facet normal 0.321437 -0.946931 0
    outer loop
      vertex -0.905867 3.38074 6.9
      vertex -1.33939 3.23358 0
      vertex -0.905867 3.38074 0
    endloop
  endfacet
  facet normal 0.831468 0.555572 0
    outer loop
      vertex -2.77674 -2.13066 6.9
      vertex -3.03109 -1.75 0
      vertex -3.03109 -1.75 6.9
    endloop
  endfacet
  facet normal 0.831468 0.555572 0
    outer loop
      vertex -3.03109 -1.75 0
      vertex -2.77674 -2.13066 6.9
      vertex -2.77674 -2.13066 0
    endloop
  endfacet
  facet normal -0.555572 0.831468 0
    outer loop
      vertex 2.13066 -2.77674 0
      vertex 1.75 -3.03109 6.9
      vertex 2.13066 -2.77674 6.9
    endloop
  endfacet
  facet normal -0.555572 0.831468 0
    outer loop
      vertex 1.75 -3.03109 6.9
      vertex 2.13066 -2.77674 0
      vertex 1.75 -3.03109 0
    endloop
  endfacet
  facet normal 0.946931 -0.321437 0
    outer loop
      vertex -3.38074 0.905867 6.9
      vertex -3.23358 1.33939 0
      vertex -3.23358 1.33939 6.9
    endloop
  endfacet
  facet normal 0.946931 -0.321437 0
    outer loop
      vertex -3.23358 1.33939 0
      vertex -3.38074 0.905867 6.9
      vertex -3.38074 0.905867 0
    endloop
  endfacet
  facet normal -0.321437 -0.946931 0
    outer loop
      vertex 0.905867 3.38074 0
      vertex 1.33939 3.23358 6.9
      vertex 0.905867 3.38074 6.9
    endloop
  endfacet
  facet normal -0.321437 -0.946931 -0
    outer loop
      vertex 1.33939 3.23358 6.9
      vertex 0.905867 3.38074 0
      vertex 1.33939 3.23358 0
    endloop
  endfacet
  facet normal -0.0653967 -0.997859 0
    outer loop
      vertex 0 3.5 0
      vertex 0.456841 3.47006 6.9
      vertex 0 3.5 6.9
    endloop
  endfacet
  facet normal -0.0653967 -0.997859 -0
    outer loop
      vertex 0.456841 3.47006 6.9
      vertex 0 3.5 0
      vertex 0.456841 3.47006 0
    endloop
  endfacet
  facet normal 0.442288 -0.896873 0
    outer loop
      vertex -1.75 3.03109 0
      vertex -1.33939 3.23358 6.9
      vertex -1.75 3.03109 6.9
    endloop
  endfacet
  facet normal 0.442288 -0.896873 0
    outer loop
      vertex -1.33939 3.23358 6.9
      vertex -1.75 3.03109 0
      vertex -1.33939 3.23358 0
    endloop
  endfacet
  facet normal -0.831468 0.555572 0
    outer loop
      vertex 2.77674 -2.13066 0
      vertex 3.03109 -1.75 6.9
      vertex 3.03109 -1.75 0
    endloop
  endfacet
  facet normal -0.831468 0.555572 0
    outer loop
      vertex 3.03109 -1.75 6.9
      vertex 2.77674 -2.13066 0
      vertex 2.77674 -2.13066 6.9
    endloop
  endfacet
  facet normal 0.997859 0.0653967 0
    outer loop
      vertex -3.47006 -0.456841 6.9
      vertex -3.5 0 0
      vertex -3.5 0 6.9
    endloop
  endfacet
  facet normal 0.997859 0.0653967 0
    outer loop
      vertex -3.5 0 0
      vertex -3.47006 -0.456841 6.9
      vertex -3.47006 -0.456841 0
    endloop
  endfacet
  facet normal 0.946931 0.321437 0
    outer loop
      vertex -3.23358 -1.33939 6.9
      vertex -3.38074 -0.905867 0
      vertex -3.38074 -0.905867 6.9
    endloop
  endfacet
  facet normal 0.946931 0.321437 0
    outer loop
      vertex -3.38074 -0.905867 0
      vertex -3.23358 -1.33939 6.9
      vertex -3.23358 -1.33939 0
    endloop
  endfacet
  facet normal 0.659353 0.751833 -0
    outer loop
      vertex -2.13066 -2.77674 0
      vertex -2.47487 -2.47487 6.9
      vertex -2.13066 -2.77674 6.9
    endloop
  endfacet
  facet normal 0.659353 0.751833 0
    outer loop
      vertex -2.47487 -2.47487 6.9
      vertex -2.13066 -2.77674 0
      vertex -2.47487 -2.47487 0
    endloop
  endfacet
  facet normal -0.442288 -0.896873 0
    outer loop
      vertex 1.33939 3.23358 0
      vertex 1.75 3.03109 6.9
      vertex 1.33939 3.23358 6.9
    endloop
  endfacet
  facet normal -0.442288 -0.896873 -0
    outer loop
      vertex 1.75 3.03109 6.9
      vertex 1.33939 3.23358 0
      vertex 1.75 3.03109 0
    endloop
  endfacet
  facet normal 0.195097 -0.980784 0
    outer loop
      vertex -0.905867 3.38074 0
      vertex -0.456841 3.47006 6.9
      vertex -0.905867 3.38074 6.9
    endloop
  endfacet
  facet normal 0.195097 -0.980784 0
    outer loop
      vertex -0.456841 3.47006 6.9
      vertex -0.905867 3.38074 0
      vertex -0.456841 3.47006 0
    endloop
  endfacet
  facet normal -0.751833 -0.659353 0
    outer loop
      vertex 2.77674 2.13066 0
      vertex 2.47487 2.47487 6.9
      vertex 2.47487 2.47487 0
    endloop
  endfacet
  facet normal -0.751833 -0.659353 0
    outer loop
      vertex 2.47487 2.47487 6.9
      vertex 2.77674 2.13066 0
      vertex 2.77674 2.13066 6.9
    endloop
  endfacet
  facet normal -0.195097 -0.980784 0
    outer loop
      vertex 0.456841 3.47006 0
      vertex 0.905867 3.38074 6.9
      vertex 0.456841 3.47006 6.9
    endloop
  endfacet
  facet normal -0.195097 -0.980784 -0
    outer loop
      vertex 0.905867 3.38074 6.9
      vertex 0.456841 3.47006 0
      vertex 0.905867 3.38074 0
    endloop
  endfacet
  facet normal -0.751833 0.659353 0
    outer loop
      vertex 2.47487 -2.47487 0
      vertex 2.77674 -2.13066 6.9
      vertex 2.77674 -2.13066 0
    endloop
  endfacet
  facet normal -0.751833 0.659353 0
    outer loop
      vertex 2.77674 -2.13066 6.9
      vertex 2.47487 -2.47487 0
      vertex 2.47487 -2.47487 6.9
    endloop
  endfacet
  facet normal 0.442288 0.896873 -0
    outer loop
      vertex -1.33939 -3.23358 0
      vertex -1.75 -3.03109 6.9
      vertex -1.33939 -3.23358 6.9
    endloop
  endfacet
  facet normal 0.442288 0.896873 0
    outer loop
      vertex -1.75 -3.03109 6.9
      vertex -1.33939 -3.23358 0
      vertex -1.75 -3.03109 0
    endloop
  endfacet
  facet normal 0.980784 -0.195097 0
    outer loop
      vertex -3.47006 0.456841 6.9
      vertex -3.38074 0.905867 0
      vertex -3.38074 0.905867 6.9
    endloop
  endfacet
  facet normal 0.980784 -0.195097 0
    outer loop
      vertex -3.38074 0.905867 0
      vertex -3.47006 0.456841 6.9
      vertex -3.47006 0.456841 0
    endloop
  endfacet
  facet normal -0.0653967 0.997859 0
    outer loop
      vertex 0.456841 -3.47006 0
      vertex 0 -3.5 6.9
      vertex 0.456841 -3.47006 6.9
    endloop
  endfacet
  facet normal -0.0653967 0.997859 0
    outer loop
      vertex 0 -3.5 6.9
      vertex 0.456841 -3.47006 0
      vertex 0 -3.5 0
    endloop
  endfacet
  facet normal -0.442288 0.896873 0
    outer loop
      vertex 1.75 -3.03109 0
      vertex 1.33939 -3.23358 6.9
      vertex 1.75 -3.03109 6.9
    endloop
  endfacet
  facet normal -0.442288 0.896873 0
    outer loop
      vertex 1.33939 -3.23358 6.9
      vertex 1.75 -3.03109 0
      vertex 1.33939 -3.23358 0
    endloop
  endfacet
  facet normal -0.659353 0.751833 0
    outer loop
      vertex 2.47487 -2.47487 0
      vertex 2.13066 -2.77674 6.9
      vertex 2.47487 -2.47487 6.9
    endloop
  endfacet
  facet normal -0.659353 0.751833 0
    outer loop
      vertex 2.13066 -2.77674 6.9
      vertex 2.47487 -2.47487 0
      vertex 2.13066 -2.77674 0
    endloop
  endfacet
  facet normal 0.896873 0.442288 0
    outer loop
      vertex -3.03109 -1.75 6.9
      vertex -3.23358 -1.33939 0
      vertex -3.23358 -1.33939 6.9
    endloop
  endfacet
  facet normal 0.896873 0.442288 0
    outer loop
      vertex -3.23358 -1.33939 0
      vertex -3.03109 -1.75 6.9
      vertex -3.03109 -1.75 0
    endloop
  endfacet
  facet normal -0.896873 0.442288 0
    outer loop
      vertex 3.03109 -1.75 0
      vertex 3.23358 -1.33939 6.9
      vertex 3.23358 -1.33939 0
    endloop
  endfacet
  facet normal -0.896873 0.442288 0
    outer loop
      vertex 3.23358 -1.33939 6.9
      vertex 3.03109 -1.75 0
      vertex 3.03109 -1.75 6.9
    endloop
  endfacet
  facet normal -0.659353 -0.751833 0
    outer loop
      vertex 2.13066 2.77674 0
      vertex 2.47487 2.47487 6.9
      vertex 2.13066 2.77674 6.9
    endloop
  endfacet
  facet normal -0.659353 -0.751833 -0
    outer loop
      vertex 2.47487 2.47487 6.9
      vertex 2.13066 2.77674 0
      vertex 2.47487 2.47487 0
    endloop
  endfacet
  facet normal -0.997859 0.0653967 0
    outer loop
      vertex 3.47006 -0.456841 0
      vertex 3.5 0 6.9
      vertex 3.5 0 0
    endloop
  endfacet
  facet normal -0.997859 0.0653967 0
    outer loop
      vertex 3.5 0 6.9
      vertex 3.47006 -0.456841 0
      vertex 3.47006 -0.456841 6.9
    endloop
  endfacet
  facet normal 0.555572 0.831468 -0
    outer loop
      vertex -1.75 -3.03109 0
      vertex -2.13066 -2.77674 6.9
      vertex -1.75 -3.03109 6.9
    endloop
  endfacet
  facet normal 0.555572 0.831468 0
    outer loop
      vertex -2.13066 -2.77674 6.9
      vertex -1.75 -3.03109 0
      vertex -2.13066 -2.77674 0
    endloop
  endfacet
  facet normal -0.896873 -0.442288 0
    outer loop
      vertex 3.23358 1.33939 0
      vertex 3.03109 1.75 6.9
      vertex 3.03109 1.75 0
    endloop
  endfacet
  facet normal -0.896873 -0.442288 0
    outer loop
      vertex 3.03109 1.75 6.9
      vertex 3.23358 1.33939 0
      vertex 3.23358 1.33939 6.9
    endloop
  endfacet
  facet normal -0.980784 0.195097 0
    outer loop
      vertex 3.38074 -0.905867 0
      vertex 3.47006 -0.456841 6.9
      vertex 3.47006 -0.456841 0
    endloop
  endfacet
  facet normal -0.980784 0.195097 0
    outer loop
      vertex 3.47006 -0.456841 6.9
      vertex 3.38074 -0.905867 0
      vertex 3.38074 -0.905867 6.9
    endloop
  endfacet
  facet normal -0.946931 -0.321437 0
    outer loop
      vertex 3.38074 0.905867 0
      vertex 3.23358 1.33939 6.9
      vertex 3.23358 1.33939 0
    endloop
  endfacet
  facet normal -0.946931 -0.321437 0
    outer loop
      vertex 3.23358 1.33939 6.9
      vertex 3.38074 0.905867 0
      vertex 3.38074 0.905867 6.9
    endloop
  endfacet
  facet normal 0.0653967 -0.997859 0
    outer loop
      vertex -0.456841 3.47006 0
      vertex 0 3.5 6.9
      vertex -0.456841 3.47006 6.9
    endloop
  endfacet
  facet normal 0.0653967 -0.997859 0
    outer loop
      vertex 0 3.5 6.9
      vertex -0.456841 3.47006 0
      vertex 0 3.5 0
    endloop
  endfacet
  facet normal 0.980784 0.195097 0
    outer loop
      vertex -3.38074 -0.905867 6.9
      vertex -3.47006 -0.456841 0
      vertex -3.47006 -0.456841 6.9
    endloop
  endfacet
  facet normal 0.980784 0.195097 0
    outer loop
      vertex -3.47006 -0.456841 0
      vertex -3.38074 -0.905867 6.9
      vertex -3.38074 -0.905867 0
    endloop
  endfacet
  facet normal 0.751833 0.659353 0
    outer loop
      vertex -2.47487 -2.47487 6.9
      vertex -2.77674 -2.13066 0
      vertex -2.77674 -2.13066 6.9
    endloop
  endfacet
  facet normal 0.751833 0.659353 0
    outer loop
      vertex -2.77674 -2.13066 0
      vertex -2.47487 -2.47487 6.9
      vertex -2.47487 -2.47487 0
    endloop
  endfacet
  facet normal 0 0 -1
    outer loop
      vertex 3.47006 -0.456841 6.9
      vertex 3.47006 0.456841 6.9
      vertex 3.5 0 6.9
    endloop
  endfacet
  facet normal 0 0 -1
    outer loop
      vertex 3.38074 -0.905867 6.9
      vertex 3.47006 0.456841 6.9
      vertex 3.47006 -0.456841 6.9
    endloop
  endfacet
  facet normal 0 0 -1
    outer loop
      vertex 3.38074 -0.905867 6.9
      vertex 3.38074 0.905867 6.9
      vertex 3.47006 0.456841 6.9
    endloop
  endfacet
  facet normal 0 0 -1
    outer loop
      vertex 3.23358 -1.33939 6.9
      vertex 3.38074 0.905867 6.9
      vertex 3.38074 -0.905867 6.9
    endloop
  endfacet
  facet normal 0 0 -1
    outer loop
      vertex 3.23358 -1.33939 6.9
      vertex 3.23358 1.33939 6.9
      vertex 3.38074 0.905867 6.9
    endloop
  endfacet
  facet normal 0 0 -1
    outer loop
      vertex 3.03109 -1.75 6.9
      vertex 3.23358 1.33939 6.9
      vertex 3.23358 -1.33939 6.9
    endloop
  endfacet
  facet normal 0 0 -1
    outer loop
      vertex 3.03109 -1.75 6.9
      vertex 3.03109 1.75 6.9
      vertex 3.23358 1.33939 6.9
    endloop
  endfacet
  facet normal 0 0 -1
    outer loop
      vertex 2.77674 -2.13066 6.9
      vertex 3.03109 1.75 6.9
      vertex 3.03109 -1.75 6.9
    endloop
  endfacet
  facet normal 0 0 -1
    outer loop
      vertex 2.77674 -2.13066 6.9
      vertex 2.77674 2.13066 6.9
      vertex 3.03109 1.75 6.9
    endloop
  endfacet
  facet normal 0 0 -1
    outer loop
      vertex 2.47487 -2.47487 6.9
      vertex 2.77674 2.13066 6.9
      vertex 2.77674 -2.13066 6.9
    endloop
  endfacet
  facet normal 0 0 -1
    outer loop
      vertex 2.47487 -2.47487 6.9
      vertex 2.47487 2.47487 6.9
      vertex 2.77674 2.13066 6.9
    endloop
  endfacet
  facet normal 0 0 -1
    outer loop
      vertex 2.13066 -2.77674 6.9
      vertex 2.47487 2.47487 6.9
      vertex 2.47487 -2.47487 6.9
    endloop
  endfacet
  facet normal 0 0 -1
    outer loop
      vertex 2.13066 -2.77674 6.9
      vertex 2.13066 2.77674 6.9
      vertex 2.47487 2.47487 6.9
    endloop
  endfacet
  facet normal 0 0 -1
    outer loop
      vertex 1.75 -3.03109 6.9
      vertex 2.13066 2.77674 6.9
      vertex 2.13066 -2.77674 6.9
    endloop
  endfacet
  facet normal 0 0 -1
    outer loop
      vertex 1.75 -3.03109 6.9
      vertex 1.75 3.03109 6.9
      vertex 2.13066 2.77674 6.9
    endloop
  endfacet
  facet normal 0 0 -1
    outer loop
      vertex 1.33939 -3.23358 6.9
      vertex 1.75 3.03109 6.9
      vertex 1.75 -3.03109 6.9
    endloop
  endfacet
  facet normal 0 0 -1
    outer loop
      vertex 1.33939 -3.23358 6.9
      vertex 1.33939 3.23358 6.9
      vertex 1.75 3.03109 6.9
    endloop
  endfacet
  facet normal 0 0 -1
    outer loop
      vertex 0.905867 -3.38074 6.9
      vertex 1.33939 3.23358 6.9
      vertex 1.33939 -3.23358 6.9
    endloop
  endfacet
  facet normal 0 0 -1
    outer loop
      vertex 0.905867 -3.38074 6.9
      vertex 0.905867 3.38074 6.9
      vertex 1.33939 3.23358 6.9
    endloop
  endfacet
  facet normal 0 0 -1
    outer loop
      vertex 0.456841 -3.47006 6.9
      vertex 0.905867 3.38074 6.9
      vertex 0.905867 -3.38074 6.9
    endloop
  endfacet
  facet normal 0 0 -1
    outer loop
      vertex 0.456841 -3.47006 6.9
      vertex 0.456841 3.47006 6.9
      vertex 0.905867 3.38074 6.9
    endloop
  endfacet
  facet normal 0 0 -1
    outer loop
      vertex 0 -3.5 6.9
      vertex 0.456841 3.47006 6.9
      vertex 0.456841 -3.47006 6.9
    endloop
  endfacet
  facet normal 0 0 -1
    outer loop
      vertex 0 -3.5 6.9
      vertex 0 3.5 6.9
      vertex 0.456841 3.47006 6.9
    endloop
  endfacet
  facet normal 0 0 -1
    outer loop
      vertex -0.456841 -3.47006 6.9
      vertex 0 3.5 6.9
      vertex 0 -3.5 6.9
    endloop
  endfacet
  facet normal 0 0 -1
    outer loop
      vertex -0.456841 -3.47006 6.9
      vertex -0.456841 3.47006 6.9
      vertex 0 3.5 6.9
    endloop
  endfacet
  facet normal 0 0 -1
    outer loop
      vertex -0.905867 -3.38074 6.9
      vertex -0.456841 3.47006 6.9
      vertex -0.456841 -3.47006 6.9
    endloop
  endfacet
  facet normal 0 0 -1
    outer loop
      vertex -0.905867 -3.38074 6.9
      vertex -0.905867 3.38074 6.9
      vertex -0.456841 3.47006 6.9
    endloop
  endfacet
  facet normal 0 0 -1
    outer loop
      vertex -1.33939 -3.23358 6.9
      vertex -0.905867 3.38074 6.9
      vertex -0.905867 -3.38074 6.9
    endloop
  endfacet
  facet normal 0 0 -1
    outer loop
      vertex -1.33939 -3.23358 6.9
      vertex -1.33939 3.23358 6.9
      vertex -0.905867 3.38074 6.9
    endloop
  endfacet
  facet normal 0 0 -1
    outer loop
      vertex -1.75 -3.03109 6.9
      vertex -1.33939 3.23358 6.9
      vertex -1.33939 -3.23358 6.9
    endloop
  endfacet
  facet normal 0 0 -1
    outer loop
      vertex -1.75 -3.03109 6.9
      vertex -1.75 3.03109 6.9
      vertex -1.33939 3.23358 6.9
    endloop
  endfacet
  facet normal 0 0 -1
    outer loop
      vertex -2.13066 -2.77674 6.9
      vertex -1.75 3.03109 6.9
      vertex -1.75 -3.03109 6.9
    endloop
  endfacet
  facet normal 0 0 -1
    outer loop
      vertex -2.13066 -2.77674 6.9
      vertex -2.13066 2.77674 6.9
      vertex -1.75 3.03109 6.9
    endloop
  endfacet
  facet normal 0 0 -1
    outer loop
      vertex -2.47487 -2.47487 6.9
      vertex -2.13066 2.77674 6.9
      vertex -2.13066 -2.77674 6.9
    endloop
  endfacet
  facet normal 0 0 -1
    outer loop
      vertex -2.47487 -2.47487 6.9
      vertex -2.47487 2.47487 6.9
      vertex -2.13066 2.77674 6.9
    endloop
  endfacet
  facet normal 0 0 -1
    outer loop
      vertex -2.77674 -2.13066 6.9
      vertex -2.47487 2.47487 6.9
      vertex -2.47487 -2.47487 6.9
    endloop
  endfacet
  facet normal 0 0 -1
    outer loop
      vertex -2.77674 -2.13066 6.9
      vertex -2.77674 2.13066 6.9
      vertex -2.47487 2.47487 6.9
    endloop
  endfacet
  facet normal 0 0 -1
    outer loop
      vertex -3.03109 -1.75 6.9
      vertex -2.77674 2.13066 6.9
      vertex -2.77674 -2.13066 6.9
    endloop
  endfacet
  facet normal 0 0 -1
    outer loop
      vertex -3.03109 -1.75 6.9
      vertex -3.03109 1.75 6.9
      vertex -2.77674 2.13066 6.9
    endloop
  endfacet
  facet normal 0 0 -1
    outer loop
      vertex -3.23358 -1.33939 6.9
      vertex -3.03109 1.75 6.9
      vertex -3.03109 -1.75 6.9
    endloop
  endfacet
  facet normal 0 0 -1
    outer loop
      vertex -3.23358 -1.33939 6.9
      vertex -3.23358 1.33939 6.9
      vertex -3.03109 1.75 6.9
    endloop
  endfacet
  facet normal 0 0 -1
    outer loop
      vertex -3.38074 -0.905867 6.9
      vertex -3.23358 1.33939 6.9
      vertex -3.23358 -1.33939 6.9
    endloop
  endfacet
  facet normal 0 0 -1
    outer loop
      vertex -3.38074 -0.905867 6.9
      vertex -3.38074 0.905867 6.9
      vertex -3.23358 1.33939 6.9
    endloop
  endfacet
  facet normal 0 0 -1
    outer loop
      vertex -3.47006 -0.456841 6.9
      vertex -3.38074 0.905867 6.9
      vertex -3.38074 -0.905867 6.9
    endloop
  endfacet
  facet normal 0 0 -1
    outer loop
      vertex -3.47006 -0.456841 6.9
      vertex -3.47006 0.456841 6.9
      vertex -3.38074 0.905867 6.9
    endloop
  endfacet
  facet normal 0 -0 -1
    outer loop
      vertex -3.47006 0.456841 6.9
      vertex -3.47006 -0.456841 6.9
      vertex -3.5 0 6.9
    endloop
  endfacet
  facet normal 0.195097 0.980784 -0
    outer loop
      vertex -0.456841 -3.47006 0
      vertex -0.905867 -3.38074 6.9
      vertex -0.456841 -3.47006 6.9
    endloop
  endfacet
  facet normal 0.195097 0.980784 0
    outer loop
      vertex -0.905867 -3.38074 6.9
      vertex -0.456841 -3.47006 0
      vertex -0.905867 -3.38074 0
    endloop
  endfacet
  facet normal 0.831468 -0.555572 0
    outer loop
      vertex -3.03109 1.75 6.9
      vertex -2.77674 2.13066 0
      vertex -2.77674 2.13066 6.9
    endloop
  endfacet
  facet normal 0.831468 -0.555572 0
    outer loop
      vertex -2.77674 2.13066 0
      vertex -3.03109 1.75 6.9
      vertex -3.03109 1.75 0
    endloop
  endfacet
  facet normal 0.0653967 0.997859 -0
    outer loop
      vertex 0 -3.5 0
      vertex -0.456841 -3.47006 6.9
      vertex 0 -3.5 6.9
    endloop
  endfacet
  facet normal 0.0653967 0.997859 0
    outer loop
      vertex -0.456841 -3.47006 6.9
      vertex 0 -3.5 0
      vertex -0.456841 -3.47006 0
    endloop
  endfacet
endsolid OpenSCAD_Model
