solid OpenSCAD_Model
  facet normal 0.321439 0 0.94693
    outer loop
      vertex 4.10587 -0.0999994 9.14074
      vertex 4.53939 -4.9 8.99358
      vertex 4.53939 -0.0999994 8.99358
    endloop
  endfacet
  facet normal 0.321439 0 0.94693
    outer loop
      vertex 4.53939 -4.9 8.99358
      vertex 4.10587 -0.0999994 9.14074
      vertex 4.10587 -4.9 9.14074
    endloop
  endfacet
  facet normal 0.321439 0 0.94693
    outer loop
      vertex 4.10587 6.1 9.14074
      vertex 4.53939 6 8.99358
      vertex 4.53939 6.1 8.99358
    endloop
  endfacet
  facet normal 0.321439 0 0.94693
    outer loop
      vertex 4.53939 6 8.99358
      vertex 4.10587 6.1 9.14074
      vertex 4.10587 6 9.14074
    endloop
  endfacet
  facet normal 0.980784 -0 0.195095
    outer loop
      vertex 6.58074 6 6.66587
      vertex 6.67006 6.1 6.21684
      vertex 6.58074 6.1 6.66587
    endloop
  endfacet
  facet normal 0.980784 0 0.195095
    outer loop
      vertex 6.67006 6.1 6.21684
      vertex 6.58074 6 6.66587
      vertex 6.67006 6 6.21684
    endloop
  endfacet
  facet normal 0.980784 -0 0.195095
    outer loop
      vertex 6.58074 -4.9 6.66587
      vertex 6.67006 -0.0999994 6.21684
      vertex 6.58074 -0.0999994 6.66587
    endloop
  endfacet
  facet normal 0.980784 0 0.195095
    outer loop
      vertex 6.67006 -0.0999994 6.21684
      vertex 6.58074 -4.9 6.66587
      vertex 6.67006 -4.9 6.21684
    endloop
  endfacet
  facet normal 0.997859 -0 0.0653969
    outer loop
      vertex 6.67006 -4.9 6.21684
      vertex 6.7 -0.0999994 5.76
      vertex 6.67006 -0.0999994 6.21684
    endloop
  endfacet
  facet normal 0.997859 0 0.0653969
    outer loop
      vertex 6.7 -0.0999994 5.76
      vertex 6.67006 -4.9 6.21684
      vertex 6.7 -4.9 5.76
    endloop
  endfacet
  facet normal 0.997859 -0 0.0653969
    outer loop
      vertex 6.67006 6 6.21684
      vertex 6.7 6.1 5.76
      vertex 6.67006 6.1 6.21684
    endloop
  endfacet
  facet normal 0.997859 0 0.0653969
    outer loop
      vertex 6.7 6.1 5.76
      vertex 6.67006 6 6.21684
      vertex 6.7 6 5.76
    endloop
  endfacet
  facet normal -0.896874 0 0.442286
    outer loop
      vertex -0.0335779 6 7.09939
      vertex 0.168911 6.1 7.51
      vertex -0.0335779 6.1 7.09939
    endloop
  endfacet
  facet normal -0.896874 0 0.442286
    outer loop
      vertex 0.168911 6.1 7.51
      vertex -0.0335779 6 7.09939
      vertex 0.168911 6 7.51
    endloop
  endfacet
  facet normal -0.896875 0 0.442285
    outer loop
      vertex -0.0335779 4 7.09939
      vertex 0 -0.0999994 7.16748
      vertex 0 4 7.16748
    endloop
  endfacet
  facet normal -0.896875 0 0.442285
    outer loop
      vertex -0.0335779 -4.9 7.09939
      vertex 0 -0.0999994 7.16748
      vertex -0.0335779 4 7.09939
    endloop
  endfacet
  facet normal -0.896874 -2.16978e-08 0.442286
    outer loop
      vertex 0.168911 -4.9 7.51
      vertex 0 -0.0999994 7.16748
      vertex -0.0335779 -4.9 7.09939
    endloop
  endfacet
  facet normal -0.896874 0 0.442286
    outer loop
      vertex 0 -0.0999994 7.16748
      vertex 0.168911 -4.9 7.51
      vertex 0.168911 -0.0999994 7.51
    endloop
  endfacet
  facet normal 0.555572 0 -0.831468
    outer loop
      vertex 4.95 -4.9 2.72891
      vertex 5.33066 -0.0999994 2.98326
      vertex 5.33066 -4.9 2.98326
    endloop
  endfacet
  facet normal 0.555572 0 -0.831468
    outer loop
      vertex 5.33066 -0.0999994 2.98326
      vertex 4.95 -4.9 2.72891
      vertex 4.95 -0.0999994 2.72891
    endloop
  endfacet
  facet normal 0.555572 0 -0.831468
    outer loop
      vertex 4.95 6 2.72891
      vertex 5.33066 6.1 2.98326
      vertex 5.33066 6 2.98326
    endloop
  endfacet
  facet normal 0.555572 0 -0.831468
    outer loop
      vertex 5.33066 6.1 2.98326
      vertex 4.95 6 2.72891
      vertex 4.95 6.1 2.72891
    endloop
  endfacet
  facet normal 0.94693 -0 0.321439
    outer loop
      vertex 6.43358 6 7.09939
      vertex 6.58074 6.1 6.66587
      vertex 6.43358 6.1 7.09939
    endloop
  endfacet
  facet normal 0.94693 0 0.321439
    outer loop
      vertex 6.58074 6.1 6.66587
      vertex 6.43358 6 7.09939
      vertex 6.58074 6 6.66587
    endloop
  endfacet
  facet normal 0.94693 -0 0.321439
    outer loop
      vertex 6.43358 -4.9 7.09939
      vertex 6.58074 -0.0999994 6.66587
      vertex 6.43358 -0.0999994 7.09939
    endloop
  endfacet
  facet normal 0.94693 0 0.321439
    outer loop
      vertex 6.58074 -0.0999994 6.66587
      vertex 6.43358 -4.9 7.09939
      vertex 6.58074 -4.9 6.66587
    endloop
  endfacet
  facet normal -0.659359 0 0.751829
    outer loop
      vertex 0.725125 6.1 8.23487
      vertex 1.06933 6 8.53674
      vertex 1.06933 6.1 8.53674
    endloop
  endfacet
  facet normal -0.659359 0 0.751829
    outer loop
      vertex 1.06933 6 8.53674
      vertex 0.725125 6.1 8.23487
      vertex 0.725125 6 8.23487
    endloop
  endfacet
  facet normal -0.659359 0 0.751829
    outer loop
      vertex 0.725125 -0.0999994 8.23487
      vertex 1.06933 -4.9 8.53674
      vertex 1.06933 -0.0999994 8.53674
    endloop
  endfacet
  facet normal -0.659359 0 0.751829
    outer loop
      vertex 1.06933 -4.9 8.53674
      vertex 0.725125 -0.0999994 8.23487
      vertex 0.725125 -4.9 8.23487
    endloop
  endfacet
  facet normal -0.946929 0 -0.321443
    outer loop
      vertex -0.0335779 -4.9 4.42061
      vertex -0.18074 4 4.85413
      vertex -0.0335779 4 4.42061
    endloop
  endfacet
  facet normal -0.946929 -0 -0.321443
    outer loop
      vertex -0.18074 4 4.85413
      vertex -0.0335779 -4.9 4.42061
      vertex -0.18074 -4.9 4.85413
    endloop
  endfacet
  facet normal -0.946929 0 -0.321443
    outer loop
      vertex -0.0335779 6 4.42061
      vertex -0.18074 6.1 4.85413
      vertex -0.0335779 6.1 4.42061
    endloop
  endfacet
  facet normal -0.946929 -0 -0.321443
    outer loop
      vertex -0.18074 6.1 4.85413
      vertex -0.0335779 6 4.42061
      vertex -0.18074 6 4.85413
    endloop
  endfacet
  facet normal -0.997859 0 0.0654012
    outer loop
      vertex -0.299999 6 5.76
      vertex -0.270057 6.1 6.21684
      vertex -0.299999 6.1 5.76
    endloop
  endfacet
  facet normal -0.997859 0 0.0654012
    outer loop
      vertex -0.270057 6.1 6.21684
      vertex -0.299999 6 5.76
      vertex -0.270057 6 6.21684
    endloop
  endfacet
  facet normal -0.997859 0 0.0654012
    outer loop
      vertex -0.299999 -4.9 5.76
      vertex -0.270057 4 6.21684
      vertex -0.299999 4 5.76
    endloop
  endfacet
  facet normal -0.997859 0 0.0654012
    outer loop
      vertex -0.270057 4 6.21684
      vertex -0.299999 -4.9 5.76
      vertex -0.270057 -4.9 6.21684
    endloop
  endfacet
  facet normal 0.0653969 0 0.997859
    outer loop
      vertex 3.2 6.1 9.26
      vertex 3.65684 6 9.23006
      vertex 3.65684 6.1 9.23006
    endloop
  endfacet
  facet normal 0.0653969 0 0.997859
    outer loop
      vertex 3.65684 6 9.23006
      vertex 3.2 6.1 9.26
      vertex 3.2 6 9.26
    endloop
  endfacet
  facet normal 0.0653969 0 0.997859
    outer loop
      vertex 3.2 -0.0999994 9.26
      vertex 3.65684 -4.9 9.23006
      vertex 3.65684 -0.0999994 9.23006
    endloop
  endfacet
  facet normal 0.0653969 0 0.997859
    outer loop
      vertex 3.65684 -4.9 9.23006
      vertex 3.2 -0.0999994 9.26
      vertex 3.2 -4.9 9.26
    endloop
  endfacet
  facet normal -0.442288 0 -0.896873
    outer loop
      vertex 1.45 -4.9 2.72891
      vertex 1.86061 -0.0999994 2.52642
      vertex 1.86061 -4.9 2.52642
    endloop
  endfacet
  facet normal -0.442288 0 -0.896873
    outer loop
      vertex 1.86061 -0.0999994 2.52642
      vertex 1.45 -4.9 2.72891
      vertex 1.45 -0.0999994 2.72891
    endloop
  endfacet
  facet normal -0.442288 0 -0.896873
    outer loop
      vertex 1.45 6 2.72891
      vertex 1.86061 6.1 2.52642
      vertex 1.86061 6 2.52642
    endloop
  endfacet
  facet normal -0.442288 0 -0.896873
    outer loop
      vertex 1.86061 6.1 2.52642
      vertex 1.45 6 2.72891
      vertex 1.45 6.1 2.72891
    endloop
  endfacet
  facet normal -0.831473 0 -0.555565
    outer loop
      vertex 0.423263 -4.9 3.62933
      vertex 0.168911 -0.0999994 4.01
      vertex 0.423263 -0.0999994 3.62933
    endloop
  endfacet
  facet normal -0.831473 -0 -0.555565
    outer loop
      vertex 0.168911 -0.0999994 4.01
      vertex 0.423263 -4.9 3.62933
      vertex 0.168911 -4.9 4.01
    endloop
  endfacet
  facet normal -0.831473 0 -0.555565
    outer loop
      vertex 0.423263 6 3.62933
      vertex 0.168911 6.1 4.01
      vertex 0.423263 6.1 3.62933
    endloop
  endfacet
  facet normal -0.831473 -0 -0.555565
    outer loop
      vertex 0.168911 6.1 4.01
      vertex 0.423263 6 3.62933
      vertex 0.168911 6 4.01
    endloop
  endfacet
  facet normal 0.0653969 0 -0.997859
    outer loop
      vertex 3.2 6 2.26
      vertex 3.65684 6.1 2.28994
      vertex 3.65684 6 2.28994
    endloop
  endfacet
  facet normal 0.0653969 0 -0.997859
    outer loop
      vertex 3.65684 6.1 2.28994
      vertex 3.2 6 2.26
      vertex 3.2 6.1 2.26
    endloop
  endfacet
  facet normal 0.0653969 0 -0.997859
    outer loop
      vertex 3.2 -4.9 2.26
      vertex 3.65684 -0.0999994 2.28994
      vertex 3.65684 -4.9 2.28994
    endloop
  endfacet
  facet normal 0.0653969 0 -0.997859
    outer loop
      vertex 3.65684 -0.0999994 2.28994
      vertex 3.2 -4.9 2.26
      vertex 3.2 -0.0999994 2.26
    endloop
  endfacet
  facet normal 0.980784 0 -0.195095
    outer loop
      vertex 6.67006 -4.9 5.30316
      vertex 6.58074 -0.0999994 4.85413
      vertex 6.67006 -0.0999994 5.30316
    endloop
  endfacet
  facet normal 0.980784 0 -0.195095
    outer loop
      vertex 6.58074 -0.0999994 4.85413
      vertex 6.67006 -4.9 5.30316
      vertex 6.58074 -4.9 4.85413
    endloop
  endfacet
  facet normal 0.980784 0 -0.195095
    outer loop
      vertex 6.67006 6 5.30316
      vertex 6.58074 6.1 4.85413
      vertex 6.67006 6.1 5.30316
    endloop
  endfacet
  facet normal 0.980784 0 -0.195095
    outer loop
      vertex 6.58074 6.1 4.85413
      vertex 6.67006 6 5.30316
      vertex 6.58074 6 4.85413
    endloop
  endfacet
  facet normal 0.555572 0 0.831468
    outer loop
      vertex 4.95 -0.0999994 8.79109
      vertex 5.33066 -4.9 8.53674
      vertex 5.33066 -0.0999994 8.53674
    endloop
  endfacet
  facet normal 0.555572 0 0.831468
    outer loop
      vertex 5.33066 -4.9 8.53674
      vertex 4.95 -0.0999994 8.79109
      vertex 4.95 -4.9 8.79109
    endloop
  endfacet
  facet normal 0.555572 0 0.831468
    outer loop
      vertex 4.95 6.1 8.79109
      vertex 5.33066 6 8.53674
      vertex 5.33066 6.1 8.53674
    endloop
  endfacet
  facet normal 0.555572 0 0.831468
    outer loop
      vertex 5.33066 6 8.53674
      vertex 4.95 6.1 8.79109
      vertex 4.95 6 8.79109
    endloop
  endfacet
  facet normal 0.751833 -0 0.659353
    outer loop
      vertex 5.67487 -4.9 8.23487
      vertex 5.97674 -0.0999994 7.89066
      vertex 5.67487 -0.0999994 8.23487
    endloop
  endfacet
  facet normal 0.751833 0 0.659353
    outer loop
      vertex 5.97674 -0.0999994 7.89066
      vertex 5.67487 -4.9 8.23487
      vertex 5.97674 -4.9 7.89066
    endloop
  endfacet
  facet normal 0.751833 -0 0.659353
    outer loop
      vertex 5.67487 6 8.23487
      vertex 5.97674 6.1 7.89066
      vertex 5.67487 6.1 8.23487
    endloop
  endfacet
  facet normal 0.751833 0 0.659353
    outer loop
      vertex 5.97674 6.1 7.89066
      vertex 5.67487 6 8.23487
      vertex 5.97674 6 7.89066
    endloop
  endfacet
  facet normal -0.751833 0 -0.659354
    outer loop
      vertex 0.725125 -4.9 3.28513
      vertex 0.423263 -0.0999994 3.62933
      vertex 0.725125 -0.0999994 3.28513
    endloop
  endfacet
  facet normal -0.751833 -0 -0.659354
    outer loop
      vertex 0.423263 -0.0999994 3.62933
      vertex 0.725125 -4.9 3.28513
      vertex 0.423263 -4.9 3.62933
    endloop
  endfacet
  facet normal -0.751833 0 -0.659354
    outer loop
      vertex 0.725125 6 3.28513
      vertex 0.423263 6.1 3.62933
      vertex 0.725125 6.1 3.28513
    endloop
  endfacet
  facet normal -0.751833 -0 -0.659354
    outer loop
      vertex 0.423263 6.1 3.62933
      vertex 0.725125 6 3.28513
      vertex 0.423263 6 3.62933
    endloop
  endfacet
  facet normal 0.659353 0 0.751833
    outer loop
      vertex 5.33066 -0.0999994 8.53674
      vertex 5.67487 -4.9 8.23487
      vertex 5.67487 -0.0999994 8.23487
    endloop
  endfacet
  facet normal 0.659353 0 0.751833
    outer loop
      vertex 5.67487 -4.9 8.23487
      vertex 5.33066 -0.0999994 8.53674
      vertex 5.33066 -4.9 8.53674
    endloop
  endfacet
  facet normal 0.659353 0 0.751833
    outer loop
      vertex 5.33066 6.1 8.53674
      vertex 5.67487 6 8.23487
      vertex 5.67487 6.1 8.23487
    endloop
  endfacet
  facet normal 0.659353 0 0.751833
    outer loop
      vertex 5.67487 6 8.23487
      vertex 5.33066 6.1 8.53674
      vertex 5.33066 6 8.53674
    endloop
  endfacet
  facet normal -0.0653969 0 0.997859
    outer loop
      vertex 2.74316 6.1 9.23006
      vertex 3.2 6 9.26
      vertex 3.2 6.1 9.26
    endloop
  endfacet
  facet normal -0.0653969 0 0.997859
    outer loop
      vertex 3.2 6 9.26
      vertex 2.74316 6.1 9.23006
      vertex 2.74316 6 9.23006
    endloop
  endfacet
  facet normal -0.0653969 0 0.997859
    outer loop
      vertex 2.74316 -0.0999994 9.23006
      vertex 3.2 -4.9 9.26
      vertex 3.2 -0.0999994 9.26
    endloop
  endfacet
  facet normal -0.0653969 0 0.997859
    outer loop
      vertex 3.2 -4.9 9.26
      vertex 2.74316 -0.0999994 9.23006
      vertex 2.74316 -4.9 9.23006
    endloop
  endfacet
  facet normal 0.831468 -0 0.555572
    outer loop
      vertex 5.97674 -4.9 7.89066
      vertex 6.23109 -0.0999994 7.51
      vertex 5.97674 -0.0999994 7.89066
    endloop
  endfacet
  facet normal 0.831468 0 0.555572
    outer loop
      vertex 6.23109 -0.0999994 7.51
      vertex 5.97674 -4.9 7.89066
      vertex 6.23109 -4.9 7.51
    endloop
  endfacet
  facet normal 0.831468 -0 0.555572
    outer loop
      vertex 5.97674 6 7.89066
      vertex 6.23109 6.1 7.51
      vertex 5.97674 6.1 7.89066
    endloop
  endfacet
  facet normal 0.831468 0 0.555572
    outer loop
      vertex 6.23109 6.1 7.51
      vertex 5.97674 6 7.89066
      vertex 6.23109 6 7.51
    endloop
  endfacet
  facet normal 0.997859 0 -0.0653969
    outer loop
      vertex 6.7 -4.9 5.76
      vertex 6.67006 -0.0999994 5.30316
      vertex 6.7 -0.0999994 5.76
    endloop
  endfacet
  facet normal 0.997859 0 -0.0653969
    outer loop
      vertex 6.67006 -0.0999994 5.30316
      vertex 6.7 -4.9 5.76
      vertex 6.67006 -4.9 5.30316
    endloop
  endfacet
  facet normal 0.997859 0 -0.0653969
    outer loop
      vertex 6.7 6 5.76
      vertex 6.67006 6.1 5.30316
      vertex 6.7 6.1 5.76
    endloop
  endfacet
  facet normal 0.997859 0 -0.0653969
    outer loop
      vertex 6.67006 6.1 5.30316
      vertex 6.7 6 5.76
      vertex 6.67006 6 5.30316
    endloop
  endfacet
  facet normal 0.195095 0 -0.980784
    outer loop
      vertex 3.65684 6 2.28994
      vertex 4.10587 6.1 2.37926
      vertex 4.10587 6 2.37926
    endloop
  endfacet
  facet normal 0.195095 0 -0.980784
    outer loop
      vertex 4.10587 6.1 2.37926
      vertex 3.65684 6 2.28994
      vertex 3.65684 6.1 2.28994
    endloop
  endfacet
  facet normal 0.195095 0 -0.980784
    outer loop
      vertex 3.65684 -4.9 2.28994
      vertex 4.10587 -0.0999994 2.37926
      vertex 4.10587 -4.9 2.37926
    endloop
  endfacet
  facet normal 0.195095 0 -0.980784
    outer loop
      vertex 4.10587 -0.0999994 2.37926
      vertex 3.65684 -4.9 2.28994
      vertex 3.65684 -0.0999994 2.28994
    endloop
  endfacet
  facet normal 0.442288 0 -0.896873
    outer loop
      vertex 4.53939 6 2.52642
      vertex 4.95 6.1 2.72891
      vertex 4.95 6 2.72891
    endloop
  endfacet
  facet normal 0.442288 0 -0.896873
    outer loop
      vertex 4.95 6.1 2.72891
      vertex 4.53939 6 2.52642
      vertex 4.53939 6.1 2.52642
    endloop
  endfacet
  facet normal 0.442288 0 -0.896873
    outer loop
      vertex 4.53939 -4.9 2.52642
      vertex 4.95 -0.0999994 2.72891
      vertex 4.95 -4.9 2.72891
    endloop
  endfacet
  facet normal 0.442288 0 -0.896873
    outer loop
      vertex 4.95 -0.0999994 2.72891
      vertex 4.53939 -4.9 2.52642
      vertex 4.53939 -0.0999994 2.52642
    endloop
  endfacet
  facet normal 0.751824 0 -0.659364
    outer loop
      vertex 5.97674 6 3.62933
      vertex 5.67487 6.1 3.28513
      vertex 5.97674 6.1 3.62933
    endloop
  endfacet
  facet normal 0.751824 0 -0.659364
    outer loop
      vertex 5.67487 6.1 3.28513
      vertex 5.97674 6 3.62933
      vertex 5.67487 6 3.28513
    endloop
  endfacet
  facet normal 0.751824 0 -0.659364
    outer loop
      vertex 5.97674 -4.9 3.62933
      vertex 5.67487 -0.0999994 3.28513
      vertex 5.97674 -0.0999994 3.62933
    endloop
  endfacet
  facet normal 0.751824 0 -0.659364
    outer loop
      vertex 5.67487 -0.0999994 3.28513
      vertex 5.97674 -4.9 3.62933
      vertex 5.67487 -4.9 3.28513
    endloop
  endfacet
  facet normal 0.195095 0 0.980784
    outer loop
      vertex 3.65684 6.1 9.23006
      vertex 4.10587 6 9.14074
      vertex 4.10587 6.1 9.14074
    endloop
  endfacet
  facet normal 0.195095 0 0.980784
    outer loop
      vertex 4.10587 6 9.14074
      vertex 3.65684 6.1 9.23006
      vertex 3.65684 6 9.23006
    endloop
  endfacet
  facet normal 0.195095 0 0.980784
    outer loop
      vertex 3.65684 -0.0999994 9.23006
      vertex 4.10587 -4.9 9.14074
      vertex 4.10587 -0.0999994 9.14074
    endloop
  endfacet
  facet normal 0.195095 0 0.980784
    outer loop
      vertex 4.10587 -4.9 9.14074
      vertex 3.65684 -0.0999994 9.23006
      vertex 3.65684 -4.9 9.23006
    endloop
  endfacet
  facet normal 0.321439 0 -0.94693
    outer loop
      vertex 4.10587 6 2.37926
      vertex 4.53939 6.1 2.52642
      vertex 4.53939 6 2.52642
    endloop
  endfacet
  facet normal 0.321439 0 -0.94693
    outer loop
      vertex 4.53939 6.1 2.52642
      vertex 4.10587 6 2.37926
      vertex 4.10587 6.1 2.37926
    endloop
  endfacet
  facet normal 0.321439 0 -0.94693
    outer loop
      vertex 4.10587 -4.9 2.37926
      vertex 4.53939 -0.0999994 2.52642
      vertex 4.53939 -4.9 2.52642
    endloop
  endfacet
  facet normal 0.321439 0 -0.94693
    outer loop
      vertex 4.53939 -0.0999994 2.52642
      vertex 4.10587 -4.9 2.37926
      vertex 4.10587 -0.0999994 2.37926
    endloop
  endfacet
  facet normal -0.980786 0 -0.195089
    outer loop
      vertex -0.18074 -4.9 4.85413
      vertex -0.270057 4 5.30316
      vertex -0.18074 4 4.85413
    endloop
  endfacet
  facet normal -0.980786 -0 -0.195089
    outer loop
      vertex -0.270057 4 5.30316
      vertex -0.18074 -4.9 4.85413
      vertex -0.270057 -4.9 5.30316
    endloop
  endfacet
  facet normal -0.980786 0 -0.195089
    outer loop
      vertex -0.18074 6 4.85413
      vertex -0.270057 6.1 5.30316
      vertex -0.18074 6.1 4.85413
    endloop
  endfacet
  facet normal -0.980786 -0 -0.195089
    outer loop
      vertex -0.270057 6.1 5.30316
      vertex -0.18074 6 4.85413
      vertex -0.270057 6 5.30316
    endloop
  endfacet
  facet normal -0.555562 0 0.831475
    outer loop
      vertex 1.06933 -0.0999994 8.53674
      vertex 1.45 -4.9 8.79109
      vertex 1.45 -0.0999994 8.79109
    endloop
  endfacet
  facet normal -0.555562 0 0.831475
    outer loop
      vertex 1.45 -4.9 8.79109
      vertex 1.06933 -0.0999994 8.53674
      vertex 1.06933 -4.9 8.53674
    endloop
  endfacet
  facet normal -0.555562 0 0.831475
    outer loop
      vertex 1.06933 6.1 8.53674
      vertex 1.45 6 8.79109
      vertex 1.45 6.1 8.79109
    endloop
  endfacet
  facet normal -0.555562 0 0.831475
    outer loop
      vertex 1.45 6 8.79109
      vertex 1.06933 6.1 8.53674
      vertex 1.06933 6 8.53674
    endloop
  endfacet
  facet normal -0.555562 0 -0.831475
    outer loop
      vertex 1.06933 -4.9 2.98326
      vertex 1.45 -0.0999994 2.72891
      vertex 1.45 -4.9 2.72891
    endloop
  endfacet
  facet normal -0.555562 0 -0.831475
    outer loop
      vertex 1.45 -0.0999994 2.72891
      vertex 1.06933 -4.9 2.98326
      vertex 1.06933 -0.0999994 2.98326
    endloop
  endfacet
  facet normal -0.555562 0 -0.831475
    outer loop
      vertex 1.06933 6 2.98326
      vertex 1.45 6.1 2.72891
      vertex 1.45 6 2.72891
    endloop
  endfacet
  facet normal -0.555562 0 -0.831475
    outer loop
      vertex 1.45 6.1 2.72891
      vertex 1.06933 6 2.98326
      vertex 1.06933 6.1 2.98326
    endloop
  endfacet
  facet normal -0.321439 0 -0.94693
    outer loop
      vertex 1.86061 -4.9 2.52642
      vertex 2.29413 -0.0999994 2.37926
      vertex 2.29413 -4.9 2.37926
    endloop
  endfacet
  facet normal -0.321439 0 -0.94693
    outer loop
      vertex 2.29413 -0.0999994 2.37926
      vertex 1.86061 -4.9 2.52642
      vertex 1.86061 -0.0999994 2.52642
    endloop
  endfacet
  facet normal -0.321439 0 -0.94693
    outer loop
      vertex 1.86061 6 2.52642
      vertex 2.29413 6.1 2.37926
      vertex 2.29413 6 2.37926
    endloop
  endfacet
  facet normal -0.321439 0 -0.94693
    outer loop
      vertex 2.29413 6.1 2.37926
      vertex 1.86061 6 2.52642
      vertex 1.86061 6.1 2.52642
    endloop
  endfacet
  facet normal -0.442288 0 0.896873
    outer loop
      vertex 1.45 -0.0999994 8.79109
      vertex 1.86061 -4.9 8.99358
      vertex 1.86061 -0.0999994 8.99358
    endloop
  endfacet
  facet normal -0.442288 0 0.896873
    outer loop
      vertex 1.86061 -4.9 8.99358
      vertex 1.45 -0.0999994 8.79109
      vertex 1.45 -4.9 8.79109
    endloop
  endfacet
  facet normal -0.442288 0 0.896873
    outer loop
      vertex 1.45 6.1 8.79109
      vertex 1.86061 6 8.99358
      vertex 1.86061 6.1 8.99358
    endloop
  endfacet
  facet normal -0.442288 0 0.896873
    outer loop
      vertex 1.86061 6 8.99358
      vertex 1.45 6.1 8.79109
      vertex 1.45 6 8.79109
    endloop
  endfacet
  facet normal 0.896873 0 -0.442288
    outer loop
      vertex 6.43358 6 4.42061
      vertex 6.23109 6.1 4.01
      vertex 6.43358 6.1 4.42061
    endloop
  endfacet
  facet normal 0.896873 0 -0.442288
    outer loop
      vertex 6.23109 6.1 4.01
      vertex 6.43358 6 4.42061
      vertex 6.23109 6 4.01
    endloop
  endfacet
  facet normal 0.896873 0 -0.442288
    outer loop
      vertex 6.43358 -4.9 4.42061
      vertex 6.23109 -0.0999994 4.01
      vertex 6.43358 -0.0999994 4.42061
    endloop
  endfacet
  facet normal 0.896873 0 -0.442288
    outer loop
      vertex 6.23109 -0.0999994 4.01
      vertex 6.43358 -4.9 4.42061
      vertex 6.23109 -4.9 4.01
    endloop
  endfacet
  facet normal 0.94693 0 -0.321439
    outer loop
      vertex 6.58074 6 4.85413
      vertex 6.43358 6.1 4.42061
      vertex 6.58074 6.1 4.85413
    endloop
  endfacet
  facet normal 0.94693 0 -0.321439
    outer loop
      vertex 6.43358 6.1 4.42061
      vertex 6.58074 6 4.85413
      vertex 6.43358 6 4.42061
    endloop
  endfacet
  facet normal 0.94693 0 -0.321439
    outer loop
      vertex 6.58074 -4.9 4.85413
      vertex 6.43358 -0.0999994 4.42061
      vertex 6.58074 -0.0999994 4.85413
    endloop
  endfacet
  facet normal 0.94693 0 -0.321439
    outer loop
      vertex 6.43358 -0.0999994 4.42061
      vertex 6.58074 -4.9 4.85413
      vertex 6.43358 -4.9 4.42061
    endloop
  endfacet
  facet normal -0.0653969 0 -0.997859
    outer loop
      vertex 2.74316 6 2.28994
      vertex 3.2 6.1 2.26
      vertex 3.2 6 2.26
    endloop
  endfacet
  facet normal -0.0653969 0 -0.997859
    outer loop
      vertex 3.2 6.1 2.26
      vertex 2.74316 6 2.28994
      vertex 2.74316 6.1 2.28994
    endloop
  endfacet
  facet normal -0.0653969 0 -0.997859
    outer loop
      vertex 2.74316 -4.9 2.28994
      vertex 3.2 -0.0999994 2.26
      vertex 3.2 -4.9 2.26
    endloop
  endfacet
  facet normal -0.0653969 0 -0.997859
    outer loop
      vertex 3.2 -0.0999994 2.26
      vertex 2.74316 -4.9 2.28994
      vertex 2.74316 -0.0999994 2.28994
    endloop
  endfacet
  facet normal -0.195095 0 -0.980784
    outer loop
      vertex 2.29413 6 2.37926
      vertex 2.74316 6.1 2.28994
      vertex 2.74316 6 2.28994
    endloop
  endfacet
  facet normal -0.195095 0 -0.980784
    outer loop
      vertex 2.74316 6.1 2.28994
      vertex 2.29413 6 2.37926
      vertex 2.29413 6.1 2.37926
    endloop
  endfacet
  facet normal -0.195095 0 -0.980784
    outer loop
      vertex 2.29413 -4.9 2.37926
      vertex 2.74316 -0.0999994 2.28994
      vertex 2.74316 -4.9 2.28994
    endloop
  endfacet
  facet normal -0.195095 0 -0.980784
    outer loop
      vertex 2.74316 -0.0999994 2.28994
      vertex 2.29413 -4.9 2.37926
      vertex 2.29413 -0.0999994 2.37926
    endloop
  endfacet
  facet normal 0.659353 0 -0.751833
    outer loop
      vertex 5.33066 6 2.98326
      vertex 5.67487 6.1 3.28513
      vertex 5.67487 6 3.28513
    endloop
  endfacet
  facet normal 0.659353 0 -0.751833
    outer loop
      vertex 5.67487 6.1 3.28513
      vertex 5.33066 6 2.98326
      vertex 5.33066 6.1 2.98326
    endloop
  endfacet
  facet normal 0.659353 0 -0.751833
    outer loop
      vertex 5.33066 -4.9 2.98326
      vertex 5.67487 -0.0999994 3.28513
      vertex 5.67487 -4.9 3.28513
    endloop
  endfacet
  facet normal 0.659353 0 -0.751833
    outer loop
      vertex 5.67487 -0.0999994 3.28513
      vertex 5.33066 -4.9 2.98326
      vertex 5.33066 -0.0999994 2.98326
    endloop
  endfacet
  facet normal -0.659359 0 -0.751829
    outer loop
      vertex 0.725125 6 3.28513
      vertex 1.06933 6.1 2.98326
      vertex 1.06933 6 2.98326
    endloop
  endfacet
  facet normal -0.659359 0 -0.751829
    outer loop
      vertex 1.06933 6.1 2.98326
      vertex 0.725125 6 3.28513
      vertex 0.725125 6.1 3.28513
    endloop
  endfacet
  facet normal -0.659359 0 -0.751829
    outer loop
      vertex 0.725125 -4.9 3.28513
      vertex 1.06933 -0.0999994 2.98326
      vertex 1.06933 -4.9 2.98326
    endloop
  endfacet
  facet normal -0.659359 0 -0.751829
    outer loop
      vertex 1.06933 -0.0999994 2.98326
      vertex 0.725125 -4.9 3.28513
      vertex 0.725125 -0.0999994 3.28513
    endloop
  endfacet
  facet normal -0.321439 0 0.94693
    outer loop
      vertex 1.86061 -0.0999994 8.99358
      vertex 2.29413 -4.9 9.14074
      vertex 2.29413 -0.0999994 9.14074
    endloop
  endfacet
  facet normal -0.321439 0 0.94693
    outer loop
      vertex 2.29413 -4.9 9.14074
      vertex 1.86061 -0.0999994 8.99358
      vertex 1.86061 -4.9 8.99358
    endloop
  endfacet
  facet normal -0.321439 0 0.94693
    outer loop
      vertex 1.86061 6.1 8.99358
      vertex 2.29413 6 9.14074
      vertex 2.29413 6.1 9.14074
    endloop
  endfacet
  facet normal -0.321439 0 0.94693
    outer loop
      vertex 2.29413 6 9.14074
      vertex 1.86061 6.1 8.99358
      vertex 1.86061 6 8.99358
    endloop
  endfacet
  facet normal -0.896874 -0 -0.442286
    outer loop
      vertex 0.168911 -0.0999994 4.01
      vertex 0.168911 -4.9 4.01
      vertex 0 -0.0999994 4.35252
    endloop
  endfacet
  facet normal -0.896875 0 -0.442285
    outer loop
      vertex 0 -0.0999994 4.35252
      vertex -0.0335779 4 4.42061
      vertex 0 4 4.35252
    endloop
  endfacet
  facet normal -0.896875 0 -0.442285
    outer loop
      vertex 0 -0.0999994 4.35252
      vertex -0.0335779 -4.9 4.42061
      vertex -0.0335779 4 4.42061
    endloop
  endfacet
  facet normal -0.896874 -2.16978e-08 -0.442286
    outer loop
      vertex -0.0335779 -4.9 4.42061
      vertex 0 -0.0999994 4.35252
      vertex 0.168911 -4.9 4.01
    endloop
  endfacet
  facet normal -0.896874 0 -0.442286
    outer loop
      vertex 0.168911 6 4.01
      vertex -0.0335779 6.1 4.42061
      vertex 0.168911 6.1 4.01
    endloop
  endfacet
  facet normal -0.896874 -0 -0.442286
    outer loop
      vertex -0.0335779 6.1 4.42061
      vertex 0.168911 6 4.01
      vertex -0.0335779 6 4.42061
    endloop
  endfacet
  facet normal 0 1 0
    outer loop
      vertex 3.2 6.1 7.46
      vertex 3.2 6.1 9.26
      vertex 3.65684 6.1 9.23006
    endloop
  endfacet
  facet normal 0 1 0
    outer loop
      vertex 3.42189 6.1 7.44546
      vertex 3.65684 6.1 9.23006
      vertex 4.10587 6.1 9.14074
    endloop
  endfacet
  facet normal 0 1 0
    outer loop
      vertex 3.2 6.1 9.26
      vertex 3.2 6.1 7.46
      vertex 2.74316 6.1 9.23006
    endloop
  endfacet
  facet normal 0 1 0
    outer loop
      vertex 3.63999 6.1 7.40207
      vertex 4.10587 6.1 9.14074
      vertex 4.53939 6.1 8.99358
    endloop
  endfacet
  facet normal 0 1 -0
    outer loop
      vertex 2.9781 6.1 7.44546
      vertex 2.74316 6.1 9.23006
      vertex 3.2 6.1 7.46
    endloop
  endfacet
  facet normal 0 1 0
    outer loop
      vertex 3.85056 6.1 7.3306
      vertex 4.53939 6.1 8.99358
      vertex 4.95 6.1 8.79109
    endloop
  endfacet
  facet normal 0 1 0
    outer loop
      vertex 2.74316 6.1 9.23006
      vertex 2.9781 6.1 7.44546
      vertex 2.29413 6.1 9.14074
    endloop
  endfacet
  facet normal 0 1 0
    outer loop
      vertex 4.05 6.1 7.23224
      vertex 4.95 6.1 8.79109
      vertex 5.33066 6.1 8.53674
    endloop
  endfacet
  facet normal 0 1 -0
    outer loop
      vertex 2.76001 6.1 7.40207
      vertex 2.29413 6.1 9.14074
      vertex 2.9781 6.1 7.44546
    endloop
  endfacet
  facet normal 0 1 0
    outer loop
      vertex 4.23489 6.1 7.1087
      vertex 5.33066 6.1 8.53674
      vertex 5.67487 6.1 8.23487
    endloop
  endfacet
  facet normal 0 1 0
    outer loop
      vertex 2.29413 6.1 9.14074
      vertex 2.76001 6.1 7.40207
      vertex 1.86061 6.1 8.99358
    endloop
  endfacet
  facet normal 0 1 0
    outer loop
      vertex 4.40208 6.1 6.96208
      vertex 5.67487 6.1 8.23487
      vertex 5.97674 6.1 7.89066
    endloop
  endfacet
  facet normal 0 1 -0
    outer loop
      vertex 2.54944 6.1 7.3306
      vertex 1.86061 6.1 8.99358
      vertex 2.76001 6.1 7.40207
    endloop
  endfacet
  facet normal 0 1 0
    outer loop
      vertex 4.5487 6.1 6.79489
      vertex 5.97674 6.1 7.89066
      vertex 6.23109 6.1 7.51
    endloop
  endfacet
  facet normal 0 1 0
    outer loop
      vertex 1.86061 6.1 8.99358
      vertex 2.54944 6.1 7.3306
      vertex 1.45 6.1 8.79109
    endloop
  endfacet
  facet normal 0 1 -0
    outer loop
      vertex 2.35 6.1 7.23224
      vertex 1.45 6.1 8.79109
      vertex 2.54944 6.1 7.3306
    endloop
  endfacet
  facet normal 0 1 0
    outer loop
      vertex 3.65684 6.1 9.23006
      vertex 3.42189 6.1 7.44546
      vertex 3.2 6.1 7.46
    endloop
  endfacet
  facet normal 0 1 0
    outer loop
      vertex 4.10587 6.1 9.14074
      vertex 3.63999 6.1 7.40207
      vertex 3.42189 6.1 7.44546
    endloop
  endfacet
  facet normal 0 1 0
    outer loop
      vertex 4.53939 6.1 8.99358
      vertex 3.85056 6.1 7.3306
      vertex 3.63999 6.1 7.40207
    endloop
  endfacet
  facet normal 0 1 0
    outer loop
      vertex 4.95 6.1 8.79109
      vertex 4.05 6.1 7.23224
      vertex 3.85056 6.1 7.3306
    endloop
  endfacet
  facet normal 0 1 0
    outer loop
      vertex 5.33066 6.1 8.53674
      vertex 4.23489 6.1 7.1087
      vertex 4.05 6.1 7.23224
    endloop
  endfacet
  facet normal 0 1 0
    outer loop
      vertex 4.67224 6.1 6.61
      vertex 6.23109 6.1 7.51
      vertex 6.43358 6.1 7.09939
    endloop
  endfacet
  facet normal 0 1 0
    outer loop
      vertex 5.67487 6.1 8.23487
      vertex 4.40208 6.1 6.96208
      vertex 4.23489 6.1 7.1087
    endloop
  endfacet
  facet normal 0 1 0
    outer loop
      vertex 5.97674 6.1 7.89066
      vertex 4.5487 6.1 6.79489
      vertex 4.40208 6.1 6.96208
    endloop
  endfacet
  facet normal 0 1 0
    outer loop
      vertex 4.77059 6.1 6.41056
      vertex 6.43358 6.1 7.09939
      vertex 6.58074 6.1 6.66587
    endloop
  endfacet
  facet normal 0 1 0
    outer loop
      vertex 6.23109 6.1 7.51
      vertex 4.67224 6.1 6.61
      vertex 4.5487 6.1 6.79489
    endloop
  endfacet
  facet normal 0 1 0
    outer loop
      vertex 6.43358 6.1 7.09939
      vertex 4.77059 6.1 6.41056
      vertex 4.67224 6.1 6.61
    endloop
  endfacet
  facet normal 0 1 0
    outer loop
      vertex 4.84207 6.1 6.19999
      vertex 6.58074 6.1 6.66587
      vertex 6.67006 6.1 6.21684
    endloop
  endfacet
  facet normal 0 1 0
    outer loop
      vertex 6.58074 6.1 6.66587
      vertex 4.84207 6.1 6.19999
      vertex 4.77059 6.1 6.41056
    endloop
  endfacet
  facet normal 0 1 0
    outer loop
      vertex 6.67006 6.1 6.21684
      vertex 4.88546 6.1 5.98189
      vertex 4.84207 6.1 6.19999
    endloop
  endfacet
  facet normal 0 1 0
    outer loop
      vertex 6.7 6.1 5.76
      vertex 4.88546 6.1 5.98189
      vertex 6.67006 6.1 6.21684
    endloop
  endfacet
  facet normal 0 1 0
    outer loop
      vertex 6.7 6.1 5.76
      vertex 4.9 6.1 5.76
      vertex 4.88546 6.1 5.98189
    endloop
  endfacet
  facet normal 0 1 0
    outer loop
      vertex 6.7 6.1 5.76
      vertex 4.88546 6.1 5.53811
      vertex 4.9 6.1 5.76
    endloop
  endfacet
  facet normal 0 1 -0
    outer loop
      vertex 6.67006 6.1 5.30316
      vertex 4.88546 6.1 5.53811
      vertex 6.7 6.1 5.76
    endloop
  endfacet
  facet normal 0 1 0
    outer loop
      vertex 4.88546 6.1 5.53811
      vertex 6.67006 6.1 5.30316
      vertex 4.84207 6.1 5.32001
    endloop
  endfacet
  facet normal 0 1 -0
    outer loop
      vertex 6.58074 6.1 4.85413
      vertex 4.84207 6.1 5.32001
      vertex 6.67006 6.1 5.30316
    endloop
  endfacet
  facet normal 0 1 0
    outer loop
      vertex 4.84207 6.1 5.32001
      vertex 6.58074 6.1 4.85413
      vertex 4.77059 6.1 5.10944
    endloop
  endfacet
  facet normal 0 1 -0
    outer loop
      vertex 6.43358 6.1 4.42061
      vertex 4.77059 6.1 5.10944
      vertex 6.58074 6.1 4.85413
    endloop
  endfacet
  facet normal 0 1 0
    outer loop
      vertex 4.77059 6.1 5.10944
      vertex 6.43358 6.1 4.42061
      vertex 4.67224 6.1 4.91
    endloop
  endfacet
  facet normal 0 1 -0
    outer loop
      vertex 6.23109 6.1 4.01
      vertex 4.67224 6.1 4.91
      vertex 6.43358 6.1 4.42061
    endloop
  endfacet
  facet normal 0 1 0
    outer loop
      vertex 4.67224 6.1 4.91
      vertex 6.23109 6.1 4.01
      vertex 4.5487 6.1 4.72511
    endloop
  endfacet
  facet normal 0 1 -0
    outer loop
      vertex 5.97674 6.1 3.62933
      vertex 4.5487 6.1 4.72511
      vertex 6.23109 6.1 4.01
    endloop
  endfacet
  facet normal 0 1 0
    outer loop
      vertex 4.5487 6.1 4.72511
      vertex 5.97674 6.1 3.62933
      vertex 4.40208 6.1 4.55792
    endloop
  endfacet
  facet normal 0 1 -0
    outer loop
      vertex 5.67487 6.1 3.28513
      vertex 4.40208 6.1 4.55792
      vertex 5.97674 6.1 3.62933
    endloop
  endfacet
  facet normal 0 1 0
    outer loop
      vertex 4.40208 6.1 4.55792
      vertex 5.67487 6.1 3.28513
      vertex 4.23489 6.1 4.4113
    endloop
  endfacet
  facet normal 0 1 -0
    outer loop
      vertex 5.33066 6.1 2.98326
      vertex 4.23489 6.1 4.4113
      vertex 5.67487 6.1 3.28513
    endloop
  endfacet
  facet normal 0 1 -0
    outer loop
      vertex 4.95 6.1 2.72891
      vertex 4.05 6.1 4.28776
      vertex 5.33066 6.1 2.98326
    endloop
  endfacet
  facet normal 0 1 0
    outer loop
      vertex 4.23489 6.1 4.4113
      vertex 5.33066 6.1 2.98326
      vertex 4.05 6.1 4.28776
    endloop
  endfacet
  facet normal 0 1 0
    outer loop
      vertex 1.45 6.1 8.79109
      vertex 2.35 6.1 7.23224
      vertex 1.06933 6.1 8.53674
    endloop
  endfacet
  facet normal 0 1 -0
    outer loop
      vertex 2.1651 6.1 7.1087
      vertex 1.06933 6.1 8.53674
      vertex 2.35 6.1 7.23224
    endloop
  endfacet
  facet normal 0 1 0
    outer loop
      vertex 1.06933 6.1 8.53674
      vertex 2.1651 6.1 7.1087
      vertex 0.725125 6.1 8.23487
    endloop
  endfacet
  facet normal 0 1 -0
    outer loop
      vertex 1.99792 6.1 6.96208
      vertex 0.725125 6.1 8.23487
      vertex 2.1651 6.1 7.1087
    endloop
  endfacet
  facet normal 0 1 0
    outer loop
      vertex 0.725125 6.1 8.23487
      vertex 1.99792 6.1 6.96208
      vertex 0.423263 6.1 7.89066
    endloop
  endfacet
  facet normal 0 1 -0
    outer loop
      vertex 1.8513 6.1 6.79489
      vertex 0.423263 6.1 7.89066
      vertex 1.99792 6.1 6.96208
    endloop
  endfacet
  facet normal 0 1 0
    outer loop
      vertex 0.423263 6.1 7.89066
      vertex 1.8513 6.1 6.79489
      vertex 0.168911 6.1 7.51
    endloop
  endfacet
  facet normal 0 1 -0
    outer loop
      vertex 1.72776 6.1 6.61
      vertex 0.168911 6.1 7.51
      vertex 1.8513 6.1 6.79489
    endloop
  endfacet
  facet normal 0 1 0
    outer loop
      vertex 0.168911 6.1 7.51
      vertex 1.72776 6.1 6.61
      vertex -0.0335779 6.1 7.09939
    endloop
  endfacet
  facet normal 0 1 -0
    outer loop
      vertex 1.6294 6.1 6.41056
      vertex -0.0335779 6.1 7.09939
      vertex 1.72776 6.1 6.61
    endloop
  endfacet
  facet normal 0 1 0
    outer loop
      vertex -0.0335779 6.1 7.09939
      vertex 1.6294 6.1 6.41056
      vertex -0.18074 6.1 6.66587
    endloop
  endfacet
  facet normal 0 1 -0
    outer loop
      vertex 1.55793 6.1 6.19999
      vertex -0.18074 6.1 6.66587
      vertex 1.6294 6.1 6.41056
    endloop
  endfacet
  facet normal 0 1 0
    outer loop
      vertex -0.18074 6.1 6.66587
      vertex 1.55793 6.1 6.19999
      vertex -0.270057 6.1 6.21684
    endloop
  endfacet
  facet normal 0 1 -0
    outer loop
      vertex 1.51454 6.1 5.98189
      vertex -0.270057 6.1 6.21684
      vertex 1.55793 6.1 6.19999
    endloop
  endfacet
  facet normal 0 1 -0
    outer loop
      vertex 1.5 6.1 5.76
      vertex -0.270057 6.1 6.21684
      vertex 1.51454 6.1 5.98189
    endloop
  endfacet
  facet normal 0 1 0
    outer loop
      vertex 1.5 6.1 5.76
      vertex -0.299999 6.1 5.76
      vertex -0.270057 6.1 6.21684
    endloop
  endfacet
  facet normal 0 1 0
    outer loop
      vertex 1.51454 6.1 5.53811
      vertex -0.299999 6.1 5.76
      vertex 1.5 6.1 5.76
    endloop
  endfacet
  facet normal 0 1 0
    outer loop
      vertex -0.270057 6.1 5.30316
      vertex 1.51454 6.1 5.53811
      vertex 1.55793 6.1 5.32001
    endloop
  endfacet
  facet normal 0 1 0
    outer loop
      vertex 1.51454 6.1 5.53811
      vertex -0.270057 6.1 5.30316
      vertex -0.299999 6.1 5.76
    endloop
  endfacet
  facet normal 0 1 0
    outer loop
      vertex -0.18074 6.1 4.85413
      vertex 1.55793 6.1 5.32001
      vertex 1.6294 6.1 5.10944
    endloop
  endfacet
  facet normal 0 1 0
    outer loop
      vertex -0.0335779 6.1 4.42061
      vertex 1.6294 6.1 5.10944
      vertex 1.72776 6.1 4.91
    endloop
  endfacet
  facet normal 0 1 0
    outer loop
      vertex 1.55793 6.1 5.32001
      vertex -0.18074 6.1 4.85413
      vertex -0.270057 6.1 5.30316
    endloop
  endfacet
  facet normal 0 1 0
    outer loop
      vertex 0.168911 6.1 4.01
      vertex 1.72776 6.1 4.91
      vertex 1.8513 6.1 4.72511
    endloop
  endfacet
  facet normal 0 1 0
    outer loop
      vertex 0.423263 6.1 3.62933
      vertex 1.8513 6.1 4.72511
      vertex 1.99792 6.1 4.55792
    endloop
  endfacet
  facet normal 0 1 0
    outer loop
      vertex 1.6294 6.1 5.10944
      vertex -0.0335779 6.1 4.42061
      vertex -0.18074 6.1 4.85413
    endloop
  endfacet
  facet normal 0 1 0
    outer loop
      vertex 0.725125 6.1 3.28513
      vertex 1.99792 6.1 4.55792
      vertex 2.1651 6.1 4.4113
    endloop
  endfacet
  facet normal 0 1 0
    outer loop
      vertex 1.06933 6.1 2.98326
      vertex 2.1651 6.1 4.4113
      vertex 2.35 6.1 4.28776
    endloop
  endfacet
  facet normal 0 1 0
    outer loop
      vertex 1.45 6.1 2.72891
      vertex 2.35 6.1 4.28776
      vertex 2.54944 6.1 4.1894
    endloop
  endfacet
  facet normal 0 1 0
    outer loop
      vertex 1.86061 6.1 2.52642
      vertex 2.54944 6.1 4.1894
      vertex 2.76001 6.1 4.11793
    endloop
  endfacet
  facet normal 0 1 0
    outer loop
      vertex 2.29413 6.1 2.37926
      vertex 2.76001 6.1 4.11793
      vertex 2.9781 6.1 4.07454
    endloop
  endfacet
  facet normal 0 1 0
    outer loop
      vertex 1.72776 6.1 4.91
      vertex 0.168911 6.1 4.01
      vertex -0.0335779 6.1 4.42061
    endloop
  endfacet
  facet normal 0 1 0
    outer loop
      vertex 2.74316 6.1 2.28994
      vertex 2.9781 6.1 4.07454
      vertex 3.2 6.1 4.06
    endloop
  endfacet
  facet normal 0 1 0
    outer loop
      vertex 4.05 6.1 4.28776
      vertex 4.95 6.1 2.72891
      vertex 3.85056 6.1 4.1894
    endloop
  endfacet
  facet normal 0 1 -0
    outer loop
      vertex 4.53939 6.1 2.52642
      vertex 3.85056 6.1 4.1894
      vertex 4.95 6.1 2.72891
    endloop
  endfacet
  facet normal 0 1 0
    outer loop
      vertex 1.8513 6.1 4.72511
      vertex 0.423263 6.1 3.62933
      vertex 0.168911 6.1 4.01
    endloop
  endfacet
  facet normal 0 1 0
    outer loop
      vertex 3.85056 6.1 4.1894
      vertex 4.53939 6.1 2.52642
      vertex 3.63999 6.1 4.11793
    endloop
  endfacet
  facet normal 0 1 0
    outer loop
      vertex 1.99792 6.1 4.55792
      vertex 0.725125 6.1 3.28513
      vertex 0.423263 6.1 3.62933
    endloop
  endfacet
  facet normal 0 1 -0
    outer loop
      vertex 4.10587 6.1 2.37926
      vertex 3.63999 6.1 4.11793
      vertex 4.53939 6.1 2.52642
    endloop
  endfacet
  facet normal 0 1 0
    outer loop
      vertex 2.1651 6.1 4.4113
      vertex 1.06933 6.1 2.98326
      vertex 0.725125 6.1 3.28513
    endloop
  endfacet
  facet normal 0 1 0
    outer loop
      vertex 3.63999 6.1 4.11793
      vertex 4.10587 6.1 2.37926
      vertex 3.42189 6.1 4.07454
    endloop
  endfacet
  facet normal 0 1 0
    outer loop
      vertex 2.35 6.1 4.28776
      vertex 1.45 6.1 2.72891
      vertex 1.06933 6.1 2.98326
    endloop
  endfacet
  facet normal 0 1 -0
    outer loop
      vertex 3.65684 6.1 2.28994
      vertex 3.42189 6.1 4.07454
      vertex 4.10587 6.1 2.37926
    endloop
  endfacet
  facet normal 0 1 0
    outer loop
      vertex 2.54944 6.1 4.1894
      vertex 1.86061 6.1 2.52642
      vertex 1.45 6.1 2.72891
    endloop
  endfacet
  facet normal 0 1 0
    outer loop
      vertex 3.42189 6.1 4.07454
      vertex 3.65684 6.1 2.28994
      vertex 3.2 6.1 4.06
    endloop
  endfacet
  facet normal 0 1 0
    outer loop
      vertex 2.76001 6.1 4.11793
      vertex 2.29413 6.1 2.37926
      vertex 1.86061 6.1 2.52642
    endloop
  endfacet
  facet normal 0 1 0
    outer loop
      vertex 3.2 6.1 2.26
      vertex 3.2 6.1 4.06
      vertex 3.65684 6.1 2.28994
    endloop
  endfacet
  facet normal 0 1 0
    outer loop
      vertex 2.9781 6.1 4.07454
      vertex 2.74316 6.1 2.28994
      vertex 2.29413 6.1 2.37926
    endloop
  endfacet
  facet normal 0 1 0
    outer loop
      vertex 3.2 6.1 4.06
      vertex 3.2 6.1 2.26
      vertex 2.74316 6.1 2.28994
    endloop
  endfacet
  facet normal 0 -1 0
    outer loop
      vertex 2.74316 -4.9 9.23006
      vertex 3.65684 -4.9 9.23006
      vertex 3.2 -4.9 9.26
    endloop
  endfacet
  facet normal 0 -1 0
    outer loop
      vertex 2.29413 -4.9 9.14074
      vertex 3.65684 -4.9 9.23006
      vertex 2.74316 -4.9 9.23006
    endloop
  endfacet
  facet normal 0 -1 0
    outer loop
      vertex 2.29413 -4.9 9.14074
      vertex 4.10587 -4.9 9.14074
      vertex 3.65684 -4.9 9.23006
    endloop
  endfacet
  facet normal 0 -1 0
    outer loop
      vertex 1.86061 -4.9 8.99358
      vertex 4.10587 -4.9 9.14074
      vertex 2.29413 -4.9 9.14074
    endloop
  endfacet
  facet normal 0 -1 0
    outer loop
      vertex 1.86061 -4.9 8.99358
      vertex 4.53939 -4.9 8.99358
      vertex 4.10587 -4.9 9.14074
    endloop
  endfacet
  facet normal 0 -1 0
    outer loop
      vertex 1.45 -4.9 8.79109
      vertex 4.53939 -4.9 8.99358
      vertex 1.86061 -4.9 8.99358
    endloop
  endfacet
  facet normal 0 -1 0
    outer loop
      vertex 1.45 -4.9 8.79109
      vertex 4.95 -4.9 8.79109
      vertex 4.53939 -4.9 8.99358
    endloop
  endfacet
  facet normal 0 -1 0
    outer loop
      vertex 1.06933 -4.9 8.53674
      vertex 4.95 -4.9 8.79109
      vertex 1.45 -4.9 8.79109
    endloop
  endfacet
  facet normal 0 -1 0
    outer loop
      vertex 1.06933 -4.9 8.53674
      vertex 5.33066 -4.9 8.53674
      vertex 4.95 -4.9 8.79109
    endloop
  endfacet
  facet normal 0 -1 0
    outer loop
      vertex 0.725125 -4.9 8.23487
      vertex 5.33066 -4.9 8.53674
      vertex 1.06933 -4.9 8.53674
    endloop
  endfacet
  facet normal 0 -1 0
    outer loop
      vertex 0.725125 -4.9 8.23487
      vertex 5.67487 -4.9 8.23487
      vertex 5.33066 -4.9 8.53674
    endloop
  endfacet
  facet normal 0 -1 0
    outer loop
      vertex 0.423263 -4.9 7.89066
      vertex 5.67487 -4.9 8.23487
      vertex 0.725125 -4.9 8.23487
    endloop
  endfacet
  facet normal 0 -1 0
    outer loop
      vertex 0.423263 -4.9 7.89066
      vertex 5.97674 -4.9 7.89066
      vertex 5.67487 -4.9 8.23487
    endloop
  endfacet
  facet normal 0 -1 0
    outer loop
      vertex 0.168911 -4.9 7.51
      vertex 5.97674 -4.9 7.89066
      vertex 0.423263 -4.9 7.89066
    endloop
  endfacet
  facet normal 0 -1 0
    outer loop
      vertex 0.168911 -4.9 7.51
      vertex 6.23109 -4.9 7.51
      vertex 5.97674 -4.9 7.89066
    endloop
  endfacet
  facet normal 0 -1 0
    outer loop
      vertex -0.0335779 -4.9 7.09939
      vertex 6.23109 -4.9 7.51
      vertex 0.168911 -4.9 7.51
    endloop
  endfacet
  facet normal 0 -1 0
    outer loop
      vertex -0.0335779 -4.9 7.09939
      vertex 6.43358 -4.9 7.09939
      vertex 6.23109 -4.9 7.51
    endloop
  endfacet
  facet normal 0 -1 0
    outer loop
      vertex -0.18074 -4.9 6.66587
      vertex 6.43358 -4.9 7.09939
      vertex -0.0335779 -4.9 7.09939
    endloop
  endfacet
  facet normal 0 -1 0
    outer loop
      vertex -0.18074 -4.9 6.66587
      vertex 6.58074 -4.9 6.66587
      vertex 6.43358 -4.9 7.09939
    endloop
  endfacet
  facet normal 0 -1 0
    outer loop
      vertex -0.270057 -4.9 6.21684
      vertex 6.58074 -4.9 6.66587
      vertex -0.18074 -4.9 6.66587
    endloop
  endfacet
  facet normal 0 -1 0
    outer loop
      vertex -0.270057 -4.9 6.21684
      vertex 6.67006 -4.9 6.21684
      vertex 6.58074 -4.9 6.66587
    endloop
  endfacet
  facet normal 0 -1 0
    outer loop
      vertex -0.299999 -4.9 5.76
      vertex 6.67006 -4.9 6.21684
      vertex -0.270057 -4.9 6.21684
    endloop
  endfacet
  facet normal 0 -1 0
    outer loop
      vertex -0.299999 -4.9 5.76
      vertex 6.7 -4.9 5.76
      vertex 6.67006 -4.9 6.21684
    endloop
  endfacet
  facet normal 0 -1 0
    outer loop
      vertex -0.270057 -4.9 5.30316
      vertex 6.7 -4.9 5.76
      vertex -0.299999 -4.9 5.76
    endloop
  endfacet
  facet normal 0 -1 0
    outer loop
      vertex -0.270057 -4.9 5.30316
      vertex 6.67006 -4.9 5.30316
      vertex 6.7 -4.9 5.76
    endloop
  endfacet
  facet normal 0 -1 0
    outer loop
      vertex -0.18074 -4.9 4.85413
      vertex 6.67006 -4.9 5.30316
      vertex -0.270057 -4.9 5.30316
    endloop
  endfacet
  facet normal 0 -1 0
    outer loop
      vertex -0.18074 -4.9 4.85413
      vertex 6.58074 -4.9 4.85413
      vertex 6.67006 -4.9 5.30316
    endloop
  endfacet
  facet normal 0 -1 0
    outer loop
      vertex -0.0335779 -4.9 4.42061
      vertex 6.58074 -4.9 4.85413
      vertex -0.18074 -4.9 4.85413
    endloop
  endfacet
  facet normal 0 -1 0
    outer loop
      vertex -0.0335779 -4.9 4.42061
      vertex 6.43358 -4.9 4.42061
      vertex 6.58074 -4.9 4.85413
    endloop
  endfacet
  facet normal 0 -1 0
    outer loop
      vertex 0.168911 -4.9 4.01
      vertex 6.43358 -4.9 4.42061
      vertex -0.0335779 -4.9 4.42061
    endloop
  endfacet
  facet normal 0 -1 0
    outer loop
      vertex 0.168911 -4.9 4.01
      vertex 6.23109 -4.9 4.01
      vertex 6.43358 -4.9 4.42061
    endloop
  endfacet
  facet normal 0 -1 0
    outer loop
      vertex 0.423263 -4.9 3.62933
      vertex 6.23109 -4.9 4.01
      vertex 0.168911 -4.9 4.01
    endloop
  endfacet
  facet normal 0 -1 0
    outer loop
      vertex 0.423263 -4.9 3.62933
      vertex 5.97674 -4.9 3.62933
      vertex 6.23109 -4.9 4.01
    endloop
  endfacet
  facet normal 0 -1 0
    outer loop
      vertex 0.725125 -4.9 3.28513
      vertex 5.97674 -4.9 3.62933
      vertex 0.423263 -4.9 3.62933
    endloop
  endfacet
  facet normal 0 -1 0
    outer loop
      vertex 0.725125 -4.9 3.28513
      vertex 5.67487 -4.9 3.28513
      vertex 5.97674 -4.9 3.62933
    endloop
  endfacet
  facet normal 0 -1 0
    outer loop
      vertex 1.06933 -4.9 2.98326
      vertex 5.67487 -4.9 3.28513
      vertex 0.725125 -4.9 3.28513
    endloop
  endfacet
  facet normal 0 -1 0
    outer loop
      vertex 1.06933 -4.9 2.98326
      vertex 5.33066 -4.9 2.98326
      vertex 5.67487 -4.9 3.28513
    endloop
  endfacet
  facet normal 0 -1 0
    outer loop
      vertex 1.45 -4.9 2.72891
      vertex 5.33066 -4.9 2.98326
      vertex 1.06933 -4.9 2.98326
    endloop
  endfacet
  facet normal 0 -1 0
    outer loop
      vertex 1.45 -4.9 2.72891
      vertex 4.95 -4.9 2.72891
      vertex 5.33066 -4.9 2.98326
    endloop
  endfacet
  facet normal 0 -1 0
    outer loop
      vertex 1.86061 -4.9 2.52642
      vertex 4.95 -4.9 2.72891
      vertex 1.45 -4.9 2.72891
    endloop
  endfacet
  facet normal 0 -1 0
    outer loop
      vertex 1.86061 -4.9 2.52642
      vertex 4.53939 -4.9 2.52642
      vertex 4.95 -4.9 2.72891
    endloop
  endfacet
  facet normal 0 -1 0
    outer loop
      vertex 2.29413 -4.9 2.37926
      vertex 4.53939 -4.9 2.52642
      vertex 1.86061 -4.9 2.52642
    endloop
  endfacet
  facet normal 0 -1 0
    outer loop
      vertex 2.29413 -4.9 2.37926
      vertex 4.10587 -4.9 2.37926
      vertex 4.53939 -4.9 2.52642
    endloop
  endfacet
  facet normal 0 -1 0
    outer loop
      vertex 2.74316 -4.9 2.28994
      vertex 4.10587 -4.9 2.37926
      vertex 2.29413 -4.9 2.37926
    endloop
  endfacet
  facet normal 0 -1 0
    outer loop
      vertex 2.74316 -4.9 2.28994
      vertex 3.65684 -4.9 2.28994
      vertex 4.10587 -4.9 2.37926
    endloop
  endfacet
  facet normal -0 -1 0
    outer loop
      vertex 3.65684 -4.9 2.28994
      vertex 2.74316 -4.9 2.28994
      vertex 3.2 -4.9 2.26
    endloop
  endfacet
  facet normal 0.831475 0 -0.555562
    outer loop
      vertex 6.23109 -4.9 4.01
      vertex 5.97674 -0.0999994 3.62933
      vertex 6.23109 -0.0999994 4.01
    endloop
  endfacet
  facet normal 0.831475 0 -0.555562
    outer loop
      vertex 5.97674 -0.0999994 3.62933
      vertex 6.23109 -4.9 4.01
      vertex 5.97674 -4.9 3.62933
    endloop
  endfacet
  facet normal 0.831475 0 -0.555562
    outer loop
      vertex 6.23109 6 4.01
      vertex 5.97674 6.1 3.62933
      vertex 6.23109 6.1 4.01
    endloop
  endfacet
  facet normal 0.831475 0 -0.555562
    outer loop
      vertex 5.97674 6.1 3.62933
      vertex 6.23109 6 4.01
      vertex 5.97674 6 3.62933
    endloop
  endfacet
  facet normal -0.980786 0 0.195089
    outer loop
      vertex -0.270057 -4.9 6.21684
      vertex -0.18074 4 6.66587
      vertex -0.270057 4 6.21684
    endloop
  endfacet
  facet normal -0.980786 0 0.195089
    outer loop
      vertex -0.18074 4 6.66587
      vertex -0.270057 -4.9 6.21684
      vertex -0.18074 -4.9 6.66587
    endloop
  endfacet
  facet normal -0.980786 0 0.195089
    outer loop
      vertex -0.270057 6 6.21684
      vertex -0.18074 6.1 6.66587
      vertex -0.270057 6.1 6.21684
    endloop
  endfacet
  facet normal -0.980786 0 0.195089
    outer loop
      vertex -0.18074 6.1 6.66587
      vertex -0.270057 6 6.21684
      vertex -0.18074 6 6.66587
    endloop
  endfacet
  facet normal 0.896873 -0 0.442288
    outer loop
      vertex 6.23109 -4.9 7.51
      vertex 6.43358 -0.0999994 7.09939
      vertex 6.23109 -0.0999994 7.51
    endloop
  endfacet
  facet normal 0.896873 0 0.442288
    outer loop
      vertex 6.43358 -0.0999994 7.09939
      vertex 6.23109 -4.9 7.51
      vertex 6.43358 -4.9 7.09939
    endloop
  endfacet
  facet normal 0.896873 -0 0.442288
    outer loop
      vertex 6.23109 6 7.51
      vertex 6.43358 6.1 7.09939
      vertex 6.23109 6.1 7.51
    endloop
  endfacet
  facet normal 0.896873 0 0.442288
    outer loop
      vertex 6.43358 6.1 7.09939
      vertex 6.23109 6 7.51
      vertex 6.43358 6 7.09939
    endloop
  endfacet
  facet normal -0.195095 0 0.980784
    outer loop
      vertex 2.29413 -0.0999994 9.14074
      vertex 2.74316 -4.9 9.23006
      vertex 2.74316 -0.0999994 9.23006
    endloop
  endfacet
  facet normal -0.195095 0 0.980784
    outer loop
      vertex 2.74316 -4.9 9.23006
      vertex 2.29413 -0.0999994 9.14074
      vertex 2.29413 -4.9 9.14074
    endloop
  endfacet
  facet normal -0.195095 0 0.980784
    outer loop
      vertex 2.29413 6.1 9.14074
      vertex 2.74316 6 9.23006
      vertex 2.74316 6.1 9.23006
    endloop
  endfacet
  facet normal -0.195095 0 0.980784
    outer loop
      vertex 2.74316 6 9.23006
      vertex 2.29413 6.1 9.14074
      vertex 2.29413 6 9.14074
    endloop
  endfacet
  facet normal -0.831466 0 0.555575
    outer loop
      vertex 0.168911 6 7.51
      vertex 0.423263 6.1 7.89066
      vertex 0.168911 6.1 7.51
    endloop
  endfacet
  facet normal -0.831466 0 0.555575
    outer loop
      vertex 0.423263 6.1 7.89066
      vertex 0.168911 6 7.51
      vertex 0.423263 6 7.89066
    endloop
  endfacet
  facet normal -0.831466 0 0.555575
    outer loop
      vertex 0.168911 -4.9 7.51
      vertex 0.423263 -0.0999994 7.89066
      vertex 0.168911 -0.0999994 7.51
    endloop
  endfacet
  facet normal -0.831466 0 0.555575
    outer loop
      vertex 0.423263 -0.0999994 7.89066
      vertex 0.168911 -4.9 7.51
      vertex 0.423263 -4.9 7.89066
    endloop
  endfacet
  facet normal 0.442288 0 0.896873
    outer loop
      vertex 4.53939 -0.0999994 8.99358
      vertex 4.95 -4.9 8.79109
      vertex 4.95 -0.0999994 8.79109
    endloop
  endfacet
  facet normal 0.442288 0 0.896873
    outer loop
      vertex 4.95 -4.9 8.79109
      vertex 4.53939 -0.0999994 8.99358
      vertex 4.53939 -4.9 8.99358
    endloop
  endfacet
  facet normal 0.442288 0 0.896873
    outer loop
      vertex 4.53939 6.1 8.99358
      vertex 4.95 6 8.79109
      vertex 4.95 6.1 8.79109
    endloop
  endfacet
  facet normal 0.442288 0 0.896873
    outer loop
      vertex 4.95 6 8.79109
      vertex 4.53939 6.1 8.99358
      vertex 4.53939 6 8.99358
    endloop
  endfacet
  facet normal -0.751842 0 0.659343
    outer loop
      vertex 0.423263 6 7.89066
      vertex 0.725125 6.1 8.23487
      vertex 0.423263 6.1 7.89066
    endloop
  endfacet
  facet normal -0.751842 0 0.659343
    outer loop
      vertex 0.725125 6.1 8.23487
      vertex 0.423263 6 7.89066
      vertex 0.725125 6 8.23487
    endloop
  endfacet
  facet normal -0.751842 0 0.659343
    outer loop
      vertex 0.423263 -4.9 7.89066
      vertex 0.725125 -0.0999994 8.23487
      vertex 0.423263 -0.0999994 7.89066
    endloop
  endfacet
  facet normal -0.751842 0 0.659343
    outer loop
      vertex 0.725125 -0.0999994 8.23487
      vertex 0.423263 -4.9 7.89066
      vertex 0.725125 -4.9 8.23487
    endloop
  endfacet
  facet normal -0.997859 0 -0.0654012
    outer loop
      vertex -0.270057 -4.9 5.30316
      vertex -0.299999 4 5.76
      vertex -0.270057 4 5.30316
    endloop
  endfacet
  facet normal -0.997859 -0 -0.0654012
    outer loop
      vertex -0.299999 4 5.76
      vertex -0.270057 -4.9 5.30316
      vertex -0.299999 -4.9 5.76
    endloop
  endfacet
  facet normal -0.997859 0 -0.0654012
    outer loop
      vertex -0.270057 6 5.30316
      vertex -0.299999 6.1 5.76
      vertex -0.270057 6.1 5.30316
    endloop
  endfacet
  facet normal -0.997859 -0 -0.0654012
    outer loop
      vertex -0.299999 6.1 5.76
      vertex -0.270057 6 5.30316
      vertex -0.299999 6 5.76
    endloop
  endfacet
  facet normal -0.946929 0 0.321443
    outer loop
      vertex -0.18074 -4.9 6.66587
      vertex -0.0335779 4 7.09939
      vertex -0.18074 4 6.66587
    endloop
  endfacet
  facet normal -0.946929 0 0.321443
    outer loop
      vertex -0.0335779 4 7.09939
      vertex -0.18074 -4.9 6.66587
      vertex -0.0335779 -4.9 7.09939
    endloop
  endfacet
  facet normal -0.946929 0 0.321443
    outer loop
      vertex -0.18074 6 6.66587
      vertex -0.0335779 6.1 7.09939
      vertex -0.18074 6.1 6.66587
    endloop
  endfacet
  facet normal -0.946929 0 0.321443
    outer loop
      vertex -0.0335779 6.1 7.09939
      vertex -0.18074 6 6.66587
      vertex -0.0335779 6 7.09939
    endloop
  endfacet
  facet normal -0.751833 0 -0.659354
    outer loop
      vertex 0.725125 -4.9 23.7651
      vertex 0.423263 -0.0999994 24.1093
      vertex 0.725125 -0.0999994 23.7651
    endloop
  endfacet
  facet normal -0.751833 -0 -0.659354
    outer loop
      vertex 0.423263 -0.0999994 24.1093
      vertex 0.725125 -4.9 23.7651
      vertex 0.423263 -4.9 24.1093
    endloop
  endfacet
  facet normal -0.751833 0 -0.659354
    outer loop
      vertex 0.725125 6 23.7651
      vertex 0.423263 6.1 24.1093
      vertex 0.725125 6.1 23.7651
    endloop
  endfacet
  facet normal -0.751833 -0 -0.659354
    outer loop
      vertex 0.423263 6.1 24.1093
      vertex 0.725125 6 23.7651
      vertex 0.423263 6 24.1093
    endloop
  endfacet
  facet normal -0.980791 0 0.19506
    outer loop
      vertex -0.270057 6 26.6968
      vertex -0.18074 6.1 27.1459
      vertex -0.270057 6.1 26.6968
    endloop
  endfacet
  facet normal -0.980791 0 0.19506
    outer loop
      vertex -0.18074 6.1 27.1459
      vertex -0.270057 6 26.6968
      vertex -0.18074 6 27.1459
    endloop
  endfacet
  facet normal -0.980791 0 0.19506
    outer loop
      vertex -0.270057 -4.9 26.6968
      vertex -0.18074 4 27.1459
      vertex -0.270057 4 26.6968
    endloop
  endfacet
  facet normal -0.980791 0 0.19506
    outer loop
      vertex -0.18074 4 27.1459
      vertex -0.270057 -4.9 26.6968
      vertex -0.18074 -4.9 27.1459
    endloop
  endfacet
  facet normal 0.98079 -0 0.195066
    outer loop
      vertex 6.58074 6 27.1459
      vertex 6.67006 6.1 26.6968
      vertex 6.58074 6.1 27.1459
    endloop
  endfacet
  facet normal 0.98079 0 0.195066
    outer loop
      vertex 6.67006 6.1 26.6968
      vertex 6.58074 6 27.1459
      vertex 6.67006 6 26.6968
    endloop
  endfacet
  facet normal 0.98079 -0 0.195066
    outer loop
      vertex 6.58074 -4.9 27.1459
      vertex 6.67006 -0.0999994 26.6968
      vertex 6.58074 -0.0999994 27.1459
    endloop
  endfacet
  facet normal 0.98079 0 0.195066
    outer loop
      vertex 6.67006 -0.0999994 26.6968
      vertex 6.58074 -4.9 27.1459
      vertex 6.67006 -4.9 26.6968
    endloop
  endfacet
  facet normal 0.997859 -0 0.0654026
    outer loop
      vertex 6.67006 6 26.6968
      vertex 6.7 6.1 26.24
      vertex 6.67006 6.1 26.6968
    endloop
  endfacet
  facet normal 0.997859 0 0.0654026
    outer loop
      vertex 6.7 6.1 26.24
      vertex 6.67006 6 26.6968
      vertex 6.7 6 26.24
    endloop
  endfacet
  facet normal 0.997859 -0 0.0654026
    outer loop
      vertex 6.67006 -4.9 26.6968
      vertex 6.7 -0.0999994 26.24
      vertex 6.67006 -0.0999994 26.6968
    endloop
  endfacet
  facet normal 0.997859 0 0.0654026
    outer loop
      vertex 6.7 -0.0999994 26.24
      vertex 6.67006 -4.9 26.6968
      vertex 6.7 -4.9 26.24
    endloop
  endfacet
  facet normal -0.195263 0 -0.980751
    outer loop
      vertex 2.29413 -4.9 22.8593
      vertex 2.74316 -0.0999994 22.7699
      vertex 2.74316 -4.9 22.7699
    endloop
  endfacet
  facet normal -0.195263 0 -0.980751
    outer loop
      vertex 2.74316 -0.0999994 22.7699
      vertex 2.29413 -4.9 22.8593
      vertex 2.29413 -0.0999994 22.8593
    endloop
  endfacet
  facet normal -0.195263 0 -0.980751
    outer loop
      vertex 2.29413 6 22.8593
      vertex 2.74316 6.1 22.7699
      vertex 2.74316 6 22.7699
    endloop
  endfacet
  facet normal -0.195263 0 -0.980751
    outer loop
      vertex 2.74316 6.1 22.7699
      vertex 2.29413 6 22.8593
      vertex 2.29413 6.1 22.8593
    endloop
  endfacet
  facet normal 0.98079 0 -0.195066
    outer loop
      vertex 6.67006 -4.9 25.7832
      vertex 6.58074 -0.0999994 25.3341
      vertex 6.67006 -0.0999994 25.7832
    endloop
  endfacet
  facet normal 0.98079 0 -0.195066
    outer loop
      vertex 6.58074 -0.0999994 25.3341
      vertex 6.67006 -4.9 25.7832
      vertex 6.58074 -4.9 25.3341
    endloop
  endfacet
  facet normal 0.98079 0 -0.195066
    outer loop
      vertex 6.67006 6 25.7832
      vertex 6.58074 6.1 25.3341
      vertex 6.67006 6.1 25.7832
    endloop
  endfacet
  facet normal 0.98079 0 -0.195066
    outer loop
      vertex 6.58074 6.1 25.3341
      vertex 6.67006 6 25.7832
      vertex 6.58074 6 25.3341
    endloop
  endfacet
  facet normal 0.321322 0 0.94697
    outer loop
      vertex 4.10587 -0.0999994 29.6207
      vertex 4.53939 -4.9 29.4736
      vertex 4.53939 -0.0999994 29.4736
    endloop
  endfacet
  facet normal 0.321322 0 0.94697
    outer loop
      vertex 4.53939 -4.9 29.4736
      vertex 4.10587 -0.0999994 29.6207
      vertex 4.10587 -4.9 29.6207
    endloop
  endfacet
  facet normal 0.321322 0 0.94697
    outer loop
      vertex 4.10587 6.1 29.6207
      vertex 4.53939 6 29.4736
      vertex 4.53939 6.1 29.4736
    endloop
  endfacet
  facet normal 0.321322 0 0.94697
    outer loop
      vertex 4.53939 6 29.4736
      vertex 4.10587 6.1 29.6207
      vertex 4.10587 6 29.6207
    endloop
  endfacet
  facet normal 0.195263 0 0.980751
    outer loop
      vertex 3.65684 -0.0999994 29.7101
      vertex 4.10587 -4.9 29.6207
      vertex 4.10587 -0.0999994 29.6207
    endloop
  endfacet
  facet normal 0.195263 0 0.980751
    outer loop
      vertex 4.10587 -4.9 29.6207
      vertex 3.65684 -0.0999994 29.7101
      vertex 3.65684 -4.9 29.7101
    endloop
  endfacet
  facet normal 0.195263 0 0.980751
    outer loop
      vertex 3.65684 6.1 29.7101
      vertex 4.10587 6 29.6207
      vertex 4.10587 6.1 29.6207
    endloop
  endfacet
  facet normal 0.195263 0 0.980751
    outer loop
      vertex 4.10587 6 29.6207
      vertex 3.65684 6.1 29.7101
      vertex 3.65684 6 29.7101
    endloop
  endfacet
  facet normal 0.946926 -0 0.321452
    outer loop
      vertex 6.43358 -4.9 27.5794
      vertex 6.58074 -0.0999994 27.1459
      vertex 6.43358 -0.0999994 27.5794
    endloop
  endfacet
  facet normal 0.946926 0 0.321452
    outer loop
      vertex 6.58074 -0.0999994 27.1459
      vertex 6.43358 -4.9 27.5794
      vertex 6.58074 -4.9 27.1459
    endloop
  endfacet
  facet normal 0.946926 -0 0.321452
    outer loop
      vertex 6.43358 6 27.5794
      vertex 6.58074 6.1 27.1459
      vertex 6.43358 6.1 27.5794
    endloop
  endfacet
  facet normal 0.946926 0 0.321452
    outer loop
      vertex 6.58074 6.1 27.1459
      vertex 6.43358 6 27.5794
      vertex 6.58074 6 27.1459
    endloop
  endfacet
  facet normal 0.751824 0 -0.659364
    outer loop
      vertex 5.97674 -4.9 24.1093
      vertex 5.67487 -0.0999994 23.7651
      vertex 5.97674 -0.0999994 24.1093
    endloop
  endfacet
  facet normal 0.751824 0 -0.659364
    outer loop
      vertex 5.67487 -0.0999994 23.7651
      vertex 5.97674 -4.9 24.1093
      vertex 5.67487 -4.9 23.7651
    endloop
  endfacet
  facet normal 0.751824 0 -0.659364
    outer loop
      vertex 5.97674 6 24.1093
      vertex 5.67487 6.1 23.7651
      vertex 5.97674 6.1 24.1093
    endloop
  endfacet
  facet normal 0.751824 0 -0.659364
    outer loop
      vertex 5.67487 6.1 23.7651
      vertex 5.97674 6 24.1093
      vertex 5.67487 6 23.7651
    endloop
  endfacet
  facet normal 0.831495 0 -0.555532
    outer loop
      vertex 6.23109 -4.9 24.49
      vertex 5.97674 -0.0999994 24.1093
      vertex 6.23109 -0.0999994 24.49
    endloop
  endfacet
  facet normal 0.831495 0 -0.555532
    outer loop
      vertex 5.97674 -0.0999994 24.1093
      vertex 6.23109 -4.9 24.49
      vertex 5.97674 -4.9 24.1093
    endloop
  endfacet
  facet normal 0.831495 0 -0.555532
    outer loop
      vertex 6.23109 6 24.49
      vertex 5.97674 6.1 24.1093
      vertex 6.23109 6.1 24.49
    endloop
  endfacet
  facet normal 0.831495 0 -0.555532
    outer loop
      vertex 5.97674 6.1 24.1093
      vertex 6.23109 6 24.49
      vertex 5.97674 6 24.1093
    endloop
  endfacet
  facet normal -0.831493 0 -0.555535
    outer loop
      vertex 0.423263 -4.9 24.1093
      vertex 0.168911 -0.0999994 24.49
      vertex 0.423263 -0.0999994 24.1093
    endloop
  endfacet
  facet normal -0.831493 -0 -0.555535
    outer loop
      vertex 0.168911 -0.0999994 24.49
      vertex 0.423263 -4.9 24.1093
      vertex 0.168911 -4.9 24.49
    endloop
  endfacet
  facet normal -0.831493 0 -0.555535
    outer loop
      vertex 0.423263 6 24.1093
      vertex 0.168911 6.1 24.49
      vertex 0.423263 6.1 24.1093
    endloop
  endfacet
  facet normal -0.831493 -0 -0.555535
    outer loop
      vertex 0.168911 6.1 24.49
      vertex 0.423263 6 24.1093
      vertex 0.168911 6 24.49
    endloop
  endfacet
  facet normal 0 -1 0
    outer loop
      vertex 2.74316 -4.9 29.7101
      vertex 3.65684 -4.9 29.7101
      vertex 3.2 -4.9 29.74
    endloop
  endfacet
  facet normal 0 -1 0
    outer loop
      vertex 2.29413 -4.9 29.6207
      vertex 3.65684 -4.9 29.7101
      vertex 2.74316 -4.9 29.7101
    endloop
  endfacet
  facet normal 0 -1 0
    outer loop
      vertex 2.29413 -4.9 29.6207
      vertex 4.10587 -4.9 29.6207
      vertex 3.65684 -4.9 29.7101
    endloop
  endfacet
  facet normal 0 -1 0
    outer loop
      vertex 1.86061 -4.9 29.4736
      vertex 4.10587 -4.9 29.6207
      vertex 2.29413 -4.9 29.6207
    endloop
  endfacet
  facet normal 0 -1 0
    outer loop
      vertex 1.86061 -4.9 29.4736
      vertex 4.53939 -4.9 29.4736
      vertex 4.10587 -4.9 29.6207
    endloop
  endfacet
  facet normal 0 -1 0
    outer loop
      vertex 1.45 -4.9 29.2711
      vertex 4.53939 -4.9 29.4736
      vertex 1.86061 -4.9 29.4736
    endloop
  endfacet
  facet normal 0 -1 0
    outer loop
      vertex 1.45 -4.9 29.2711
      vertex 4.95 -4.9 29.2711
      vertex 4.53939 -4.9 29.4736
    endloop
  endfacet
  facet normal 0 -1 0
    outer loop
      vertex 1.06933 -4.9 29.0167
      vertex 4.95 -4.9 29.2711
      vertex 1.45 -4.9 29.2711
    endloop
  endfacet
  facet normal 0 -1 0
    outer loop
      vertex 1.06933 -4.9 29.0167
      vertex 5.33066 -4.9 29.0167
      vertex 4.95 -4.9 29.2711
    endloop
  endfacet
  facet normal 0 -1 0
    outer loop
      vertex 0.725125 -4.9 28.7149
      vertex 5.33066 -4.9 29.0167
      vertex 1.06933 -4.9 29.0167
    endloop
  endfacet
  facet normal 0 -1 0
    outer loop
      vertex 0.725125 -4.9 28.7149
      vertex 5.67487 -4.9 28.7149
      vertex 5.33066 -4.9 29.0167
    endloop
  endfacet
  facet normal 0 -1 0
    outer loop
      vertex 0.423263 -4.9 28.3707
      vertex 5.67487 -4.9 28.7149
      vertex 0.725125 -4.9 28.7149
    endloop
  endfacet
  facet normal 0 -1 0
    outer loop
      vertex 0.423263 -4.9 28.3707
      vertex 5.97674 -4.9 28.3707
      vertex 5.67487 -4.9 28.7149
    endloop
  endfacet
  facet normal 0 -1 0
    outer loop
      vertex 0.168911 -4.9 27.99
      vertex 5.97674 -4.9 28.3707
      vertex 0.423263 -4.9 28.3707
    endloop
  endfacet
  facet normal 0 -1 0
    outer loop
      vertex 0.168911 -4.9 27.99
      vertex 6.23109 -4.9 27.99
      vertex 5.97674 -4.9 28.3707
    endloop
  endfacet
  facet normal 0 -1 0
    outer loop
      vertex -0.0335779 -4.9 27.5794
      vertex 6.23109 -4.9 27.99
      vertex 0.168911 -4.9 27.99
    endloop
  endfacet
  facet normal 0 -1 0
    outer loop
      vertex -0.0335779 -4.9 27.5794
      vertex 6.43358 -4.9 27.5794
      vertex 6.23109 -4.9 27.99
    endloop
  endfacet
  facet normal 0 -1 0
    outer loop
      vertex -0.18074 -4.9 27.1459
      vertex 6.43358 -4.9 27.5794
      vertex -0.0335779 -4.9 27.5794
    endloop
  endfacet
  facet normal 0 -1 0
    outer loop
      vertex -0.18074 -4.9 27.1459
      vertex 6.58074 -4.9 27.1459
      vertex 6.43358 -4.9 27.5794
    endloop
  endfacet
  facet normal 0 -1 0
    outer loop
      vertex -0.270057 -4.9 26.6968
      vertex 6.58074 -4.9 27.1459
      vertex -0.18074 -4.9 27.1459
    endloop
  endfacet
  facet normal 0 -1 0
    outer loop
      vertex -0.270057 -4.9 26.6968
      vertex 6.67006 -4.9 26.6968
      vertex 6.58074 -4.9 27.1459
    endloop
  endfacet
  facet normal 0 -1 0
    outer loop
      vertex -0.299999 -4.9 26.24
      vertex 6.67006 -4.9 26.6968
      vertex -0.270057 -4.9 26.6968
    endloop
  endfacet
  facet normal 0 -1 0
    outer loop
      vertex -0.299999 -4.9 26.24
      vertex 6.7 -4.9 26.24
      vertex 6.67006 -4.9 26.6968
    endloop
  endfacet
  facet normal 0 -1 0
    outer loop
      vertex -0.270057 -4.9 25.7832
      vertex 6.7 -4.9 26.24
      vertex -0.299999 -4.9 26.24
    endloop
  endfacet
  facet normal 0 -1 0
    outer loop
      vertex -0.270057 -4.9 25.7832
      vertex 6.67006 -4.9 25.7832
      vertex 6.7 -4.9 26.24
    endloop
  endfacet
  facet normal 0 -1 0
    outer loop
      vertex -0.18074 -4.9 25.3341
      vertex 6.67006 -4.9 25.7832
      vertex -0.270057 -4.9 25.7832
    endloop
  endfacet
  facet normal 0 -1 0
    outer loop
      vertex -0.18074 -4.9 25.3341
      vertex 6.58074 -4.9 25.3341
      vertex 6.67006 -4.9 25.7832
    endloop
  endfacet
  facet normal 0 -1 0
    outer loop
      vertex -0.0335779 -4.9 24.9006
      vertex 6.58074 -4.9 25.3341
      vertex -0.18074 -4.9 25.3341
    endloop
  endfacet
  facet normal 0 -1 0
    outer loop
      vertex -0.0335779 -4.9 24.9006
      vertex 6.43358 -4.9 24.9006
      vertex 6.58074 -4.9 25.3341
    endloop
  endfacet
  facet normal 0 -1 0
    outer loop
      vertex 0.168911 -4.9 24.49
      vertex 6.43358 -4.9 24.9006
      vertex -0.0335779 -4.9 24.9006
    endloop
  endfacet
  facet normal 0 -1 0
    outer loop
      vertex 0.168911 -4.9 24.49
      vertex 6.23109 -4.9 24.49
      vertex 6.43358 -4.9 24.9006
    endloop
  endfacet
  facet normal 0 -1 0
    outer loop
      vertex 0.423263 -4.9 24.1093
      vertex 6.23109 -4.9 24.49
      vertex 0.168911 -4.9 24.49
    endloop
  endfacet
  facet normal 0 -1 0
    outer loop
      vertex 0.423263 -4.9 24.1093
      vertex 5.97674 -4.9 24.1093
      vertex 6.23109 -4.9 24.49
    endloop
  endfacet
  facet normal 0 -1 0
    outer loop
      vertex 0.725125 -4.9 23.7651
      vertex 5.97674 -4.9 24.1093
      vertex 0.423263 -4.9 24.1093
    endloop
  endfacet
  facet normal 0 -1 0
    outer loop
      vertex 0.725125 -4.9 23.7651
      vertex 5.67487 -4.9 23.7651
      vertex 5.97674 -4.9 24.1093
    endloop
  endfacet
  facet normal 0 -1 0
    outer loop
      vertex 1.06933 -4.9 23.4633
      vertex 5.67487 -4.9 23.7651
      vertex 0.725125 -4.9 23.7651
    endloop
  endfacet
  facet normal 0 -1 0
    outer loop
      vertex 1.06933 -4.9 23.4633
      vertex 5.33066 -4.9 23.4633
      vertex 5.67487 -4.9 23.7651
    endloop
  endfacet
  facet normal 0 -1 0
    outer loop
      vertex 1.45 -4.9 23.2089
      vertex 5.33066 -4.9 23.4633
      vertex 1.06933 -4.9 23.4633
    endloop
  endfacet
  facet normal 0 -1 0
    outer loop
      vertex 1.45 -4.9 23.2089
      vertex 4.95 -4.9 23.2089
      vertex 5.33066 -4.9 23.4633
    endloop
  endfacet
  facet normal 0 -1 0
    outer loop
      vertex 1.86061 -4.9 23.0064
      vertex 4.95 -4.9 23.2089
      vertex 1.45 -4.9 23.2089
    endloop
  endfacet
  facet normal 0 -1 0
    outer loop
      vertex 1.86061 -4.9 23.0064
      vertex 4.53939 -4.9 23.0064
      vertex 4.95 -4.9 23.2089
    endloop
  endfacet
  facet normal 0 -1 0
    outer loop
      vertex 2.29413 -4.9 22.8593
      vertex 4.53939 -4.9 23.0064
      vertex 1.86061 -4.9 23.0064
    endloop
  endfacet
  facet normal 0 -1 0
    outer loop
      vertex 2.29413 -4.9 22.8593
      vertex 4.10587 -4.9 22.8593
      vertex 4.53939 -4.9 23.0064
    endloop
  endfacet
  facet normal 0 -1 0
    outer loop
      vertex 2.74316 -4.9 22.7699
      vertex 4.10587 -4.9 22.8593
      vertex 2.29413 -4.9 22.8593
    endloop
  endfacet
  facet normal 0 -1 0
    outer loop
      vertex 2.74316 -4.9 22.7699
      vertex 3.65684 -4.9 22.7699
      vertex 4.10587 -4.9 22.8593
    endloop
  endfacet
  facet normal -0 -1 0
    outer loop
      vertex 3.65684 -4.9 22.7699
      vertex 2.74316 -4.9 22.7699
      vertex 3.2 -4.9 22.74
    endloop
  endfacet
  facet normal -0.831493 0 0.555535
    outer loop
      vertex 0.168911 -4.9 27.99
      vertex 0.423263 -0.0999994 28.3707
      vertex 0.168911 -0.0999994 27.99
    endloop
  endfacet
  facet normal -0.831493 0 0.555535
    outer loop
      vertex 0.423263 -0.0999994 28.3707
      vertex 0.168911 -4.9 27.99
      vertex 0.423263 -4.9 28.3707
    endloop
  endfacet
  facet normal -0.831493 0 0.555535
    outer loop
      vertex 0.168911 6 27.99
      vertex 0.423263 6.1 28.3707
      vertex 0.168911 6.1 27.99
    endloop
  endfacet
  facet normal -0.831493 0 0.555535
    outer loop
      vertex 0.423263 6.1 28.3707
      vertex 0.168911 6 27.99
      vertex 0.423263 6 28.3707
    endloop
  endfacet
  facet normal 0.555647 0 -0.831418
    outer loop
      vertex 4.95 -4.9 23.2089
      vertex 5.33066 -0.0999994 23.4633
      vertex 5.33066 -4.9 23.4633
    endloop
  endfacet
  facet normal 0.555647 0 -0.831418
    outer loop
      vertex 5.33066 -0.0999994 23.4633
      vertex 4.95 -4.9 23.2089
      vertex 4.95 -0.0999994 23.2089
    endloop
  endfacet
  facet normal 0.555647 0 -0.831418
    outer loop
      vertex 4.95 6 23.2089
      vertex 5.33066 6.1 23.4633
      vertex 5.33066 6 23.4633
    endloop
  endfacet
  facet normal 0.555647 0 -0.831418
    outer loop
      vertex 5.33066 6.1 23.4633
      vertex 4.95 6 23.2089
      vertex 4.95 6.1 23.2089
    endloop
  endfacet
  facet normal 0.442305 0 -0.896864
    outer loop
      vertex 4.53939 -4.9 23.0064
      vertex 4.95 -0.0999994 23.2089
      vertex 4.95 -4.9 23.2089
    endloop
  endfacet
  facet normal 0.442305 0 -0.896864
    outer loop
      vertex 4.95 -0.0999994 23.2089
      vertex 4.53939 -4.9 23.0064
      vertex 4.53939 -0.0999994 23.0064
    endloop
  endfacet
  facet normal 0.442305 0 -0.896864
    outer loop
      vertex 4.53939 6 23.0064
      vertex 4.95 6.1 23.2089
      vertex 4.95 6 23.2089
    endloop
  endfacet
  facet normal 0.442305 0 -0.896864
    outer loop
      vertex 4.95 6.1 23.2089
      vertex 4.53939 6 23.0064
      vertex 4.53939 6.1 23.0064
    endloop
  endfacet
  facet normal -0.0653099 0 0.997865
    outer loop
      vertex 2.74316 -0.0999994 29.7101
      vertex 3.2 -4.9 29.74
      vertex 3.2 -0.0999994 29.74
    endloop
  endfacet
  facet normal -0.0653099 0 0.997865
    outer loop
      vertex 3.2 -4.9 29.74
      vertex 2.74316 -0.0999994 29.7101
      vertex 2.74316 -4.9 29.7101
    endloop
  endfacet
  facet normal -0.0653099 0 0.997865
    outer loop
      vertex 2.74316 6.1 29.7101
      vertex 3.2 6 29.74
      vertex 3.2 6.1 29.74
    endloop
  endfacet
  facet normal -0.0653099 0 0.997865
    outer loop
      vertex 3.2 6 29.74
      vertex 2.74316 6.1 29.7101
      vertex 2.74316 6 29.7101
    endloop
  endfacet
  facet normal -0.980791 0 -0.19506
    outer loop
      vertex -0.18074 -4.9 25.3341
      vertex -0.270057 4 25.7832
      vertex -0.18074 4 25.3341
    endloop
  endfacet
  facet normal -0.980791 -0 -0.19506
    outer loop
      vertex -0.270057 4 25.7832
      vertex -0.18074 -4.9 25.3341
      vertex -0.270057 -4.9 25.7832
    endloop
  endfacet
  facet normal -0.980791 0 -0.19506
    outer loop
      vertex -0.18074 6 25.3341
      vertex -0.270057 6.1 25.7832
      vertex -0.18074 6.1 25.3341
    endloop
  endfacet
  facet normal -0.980791 -0 -0.19506
    outer loop
      vertex -0.270057 6.1 25.7832
      vertex -0.18074 6 25.3341
      vertex -0.270057 6 25.7832
    endloop
  endfacet
  facet normal -0.8969 0 0.442233
    outer loop
      vertex -0.0335779 4 27.5794
      vertex 0 -0.0999994 27.6475
      vertex 0 4 27.6475
    endloop
  endfacet
  facet normal -0.8969 0 0.442233
    outer loop
      vertex -0.0335779 -4.9 27.5794
      vertex 0 -0.0999994 27.6475
      vertex -0.0335779 4 27.5794
    endloop
  endfacet
  facet normal -0.89687 -1.09595e-06 0.442295
    outer loop
      vertex 0.168911 -4.9 27.99
      vertex 0 -0.0999994 27.6475
      vertex -0.0335779 -4.9 27.5794
    endloop
  endfacet
  facet normal -0.896864 0 0.442307
    outer loop
      vertex 0 -0.0999994 27.6475
      vertex 0.168911 -4.9 27.99
      vertex 0.168911 -0.0999994 27.99
    endloop
  endfacet
  facet normal -0.89687 0 0.442295
    outer loop
      vertex -0.0335779 6 27.5794
      vertex 0.168911 6.1 27.99
      vertex -0.0335779 6.1 27.5794
    endloop
  endfacet
  facet normal -0.89687 0 0.442295
    outer loop
      vertex 0.168911 6.1 27.99
      vertex -0.0335779 6 27.5794
      vertex 0.168911 6 27.99
    endloop
  endfacet
  facet normal -0.946924 0 -0.321456
    outer loop
      vertex -0.0335779 6 24.9006
      vertex -0.18074 6.1 25.3341
      vertex -0.0335779 6.1 24.9006
    endloop
  endfacet
  facet normal -0.946924 -0 -0.321456
    outer loop
      vertex -0.18074 6.1 25.3341
      vertex -0.0335779 6 24.9006
      vertex -0.18074 6 25.3341
    endloop
  endfacet
  facet normal -0.946924 0 -0.321456
    outer loop
      vertex -0.0335779 -4.9 24.9006
      vertex -0.18074 4 25.3341
      vertex -0.0335779 4 24.9006
    endloop
  endfacet
  facet normal -0.946924 -0 -0.321456
    outer loop
      vertex -0.18074 4 25.3341
      vertex -0.0335779 -4.9 24.9006
      vertex -0.18074 -4.9 25.3341
    endloop
  endfacet
  facet normal -0.997859 0 -0.0654069
    outer loop
      vertex -0.270057 -4.9 25.7832
      vertex -0.299999 4 26.24
      vertex -0.270057 4 25.7832
    endloop
  endfacet
  facet normal -0.997859 -0 -0.0654069
    outer loop
      vertex -0.299999 4 26.24
      vertex -0.270057 -4.9 25.7832
      vertex -0.299999 -4.9 26.24
    endloop
  endfacet
  facet normal -0.997859 0 -0.0654069
    outer loop
      vertex -0.270057 6 25.7832
      vertex -0.299999 6.1 26.24
      vertex -0.270057 6.1 25.7832
    endloop
  endfacet
  facet normal -0.997859 -0 -0.0654069
    outer loop
      vertex -0.299999 6.1 26.24
      vertex -0.270057 6 25.7832
      vertex -0.299999 6 26.24
    endloop
  endfacet
  facet normal -0.659272 0 -0.751904
    outer loop
      vertex 0.725125 -4.9 23.7651
      vertex 1.06933 -0.0999994 23.4633
      vertex 1.06933 -4.9 23.4633
    endloop
  endfacet
  facet normal -0.659272 0 -0.751904
    outer loop
      vertex 1.06933 -0.0999994 23.4633
      vertex 0.725125 -4.9 23.7651
      vertex 0.725125 -0.0999994 23.7651
    endloop
  endfacet
  facet normal -0.659272 0 -0.751904
    outer loop
      vertex 0.725125 6 23.7651
      vertex 1.06933 6.1 23.4633
      vertex 1.06933 6 23.4633
    endloop
  endfacet
  facet normal -0.659272 0 -0.751904
    outer loop
      vertex 1.06933 6.1 23.4633
      vertex 0.725125 6 23.7651
      vertex 0.725125 6.1 23.7651
    endloop
  endfacet
  facet normal -0.751833 0 0.659354
    outer loop
      vertex 0.423263 6 28.3707
      vertex 0.725125 6.1 28.7149
      vertex 0.423263 6.1 28.3707
    endloop
  endfacet
  facet normal -0.751833 0 0.659354
    outer loop
      vertex 0.725125 6.1 28.7149
      vertex 0.423263 6 28.3707
      vertex 0.725125 6 28.7149
    endloop
  endfacet
  facet normal -0.751833 0 0.659354
    outer loop
      vertex 0.423263 -4.9 28.3707
      vertex 0.725125 -0.0999994 28.7149
      vertex 0.423263 -0.0999994 28.3707
    endloop
  endfacet
  facet normal -0.751833 0 0.659354
    outer loop
      vertex 0.725125 -0.0999994 28.7149
      vertex 0.423263 -4.9 28.3707
      vertex 0.725125 -4.9 28.7149
    endloop
  endfacet
  facet normal 0.195263 0 -0.980751
    outer loop
      vertex 3.65684 -4.9 22.7699
      vertex 4.10587 -0.0999994 22.8593
      vertex 4.10587 -4.9 22.8593
    endloop
  endfacet
  facet normal 0.195263 0 -0.980751
    outer loop
      vertex 4.10587 -0.0999994 22.8593
      vertex 3.65684 -4.9 22.7699
      vertex 3.65684 -0.0999994 22.7699
    endloop
  endfacet
  facet normal 0.195263 0 -0.980751
    outer loop
      vertex 3.65684 6 22.7699
      vertex 4.10587 6.1 22.8593
      vertex 4.10587 6 22.8593
    endloop
  endfacet
  facet normal 0.195263 0 -0.980751
    outer loop
      vertex 4.10587 6.1 22.8593
      vertex 3.65684 6 22.7699
      vertex 3.65684 6.1 22.7699
    endloop
  endfacet
  facet normal -0.896864 -0 -0.442307
    outer loop
      vertex 0.168911 -0.0999994 24.49
      vertex 0.168911 -4.9 24.49
      vertex 0 -0.0999994 24.8325
    endloop
  endfacet
  facet normal -0.8969 0 -0.442233
    outer loop
      vertex 0 -0.0999994 24.8325
      vertex -0.0335779 4 24.9006
      vertex 0 4 24.8325
    endloop
  endfacet
  facet normal -0.8969 0 -0.442233
    outer loop
      vertex 0 -0.0999994 24.8325
      vertex -0.0335779 -4.9 24.9006
      vertex -0.0335779 4 24.9006
    endloop
  endfacet
  facet normal -0.89687 -1.09595e-06 -0.442295
    outer loop
      vertex -0.0335779 -4.9 24.9006
      vertex 0 -0.0999994 24.8325
      vertex 0.168911 -4.9 24.49
    endloop
  endfacet
  facet normal -0.89687 0 -0.442295
    outer loop
      vertex 0.168911 6 24.49
      vertex -0.0335779 6.1 24.9006
      vertex 0.168911 6.1 24.49
    endloop
  endfacet
  facet normal -0.89687 -0 -0.442295
    outer loop
      vertex -0.0335779 6.1 24.9006
      vertex 0.168911 6 24.49
      vertex -0.0335779 6 24.9006
    endloop
  endfacet
  facet normal 0.831495 -0 0.555532
    outer loop
      vertex 5.97674 -4.9 28.3707
      vertex 6.23109 -0.0999994 27.99
      vertex 5.97674 -0.0999994 28.3707
    endloop
  endfacet
  facet normal 0.831495 0 0.555532
    outer loop
      vertex 6.23109 -0.0999994 27.99
      vertex 5.97674 -4.9 28.3707
      vertex 6.23109 -4.9 27.99
    endloop
  endfacet
  facet normal 0.831495 -0 0.555532
    outer loop
      vertex 5.97674 6 28.3707
      vertex 6.23109 6.1 27.99
      vertex 5.97674 6.1 28.3707
    endloop
  endfacet
  facet normal 0.831495 0 0.555532
    outer loop
      vertex 6.23109 6.1 27.99
      vertex 5.97674 6 28.3707
      vertex 6.23109 6 27.99
    endloop
  endfacet
  facet normal -0.442305 0 0.896864
    outer loop
      vertex 1.45 6.1 29.2711
      vertex 1.86061 6 29.4736
      vertex 1.86061 6.1 29.4736
    endloop
  endfacet
  facet normal -0.442305 0 0.896864
    outer loop
      vertex 1.86061 6 29.4736
      vertex 1.45 6.1 29.2711
      vertex 1.45 6 29.2711
    endloop
  endfacet
  facet normal -0.442305 0 0.896864
    outer loop
      vertex 1.45 -0.0999994 29.2711
      vertex 1.86061 -4.9 29.4736
      vertex 1.86061 -0.0999994 29.4736
    endloop
  endfacet
  facet normal -0.442305 0 0.896864
    outer loop
      vertex 1.86061 -4.9 29.4736
      vertex 1.45 -0.0999994 29.2711
      vertex 1.45 -4.9 29.2711
    endloop
  endfacet
  facet normal 0.321322 0 -0.94697
    outer loop
      vertex 4.10587 -4.9 22.8593
      vertex 4.53939 -0.0999994 23.0064
      vertex 4.53939 -4.9 23.0064
    endloop
  endfacet
  facet normal 0.321322 0 -0.94697
    outer loop
      vertex 4.53939 -0.0999994 23.0064
      vertex 4.10587 -4.9 22.8593
      vertex 4.10587 -0.0999994 22.8593
    endloop
  endfacet
  facet normal 0.321322 0 -0.94697
    outer loop
      vertex 4.10587 6 22.8593
      vertex 4.53939 6.1 23.0064
      vertex 4.53939 6 23.0064
    endloop
  endfacet
  facet normal 0.321322 0 -0.94697
    outer loop
      vertex 4.53939 6.1 23.0064
      vertex 4.10587 6 22.8593
      vertex 4.10587 6.1 22.8593
    endloop
  endfacet
  facet normal 0.555647 0 0.831418
    outer loop
      vertex 4.95 -0.0999994 29.2711
      vertex 5.33066 -4.9 29.0167
      vertex 5.33066 -0.0999994 29.0167
    endloop
  endfacet
  facet normal 0.555647 0 0.831418
    outer loop
      vertex 5.33066 -4.9 29.0167
      vertex 4.95 -0.0999994 29.2711
      vertex 4.95 -4.9 29.2711
    endloop
  endfacet
  facet normal 0.555647 0 0.831418
    outer loop
      vertex 4.95 6.1 29.2711
      vertex 5.33066 6 29.0167
      vertex 5.33066 6.1 29.0167
    endloop
  endfacet
  facet normal 0.555647 0 0.831418
    outer loop
      vertex 5.33066 6 29.0167
      vertex 4.95 6.1 29.2711
      vertex 4.95 6 29.2711
    endloop
  endfacet
  facet normal 0.659267 0 0.751909
    outer loop
      vertex 5.33066 6.1 29.0167
      vertex 5.67487 6 28.7149
      vertex 5.67487 6.1 28.7149
    endloop
  endfacet
  facet normal 0.659267 0 0.751909
    outer loop
      vertex 5.67487 6 28.7149
      vertex 5.33066 6.1 29.0167
      vertex 5.33066 6 29.0167
    endloop
  endfacet
  facet normal 0.659267 0 0.751909
    outer loop
      vertex 5.33066 -0.0999994 29.0167
      vertex 5.67487 -4.9 28.7149
      vertex 5.67487 -0.0999994 28.7149
    endloop
  endfacet
  facet normal 0.659267 0 0.751909
    outer loop
      vertex 5.67487 -4.9 28.7149
      vertex 5.33066 -0.0999994 29.0167
      vertex 5.33066 -4.9 29.0167
    endloop
  endfacet
  facet normal 0 1 0
    outer loop
      vertex 3.2 6.1 27.94
      vertex 3.2 6.1 29.74
      vertex 3.65684 6.1 29.7101
    endloop
  endfacet
  facet normal 0 1 0
    outer loop
      vertex 3.42189 6.1 27.9255
      vertex 3.65684 6.1 29.7101
      vertex 4.10587 6.1 29.6207
    endloop
  endfacet
  facet normal 0 1 0
    outer loop
      vertex 3.2 6.1 29.74
      vertex 3.2 6.1 27.94
      vertex 2.74316 6.1 29.7101
    endloop
  endfacet
  facet normal 0 1 0
    outer loop
      vertex 3.63999 6.1 27.8821
      vertex 4.10587 6.1 29.6207
      vertex 4.53939 6.1 29.4736
    endloop
  endfacet
  facet normal 0 1 -0
    outer loop
      vertex 2.9781 6.1 27.9255
      vertex 2.74316 6.1 29.7101
      vertex 3.2 6.1 27.94
    endloop
  endfacet
  facet normal 0 1 0
    outer loop
      vertex 3.85056 6.1 27.8106
      vertex 4.53939 6.1 29.4736
      vertex 4.95 6.1 29.2711
    endloop
  endfacet
  facet normal 0 1 0
    outer loop
      vertex 2.74316 6.1 29.7101
      vertex 2.9781 6.1 27.9255
      vertex 2.29413 6.1 29.6207
    endloop
  endfacet
  facet normal 0 1 0
    outer loop
      vertex 4.05 6.1 27.7122
      vertex 4.95 6.1 29.2711
      vertex 5.33066 6.1 29.0167
    endloop
  endfacet
  facet normal 0 1 -0
    outer loop
      vertex 2.76001 6.1 27.8821
      vertex 2.29413 6.1 29.6207
      vertex 2.9781 6.1 27.9255
    endloop
  endfacet
  facet normal 0 1 0
    outer loop
      vertex 4.23489 6.1 27.5887
      vertex 5.33066 6.1 29.0167
      vertex 5.67487 6.1 28.7149
    endloop
  endfacet
  facet normal 0 1 0
    outer loop
      vertex 2.29413 6.1 29.6207
      vertex 2.76001 6.1 27.8821
      vertex 1.86061 6.1 29.4736
    endloop
  endfacet
  facet normal 0 1 0
    outer loop
      vertex 4.40208 6.1 27.4421
      vertex 5.67487 6.1 28.7149
      vertex 5.97674 6.1 28.3707
    endloop
  endfacet
  facet normal 0 1 -0
    outer loop
      vertex 2.54944 6.1 27.8106
      vertex 1.86061 6.1 29.4736
      vertex 2.76001 6.1 27.8821
    endloop
  endfacet
  facet normal 0 1 0
    outer loop
      vertex 4.5487 6.1 27.2749
      vertex 5.97674 6.1 28.3707
      vertex 6.23109 6.1 27.99
    endloop
  endfacet
  facet normal 0 1 0
    outer loop
      vertex 1.86061 6.1 29.4736
      vertex 2.54944 6.1 27.8106
      vertex 1.45 6.1 29.2711
    endloop
  endfacet
  facet normal 0 1 -0
    outer loop
      vertex 2.35 6.1 27.7122
      vertex 1.45 6.1 29.2711
      vertex 2.54944 6.1 27.8106
    endloop
  endfacet
  facet normal 0 1 0
    outer loop
      vertex 3.65684 6.1 29.7101
      vertex 3.42189 6.1 27.9255
      vertex 3.2 6.1 27.94
    endloop
  endfacet
  facet normal 0 1 0
    outer loop
      vertex 4.10587 6.1 29.6207
      vertex 3.63999 6.1 27.8821
      vertex 3.42189 6.1 27.9255
    endloop
  endfacet
  facet normal 0 1 0
    outer loop
      vertex 4.53939 6.1 29.4736
      vertex 3.85056 6.1 27.8106
      vertex 3.63999 6.1 27.8821
    endloop
  endfacet
  facet normal 0 1 0
    outer loop
      vertex 4.95 6.1 29.2711
      vertex 4.05 6.1 27.7122
      vertex 3.85056 6.1 27.8106
    endloop
  endfacet
  facet normal 0 1 0
    outer loop
      vertex 5.33066 6.1 29.0167
      vertex 4.23489 6.1 27.5887
      vertex 4.05 6.1 27.7122
    endloop
  endfacet
  facet normal 0 1 0
    outer loop
      vertex 4.67224 6.1 27.09
      vertex 6.23109 6.1 27.99
      vertex 6.43358 6.1 27.5794
    endloop
  endfacet
  facet normal 0 1 0
    outer loop
      vertex 5.67487 6.1 28.7149
      vertex 4.40208 6.1 27.4421
      vertex 4.23489 6.1 27.5887
    endloop
  endfacet
  facet normal 0 1 0
    outer loop
      vertex 5.97674 6.1 28.3707
      vertex 4.5487 6.1 27.2749
      vertex 4.40208 6.1 27.4421
    endloop
  endfacet
  facet normal 0 1 0
    outer loop
      vertex 4.77059 6.1 26.8906
      vertex 6.43358 6.1 27.5794
      vertex 6.58074 6.1 27.1459
    endloop
  endfacet
  facet normal 0 1 0
    outer loop
      vertex 6.23109 6.1 27.99
      vertex 4.67224 6.1 27.09
      vertex 4.5487 6.1 27.2749
    endloop
  endfacet
  facet normal 0 1 0
    outer loop
      vertex 6.43358 6.1 27.5794
      vertex 4.77059 6.1 26.8906
      vertex 4.67224 6.1 27.09
    endloop
  endfacet
  facet normal 0 1 0
    outer loop
      vertex 4.84207 6.1 26.68
      vertex 6.58074 6.1 27.1459
      vertex 6.67006 6.1 26.6968
    endloop
  endfacet
  facet normal 0 1 0
    outer loop
      vertex 6.58074 6.1 27.1459
      vertex 4.84207 6.1 26.68
      vertex 4.77059 6.1 26.8906
    endloop
  endfacet
  facet normal 0 1 0
    outer loop
      vertex 6.67006 6.1 26.6968
      vertex 4.88546 6.1 26.4619
      vertex 4.84207 6.1 26.68
    endloop
  endfacet
  facet normal 0 1 0
    outer loop
      vertex 6.7 6.1 26.24
      vertex 4.88546 6.1 26.4619
      vertex 6.67006 6.1 26.6968
    endloop
  endfacet
  facet normal 0 1 0
    outer loop
      vertex 6.7 6.1 26.24
      vertex 4.9 6.1 26.24
      vertex 4.88546 6.1 26.4619
    endloop
  endfacet
  facet normal 0 1 0
    outer loop
      vertex 6.7 6.1 26.24
      vertex 4.88546 6.1 26.0181
      vertex 4.9 6.1 26.24
    endloop
  endfacet
  facet normal 0 1 -0
    outer loop
      vertex 6.67006 6.1 25.7832
      vertex 4.88546 6.1 26.0181
      vertex 6.7 6.1 26.24
    endloop
  endfacet
  facet normal 0 1 0
    outer loop
      vertex 4.88546 6.1 26.0181
      vertex 6.67006 6.1 25.7832
      vertex 4.84207 6.1 25.8
    endloop
  endfacet
  facet normal 0 1 -0
    outer loop
      vertex 6.58074 6.1 25.3341
      vertex 4.84207 6.1 25.8
      vertex 6.67006 6.1 25.7832
    endloop
  endfacet
  facet normal 0 1 0
    outer loop
      vertex 4.84207 6.1 25.8
      vertex 6.58074 6.1 25.3341
      vertex 4.77059 6.1 25.5894
    endloop
  endfacet
  facet normal 0 1 -0
    outer loop
      vertex 6.43358 6.1 24.9006
      vertex 4.77059 6.1 25.5894
      vertex 6.58074 6.1 25.3341
    endloop
  endfacet
  facet normal 0 1 0
    outer loop
      vertex 4.77059 6.1 25.5894
      vertex 6.43358 6.1 24.9006
      vertex 4.67224 6.1 25.39
    endloop
  endfacet
  facet normal 0 1 -0
    outer loop
      vertex 6.23109 6.1 24.49
      vertex 4.67224 6.1 25.39
      vertex 6.43358 6.1 24.9006
    endloop
  endfacet
  facet normal 0 1 0
    outer loop
      vertex 4.67224 6.1 25.39
      vertex 6.23109 6.1 24.49
      vertex 4.5487 6.1 25.2051
    endloop
  endfacet
  facet normal 0 1 -0
    outer loop
      vertex 5.97674 6.1 24.1093
      vertex 4.5487 6.1 25.2051
      vertex 6.23109 6.1 24.49
    endloop
  endfacet
  facet normal 0 1 0
    outer loop
      vertex 4.5487 6.1 25.2051
      vertex 5.97674 6.1 24.1093
      vertex 4.40208 6.1 25.0379
    endloop
  endfacet
  facet normal 0 1 -0
    outer loop
      vertex 5.67487 6.1 23.7651
      vertex 4.40208 6.1 25.0379
      vertex 5.97674 6.1 24.1093
    endloop
  endfacet
  facet normal 0 1 0
    outer loop
      vertex 4.40208 6.1 25.0379
      vertex 5.67487 6.1 23.7651
      vertex 4.23489 6.1 24.8913
    endloop
  endfacet
  facet normal 0 1 -0
    outer loop
      vertex 5.33066 6.1 23.4633
      vertex 4.23489 6.1 24.8913
      vertex 5.67487 6.1 23.7651
    endloop
  endfacet
  facet normal 0 1 -0
    outer loop
      vertex 4.95 6.1 23.2089
      vertex 4.05 6.1 24.7678
      vertex 5.33066 6.1 23.4633
    endloop
  endfacet
  facet normal 0 1 0
    outer loop
      vertex 4.23489 6.1 24.8913
      vertex 5.33066 6.1 23.4633
      vertex 4.05 6.1 24.7678
    endloop
  endfacet
  facet normal 0 1 0
    outer loop
      vertex 1.45 6.1 29.2711
      vertex 2.35 6.1 27.7122
      vertex 1.06933 6.1 29.0167
    endloop
  endfacet
  facet normal 0 1 -0
    outer loop
      vertex 2.1651 6.1 27.5887
      vertex 1.06933 6.1 29.0167
      vertex 2.35 6.1 27.7122
    endloop
  endfacet
  facet normal 0 1 0
    outer loop
      vertex 1.06933 6.1 29.0167
      vertex 2.1651 6.1 27.5887
      vertex 0.725125 6.1 28.7149
    endloop
  endfacet
  facet normal 0 1 -0
    outer loop
      vertex 1.99792 6.1 27.4421
      vertex 0.725125 6.1 28.7149
      vertex 2.1651 6.1 27.5887
    endloop
  endfacet
  facet normal 0 1 0
    outer loop
      vertex 0.725125 6.1 28.7149
      vertex 1.99792 6.1 27.4421
      vertex 0.423263 6.1 28.3707
    endloop
  endfacet
  facet normal 0 1 -0
    outer loop
      vertex 1.8513 6.1 27.2749
      vertex 0.423263 6.1 28.3707
      vertex 1.99792 6.1 27.4421
    endloop
  endfacet
  facet normal 0 1 0
    outer loop
      vertex 0.423263 6.1 28.3707
      vertex 1.8513 6.1 27.2749
      vertex 0.168911 6.1 27.99
    endloop
  endfacet
  facet normal 0 1 -0
    outer loop
      vertex 1.72776 6.1 27.09
      vertex 0.168911 6.1 27.99
      vertex 1.8513 6.1 27.2749
    endloop
  endfacet
  facet normal 0 1 0
    outer loop
      vertex 0.168911 6.1 27.99
      vertex 1.72776 6.1 27.09
      vertex -0.0335779 6.1 27.5794
    endloop
  endfacet
  facet normal 0 1 -0
    outer loop
      vertex 1.6294 6.1 26.8906
      vertex -0.0335779 6.1 27.5794
      vertex 1.72776 6.1 27.09
    endloop
  endfacet
  facet normal 0 1 0
    outer loop
      vertex -0.0335779 6.1 27.5794
      vertex 1.6294 6.1 26.8906
      vertex -0.18074 6.1 27.1459
    endloop
  endfacet
  facet normal 0 1 -0
    outer loop
      vertex 1.55793 6.1 26.68
      vertex -0.18074 6.1 27.1459
      vertex 1.6294 6.1 26.8906
    endloop
  endfacet
  facet normal 0 1 0
    outer loop
      vertex -0.18074 6.1 27.1459
      vertex 1.55793 6.1 26.68
      vertex -0.270057 6.1 26.6968
    endloop
  endfacet
  facet normal 0 1 -0
    outer loop
      vertex 1.51454 6.1 26.4619
      vertex -0.270057 6.1 26.6968
      vertex 1.55793 6.1 26.68
    endloop
  endfacet
  facet normal 0 1 -0
    outer loop
      vertex 1.5 6.1 26.24
      vertex -0.270057 6.1 26.6968
      vertex 1.51454 6.1 26.4619
    endloop
  endfacet
  facet normal 0 1 0
    outer loop
      vertex 1.5 6.1 26.24
      vertex -0.299999 6.1 26.24
      vertex -0.270057 6.1 26.6968
    endloop
  endfacet
  facet normal 0 1 0
    outer loop
      vertex 1.51454 6.1 26.0181
      vertex -0.299999 6.1 26.24
      vertex 1.5 6.1 26.24
    endloop
  endfacet
  facet normal 0 1 0
    outer loop
      vertex -0.270057 6.1 25.7832
      vertex 1.51454 6.1 26.0181
      vertex 1.55793 6.1 25.8
    endloop
  endfacet
  facet normal 0 1 0
    outer loop
      vertex 1.51454 6.1 26.0181
      vertex -0.270057 6.1 25.7832
      vertex -0.299999 6.1 26.24
    endloop
  endfacet
  facet normal 0 1 0
    outer loop
      vertex -0.18074 6.1 25.3341
      vertex 1.55793 6.1 25.8
      vertex 1.6294 6.1 25.5894
    endloop
  endfacet
  facet normal 0 1 0
    outer loop
      vertex -0.0335779 6.1 24.9006
      vertex 1.6294 6.1 25.5894
      vertex 1.72776 6.1 25.39
    endloop
  endfacet
  facet normal 0 1 0
    outer loop
      vertex 1.55793 6.1 25.8
      vertex -0.18074 6.1 25.3341
      vertex -0.270057 6.1 25.7832
    endloop
  endfacet
  facet normal 0 1 0
    outer loop
      vertex 0.168911 6.1 24.49
      vertex 1.72776 6.1 25.39
      vertex 1.8513 6.1 25.2051
    endloop
  endfacet
  facet normal 0 1 0
    outer loop
      vertex 0.423263 6.1 24.1093
      vertex 1.8513 6.1 25.2051
      vertex 1.99792 6.1 25.0379
    endloop
  endfacet
  facet normal 0 1 0
    outer loop
      vertex 1.6294 6.1 25.5894
      vertex -0.0335779 6.1 24.9006
      vertex -0.18074 6.1 25.3341
    endloop
  endfacet
  facet normal 0 1 0
    outer loop
      vertex 0.725125 6.1 23.7651
      vertex 1.99792 6.1 25.0379
      vertex 2.1651 6.1 24.8913
    endloop
  endfacet
  facet normal 0 1 0
    outer loop
      vertex 1.06933 6.1 23.4633
      vertex 2.1651 6.1 24.8913
      vertex 2.35 6.1 24.7678
    endloop
  endfacet
  facet normal 0 1 0
    outer loop
      vertex 1.45 6.1 23.2089
      vertex 2.35 6.1 24.7678
      vertex 2.54944 6.1 24.6694
    endloop
  endfacet
  facet normal 0 1 0
    outer loop
      vertex 1.86061 6.1 23.0064
      vertex 2.54944 6.1 24.6694
      vertex 2.76001 6.1 24.5979
    endloop
  endfacet
  facet normal 0 1 0
    outer loop
      vertex 2.29413 6.1 22.8593
      vertex 2.76001 6.1 24.5979
      vertex 2.9781 6.1 24.5545
    endloop
  endfacet
  facet normal 0 1 0
    outer loop
      vertex 1.72776 6.1 25.39
      vertex 0.168911 6.1 24.49
      vertex -0.0335779 6.1 24.9006
    endloop
  endfacet
  facet normal 0 1 0
    outer loop
      vertex 2.74316 6.1 22.7699
      vertex 2.9781 6.1 24.5545
      vertex 3.2 6.1 24.54
    endloop
  endfacet
  facet normal 0 1 0
    outer loop
      vertex 4.05 6.1 24.7678
      vertex 4.95 6.1 23.2089
      vertex 3.85056 6.1 24.6694
    endloop
  endfacet
  facet normal 0 1 -0
    outer loop
      vertex 4.53939 6.1 23.0064
      vertex 3.85056 6.1 24.6694
      vertex 4.95 6.1 23.2089
    endloop
  endfacet
  facet normal 0 1 0
    outer loop
      vertex 1.8513 6.1 25.2051
      vertex 0.423263 6.1 24.1093
      vertex 0.168911 6.1 24.49
    endloop
  endfacet
  facet normal 0 1 0
    outer loop
      vertex 3.85056 6.1 24.6694
      vertex 4.53939 6.1 23.0064
      vertex 3.63999 6.1 24.5979
    endloop
  endfacet
  facet normal 0 1 0
    outer loop
      vertex 1.99792 6.1 25.0379
      vertex 0.725125 6.1 23.7651
      vertex 0.423263 6.1 24.1093
    endloop
  endfacet
  facet normal 0 1 -0
    outer loop
      vertex 4.10587 6.1 22.8593
      vertex 3.63999 6.1 24.5979
      vertex 4.53939 6.1 23.0064
    endloop
  endfacet
  facet normal 0 1 0
    outer loop
      vertex 2.1651 6.1 24.8913
      vertex 1.06933 6.1 23.4633
      vertex 0.725125 6.1 23.7651
    endloop
  endfacet
  facet normal 0 1 0
    outer loop
      vertex 3.63999 6.1 24.5979
      vertex 4.10587 6.1 22.8593
      vertex 3.42189 6.1 24.5545
    endloop
  endfacet
  facet normal 0 1 0
    outer loop
      vertex 2.35 6.1 24.7678
      vertex 1.45 6.1 23.2089
      vertex 1.06933 6.1 23.4633
    endloop
  endfacet
  facet normal 0 1 -0
    outer loop
      vertex 3.65684 6.1 22.7699
      vertex 3.42189 6.1 24.5545
      vertex 4.10587 6.1 22.8593
    endloop
  endfacet
  facet normal 0 1 0
    outer loop
      vertex 2.54944 6.1 24.6694
      vertex 1.86061 6.1 23.0064
      vertex 1.45 6.1 23.2089
    endloop
  endfacet
  facet normal 0 1 0
    outer loop
      vertex 3.42189 6.1 24.5545
      vertex 3.65684 6.1 22.7699
      vertex 3.2 6.1 24.54
    endloop
  endfacet
  facet normal 0 1 0
    outer loop
      vertex 2.76001 6.1 24.5979
      vertex 2.29413 6.1 22.8593
      vertex 1.86061 6.1 23.0064
    endloop
  endfacet
  facet normal 0 1 0
    outer loop
      vertex 3.2 6.1 22.74
      vertex 3.2 6.1 24.54
      vertex 3.65684 6.1 22.7699
    endloop
  endfacet
  facet normal 0 1 0
    outer loop
      vertex 2.9781 6.1 24.5545
      vertex 2.74316 6.1 22.7699
      vertex 2.29413 6.1 22.8593
    endloop
  endfacet
  facet normal 0 1 0
    outer loop
      vertex 3.2 6.1 24.54
      vertex 3.2 6.1 22.74
      vertex 2.74316 6.1 22.7699
    endloop
  endfacet
  facet normal 0.0653099 0 0.997865
    outer loop
      vertex 3.2 -0.0999994 29.74
      vertex 3.65684 -4.9 29.7101
      vertex 3.65684 -0.0999994 29.7101
    endloop
  endfacet
  facet normal 0.0653099 0 0.997865
    outer loop
      vertex 3.65684 -4.9 29.7101
      vertex 3.2 -0.0999994 29.74
      vertex 3.2 -4.9 29.74
    endloop
  endfacet
  facet normal 0.0653099 0 0.997865
    outer loop
      vertex 3.2 6.1 29.74
      vertex 3.65684 6 29.7101
      vertex 3.65684 6.1 29.7101
    endloop
  endfacet
  facet normal 0.0653099 0 0.997865
    outer loop
      vertex 3.65684 6 29.7101
      vertex 3.2 6.1 29.74
      vertex 3.2 6 29.74
    endloop
  endfacet
  facet normal -0.555637 0 0.831425
    outer loop
      vertex 1.06933 6.1 29.0167
      vertex 1.45 6 29.2711
      vertex 1.45 6.1 29.2711
    endloop
  endfacet
  facet normal -0.555637 0 0.831425
    outer loop
      vertex 1.45 6 29.2711
      vertex 1.06933 6.1 29.0167
      vertex 1.06933 6 29.0167
    endloop
  endfacet
  facet normal -0.555637 0 0.831425
    outer loop
      vertex 1.06933 -0.0999994 29.0167
      vertex 1.45 -4.9 29.2711
      vertex 1.45 -0.0999994 29.2711
    endloop
  endfacet
  facet normal -0.555637 0 0.831425
    outer loop
      vertex 1.45 -4.9 29.2711
      vertex 1.06933 -0.0999994 29.0167
      vertex 1.06933 -4.9 29.0167
    endloop
  endfacet
  facet normal 0.442305 0 0.896864
    outer loop
      vertex 4.53939 6.1 29.4736
      vertex 4.95 6 29.2711
      vertex 4.95 6.1 29.2711
    endloop
  endfacet
  facet normal 0.442305 0 0.896864
    outer loop
      vertex 4.95 6 29.2711
      vertex 4.53939 6.1 29.4736
      vertex 4.53939 6 29.4736
    endloop
  endfacet
  facet normal 0.442305 0 0.896864
    outer loop
      vertex 4.53939 -0.0999994 29.4736
      vertex 4.95 -4.9 29.2711
      vertex 4.95 -0.0999994 29.2711
    endloop
  endfacet
  facet normal 0.442305 0 0.896864
    outer loop
      vertex 4.95 -4.9 29.2711
      vertex 4.53939 -0.0999994 29.4736
      vertex 4.53939 -4.9 29.4736
    endloop
  endfacet
  facet normal 0.946926 0 -0.321452
    outer loop
      vertex 6.58074 -4.9 25.3341
      vertex 6.43358 -0.0999994 24.9006
      vertex 6.58074 -0.0999994 25.3341
    endloop
  endfacet
  facet normal 0.946926 0 -0.321452
    outer loop
      vertex 6.43358 -0.0999994 24.9006
      vertex 6.58074 -4.9 25.3341
      vertex 6.43358 -4.9 24.9006
    endloop
  endfacet
  facet normal 0.946926 0 -0.321452
    outer loop
      vertex 6.58074 6 25.3341
      vertex 6.43358 6.1 24.9006
      vertex 6.58074 6.1 25.3341
    endloop
  endfacet
  facet normal 0.946926 0 -0.321452
    outer loop
      vertex 6.43358 6.1 24.9006
      vertex 6.58074 6 25.3341
      vertex 6.43358 6 24.9006
    endloop
  endfacet
  facet normal -0.195263 0 0.980751
    outer loop
      vertex 2.29413 6.1 29.6207
      vertex 2.74316 6 29.7101
      vertex 2.74316 6.1 29.7101
    endloop
  endfacet
  facet normal -0.195263 0 0.980751
    outer loop
      vertex 2.74316 6 29.7101
      vertex 2.29413 6.1 29.6207
      vertex 2.29413 6 29.6207
    endloop
  endfacet
  facet normal -0.195263 0 0.980751
    outer loop
      vertex 2.29413 -0.0999994 29.6207
      vertex 2.74316 -4.9 29.7101
      vertex 2.74316 -0.0999994 29.7101
    endloop
  endfacet
  facet normal -0.195263 0 0.980751
    outer loop
      vertex 2.74316 -4.9 29.7101
      vertex 2.29413 -0.0999994 29.6207
      vertex 2.29413 -4.9 29.6207
    endloop
  endfacet
  facet normal 0.896869 -0 0.442297
    outer loop
      vertex 6.23109 -4.9 27.99
      vertex 6.43358 -0.0999994 27.5794
      vertex 6.23109 -0.0999994 27.99
    endloop
  endfacet
  facet normal 0.896869 0 0.442297
    outer loop
      vertex 6.43358 -0.0999994 27.5794
      vertex 6.23109 -4.9 27.99
      vertex 6.43358 -4.9 27.5794
    endloop
  endfacet
  facet normal 0.896869 -0 0.442297
    outer loop
      vertex 6.23109 6 27.99
      vertex 6.43358 6.1 27.5794
      vertex 6.23109 6.1 27.99
    endloop
  endfacet
  facet normal 0.896869 0 0.442297
    outer loop
      vertex 6.43358 6.1 27.5794
      vertex 6.23109 6 27.99
      vertex 6.43358 6 27.5794
    endloop
  endfacet
  facet normal -0.946924 0 0.321456
    outer loop
      vertex -0.18074 -4.9 27.1459
      vertex -0.0335779 4 27.5794
      vertex -0.18074 4 27.1459
    endloop
  endfacet
  facet normal -0.946924 0 0.321456
    outer loop
      vertex -0.0335779 4 27.5794
      vertex -0.18074 -4.9 27.1459
      vertex -0.0335779 -4.9 27.5794
    endloop
  endfacet
  facet normal -0.946924 0 0.321456
    outer loop
      vertex -0.18074 6 27.1459
      vertex -0.0335779 6.1 27.5794
      vertex -0.18074 6.1 27.1459
    endloop
  endfacet
  facet normal -0.946924 0 0.321456
    outer loop
      vertex -0.0335779 6.1 27.5794
      vertex -0.18074 6 27.1459
      vertex -0.0335779 6 27.5794
    endloop
  endfacet
  facet normal 0.751824 -0 0.659364
    outer loop
      vertex 5.67487 -4.9 28.7149
      vertex 5.97674 -0.0999994 28.3707
      vertex 5.67487 -0.0999994 28.7149
    endloop
  endfacet
  facet normal 0.751824 0 0.659364
    outer loop
      vertex 5.97674 -0.0999994 28.3707
      vertex 5.67487 -4.9 28.7149
      vertex 5.97674 -4.9 28.3707
    endloop
  endfacet
  facet normal 0.751824 -0 0.659364
    outer loop
      vertex 5.67487 6 28.7149
      vertex 5.97674 6.1 28.3707
      vertex 5.67487 6.1 28.7149
    endloop
  endfacet
  facet normal 0.751824 0 0.659364
    outer loop
      vertex 5.97674 6.1 28.3707
      vertex 5.67487 6 28.7149
      vertex 5.97674 6 28.3707
    endloop
  endfacet
  facet normal 0.997859 0 -0.0654026
    outer loop
      vertex 6.7 -4.9 26.24
      vertex 6.67006 -0.0999994 25.7832
      vertex 6.7 -0.0999994 26.24
    endloop
  endfacet
  facet normal 0.997859 0 -0.0654026
    outer loop
      vertex 6.67006 -0.0999994 25.7832
      vertex 6.7 -4.9 26.24
      vertex 6.67006 -4.9 25.7832
    endloop
  endfacet
  facet normal 0.997859 0 -0.0654026
    outer loop
      vertex 6.7 6 26.24
      vertex 6.67006 6.1 25.7832
      vertex 6.7 6.1 26.24
    endloop
  endfacet
  facet normal 0.997859 0 -0.0654026
    outer loop
      vertex 6.67006 6.1 25.7832
      vertex 6.7 6 26.24
      vertex 6.67006 6 25.7832
    endloop
  endfacet
  facet normal -0.321322 0 -0.94697
    outer loop
      vertex 1.86061 -4.9 23.0064
      vertex 2.29413 -0.0999994 22.8593
      vertex 2.29413 -4.9 22.8593
    endloop
  endfacet
  facet normal -0.321322 0 -0.94697
    outer loop
      vertex 2.29413 -0.0999994 22.8593
      vertex 1.86061 -4.9 23.0064
      vertex 1.86061 -0.0999994 23.0064
    endloop
  endfacet
  facet normal -0.321322 0 -0.94697
    outer loop
      vertex 1.86061 6 23.0064
      vertex 2.29413 6.1 22.8593
      vertex 2.29413 6 22.8593
    endloop
  endfacet
  facet normal -0.321322 0 -0.94697
    outer loop
      vertex 2.29413 6.1 22.8593
      vertex 1.86061 6 23.0064
      vertex 1.86061 6.1 23.0064
    endloop
  endfacet
  facet normal -0.997859 0 0.0654069
    outer loop
      vertex -0.299999 6 26.24
      vertex -0.270057 6.1 26.6968
      vertex -0.299999 6.1 26.24
    endloop
  endfacet
  facet normal -0.997859 0 0.0654069
    outer loop
      vertex -0.270057 6.1 26.6968
      vertex -0.299999 6 26.24
      vertex -0.270057 6 26.6968
    endloop
  endfacet
  facet normal -0.997859 0 0.0654069
    outer loop
      vertex -0.299999 -4.9 26.24
      vertex -0.270057 4 26.6968
      vertex -0.299999 4 26.24
    endloop
  endfacet
  facet normal -0.997859 0 0.0654069
    outer loop
      vertex -0.270057 4 26.6968
      vertex -0.299999 -4.9 26.24
      vertex -0.270057 -4.9 26.6968
    endloop
  endfacet
  facet normal -0.321322 0 0.94697
    outer loop
      vertex 1.86061 6.1 29.4736
      vertex 2.29413 6 29.6207
      vertex 2.29413 6.1 29.6207
    endloop
  endfacet
  facet normal -0.321322 0 0.94697
    outer loop
      vertex 2.29413 6 29.6207
      vertex 1.86061 6.1 29.4736
      vertex 1.86061 6 29.4736
    endloop
  endfacet
  facet normal -0.321322 0 0.94697
    outer loop
      vertex 1.86061 -0.0999994 29.4736
      vertex 2.29413 -4.9 29.6207
      vertex 2.29413 -0.0999994 29.6207
    endloop
  endfacet
  facet normal -0.321322 0 0.94697
    outer loop
      vertex 2.29413 -4.9 29.6207
      vertex 1.86061 -0.0999994 29.4736
      vertex 1.86061 -4.9 29.4736
    endloop
  endfacet
  facet normal 0.896869 0 -0.442297
    outer loop
      vertex 6.43358 6 24.9006
      vertex 6.23109 6.1 24.49
      vertex 6.43358 6.1 24.9006
    endloop
  endfacet
  facet normal 0.896869 0 -0.442297
    outer loop
      vertex 6.23109 6.1 24.49
      vertex 6.43358 6 24.9006
      vertex 6.23109 6 24.49
    endloop
  endfacet
  facet normal 0.896869 0 -0.442297
    outer loop
      vertex 6.43358 -4.9 24.9006
      vertex 6.23109 -0.0999994 24.49
      vertex 6.43358 -0.0999994 24.9006
    endloop
  endfacet
  facet normal 0.896869 0 -0.442297
    outer loop
      vertex 6.23109 -0.0999994 24.49
      vertex 6.43358 -4.9 24.9006
      vertex 6.23109 -4.9 24.49
    endloop
  endfacet
  facet normal 0.0653099 0 -0.997865
    outer loop
      vertex 3.2 6 22.74
      vertex 3.65684 6.1 22.7699
      vertex 3.65684 6 22.7699
    endloop
  endfacet
  facet normal 0.0653099 0 -0.997865
    outer loop
      vertex 3.65684 6.1 22.7699
      vertex 3.2 6 22.74
      vertex 3.2 6.1 22.74
    endloop
  endfacet
  facet normal 0.0653099 0 -0.997865
    outer loop
      vertex 3.2 -4.9 22.74
      vertex 3.65684 -0.0999994 22.7699
      vertex 3.65684 -4.9 22.7699
    endloop
  endfacet
  facet normal 0.0653099 0 -0.997865
    outer loop
      vertex 3.65684 -0.0999994 22.7699
      vertex 3.2 -4.9 22.74
      vertex 3.2 -0.0999994 22.74
    endloop
  endfacet
  facet normal -0.659272 0 0.751904
    outer loop
      vertex 0.725125 6.1 28.7149
      vertex 1.06933 6 29.0167
      vertex 1.06933 6.1 29.0167
    endloop
  endfacet
  facet normal -0.659272 0 0.751904
    outer loop
      vertex 1.06933 6 29.0167
      vertex 0.725125 6.1 28.7149
      vertex 0.725125 6 28.7149
    endloop
  endfacet
  facet normal -0.659272 0 0.751904
    outer loop
      vertex 0.725125 -0.0999994 28.7149
      vertex 1.06933 -4.9 29.0167
      vertex 1.06933 -0.0999994 29.0167
    endloop
  endfacet
  facet normal -0.659272 0 0.751904
    outer loop
      vertex 1.06933 -4.9 29.0167
      vertex 0.725125 -0.0999994 28.7149
      vertex 0.725125 -4.9 28.7149
    endloop
  endfacet
  facet normal -0.555637 0 -0.831425
    outer loop
      vertex 1.06933 -4.9 23.4633
      vertex 1.45 -0.0999994 23.2089
      vertex 1.45 -4.9 23.2089
    endloop
  endfacet
  facet normal -0.555637 0 -0.831425
    outer loop
      vertex 1.45 -0.0999994 23.2089
      vertex 1.06933 -4.9 23.4633
      vertex 1.06933 -0.0999994 23.4633
    endloop
  endfacet
  facet normal -0.555637 0 -0.831425
    outer loop
      vertex 1.06933 6 23.4633
      vertex 1.45 6.1 23.2089
      vertex 1.45 6 23.2089
    endloop
  endfacet
  facet normal -0.555637 0 -0.831425
    outer loop
      vertex 1.45 6.1 23.2089
      vertex 1.06933 6 23.4633
      vertex 1.06933 6.1 23.4633
    endloop
  endfacet
  facet normal -0.442305 0 -0.896864
    outer loop
      vertex 1.45 -4.9 23.2089
      vertex 1.86061 -0.0999994 23.0064
      vertex 1.86061 -4.9 23.0064
    endloop
  endfacet
  facet normal -0.442305 0 -0.896864
    outer loop
      vertex 1.86061 -0.0999994 23.0064
      vertex 1.45 -4.9 23.2089
      vertex 1.45 -0.0999994 23.2089
    endloop
  endfacet
  facet normal -0.442305 0 -0.896864
    outer loop
      vertex 1.45 6 23.2089
      vertex 1.86061 6.1 23.0064
      vertex 1.86061 6 23.0064
    endloop
  endfacet
  facet normal -0.442305 0 -0.896864
    outer loop
      vertex 1.86061 6.1 23.0064
      vertex 1.45 6 23.2089
      vertex 1.45 6.1 23.2089
    endloop
  endfacet
  facet normal -0.0653099 0 -0.997865
    outer loop
      vertex 2.74316 6 22.7699
      vertex 3.2 6.1 22.74
      vertex 3.2 6 22.74
    endloop
  endfacet
  facet normal -0.0653099 0 -0.997865
    outer loop
      vertex 3.2 6.1 22.74
      vertex 2.74316 6 22.7699
      vertex 2.74316 6.1 22.7699
    endloop
  endfacet
  facet normal -0.0653099 0 -0.997865
    outer loop
      vertex 2.74316 -4.9 22.7699
      vertex 3.2 -0.0999994 22.74
      vertex 3.2 -4.9 22.74
    endloop
  endfacet
  facet normal -0.0653099 0 -0.997865
    outer loop
      vertex 3.2 -0.0999994 22.74
      vertex 2.74316 -4.9 22.7699
      vertex 2.74316 -0.0999994 22.7699
    endloop
  endfacet
  facet normal 0.659267 0 -0.751909
    outer loop
      vertex 5.33066 -4.9 23.4633
      vertex 5.67487 -0.0999994 23.7651
      vertex 5.67487 -4.9 23.7651
    endloop
  endfacet
  facet normal 0.659267 0 -0.751909
    outer loop
      vertex 5.67487 -0.0999994 23.7651
      vertex 5.33066 -4.9 23.4633
      vertex 5.33066 -0.0999994 23.4633
    endloop
  endfacet
  facet normal 0.659267 0 -0.751909
    outer loop
      vertex 5.33066 6 23.4633
      vertex 5.67487 6.1 23.7651
      vertex 5.67487 6 23.7651
    endloop
  endfacet
  facet normal 0.659267 0 -0.751909
    outer loop
      vertex 5.67487 6.1 23.7651
      vertex 5.33066 6 23.4633
      vertex 5.33066 6.1 23.4633
    endloop
  endfacet
  facet normal 0.659364 0 0.751824
    outer loop
      vertex 50.5307 6.1 8.53674
      vertex 50.8749 6 8.23487
      vertex 50.8749 6.1 8.23487
    endloop
  endfacet
  facet normal 0.659364 0 0.751824
    outer loop
      vertex 50.8749 6 8.23487
      vertex 50.5307 6.1 8.53674
      vertex 50.5307 6 8.53674
    endloop
  endfacet
  facet normal 0.659364 0 0.751824
    outer loop
      vertex 50.5307 -0.0999994 8.53674
      vertex 50.8749 -4.9 8.23487
      vertex 50.8749 -0.0999994 8.23487
    endloop
  endfacet
  facet normal 0.659364 0 0.751824
    outer loop
      vertex 50.8749 -4.9 8.23487
      vertex 50.5307 -0.0999994 8.53674
      vertex 50.5307 -4.9 8.53674
    endloop
  endfacet
  facet normal 0.321452 0 -0.946926
    outer loop
      vertex 49.3059 -4.9 2.37926
      vertex 49.7394 -0.0999994 2.52642
      vertex 49.7394 -4.9 2.52642
    endloop
  endfacet
  facet normal 0.321452 0 -0.946926
    outer loop
      vertex 49.7394 -0.0999994 2.52642
      vertex 49.3059 -4.9 2.37926
      vertex 49.3059 -0.0999994 2.37926
    endloop
  endfacet
  facet normal 0.321452 0 -0.946926
    outer loop
      vertex 49.3059 6 2.37926
      vertex 49.7394 6.1 2.52642
      vertex 49.7394 6 2.52642
    endloop
  endfacet
  facet normal 0.321452 0 -0.946926
    outer loop
      vertex 49.7394 6.1 2.52642
      vertex 49.3059 6 2.37926
      vertex 49.3059 6.1 2.37926
    endloop
  endfacet
  facet normal 0.980751 -0 0.195263
    outer loop
      vertex 51.7807 6 6.66587
      vertex 51.8701 6.1 6.21684
      vertex 51.7807 6.1 6.66587
    endloop
  endfacet
  facet normal 0.980751 0 0.195263
    outer loop
      vertex 51.8701 6.1 6.21684
      vertex 51.7807 6 6.66587
      vertex 51.8701 6 6.21684
    endloop
  endfacet
  facet normal 0.980751 -0 0.195263
    outer loop
      vertex 51.7807 -4.9 6.66587
      vertex 51.8701 4 6.21684
      vertex 51.7807 4 6.66587
    endloop
  endfacet
  facet normal 0.980751 0 0.195263
    outer loop
      vertex 51.8701 4 6.21684
      vertex 51.7807 -4.9 6.66587
      vertex 51.8701 -4.9 6.21684
    endloop
  endfacet
  facet normal 0.997865 -0 0.0653099
    outer loop
      vertex 51.8701 6 6.21684
      vertex 51.9 6.1 5.76
      vertex 51.8701 6.1 6.21684
    endloop
  endfacet
  facet normal 0.997865 0 0.0653099
    outer loop
      vertex 51.9 6.1 5.76
      vertex 51.8701 6 6.21684
      vertex 51.9 6 5.76
    endloop
  endfacet
  facet normal 0.997865 -0 0.0653099
    outer loop
      vertex 51.8701 -4.9 6.21684
      vertex 51.9 4 5.76
      vertex 51.8701 4 6.21684
    endloop
  endfacet
  facet normal 0.997865 0 0.0653099
    outer loop
      vertex 51.9 4 5.76
      vertex 51.8701 -4.9 6.21684
      vertex 51.9 -4.9 5.76
    endloop
  endfacet
  facet normal 0.94697 -0 0.321322
    outer loop
      vertex 51.6336 6 7.09939
      vertex 51.7807 6.1 6.66587
      vertex 51.6336 6.1 7.09939
    endloop
  endfacet
  facet normal 0.94697 0 0.321322
    outer loop
      vertex 51.7807 6.1 6.66587
      vertex 51.6336 6 7.09939
      vertex 51.7807 6 6.66587
    endloop
  endfacet
  facet normal 0.94697 -0 0.321322
    outer loop
      vertex 51.6336 -4.9 7.09939
      vertex 51.7807 4 6.66587
      vertex 51.6336 4 7.09939
    endloop
  endfacet
  facet normal 0.94697 0 0.321322
    outer loop
      vertex 51.7807 4 6.66587
      vertex 51.6336 -4.9 7.09939
      vertex 51.7807 -4.9 6.66587
    endloop
  endfacet
  facet normal -0.659364 0 -0.751824
    outer loop
      vertex 45.9251 -4.9 3.28513
      vertex 46.2693 -0.0999994 2.98326
      vertex 46.2693 -4.9 2.98326
    endloop
  endfacet
  facet normal -0.659364 0 -0.751824
    outer loop
      vertex 46.2693 -0.0999994 2.98326
      vertex 45.9251 -4.9 3.28513
      vertex 45.9251 -0.0999994 3.28513
    endloop
  endfacet
  facet normal -0.659364 0 -0.751824
    outer loop
      vertex 45.9251 6 3.28513
      vertex 46.2693 6.1 2.98326
      vertex 46.2693 6 2.98326
    endloop
  endfacet
  facet normal -0.659364 0 -0.751824
    outer loop
      vertex 46.2693 6.1 2.98326
      vertex 45.9251 6 3.28513
      vertex 45.9251 6.1 3.28513
    endloop
  endfacet
  facet normal 0.0654026 0 0.997859
    outer loop
      vertex 48.4 6.1 9.26
      vertex 48.8568 6 9.23006
      vertex 48.8568 6.1 9.23006
    endloop
  endfacet
  facet normal 0.0654026 0 0.997859
    outer loop
      vertex 48.8568 6 9.23006
      vertex 48.4 6.1 9.26
      vertex 48.4 6 9.26
    endloop
  endfacet
  facet normal 0.0654026 0 0.997859
    outer loop
      vertex 48.4 -0.0999994 9.26
      vertex 48.8568 -4.9 9.23006
      vertex 48.8568 -0.0999994 9.23006
    endloop
  endfacet
  facet normal 0.0654026 0 0.997859
    outer loop
      vertex 48.8568 -4.9 9.23006
      vertex 48.4 -0.0999994 9.26
      vertex 48.4 -4.9 9.26
    endloop
  endfacet
  facet normal -0.555532 0 -0.831495
    outer loop
      vertex 46.2693 -4.9 2.98326
      vertex 46.65 -0.0999994 2.72891
      vertex 46.65 -4.9 2.72891
    endloop
  endfacet
  facet normal -0.555532 0 -0.831495
    outer loop
      vertex 46.65 -0.0999994 2.72891
      vertex 46.2693 -4.9 2.98326
      vertex 46.2693 -0.0999994 2.98326
    endloop
  endfacet
  facet normal -0.555532 0 -0.831495
    outer loop
      vertex 46.2693 6 2.98326
      vertex 46.65 6.1 2.72891
      vertex 46.65 6 2.72891
    endloop
  endfacet
  facet normal -0.555532 0 -0.831495
    outer loop
      vertex 46.65 6.1 2.72891
      vertex 46.2693 6 2.98326
      vertex 46.2693 6.1 2.98326
    endloop
  endfacet
  facet normal 0.321452 0 0.946926
    outer loop
      vertex 49.3059 6.1 9.14074
      vertex 49.7394 6 8.99358
      vertex 49.7394 6.1 8.99358
    endloop
  endfacet
  facet normal 0.321452 0 0.946926
    outer loop
      vertex 49.7394 6 8.99358
      vertex 49.3059 6.1 9.14074
      vertex 49.3059 6 9.14074
    endloop
  endfacet
  facet normal 0.321452 0 0.946926
    outer loop
      vertex 49.3059 -0.0999994 9.14074
      vertex 49.7394 -4.9 8.99358
      vertex 49.7394 -0.0999994 8.99358
    endloop
  endfacet
  facet normal 0.321452 0 0.946926
    outer loop
      vertex 49.7394 -4.9 8.99358
      vertex 49.3059 -0.0999994 9.14074
      vertex 49.3059 -4.9 9.14074
    endloop
  endfacet
  facet normal -0.980751 0 -0.195263
    outer loop
      vertex 45.0193 -4.9 4.85413
      vertex 44.9299 -0.0999994 5.30316
      vertex 45.0193 -0.0999994 4.85413
    endloop
  endfacet
  facet normal -0.980751 -0 -0.195263
    outer loop
      vertex 44.9299 -0.0999994 5.30316
      vertex 45.0193 -4.9 4.85413
      vertex 44.9299 -4.9 5.30316
    endloop
  endfacet
  facet normal -0.980751 0 -0.195263
    outer loop
      vertex 45.0193 6 4.85413
      vertex 44.9299 6.1 5.30316
      vertex 45.0193 6.1 4.85413
    endloop
  endfacet
  facet normal -0.980751 -0 -0.195263
    outer loop
      vertex 44.9299 6.1 5.30316
      vertex 45.0193 6 4.85413
      vertex 44.9299 6 5.30316
    endloop
  endfacet
  facet normal -0.751909 0 0.659267
    outer loop
      vertex 45.6233 6 7.89066
      vertex 45.9251 6.1 8.23487
      vertex 45.6233 6.1 7.89066
    endloop
  endfacet
  facet normal -0.751909 0 0.659267
    outer loop
      vertex 45.9251 6.1 8.23487
      vertex 45.6233 6 7.89066
      vertex 45.9251 6 8.23487
    endloop
  endfacet
  facet normal -0.751909 0 0.659267
    outer loop
      vertex 45.6233 -4.9 7.89066
      vertex 45.9251 -0.0999994 8.23487
      vertex 45.6233 -0.0999994 7.89066
    endloop
  endfacet
  facet normal -0.751909 0 0.659267
    outer loop
      vertex 45.9251 -0.0999994 8.23487
      vertex 45.6233 -4.9 7.89066
      vertex 45.9251 -4.9 8.23487
    endloop
  endfacet
  facet normal 0.442297 0 -0.896869
    outer loop
      vertex 49.7394 -4.9 2.52642
      vertex 50.15 -0.0999994 2.72891
      vertex 50.15 -4.9 2.72891
    endloop
  endfacet
  facet normal 0.442297 0 -0.896869
    outer loop
      vertex 50.15 -0.0999994 2.72891
      vertex 49.7394 -4.9 2.52642
      vertex 49.7394 -0.0999994 2.52642
    endloop
  endfacet
  facet normal 0.442297 0 -0.896869
    outer loop
      vertex 49.7394 6 2.52642
      vertex 50.15 6.1 2.72891
      vertex 50.15 6 2.72891
    endloop
  endfacet
  facet normal 0.442297 0 -0.896869
    outer loop
      vertex 50.15 6.1 2.72891
      vertex 49.7394 6 2.52642
      vertex 49.7394 6.1 2.52642
    endloop
  endfacet
  facet normal 0.831418 -0 0.555647
    outer loop
      vertex 51.1767 6 7.89066
      vertex 51.4311 6.1 7.51
      vertex 51.1767 6.1 7.89066
    endloop
  endfacet
  facet normal 0.831418 0 0.555647
    outer loop
      vertex 51.4311 6.1 7.51
      vertex 51.1767 6 7.89066
      vertex 51.4311 6 7.51
    endloop
  endfacet
  facet normal 0.831418 -0 0.555647
    outer loop
      vertex 51.1767 -4.9 7.89066
      vertex 51.4311 -0.0999994 7.51
      vertex 51.1767 -0.0999994 7.89066
    endloop
  endfacet
  facet normal 0.831418 0 0.555647
    outer loop
      vertex 51.4311 -0.0999994 7.51
      vertex 51.1767 -4.9 7.89066
      vertex 51.4311 -4.9 7.51
    endloop
  endfacet
  facet normal 0 -1 0
    outer loop
      vertex 47.9432 -4.9 9.23006
      vertex 48.8568 -4.9 9.23006
      vertex 48.4 -4.9 9.26
    endloop
  endfacet
  facet normal 0 -1 0
    outer loop
      vertex 47.4941 -4.9 9.14074
      vertex 48.8568 -4.9 9.23006
      vertex 47.9432 -4.9 9.23006
    endloop
  endfacet
  facet normal 0 -1 0
    outer loop
      vertex 47.4941 -4.9 9.14074
      vertex 49.3059 -4.9 9.14074
      vertex 48.8568 -4.9 9.23006
    endloop
  endfacet
  facet normal 0 -1 0
    outer loop
      vertex 47.0606 -4.9 8.99358
      vertex 49.3059 -4.9 9.14074
      vertex 47.4941 -4.9 9.14074
    endloop
  endfacet
  facet normal 0 -1 0
    outer loop
      vertex 47.0606 -4.9 8.99358
      vertex 49.7394 -4.9 8.99358
      vertex 49.3059 -4.9 9.14074
    endloop
  endfacet
  facet normal 0 -1 0
    outer loop
      vertex 46.65 -4.9 8.79109
      vertex 49.7394 -4.9 8.99358
      vertex 47.0606 -4.9 8.99358
    endloop
  endfacet
  facet normal 0 -1 0
    outer loop
      vertex 46.65 -4.9 8.79109
      vertex 50.15 -4.9 8.79109
      vertex 49.7394 -4.9 8.99358
    endloop
  endfacet
  facet normal 0 -1 0
    outer loop
      vertex 46.2693 -4.9 8.53674
      vertex 50.15 -4.9 8.79109
      vertex 46.65 -4.9 8.79109
    endloop
  endfacet
  facet normal 0 -1 0
    outer loop
      vertex 46.2693 -4.9 8.53674
      vertex 50.5307 -4.9 8.53674
      vertex 50.15 -4.9 8.79109
    endloop
  endfacet
  facet normal 0 -1 0
    outer loop
      vertex 45.9251 -4.9 8.23487
      vertex 50.5307 -4.9 8.53674
      vertex 46.2693 -4.9 8.53674
    endloop
  endfacet
  facet normal 0 -1 0
    outer loop
      vertex 45.9251 -4.9 8.23487
      vertex 50.8749 -4.9 8.23487
      vertex 50.5307 -4.9 8.53674
    endloop
  endfacet
  facet normal 0 -1 0
    outer loop
      vertex 45.6233 -4.9 7.89066
      vertex 50.8749 -4.9 8.23487
      vertex 45.9251 -4.9 8.23487
    endloop
  endfacet
  facet normal 0 -1 0
    outer loop
      vertex 45.6233 -4.9 7.89066
      vertex 51.1767 -4.9 7.89066
      vertex 50.8749 -4.9 8.23487
    endloop
  endfacet
  facet normal 0 -1 0
    outer loop
      vertex 45.3689 -4.9 7.51
      vertex 51.1767 -4.9 7.89066
      vertex 45.6233 -4.9 7.89066
    endloop
  endfacet
  facet normal 0 -1 0
    outer loop
      vertex 45.3689 -4.9 7.51
      vertex 51.4311 -4.9 7.51
      vertex 51.1767 -4.9 7.89066
    endloop
  endfacet
  facet normal 0 -1 0
    outer loop
      vertex 45.1664 -4.9 7.09939
      vertex 51.4311 -4.9 7.51
      vertex 45.3689 -4.9 7.51
    endloop
  endfacet
  facet normal 0 -1 0
    outer loop
      vertex 45.1664 -4.9 7.09939
      vertex 51.6336 -4.9 7.09939
      vertex 51.4311 -4.9 7.51
    endloop
  endfacet
  facet normal 0 -1 0
    outer loop
      vertex 45.0193 -4.9 6.66587
      vertex 51.6336 -4.9 7.09939
      vertex 45.1664 -4.9 7.09939
    endloop
  endfacet
  facet normal 0 -1 0
    outer loop
      vertex 45.0193 -4.9 6.66587
      vertex 51.7807 -4.9 6.66587
      vertex 51.6336 -4.9 7.09939
    endloop
  endfacet
  facet normal 0 -1 0
    outer loop
      vertex 44.9299 -4.9 6.21684
      vertex 51.7807 -4.9 6.66587
      vertex 45.0193 -4.9 6.66587
    endloop
  endfacet
  facet normal 0 -1 0
    outer loop
      vertex 44.9299 -4.9 6.21684
      vertex 51.8701 -4.9 6.21684
      vertex 51.7807 -4.9 6.66587
    endloop
  endfacet
  facet normal 0 -1 0
    outer loop
      vertex 44.9 -4.9 5.76
      vertex 51.8701 -4.9 6.21684
      vertex 44.9299 -4.9 6.21684
    endloop
  endfacet
  facet normal 0 -1 0
    outer loop
      vertex 44.9 -4.9 5.76
      vertex 51.9 -4.9 5.76
      vertex 51.8701 -4.9 6.21684
    endloop
  endfacet
  facet normal 0 -1 0
    outer loop
      vertex 44.9299 -4.9 5.30316
      vertex 51.9 -4.9 5.76
      vertex 44.9 -4.9 5.76
    endloop
  endfacet
  facet normal 0 -1 0
    outer loop
      vertex 44.9299 -4.9 5.30316
      vertex 51.8701 -4.9 5.30316
      vertex 51.9 -4.9 5.76
    endloop
  endfacet
  facet normal 0 -1 0
    outer loop
      vertex 45.0193 -4.9 4.85413
      vertex 51.8701 -4.9 5.30316
      vertex 44.9299 -4.9 5.30316
    endloop
  endfacet
  facet normal 0 -1 0
    outer loop
      vertex 45.0193 -4.9 4.85413
      vertex 51.7807 -4.9 4.85413
      vertex 51.8701 -4.9 5.30316
    endloop
  endfacet
  facet normal 0 -1 0
    outer loop
      vertex 45.1664 -4.9 4.42061
      vertex 51.7807 -4.9 4.85413
      vertex 45.0193 -4.9 4.85413
    endloop
  endfacet
  facet normal 0 -1 0
    outer loop
      vertex 45.1664 -4.9 4.42061
      vertex 51.6336 -4.9 4.42061
      vertex 51.7807 -4.9 4.85413
    endloop
  endfacet
  facet normal 0 -1 0
    outer loop
      vertex 45.3689 -4.9 4.01
      vertex 51.6336 -4.9 4.42061
      vertex 45.1664 -4.9 4.42061
    endloop
  endfacet
  facet normal 0 -1 0
    outer loop
      vertex 45.3689 -4.9 4.01
      vertex 51.4311 -4.9 4.01
      vertex 51.6336 -4.9 4.42061
    endloop
  endfacet
  facet normal 0 -1 0
    outer loop
      vertex 45.6233 -4.9 3.62933
      vertex 51.4311 -4.9 4.01
      vertex 45.3689 -4.9 4.01
    endloop
  endfacet
  facet normal 0 -1 0
    outer loop
      vertex 45.6233 -4.9 3.62933
      vertex 51.1767 -4.9 3.62933
      vertex 51.4311 -4.9 4.01
    endloop
  endfacet
  facet normal 0 -1 0
    outer loop
      vertex 45.9251 -4.9 3.28513
      vertex 51.1767 -4.9 3.62933
      vertex 45.6233 -4.9 3.62933
    endloop
  endfacet
  facet normal 0 -1 0
    outer loop
      vertex 45.9251 -4.9 3.28513
      vertex 50.8749 -4.9 3.28513
      vertex 51.1767 -4.9 3.62933
    endloop
  endfacet
  facet normal 0 -1 0
    outer loop
      vertex 46.2693 -4.9 2.98326
      vertex 50.8749 -4.9 3.28513
      vertex 45.9251 -4.9 3.28513
    endloop
  endfacet
  facet normal 0 -1 0
    outer loop
      vertex 46.2693 -4.9 2.98326
      vertex 50.5307 -4.9 2.98326
      vertex 50.8749 -4.9 3.28513
    endloop
  endfacet
  facet normal 0 -1 0
    outer loop
      vertex 46.65 -4.9 2.72891
      vertex 50.5307 -4.9 2.98326
      vertex 46.2693 -4.9 2.98326
    endloop
  endfacet
  facet normal 0 -1 0
    outer loop
      vertex 46.65 -4.9 2.72891
      vertex 50.15 -4.9 2.72891
      vertex 50.5307 -4.9 2.98326
    endloop
  endfacet
  facet normal 0 -1 0
    outer loop
      vertex 47.0606 -4.9 2.52642
      vertex 50.15 -4.9 2.72891
      vertex 46.65 -4.9 2.72891
    endloop
  endfacet
  facet normal 0 -1 0
    outer loop
      vertex 47.0606 -4.9 2.52642
      vertex 49.7394 -4.9 2.52642
      vertex 50.15 -4.9 2.72891
    endloop
  endfacet
  facet normal 0 -1 0
    outer loop
      vertex 47.4941 -4.9 2.37926
      vertex 49.7394 -4.9 2.52642
      vertex 47.0606 -4.9 2.52642
    endloop
  endfacet
  facet normal 0 -1 0
    outer loop
      vertex 47.4941 -4.9 2.37926
      vertex 49.3059 -4.9 2.37926
      vertex 49.7394 -4.9 2.52642
    endloop
  endfacet
  facet normal 0 -1 0
    outer loop
      vertex 47.9432 -4.9 2.28994
      vertex 49.3059 -4.9 2.37926
      vertex 47.4941 -4.9 2.37926
    endloop
  endfacet
  facet normal 0 -1 0
    outer loop
      vertex 47.9432 -4.9 2.28994
      vertex 48.8568 -4.9 2.28994
      vertex 49.3059 -4.9 2.37926
    endloop
  endfacet
  facet normal -0 -1 0
    outer loop
      vertex 48.8568 -4.9 2.28994
      vertex 47.9432 -4.9 2.28994
      vertex 48.4 -4.9 2.26
    endloop
  endfacet
  facet normal 0.94697 0 -0.321322
    outer loop
      vertex 51.7807 -4.9 4.85413
      vertex 51.6336 4 4.42061
      vertex 51.7807 4 4.85413
    endloop
  endfacet
  facet normal 0.94697 0 -0.321322
    outer loop
      vertex 51.6336 4 4.42061
      vertex 51.7807 -4.9 4.85413
      vertex 51.6336 -4.9 4.42061
    endloop
  endfacet
  facet normal 0.94697 0 -0.321322
    outer loop
      vertex 51.7807 6 4.85413
      vertex 51.6336 6.1 4.42061
      vertex 51.7807 6.1 4.85413
    endloop
  endfacet
  facet normal 0.94697 0 -0.321322
    outer loop
      vertex 51.6336 6.1 4.42061
      vertex 51.7807 6 4.85413
      vertex 51.6336 6 4.42061
    endloop
  endfacet
  facet normal -0.195066 0 0.98079
    outer loop
      vertex 47.4941 -0.0999994 9.14074
      vertex 47.9432 -4.9 9.23006
      vertex 47.9432 -0.0999994 9.23006
    endloop
  endfacet
  facet normal -0.195066 0 0.98079
    outer loop
      vertex 47.9432 -4.9 9.23006
      vertex 47.4941 -0.0999994 9.14074
      vertex 47.4941 -4.9 9.14074
    endloop
  endfacet
  facet normal -0.195066 0 0.98079
    outer loop
      vertex 47.4941 6.1 9.14074
      vertex 47.9432 6 9.23006
      vertex 47.9432 6.1 9.23006
    endloop
  endfacet
  facet normal -0.195066 0 0.98079
    outer loop
      vertex 47.9432 6 9.23006
      vertex 47.4941 6.1 9.14074
      vertex 47.4941 6 9.14074
    endloop
  endfacet
  facet normal 0.555532 0 -0.831495
    outer loop
      vertex 50.15 6 2.72891
      vertex 50.5307 6.1 2.98326
      vertex 50.5307 6 2.98326
    endloop
  endfacet
  facet normal 0.555532 0 -0.831495
    outer loop
      vertex 50.5307 6.1 2.98326
      vertex 50.15 6 2.72891
      vertex 50.15 6.1 2.72891
    endloop
  endfacet
  facet normal 0.555532 0 -0.831495
    outer loop
      vertex 50.15 -4.9 2.72891
      vertex 50.5307 -0.0999994 2.98326
      vertex 50.5307 -4.9 2.98326
    endloop
  endfacet
  facet normal 0.555532 0 -0.831495
    outer loop
      vertex 50.5307 -0.0999994 2.98326
      vertex 50.15 -4.9 2.72891
      vertex 50.15 -0.0999994 2.72891
    endloop
  endfacet
  facet normal -0.94697 0 -0.321322
    outer loop
      vertex 45.1664 6 4.42061
      vertex 45.0193 6.1 4.85413
      vertex 45.1664 6.1 4.42061
    endloop
  endfacet
  facet normal -0.94697 -0 -0.321322
    outer loop
      vertex 45.0193 6.1 4.85413
      vertex 45.1664 6 4.42061
      vertex 45.0193 6 4.85413
    endloop
  endfacet
  facet normal -0.94697 0 -0.321322
    outer loop
      vertex 45.1664 -4.9 4.42061
      vertex 45.0193 -0.0999994 4.85413
      vertex 45.1664 -0.0999994 4.42061
    endloop
  endfacet
  facet normal -0.94697 -0 -0.321322
    outer loop
      vertex 45.0193 -0.0999994 4.85413
      vertex 45.1664 -4.9 4.42061
      vertex 45.0193 -4.9 4.85413
    endloop
  endfacet
  facet normal 0.980751 0 -0.195263
    outer loop
      vertex 51.8701 6 5.30316
      vertex 51.7807 6.1 4.85413
      vertex 51.8701 6.1 5.30316
    endloop
  endfacet
  facet normal 0.980751 0 -0.195263
    outer loop
      vertex 51.7807 6.1 4.85413
      vertex 51.8701 6 5.30316
      vertex 51.7807 6 4.85413
    endloop
  endfacet
  facet normal 0.980751 0 -0.195263
    outer loop
      vertex 51.8701 -4.9 5.30316
      vertex 51.7807 4 4.85413
      vertex 51.8701 4 5.30316
    endloop
  endfacet
  facet normal 0.980751 0 -0.195263
    outer loop
      vertex 51.7807 4 4.85413
      vertex 51.8701 -4.9 5.30316
      vertex 51.7807 -4.9 4.85413
    endloop
  endfacet
  facet normal -0.7519 0 -0.659278
    outer loop
      vertex 45.9251 -4.9 3.28513
      vertex 45.6233 -0.0999994 3.62933
      vertex 45.9251 -0.0999994 3.28513
    endloop
  endfacet
  facet normal -0.7519 -0 -0.659278
    outer loop
      vertex 45.6233 -0.0999994 3.62933
      vertex 45.9251 -4.9 3.28513
      vertex 45.6233 -4.9 3.62933
    endloop
  endfacet
  facet normal -0.7519 0 -0.659278
    outer loop
      vertex 45.9251 6 3.28513
      vertex 45.6233 6.1 3.62933
      vertex 45.9251 6.1 3.28513
    endloop
  endfacet
  facet normal -0.7519 -0 -0.659278
    outer loop
      vertex 45.6233 6.1 3.62933
      vertex 45.9251 6 3.28513
      vertex 45.6233 6 3.62933
    endloop
  endfacet
  facet normal -0.442297 0 0.896869
    outer loop
      vertex 46.65 -0.0999994 8.79109
      vertex 47.0606 -4.9 8.99358
      vertex 47.0606 -0.0999994 8.99358
    endloop
  endfacet
  facet normal -0.442297 0 0.896869
    outer loop
      vertex 47.0606 -4.9 8.99358
      vertex 46.65 -0.0999994 8.79109
      vertex 46.65 -4.9 8.79109
    endloop
  endfacet
  facet normal -0.442297 0 0.896869
    outer loop
      vertex 46.65 6.1 8.79109
      vertex 47.0606 6 8.99358
      vertex 47.0606 6.1 8.99358
    endloop
  endfacet
  facet normal -0.442297 0 0.896869
    outer loop
      vertex 47.0606 6 8.99358
      vertex 46.65 6.1 8.79109
      vertex 46.65 6 8.79109
    endloop
  endfacet
  facet normal 0.896864 -0 0.442305
    outer loop
      vertex 51.4311 6 7.51
      vertex 51.6336 6.1 7.09939
      vertex 51.4311 6.1 7.51
    endloop
  endfacet
  facet normal 0.896864 0 0.442305
    outer loop
      vertex 51.6336 6.1 7.09939
      vertex 51.4311 6 7.51
      vertex 51.6336 6 7.09939
    endloop
  endfacet
  facet normal 0.896885 0 0.442263
    outer loop
      vertex 51.4311 -0.0999994 7.51
      vertex 51.4311 -4.9 7.51
      vertex 51.6 -0.0999994 7.16748
    endloop
  endfacet
  facet normal 0.896759 -0 0.442519
    outer loop
      vertex 51.6 -0.0999994 7.16748
      vertex 51.6336 4 7.09939
      vertex 51.6 4 7.16748
    endloop
  endfacet
  facet normal 0.896759 0 0.442519
    outer loop
      vertex 51.6 -0.0999994 7.16748
      vertex 51.6336 -4.9 7.09939
      vertex 51.6336 4 7.09939
    endloop
  endfacet
  facet normal 0.896864 3.76369e-06 0.442305
    outer loop
      vertex 51.6336 -4.9 7.09939
      vertex 51.6 -0.0999994 7.16748
      vertex 51.4311 -4.9 7.51
    endloop
  endfacet
  facet normal 0.659364 0 -0.751824
    outer loop
      vertex 50.5307 6 2.98326
      vertex 50.8749 6.1 3.28513
      vertex 50.8749 6 3.28513
    endloop
  endfacet
  facet normal 0.659364 0 -0.751824
    outer loop
      vertex 50.8749 6.1 3.28513
      vertex 50.5307 6 2.98326
      vertex 50.5307 6.1 2.98326
    endloop
  endfacet
  facet normal 0.659364 0 -0.751824
    outer loop
      vertex 50.5307 -4.9 2.98326
      vertex 50.8749 -0.0999994 3.28513
      vertex 50.8749 -4.9 3.28513
    endloop
  endfacet
  facet normal 0.659364 0 -0.751824
    outer loop
      vertex 50.8749 -0.0999994 3.28513
      vertex 50.5307 -4.9 2.98326
      vertex 50.5307 -0.0999994 2.98326
    endloop
  endfacet
  facet normal 0.831425 0 -0.555637
    outer loop
      vertex 51.4311 6 4.01
      vertex 51.1767 6.1 3.62933
      vertex 51.4311 6.1 4.01
    endloop
  endfacet
  facet normal 0.831425 0 -0.555637
    outer loop
      vertex 51.1767 6.1 3.62933
      vertex 51.4311 6 4.01
      vertex 51.1767 6 3.62933
    endloop
  endfacet
  facet normal 0.831425 0 -0.555637
    outer loop
      vertex 51.4311 -4.9 4.01
      vertex 51.1767 -0.0999994 3.62933
      vertex 51.4311 -0.0999994 4.01
    endloop
  endfacet
  facet normal 0.831425 0 -0.555637
    outer loop
      vertex 51.1767 -0.0999994 3.62933
      vertex 51.4311 -4.9 4.01
      vertex 51.1767 -4.9 3.62933
    endloop
  endfacet
  facet normal -0.555532 0 0.831495
    outer loop
      vertex 46.2693 6.1 8.53674
      vertex 46.65 6 8.79109
      vertex 46.65 6.1 8.79109
    endloop
  endfacet
  facet normal -0.555532 0 0.831495
    outer loop
      vertex 46.65 6 8.79109
      vertex 46.2693 6.1 8.53674
      vertex 46.2693 6 8.53674
    endloop
  endfacet
  facet normal -0.555532 0 0.831495
    outer loop
      vertex 46.2693 -0.0999994 8.53674
      vertex 46.65 -4.9 8.79109
      vertex 46.65 -0.0999994 8.79109
    endloop
  endfacet
  facet normal -0.555532 0 0.831495
    outer loop
      vertex 46.65 -4.9 8.79109
      vertex 46.2693 -0.0999994 8.53674
      vertex 46.2693 -4.9 8.53674
    endloop
  endfacet
  facet normal -0.0654026 0 0.997859
    outer loop
      vertex 47.9432 6.1 9.23006
      vertex 48.4 6 9.26
      vertex 48.4 6.1 9.26
    endloop
  endfacet
  facet normal -0.0654026 0 0.997859
    outer loop
      vertex 48.4 6 9.26
      vertex 47.9432 6.1 9.23006
      vertex 47.9432 6 9.23006
    endloop
  endfacet
  facet normal -0.0654026 0 0.997859
    outer loop
      vertex 47.9432 -0.0999994 9.23006
      vertex 48.4 -4.9 9.26
      vertex 48.4 -0.0999994 9.26
    endloop
  endfacet
  facet normal -0.0654026 0 0.997859
    outer loop
      vertex 48.4 -4.9 9.26
      vertex 47.9432 -0.0999994 9.23006
      vertex 47.9432 -4.9 9.23006
    endloop
  endfacet
  facet normal 0.7519 0 -0.659278
    outer loop
      vertex 51.1767 -4.9 3.62933
      vertex 50.8749 -0.0999994 3.28513
      vertex 51.1767 -0.0999994 3.62933
    endloop
  endfacet
  facet normal 0.7519 0 -0.659278
    outer loop
      vertex 50.8749 -0.0999994 3.28513
      vertex 51.1767 -4.9 3.62933
      vertex 50.8749 -4.9 3.28513
    endloop
  endfacet
  facet normal 0.7519 0 -0.659278
    outer loop
      vertex 51.1767 6 3.62933
      vertex 50.8749 6.1 3.28513
      vertex 51.1767 6.1 3.62933
    endloop
  endfacet
  facet normal 0.7519 0 -0.659278
    outer loop
      vertex 50.8749 6.1 3.28513
      vertex 51.1767 6 3.62933
      vertex 50.8749 6 3.28513
    endloop
  endfacet
  facet normal 0.896759 0 -0.442519
    outer loop
      vertex 51.6336 4 4.42061
      vertex 51.6 -0.0999994 4.35252
      vertex 51.6 4 4.35252
    endloop
  endfacet
  facet normal 0.896759 0 -0.442519
    outer loop
      vertex 51.6336 -4.9 4.42061
      vertex 51.6 -0.0999994 4.35252
      vertex 51.6336 4 4.42061
    endloop
  endfacet
  facet normal 0.896864 3.76369e-06 -0.442305
    outer loop
      vertex 51.4311 -4.9 4.01
      vertex 51.6 -0.0999994 4.35252
      vertex 51.6336 -4.9 4.42061
    endloop
  endfacet
  facet normal 0.896885 0 -0.442263
    outer loop
      vertex 51.6 -0.0999994 4.35252
      vertex 51.4311 -4.9 4.01
      vertex 51.4311 -0.0999994 4.01
    endloop
  endfacet
  facet normal 0.896864 0 -0.442305
    outer loop
      vertex 51.6336 6 4.42061
      vertex 51.4311 6.1 4.01
      vertex 51.6336 6.1 4.42061
    endloop
  endfacet
  facet normal 0.896864 0 -0.442305
    outer loop
      vertex 51.4311 6.1 4.01
      vertex 51.6336 6 4.42061
      vertex 51.4311 6 4.01
    endloop
  endfacet
  facet normal -0.94697 0 0.321322
    outer loop
      vertex 45.0193 -4.9 6.66587
      vertex 45.1664 -0.0999994 7.09939
      vertex 45.0193 -0.0999994 6.66587
    endloop
  endfacet
  facet normal -0.94697 0 0.321322
    outer loop
      vertex 45.1664 -0.0999994 7.09939
      vertex 45.0193 -4.9 6.66587
      vertex 45.1664 -4.9 7.09939
    endloop
  endfacet
  facet normal -0.94697 0 0.321322
    outer loop
      vertex 45.0193 6 6.66587
      vertex 45.1664 6.1 7.09939
      vertex 45.0193 6.1 6.66587
    endloop
  endfacet
  facet normal -0.94697 0 0.321322
    outer loop
      vertex 45.1664 6.1 7.09939
      vertex 45.0193 6 6.66587
      vertex 45.1664 6 7.09939
    endloop
  endfacet
  facet normal -0.831425 0 -0.555637
    outer loop
      vertex 45.6233 -4.9 3.62933
      vertex 45.3689 -0.0999994 4.01
      vertex 45.6233 -0.0999994 3.62933
    endloop
  endfacet
  facet normal -0.831425 -0 -0.555637
    outer loop
      vertex 45.3689 -0.0999994 4.01
      vertex 45.6233 -4.9 3.62933
      vertex 45.3689 -4.9 4.01
    endloop
  endfacet
  facet normal -0.831425 0 -0.555637
    outer loop
      vertex 45.6233 6 3.62933
      vertex 45.3689 6.1 4.01
      vertex 45.6233 6.1 3.62933
    endloop
  endfacet
  facet normal -0.831425 -0 -0.555637
    outer loop
      vertex 45.3689 6.1 4.01
      vertex 45.6233 6 3.62933
      vertex 45.3689 6 4.01
    endloop
  endfacet
  facet normal 0.0654026 0 -0.997859
    outer loop
      vertex 48.4 6 2.26
      vertex 48.8568 6.1 2.28994
      vertex 48.8568 6 2.28994
    endloop
  endfacet
  facet normal 0.0654026 0 -0.997859
    outer loop
      vertex 48.8568 6.1 2.28994
      vertex 48.4 6 2.26
      vertex 48.4 6.1 2.26
    endloop
  endfacet
  facet normal 0.0654026 0 -0.997859
    outer loop
      vertex 48.4 -4.9 2.26
      vertex 48.8568 -0.0999994 2.28994
      vertex 48.8568 -4.9 2.28994
    endloop
  endfacet
  facet normal 0.0654026 0 -0.997859
    outer loop
      vertex 48.8568 -0.0999994 2.28994
      vertex 48.4 -4.9 2.26
      vertex 48.4 -0.0999994 2.26
    endloop
  endfacet
  facet normal -0.659364 0 0.751824
    outer loop
      vertex 45.9251 6.1 8.23487
      vertex 46.2693 6 8.53674
      vertex 46.2693 6.1 8.53674
    endloop
  endfacet
  facet normal -0.659364 0 0.751824
    outer loop
      vertex 46.2693 6 8.53674
      vertex 45.9251 6.1 8.23487
      vertex 45.9251 6 8.23487
    endloop
  endfacet
  facet normal -0.659364 0 0.751824
    outer loop
      vertex 45.9251 -0.0999994 8.23487
      vertex 46.2693 -4.9 8.53674
      vertex 46.2693 -0.0999994 8.53674
    endloop
  endfacet
  facet normal -0.659364 0 0.751824
    outer loop
      vertex 46.2693 -4.9 8.53674
      vertex 45.9251 -0.0999994 8.23487
      vertex 45.9251 -4.9 8.23487
    endloop
  endfacet
  facet normal -0.0654026 0 -0.997859
    outer loop
      vertex 47.9432 6 2.28994
      vertex 48.4 6.1 2.26
      vertex 48.4 6 2.26
    endloop
  endfacet
  facet normal -0.0654026 0 -0.997859
    outer loop
      vertex 48.4 6.1 2.26
      vertex 47.9432 6 2.28994
      vertex 47.9432 6.1 2.28994
    endloop
  endfacet
  facet normal -0.0654026 0 -0.997859
    outer loop
      vertex 47.9432 -4.9 2.28994
      vertex 48.4 -0.0999994 2.26
      vertex 48.4 -4.9 2.26
    endloop
  endfacet
  facet normal -0.0654026 0 -0.997859
    outer loop
      vertex 48.4 -0.0999994 2.26
      vertex 47.9432 -4.9 2.28994
      vertex 47.9432 -0.0999994 2.28994
    endloop
  endfacet
  facet normal 0.997865 0 -0.0653099
    outer loop
      vertex 51.9 6 5.76
      vertex 51.8701 6.1 5.30316
      vertex 51.9 6.1 5.76
    endloop
  endfacet
  facet normal 0.997865 0 -0.0653099
    outer loop
      vertex 51.8701 6.1 5.30316
      vertex 51.9 6 5.76
      vertex 51.8701 6 5.30316
    endloop
  endfacet
  facet normal 0.997865 0 -0.0653099
    outer loop
      vertex 51.9 -4.9 5.76
      vertex 51.8701 4 5.30316
      vertex 51.9 4 5.76
    endloop
  endfacet
  facet normal 0.997865 0 -0.0653099
    outer loop
      vertex 51.8701 4 5.30316
      vertex 51.9 -4.9 5.76
      vertex 51.8701 -4.9 5.30316
    endloop
  endfacet
  facet normal 0.195066 0 0.98079
    outer loop
      vertex 48.8568 6.1 9.23006
      vertex 49.3059 6 9.14074
      vertex 49.3059 6.1 9.14074
    endloop
  endfacet
  facet normal 0.195066 0 0.98079
    outer loop
      vertex 49.3059 6 9.14074
      vertex 48.8568 6.1 9.23006
      vertex 48.8568 6 9.23006
    endloop
  endfacet
  facet normal 0.195066 0 0.98079
    outer loop
      vertex 48.8568 -0.0999994 9.23006
      vertex 49.3059 -4.9 9.14074
      vertex 49.3059 -0.0999994 9.14074
    endloop
  endfacet
  facet normal 0.195066 0 0.98079
    outer loop
      vertex 49.3059 -4.9 9.14074
      vertex 48.8568 -0.0999994 9.23006
      vertex 48.8568 -4.9 9.23006
    endloop
  endfacet
  facet normal 0.195066 0 -0.98079
    outer loop
      vertex 48.8568 -4.9 2.28994
      vertex 49.3059 -0.0999994 2.37926
      vertex 49.3059 -4.9 2.37926
    endloop
  endfacet
  facet normal 0.195066 0 -0.98079
    outer loop
      vertex 49.3059 -0.0999994 2.37926
      vertex 48.8568 -4.9 2.28994
      vertex 48.8568 -0.0999994 2.28994
    endloop
  endfacet
  facet normal 0.195066 0 -0.98079
    outer loop
      vertex 48.8568 6 2.28994
      vertex 49.3059 6.1 2.37926
      vertex 49.3059 6 2.37926
    endloop
  endfacet
  facet normal 0.195066 0 -0.98079
    outer loop
      vertex 49.3059 6.1 2.37926
      vertex 48.8568 6 2.28994
      vertex 48.8568 6.1 2.28994
    endloop
  endfacet
  facet normal 0.555532 0 0.831495
    outer loop
      vertex 50.15 6.1 8.79109
      vertex 50.5307 6 8.53674
      vertex 50.5307 6.1 8.53674
    endloop
  endfacet
  facet normal 0.555532 0 0.831495
    outer loop
      vertex 50.5307 6 8.53674
      vertex 50.15 6.1 8.79109
      vertex 50.15 6 8.79109
    endloop
  endfacet
  facet normal 0.555532 0 0.831495
    outer loop
      vertex 50.15 -0.0999994 8.79109
      vertex 50.5307 -4.9 8.53674
      vertex 50.5307 -0.0999994 8.53674
    endloop
  endfacet
  facet normal 0.555532 0 0.831495
    outer loop
      vertex 50.5307 -4.9 8.53674
      vertex 50.15 -0.0999994 8.79109
      vertex 50.15 -4.9 8.79109
    endloop
  endfacet
  facet normal 0.442297 0 0.896869
    outer loop
      vertex 49.7394 6.1 8.99358
      vertex 50.15 6 8.79109
      vertex 50.15 6.1 8.79109
    endloop
  endfacet
  facet normal 0.442297 0 0.896869
    outer loop
      vertex 50.15 6 8.79109
      vertex 49.7394 6.1 8.99358
      vertex 49.7394 6 8.99358
    endloop
  endfacet
  facet normal 0.442297 0 0.896869
    outer loop
      vertex 49.7394 -0.0999994 8.99358
      vertex 50.15 -4.9 8.79109
      vertex 50.15 -0.0999994 8.79109
    endloop
  endfacet
  facet normal 0.442297 0 0.896869
    outer loop
      vertex 50.15 -4.9 8.79109
      vertex 49.7394 -0.0999994 8.99358
      vertex 49.7394 -4.9 8.99358
    endloop
  endfacet
  facet normal -0.997865 0 0.0653099
    outer loop
      vertex 44.9 -4.9 5.76
      vertex 44.9299 -0.0999994 6.21684
      vertex 44.9 -0.0999994 5.76
    endloop
  endfacet
  facet normal -0.997865 0 0.0653099
    outer loop
      vertex 44.9299 -0.0999994 6.21684
      vertex 44.9 -4.9 5.76
      vertex 44.9299 -4.9 6.21684
    endloop
  endfacet
  facet normal -0.997865 0 0.0653099
    outer loop
      vertex 44.9 6 5.76
      vertex 44.9299 6.1 6.21684
      vertex 44.9 6.1 5.76
    endloop
  endfacet
  facet normal -0.997865 0 0.0653099
    outer loop
      vertex 44.9299 6.1 6.21684
      vertex 44.9 6 5.76
      vertex 44.9299 6 6.21684
    endloop
  endfacet
  facet normal 0.751909 -0 0.659267
    outer loop
      vertex 50.8749 6 8.23487
      vertex 51.1767 6.1 7.89066
      vertex 50.8749 6.1 8.23487
    endloop
  endfacet
  facet normal 0.751909 0 0.659267
    outer loop
      vertex 51.1767 6.1 7.89066
      vertex 50.8749 6 8.23487
      vertex 51.1767 6 7.89066
    endloop
  endfacet
  facet normal 0.751909 -0 0.659267
    outer loop
      vertex 50.8749 -4.9 8.23487
      vertex 51.1767 -0.0999994 7.89066
      vertex 50.8749 -0.0999994 8.23487
    endloop
  endfacet
  facet normal 0.751909 0 0.659267
    outer loop
      vertex 51.1767 -0.0999994 7.89066
      vertex 50.8749 -4.9 8.23487
      vertex 51.1767 -4.9 7.89066
    endloop
  endfacet
  facet normal -0.321452 0 0.946926
    outer loop
      vertex 47.0606 -0.0999994 8.99358
      vertex 47.4941 -4.9 9.14074
      vertex 47.4941 -0.0999994 9.14074
    endloop
  endfacet
  facet normal -0.321452 0 0.946926
    outer loop
      vertex 47.4941 -4.9 9.14074
      vertex 47.0606 -0.0999994 8.99358
      vertex 47.0606 -4.9 8.99358
    endloop
  endfacet
  facet normal -0.321452 0 0.946926
    outer loop
      vertex 47.0606 6.1 8.99358
      vertex 47.4941 6 9.14074
      vertex 47.4941 6.1 9.14074
    endloop
  endfacet
  facet normal -0.321452 0 0.946926
    outer loop
      vertex 47.4941 6 9.14074
      vertex 47.0606 6.1 8.99358
      vertex 47.0606 6 8.99358
    endloop
  endfacet
  facet normal -0.980751 0 0.195263
    outer loop
      vertex 44.9299 -4.9 6.21684
      vertex 45.0193 -0.0999994 6.66587
      vertex 44.9299 -0.0999994 6.21684
    endloop
  endfacet
  facet normal -0.980751 0 0.195263
    outer loop
      vertex 45.0193 -0.0999994 6.66587
      vertex 44.9299 -4.9 6.21684
      vertex 45.0193 -4.9 6.66587
    endloop
  endfacet
  facet normal -0.980751 0 0.195263
    outer loop
      vertex 44.9299 6 6.21684
      vertex 45.0193 6.1 6.66587
      vertex 44.9299 6.1 6.21684
    endloop
  endfacet
  facet normal -0.980751 0 0.195263
    outer loop
      vertex 45.0193 6.1 6.66587
      vertex 44.9299 6 6.21684
      vertex 45.0193 6 6.66587
    endloop
  endfacet
  facet normal 0 1 0
    outer loop
      vertex 48.4 6.1 7.46
      vertex 48.4 6.1 9.26
      vertex 48.8568 6.1 9.23006
    endloop
  endfacet
  facet normal 0 1 0
    outer loop
      vertex 48.6219 6.1 7.44546
      vertex 48.8568 6.1 9.23006
      vertex 49.3059 6.1 9.14074
    endloop
  endfacet
  facet normal 0 1 0
    outer loop
      vertex 48.4 6.1 9.26
      vertex 48.4 6.1 7.46
      vertex 47.9432 6.1 9.23006
    endloop
  endfacet
  facet normal 0 1 0
    outer loop
      vertex 48.84 6.1 7.40207
      vertex 49.3059 6.1 9.14074
      vertex 49.7394 6.1 8.99358
    endloop
  endfacet
  facet normal 0 1 -0
    outer loop
      vertex 48.1781 6.1 7.44546
      vertex 47.9432 6.1 9.23006
      vertex 48.4 6.1 7.46
    endloop
  endfacet
  facet normal 0 1 0
    outer loop
      vertex 49.0506 6.1 7.3306
      vertex 49.7394 6.1 8.99358
      vertex 50.15 6.1 8.79109
    endloop
  endfacet
  facet normal 0 1 0
    outer loop
      vertex 47.9432 6.1 9.23006
      vertex 48.1781 6.1 7.44546
      vertex 47.4941 6.1 9.14074
    endloop
  endfacet
  facet normal 0 1 0
    outer loop
      vertex 49.25 6.1 7.23224
      vertex 50.15 6.1 8.79109
      vertex 50.5307 6.1 8.53674
    endloop
  endfacet
  facet normal 0 1 -0
    outer loop
      vertex 47.96 6.1 7.40207
      vertex 47.4941 6.1 9.14074
      vertex 48.1781 6.1 7.44546
    endloop
  endfacet
  facet normal 0 1 0
    outer loop
      vertex 49.4349 6.1 7.1087
      vertex 50.5307 6.1 8.53674
      vertex 50.8749 6.1 8.23487
    endloop
  endfacet
  facet normal 0 1 0
    outer loop
      vertex 47.4941 6.1 9.14074
      vertex 47.96 6.1 7.40207
      vertex 47.0606 6.1 8.99358
    endloop
  endfacet
  facet normal 0 1 0
    outer loop
      vertex 49.6021 6.1 6.96208
      vertex 50.8749 6.1 8.23487
      vertex 51.1767 6.1 7.89066
    endloop
  endfacet
  facet normal 0 1 -0
    outer loop
      vertex 47.7494 6.1 7.3306
      vertex 47.0606 6.1 8.99358
      vertex 47.96 6.1 7.40207
    endloop
  endfacet
  facet normal 0 1 0
    outer loop
      vertex 49.7487 6.1 6.79489
      vertex 51.1767 6.1 7.89066
      vertex 51.4311 6.1 7.51
    endloop
  endfacet
  facet normal 0 1 0
    outer loop
      vertex 47.0606 6.1 8.99358
      vertex 47.7494 6.1 7.3306
      vertex 46.65 6.1 8.79109
    endloop
  endfacet
  facet normal 0 1 -0
    outer loop
      vertex 47.55 6.1 7.23224
      vertex 46.65 6.1 8.79109
      vertex 47.7494 6.1 7.3306
    endloop
  endfacet
  facet normal 0 1 0
    outer loop
      vertex 48.8568 6.1 9.23006
      vertex 48.6219 6.1 7.44546
      vertex 48.4 6.1 7.46
    endloop
  endfacet
  facet normal 0 1 0
    outer loop
      vertex 49.3059 6.1 9.14074
      vertex 48.84 6.1 7.40207
      vertex 48.6219 6.1 7.44546
    endloop
  endfacet
  facet normal 0 1 0
    outer loop
      vertex 49.7394 6.1 8.99358
      vertex 49.0506 6.1 7.3306
      vertex 48.84 6.1 7.40207
    endloop
  endfacet
  facet normal 0 1 0
    outer loop
      vertex 50.15 6.1 8.79109
      vertex 49.25 6.1 7.23224
      vertex 49.0506 6.1 7.3306
    endloop
  endfacet
  facet normal 0 1 0
    outer loop
      vertex 50.5307 6.1 8.53674
      vertex 49.4349 6.1 7.1087
      vertex 49.25 6.1 7.23224
    endloop
  endfacet
  facet normal 0 1 0
    outer loop
      vertex 49.8722 6.1 6.61
      vertex 51.4311 6.1 7.51
      vertex 51.6336 6.1 7.09939
    endloop
  endfacet
  facet normal 0 1 0
    outer loop
      vertex 50.8749 6.1 8.23487
      vertex 49.6021 6.1 6.96208
      vertex 49.4349 6.1 7.1087
    endloop
  endfacet
  facet normal 0 1 0
    outer loop
      vertex 51.1767 6.1 7.89066
      vertex 49.7487 6.1 6.79489
      vertex 49.6021 6.1 6.96208
    endloop
  endfacet
  facet normal 0 1 0
    outer loop
      vertex 49.9706 6.1 6.41056
      vertex 51.6336 6.1 7.09939
      vertex 51.7807 6.1 6.66587
    endloop
  endfacet
  facet normal 0 1 0
    outer loop
      vertex 51.4311 6.1 7.51
      vertex 49.8722 6.1 6.61
      vertex 49.7487 6.1 6.79489
    endloop
  endfacet
  facet normal 0 1 0
    outer loop
      vertex 51.6336 6.1 7.09939
      vertex 49.9706 6.1 6.41056
      vertex 49.8722 6.1 6.61
    endloop
  endfacet
  facet normal 0 1 0
    outer loop
      vertex 50.0421 6.1 6.19999
      vertex 51.7807 6.1 6.66587
      vertex 51.8701 6.1 6.21684
    endloop
  endfacet
  facet normal 0 1 0
    outer loop
      vertex 51.7807 6.1 6.66587
      vertex 50.0421 6.1 6.19999
      vertex 49.9706 6.1 6.41056
    endloop
  endfacet
  facet normal 0 1 0
    outer loop
      vertex 51.8701 6.1 6.21684
      vertex 50.0855 6.1 5.98189
      vertex 50.0421 6.1 6.19999
    endloop
  endfacet
  facet normal 0 1 0
    outer loop
      vertex 51.9 6.1 5.76
      vertex 50.0855 6.1 5.98189
      vertex 51.8701 6.1 6.21684
    endloop
  endfacet
  facet normal 0 1 0
    outer loop
      vertex 51.9 6.1 5.76
      vertex 50.1 6.1 5.76
      vertex 50.0855 6.1 5.98189
    endloop
  endfacet
  facet normal 0 1 0
    outer loop
      vertex 51.9 6.1 5.76
      vertex 50.0855 6.1 5.53811
      vertex 50.1 6.1 5.76
    endloop
  endfacet
  facet normal 0 1 -0
    outer loop
      vertex 51.8701 6.1 5.30316
      vertex 50.0855 6.1 5.53811
      vertex 51.9 6.1 5.76
    endloop
  endfacet
  facet normal 0 1 0
    outer loop
      vertex 50.0855 6.1 5.53811
      vertex 51.8701 6.1 5.30316
      vertex 50.0421 6.1 5.32001
    endloop
  endfacet
  facet normal 0 1 -0
    outer loop
      vertex 51.7807 6.1 4.85413
      vertex 50.0421 6.1 5.32001
      vertex 51.8701 6.1 5.30316
    endloop
  endfacet
  facet normal 0 1 0
    outer loop
      vertex 50.0421 6.1 5.32001
      vertex 51.7807 6.1 4.85413
      vertex 49.9706 6.1 5.10944
    endloop
  endfacet
  facet normal 0 1 -0
    outer loop
      vertex 51.6336 6.1 4.42061
      vertex 49.9706 6.1 5.10944
      vertex 51.7807 6.1 4.85413
    endloop
  endfacet
  facet normal 0 1 0
    outer loop
      vertex 49.9706 6.1 5.10944
      vertex 51.6336 6.1 4.42061
      vertex 49.8722 6.1 4.91
    endloop
  endfacet
  facet normal 0 1 -0
    outer loop
      vertex 51.4311 6.1 4.01
      vertex 49.8722 6.1 4.91
      vertex 51.6336 6.1 4.42061
    endloop
  endfacet
  facet normal 0 1 0
    outer loop
      vertex 49.8722 6.1 4.91
      vertex 51.4311 6.1 4.01
      vertex 49.7487 6.1 4.72511
    endloop
  endfacet
  facet normal 0 1 -0
    outer loop
      vertex 51.1767 6.1 3.62933
      vertex 49.7487 6.1 4.72511
      vertex 51.4311 6.1 4.01
    endloop
  endfacet
  facet normal 0 1 0
    outer loop
      vertex 49.7487 6.1 4.72511
      vertex 51.1767 6.1 3.62933
      vertex 49.6021 6.1 4.55792
    endloop
  endfacet
  facet normal 0 1 -0
    outer loop
      vertex 50.8749 6.1 3.28513
      vertex 49.6021 6.1 4.55792
      vertex 51.1767 6.1 3.62933
    endloop
  endfacet
  facet normal 0 1 0
    outer loop
      vertex 49.6021 6.1 4.55792
      vertex 50.8749 6.1 3.28513
      vertex 49.4349 6.1 4.4113
    endloop
  endfacet
  facet normal 0 1 -0
    outer loop
      vertex 50.5307 6.1 2.98326
      vertex 49.4349 6.1 4.4113
      vertex 50.8749 6.1 3.28513
    endloop
  endfacet
  facet normal 0 1 -0
    outer loop
      vertex 50.15 6.1 2.72891
      vertex 49.25 6.1 4.28776
      vertex 50.5307 6.1 2.98326
    endloop
  endfacet
  facet normal 0 1 0
    outer loop
      vertex 49.4349 6.1 4.4113
      vertex 50.5307 6.1 2.98326
      vertex 49.25 6.1 4.28776
    endloop
  endfacet
  facet normal 0 1 0
    outer loop
      vertex 46.65 6.1 8.79109
      vertex 47.55 6.1 7.23224
      vertex 46.2693 6.1 8.53674
    endloop
  endfacet
  facet normal 0 1 -0
    outer loop
      vertex 47.3651 6.1 7.1087
      vertex 46.2693 6.1 8.53674
      vertex 47.55 6.1 7.23224
    endloop
  endfacet
  facet normal 0 1 0
    outer loop
      vertex 46.2693 6.1 8.53674
      vertex 47.3651 6.1 7.1087
      vertex 45.9251 6.1 8.23487
    endloop
  endfacet
  facet normal 0 1 -0
    outer loop
      vertex 47.1979 6.1 6.96208
      vertex 45.9251 6.1 8.23487
      vertex 47.3651 6.1 7.1087
    endloop
  endfacet
  facet normal 0 1 0
    outer loop
      vertex 45.9251 6.1 8.23487
      vertex 47.1979 6.1 6.96208
      vertex 45.6233 6.1 7.89066
    endloop
  endfacet
  facet normal 0 1 -0
    outer loop
      vertex 47.0513 6.1 6.79489
      vertex 45.6233 6.1 7.89066
      vertex 47.1979 6.1 6.96208
    endloop
  endfacet
  facet normal 0 1 0
    outer loop
      vertex 45.6233 6.1 7.89066
      vertex 47.0513 6.1 6.79489
      vertex 45.3689 6.1 7.51
    endloop
  endfacet
  facet normal 0 1 -0
    outer loop
      vertex 46.9278 6.1 6.61
      vertex 45.3689 6.1 7.51
      vertex 47.0513 6.1 6.79489
    endloop
  endfacet
  facet normal 0 1 0
    outer loop
      vertex 45.3689 6.1 7.51
      vertex 46.9278 6.1 6.61
      vertex 45.1664 6.1 7.09939
    endloop
  endfacet
  facet normal 0 1 -0
    outer loop
      vertex 46.8294 6.1 6.41056
      vertex 45.1664 6.1 7.09939
      vertex 46.9278 6.1 6.61
    endloop
  endfacet
  facet normal 0 1 0
    outer loop
      vertex 45.1664 6.1 7.09939
      vertex 46.8294 6.1 6.41056
      vertex 45.0193 6.1 6.66587
    endloop
  endfacet
  facet normal 0 1 -0
    outer loop
      vertex 46.7579 6.1 6.19999
      vertex 45.0193 6.1 6.66587
      vertex 46.8294 6.1 6.41056
    endloop
  endfacet
  facet normal 0 1 0
    outer loop
      vertex 45.0193 6.1 6.66587
      vertex 46.7579 6.1 6.19999
      vertex 44.9299 6.1 6.21684
    endloop
  endfacet
  facet normal 0 1 -0
    outer loop
      vertex 46.7145 6.1 5.98189
      vertex 44.9299 6.1 6.21684
      vertex 46.7579 6.1 6.19999
    endloop
  endfacet
  facet normal 0 1 -0
    outer loop
      vertex 46.7 6.1 5.76
      vertex 44.9299 6.1 6.21684
      vertex 46.7145 6.1 5.98189
    endloop
  endfacet
  facet normal 0 1 0
    outer loop
      vertex 46.7 6.1 5.76
      vertex 44.9 6.1 5.76
      vertex 44.9299 6.1 6.21684
    endloop
  endfacet
  facet normal 0 1 0
    outer loop
      vertex 46.7145 6.1 5.53811
      vertex 44.9 6.1 5.76
      vertex 46.7 6.1 5.76
    endloop
  endfacet
  facet normal 0 1 0
    outer loop
      vertex 44.9299 6.1 5.30316
      vertex 46.7145 6.1 5.53811
      vertex 46.7579 6.1 5.32001
    endloop
  endfacet
  facet normal 0 1 0
    outer loop
      vertex 46.7145 6.1 5.53811
      vertex 44.9299 6.1 5.30316
      vertex 44.9 6.1 5.76
    endloop
  endfacet
  facet normal 0 1 0
    outer loop
      vertex 45.0193 6.1 4.85413
      vertex 46.7579 6.1 5.32001
      vertex 46.8294 6.1 5.10944
    endloop
  endfacet
  facet normal 0 1 0
    outer loop
      vertex 45.1664 6.1 4.42061
      vertex 46.8294 6.1 5.10944
      vertex 46.9278 6.1 4.91
    endloop
  endfacet
  facet normal 0 1 0
    outer loop
      vertex 46.7579 6.1 5.32001
      vertex 45.0193 6.1 4.85413
      vertex 44.9299 6.1 5.30316
    endloop
  endfacet
  facet normal 0 1 0
    outer loop
      vertex 45.3689 6.1 4.01
      vertex 46.9278 6.1 4.91
      vertex 47.0513 6.1 4.72511
    endloop
  endfacet
  facet normal 0 1 0
    outer loop
      vertex 45.6233 6.1 3.62933
      vertex 47.0513 6.1 4.72511
      vertex 47.1979 6.1 4.55792
    endloop
  endfacet
  facet normal 0 1 0
    outer loop
      vertex 46.8294 6.1 5.10944
      vertex 45.1664 6.1 4.42061
      vertex 45.0193 6.1 4.85413
    endloop
  endfacet
  facet normal 0 1 0
    outer loop
      vertex 45.9251 6.1 3.28513
      vertex 47.1979 6.1 4.55792
      vertex 47.3651 6.1 4.4113
    endloop
  endfacet
  facet normal 0 1 0
    outer loop
      vertex 46.2693 6.1 2.98326
      vertex 47.3651 6.1 4.4113
      vertex 47.55 6.1 4.28776
    endloop
  endfacet
  facet normal 0 1 0
    outer loop
      vertex 46.65 6.1 2.72891
      vertex 47.55 6.1 4.28776
      vertex 47.7494 6.1 4.1894
    endloop
  endfacet
  facet normal 0 1 0
    outer loop
      vertex 47.0606 6.1 2.52642
      vertex 47.7494 6.1 4.1894
      vertex 47.96 6.1 4.11793
    endloop
  endfacet
  facet normal 0 1 0
    outer loop
      vertex 47.4941 6.1 2.37926
      vertex 47.96 6.1 4.11793
      vertex 48.1781 6.1 4.07454
    endloop
  endfacet
  facet normal 0 1 0
    outer loop
      vertex 46.9278 6.1 4.91
      vertex 45.3689 6.1 4.01
      vertex 45.1664 6.1 4.42061
    endloop
  endfacet
  facet normal 0 1 0
    outer loop
      vertex 47.9432 6.1 2.28994
      vertex 48.1781 6.1 4.07454
      vertex 48.4 6.1 4.06
    endloop
  endfacet
  facet normal 0 1 0
    outer loop
      vertex 49.25 6.1 4.28776
      vertex 50.15 6.1 2.72891
      vertex 49.0506 6.1 4.1894
    endloop
  endfacet
  facet normal 0 1 -0
    outer loop
      vertex 49.7394 6.1 2.52642
      vertex 49.0506 6.1 4.1894
      vertex 50.15 6.1 2.72891
    endloop
  endfacet
  facet normal 0 1 0
    outer loop
      vertex 47.0513 6.1 4.72511
      vertex 45.6233 6.1 3.62933
      vertex 45.3689 6.1 4.01
    endloop
  endfacet
  facet normal 0 1 0
    outer loop
      vertex 49.0506 6.1 4.1894
      vertex 49.7394 6.1 2.52642
      vertex 48.84 6.1 4.11793
    endloop
  endfacet
  facet normal 0 1 0
    outer loop
      vertex 47.1979 6.1 4.55792
      vertex 45.9251 6.1 3.28513
      vertex 45.6233 6.1 3.62933
    endloop
  endfacet
  facet normal 0 1 -0
    outer loop
      vertex 49.3059 6.1 2.37926
      vertex 48.84 6.1 4.11793
      vertex 49.7394 6.1 2.52642
    endloop
  endfacet
  facet normal 0 1 0
    outer loop
      vertex 47.3651 6.1 4.4113
      vertex 46.2693 6.1 2.98326
      vertex 45.9251 6.1 3.28513
    endloop
  endfacet
  facet normal 0 1 0
    outer loop
      vertex 48.84 6.1 4.11793
      vertex 49.3059 6.1 2.37926
      vertex 48.6219 6.1 4.07454
    endloop
  endfacet
  facet normal 0 1 0
    outer loop
      vertex 47.55 6.1 4.28776
      vertex 46.65 6.1 2.72891
      vertex 46.2693 6.1 2.98326
    endloop
  endfacet
  facet normal 0 1 -0
    outer loop
      vertex 48.8568 6.1 2.28994
      vertex 48.6219 6.1 4.07454
      vertex 49.3059 6.1 2.37926
    endloop
  endfacet
  facet normal 0 1 0
    outer loop
      vertex 47.7494 6.1 4.1894
      vertex 47.0606 6.1 2.52642
      vertex 46.65 6.1 2.72891
    endloop
  endfacet
  facet normal 0 1 0
    outer loop
      vertex 48.6219 6.1 4.07454
      vertex 48.8568 6.1 2.28994
      vertex 48.4 6.1 4.06
    endloop
  endfacet
  facet normal 0 1 0
    outer loop
      vertex 47.96 6.1 4.11793
      vertex 47.4941 6.1 2.37926
      vertex 47.0606 6.1 2.52642
    endloop
  endfacet
  facet normal 0 1 0
    outer loop
      vertex 48.4 6.1 2.26
      vertex 48.4 6.1 4.06
      vertex 48.8568 6.1 2.28994
    endloop
  endfacet
  facet normal 0 1 0
    outer loop
      vertex 48.1781 6.1 4.07454
      vertex 47.9432 6.1 2.28994
      vertex 47.4941 6.1 2.37926
    endloop
  endfacet
  facet normal 0 1 0
    outer loop
      vertex 48.4 6.1 4.06
      vertex 48.4 6.1 2.26
      vertex 47.9432 6.1 2.28994
    endloop
  endfacet
  facet normal -0.442297 0 -0.896869
    outer loop
      vertex 46.65 -4.9 2.72891
      vertex 47.0606 -0.0999994 2.52642
      vertex 47.0606 -4.9 2.52642
    endloop
  endfacet
  facet normal -0.442297 0 -0.896869
    outer loop
      vertex 47.0606 -0.0999994 2.52642
      vertex 46.65 -4.9 2.72891
      vertex 46.65 -0.0999994 2.72891
    endloop
  endfacet
  facet normal -0.442297 0 -0.896869
    outer loop
      vertex 46.65 6 2.72891
      vertex 47.0606 6.1 2.52642
      vertex 47.0606 6 2.52642
    endloop
  endfacet
  facet normal -0.442297 0 -0.896869
    outer loop
      vertex 47.0606 6.1 2.52642
      vertex 46.65 6 2.72891
      vertex 46.65 6.1 2.72891
    endloop
  endfacet
  facet normal -0.831418 0 0.555647
    outer loop
      vertex 45.3689 6 7.51
      vertex 45.6233 6.1 7.89066
      vertex 45.3689 6.1 7.51
    endloop
  endfacet
  facet normal -0.831418 0 0.555647
    outer loop
      vertex 45.6233 6.1 7.89066
      vertex 45.3689 6 7.51
      vertex 45.6233 6 7.89066
    endloop
  endfacet
  facet normal -0.831418 0 0.555647
    outer loop
      vertex 45.3689 -4.9 7.51
      vertex 45.6233 -0.0999994 7.89066
      vertex 45.3689 -0.0999994 7.51
    endloop
  endfacet
  facet normal -0.831418 0 0.555647
    outer loop
      vertex 45.6233 -0.0999994 7.89066
      vertex 45.3689 -4.9 7.51
      vertex 45.6233 -4.9 7.89066
    endloop
  endfacet
  facet normal -0.896864 0 0.442305
    outer loop
      vertex 45.1664 -4.9 7.09939
      vertex 45.3689 -0.0999994 7.51
      vertex 45.1664 -0.0999994 7.09939
    endloop
  endfacet
  facet normal -0.896864 0 0.442305
    outer loop
      vertex 45.3689 -0.0999994 7.51
      vertex 45.1664 -4.9 7.09939
      vertex 45.3689 -4.9 7.51
    endloop
  endfacet
  facet normal -0.896864 0 0.442305
    outer loop
      vertex 45.1664 6 7.09939
      vertex 45.3689 6.1 7.51
      vertex 45.1664 6.1 7.09939
    endloop
  endfacet
  facet normal -0.896864 0 0.442305
    outer loop
      vertex 45.3689 6.1 7.51
      vertex 45.1664 6 7.09939
      vertex 45.3689 6 7.51
    endloop
  endfacet
  facet normal -0.195066 0 -0.98079
    outer loop
      vertex 47.4941 6 2.37926
      vertex 47.9432 6.1 2.28994
      vertex 47.9432 6 2.28994
    endloop
  endfacet
  facet normal -0.195066 0 -0.98079
    outer loop
      vertex 47.9432 6.1 2.28994
      vertex 47.4941 6 2.37926
      vertex 47.4941 6.1 2.37926
    endloop
  endfacet
  facet normal -0.195066 0 -0.98079
    outer loop
      vertex 47.4941 -4.9 2.37926
      vertex 47.9432 -0.0999994 2.28994
      vertex 47.9432 -4.9 2.28994
    endloop
  endfacet
  facet normal -0.195066 0 -0.98079
    outer loop
      vertex 47.9432 -0.0999994 2.28994
      vertex 47.4941 -4.9 2.37926
      vertex 47.4941 -0.0999994 2.37926
    endloop
  endfacet
  facet normal -0.896864 0 -0.442305
    outer loop
      vertex 45.3689 6 4.01
      vertex 45.1664 6.1 4.42061
      vertex 45.3689 6.1 4.01
    endloop
  endfacet
  facet normal -0.896864 -0 -0.442305
    outer loop
      vertex 45.1664 6.1 4.42061
      vertex 45.3689 6 4.01
      vertex 45.1664 6 4.42061
    endloop
  endfacet
  facet normal -0.896864 0 -0.442305
    outer loop
      vertex 45.3689 -4.9 4.01
      vertex 45.1664 -0.0999994 4.42061
      vertex 45.3689 -0.0999994 4.01
    endloop
  endfacet
  facet normal -0.896864 -0 -0.442305
    outer loop
      vertex 45.1664 -0.0999994 4.42061
      vertex 45.3689 -4.9 4.01
      vertex 45.1664 -4.9 4.42061
    endloop
  endfacet
  facet normal -0.997865 0 -0.0653099
    outer loop
      vertex 44.9299 -4.9 5.30316
      vertex 44.9 -0.0999994 5.76
      vertex 44.9299 -0.0999994 5.30316
    endloop
  endfacet
  facet normal -0.997865 -0 -0.0653099
    outer loop
      vertex 44.9 -0.0999994 5.76
      vertex 44.9299 -4.9 5.30316
      vertex 44.9 -4.9 5.76
    endloop
  endfacet
  facet normal -0.997865 0 -0.0653099
    outer loop
      vertex 44.9299 6 5.30316
      vertex 44.9 6.1 5.76
      vertex 44.9299 6.1 5.30316
    endloop
  endfacet
  facet normal -0.997865 -0 -0.0653099
    outer loop
      vertex 44.9 6.1 5.76
      vertex 44.9299 6 5.30316
      vertex 44.9 6 5.76
    endloop
  endfacet
  facet normal -0.321452 0 -0.946926
    outer loop
      vertex 47.0606 6 2.52642
      vertex 47.4941 6.1 2.37926
      vertex 47.4941 6 2.37926
    endloop
  endfacet
  facet normal -0.321452 0 -0.946926
    outer loop
      vertex 47.4941 6.1 2.37926
      vertex 47.0606 6 2.52642
      vertex 47.0606 6.1 2.52642
    endloop
  endfacet
  facet normal -0.321452 0 -0.946926
    outer loop
      vertex 47.0606 -4.9 2.52642
      vertex 47.4941 -0.0999994 2.37926
      vertex 47.4941 -4.9 2.37926
    endloop
  endfacet
  facet normal -0.321452 0 -0.946926
    outer loop
      vertex 47.4941 -0.0999994 2.37926
      vertex 47.0606 -4.9 2.52642
      vertex 47.0606 -0.0999994 2.52642
    endloop
  endfacet
  facet normal 0.980757 -0 0.195234
    outer loop
      vertex 51.7807 6 27.1459
      vertex 51.8701 6.1 26.6968
      vertex 51.7807 6.1 27.1459
    endloop
  endfacet
  facet normal 0.980757 0 0.195234
    outer loop
      vertex 51.8701 6.1 26.6968
      vertex 51.7807 6 27.1459
      vertex 51.8701 6 26.6968
    endloop
  endfacet
  facet normal 0.980757 -0 0.195234
    outer loop
      vertex 51.7807 -4.9 27.1459
      vertex 51.8701 4 26.6968
      vertex 51.7807 4 27.1459
    endloop
  endfacet
  facet normal 0.980757 0 0.195234
    outer loop
      vertex 51.8701 4 26.6968
      vertex 51.7807 -4.9 27.1459
      vertex 51.8701 -4.9 26.6968
    endloop
  endfacet
  facet normal 0.997865 -0 0.0653156
    outer loop
      vertex 51.8701 6 26.6968
      vertex 51.9 6.1 26.24
      vertex 51.8701 6.1 26.6968
    endloop
  endfacet
  facet normal 0.997865 0 0.0653156
    outer loop
      vertex 51.9 6.1 26.24
      vertex 51.8701 6 26.6968
      vertex 51.9 6 26.24
    endloop
  endfacet
  facet normal 0.997865 -0 0.0653156
    outer loop
      vertex 51.8701 -4.9 26.6968
      vertex 51.9 4 26.24
      vertex 51.8701 4 26.6968
    endloop
  endfacet
  facet normal 0.997865 0 0.0653156
    outer loop
      vertex 51.9 4 26.24
      vertex 51.8701 -4.9 26.6968
      vertex 51.9 -4.9 26.24
    endloop
  endfacet
  facet normal 0.195234 0 0.980757
    outer loop
      vertex 48.8568 -0.0999994 29.7101
      vertex 49.3059 -4.9 29.6207
      vertex 49.3059 -0.0999994 29.6207
    endloop
  endfacet
  facet normal 0.195234 0 0.980757
    outer loop
      vertex 49.3059 -4.9 29.6207
      vertex 48.8568 -0.0999994 29.7101
      vertex 48.8568 -4.9 29.7101
    endloop
  endfacet
  facet normal 0.195234 0 0.980757
    outer loop
      vertex 48.8568 6.1 29.7101
      vertex 49.3059 6 29.6207
      vertex 49.3059 6.1 29.6207
    endloop
  endfacet
  facet normal 0.195234 0 0.980757
    outer loop
      vertex 49.3059 6 29.6207
      vertex 48.8568 6.1 29.7101
      vertex 48.8568 6 29.7101
    endloop
  endfacet
  facet normal -0.659278 0 0.7519
    outer loop
      vertex 45.9251 6.1 28.7149
      vertex 46.2693 6 29.0167
      vertex 46.2693 6.1 29.0167
    endloop
  endfacet
  facet normal -0.659278 0 0.7519
    outer loop
      vertex 46.2693 6 29.0167
      vertex 45.9251 6.1 28.7149
      vertex 45.9251 6 28.7149
    endloop
  endfacet
  facet normal -0.659278 0 0.7519
    outer loop
      vertex 45.9251 -0.0999994 28.7149
      vertex 46.2693 -4.9 29.0167
      vertex 46.2693 -0.0999994 29.0167
    endloop
  endfacet
  facet normal -0.659278 0 0.7519
    outer loop
      vertex 46.2693 -4.9 29.0167
      vertex 45.9251 -0.0999994 28.7149
      vertex 45.9251 -4.9 28.7149
    endloop
  endfacet
  facet normal -0.195234 0 0.980757
    outer loop
      vertex 47.4941 6.1 29.6207
      vertex 47.9432 6 29.7101
      vertex 47.9432 6.1 29.7101
    endloop
  endfacet
  facet normal -0.195234 0 0.980757
    outer loop
      vertex 47.9432 6 29.7101
      vertex 47.4941 6.1 29.6207
      vertex 47.4941 6 29.6207
    endloop
  endfacet
  facet normal -0.195234 0 0.980757
    outer loop
      vertex 47.4941 -0.0999994 29.6207
      vertex 47.9432 -4.9 29.7101
      vertex 47.9432 -0.0999994 29.7101
    endloop
  endfacet
  facet normal -0.195234 0 0.980757
    outer loop
      vertex 47.9432 -4.9 29.7101
      vertex 47.4941 -0.0999994 29.6207
      vertex 47.4941 -4.9 29.6207
    endloop
  endfacet
  facet normal -0.980757 0 0.195234
    outer loop
      vertex 44.9299 6 26.6968
      vertex 45.0193 6.1 27.1459
      vertex 44.9299 6.1 26.6968
    endloop
  endfacet
  facet normal -0.980757 0 0.195234
    outer loop
      vertex 45.0193 6.1 27.1459
      vertex 44.9299 6 26.6968
      vertex 45.0193 6 27.1459
    endloop
  endfacet
  facet normal -0.980757 0 0.195234
    outer loop
      vertex 44.9299 -4.9 26.6968
      vertex 45.0193 -0.0999994 27.1459
      vertex 44.9299 -0.0999994 26.6968
    endloop
  endfacet
  facet normal -0.980757 0 0.195234
    outer loop
      vertex 45.0193 -0.0999994 27.1459
      vertex 44.9299 -4.9 26.6968
      vertex 45.0193 -4.9 27.1459
    endloop
  endfacet
  facet normal -0.7519 0 0.659278
    outer loop
      vertex 45.6233 6 28.3707
      vertex 45.9251 6.1 28.7149
      vertex 45.6233 6.1 28.3707
    endloop
  endfacet
  facet normal -0.7519 0 0.659278
    outer loop
      vertex 45.9251 6.1 28.7149
      vertex 45.6233 6 28.3707
      vertex 45.9251 6 28.7149
    endloop
  endfacet
  facet normal -0.7519 0 0.659278
    outer loop
      vertex 45.6233 -4.9 28.3707
      vertex 45.9251 -0.0999994 28.7149
      vertex 45.6233 -0.0999994 28.3707
    endloop
  endfacet
  facet normal -0.7519 0 0.659278
    outer loop
      vertex 45.9251 -0.0999994 28.7149
      vertex 45.6233 -4.9 28.3707
      vertex 45.9251 -4.9 28.7149
    endloop
  endfacet
  facet normal 0.555607 0 -0.831445
    outer loop
      vertex 50.15 6 23.2089
      vertex 50.5307 6.1 23.4633
      vertex 50.5307 6 23.4633
    endloop
  endfacet
  facet normal 0.555607 0 -0.831445
    outer loop
      vertex 50.5307 6.1 23.4633
      vertex 50.15 6 23.2089
      vertex 50.15 6.1 23.2089
    endloop
  endfacet
  facet normal 0.555607 0 -0.831445
    outer loop
      vertex 50.15 -4.9 23.2089
      vertex 50.5307 -0.0999994 23.4633
      vertex 50.5307 -4.9 23.4633
    endloop
  endfacet
  facet normal 0.555607 0 -0.831445
    outer loop
      vertex 50.5307 -0.0999994 23.4633
      vertex 50.15 -4.9 23.2089
      vertex 50.15 -0.0999994 23.2089
    endloop
  endfacet
  facet normal -0.0653156 0 0.997865
    outer loop
      vertex 47.9432 -0.0999994 29.7101
      vertex 48.4 -4.9 29.74
      vertex 48.4 -0.0999994 29.74
    endloop
  endfacet
  facet normal -0.0653156 0 0.997865
    outer loop
      vertex 48.4 -4.9 29.74
      vertex 47.9432 -0.0999994 29.7101
      vertex 47.9432 -4.9 29.7101
    endloop
  endfacet
  facet normal -0.0653156 0 0.997865
    outer loop
      vertex 47.9432 6.1 29.7101
      vertex 48.4 6 29.74
      vertex 48.4 6.1 29.74
    endloop
  endfacet
  facet normal -0.0653156 0 0.997865
    outer loop
      vertex 48.4 6 29.74
      vertex 47.9432 6.1 29.7101
      vertex 47.9432 6 29.7101
    endloop
  endfacet
  facet normal -0.555607 0 0.831445
    outer loop
      vertex 46.2693 6.1 29.0167
      vertex 46.65 6 29.2711
      vertex 46.65 6.1 29.2711
    endloop
  endfacet
  facet normal -0.555607 0 0.831445
    outer loop
      vertex 46.65 6 29.2711
      vertex 46.2693 6.1 29.0167
      vertex 46.2693 6 29.0167
    endloop
  endfacet
  facet normal -0.555607 0 0.831445
    outer loop
      vertex 46.2693 -0.0999994 29.0167
      vertex 46.65 -4.9 29.2711
      vertex 46.65 -0.0999994 29.2711
    endloop
  endfacet
  facet normal -0.555607 0 0.831445
    outer loop
      vertex 46.65 -4.9 29.2711
      vertex 46.2693 -0.0999994 29.0167
      vertex 46.2693 -4.9 29.0167
    endloop
  endfacet
  facet normal 0.946966 -0 0.321335
    outer loop
      vertex 51.6336 -4.9 27.5794
      vertex 51.7807 4 27.1459
      vertex 51.6336 4 27.5794
    endloop
  endfacet
  facet normal 0.946966 0 0.321335
    outer loop
      vertex 51.7807 4 27.1459
      vertex 51.6336 -4.9 27.5794
      vertex 51.7807 -4.9 27.1459
    endloop
  endfacet
  facet normal 0.946966 -0 0.321335
    outer loop
      vertex 51.6336 6 27.5794
      vertex 51.7807 6.1 27.1459
      vertex 51.6336 6.1 27.5794
    endloop
  endfacet
  facet normal 0.946966 0 0.321335
    outer loop
      vertex 51.7807 6.1 27.1459
      vertex 51.6336 6 27.5794
      vertex 51.7807 6 27.1459
    endloop
  endfacet
  facet normal -0.946966 0 0.321335
    outer loop
      vertex 45.0193 6 27.1459
      vertex 45.1664 6.1 27.5794
      vertex 45.0193 6.1 27.1459
    endloop
  endfacet
  facet normal -0.946966 0 0.321335
    outer loop
      vertex 45.1664 6.1 27.5794
      vertex 45.0193 6 27.1459
      vertex 45.1664 6 27.5794
    endloop
  endfacet
  facet normal -0.946966 0 0.321335
    outer loop
      vertex 45.0193 -4.9 27.1459
      vertex 45.1664 -0.0999994 27.5794
      vertex 45.0193 -0.0999994 27.1459
    endloop
  endfacet
  facet normal -0.946966 0 0.321335
    outer loop
      vertex 45.1664 -0.0999994 27.5794
      vertex 45.0193 -4.9 27.1459
      vertex 45.1664 -4.9 27.5794
    endloop
  endfacet
  facet normal -0.997865 0 -0.0653156
    outer loop
      vertex 44.9299 6 25.7832
      vertex 44.9 6.1 26.24
      vertex 44.9299 6.1 25.7832
    endloop
  endfacet
  facet normal -0.997865 -0 -0.0653156
    outer loop
      vertex 44.9 6.1 26.24
      vertex 44.9299 6 25.7832
      vertex 44.9 6 26.24
    endloop
  endfacet
  facet normal -0.997865 0 -0.0653156
    outer loop
      vertex 44.9299 -4.9 25.7832
      vertex 44.9 -0.0999994 26.24
      vertex 44.9299 -0.0999994 25.7832
    endloop
  endfacet
  facet normal -0.997865 -0 -0.0653156
    outer loop
      vertex 44.9 -0.0999994 26.24
      vertex 44.9299 -4.9 25.7832
      vertex 44.9 -4.9 26.24
    endloop
  endfacet
  facet normal 0.896875 0 0.442284
    outer loop
      vertex 51.4311 -0.0999994 27.99
      vertex 51.4311 -4.9 27.99
      vertex 51.6 -0.0999994 27.6475
    endloop
  endfacet
  facet normal 0.896785 -0 0.442467
    outer loop
      vertex 51.6 -0.0999994 27.6475
      vertex 51.6336 4 27.5794
      vertex 51.6 4 27.6475
    endloop
  endfacet
  facet normal 0.896785 0 0.442467
    outer loop
      vertex 51.6 -0.0999994 27.6475
      vertex 51.6336 -4.9 27.5794
      vertex 51.6336 4 27.5794
    endloop
  endfacet
  facet normal 0.89686 2.68938e-06 0.442314
    outer loop
      vertex 51.6336 -4.9 27.5794
      vertex 51.6 -0.0999994 27.6475
      vertex 51.4311 -4.9 27.99
    endloop
  endfacet
  facet normal 0.89686 -0 0.442314
    outer loop
      vertex 51.4311 6 27.99
      vertex 51.6336 6.1 27.5794
      vertex 51.4311 6.1 27.99
    endloop
  endfacet
  facet normal 0.89686 0 0.442314
    outer loop
      vertex 51.6336 6.1 27.5794
      vertex 51.4311 6 27.99
      vertex 51.6336 6 27.5794
    endloop
  endfacet
  facet normal 0.442314 0 0.89686
    outer loop
      vertex 49.7394 6.1 29.4736
      vertex 50.15 6 29.2711
      vertex 50.15 6.1 29.2711
    endloop
  endfacet
  facet normal 0.442314 0 0.89686
    outer loop
      vertex 50.15 6 29.2711
      vertex 49.7394 6.1 29.4736
      vertex 49.7394 6 29.4736
    endloop
  endfacet
  facet normal 0.442314 0 0.89686
    outer loop
      vertex 49.7394 -0.0999994 29.4736
      vertex 50.15 -4.9 29.2711
      vertex 50.15 -0.0999994 29.2711
    endloop
  endfacet
  facet normal 0.442314 0 0.89686
    outer loop
      vertex 50.15 -4.9 29.2711
      vertex 49.7394 -0.0999994 29.4736
      vertex 49.7394 -4.9 29.4736
    endloop
  endfacet
  facet normal 0.442314 0 -0.89686
    outer loop
      vertex 49.7394 6 23.0064
      vertex 50.15 6.1 23.2089
      vertex 50.15 6 23.2089
    endloop
  endfacet
  facet normal 0.442314 0 -0.89686
    outer loop
      vertex 50.15 6.1 23.2089
      vertex 49.7394 6 23.0064
      vertex 49.7394 6.1 23.0064
    endloop
  endfacet
  facet normal 0.442314 0 -0.89686
    outer loop
      vertex 49.7394 -4.9 23.0064
      vertex 50.15 -0.0999994 23.2089
      vertex 50.15 -4.9 23.2089
    endloop
  endfacet
  facet normal 0.442314 0 -0.89686
    outer loop
      vertex 50.15 -0.0999994 23.2089
      vertex 49.7394 -4.9 23.0064
      vertex 49.7394 -0.0999994 23.0064
    endloop
  endfacet
  facet normal 0.321335 0 -0.946966
    outer loop
      vertex 49.3059 6 22.8593
      vertex 49.7394 6.1 23.0064
      vertex 49.7394 6 23.0064
    endloop
  endfacet
  facet normal 0.321335 0 -0.946966
    outer loop
      vertex 49.7394 6.1 23.0064
      vertex 49.3059 6 22.8593
      vertex 49.3059 6.1 22.8593
    endloop
  endfacet
  facet normal 0.321335 0 -0.946966
    outer loop
      vertex 49.3059 -4.9 22.8593
      vertex 49.7394 -0.0999994 23.0064
      vertex 49.7394 -4.9 23.0064
    endloop
  endfacet
  facet normal 0.321335 0 -0.946966
    outer loop
      vertex 49.7394 -0.0999994 23.0064
      vertex 49.3059 -4.9 22.8593
      vertex 49.3059 -0.0999994 22.8593
    endloop
  endfacet
  facet normal 0.0653156 0 0.997865
    outer loop
      vertex 48.4 -0.0999994 29.74
      vertex 48.8568 -4.9 29.7101
      vertex 48.8568 -0.0999994 29.7101
    endloop
  endfacet
  facet normal 0.0653156 0 0.997865
    outer loop
      vertex 48.8568 -4.9 29.7101
      vertex 48.4 -0.0999994 29.74
      vertex 48.4 -4.9 29.74
    endloop
  endfacet
  facet normal 0.0653156 0 0.997865
    outer loop
      vertex 48.4 6.1 29.74
      vertex 48.8568 6 29.7101
      vertex 48.8568 6.1 29.7101
    endloop
  endfacet
  facet normal 0.0653156 0 0.997865
    outer loop
      vertex 48.8568 6 29.7101
      vertex 48.4 6.1 29.74
      vertex 48.4 6 29.74
    endloop
  endfacet
  facet normal 0.321335 0 0.946966
    outer loop
      vertex 49.3059 -0.0999994 29.6207
      vertex 49.7394 -4.9 29.4736
      vertex 49.7394 -0.0999994 29.4736
    endloop
  endfacet
  facet normal 0.321335 0 0.946966
    outer loop
      vertex 49.7394 -4.9 29.4736
      vertex 49.3059 -0.0999994 29.6207
      vertex 49.3059 -4.9 29.6207
    endloop
  endfacet
  facet normal 0.321335 0 0.946966
    outer loop
      vertex 49.3059 6.1 29.6207
      vertex 49.7394 6 29.4736
      vertex 49.7394 6.1 29.4736
    endloop
  endfacet
  facet normal 0.321335 0 0.946966
    outer loop
      vertex 49.7394 6 29.4736
      vertex 49.3059 6.1 29.6207
      vertex 49.3059 6 29.6207
    endloop
  endfacet
  facet normal 0.896785 0 -0.442467
    outer loop
      vertex 51.6336 4 24.9006
      vertex 51.6 -0.0999994 24.8325
      vertex 51.6 4 24.8325
    endloop
  endfacet
  facet normal 0.896785 0 -0.442467
    outer loop
      vertex 51.6336 -4.9 24.9006
      vertex 51.6 -0.0999994 24.8325
      vertex 51.6336 4 24.9006
    endloop
  endfacet
  facet normal 0.89686 2.68938e-06 -0.442314
    outer loop
      vertex 51.4311 -4.9 24.49
      vertex 51.6 -0.0999994 24.8325
      vertex 51.6336 -4.9 24.9006
    endloop
  endfacet
  facet normal 0.896875 0 -0.442284
    outer loop
      vertex 51.6 -0.0999994 24.8325
      vertex 51.4311 -4.9 24.49
      vertex 51.4311 -0.0999994 24.49
    endloop
  endfacet
  facet normal 0.89686 0 -0.442314
    outer loop
      vertex 51.6336 6 24.9006
      vertex 51.4311 6.1 24.49
      vertex 51.6336 6.1 24.9006
    endloop
  endfacet
  facet normal 0.89686 0 -0.442314
    outer loop
      vertex 51.4311 6.1 24.49
      vertex 51.6336 6 24.9006
      vertex 51.4311 6 24.49
    endloop
  endfacet
  facet normal 0.7519 -0 0.659278
    outer loop
      vertex 50.8749 6 28.7149
      vertex 51.1767 6.1 28.3707
      vertex 50.8749 6.1 28.7149
    endloop
  endfacet
  facet normal 0.7519 0 0.659278
    outer loop
      vertex 51.1767 6.1 28.3707
      vertex 50.8749 6 28.7149
      vertex 51.1767 6 28.3707
    endloop
  endfacet
  facet normal 0.7519 -0 0.659278
    outer loop
      vertex 50.8749 -4.9 28.7149
      vertex 51.1767 -0.0999994 28.3707
      vertex 50.8749 -0.0999994 28.7149
    endloop
  endfacet
  facet normal 0.7519 0 0.659278
    outer loop
      vertex 51.1767 -0.0999994 28.3707
      vertex 50.8749 -4.9 28.7149
      vertex 51.1767 -4.9 28.3707
    endloop
  endfacet
  facet normal -0.980757 0 -0.195234
    outer loop
      vertex 45.0193 6 25.3341
      vertex 44.9299 6.1 25.7832
      vertex 45.0193 6.1 25.3341
    endloop
  endfacet
  facet normal -0.980757 -0 -0.195234
    outer loop
      vertex 44.9299 6.1 25.7832
      vertex 45.0193 6 25.3341
      vertex 44.9299 6 25.7832
    endloop
  endfacet
  facet normal -0.980757 0 -0.195234
    outer loop
      vertex 45.0193 -4.9 25.3341
      vertex 44.9299 -0.0999994 25.7832
      vertex 45.0193 -0.0999994 25.3341
    endloop
  endfacet
  facet normal -0.980757 -0 -0.195234
    outer loop
      vertex 44.9299 -0.0999994 25.7832
      vertex 45.0193 -4.9 25.3341
      vertex 44.9299 -4.9 25.7832
    endloop
  endfacet
  facet normal -0.946966 0 -0.321335
    outer loop
      vertex 45.1664 -4.9 24.9006
      vertex 45.0193 -0.0999994 25.3341
      vertex 45.1664 -0.0999994 24.9006
    endloop
  endfacet
  facet normal -0.946966 -0 -0.321335
    outer loop
      vertex 45.0193 -0.0999994 25.3341
      vertex 45.1664 -4.9 24.9006
      vertex 45.0193 -4.9 25.3341
    endloop
  endfacet
  facet normal -0.946966 0 -0.321335
    outer loop
      vertex 45.1664 6 24.9006
      vertex 45.0193 6.1 25.3341
      vertex 45.1664 6.1 24.9006
    endloop
  endfacet
  facet normal -0.946966 -0 -0.321335
    outer loop
      vertex 45.0193 6.1 25.3341
      vertex 45.1664 6 24.9006
      vertex 45.0193 6 25.3341
    endloop
  endfacet
  facet normal 0.659278 0 0.7519
    outer loop
      vertex 50.5307 -0.0999994 29.0167
      vertex 50.8749 -4.9 28.7149
      vertex 50.8749 -0.0999994 28.7149
    endloop
  endfacet
  facet normal 0.659278 0 0.7519
    outer loop
      vertex 50.8749 -4.9 28.7149
      vertex 50.5307 -0.0999994 29.0167
      vertex 50.5307 -4.9 29.0167
    endloop
  endfacet
  facet normal 0.659278 0 0.7519
    outer loop
      vertex 50.5307 6.1 29.0167
      vertex 50.8749 6 28.7149
      vertex 50.8749 6.1 28.7149
    endloop
  endfacet
  facet normal 0.659278 0 0.7519
    outer loop
      vertex 50.8749 6 28.7149
      vertex 50.5307 6.1 29.0167
      vertex 50.5307 6 29.0167
    endloop
  endfacet
  facet normal 0.831445 -0 0.555607
    outer loop
      vertex 51.1767 6 28.3707
      vertex 51.4311 6.1 27.99
      vertex 51.1767 6.1 28.3707
    endloop
  endfacet
  facet normal 0.831445 0 0.555607
    outer loop
      vertex 51.4311 6.1 27.99
      vertex 51.1767 6 28.3707
      vertex 51.4311 6 27.99
    endloop
  endfacet
  facet normal 0.831445 -0 0.555607
    outer loop
      vertex 51.1767 -4.9 28.3707
      vertex 51.4311 -0.0999994 27.99
      vertex 51.1767 -0.0999994 28.3707
    endloop
  endfacet
  facet normal 0.831445 0 0.555607
    outer loop
      vertex 51.4311 -0.0999994 27.99
      vertex 51.1767 -4.9 28.3707
      vertex 51.4311 -4.9 27.99
    endloop
  endfacet
  facet normal 0.555607 0 0.831445
    outer loop
      vertex 50.15 6.1 29.2711
      vertex 50.5307 6 29.0167
      vertex 50.5307 6.1 29.0167
    endloop
  endfacet
  facet normal 0.555607 0 0.831445
    outer loop
      vertex 50.5307 6 29.0167
      vertex 50.15 6.1 29.2711
      vertex 50.15 6 29.2711
    endloop
  endfacet
  facet normal 0.555607 0 0.831445
    outer loop
      vertex 50.15 -0.0999994 29.2711
      vertex 50.5307 -4.9 29.0167
      vertex 50.5307 -0.0999994 29.0167
    endloop
  endfacet
  facet normal 0.555607 0 0.831445
    outer loop
      vertex 50.5307 -4.9 29.0167
      vertex 50.15 -0.0999994 29.2711
      vertex 50.15 -4.9 29.2711
    endloop
  endfacet
  facet normal 0.946966 0 -0.321335
    outer loop
      vertex 51.7807 -4.9 25.3341
      vertex 51.6336 4 24.9006
      vertex 51.7807 4 25.3341
    endloop
  endfacet
  facet normal 0.946966 0 -0.321335
    outer loop
      vertex 51.6336 4 24.9006
      vertex 51.7807 -4.9 25.3341
      vertex 51.6336 -4.9 24.9006
    endloop
  endfacet
  facet normal 0.946966 0 -0.321335
    outer loop
      vertex 51.7807 6 25.3341
      vertex 51.6336 6.1 24.9006
      vertex 51.7807 6.1 25.3341
    endloop
  endfacet
  facet normal 0.946966 0 -0.321335
    outer loop
      vertex 51.6336 6.1 24.9006
      vertex 51.7807 6 25.3341
      vertex 51.6336 6 24.9006
    endloop
  endfacet
  facet normal -0.442314 0 -0.89686
    outer loop
      vertex 46.65 6 23.2089
      vertex 47.0606 6.1 23.0064
      vertex 47.0606 6 23.0064
    endloop
  endfacet
  facet normal -0.442314 0 -0.89686
    outer loop
      vertex 47.0606 6.1 23.0064
      vertex 46.65 6 23.2089
      vertex 46.65 6.1 23.2089
    endloop
  endfacet
  facet normal -0.442314 0 -0.89686
    outer loop
      vertex 46.65 -4.9 23.2089
      vertex 47.0606 -0.0999994 23.0064
      vertex 47.0606 -4.9 23.0064
    endloop
  endfacet
  facet normal -0.442314 0 -0.89686
    outer loop
      vertex 47.0606 -0.0999994 23.0064
      vertex 46.65 -4.9 23.2089
      vertex 46.65 -0.0999994 23.2089
    endloop
  endfacet
  facet normal -0.997865 0 0.0653156
    outer loop
      vertex 44.9 -4.9 26.24
      vertex 44.9299 -0.0999994 26.6968
      vertex 44.9 -0.0999994 26.24
    endloop
  endfacet
  facet normal -0.997865 0 0.0653156
    outer loop
      vertex 44.9299 -0.0999994 26.6968
      vertex 44.9 -4.9 26.24
      vertex 44.9299 -4.9 26.6968
    endloop
  endfacet
  facet normal -0.997865 0 0.0653156
    outer loop
      vertex 44.9 6 26.24
      vertex 44.9299 6.1 26.6968
      vertex 44.9 6.1 26.24
    endloop
  endfacet
  facet normal -0.997865 0 0.0653156
    outer loop
      vertex 44.9299 6.1 26.6968
      vertex 44.9 6 26.24
      vertex 44.9299 6 26.6968
    endloop
  endfacet
  facet normal 0.195234 0 -0.980757
    outer loop
      vertex 48.8568 -4.9 22.7699
      vertex 49.3059 -0.0999994 22.8593
      vertex 49.3059 -4.9 22.8593
    endloop
  endfacet
  facet normal 0.195234 0 -0.980757
    outer loop
      vertex 49.3059 -0.0999994 22.8593
      vertex 48.8568 -4.9 22.7699
      vertex 48.8568 -0.0999994 22.7699
    endloop
  endfacet
  facet normal 0.195234 0 -0.980757
    outer loop
      vertex 48.8568 6 22.7699
      vertex 49.3059 6.1 22.8593
      vertex 49.3059 6 22.8593
    endloop
  endfacet
  facet normal 0.195234 0 -0.980757
    outer loop
      vertex 49.3059 6.1 22.8593
      vertex 48.8568 6 22.7699
      vertex 48.8568 6.1 22.7699
    endloop
  endfacet
  facet normal -0.195234 0 -0.980757
    outer loop
      vertex 47.4941 -4.9 22.8593
      vertex 47.9432 -0.0999994 22.7699
      vertex 47.9432 -4.9 22.7699
    endloop
  endfacet
  facet normal -0.195234 0 -0.980757
    outer loop
      vertex 47.9432 -0.0999994 22.7699
      vertex 47.4941 -4.9 22.8593
      vertex 47.4941 -0.0999994 22.8593
    endloop
  endfacet
  facet normal -0.195234 0 -0.980757
    outer loop
      vertex 47.4941 6 22.8593
      vertex 47.9432 6.1 22.7699
      vertex 47.9432 6 22.7699
    endloop
  endfacet
  facet normal -0.195234 0 -0.980757
    outer loop
      vertex 47.9432 6.1 22.7699
      vertex 47.4941 6 22.8593
      vertex 47.4941 6.1 22.8593
    endloop
  endfacet
  facet normal -0.659278 0 -0.7519
    outer loop
      vertex 45.9251 6 23.7651
      vertex 46.2693 6.1 23.4633
      vertex 46.2693 6 23.4633
    endloop
  endfacet
  facet normal -0.659278 0 -0.7519
    outer loop
      vertex 46.2693 6.1 23.4633
      vertex 45.9251 6 23.7651
      vertex 45.9251 6.1 23.7651
    endloop
  endfacet
  facet normal -0.659278 0 -0.7519
    outer loop
      vertex 45.9251 -4.9 23.7651
      vertex 46.2693 -0.0999994 23.4633
      vertex 46.2693 -4.9 23.4633
    endloop
  endfacet
  facet normal -0.659278 0 -0.7519
    outer loop
      vertex 46.2693 -0.0999994 23.4633
      vertex 45.9251 -4.9 23.7651
      vertex 45.9251 -0.0999994 23.7651
    endloop
  endfacet
  facet normal -0.831445 0 0.555607
    outer loop
      vertex 45.3689 6 27.99
      vertex 45.6233 6.1 28.3707
      vertex 45.3689 6.1 27.99
    endloop
  endfacet
  facet normal -0.831445 0 0.555607
    outer loop
      vertex 45.6233 6.1 28.3707
      vertex 45.3689 6 27.99
      vertex 45.6233 6 28.3707
    endloop
  endfacet
  facet normal -0.831445 0 0.555607
    outer loop
      vertex 45.3689 -4.9 27.99
      vertex 45.6233 -0.0999994 28.3707
      vertex 45.3689 -0.0999994 27.99
    endloop
  endfacet
  facet normal -0.831445 0 0.555607
    outer loop
      vertex 45.6233 -0.0999994 28.3707
      vertex 45.3689 -4.9 27.99
      vertex 45.6233 -4.9 28.3707
    endloop
  endfacet
  facet normal -0.831445 0 -0.555607
    outer loop
      vertex 45.6233 6 24.1093
      vertex 45.3689 6.1 24.49
      vertex 45.6233 6.1 24.1093
    endloop
  endfacet
  facet normal -0.831445 -0 -0.555607
    outer loop
      vertex 45.3689 6.1 24.49
      vertex 45.6233 6 24.1093
      vertex 45.3689 6 24.49
    endloop
  endfacet
  facet normal -0.831445 0 -0.555607
    outer loop
      vertex 45.6233 -4.9 24.1093
      vertex 45.3689 -0.0999994 24.49
      vertex 45.6233 -0.0999994 24.1093
    endloop
  endfacet
  facet normal -0.831445 -0 -0.555607
    outer loop
      vertex 45.3689 -0.0999994 24.49
      vertex 45.6233 -4.9 24.1093
      vertex 45.3689 -4.9 24.49
    endloop
  endfacet
  facet normal -0.442314 0 0.89686
    outer loop
      vertex 46.65 -0.0999994 29.2711
      vertex 47.0606 -4.9 29.4736
      vertex 47.0606 -0.0999994 29.4736
    endloop
  endfacet
  facet normal -0.442314 0 0.89686
    outer loop
      vertex 47.0606 -4.9 29.4736
      vertex 46.65 -0.0999994 29.2711
      vertex 46.65 -4.9 29.2711
    endloop
  endfacet
  facet normal -0.442314 0 0.89686
    outer loop
      vertex 46.65 6.1 29.2711
      vertex 47.0606 6 29.4736
      vertex 47.0606 6.1 29.4736
    endloop
  endfacet
  facet normal -0.442314 0 0.89686
    outer loop
      vertex 47.0606 6 29.4736
      vertex 46.65 6.1 29.2711
      vertex 46.65 6 29.2711
    endloop
  endfacet
  facet normal -0.89686 0 -0.442314
    outer loop
      vertex 45.3689 6 24.49
      vertex 45.1664 6.1 24.9006
      vertex 45.3689 6.1 24.49
    endloop
  endfacet
  facet normal -0.89686 -0 -0.442314
    outer loop
      vertex 45.1664 6.1 24.9006
      vertex 45.3689 6 24.49
      vertex 45.1664 6 24.9006
    endloop
  endfacet
  facet normal -0.89686 0 -0.442314
    outer loop
      vertex 45.3689 -4.9 24.49
      vertex 45.1664 -0.0999994 24.9006
      vertex 45.3689 -0.0999994 24.49
    endloop
  endfacet
  facet normal -0.89686 -0 -0.442314
    outer loop
      vertex 45.1664 -0.0999994 24.9006
      vertex 45.3689 -4.9 24.49
      vertex 45.1664 -4.9 24.9006
    endloop
  endfacet
  facet normal 0 -1 0
    outer loop
      vertex 47.9432 -4.9 29.7101
      vertex 48.8568 -4.9 29.7101
      vertex 48.4 -4.9 29.74
    endloop
  endfacet
  facet normal 0 -1 0
    outer loop
      vertex 47.4941 -4.9 29.6207
      vertex 48.8568 -4.9 29.7101
      vertex 47.9432 -4.9 29.7101
    endloop
  endfacet
  facet normal 0 -1 0
    outer loop
      vertex 47.4941 -4.9 29.6207
      vertex 49.3059 -4.9 29.6207
      vertex 48.8568 -4.9 29.7101
    endloop
  endfacet
  facet normal 0 -1 0
    outer loop
      vertex 47.0606 -4.9 29.4736
      vertex 49.3059 -4.9 29.6207
      vertex 47.4941 -4.9 29.6207
    endloop
  endfacet
  facet normal 0 -1 0
    outer loop
      vertex 47.0606 -4.9 29.4736
      vertex 49.7394 -4.9 29.4736
      vertex 49.3059 -4.9 29.6207
    endloop
  endfacet
  facet normal 0 -1 0
    outer loop
      vertex 46.65 -4.9 29.2711
      vertex 49.7394 -4.9 29.4736
      vertex 47.0606 -4.9 29.4736
    endloop
  endfacet
  facet normal 0 -1 0
    outer loop
      vertex 46.65 -4.9 29.2711
      vertex 50.15 -4.9 29.2711
      vertex 49.7394 -4.9 29.4736
    endloop
  endfacet
  facet normal 0 -1 0
    outer loop
      vertex 46.2693 -4.9 29.0167
      vertex 50.15 -4.9 29.2711
      vertex 46.65 -4.9 29.2711
    endloop
  endfacet
  facet normal 0 -1 0
    outer loop
      vertex 46.2693 -4.9 29.0167
      vertex 50.5307 -4.9 29.0167
      vertex 50.15 -4.9 29.2711
    endloop
  endfacet
  facet normal 0 -1 0
    outer loop
      vertex 45.9251 -4.9 28.7149
      vertex 50.5307 -4.9 29.0167
      vertex 46.2693 -4.9 29.0167
    endloop
  endfacet
  facet normal 0 -1 0
    outer loop
      vertex 45.9251 -4.9 28.7149
      vertex 50.8749 -4.9 28.7149
      vertex 50.5307 -4.9 29.0167
    endloop
  endfacet
  facet normal 0 -1 0
    outer loop
      vertex 45.6233 -4.9 28.3707
      vertex 50.8749 -4.9 28.7149
      vertex 45.9251 -4.9 28.7149
    endloop
  endfacet
  facet normal 0 -1 0
    outer loop
      vertex 45.6233 -4.9 28.3707
      vertex 51.1767 -4.9 28.3707
      vertex 50.8749 -4.9 28.7149
    endloop
  endfacet
  facet normal 0 -1 0
    outer loop
      vertex 45.3689 -4.9 27.99
      vertex 51.1767 -4.9 28.3707
      vertex 45.6233 -4.9 28.3707
    endloop
  endfacet
  facet normal 0 -1 0
    outer loop
      vertex 45.3689 -4.9 27.99
      vertex 51.4311 -4.9 27.99
      vertex 51.1767 -4.9 28.3707
    endloop
  endfacet
  facet normal 0 -1 0
    outer loop
      vertex 45.1664 -4.9 27.5794
      vertex 51.4311 -4.9 27.99
      vertex 45.3689 -4.9 27.99
    endloop
  endfacet
  facet normal 0 -1 0
    outer loop
      vertex 45.1664 -4.9 27.5794
      vertex 51.6336 -4.9 27.5794
      vertex 51.4311 -4.9 27.99
    endloop
  endfacet
  facet normal 0 -1 0
    outer loop
      vertex 45.0193 -4.9 27.1459
      vertex 51.6336 -4.9 27.5794
      vertex 45.1664 -4.9 27.5794
    endloop
  endfacet
  facet normal 0 -1 0
    outer loop
      vertex 45.0193 -4.9 27.1459
      vertex 51.7807 -4.9 27.1459
      vertex 51.6336 -4.9 27.5794
    endloop
  endfacet
  facet normal 0 -1 0
    outer loop
      vertex 44.9299 -4.9 26.6968
      vertex 51.7807 -4.9 27.1459
      vertex 45.0193 -4.9 27.1459
    endloop
  endfacet
  facet normal 0 -1 0
    outer loop
      vertex 44.9299 -4.9 26.6968
      vertex 51.8701 -4.9 26.6968
      vertex 51.7807 -4.9 27.1459
    endloop
  endfacet
  facet normal 0 -1 0
    outer loop
      vertex 44.9 -4.9 26.24
      vertex 51.8701 -4.9 26.6968
      vertex 44.9299 -4.9 26.6968
    endloop
  endfacet
  facet normal 0 -1 0
    outer loop
      vertex 44.9 -4.9 26.24
      vertex 51.9 -4.9 26.24
      vertex 51.8701 -4.9 26.6968
    endloop
  endfacet
  facet normal 0 -1 0
    outer loop
      vertex 44.9299 -4.9 25.7832
      vertex 51.9 -4.9 26.24
      vertex 44.9 -4.9 26.24
    endloop
  endfacet
  facet normal 0 -1 0
    outer loop
      vertex 44.9299 -4.9 25.7832
      vertex 51.8701 -4.9 25.7832
      vertex 51.9 -4.9 26.24
    endloop
  endfacet
  facet normal 0 -1 0
    outer loop
      vertex 45.0193 -4.9 25.3341
      vertex 51.8701 -4.9 25.7832
      vertex 44.9299 -4.9 25.7832
    endloop
  endfacet
  facet normal 0 -1 0
    outer loop
      vertex 45.0193 -4.9 25.3341
      vertex 51.7807 -4.9 25.3341
      vertex 51.8701 -4.9 25.7832
    endloop
  endfacet
  facet normal 0 -1 0
    outer loop
      vertex 45.1664 -4.9 24.9006
      vertex 51.7807 -4.9 25.3341
      vertex 45.0193 -4.9 25.3341
    endloop
  endfacet
  facet normal 0 -1 0
    outer loop
      vertex 45.1664 -4.9 24.9006
      vertex 51.6336 -4.9 24.9006
      vertex 51.7807 -4.9 25.3341
    endloop
  endfacet
  facet normal 0 -1 0
    outer loop
      vertex 45.3689 -4.9 24.49
      vertex 51.6336 -4.9 24.9006
      vertex 45.1664 -4.9 24.9006
    endloop
  endfacet
  facet normal 0 -1 0
    outer loop
      vertex 45.3689 -4.9 24.49
      vertex 51.4311 -4.9 24.49
      vertex 51.6336 -4.9 24.9006
    endloop
  endfacet
  facet normal 0 -1 0
    outer loop
      vertex 45.6233 -4.9 24.1093
      vertex 51.4311 -4.9 24.49
      vertex 45.3689 -4.9 24.49
    endloop
  endfacet
  facet normal 0 -1 0
    outer loop
      vertex 45.6233 -4.9 24.1093
      vertex 51.1767 -4.9 24.1093
      vertex 51.4311 -4.9 24.49
    endloop
  endfacet
  facet normal 0 -1 0
    outer loop
      vertex 45.9251 -4.9 23.7651
      vertex 51.1767 -4.9 24.1093
      vertex 45.6233 -4.9 24.1093
    endloop
  endfacet
  facet normal 0 -1 0
    outer loop
      vertex 45.9251 -4.9 23.7651
      vertex 50.8749 -4.9 23.7651
      vertex 51.1767 -4.9 24.1093
    endloop
  endfacet
  facet normal 0 -1 0
    outer loop
      vertex 46.2693 -4.9 23.4633
      vertex 50.8749 -4.9 23.7651
      vertex 45.9251 -4.9 23.7651
    endloop
  endfacet
  facet normal 0 -1 0
    outer loop
      vertex 46.2693 -4.9 23.4633
      vertex 50.5307 -4.9 23.4633
      vertex 50.8749 -4.9 23.7651
    endloop
  endfacet
  facet normal 0 -1 0
    outer loop
      vertex 46.65 -4.9 23.2089
      vertex 50.5307 -4.9 23.4633
      vertex 46.2693 -4.9 23.4633
    endloop
  endfacet
  facet normal 0 -1 0
    outer loop
      vertex 46.65 -4.9 23.2089
      vertex 50.15 -4.9 23.2089
      vertex 50.5307 -4.9 23.4633
    endloop
  endfacet
  facet normal 0 -1 0
    outer loop
      vertex 47.0606 -4.9 23.0064
      vertex 50.15 -4.9 23.2089
      vertex 46.65 -4.9 23.2089
    endloop
  endfacet
  facet normal 0 -1 0
    outer loop
      vertex 47.0606 -4.9 23.0064
      vertex 49.7394 -4.9 23.0064
      vertex 50.15 -4.9 23.2089
    endloop
  endfacet
  facet normal 0 -1 0
    outer loop
      vertex 47.4941 -4.9 22.8593
      vertex 49.7394 -4.9 23.0064
      vertex 47.0606 -4.9 23.0064
    endloop
  endfacet
  facet normal 0 -1 0
    outer loop
      vertex 47.4941 -4.9 22.8593
      vertex 49.3059 -4.9 22.8593
      vertex 49.7394 -4.9 23.0064
    endloop
  endfacet
  facet normal 0 -1 0
    outer loop
      vertex 47.9432 -4.9 22.7699
      vertex 49.3059 -4.9 22.8593
      vertex 47.4941 -4.9 22.8593
    endloop
  endfacet
  facet normal 0 -1 0
    outer loop
      vertex 47.9432 -4.9 22.7699
      vertex 48.8568 -4.9 22.7699
      vertex 49.3059 -4.9 22.8593
    endloop
  endfacet
  facet normal -0 -1 0
    outer loop
      vertex 48.8568 -4.9 22.7699
      vertex 47.9432 -4.9 22.7699
      vertex 48.4 -4.9 22.74
    endloop
  endfacet
  facet normal 0.831445 0 -0.555607
    outer loop
      vertex 51.4311 -4.9 24.49
      vertex 51.1767 -0.0999994 24.1093
      vertex 51.4311 -0.0999994 24.49
    endloop
  endfacet
  facet normal 0.831445 0 -0.555607
    outer loop
      vertex 51.1767 -0.0999994 24.1093
      vertex 51.4311 -4.9 24.49
      vertex 51.1767 -4.9 24.1093
    endloop
  endfacet
  facet normal 0.831445 0 -0.555607
    outer loop
      vertex 51.4311 6 24.49
      vertex 51.1767 6.1 24.1093
      vertex 51.4311 6.1 24.49
    endloop
  endfacet
  facet normal 0.831445 0 -0.555607
    outer loop
      vertex 51.1767 6.1 24.1093
      vertex 51.4311 6 24.49
      vertex 51.1767 6 24.1093
    endloop
  endfacet
  facet normal 0.0653156 0 -0.997865
    outer loop
      vertex 48.4 -4.9 22.74
      vertex 48.8568 -0.0999994 22.7699
      vertex 48.8568 -4.9 22.7699
    endloop
  endfacet
  facet normal 0.0653156 0 -0.997865
    outer loop
      vertex 48.8568 -0.0999994 22.7699
      vertex 48.4 -4.9 22.74
      vertex 48.4 -0.0999994 22.74
    endloop
  endfacet
  facet normal 0.0653156 0 -0.997865
    outer loop
      vertex 48.4 6 22.74
      vertex 48.8568 6.1 22.7699
      vertex 48.8568 6 22.7699
    endloop
  endfacet
  facet normal 0.0653156 0 -0.997865
    outer loop
      vertex 48.8568 6.1 22.7699
      vertex 48.4 6 22.74
      vertex 48.4 6.1 22.74
    endloop
  endfacet
  facet normal 0.659278 0 -0.7519
    outer loop
      vertex 50.5307 6 23.4633
      vertex 50.8749 6.1 23.7651
      vertex 50.8749 6 23.7651
    endloop
  endfacet
  facet normal 0.659278 0 -0.7519
    outer loop
      vertex 50.8749 6.1 23.7651
      vertex 50.5307 6 23.4633
      vertex 50.5307 6.1 23.4633
    endloop
  endfacet
  facet normal 0.659278 0 -0.7519
    outer loop
      vertex 50.5307 -4.9 23.4633
      vertex 50.8749 -0.0999994 23.7651
      vertex 50.8749 -4.9 23.7651
    endloop
  endfacet
  facet normal 0.659278 0 -0.7519
    outer loop
      vertex 50.8749 -0.0999994 23.7651
      vertex 50.5307 -4.9 23.4633
      vertex 50.5307 -0.0999994 23.4633
    endloop
  endfacet
  facet normal 0.997865 0 -0.0653156
    outer loop
      vertex 51.9 6 26.24
      vertex 51.8701 6.1 25.7832
      vertex 51.9 6.1 26.24
    endloop
  endfacet
  facet normal 0.997865 0 -0.0653156
    outer loop
      vertex 51.8701 6.1 25.7832
      vertex 51.9 6 26.24
      vertex 51.8701 6 25.7832
    endloop
  endfacet
  facet normal 0.997865 0 -0.0653156
    outer loop
      vertex 51.9 -4.9 26.24
      vertex 51.8701 4 25.7832
      vertex 51.9 4 26.24
    endloop
  endfacet
  facet normal 0.997865 0 -0.0653156
    outer loop
      vertex 51.8701 4 25.7832
      vertex 51.9 -4.9 26.24
      vertex 51.8701 -4.9 25.7832
    endloop
  endfacet
  facet normal 0.7519 0 -0.659278
    outer loop
      vertex 51.1767 6 24.1093
      vertex 50.8749 6.1 23.7651
      vertex 51.1767 6.1 24.1093
    endloop
  endfacet
  facet normal 0.7519 0 -0.659278
    outer loop
      vertex 50.8749 6.1 23.7651
      vertex 51.1767 6 24.1093
      vertex 50.8749 6 23.7651
    endloop
  endfacet
  facet normal 0.7519 0 -0.659278
    outer loop
      vertex 51.1767 -4.9 24.1093
      vertex 50.8749 -0.0999994 23.7651
      vertex 51.1767 -0.0999994 24.1093
    endloop
  endfacet
  facet normal 0.7519 0 -0.659278
    outer loop
      vertex 50.8749 -0.0999994 23.7651
      vertex 51.1767 -4.9 24.1093
      vertex 50.8749 -4.9 23.7651
    endloop
  endfacet
  facet normal 0.980757 0 -0.195234
    outer loop
      vertex 51.8701 -4.9 25.7832
      vertex 51.7807 4 25.3341
      vertex 51.8701 4 25.7832
    endloop
  endfacet
  facet normal 0.980757 0 -0.195234
    outer loop
      vertex 51.7807 4 25.3341
      vertex 51.8701 -4.9 25.7832
      vertex 51.7807 -4.9 25.3341
    endloop
  endfacet
  facet normal 0.980757 0 -0.195234
    outer loop
      vertex 51.8701 6 25.7832
      vertex 51.7807 6.1 25.3341
      vertex 51.8701 6.1 25.7832
    endloop
  endfacet
  facet normal 0.980757 0 -0.195234
    outer loop
      vertex 51.7807 6.1 25.3341
      vertex 51.8701 6 25.7832
      vertex 51.7807 6 25.3341
    endloop
  endfacet
  facet normal -0.321335 0 -0.946966
    outer loop
      vertex 47.0606 6 23.0064
      vertex 47.4941 6.1 22.8593
      vertex 47.4941 6 22.8593
    endloop
  endfacet
  facet normal -0.321335 0 -0.946966
    outer loop
      vertex 47.4941 6.1 22.8593
      vertex 47.0606 6 23.0064
      vertex 47.0606 6.1 23.0064
    endloop
  endfacet
  facet normal -0.321335 0 -0.946966
    outer loop
      vertex 47.0606 -4.9 23.0064
      vertex 47.4941 -0.0999994 22.8593
      vertex 47.4941 -4.9 22.8593
    endloop
  endfacet
  facet normal -0.321335 0 -0.946966
    outer loop
      vertex 47.4941 -0.0999994 22.8593
      vertex 47.0606 -4.9 23.0064
      vertex 47.0606 -0.0999994 23.0064
    endloop
  endfacet
  facet normal -0.321335 0 0.946966
    outer loop
      vertex 47.0606 -0.0999994 29.4736
      vertex 47.4941 -4.9 29.6207
      vertex 47.4941 -0.0999994 29.6207
    endloop
  endfacet
  facet normal -0.321335 0 0.946966
    outer loop
      vertex 47.4941 -4.9 29.6207
      vertex 47.0606 -0.0999994 29.4736
      vertex 47.0606 -4.9 29.4736
    endloop
  endfacet
  facet normal -0.321335 0 0.946966
    outer loop
      vertex 47.0606 6.1 29.4736
      vertex 47.4941 6 29.6207
      vertex 47.4941 6.1 29.6207
    endloop
  endfacet
  facet normal -0.321335 0 0.946966
    outer loop
      vertex 47.4941 6 29.6207
      vertex 47.0606 6.1 29.4736
      vertex 47.0606 6 29.4736
    endloop
  endfacet
  facet normal -0.7519 0 -0.659278
    outer loop
      vertex 45.9251 6 23.7651
      vertex 45.6233 6.1 24.1093
      vertex 45.9251 6.1 23.7651
    endloop
  endfacet
  facet normal -0.7519 -0 -0.659278
    outer loop
      vertex 45.6233 6.1 24.1093
      vertex 45.9251 6 23.7651
      vertex 45.6233 6 24.1093
    endloop
  endfacet
  facet normal -0.7519 0 -0.659278
    outer loop
      vertex 45.9251 -4.9 23.7651
      vertex 45.6233 -0.0999994 24.1093
      vertex 45.9251 -0.0999994 23.7651
    endloop
  endfacet
  facet normal -0.7519 -0 -0.659278
    outer loop
      vertex 45.6233 -0.0999994 24.1093
      vertex 45.9251 -4.9 23.7651
      vertex 45.6233 -4.9 24.1093
    endloop
  endfacet
  facet normal 0 1 0
    outer loop
      vertex 48.4 6.1 27.94
      vertex 48.4 6.1 29.74
      vertex 48.8568 6.1 29.7101
    endloop
  endfacet
  facet normal 0 1 0
    outer loop
      vertex 48.6219 6.1 27.9255
      vertex 48.8568 6.1 29.7101
      vertex 49.3059 6.1 29.6207
    endloop
  endfacet
  facet normal 0 1 0
    outer loop
      vertex 48.4 6.1 29.74
      vertex 48.4 6.1 27.94
      vertex 47.9432 6.1 29.7101
    endloop
  endfacet
  facet normal 0 1 0
    outer loop
      vertex 48.84 6.1 27.8821
      vertex 49.3059 6.1 29.6207
      vertex 49.7394 6.1 29.4736
    endloop
  endfacet
  facet normal 0 1 -0
    outer loop
      vertex 48.1781 6.1 27.9255
      vertex 47.9432 6.1 29.7101
      vertex 48.4 6.1 27.94
    endloop
  endfacet
  facet normal 0 1 0
    outer loop
      vertex 49.0506 6.1 27.8106
      vertex 49.7394 6.1 29.4736
      vertex 50.15 6.1 29.2711
    endloop
  endfacet
  facet normal 0 1 0
    outer loop
      vertex 47.9432 6.1 29.7101
      vertex 48.1781 6.1 27.9255
      vertex 47.4941 6.1 29.6207
    endloop
  endfacet
  facet normal 0 1 0
    outer loop
      vertex 49.25 6.1 27.7122
      vertex 50.15 6.1 29.2711
      vertex 50.5307 6.1 29.0167
    endloop
  endfacet
  facet normal 0 1 -0
    outer loop
      vertex 47.96 6.1 27.8821
      vertex 47.4941 6.1 29.6207
      vertex 48.1781 6.1 27.9255
    endloop
  endfacet
  facet normal 0 1 0
    outer loop
      vertex 49.4349 6.1 27.5887
      vertex 50.5307 6.1 29.0167
      vertex 50.8749 6.1 28.7149
    endloop
  endfacet
  facet normal 0 1 0
    outer loop
      vertex 47.4941 6.1 29.6207
      vertex 47.96 6.1 27.8821
      vertex 47.0606 6.1 29.4736
    endloop
  endfacet
  facet normal 0 1 0
    outer loop
      vertex 49.6021 6.1 27.4421
      vertex 50.8749 6.1 28.7149
      vertex 51.1767 6.1 28.3707
    endloop
  endfacet
  facet normal 0 1 -0
    outer loop
      vertex 47.7494 6.1 27.8106
      vertex 47.0606 6.1 29.4736
      vertex 47.96 6.1 27.8821
    endloop
  endfacet
  facet normal 0 1 0
    outer loop
      vertex 49.7487 6.1 27.2749
      vertex 51.1767 6.1 28.3707
      vertex 51.4311 6.1 27.99
    endloop
  endfacet
  facet normal 0 1 0
    outer loop
      vertex 47.0606 6.1 29.4736
      vertex 47.7494 6.1 27.8106
      vertex 46.65 6.1 29.2711
    endloop
  endfacet
  facet normal 0 1 -0
    outer loop
      vertex 47.55 6.1 27.7122
      vertex 46.65 6.1 29.2711
      vertex 47.7494 6.1 27.8106
    endloop
  endfacet
  facet normal 0 1 0
    outer loop
      vertex 48.8568 6.1 29.7101
      vertex 48.6219 6.1 27.9255
      vertex 48.4 6.1 27.94
    endloop
  endfacet
  facet normal 0 1 0
    outer loop
      vertex 49.3059 6.1 29.6207
      vertex 48.84 6.1 27.8821
      vertex 48.6219 6.1 27.9255
    endloop
  endfacet
  facet normal 0 1 0
    outer loop
      vertex 49.7394 6.1 29.4736
      vertex 49.0506 6.1 27.8106
      vertex 48.84 6.1 27.8821
    endloop
  endfacet
  facet normal 0 1 0
    outer loop
      vertex 50.15 6.1 29.2711
      vertex 49.25 6.1 27.7122
      vertex 49.0506 6.1 27.8106
    endloop
  endfacet
  facet normal 0 1 0
    outer loop
      vertex 50.5307 6.1 29.0167
      vertex 49.4349 6.1 27.5887
      vertex 49.25 6.1 27.7122
    endloop
  endfacet
  facet normal 0 1 0
    outer loop
      vertex 49.8722 6.1 27.09
      vertex 51.4311 6.1 27.99
      vertex 51.6336 6.1 27.5794
    endloop
  endfacet
  facet normal 0 1 0
    outer loop
      vertex 50.8749 6.1 28.7149
      vertex 49.6021 6.1 27.4421
      vertex 49.4349 6.1 27.5887
    endloop
  endfacet
  facet normal 0 1 0
    outer loop
      vertex 51.1767 6.1 28.3707
      vertex 49.7487 6.1 27.2749
      vertex 49.6021 6.1 27.4421
    endloop
  endfacet
  facet normal 0 1 0
    outer loop
      vertex 49.9706 6.1 26.8906
      vertex 51.6336 6.1 27.5794
      vertex 51.7807 6.1 27.1459
    endloop
  endfacet
  facet normal 0 1 0
    outer loop
      vertex 51.4311 6.1 27.99
      vertex 49.8722 6.1 27.09
      vertex 49.7487 6.1 27.2749
    endloop
  endfacet
  facet normal 0 1 0
    outer loop
      vertex 51.6336 6.1 27.5794
      vertex 49.9706 6.1 26.8906
      vertex 49.8722 6.1 27.09
    endloop
  endfacet
  facet normal 0 1 0
    outer loop
      vertex 50.0421 6.1 26.68
      vertex 51.7807 6.1 27.1459
      vertex 51.8701 6.1 26.6968
    endloop
  endfacet
  facet normal 0 1 0
    outer loop
      vertex 51.7807 6.1 27.1459
      vertex 50.0421 6.1 26.68
      vertex 49.9706 6.1 26.8906
    endloop
  endfacet
  facet normal 0 1 0
    outer loop
      vertex 51.8701 6.1 26.6968
      vertex 50.0855 6.1 26.4619
      vertex 50.0421 6.1 26.68
    endloop
  endfacet
  facet normal 0 1 0
    outer loop
      vertex 51.9 6.1 26.24
      vertex 50.0855 6.1 26.4619
      vertex 51.8701 6.1 26.6968
    endloop
  endfacet
  facet normal 0 1 0
    outer loop
      vertex 51.9 6.1 26.24
      vertex 50.1 6.1 26.24
      vertex 50.0855 6.1 26.4619
    endloop
  endfacet
  facet normal 0 1 0
    outer loop
      vertex 51.9 6.1 26.24
      vertex 50.0855 6.1 26.0181
      vertex 50.1 6.1 26.24
    endloop
  endfacet
  facet normal 0 1 -0
    outer loop
      vertex 51.8701 6.1 25.7832
      vertex 50.0855 6.1 26.0181
      vertex 51.9 6.1 26.24
    endloop
  endfacet
  facet normal 0 1 0
    outer loop
      vertex 50.0855 6.1 26.0181
      vertex 51.8701 6.1 25.7832
      vertex 50.0421 6.1 25.8
    endloop
  endfacet
  facet normal 0 1 -0
    outer loop
      vertex 51.7807 6.1 25.3341
      vertex 50.0421 6.1 25.8
      vertex 51.8701 6.1 25.7832
    endloop
  endfacet
  facet normal 0 1 0
    outer loop
      vertex 50.0421 6.1 25.8
      vertex 51.7807 6.1 25.3341
      vertex 49.9706 6.1 25.5894
    endloop
  endfacet
  facet normal 0 1 -0
    outer loop
      vertex 51.6336 6.1 24.9006
      vertex 49.9706 6.1 25.5894
      vertex 51.7807 6.1 25.3341
    endloop
  endfacet
  facet normal 0 1 0
    outer loop
      vertex 49.9706 6.1 25.5894
      vertex 51.6336 6.1 24.9006
      vertex 49.8722 6.1 25.39
    endloop
  endfacet
  facet normal 0 1 -0
    outer loop
      vertex 51.4311 6.1 24.49
      vertex 49.8722 6.1 25.39
      vertex 51.6336 6.1 24.9006
    endloop
  endfacet
  facet normal 0 1 0
    outer loop
      vertex 49.8722 6.1 25.39
      vertex 51.4311 6.1 24.49
      vertex 49.7487 6.1 25.2051
    endloop
  endfacet
  facet normal 0 1 -0
    outer loop
      vertex 51.1767 6.1 24.1093
      vertex 49.7487 6.1 25.2051
      vertex 51.4311 6.1 24.49
    endloop
  endfacet
  facet normal 0 1 0
    outer loop
      vertex 49.7487 6.1 25.2051
      vertex 51.1767 6.1 24.1093
      vertex 49.6021 6.1 25.0379
    endloop
  endfacet
  facet normal 0 1 -0
    outer loop
      vertex 50.8749 6.1 23.7651
      vertex 49.6021 6.1 25.0379
      vertex 51.1767 6.1 24.1093
    endloop
  endfacet
  facet normal 0 1 0
    outer loop
      vertex 49.6021 6.1 25.0379
      vertex 50.8749 6.1 23.7651
      vertex 49.4349 6.1 24.8913
    endloop
  endfacet
  facet normal 0 1 -0
    outer loop
      vertex 50.5307 6.1 23.4633
      vertex 49.4349 6.1 24.8913
      vertex 50.8749 6.1 23.7651
    endloop
  endfacet
  facet normal 0 1 -0
    outer loop
      vertex 50.15 6.1 23.2089
      vertex 49.25 6.1 24.7678
      vertex 50.5307 6.1 23.4633
    endloop
  endfacet
  facet normal 0 1 0
    outer loop
      vertex 49.4349 6.1 24.8913
      vertex 50.5307 6.1 23.4633
      vertex 49.25 6.1 24.7678
    endloop
  endfacet
  facet normal 0 1 0
    outer loop
      vertex 46.65 6.1 29.2711
      vertex 47.55 6.1 27.7122
      vertex 46.2693 6.1 29.0167
    endloop
  endfacet
  facet normal 0 1 -0
    outer loop
      vertex 47.3651 6.1 27.5887
      vertex 46.2693 6.1 29.0167
      vertex 47.55 6.1 27.7122
    endloop
  endfacet
  facet normal 0 1 0
    outer loop
      vertex 46.2693 6.1 29.0167
      vertex 47.3651 6.1 27.5887
      vertex 45.9251 6.1 28.7149
    endloop
  endfacet
  facet normal 0 1 -0
    outer loop
      vertex 47.1979 6.1 27.4421
      vertex 45.9251 6.1 28.7149
      vertex 47.3651 6.1 27.5887
    endloop
  endfacet
  facet normal 0 1 0
    outer loop
      vertex 45.9251 6.1 28.7149
      vertex 47.1979 6.1 27.4421
      vertex 45.6233 6.1 28.3707
    endloop
  endfacet
  facet normal 0 1 -0
    outer loop
      vertex 47.0513 6.1 27.2749
      vertex 45.6233 6.1 28.3707
      vertex 47.1979 6.1 27.4421
    endloop
  endfacet
  facet normal 0 1 0
    outer loop
      vertex 45.6233 6.1 28.3707
      vertex 47.0513 6.1 27.2749
      vertex 45.3689 6.1 27.99
    endloop
  endfacet
  facet normal 0 1 -0
    outer loop
      vertex 46.9278 6.1 27.09
      vertex 45.3689 6.1 27.99
      vertex 47.0513 6.1 27.2749
    endloop
  endfacet
  facet normal 0 1 0
    outer loop
      vertex 45.3689 6.1 27.99
      vertex 46.9278 6.1 27.09
      vertex 45.1664 6.1 27.5794
    endloop
  endfacet
  facet normal 0 1 -0
    outer loop
      vertex 46.8294 6.1 26.8906
      vertex 45.1664 6.1 27.5794
      vertex 46.9278 6.1 27.09
    endloop
  endfacet
  facet normal 0 1 0
    outer loop
      vertex 45.1664 6.1 27.5794
      vertex 46.8294 6.1 26.8906
      vertex 45.0193 6.1 27.1459
    endloop
  endfacet
  facet normal 0 1 -0
    outer loop
      vertex 46.7579 6.1 26.68
      vertex 45.0193 6.1 27.1459
      vertex 46.8294 6.1 26.8906
    endloop
  endfacet
  facet normal 0 1 0
    outer loop
      vertex 45.0193 6.1 27.1459
      vertex 46.7579 6.1 26.68
      vertex 44.9299 6.1 26.6968
    endloop
  endfacet
  facet normal 0 1 -0
    outer loop
      vertex 46.7145 6.1 26.4619
      vertex 44.9299 6.1 26.6968
      vertex 46.7579 6.1 26.68
    endloop
  endfacet
  facet normal 0 1 -0
    outer loop
      vertex 46.7 6.1 26.24
      vertex 44.9299 6.1 26.6968
      vertex 46.7145 6.1 26.4619
    endloop
  endfacet
  facet normal 0 1 0
    outer loop
      vertex 46.7 6.1 26.24
      vertex 44.9 6.1 26.24
      vertex 44.9299 6.1 26.6968
    endloop
  endfacet
  facet normal 0 1 0
    outer loop
      vertex 46.7145 6.1 26.0181
      vertex 44.9 6.1 26.24
      vertex 46.7 6.1 26.24
    endloop
  endfacet
  facet normal 0 1 0
    outer loop
      vertex 44.9299 6.1 25.7832
      vertex 46.7145 6.1 26.0181
      vertex 46.7579 6.1 25.8
    endloop
  endfacet
  facet normal 0 1 0
    outer loop
      vertex 46.7145 6.1 26.0181
      vertex 44.9299 6.1 25.7832
      vertex 44.9 6.1 26.24
    endloop
  endfacet
  facet normal 0 1 0
    outer loop
      vertex 45.0193 6.1 25.3341
      vertex 46.7579 6.1 25.8
      vertex 46.8294 6.1 25.5894
    endloop
  endfacet
  facet normal 0 1 0
    outer loop
      vertex 45.1664 6.1 24.9006
      vertex 46.8294 6.1 25.5894
      vertex 46.9278 6.1 25.39
    endloop
  endfacet
  facet normal 0 1 0
    outer loop
      vertex 46.7579 6.1 25.8
      vertex 45.0193 6.1 25.3341
      vertex 44.9299 6.1 25.7832
    endloop
  endfacet
  facet normal 0 1 0
    outer loop
      vertex 45.3689 6.1 24.49
      vertex 46.9278 6.1 25.39
      vertex 47.0513 6.1 25.2051
    endloop
  endfacet
  facet normal 0 1 0
    outer loop
      vertex 45.6233 6.1 24.1093
      vertex 47.0513 6.1 25.2051
      vertex 47.1979 6.1 25.0379
    endloop
  endfacet
  facet normal 0 1 0
    outer loop
      vertex 46.8294 6.1 25.5894
      vertex 45.1664 6.1 24.9006
      vertex 45.0193 6.1 25.3341
    endloop
  endfacet
  facet normal 0 1 0
    outer loop
      vertex 45.9251 6.1 23.7651
      vertex 47.1979 6.1 25.0379
      vertex 47.3651 6.1 24.8913
    endloop
  endfacet
  facet normal 0 1 0
    outer loop
      vertex 46.2693 6.1 23.4633
      vertex 47.3651 6.1 24.8913
      vertex 47.55 6.1 24.7678
    endloop
  endfacet
  facet normal 0 1 0
    outer loop
      vertex 46.65 6.1 23.2089
      vertex 47.55 6.1 24.7678
      vertex 47.7494 6.1 24.6694
    endloop
  endfacet
  facet normal 0 1 0
    outer loop
      vertex 47.0606 6.1 23.0064
      vertex 47.7494 6.1 24.6694
      vertex 47.96 6.1 24.5979
    endloop
  endfacet
  facet normal 0 1 0
    outer loop
      vertex 47.4941 6.1 22.8593
      vertex 47.96 6.1 24.5979
      vertex 48.1781 6.1 24.5545
    endloop
  endfacet
  facet normal 0 1 0
    outer loop
      vertex 46.9278 6.1 25.39
      vertex 45.3689 6.1 24.49
      vertex 45.1664 6.1 24.9006
    endloop
  endfacet
  facet normal 0 1 0
    outer loop
      vertex 47.9432 6.1 22.7699
      vertex 48.1781 6.1 24.5545
      vertex 48.4 6.1 24.54
    endloop
  endfacet
  facet normal 0 1 0
    outer loop
      vertex 49.25 6.1 24.7678
      vertex 50.15 6.1 23.2089
      vertex 49.0506 6.1 24.6694
    endloop
  endfacet
  facet normal 0 1 -0
    outer loop
      vertex 49.7394 6.1 23.0064
      vertex 49.0506 6.1 24.6694
      vertex 50.15 6.1 23.2089
    endloop
  endfacet
  facet normal 0 1 0
    outer loop
      vertex 47.0513 6.1 25.2051
      vertex 45.6233 6.1 24.1093
      vertex 45.3689 6.1 24.49
    endloop
  endfacet
  facet normal 0 1 0
    outer loop
      vertex 49.0506 6.1 24.6694
      vertex 49.7394 6.1 23.0064
      vertex 48.84 6.1 24.5979
    endloop
  endfacet
  facet normal 0 1 0
    outer loop
      vertex 47.1979 6.1 25.0379
      vertex 45.9251 6.1 23.7651
      vertex 45.6233 6.1 24.1093
    endloop
  endfacet
  facet normal 0 1 -0
    outer loop
      vertex 49.3059 6.1 22.8593
      vertex 48.84 6.1 24.5979
      vertex 49.7394 6.1 23.0064
    endloop
  endfacet
  facet normal 0 1 0
    outer loop
      vertex 47.3651 6.1 24.8913
      vertex 46.2693 6.1 23.4633
      vertex 45.9251 6.1 23.7651
    endloop
  endfacet
  facet normal 0 1 0
    outer loop
      vertex 48.84 6.1 24.5979
      vertex 49.3059 6.1 22.8593
      vertex 48.6219 6.1 24.5545
    endloop
  endfacet
  facet normal 0 1 0
    outer loop
      vertex 47.55 6.1 24.7678
      vertex 46.65 6.1 23.2089
      vertex 46.2693 6.1 23.4633
    endloop
  endfacet
  facet normal 0 1 -0
    outer loop
      vertex 48.8568 6.1 22.7699
      vertex 48.6219 6.1 24.5545
      vertex 49.3059 6.1 22.8593
    endloop
  endfacet
  facet normal 0 1 0
    outer loop
      vertex 47.7494 6.1 24.6694
      vertex 47.0606 6.1 23.0064
      vertex 46.65 6.1 23.2089
    endloop
  endfacet
  facet normal 0 1 0
    outer loop
      vertex 48.6219 6.1 24.5545
      vertex 48.8568 6.1 22.7699
      vertex 48.4 6.1 24.54
    endloop
  endfacet
  facet normal 0 1 0
    outer loop
      vertex 47.96 6.1 24.5979
      vertex 47.4941 6.1 22.8593
      vertex 47.0606 6.1 23.0064
    endloop
  endfacet
  facet normal 0 1 0
    outer loop
      vertex 48.4 6.1 22.74
      vertex 48.4 6.1 24.54
      vertex 48.8568 6.1 22.7699
    endloop
  endfacet
  facet normal 0 1 0
    outer loop
      vertex 48.1781 6.1 24.5545
      vertex 47.9432 6.1 22.7699
      vertex 47.4941 6.1 22.8593
    endloop
  endfacet
  facet normal 0 1 0
    outer loop
      vertex 48.4 6.1 24.54
      vertex 48.4 6.1 22.74
      vertex 47.9432 6.1 22.7699
    endloop
  endfacet
  facet normal -0.89686 0 0.442314
    outer loop
      vertex 45.1664 -4.9 27.5794
      vertex 45.3689 -0.0999994 27.99
      vertex 45.1664 -0.0999994 27.5794
    endloop
  endfacet
  facet normal -0.89686 0 0.442314
    outer loop
      vertex 45.3689 -0.0999994 27.99
      vertex 45.1664 -4.9 27.5794
      vertex 45.3689 -4.9 27.99
    endloop
  endfacet
  facet normal -0.89686 0 0.442314
    outer loop
      vertex 45.1664 6 27.5794
      vertex 45.3689 6.1 27.99
      vertex 45.1664 6.1 27.5794
    endloop
  endfacet
  facet normal -0.89686 0 0.442314
    outer loop
      vertex 45.3689 6.1 27.99
      vertex 45.1664 6 27.5794
      vertex 45.3689 6 27.99
    endloop
  endfacet
  facet normal -0.555607 0 -0.831445
    outer loop
      vertex 46.2693 6 23.4633
      vertex 46.65 6.1 23.2089
      vertex 46.65 6 23.2089
    endloop
  endfacet
  facet normal -0.555607 0 -0.831445
    outer loop
      vertex 46.65 6.1 23.2089
      vertex 46.2693 6 23.4633
      vertex 46.2693 6.1 23.4633
    endloop
  endfacet
  facet normal -0.555607 0 -0.831445
    outer loop
      vertex 46.2693 -4.9 23.4633
      vertex 46.65 -0.0999994 23.2089
      vertex 46.65 -4.9 23.2089
    endloop
  endfacet
  facet normal -0.555607 0 -0.831445
    outer loop
      vertex 46.65 -0.0999994 23.2089
      vertex 46.2693 -4.9 23.4633
      vertex 46.2693 -0.0999994 23.4633
    endloop
  endfacet
  facet normal -0.0653156 0 -0.997865
    outer loop
      vertex 47.9432 6 22.7699
      vertex 48.4 6.1 22.74
      vertex 48.4 6 22.74
    endloop
  endfacet
  facet normal -0.0653156 0 -0.997865
    outer loop
      vertex 48.4 6.1 22.74
      vertex 47.9432 6 22.7699
      vertex 47.9432 6.1 22.7699
    endloop
  endfacet
  facet normal -0.0653156 0 -0.997865
    outer loop
      vertex 47.9432 -4.9 22.7699
      vertex 48.4 -0.0999994 22.74
      vertex 48.4 -4.9 22.74
    endloop
  endfacet
  facet normal -0.0653156 0 -0.997865
    outer loop
      vertex 48.4 -0.0999994 22.74
      vertex 47.9432 -4.9 22.7699
      vertex 47.9432 -0.0999994 22.7699
    endloop
  endfacet
  facet normal -1 0 0
    outer loop
      vertex 51.6 -0.0999994 24.8325
      vertex 51.6 4 27.6475
      vertex 51.6 4 24.8325
    endloop
  endfacet
  facet normal -1 -0 0
    outer loop
      vertex 51.6 4 27.6475
      vertex 51.6 -0.0999994 24.8325
      vertex 51.6 -0.0999994 27.6475
    endloop
  endfacet
  facet normal -1 0 0
    outer loop
      vertex 51.6 -0.0999994 4.35252
      vertex 51.6 4 7.16748
      vertex 51.6 4 4.35252
    endloop
  endfacet
  facet normal -1 -0 0
    outer loop
      vertex 51.6 4 7.16748
      vertex 51.6 -0.0999994 4.35252
      vertex 51.6 -0.0999994 7.16748
    endloop
  endfacet
  facet normal -1 0 0
    outer loop
      vertex 51.6 4 4.35252
      vertex 51.6 4.1 0
      vertex 51.6 4 0
    endloop
  endfacet
  facet normal -1 0 0
    outer loop
      vertex 51.6 4 7.16748
      vertex 51.6 4.1 0
      vertex 51.6 4 4.35252
    endloop
  endfacet
  facet normal -1 0 0
    outer loop
      vertex 51.6 4.1 0
      vertex 51.6 4 7.16748
      vertex 51.6 4.1 31.6
    endloop
  endfacet
  facet normal -1 0 0
    outer loop
      vertex 51.6 4 24.8325
      vertex 51.6 4.1 31.6
      vertex 51.6 4 7.16748
    endloop
  endfacet
  facet normal -1 0 0
    outer loop
      vertex 51.6 4 27.6475
      vertex 51.6 4.1 31.6
      vertex 51.6 4 24.8325
    endloop
  endfacet
  facet normal -1 -0 0
    outer loop
      vertex 51.6 4.1 31.6
      vertex 51.6 4 27.6475
      vertex 51.6 4 31.6
    endloop
  endfacet
  facet normal 0 0 -1
    outer loop
      vertex 0 4 31.6
      vertex 51.6 4.1 31.6
      vertex 51.6 4 31.6
    endloop
  endfacet
  facet normal -0 0 -1
    outer loop
      vertex 51.6 4.1 31.6
      vertex 0 4 31.6
      vertex 0 4.1 31.6
    endloop
  endfacet
  facet normal -0 0 1
    outer loop
      vertex 0 4.1 0
      vertex 51.6 4 0
      vertex 51.6 4.1 0
    endloop
  endfacet
  facet normal 0 0 1
    outer loop
      vertex 51.6 4 0
      vertex 0 4.1 0
      vertex 0 4 0
    endloop
  endfacet
  facet normal 1 -0 0
    outer loop
      vertex 0 -0.0999994 7.16748
      vertex 0 4 4.35252
      vertex 0 4 7.16748
    endloop
  endfacet
  facet normal 1 0 0
    outer loop
      vertex 0 4 4.35252
      vertex 0 -0.0999994 7.16748
      vertex 0 -0.0999994 4.35252
    endloop
  endfacet
  facet normal 1 -0 0
    outer loop
      vertex 0 -0.0999994 27.6475
      vertex 0 4 24.8325
      vertex 0 4 27.6475
    endloop
  endfacet
  facet normal 1 0 0
    outer loop
      vertex 0 4 24.8325
      vertex 0 -0.0999994 27.6475
      vertex 0 -0.0999994 24.8325
    endloop
  endfacet
  facet normal 1 0 0
    outer loop
      vertex 0 4 27.6475
      vertex 0 4.1 31.6
      vertex 0 4 31.6
    endloop
  endfacet
  facet normal 1 0 0
    outer loop
      vertex 0 4 24.8325
      vertex 0 4.1 31.6
      vertex 0 4 27.6475
    endloop
  endfacet
  facet normal 1 0 0
    outer loop
      vertex 0 4.1 31.6
      vertex 0 4 24.8325
      vertex 0 4.1 0
    endloop
  endfacet
  facet normal 1 -0 0
    outer loop
      vertex 0 4 7.16748
      vertex 0 4.1 0
      vertex 0 4 24.8325
    endloop
  endfacet
  facet normal 1 -0 0
    outer loop
      vertex 0 4 4.35252
      vertex 0 4.1 0
      vertex 0 4 7.16748
    endloop
  endfacet
  facet normal 1 0 0
    outer loop
      vertex 0 4.1 0
      vertex 0 4 4.35252
      vertex 0 4 0
    endloop
  endfacet
  facet normal 0 -1 0
    outer loop
      vertex -4 4 35.6
      vertex 0 4 31.6
      vertex 55.6 4 35.6
    endloop
  endfacet
  facet normal 0 -1 0
    outer loop
      vertex -0.0335779 4 27.5794
      vertex 0 4 31.6
      vertex -4 4 35.6
    endloop
  endfacet
  facet normal 0 -1 -0
    outer loop
      vertex 0 4 31.6
      vertex -0.0335779 4 27.5794
      vertex 0 4 27.6475
    endloop
  endfacet
  facet normal 0 -1 0
    outer loop
      vertex -4 4 35.6
      vertex -0.18074 4 27.1459
      vertex -0.0335779 4 27.5794
    endloop
  endfacet
  facet normal 0 -1 0
    outer loop
      vertex -4 4 35.6
      vertex -0.270057 4 26.6968
      vertex -0.18074 4 27.1459
    endloop
  endfacet
  facet normal 0 -1 0
    outer loop
      vertex -4 4 35.6
      vertex -0.299999 4 26.24
      vertex -0.270057 4 26.6968
    endloop
  endfacet
  facet normal 0 -1 0
    outer loop
      vertex -4 4 35.6
      vertex -0.270057 4 25.7832
      vertex -0.299999 4 26.24
    endloop
  endfacet
  facet normal 0 -1 0
    outer loop
      vertex -4 4 35.6
      vertex -0.18074 4 25.3341
      vertex -0.270057 4 25.7832
    endloop
  endfacet
  facet normal 0 -1 0
    outer loop
      vertex -0.18074 4 6.66587
      vertex -0.18074 4 25.3341
      vertex -4 4 35.6
    endloop
  endfacet
  facet normal 0 -1 0
    outer loop
      vertex -0.0335779 4 24.9006
      vertex 0 4 7.16748
      vertex 0 4 24.8325
    endloop
  endfacet
  facet normal 0 -1 0
    outer loop
      vertex -0.18074 4 25.3341
      vertex -0.18074 4 6.66587
      vertex -0.0335779 4 24.9006
    endloop
  endfacet
  facet normal 0 -1 0
    outer loop
      vertex -0.0335779 4 24.9006
      vertex -0.0335779 4 7.09939
      vertex 0 4 7.16748
    endloop
  endfacet
  facet normal 0 -1 -0
    outer loop
      vertex -0.0335779 4 24.9006
      vertex -0.18074 4 6.66587
      vertex -0.0335779 4 7.09939
    endloop
  endfacet
  facet normal 0 -1 0
    outer loop
      vertex -4 4 -4
      vertex -0.18074 4 6.66587
      vertex -4 4 35.6
    endloop
  endfacet
  facet normal 0 -1 0
    outer loop
      vertex -0.18074 4 6.66587
      vertex -4 4 -4
      vertex -0.270057 4 6.21684
    endloop
  endfacet
  facet normal 0 -1 0
    outer loop
      vertex -0.270057 4 6.21684
      vertex -4 4 -4
      vertex -0.299999 4 5.76
    endloop
  endfacet
  facet normal 0 -1 0
    outer loop
      vertex -0.0335779 4 4.42061
      vertex 0 4 0
      vertex 0 4 4.35252
    endloop
  endfacet
  facet normal 0 -1 0
    outer loop
      vertex -4 4 -4
      vertex -0.0335779 4 4.42061
      vertex -0.18074 4 4.85413
    endloop
  endfacet
  facet normal 0 -1 0
    outer loop
      vertex -4 4 -4
      vertex -0.18074 4 4.85413
      vertex -0.270057 4 5.30316
    endloop
  endfacet
  facet normal 0 -1 -0
    outer loop
      vertex -0.299999 4 5.76
      vertex -4 4 -4
      vertex -0.270057 4 5.30316
    endloop
  endfacet
  facet normal 0 -1 -0
    outer loop
      vertex 0 4 0
      vertex -4 4 -4
      vertex 51.6 4 0
    endloop
  endfacet
  facet normal 0 -1 -0
    outer loop
      vertex -0.0335779 4 4.42061
      vertex -4 4 -4
      vertex 0 4 0
    endloop
  endfacet
  facet normal 0 -1 0
    outer loop
      vertex 51.6 4 31.6
      vertex 55.6 4 35.6
      vertex 0 4 31.6
    endloop
  endfacet
  facet normal 0 -1 0
    outer loop
      vertex 51.6336 4 27.5794
      vertex 51.6 4 31.6
      vertex 51.6 4 27.6475
    endloop
  endfacet
  facet normal 0 -1 0
    outer loop
      vertex 51.6 4 31.6
      vertex 51.6336 4 27.5794
      vertex 55.6 4 35.6
    endloop
  endfacet
  facet normal 0 -1 0
    outer loop
      vertex 51.7807 4 27.1459
      vertex 55.6 4 35.6
      vertex 51.6336 4 27.5794
    endloop
  endfacet
  facet normal 0 -1 0
    outer loop
      vertex 51.8701 4 26.6968
      vertex 55.6 4 35.6
      vertex 51.7807 4 27.1459
    endloop
  endfacet
  facet normal 0 -1 0
    outer loop
      vertex 51.9 4 26.24
      vertex 55.6 4 35.6
      vertex 51.8701 4 26.6968
    endloop
  endfacet
  facet normal 0 -1 0
    outer loop
      vertex 51.8701 4 25.7832
      vertex 55.6 4 35.6
      vertex 51.9 4 26.24
    endloop
  endfacet
  facet normal 0 -1 0
    outer loop
      vertex 51.7807 4 25.3341
      vertex 55.6 4 35.6
      vertex 51.8701 4 25.7832
    endloop
  endfacet
  facet normal 0 -1 0
    outer loop
      vertex 51.7807 4 6.66587
      vertex 51.7807 4 25.3341
      vertex 51.6336 4 24.9006
    endloop
  endfacet
  facet normal 0 -1 0
    outer loop
      vertex 51.6 4 7.16748
      vertex 51.6336 4 24.9006
      vertex 51.6 4 24.8325
    endloop
  endfacet
  facet normal 0 -1 0
    outer loop
      vertex 51.6336 4 7.09939
      vertex 51.6336 4 24.9006
      vertex 51.6 4 7.16748
    endloop
  endfacet
  facet normal 0 -1 0
    outer loop
      vertex 51.7807 4 6.66587
      vertex 51.6336 4 24.9006
      vertex 51.6336 4 7.09939
    endloop
  endfacet
  facet normal 0 -1 0
    outer loop
      vertex 51.7807 4 25.3341
      vertex 51.7807 4 6.66587
      vertex 55.6 4 35.6
    endloop
  endfacet
  facet normal 0 -1 0
    outer loop
      vertex 55.6 4 -4
      vertex 51.7807 4 6.66587
      vertex 51.8701 4 6.21684
    endloop
  endfacet
  facet normal 0 -1 0
    outer loop
      vertex 55.6 4 -4
      vertex 51.8701 4 6.21684
      vertex 51.9 4 5.76
    endloop
  endfacet
  facet normal 0 -1 0
    outer loop
      vertex 55.6 4 -4
      vertex 51.9 4 5.76
      vertex 51.8701 4 5.30316
    endloop
  endfacet
  facet normal 0 -1 0
    outer loop
      vertex 51.6 4 0
      vertex 51.6336 4 4.42061
      vertex 51.6 4 4.35252
    endloop
  endfacet
  facet normal 0 -1 0
    outer loop
      vertex 55.6 4 -4
      vertex 51.6336 4 4.42061
      vertex 51.6 4 0
    endloop
  endfacet
  facet normal 0 -1 0
    outer loop
      vertex 51.6336 4 4.42061
      vertex 55.6 4 -4
      vertex 51.7807 4 4.85413
    endloop
  endfacet
  facet normal 0 -1 0
    outer loop
      vertex 51.7807 4 4.85413
      vertex 55.6 4 -4
      vertex 51.8701 4 5.30316
    endloop
  endfacet
  facet normal 0 -1 0
    outer loop
      vertex 51.7807 4 6.66587
      vertex 55.6 4 -4
      vertex 55.6 4 35.6
    endloop
  endfacet
  facet normal 0 -1 0
    outer loop
      vertex 55.6 4 -4
      vertex 51.6 4 0
      vertex -4 4 -4
    endloop
  endfacet
  facet normal 1 -0 0
    outer loop
      vertex 55.6 4 35.6
      vertex 55.6 6 -4
      vertex 55.6 6 35.6
    endloop
  endfacet
  facet normal 1 0 0
    outer loop
      vertex 55.6 6 -4
      vertex 55.6 4 35.6
      vertex 55.6 4 -4
    endloop
  endfacet
  facet normal -0 0 1
    outer loop
      vertex -4 6 35.6
      vertex 55.6 4 35.6
      vertex 55.6 6 35.6
    endloop
  endfacet
  facet normal 0 0 1
    outer loop
      vertex 55.6 4 35.6
      vertex -4 6 35.6
      vertex -4 4 35.6
    endloop
  endfacet
  facet normal 0 0 -1
    outer loop
      vertex -4 4 -4
      vertex 55.6 6 -4
      vertex 55.6 4 -4
    endloop
  endfacet
  facet normal -0 0 -1
    outer loop
      vertex 55.6 6 -4
      vertex -4 4 -4
      vertex -4 6 -4
    endloop
  endfacet
  facet normal -1 0 0
    outer loop
      vertex -4 4 -4
      vertex -4 6 35.6
      vertex -4 6 -4
    endloop
  endfacet
  facet normal -1 -0 0
    outer loop
      vertex -4 6 35.6
      vertex -4 4 -4
      vertex -4 4 35.6
    endloop
  endfacet
  facet normal 0 1 0
    outer loop
      vertex 46.2693 6 23.4633
      vertex 46.2693 6 8.53674
      vertex 45.9251 6 23.7651
    endloop
  endfacet
  facet normal 0 1 0
    outer loop
      vertex 6.23109 6 24.49
      vertex 3.65684 6 9.23006
      vertex 3.2 6 9.26
    endloop
  endfacet
  facet normal 0 1 0
    outer loop
      vertex 45.9251 6 8.23487
      vertex 45.9251 6 23.7651
      vertex 46.2693 6 8.53674
    endloop
  endfacet
  facet normal 0 1 0
    outer loop
      vertex 6.23109 6 24.49
      vertex 4.10587 6 9.14074
      vertex 3.65684 6 9.23006
    endloop
  endfacet
  facet normal 0 1 0
    outer loop
      vertex 45.9251 6 23.7651
      vertex 45.9251 6 8.23487
      vertex 45.6233 6 24.1093
    endloop
  endfacet
  facet normal 0 1 0
    outer loop
      vertex 6.23109 6 24.49
      vertex 4.53939 6 8.99358
      vertex 4.10587 6 9.14074
    endloop
  endfacet
  facet normal 0 1 0
    outer loop
      vertex 45.6233 6 7.89066
      vertex 45.6233 6 24.1093
      vertex 45.9251 6 8.23487
    endloop
  endfacet
  facet normal 0 1 0
    outer loop
      vertex 6.23109 6 24.49
      vertex 4.95 6 8.79109
      vertex 4.53939 6 8.99358
    endloop
  endfacet
  facet normal 0 1 0
    outer loop
      vertex 45.6233 6 24.1093
      vertex 45.6233 6 7.89066
      vertex 45.3689 6 24.49
    endloop
  endfacet
  facet normal 0 1 0
    outer loop
      vertex 6.23109 6 24.49
      vertex 5.33066 6 8.53674
      vertex 4.95 6 8.79109
    endloop
  endfacet
  facet normal 0 1 0
    outer loop
      vertex 45.3689 6 7.51
      vertex 45.3689 6 24.49
      vertex 45.6233 6 7.89066
    endloop
  endfacet
  facet normal 0 1 0
    outer loop
      vertex 6.23109 6 24.49
      vertex 5.67487 6 8.23487
      vertex 5.33066 6 8.53674
    endloop
  endfacet
  facet normal 0 1 0
    outer loop
      vertex 45.1664 6 7.09939
      vertex 45.3689 6 24.49
      vertex 45.3689 6 7.51
    endloop
  endfacet
  facet normal 0 1 0
    outer loop
      vertex 6.23109 6 24.49
      vertex 5.97674 6 7.89066
      vertex 5.67487 6 8.23487
    endloop
  endfacet
  facet normal 0 1 0
    outer loop
      vertex 45.3689 6 24.49
      vertex 45.1664 6 7.09939
      vertex 6.23109 6 24.49
    endloop
  endfacet
  facet normal 0 1 0
    outer loop
      vertex 6.23109 6 24.49
      vertex 6.23109 6 7.51
      vertex 5.97674 6 7.89066
    endloop
  endfacet
  facet normal 0 1 -0
    outer loop
      vertex 6.43358 6 7.09939
      vertex 6.23109 6 24.49
      vertex 45.1664 6 7.09939
    endloop
  endfacet
  facet normal 0 1 0
    outer loop
      vertex 6.23109 6 24.49
      vertex 6.43358 6 7.09939
      vertex 6.23109 6 7.51
    endloop
  endfacet
  facet normal 0 1 -0
    outer loop
      vertex 45.0193 6 6.66587
      vertex 6.43358 6 7.09939
      vertex 45.1664 6 7.09939
    endloop
  endfacet
  facet normal 0 1 0
    outer loop
      vertex 45.0193 6 6.66587
      vertex 6.58074 6 6.66587
      vertex 6.43358 6 7.09939
    endloop
  endfacet
  facet normal 0 1 -0
    outer loop
      vertex 44.9299 6 6.21684
      vertex 6.58074 6 6.66587
      vertex 45.0193 6 6.66587
    endloop
  endfacet
  facet normal 0 1 0
    outer loop
      vertex 44.9299 6 6.21684
      vertex 6.67006 6 6.21684
      vertex 6.58074 6 6.66587
    endloop
  endfacet
  facet normal 0 1 -0
    outer loop
      vertex 44.9 6 5.76
      vertex 6.67006 6 6.21684
      vertex 44.9299 6 6.21684
    endloop
  endfacet
  facet normal 0 1 0
    outer loop
      vertex 44.9 6 5.76
      vertex 6.7 6 5.76
      vertex 6.67006 6 6.21684
    endloop
  endfacet
  facet normal 0 1 0
    outer loop
      vertex 44.9299 6 5.30316
      vertex 6.7 6 5.76
      vertex 44.9 6 5.76
    endloop
  endfacet
  facet normal 0 1 0
    outer loop
      vertex 44.9299 6 5.30316
      vertex 6.67006 6 5.30316
      vertex 6.7 6 5.76
    endloop
  endfacet
  facet normal 0 1 0
    outer loop
      vertex 45.0193 6 4.85413
      vertex 6.67006 6 5.30316
      vertex 44.9299 6 5.30316
    endloop
  endfacet
  facet normal 0 1 0
    outer loop
      vertex 45.0193 6 4.85413
      vertex 6.58074 6 4.85413
      vertex 6.67006 6 5.30316
    endloop
  endfacet
  facet normal 0 1 0
    outer loop
      vertex 45.1664 6 4.42061
      vertex 6.58074 6 4.85413
      vertex 45.0193 6 4.85413
    endloop
  endfacet
  facet normal 0 1 0
    outer loop
      vertex 45.1664 6 4.42061
      vertex 6.43358 6 4.42061
      vertex 6.58074 6 4.85413
    endloop
  endfacet
  facet normal 0 1 0
    outer loop
      vertex 45.3689 6 4.01
      vertex 6.43358 6 4.42061
      vertex 45.1664 6 4.42061
    endloop
  endfacet
  facet normal 0 1 0
    outer loop
      vertex 45.3689 6 4.01
      vertex 6.23109 6 4.01
      vertex 6.43358 6 4.42061
    endloop
  endfacet
  facet normal 0 1 0
    outer loop
      vertex 45.6233 6 3.62933
      vertex 6.23109 6 4.01
      vertex 45.3689 6 4.01
    endloop
  endfacet
  facet normal 0 1 0
    outer loop
      vertex 45.6233 6 3.62933
      vertex 5.97674 6 3.62933
      vertex 6.23109 6 4.01
    endloop
  endfacet
  facet normal 0 1 0
    outer loop
      vertex 45.9251 6 3.28513
      vertex 5.97674 6 3.62933
      vertex 45.6233 6 3.62933
    endloop
  endfacet
  facet normal 0 1 0
    outer loop
      vertex 45.9251 6 3.28513
      vertex 5.67487 6 3.28513
      vertex 5.97674 6 3.62933
    endloop
  endfacet
  facet normal 0 1 0
    outer loop
      vertex 46.2693 6 2.98326
      vertex 5.67487 6 3.28513
      vertex 45.9251 6 3.28513
    endloop
  endfacet
  facet normal 0 1 0
    outer loop
      vertex 46.2693 6 2.98326
      vertex 5.33066 6 2.98326
      vertex 5.67487 6 3.28513
    endloop
  endfacet
  facet normal 0 1 0
    outer loop
      vertex 46.65 6 2.72891
      vertex 5.33066 6 2.98326
      vertex 46.2693 6 2.98326
    endloop
  endfacet
  facet normal 0 1 0
    outer loop
      vertex 46.65 6 2.72891
      vertex 4.95 6 2.72891
      vertex 5.33066 6 2.98326
    endloop
  endfacet
  facet normal 0 1 0
    outer loop
      vertex 55.6 6 -4
      vertex 46.65 6 2.72891
      vertex 47.0606 6 2.52642
    endloop
  endfacet
  facet normal 0 1 0
    outer loop
      vertex 46.65 6 2.72891
      vertex 55.6 6 -4
      vertex 4.95 6 2.72891
    endloop
  endfacet
  facet normal 0 1 0
    outer loop
      vertex 55.6 6 -4
      vertex 47.0606 6 2.52642
      vertex 47.4941 6 2.37926
    endloop
  endfacet
  facet normal 0 1 0
    outer loop
      vertex -4 6 -4
      vertex 4.95 6 2.72891
      vertex 55.6 6 -4
    endloop
  endfacet
  facet normal 0 1 0
    outer loop
      vertex 55.6 6 -4
      vertex 47.4941 6 2.37926
      vertex 47.9432 6 2.28994
    endloop
  endfacet
  facet normal 0 1 0
    outer loop
      vertex 4.95 6 2.72891
      vertex -4 6 -4
      vertex 4.53939 6 2.52642
    endloop
  endfacet
  facet normal 0 1 0
    outer loop
      vertex 55.6 6 -4
      vertex 47.9432 6 2.28994
      vertex 48.4 6 2.26
    endloop
  endfacet
  facet normal 0 1 0
    outer loop
      vertex 4.53939 6 2.52642
      vertex -4 6 -4
      vertex 4.10587 6 2.37926
    endloop
  endfacet
  facet normal 0 1 0
    outer loop
      vertex 47.0606 6 29.4736
      vertex 55.6 6 35.6
      vertex 47.4941 6 29.6207
    endloop
  endfacet
  facet normal 0 1 0
    outer loop
      vertex -4 6 35.6
      vertex 3.65684 6 29.7101
      vertex 3.2 6 29.74
    endloop
  endfacet
  facet normal 0 1 0
    outer loop
      vertex 46.65 6 29.2711
      vertex 55.6 6 35.6
      vertex 47.0606 6 29.4736
    endloop
  endfacet
  facet normal 0 1 0
    outer loop
      vertex -4 6 35.6
      vertex 4.10587 6 29.6207
      vertex 3.65684 6 29.7101
    endloop
  endfacet
  facet normal 0 1 0
    outer loop
      vertex 55.6 6 35.6
      vertex 46.65 6 29.2711
      vertex -4 6 35.6
    endloop
  endfacet
  facet normal 0 1 0
    outer loop
      vertex -4 6 35.6
      vertex 4.53939 6 29.4736
      vertex 4.10587 6 29.6207
    endloop
  endfacet
  facet normal 0 1 -0
    outer loop
      vertex 4.95 6 29.2711
      vertex -4 6 35.6
      vertex 46.65 6 29.2711
    endloop
  endfacet
  facet normal 0 1 0
    outer loop
      vertex -4 6 35.6
      vertex 4.95 6 29.2711
      vertex 4.53939 6 29.4736
    endloop
  endfacet
  facet normal 0 1 -0
    outer loop
      vertex 46.2693 6 29.0167
      vertex 4.95 6 29.2711
      vertex 46.65 6 29.2711
    endloop
  endfacet
  facet normal 0 1 0
    outer loop
      vertex 46.2693 6 29.0167
      vertex 5.33066 6 29.0167
      vertex 4.95 6 29.2711
    endloop
  endfacet
  facet normal 0 1 -0
    outer loop
      vertex 45.9251 6 28.7149
      vertex 5.33066 6 29.0167
      vertex 46.2693 6 29.0167
    endloop
  endfacet
  facet normal 0 1 0
    outer loop
      vertex 45.9251 6 28.7149
      vertex 5.67487 6 28.7149
      vertex 5.33066 6 29.0167
    endloop
  endfacet
  facet normal 0 1 -0
    outer loop
      vertex 45.6233 6 28.3707
      vertex 5.67487 6 28.7149
      vertex 45.9251 6 28.7149
    endloop
  endfacet
  facet normal 0 1 0
    outer loop
      vertex 45.6233 6 28.3707
      vertex 5.97674 6 28.3707
      vertex 5.67487 6 28.7149
    endloop
  endfacet
  facet normal 0 1 -0
    outer loop
      vertex 45.3689 6 27.99
      vertex 5.97674 6 28.3707
      vertex 45.6233 6 28.3707
    endloop
  endfacet
  facet normal 0 1 0
    outer loop
      vertex 45.3689 6 27.99
      vertex 6.23109 6 27.99
      vertex 5.97674 6 28.3707
    endloop
  endfacet
  facet normal 0 1 -0
    outer loop
      vertex 45.1664 6 27.5794
      vertex 6.23109 6 27.99
      vertex 45.3689 6 27.99
    endloop
  endfacet
  facet normal 0 1 0
    outer loop
      vertex 45.1664 6 27.5794
      vertex 6.43358 6 27.5794
      vertex 6.23109 6 27.99
    endloop
  endfacet
  facet normal 0 1 -0
    outer loop
      vertex 45.0193 6 27.1459
      vertex 6.43358 6 27.5794
      vertex 45.1664 6 27.5794
    endloop
  endfacet
  facet normal 0 1 0
    outer loop
      vertex 45.0193 6 27.1459
      vertex 6.58074 6 27.1459
      vertex 6.43358 6 27.5794
    endloop
  endfacet
  facet normal 0 1 -0
    outer loop
      vertex 44.9299 6 26.6968
      vertex 6.58074 6 27.1459
      vertex 45.0193 6 27.1459
    endloop
  endfacet
  facet normal 0 1 0
    outer loop
      vertex 44.9299 6 26.6968
      vertex 6.67006 6 26.6968
      vertex 6.58074 6 27.1459
    endloop
  endfacet
  facet normal 0 1 -0
    outer loop
      vertex 44.9 6 26.24
      vertex 6.67006 6 26.6968
      vertex 44.9299 6 26.6968
    endloop
  endfacet
  facet normal 0 1 0
    outer loop
      vertex 44.9 6 26.24
      vertex 6.7 6 26.24
      vertex 6.67006 6 26.6968
    endloop
  endfacet
  facet normal 0 1 0
    outer loop
      vertex 44.9299 6 25.7832
      vertex 6.7 6 26.24
      vertex 44.9 6 26.24
    endloop
  endfacet
  facet normal 0 1 0
    outer loop
      vertex 44.9299 6 25.7832
      vertex 6.67006 6 25.7832
      vertex 6.7 6 26.24
    endloop
  endfacet
  facet normal 0 1 0
    outer loop
      vertex 45.0193 6 25.3341
      vertex 6.67006 6 25.7832
      vertex 44.9299 6 25.7832
    endloop
  endfacet
  facet normal 0 1 0
    outer loop
      vertex 45.0193 6 25.3341
      vertex 6.58074 6 25.3341
      vertex 6.67006 6 25.7832
    endloop
  endfacet
  facet normal 0 1 0
    outer loop
      vertex 45.1664 6 24.9006
      vertex 6.58074 6 25.3341
      vertex 45.0193 6 25.3341
    endloop
  endfacet
  facet normal 0 1 0
    outer loop
      vertex 45.1664 6 24.9006
      vertex 6.43358 6 24.9006
      vertex 6.58074 6 25.3341
    endloop
  endfacet
  facet normal 0 1 0
    outer loop
      vertex 45.3689 6 24.49
      vertex 6.43358 6 24.9006
      vertex 45.1664 6 24.9006
    endloop
  endfacet
  facet normal 0 1 0
    outer loop
      vertex 45.3689 6 24.49
      vertex 6.23109 6 24.49
      vertex 6.43358 6 24.9006
    endloop
  endfacet
  facet normal 0 1 0
    outer loop
      vertex 46.65 6 8.79109
      vertex 46.65 6 23.2089
      vertex 47.0606 6 8.99358
    endloop
  endfacet
  facet normal 0 1 0
    outer loop
      vertex 46.65 6 23.2089
      vertex 46.65 6 8.79109
      vertex 46.2693 6 23.4633
    endloop
  endfacet
  facet normal 0 1 0
    outer loop
      vertex 47.0606 6 23.0064
      vertex 47.0606 6 8.99358
      vertex 46.65 6 23.2089
    endloop
  endfacet
  facet normal 0 1 0
    outer loop
      vertex 46.2693 6 8.53674
      vertex 46.2693 6 23.4633
      vertex 46.65 6 8.79109
    endloop
  endfacet
  facet normal 0 1 0
    outer loop
      vertex 47.0606 6 8.99358
      vertex 47.0606 6 23.0064
      vertex 47.4941 6 9.14074
    endloop
  endfacet
  facet normal 0 1 0
    outer loop
      vertex 6.23109 6 24.49
      vertex 3.2 6 9.26
      vertex 5.97674 6 24.1093
    endloop
  endfacet
  facet normal 0 1 0
    outer loop
      vertex 47.4941 6 22.8593
      vertex 47.4941 6 9.14074
      vertex 47.0606 6 23.0064
    endloop
  endfacet
  facet normal 0 1 0
    outer loop
      vertex 5.97674 6 24.1093
      vertex 3.2 6 9.26
      vertex 5.67487 6 23.7651
    endloop
  endfacet
  facet normal 0 1 0
    outer loop
      vertex 47.4941 6 9.14074
      vertex 47.4941 6 22.8593
      vertex 47.9432 6 9.23006
    endloop
  endfacet
  facet normal 0 1 0
    outer loop
      vertex 5.67487 6 23.7651
      vertex 3.2 6 9.26
      vertex 5.33066 6 23.4633
    endloop
  endfacet
  facet normal 0 1 0
    outer loop
      vertex 47.9432 6 22.7699
      vertex 47.9432 6 9.23006
      vertex 47.4941 6 22.8593
    endloop
  endfacet
  facet normal 0 1 0
    outer loop
      vertex 5.33066 6 23.4633
      vertex 3.2 6 9.26
      vertex 4.95 6 23.2089
    endloop
  endfacet
  facet normal 0 1 0
    outer loop
      vertex 47.9432 6 9.23006
      vertex 47.9432 6 22.7699
      vertex 48.4 6 9.26
    endloop
  endfacet
  facet normal 0 1 0
    outer loop
      vertex 4.95 6 23.2089
      vertex 3.2 6 9.26
      vertex 4.53939 6 23.0064
    endloop
  endfacet
  facet normal 0 1 -0
    outer loop
      vertex 48.4 6 9.26
      vertex 47.9432 6 22.7699
      vertex 48.4 6 22.74
    endloop
  endfacet
  facet normal 0 1 0
    outer loop
      vertex 4.53939 6 23.0064
      vertex 3.2 6 9.26
      vertex 4.10587 6 22.8593
    endloop
  endfacet
  facet normal 0 1 0
    outer loop
      vertex 47.9432 6 29.7101
      vertex 55.6 6 35.6
      vertex 48.4 6 29.74
    endloop
  endfacet
  facet normal 0 1 0
    outer loop
      vertex 55.6 6 35.6
      vertex 48.8568 6 29.7101
      vertex 48.4 6 29.74
    endloop
  endfacet
  facet normal 0 1 0
    outer loop
      vertex 55.6 6 35.6
      vertex 49.3059 6 29.6207
      vertex 48.8568 6 29.7101
    endloop
  endfacet
  facet normal 0 1 0
    outer loop
      vertex 55.6 6 35.6
      vertex 49.7394 6 29.4736
      vertex 49.3059 6 29.6207
    endloop
  endfacet
  facet normal 0 1 0
    outer loop
      vertex 55.6 6 35.6
      vertex 50.15 6 29.2711
      vertex 49.7394 6 29.4736
    endloop
  endfacet
  facet normal 0 1 0
    outer loop
      vertex 55.6 6 35.6
      vertex 50.5307 6 29.0167
      vertex 50.15 6 29.2711
    endloop
  endfacet
  facet normal 0 1 0
    outer loop
      vertex 55.6 6 35.6
      vertex 50.8749 6 28.7149
      vertex 50.5307 6 29.0167
    endloop
  endfacet
  facet normal 0 1 0
    outer loop
      vertex 55.6 6 35.6
      vertex 51.1767 6 28.3707
      vertex 50.8749 6 28.7149
    endloop
  endfacet
  facet normal 0 1 0
    outer loop
      vertex 55.6 6 35.6
      vertex 51.4311 6 27.99
      vertex 51.1767 6 28.3707
    endloop
  endfacet
  facet normal 0 1 0
    outer loop
      vertex 55.6 6 35.6
      vertex 51.6336 6 27.5794
      vertex 51.4311 6 27.99
    endloop
  endfacet
  facet normal 0 1 0
    outer loop
      vertex 55.6 6 35.6
      vertex 51.7807 6 27.1459
      vertex 51.6336 6 27.5794
    endloop
  endfacet
  facet normal 0 1 0
    outer loop
      vertex 55.6 6 35.6
      vertex 51.8701 6 26.6968
      vertex 51.7807 6 27.1459
    endloop
  endfacet
  facet normal 0 1 0
    outer loop
      vertex 55.6 6 35.6
      vertex 51.9 6 26.24
      vertex 51.8701 6 26.6968
    endloop
  endfacet
  facet normal 0 1 0
    outer loop
      vertex 55.6 6 35.6
      vertex 51.8701 6 25.7832
      vertex 51.9 6 26.24
    endloop
  endfacet
  facet normal 0 1 0
    outer loop
      vertex 55.6 6 35.6
      vertex 51.7807 6 25.3341
      vertex 51.8701 6 25.7832
    endloop
  endfacet
  facet normal 0 1 0
    outer loop
      vertex 51.7807 6 6.66587
      vertex 51.7807 6 25.3341
      vertex 55.6 6 35.6
    endloop
  endfacet
  facet normal 0 1 0
    outer loop
      vertex 4.10587 6 22.8593
      vertex 3.2 6 9.26
      vertex 3.65684 6 22.7699
    endloop
  endfacet
  facet normal 0 1 0
    outer loop
      vertex 48.8568 6 22.7699
      vertex 48.4 6 9.26
      vertex 48.4 6 22.74
    endloop
  endfacet
  facet normal 0 1 0
    outer loop
      vertex 48.8568 6 9.23006
      vertex 48.8568 6 22.7699
      vertex 49.3059 6 22.8593
    endloop
  endfacet
  facet normal 0 1 0
    outer loop
      vertex 49.3059 6 9.14074
      vertex 49.3059 6 22.8593
      vertex 49.7394 6 23.0064
    endloop
  endfacet
  facet normal 0 1 0
    outer loop
      vertex 49.7394 6 8.99358
      vertex 49.7394 6 23.0064
      vertex 50.15 6 23.2089
    endloop
  endfacet
  facet normal 0 1 0
    outer loop
      vertex 50.15 6 8.79109
      vertex 50.15 6 23.2089
      vertex 50.5307 6 23.4633
    endloop
  endfacet
  facet normal 0 1 0
    outer loop
      vertex 50.5307 6 8.53674
      vertex 50.5307 6 23.4633
      vertex 50.8749 6 23.7651
    endloop
  endfacet
  facet normal 0 1 0
    outer loop
      vertex 50.8749 6 8.23487
      vertex 50.8749 6 23.7651
      vertex 51.1767 6 24.1093
    endloop
  endfacet
  facet normal 0 1 0
    outer loop
      vertex 51.1767 6 7.89066
      vertex 51.1767 6 24.1093
      vertex 51.4311 6 24.49
    endloop
  endfacet
  facet normal 0 1 0
    outer loop
      vertex 51.4311 6 7.51
      vertex 51.4311 6 24.49
      vertex 51.6336 6 24.9006
    endloop
  endfacet
  facet normal 0 1 0
    outer loop
      vertex 51.7807 6 25.3341
      vertex 51.7807 6 6.66587
      vertex 51.6336 6 24.9006
    endloop
  endfacet
  facet normal 0 1 0
    outer loop
      vertex 48.8568 6 22.7699
      vertex 48.8568 6 9.23006
      vertex 48.4 6 9.26
    endloop
  endfacet
  facet normal 0 1 0
    outer loop
      vertex 49.3059 6 22.8593
      vertex 49.3059 6 9.14074
      vertex 48.8568 6 9.23006
    endloop
  endfacet
  facet normal 0 1 0
    outer loop
      vertex 49.7394 6 23.0064
      vertex 49.7394 6 8.99358
      vertex 49.3059 6 9.14074
    endloop
  endfacet
  facet normal 0 1 0
    outer loop
      vertex 50.15 6 23.2089
      vertex 50.15 6 8.79109
      vertex 49.7394 6 8.99358
    endloop
  endfacet
  facet normal 0 1 0
    outer loop
      vertex 50.5307 6 23.4633
      vertex 50.5307 6 8.53674
      vertex 50.15 6 8.79109
    endloop
  endfacet
  facet normal 0 1 0
    outer loop
      vertex 50.8749 6 23.7651
      vertex 50.8749 6 8.23487
      vertex 50.5307 6 8.53674
    endloop
  endfacet
  facet normal 0 1 0
    outer loop
      vertex 51.1767 6 24.1093
      vertex 51.1767 6 7.89066
      vertex 50.8749 6 8.23487
    endloop
  endfacet
  facet normal 0 1 0
    outer loop
      vertex 51.4311 6 24.49
      vertex 51.4311 6 7.51
      vertex 51.1767 6 7.89066
    endloop
  endfacet
  facet normal 0 1 0
    outer loop
      vertex 51.6336 6 24.9006
      vertex 51.6336 6 7.09939
      vertex 51.4311 6 7.51
    endloop
  endfacet
  facet normal 0 1 0
    outer loop
      vertex 51.6336 6 24.9006
      vertex 51.7807 6 6.66587
      vertex 51.6336 6 7.09939
    endloop
  endfacet
  facet normal 0 1 -0
    outer loop
      vertex 55.6 6 -4
      vertex 51.7807 6 6.66587
      vertex 55.6 6 35.6
    endloop
  endfacet
  facet normal 0 1 0
    outer loop
      vertex 51.7807 6 6.66587
      vertex 55.6 6 -4
      vertex 51.8701 6 6.21684
    endloop
  endfacet
  facet normal 0 1 0
    outer loop
      vertex 51.8701 6 6.21684
      vertex 55.6 6 -4
      vertex 51.9 6 5.76
    endloop
  endfacet
  facet normal 0 1 0
    outer loop
      vertex 4.10587 6 2.37926
      vertex -4 6 -4
      vertex 3.65684 6 2.28994
    endloop
  endfacet
  facet normal 0 1 0
    outer loop
      vertex 48.8568 6 2.28994
      vertex 55.6 6 -4
      vertex 48.4 6 2.26
    endloop
  endfacet
  facet normal 0 1 0
    outer loop
      vertex 49.3059 6 2.37926
      vertex 55.6 6 -4
      vertex 48.8568 6 2.28994
    endloop
  endfacet
  facet normal 0 1 0
    outer loop
      vertex 49.7394 6 2.52642
      vertex 55.6 6 -4
      vertex 49.3059 6 2.37926
    endloop
  endfacet
  facet normal 0 1 0
    outer loop
      vertex 50.15 6 2.72891
      vertex 55.6 6 -4
      vertex 49.7394 6 2.52642
    endloop
  endfacet
  facet normal 0 1 0
    outer loop
      vertex 50.5307 6 2.98326
      vertex 55.6 6 -4
      vertex 50.15 6 2.72891
    endloop
  endfacet
  facet normal 0 1 0
    outer loop
      vertex 50.8749 6 3.28513
      vertex 55.6 6 -4
      vertex 50.5307 6 2.98326
    endloop
  endfacet
  facet normal 0 1 0
    outer loop
      vertex 51.1767 6 3.62933
      vertex 55.6 6 -4
      vertex 50.8749 6 3.28513
    endloop
  endfacet
  facet normal 0 1 0
    outer loop
      vertex 51.4311 6 4.01
      vertex 55.6 6 -4
      vertex 51.1767 6 3.62933
    endloop
  endfacet
  facet normal 0 1 0
    outer loop
      vertex 51.6336 6 4.42061
      vertex 55.6 6 -4
      vertex 51.4311 6 4.01
    endloop
  endfacet
  facet normal 0 1 0
    outer loop
      vertex 51.7807 6 4.85413
      vertex 55.6 6 -4
      vertex 51.6336 6 4.42061
    endloop
  endfacet
  facet normal 0 1 0
    outer loop
      vertex 51.8701 6 5.30316
      vertex 55.6 6 -4
      vertex 51.7807 6 4.85413
    endloop
  endfacet
  facet normal 0 1 0
    outer loop
      vertex 51.9 6 5.76
      vertex 55.6 6 -4
      vertex 51.8701 6 5.30316
    endloop
  endfacet
  facet normal 0 1 0
    outer loop
      vertex 47.4941 6 29.6207
      vertex 55.6 6 35.6
      vertex 47.9432 6 29.7101
    endloop
  endfacet
  facet normal 0 1 -0
    outer loop
      vertex 2.74316 6 29.7101
      vertex -4 6 35.6
      vertex 3.2 6 29.74
    endloop
  endfacet
  facet normal 0 1 -0
    outer loop
      vertex 2.29413 6 29.6207
      vertex -4 6 35.6
      vertex 2.74316 6 29.7101
    endloop
  endfacet
  facet normal 0 1 -0
    outer loop
      vertex 1.86061 6 29.4736
      vertex -4 6 35.6
      vertex 2.29413 6 29.6207
    endloop
  endfacet
  facet normal 0 1 -0
    outer loop
      vertex 1.45 6 29.2711
      vertex -4 6 35.6
      vertex 1.86061 6 29.4736
    endloop
  endfacet
  facet normal 0 1 -0
    outer loop
      vertex 1.06933 6 29.0167
      vertex -4 6 35.6
      vertex 1.45 6 29.2711
    endloop
  endfacet
  facet normal 0 1 -0
    outer loop
      vertex 0.725125 6 28.7149
      vertex -4 6 35.6
      vertex 1.06933 6 29.0167
    endloop
  endfacet
  facet normal 0 1 -0
    outer loop
      vertex 0.423263 6 28.3707
      vertex -4 6 35.6
      vertex 0.725125 6 28.7149
    endloop
  endfacet
  facet normal 0 1 -0
    outer loop
      vertex 0.168911 6 27.99
      vertex -4 6 35.6
      vertex 0.423263 6 28.3707
    endloop
  endfacet
  facet normal 0 1 -0
    outer loop
      vertex -0.0335779 6 27.5794
      vertex -4 6 35.6
      vertex 0.168911 6 27.99
    endloop
  endfacet
  facet normal 0 1 -0
    outer loop
      vertex -0.18074 6 27.1459
      vertex -4 6 35.6
      vertex -0.0335779 6 27.5794
    endloop
  endfacet
  facet normal 0 1 -0
    outer loop
      vertex -0.270057 6 26.6968
      vertex -4 6 35.6
      vertex -0.18074 6 27.1459
    endloop
  endfacet
  facet normal 0 1 -0
    outer loop
      vertex -0.299999 6 26.24
      vertex -4 6 35.6
      vertex -0.270057 6 26.6968
    endloop
  endfacet
  facet normal 0 1 0
    outer loop
      vertex -0.270057 6 25.7832
      vertex -4 6 35.6
      vertex -0.299999 6 26.24
    endloop
  endfacet
  facet normal 0 1 0
    outer loop
      vertex -0.18074 6 25.3341
      vertex -4 6 35.6
      vertex -0.270057 6 25.7832
    endloop
  endfacet
  facet normal 0 1 0
    outer loop
      vertex -0.18074 6 6.66587
      vertex -0.18074 6 25.3341
      vertex -0.0335779 6 24.9006
    endloop
  endfacet
  facet normal 0 1 0
    outer loop
      vertex 3.65684 6 22.7699
      vertex 3.2 6 9.26
      vertex 3.2 6 22.74
    endloop
  endfacet
  facet normal 0 1 0
    outer loop
      vertex 3.2 6 22.74
      vertex 3.2 6 9.26
      vertex 2.74316 6 22.7699
    endloop
  endfacet
  facet normal 0 1 0
    outer loop
      vertex 2.74316 6 9.23006
      vertex 2.74316 6 22.7699
      vertex 3.2 6 9.26
    endloop
  endfacet
  facet normal 0 1 0
    outer loop
      vertex 2.74316 6 22.7699
      vertex 2.74316 6 9.23006
      vertex 2.29413 6 22.8593
    endloop
  endfacet
  facet normal 0 1 0
    outer loop
      vertex 2.29413 6 9.14074
      vertex 2.29413 6 22.8593
      vertex 2.74316 6 9.23006
    endloop
  endfacet
  facet normal 0 1 0
    outer loop
      vertex 2.29413 6 22.8593
      vertex 2.29413 6 9.14074
      vertex 1.86061 6 23.0064
    endloop
  endfacet
  facet normal 0 1 0
    outer loop
      vertex 1.86061 6 8.99358
      vertex 1.86061 6 23.0064
      vertex 2.29413 6 9.14074
    endloop
  endfacet
  facet normal 0 1 0
    outer loop
      vertex 1.86061 6 23.0064
      vertex 1.86061 6 8.99358
      vertex 1.45 6 23.2089
    endloop
  endfacet
  facet normal 0 1 0
    outer loop
      vertex 1.45 6 8.79109
      vertex 1.45 6 23.2089
      vertex 1.86061 6 8.99358
    endloop
  endfacet
  facet normal 0 1 0
    outer loop
      vertex 1.45 6 23.2089
      vertex 1.45 6 8.79109
      vertex 1.06933 6 23.4633
    endloop
  endfacet
  facet normal 0 1 0
    outer loop
      vertex 1.06933 6 8.53674
      vertex 1.06933 6 23.4633
      vertex 1.45 6 8.79109
    endloop
  endfacet
  facet normal 0 1 0
    outer loop
      vertex 1.06933 6 23.4633
      vertex 1.06933 6 8.53674
      vertex 0.725125 6 23.7651
    endloop
  endfacet
  facet normal 0 1 0
    outer loop
      vertex 0.725125 6 8.23487
      vertex 0.725125 6 23.7651
      vertex 1.06933 6 8.53674
    endloop
  endfacet
  facet normal 0 1 0
    outer loop
      vertex 0.725125 6 23.7651
      vertex 0.725125 6 8.23487
      vertex 0.423263 6 24.1093
    endloop
  endfacet
  facet normal 0 1 0
    outer loop
      vertex 0.423263 6 7.89066
      vertex 0.423263 6 24.1093
      vertex 0.725125 6 8.23487
    endloop
  endfacet
  facet normal 0 1 0
    outer loop
      vertex 0.423263 6 24.1093
      vertex 0.423263 6 7.89066
      vertex 0.168911 6 24.49
    endloop
  endfacet
  facet normal 0 1 0
    outer loop
      vertex 0.168911 6 7.51
      vertex 0.168911 6 24.49
      vertex 0.423263 6 7.89066
    endloop
  endfacet
  facet normal 0 1 0
    outer loop
      vertex 0.168911 6 24.49
      vertex 0.168911 6 7.51
      vertex -0.0335779 6 24.9006
    endloop
  endfacet
  facet normal 0 1 0
    outer loop
      vertex -0.0335779 6 7.09939
      vertex -0.0335779 6 24.9006
      vertex 0.168911 6 7.51
    endloop
  endfacet
  facet normal 0 1 0
    outer loop
      vertex -0.18074 6 6.66587
      vertex -0.0335779 6 24.9006
      vertex -0.0335779 6 7.09939
    endloop
  endfacet
  facet normal 0 1 0
    outer loop
      vertex -0.18074 6 25.3341
      vertex -0.18074 6 6.66587
      vertex -4 6 35.6
    endloop
  endfacet
  facet normal 0 1 0
    outer loop
      vertex -4 6 -4
      vertex -0.18074 6 6.66587
      vertex -0.270057 6 6.21684
    endloop
  endfacet
  facet normal 0 1 0
    outer loop
      vertex -4 6 -4
      vertex -0.270057 6 6.21684
      vertex -0.299999 6 5.76
    endloop
  endfacet
  facet normal 0 1 0
    outer loop
      vertex -4 6 -4
      vertex -0.299999 6 5.76
      vertex -0.270057 6 5.30316
    endloop
  endfacet
  facet normal 0 1 0
    outer loop
      vertex 3.65684 6 2.28994
      vertex -4 6 -4
      vertex 3.2 6 2.26
    endloop
  endfacet
  facet normal 0 1 0
    outer loop
      vertex -0.18074 6 6.66587
      vertex -4 6 -4
      vertex -4 6 35.6
    endloop
  endfacet
  facet normal 0 1 0
    outer loop
      vertex -0.18074 6 4.85413
      vertex -4 6 -4
      vertex -0.270057 6 5.30316
    endloop
  endfacet
  facet normal 0 1 0
    outer loop
      vertex -0.0335779 6 4.42061
      vertex -4 6 -4
      vertex -0.18074 6 4.85413
    endloop
  endfacet
  facet normal 0 1 0
    outer loop
      vertex 0.168911 6 4.01
      vertex -4 6 -4
      vertex -0.0335779 6 4.42061
    endloop
  endfacet
  facet normal 0 1 0
    outer loop
      vertex 0.423263 6 3.62933
      vertex -4 6 -4
      vertex 0.168911 6 4.01
    endloop
  endfacet
  facet normal 0 1 0
    outer loop
      vertex 0.725125 6 3.28513
      vertex -4 6 -4
      vertex 0.423263 6 3.62933
    endloop
  endfacet
  facet normal 0 1 0
    outer loop
      vertex 1.06933 6 2.98326
      vertex -4 6 -4
      vertex 0.725125 6 3.28513
    endloop
  endfacet
  facet normal 0 1 0
    outer loop
      vertex 1.45 6 2.72891
      vertex -4 6 -4
      vertex 1.06933 6 2.98326
    endloop
  endfacet
  facet normal 0 1 0
    outer loop
      vertex 1.86061 6 2.52642
      vertex -4 6 -4
      vertex 1.45 6 2.72891
    endloop
  endfacet
  facet normal 0 1 0
    outer loop
      vertex 2.29413 6 2.37926
      vertex -4 6 -4
      vertex 1.86061 6 2.52642
    endloop
  endfacet
  facet normal 0 1 0
    outer loop
      vertex 2.74316 6 2.28994
      vertex -4 6 -4
      vertex 2.29413 6 2.37926
    endloop
  endfacet
  facet normal 0 1 0
    outer loop
      vertex 3.2 6 2.26
      vertex -4 6 -4
      vertex 2.74316 6 2.28994
    endloop
  endfacet
  facet normal 0.89686 -0 0.442314
    outer loop
      vertex 1.6294 4.1 5.10944
      vertex 1.72776 6.1 4.91
      vertex 1.6294 6.1 5.10944
    endloop
  endfacet
  facet normal 0.89686 0 0.442314
    outer loop
      vertex 1.72776 6.1 4.91
      vertex 1.6294 4.1 5.10944
      vertex 1.72776 4.1 4.91
    endloop
  endfacet
  facet normal 0.19513 0 -0.980777
    outer loop
      vertex 2.76001 4.1 7.40207
      vertex 2.9781 6.1 7.44546
      vertex 2.9781 4.1 7.44546
    endloop
  endfacet
  facet normal 0.19513 0 -0.980777
    outer loop
      vertex 2.9781 6.1 7.44546
      vertex 2.76001 4.1 7.40207
      vertex 2.76001 6.1 7.40207
    endloop
  endfacet
  facet normal -0.980779 0 -0.195122
    outer loop
      vertex 4.88546 4.1 5.98189
      vertex 4.84207 6.1 6.19999
      vertex 4.88546 6.1 5.98189
    endloop
  endfacet
  facet normal -0.980779 -0 -0.195122
    outer loop
      vertex 4.84207 6.1 6.19999
      vertex 4.88546 4.1 5.98189
      vertex 4.84207 4.1 6.19999
    endloop
  endfacet
  facet normal -0.99786 0 -0.0653877
    outer loop
      vertex 4.9 4.1 5.76
      vertex 4.88546 6.1 5.98189
      vertex 4.9 6.1 5.76
    endloop
  endfacet
  facet normal -0.99786 -0 -0.0653877
    outer loop
      vertex 4.88546 6.1 5.98189
      vertex 4.9 4.1 5.76
      vertex 4.88546 4.1 5.98189
    endloop
  endfacet
  facet normal 0.0653848 0 0.99786
    outer loop
      vertex 2.9781 6.1 4.07454
      vertex 3.2 4.1 4.06
      vertex 3.2 6.1 4.06
    endloop
  endfacet
  facet normal 0.0653848 0 0.99786
    outer loop
      vertex 3.2 4.1 4.06
      vertex 2.9781 6.1 4.07454
      vertex 2.9781 4.1 4.07454
    endloop
  endfacet
  facet normal -0.831469 0 0.555572
    outer loop
      vertex 4.5487 4.1 4.72511
      vertex 4.67224 6.1 4.91
      vertex 4.5487 6.1 4.72511
    endloop
  endfacet
  facet normal -0.831469 0 0.555572
    outer loop
      vertex 4.67224 6.1 4.91
      vertex 4.5487 4.1 4.72511
      vertex 4.67224 4.1 4.91
    endloop
  endfacet
  facet normal -0.659342 0 -0.751844
    outer loop
      vertex 4.23489 4.1 7.1087
      vertex 4.40208 6.1 6.96208
      vertex 4.40208 4.1 6.96208
    endloop
  endfacet
  facet normal -0.659342 0 -0.751844
    outer loop
      vertex 4.40208 6.1 6.96208
      vertex 4.23489 4.1 7.1087
      vertex 4.23489 6.1 7.1087
    endloop
  endfacet
  facet normal -0.555572 0 -0.831469
    outer loop
      vertex 4.05 4.1 7.23224
      vertex 4.23489 6.1 7.1087
      vertex 4.23489 4.1 7.1087
    endloop
  endfacet
  facet normal -0.555572 0 -0.831469
    outer loop
      vertex 4.23489 6.1 7.1087
      vertex 4.05 4.1 7.23224
      vertex 4.05 6.1 7.23224
    endloop
  endfacet
  facet normal -0.980779 0 0.195122
    outer loop
      vertex 4.84207 4.1 5.32001
      vertex 4.88546 6.1 5.53811
      vertex 4.84207 6.1 5.32001
    endloop
  endfacet
  facet normal -0.980779 0 0.195122
    outer loop
      vertex 4.88546 6.1 5.53811
      vertex 4.84207 4.1 5.32001
      vertex 4.88546 4.1 5.53811
    endloop
  endfacet
  facet normal 0.659364 0 -0.751824
    outer loop
      vertex 1.99792 4.1 6.96208
      vertex 2.1651 6.1 7.1087
      vertex 2.1651 4.1 7.1087
    endloop
  endfacet
  facet normal 0.659364 0 -0.751824
    outer loop
      vertex 2.1651 6.1 7.1087
      vertex 1.99792 4.1 6.96208
      vertex 1.99792 6.1 6.96208
    endloop
  endfacet
  facet normal -0.946929 0 -0.321444
    outer loop
      vertex 4.84207 4.1 6.19999
      vertex 4.77059 6.1 6.41056
      vertex 4.84207 6.1 6.19999
    endloop
  endfacet
  facet normal -0.946929 -0 -0.321444
    outer loop
      vertex 4.77059 6.1 6.41056
      vertex 4.84207 4.1 6.19999
      vertex 4.77059 4.1 6.41056
    endloop
  endfacet
  facet normal 0.980779 0 -0.195122
    outer loop
      vertex 1.55793 4.1 6.19999
      vertex 1.51454 6.1 5.98189
      vertex 1.55793 6.1 6.19999
    endloop
  endfacet
  facet normal 0.980779 0 -0.195122
    outer loop
      vertex 1.51454 6.1 5.98189
      vertex 1.55793 4.1 6.19999
      vertex 1.51454 4.1 5.98189
    endloop
  endfacet
  facet normal 0.555551 0 0.831483
    outer loop
      vertex 2.1651 6.1 4.4113
      vertex 2.35 4.1 4.28776
      vertex 2.35 6.1 4.28776
    endloop
  endfacet
  facet normal 0.555551 0 0.831483
    outer loop
      vertex 2.35 4.1 4.28776
      vertex 2.1651 6.1 4.4113
      vertex 2.1651 4.1 4.4113
    endloop
  endfacet
  facet normal 0.659364 0 0.751824
    outer loop
      vertex 1.99792 6.1 4.55792
      vertex 2.1651 4.1 4.4113
      vertex 2.1651 6.1 4.4113
    endloop
  endfacet
  facet normal 0.659364 0 0.751824
    outer loop
      vertex 2.1651 4.1 4.4113
      vertex 1.99792 6.1 4.55792
      vertex 1.99792 4.1 4.55792
    endloop
  endfacet
  facet normal -0.321404 0 -0.946942
    outer loop
      vertex 3.63999 4.1 7.40207
      vertex 3.85056 6.1 7.3306
      vertex 3.85056 4.1 7.3306
    endloop
  endfacet
  facet normal -0.321404 0 -0.946942
    outer loop
      vertex 3.85056 6.1 7.3306
      vertex 3.63999 4.1 7.40207
      vertex 3.63999 6.1 7.40207
    endloop
  endfacet
  facet normal -0.751844 0 0.659342
    outer loop
      vertex 4.40208 4.1 4.55792
      vertex 4.5487 6.1 4.72511
      vertex 4.40208 6.1 4.55792
    endloop
  endfacet
  facet normal -0.751844 0 0.659342
    outer loop
      vertex 4.5487 6.1 4.72511
      vertex 4.40208 4.1 4.55792
      vertex 4.5487 4.1 4.72511
    endloop
  endfacet
  facet normal 0.555551 0 -0.831483
    outer loop
      vertex 2.1651 4.1 7.1087
      vertex 2.35 6.1 7.23224
      vertex 2.35 4.1 7.23224
    endloop
  endfacet
  facet normal 0.555551 0 -0.831483
    outer loop
      vertex 2.35 6.1 7.23224
      vertex 2.1651 4.1 7.1087
      vertex 2.1651 6.1 7.1087
    endloop
  endfacet
  facet normal -0.442314 0 0.89686
    outer loop
      vertex 3.85056 6.1 4.1894
      vertex 4.05 4.1 4.28776
      vertex 4.05 6.1 4.28776
    endloop
  endfacet
  facet normal -0.442314 0 0.89686
    outer loop
      vertex 4.05 4.1 4.28776
      vertex 3.85056 6.1 4.1894
      vertex 3.85056 4.1 4.1894
    endloop
  endfacet
  facet normal -0.195122 0 0.980779
    outer loop
      vertex 3.42189 6.1 4.07454
      vertex 3.63999 4.1 4.11793
      vertex 3.63999 6.1 4.11793
    endloop
  endfacet
  facet normal -0.195122 0 0.980779
    outer loop
      vertex 3.63999 4.1 4.11793
      vertex 3.42189 6.1 4.07454
      vertex 3.42189 4.1 4.07454
    endloop
  endfacet
  facet normal 0.442314 0 0.89686
    outer loop
      vertex 2.35 6.1 4.28776
      vertex 2.54944 4.1 4.1894
      vertex 2.54944 6.1 4.1894
    endloop
  endfacet
  facet normal 0.442314 0 0.89686
    outer loop
      vertex 2.54944 4.1 4.1894
      vertex 2.35 6.1 4.28776
      vertex 2.35 4.1 4.28776
    endloop
  endfacet
  facet normal 0.751844 0 -0.659342
    outer loop
      vertex 1.99792 4.1 6.96208
      vertex 1.8513 6.1 6.79489
      vertex 1.99792 6.1 6.96208
    endloop
  endfacet
  facet normal 0.751844 0 -0.659342
    outer loop
      vertex 1.8513 6.1 6.79489
      vertex 1.99792 4.1 6.96208
      vertex 1.8513 4.1 6.79489
    endloop
  endfacet
  facet normal -0.831469 0 -0.555572
    outer loop
      vertex 4.67224 4.1 6.61
      vertex 4.5487 6.1 6.79489
      vertex 4.67224 6.1 6.61
    endloop
  endfacet
  facet normal -0.831469 -0 -0.555572
    outer loop
      vertex 4.5487 6.1 6.79489
      vertex 4.67224 4.1 6.61
      vertex 4.5487 4.1 6.79489
    endloop
  endfacet
  facet normal 0.980779 -0 0.195122
    outer loop
      vertex 1.51454 4.1 5.53811
      vertex 1.55793 6.1 5.32001
      vertex 1.51454 6.1 5.53811
    endloop
  endfacet
  facet normal 0.980779 0 0.195122
    outer loop
      vertex 1.55793 6.1 5.32001
      vertex 1.51454 4.1 5.53811
      vertex 1.55793 4.1 5.32001
    endloop
  endfacet
  facet normal -0.99786 0 0.0653877
    outer loop
      vertex 4.88546 4.1 5.53811
      vertex 4.9 6.1 5.76
      vertex 4.88546 6.1 5.53811
    endloop
  endfacet
  facet normal -0.99786 0 0.0653877
    outer loop
      vertex 4.9 6.1 5.76
      vertex 4.88546 4.1 5.53811
      vertex 4.9 4.1 5.76
    endloop
  endfacet
  facet normal -0.896878 0 0.442278
    outer loop
      vertex 4.67224 4.1 4.91
      vertex 4.77059 6.1 5.10944
      vertex 4.67224 6.1 4.91
    endloop
  endfacet
  facet normal -0.896878 0 0.442278
    outer loop
      vertex 4.77059 6.1 5.10944
      vertex 4.67224 4.1 4.91
      vertex 4.77059 4.1 5.10944
    endloop
  endfacet
  facet normal -0.321404 0 0.946942
    outer loop
      vertex 3.63999 6.1 4.11793
      vertex 3.85056 4.1 4.1894
      vertex 3.85056 6.1 4.1894
    endloop
  endfacet
  facet normal -0.321404 0 0.946942
    outer loop
      vertex 3.85056 4.1 4.1894
      vertex 3.63999 6.1 4.11793
      vertex 3.63999 4.1 4.11793
    endloop
  endfacet
  facet normal -0.896878 0 -0.442278
    outer loop
      vertex 4.77059 4.1 6.41056
      vertex 4.67224 6.1 6.61
      vertex 4.77059 6.1 6.41056
    endloop
  endfacet
  facet normal -0.896878 -0 -0.442278
    outer loop
      vertex 4.67224 6.1 6.61
      vertex 4.77059 4.1 6.41056
      vertex 4.67224 4.1 6.61
    endloop
  endfacet
  facet normal -0.442314 0 -0.89686
    outer loop
      vertex 3.85056 4.1 7.3306
      vertex 4.05 6.1 7.23224
      vertex 4.05 4.1 7.23224
    endloop
  endfacet
  facet normal -0.442314 0 -0.89686
    outer loop
      vertex 4.05 6.1 7.23224
      vertex 3.85056 4.1 7.3306
      vertex 3.85056 6.1 7.3306
    endloop
  endfacet
  facet normal -0.659342 0 0.751844
    outer loop
      vertex 4.23489 6.1 4.4113
      vertex 4.40208 4.1 4.55792
      vertex 4.40208 6.1 4.55792
    endloop
  endfacet
  facet normal -0.659342 0 0.751844
    outer loop
      vertex 4.40208 4.1 4.55792
      vertex 4.23489 6.1 4.4113
      vertex 4.23489 4.1 4.4113
    endloop
  endfacet
  facet normal 0.99786 -0 0.0653877
    outer loop
      vertex 1.5 4.1 5.76
      vertex 1.51454 6.1 5.53811
      vertex 1.5 6.1 5.76
    endloop
  endfacet
  facet normal 0.99786 0 0.0653877
    outer loop
      vertex 1.51454 6.1 5.53811
      vertex 1.5 4.1 5.76
      vertex 1.51454 4.1 5.53811
    endloop
  endfacet
  facet normal -0.195122 0 -0.980779
    outer loop
      vertex 3.42189 4.1 7.44546
      vertex 3.63999 6.1 7.40207
      vertex 3.63999 4.1 7.40207
    endloop
  endfacet
  facet normal -0.195122 0 -0.980779
    outer loop
      vertex 3.63999 6.1 7.40207
      vertex 3.42189 4.1 7.44546
      vertex 3.42189 6.1 7.44546
    endloop
  endfacet
  facet normal 0.99786 0 -0.0653877
    outer loop
      vertex 1.51454 4.1 5.98189
      vertex 1.5 6.1 5.76
      vertex 1.51454 6.1 5.98189
    endloop
  endfacet
  facet normal 0.99786 0 -0.0653877
    outer loop
      vertex 1.5 6.1 5.76
      vertex 1.51454 4.1 5.98189
      vertex 1.5 4.1 5.76
    endloop
  endfacet
  facet normal 0.442314 0 -0.89686
    outer loop
      vertex 2.35 4.1 7.23224
      vertex 2.54944 6.1 7.3306
      vertex 2.54944 4.1 7.3306
    endloop
  endfacet
  facet normal 0.442314 0 -0.89686
    outer loop
      vertex 2.54944 6.1 7.3306
      vertex 2.35 4.1 7.23224
      vertex 2.35 6.1 7.23224
    endloop
  endfacet
  facet normal 0.946942 -0 0.321404
    outer loop
      vertex 1.55793 4.1 5.32001
      vertex 1.6294 6.1 5.10944
      vertex 1.55793 6.1 5.32001
    endloop
  endfacet
  facet normal 0.946942 0 0.321404
    outer loop
      vertex 1.6294 6.1 5.10944
      vertex 1.55793 4.1 5.32001
      vertex 1.6294 4.1 5.10944
    endloop
  endfacet
  facet normal -0.946929 0 0.321444
    outer loop
      vertex 4.77059 4.1 5.10944
      vertex 4.84207 6.1 5.32001
      vertex 4.77059 6.1 5.10944
    endloop
  endfacet
  facet normal -0.946929 0 0.321444
    outer loop
      vertex 4.84207 6.1 5.32001
      vertex 4.77059 4.1 5.10944
      vertex 4.84207 4.1 5.32001
    endloop
  endfacet
  facet normal 0.19513 0 0.980777
    outer loop
      vertex 2.76001 6.1 4.11793
      vertex 2.9781 4.1 4.07454
      vertex 2.9781 6.1 4.07454
    endloop
  endfacet
  facet normal 0.19513 0 0.980777
    outer loop
      vertex 2.9781 4.1 4.07454
      vertex 2.76001 6.1 4.11793
      vertex 2.76001 4.1 4.11793
    endloop
  endfacet
  facet normal 0.0653848 0 -0.99786
    outer loop
      vertex 2.9781 4.1 7.44546
      vertex 3.2 6.1 7.46
      vertex 3.2 4.1 7.46
    endloop
  endfacet
  facet normal 0.0653848 0 -0.99786
    outer loop
      vertex 3.2 6.1 7.46
      vertex 2.9781 4.1 7.44546
      vertex 2.9781 6.1 7.44546
    endloop
  endfacet
  facet normal 0.321404 0 -0.946942
    outer loop
      vertex 2.54944 4.1 7.3306
      vertex 2.76001 6.1 7.40207
      vertex 2.76001 4.1 7.40207
    endloop
  endfacet
  facet normal 0.321404 0 -0.946942
    outer loop
      vertex 2.76001 6.1 7.40207
      vertex 2.54944 4.1 7.3306
      vertex 2.54944 6.1 7.3306
    endloop
  endfacet
  facet normal -0.0653877 0 -0.99786
    outer loop
      vertex 3.2 4.1 7.46
      vertex 3.42189 6.1 7.44546
      vertex 3.42189 4.1 7.44546
    endloop
  endfacet
  facet normal -0.0653877 0 -0.99786
    outer loop
      vertex 3.42189 6.1 7.44546
      vertex 3.2 4.1 7.46
      vertex 3.2 6.1 7.46
    endloop
  endfacet
  facet normal -0.751844 0 -0.659342
    outer loop
      vertex 4.5487 4.1 6.79489
      vertex 4.40208 6.1 6.96208
      vertex 4.5487 6.1 6.79489
    endloop
  endfacet
  facet normal -0.751844 -0 -0.659342
    outer loop
      vertex 4.40208 6.1 6.96208
      vertex 4.5487 4.1 6.79489
      vertex 4.40208 4.1 6.96208
    endloop
  endfacet
  facet normal 0.946942 0 -0.321404
    outer loop
      vertex 1.6294 4.1 6.41056
      vertex 1.55793 6.1 6.19999
      vertex 1.6294 6.1 6.41056
    endloop
  endfacet
  facet normal 0.946942 0 -0.321404
    outer loop
      vertex 1.55793 6.1 6.19999
      vertex 1.6294 4.1 6.41056
      vertex 1.55793 4.1 6.19999
    endloop
  endfacet
  facet normal 0.831469 -0 0.555572
    outer loop
      vertex 1.72776 4.1 4.91
      vertex 1.8513 6.1 4.72511
      vertex 1.72776 6.1 4.91
    endloop
  endfacet
  facet normal 0.831469 0 0.555572
    outer loop
      vertex 1.8513 6.1 4.72511
      vertex 1.72776 4.1 4.91
      vertex 1.8513 4.1 4.72511
    endloop
  endfacet
  facet normal 0.751844 -0 0.659342
    outer loop
      vertex 1.8513 4.1 4.72511
      vertex 1.99792 6.1 4.55792
      vertex 1.8513 6.1 4.72511
    endloop
  endfacet
  facet normal 0.751844 0 0.659342
    outer loop
      vertex 1.99792 6.1 4.55792
      vertex 1.8513 4.1 4.72511
      vertex 1.99792 4.1 4.55792
    endloop
  endfacet
  facet normal -0.555572 0 0.831469
    outer loop
      vertex 4.05 6.1 4.28776
      vertex 4.23489 4.1 4.4113
      vertex 4.23489 6.1 4.4113
    endloop
  endfacet
  facet normal -0.555572 0 0.831469
    outer loop
      vertex 4.23489 4.1 4.4113
      vertex 4.05 6.1 4.28776
      vertex 4.05 4.1 4.28776
    endloop
  endfacet
  facet normal -0.0653877 0 0.99786
    outer loop
      vertex 3.2 6.1 4.06
      vertex 3.42189 4.1 4.07454
      vertex 3.42189 6.1 4.07454
    endloop
  endfacet
  facet normal -0.0653877 0 0.99786
    outer loop
      vertex 3.42189 4.1 4.07454
      vertex 3.2 6.1 4.06
      vertex 3.2 4.1 4.06
    endloop
  endfacet
  facet normal 0.321404 0 0.946942
    outer loop
      vertex 2.54944 6.1 4.1894
      vertex 2.76001 4.1 4.11793
      vertex 2.76001 6.1 4.11793
    endloop
  endfacet
  facet normal 0.321404 0 0.946942
    outer loop
      vertex 2.76001 4.1 4.11793
      vertex 2.54944 6.1 4.1894
      vertex 2.54944 4.1 4.1894
    endloop
  endfacet
  facet normal 0.831469 0 -0.555572
    outer loop
      vertex 1.8513 4.1 6.79489
      vertex 1.72776 6.1 6.61
      vertex 1.8513 6.1 6.79489
    endloop
  endfacet
  facet normal 0.831469 0 -0.555572
    outer loop
      vertex 1.72776 6.1 6.61
      vertex 1.8513 4.1 6.79489
      vertex 1.72776 4.1 6.61
    endloop
  endfacet
  facet normal 0.89686 0 -0.442314
    outer loop
      vertex 1.72776 4.1 6.61
      vertex 1.6294 6.1 6.41056
      vertex 1.72776 6.1 6.61
    endloop
  endfacet
  facet normal 0.89686 0 -0.442314
    outer loop
      vertex 1.6294 6.1 6.41056
      vertex 1.72776 4.1 6.61
      vertex 1.6294 4.1 6.41056
    endloop
  endfacet
  facet normal -0.195165 0 0.98077
    outer loop
      vertex 3.42189 6.1 24.5545
      vertex 3.63999 4.1 24.5979
      vertex 3.63999 6.1 24.5979
    endloop
  endfacet
  facet normal -0.195165 0 0.98077
    outer loop
      vertex 3.63999 4.1 24.5979
      vertex 3.42189 6.1 24.5545
      vertex 3.42189 4.1 24.5545
    endloop
  endfacet
  facet normal -0.980779 0 -0.195122
    outer loop
      vertex 4.88546 4.1 26.4619
      vertex 4.84207 6.1 26.68
      vertex 4.88546 6.1 26.4619
    endloop
  endfacet
  facet normal -0.980779 -0 -0.195122
    outer loop
      vertex 4.84207 6.1 26.68
      vertex 4.88546 4.1 26.4619
      vertex 4.84207 4.1 26.68
    endloop
  endfacet
  facet normal -0.99786 0 -0.0653848
    outer loop
      vertex 4.9 4.1 26.24
      vertex 4.88546 6.1 26.4619
      vertex 4.9 6.1 26.24
    endloop
  endfacet
  facet normal -0.99786 -0 -0.0653848
    outer loop
      vertex 4.88546 6.1 26.4619
      vertex 4.9 4.1 26.24
      vertex 4.88546 4.1 26.4619
    endloop
  endfacet
  facet normal -0.831483 0 -0.555551
    outer loop
      vertex 4.67224 4.1 27.09
      vertex 4.5487 6.1 27.2749
      vertex 4.67224 6.1 27.09
    endloop
  endfacet
  facet normal -0.831483 -0 -0.555551
    outer loop
      vertex 4.5487 6.1 27.2749
      vertex 4.67224 4.1 27.09
      vertex 4.5487 4.1 27.2749
    endloop
  endfacet
  facet normal 0.195173 0 0.980769
    outer loop
      vertex 2.76001 6.1 24.5979
      vertex 2.9781 4.1 24.5545
      vertex 2.9781 6.1 24.5545
    endloop
  endfacet
  facet normal 0.195173 0 0.980769
    outer loop
      vertex 2.9781 4.1 24.5545
      vertex 2.76001 6.1 24.5979
      vertex 2.76001 4.1 24.5979
    endloop
  endfacet
  facet normal -0.980779 0 0.195122
    outer loop
      vertex 4.84207 4.1 25.8
      vertex 4.88546 6.1 26.0181
      vertex 4.84207 6.1 25.8
    endloop
  endfacet
  facet normal -0.980779 0 0.195122
    outer loop
      vertex 4.88546 6.1 26.0181
      vertex 4.84207 4.1 25.8
      vertex 4.88546 4.1 26.0181
    endloop
  endfacet
  facet normal 0.99786 0 -0.0653848
    outer loop
      vertex 1.51454 4.1 26.4619
      vertex 1.5 6.1 26.24
      vertex 1.51454 6.1 26.4619
    endloop
  endfacet
  facet normal 0.99786 0 -0.0653848
    outer loop
      vertex 1.5 6.1 26.24
      vertex 1.51454 4.1 26.4619
      vertex 1.5 4.1 26.24
    endloop
  endfacet
  facet normal 0.751863 0 -0.659319
    outer loop
      vertex 1.99792 4.1 27.4421
      vertex 1.8513 6.1 27.2749
      vertex 1.99792 6.1 27.4421
    endloop
  endfacet
  facet normal 0.751863 0 -0.659319
    outer loop
      vertex 1.8513 6.1 27.2749
      vertex 1.99792 4.1 27.4421
      vertex 1.8513 4.1 27.2749
    endloop
  endfacet
  facet normal -0.442459 0 0.896789
    outer loop
      vertex 3.85056 6.1 24.6694
      vertex 4.05 4.1 24.7678
      vertex 4.05 6.1 24.7678
    endloop
  endfacet
  facet normal -0.442459 0 0.896789
    outer loop
      vertex 4.05 4.1 24.7678
      vertex 3.85056 6.1 24.6694
      vertex 3.85056 4.1 24.6694
    endloop
  endfacet
  facet normal -0.321525 0 -0.946901
    outer loop
      vertex 3.63999 4.1 27.8821
      vertex 3.85056 6.1 27.8106
      vertex 3.85056 4.1 27.8106
    endloop
  endfacet
  facet normal -0.321525 0 -0.946901
    outer loop
      vertex 3.85056 6.1 27.8106
      vertex 3.63999 4.1 27.8821
      vertex 3.63999 6.1 27.8821
    endloop
  endfacet
  facet normal -0.555447 0 0.831552
    outer loop
      vertex 4.05 6.1 24.7678
      vertex 4.23489 4.1 24.8913
      vertex 4.23489 6.1 24.8913
    endloop
  endfacet
  facet normal -0.555447 0 0.831552
    outer loop
      vertex 4.23489 4.1 24.8913
      vertex 4.05 6.1 24.7678
      vertex 4.05 4.1 24.7678
    endloop
  endfacet
  facet normal 0.321525 0 -0.946901
    outer loop
      vertex 2.54944 4.1 27.8106
      vertex 2.76001 6.1 27.8821
      vertex 2.76001 4.1 27.8821
    endloop
  endfacet
  facet normal 0.321525 0 -0.946901
    outer loop
      vertex 2.76001 6.1 27.8821
      vertex 2.54944 4.1 27.8106
      vertex 2.54944 6.1 27.8106
    endloop
  endfacet
  facet normal -0.946943 0 -0.321403
    outer loop
      vertex 4.84207 4.1 26.68
      vertex 4.77059 6.1 26.8906
      vertex 4.84207 6.1 26.68
    endloop
  endfacet
  facet normal -0.946943 -0 -0.321403
    outer loop
      vertex 4.77059 6.1 26.8906
      vertex 4.84207 4.1 26.68
      vertex 4.77059 4.1 26.8906
    endloop
  endfacet
  facet normal 0.442459 0 0.896789
    outer loop
      vertex 2.35 6.1 24.7678
      vertex 2.54944 4.1 24.6694
      vertex 2.54944 6.1 24.6694
    endloop
  endfacet
  facet normal 0.442459 0 0.896789
    outer loop
      vertex 2.54944 4.1 24.6694
      vertex 2.35 6.1 24.7678
      vertex 2.35 4.1 24.7678
    endloop
  endfacet
  facet normal -0.751863 0 -0.659319
    outer loop
      vertex 4.5487 4.1 27.2749
      vertex 4.40208 6.1 27.4421
      vertex 4.5487 6.1 27.2749
    endloop
  endfacet
  facet normal -0.751863 -0 -0.659319
    outer loop
      vertex 4.40208 6.1 27.4421
      vertex 4.5487 4.1 27.2749
      vertex 4.40208 4.1 27.4421
    endloop
  endfacet
  facet normal -0.659291 0 -0.751888
    outer loop
      vertex 4.23489 4.1 27.5887
      vertex 4.40208 6.1 27.4421
      vertex 4.40208 4.1 27.4421
    endloop
  endfacet
  facet normal -0.659291 0 -0.751888
    outer loop
      vertex 4.40208 6.1 27.4421
      vertex 4.23489 4.1 27.5887
      vertex 4.23489 6.1 27.5887
    endloop
  endfacet
  facet normal -0.896843 0 0.442349
    outer loop
      vertex 4.67224 4.1 25.39
      vertex 4.77059 6.1 25.5894
      vertex 4.67224 6.1 25.39
    endloop
  endfacet
  facet normal -0.896843 0 0.442349
    outer loop
      vertex 4.77059 6.1 25.5894
      vertex 4.67224 4.1 25.39
      vertex 4.77059 4.1 25.5894
    endloop
  endfacet
  facet normal 0.896825 0 -0.442386
    outer loop
      vertex 1.72776 4.1 27.09
      vertex 1.6294 6.1 26.8906
      vertex 1.72776 6.1 27.09
    endloop
  endfacet
  facet normal 0.896825 0 -0.442386
    outer loop
      vertex 1.6294 6.1 26.8906
      vertex 1.72776 4.1 27.09
      vertex 1.6294 4.1 26.8906
    endloop
  endfacet
  facet normal -0.831483 0 0.555551
    outer loop
      vertex 4.5487 4.1 25.2051
      vertex 4.67224 6.1 25.39
      vertex 4.5487 6.1 25.2051
    endloop
  endfacet
  facet normal -0.831483 0 0.555551
    outer loop
      vertex 4.67224 6.1 25.39
      vertex 4.5487 4.1 25.2051
      vertex 4.67224 4.1 25.39
    endloop
  endfacet
  facet normal 0.195173 0 -0.980769
    outer loop
      vertex 2.76001 4.1 27.8821
      vertex 2.9781 6.1 27.9255
      vertex 2.9781 4.1 27.9255
    endloop
  endfacet
  facet normal 0.195173 0 -0.980769
    outer loop
      vertex 2.9781 6.1 27.9255
      vertex 2.76001 4.1 27.8821
      vertex 2.76001 6.1 27.8821
    endloop
  endfacet
  facet normal 0.896825 -0 0.442386
    outer loop
      vertex 1.6294 4.1 25.5894
      vertex 1.72776 6.1 25.39
      vertex 1.6294 6.1 25.5894
    endloop
  endfacet
  facet normal 0.896825 0 0.442386
    outer loop
      vertex 1.72776 6.1 25.39
      vertex 1.6294 4.1 25.5894
      vertex 1.72776 4.1 25.39
    endloop
  endfacet
  facet normal -0.555447 0 -0.831552
    outer loop
      vertex 4.05 4.1 27.7122
      vertex 4.23489 6.1 27.5887
      vertex 4.23489 4.1 27.5887
    endloop
  endfacet
  facet normal -0.555447 0 -0.831552
    outer loop
      vertex 4.23489 6.1 27.5887
      vertex 4.05 4.1 27.7122
      vertex 4.05 6.1 27.7122
    endloop
  endfacet
  facet normal -0.442459 0 -0.896789
    outer loop
      vertex 3.85056 4.1 27.8106
      vertex 4.05 6.1 27.7122
      vertex 4.05 4.1 27.7122
    endloop
  endfacet
  facet normal -0.442459 0 -0.896789
    outer loop
      vertex 4.05 6.1 27.7122
      vertex 3.85056 4.1 27.8106
      vertex 3.85056 6.1 27.8106
    endloop
  endfacet
  facet normal -0.195165 0 -0.98077
    outer loop
      vertex 3.42189 4.1 27.9255
      vertex 3.63999 6.1 27.8821
      vertex 3.63999 4.1 27.8821
    endloop
  endfacet
  facet normal -0.195165 0 -0.98077
    outer loop
      vertex 3.63999 6.1 27.8821
      vertex 3.42189 4.1 27.9255
      vertex 3.42189 6.1 27.9255
    endloop
  endfacet
  facet normal 0.980779 0 -0.195122
    outer loop
      vertex 1.55793 4.1 26.68
      vertex 1.51454 6.1 26.4619
      vertex 1.55793 6.1 26.68
    endloop
  endfacet
  facet normal 0.980779 0 -0.195122
    outer loop
      vertex 1.51454 6.1 26.4619
      vertex 1.55793 4.1 26.68
      vertex 1.51454 4.1 26.4619
    endloop
  endfacet
  facet normal -0.659291 0 0.751888
    outer loop
      vertex 4.23489 6.1 24.8913
      vertex 4.40208 4.1 25.0379
      vertex 4.40208 6.1 25.0379
    endloop
  endfacet
  facet normal -0.659291 0 0.751888
    outer loop
      vertex 4.40208 4.1 25.0379
      vertex 4.23489 6.1 24.8913
      vertex 4.23489 4.1 24.8913
    endloop
  endfacet
  facet normal -0.99786 0 0.0653848
    outer loop
      vertex 4.88546 4.1 26.0181
      vertex 4.9 6.1 26.24
      vertex 4.88546 6.1 26.0181
    endloop
  endfacet
  facet normal -0.99786 0 0.0653848
    outer loop
      vertex 4.9 6.1 26.24
      vertex 4.88546 4.1 26.0181
      vertex 4.9 4.1 26.24
    endloop
  endfacet
  facet normal -0.0652086 0 0.997872
    outer loop
      vertex 3.2 6.1 24.54
      vertex 3.42189 4.1 24.5545
      vertex 3.42189 6.1 24.5545
    endloop
  endfacet
  facet normal -0.0652086 0 0.997872
    outer loop
      vertex 3.42189 4.1 24.5545
      vertex 3.2 6.1 24.54
      vertex 3.2 4.1 24.54
    endloop
  endfacet
  facet normal 0.659313 0 -0.751869
    outer loop
      vertex 1.99792 4.1 27.4421
      vertex 2.1651 6.1 27.5887
      vertex 2.1651 4.1 27.5887
    endloop
  endfacet
  facet normal 0.659313 0 -0.751869
    outer loop
      vertex 2.1651 6.1 27.5887
      vertex 1.99792 4.1 27.4421
      vertex 1.99792 6.1 27.4421
    endloop
  endfacet
  facet normal -0.321525 0 0.946901
    outer loop
      vertex 3.63999 6.1 24.5979
      vertex 3.85056 4.1 24.6694
      vertex 3.85056 6.1 24.6694
    endloop
  endfacet
  facet normal -0.321525 0 0.946901
    outer loop
      vertex 3.85056 4.1 24.6694
      vertex 3.63999 6.1 24.5979
      vertex 3.63999 4.1 24.5979
    endloop
  endfacet
  facet normal 0.555426 0 -0.831566
    outer loop
      vertex 2.1651 4.1 27.5887
      vertex 2.35 6.1 27.7122
      vertex 2.35 4.1 27.7122
    endloop
  endfacet
  facet normal 0.555426 0 -0.831566
    outer loop
      vertex 2.35 6.1 27.7122
      vertex 2.1651 4.1 27.5887
      vertex 2.1651 6.1 27.5887
    endloop
  endfacet
  facet normal 0.946956 -0 0.321363
    outer loop
      vertex 1.55793 4.1 25.8
      vertex 1.6294 6.1 25.5894
      vertex 1.55793 6.1 25.8
    endloop
  endfacet
  facet normal 0.946956 0 0.321363
    outer loop
      vertex 1.6294 6.1 25.5894
      vertex 1.55793 4.1 25.8
      vertex 1.6294 4.1 25.5894
    endloop
  endfacet
  facet normal -0.896843 0 -0.442349
    outer loop
      vertex 4.77059 4.1 26.8906
      vertex 4.67224 6.1 27.09
      vertex 4.77059 6.1 26.8906
    endloop
  endfacet
  facet normal -0.896843 -0 -0.442349
    outer loop
      vertex 4.67224 6.1 27.09
      vertex 4.77059 4.1 26.8906
      vertex 4.67224 4.1 27.09
    endloop
  endfacet
  facet normal 0.980779 -0 0.195122
    outer loop
      vertex 1.51454 4.1 26.0181
      vertex 1.55793 6.1 25.8
      vertex 1.51454 6.1 26.0181
    endloop
  endfacet
  facet normal 0.980779 0 0.195122
    outer loop
      vertex 1.55793 6.1 25.8
      vertex 1.51454 4.1 26.0181
      vertex 1.55793 4.1 25.8
    endloop
  endfacet
  facet normal 0.659313 0 0.751869
    outer loop
      vertex 1.99792 6.1 25.0379
      vertex 2.1651 4.1 24.8913
      vertex 2.1651 6.1 24.8913
    endloop
  endfacet
  facet normal 0.659313 0 0.751869
    outer loop
      vertex 2.1651 4.1 24.8913
      vertex 1.99792 6.1 25.0379
      vertex 1.99792 4.1 25.0379
    endloop
  endfacet
  facet normal -0.751863 0 0.659319
    outer loop
      vertex 4.40208 4.1 25.0379
      vertex 4.5487 6.1 25.2051
      vertex 4.40208 6.1 25.0379
    endloop
  endfacet
  facet normal -0.751863 0 0.659319
    outer loop
      vertex 4.5487 6.1 25.2051
      vertex 4.40208 4.1 25.0379
      vertex 4.5487 4.1 25.2051
    endloop
  endfacet
  facet normal 0.0652057 0 -0.997872
    outer loop
      vertex 2.9781 4.1 27.9255
      vertex 3.2 6.1 27.94
      vertex 3.2 4.1 27.94
    endloop
  endfacet
  facet normal 0.0652057 0 -0.997872
    outer loop
      vertex 3.2 6.1 27.94
      vertex 2.9781 4.1 27.9255
      vertex 2.9781 6.1 27.9255
    endloop
  endfacet
  facet normal 0.751863 -0 0.659319
    outer loop
      vertex 1.8513 4.1 25.2051
      vertex 1.99792 6.1 25.0379
      vertex 1.8513 6.1 25.2051
    endloop
  endfacet
  facet normal 0.751863 0 0.659319
    outer loop
      vertex 1.99792 6.1 25.0379
      vertex 1.8513 4.1 25.2051
      vertex 1.99792 4.1 25.0379
    endloop
  endfacet
  facet normal 0.442459 0 -0.896789
    outer loop
      vertex 2.35 4.1 27.7122
      vertex 2.54944 6.1 27.8106
      vertex 2.54944 4.1 27.8106
    endloop
  endfacet
  facet normal 0.442459 0 -0.896789
    outer loop
      vertex 2.54944 6.1 27.8106
      vertex 2.35 4.1 27.7122
      vertex 2.35 6.1 27.7122
    endloop
  endfacet
  facet normal 0.321525 0 0.946901
    outer loop
      vertex 2.54944 6.1 24.6694
      vertex 2.76001 4.1 24.5979
      vertex 2.76001 6.1 24.5979
    endloop
  endfacet
  facet normal 0.321525 0 0.946901
    outer loop
      vertex 2.76001 4.1 24.5979
      vertex 2.54944 6.1 24.6694
      vertex 2.54944 4.1 24.6694
    endloop
  endfacet
  facet normal -0.0652086 0 -0.997872
    outer loop
      vertex 3.2 4.1 27.94
      vertex 3.42189 6.1 27.9255
      vertex 3.42189 4.1 27.9255
    endloop
  endfacet
  facet normal -0.0652086 0 -0.997872
    outer loop
      vertex 3.42189 6.1 27.9255
      vertex 3.2 4.1 27.94
      vertex 3.2 6.1 27.94
    endloop
  endfacet
  facet normal 0.831483 0 -0.555551
    outer loop
      vertex 1.8513 4.1 27.2749
      vertex 1.72776 6.1 27.09
      vertex 1.8513 6.1 27.2749
    endloop
  endfacet
  facet normal 0.831483 0 -0.555551
    outer loop
      vertex 1.72776 6.1 27.09
      vertex 1.8513 4.1 27.2749
      vertex 1.72776 4.1 27.09
    endloop
  endfacet
  facet normal 0.99786 -0 0.0653848
    outer loop
      vertex 1.5 4.1 26.24
      vertex 1.51454 6.1 26.0181
      vertex 1.5 6.1 26.24
    endloop
  endfacet
  facet normal 0.99786 0 0.0653848
    outer loop
      vertex 1.51454 6.1 26.0181
      vertex 1.5 4.1 26.24
      vertex 1.51454 4.1 26.0181
    endloop
  endfacet
  facet normal -0.946943 0 0.321403
    outer loop
      vertex 4.77059 4.1 25.5894
      vertex 4.84207 6.1 25.8
      vertex 4.77059 6.1 25.5894
    endloop
  endfacet
  facet normal -0.946943 0 0.321403
    outer loop
      vertex 4.84207 6.1 25.8
      vertex 4.77059 4.1 25.5894
      vertex 4.84207 4.1 25.8
    endloop
  endfacet
  facet normal 0.946956 0 -0.321363
    outer loop
      vertex 1.6294 4.1 26.8906
      vertex 1.55793 6.1 26.68
      vertex 1.6294 6.1 26.8906
    endloop
  endfacet
  facet normal 0.946956 0 -0.321363
    outer loop
      vertex 1.55793 6.1 26.68
      vertex 1.6294 4.1 26.8906
      vertex 1.55793 4.1 26.68
    endloop
  endfacet
  facet normal 0.555426 0 0.831566
    outer loop
      vertex 2.1651 6.1 24.8913
      vertex 2.35 4.1 24.7678
      vertex 2.35 6.1 24.7678
    endloop
  endfacet
  facet normal 0.555426 0 0.831566
    outer loop
      vertex 2.35 4.1 24.7678
      vertex 2.1651 6.1 24.8913
      vertex 2.1651 4.1 24.8913
    endloop
  endfacet
  facet normal 0.831483 -0 0.555551
    outer loop
      vertex 1.72776 4.1 25.39
      vertex 1.8513 6.1 25.2051
      vertex 1.72776 6.1 25.39
    endloop
  endfacet
  facet normal 0.831483 0 0.555551
    outer loop
      vertex 1.8513 6.1 25.2051
      vertex 1.72776 4.1 25.39
      vertex 1.8513 4.1 25.2051
    endloop
  endfacet
  facet normal 0.0652057 0 0.997872
    outer loop
      vertex 2.9781 6.1 24.5545
      vertex 3.2 4.1 24.54
      vertex 3.2 6.1 24.54
    endloop
  endfacet
  facet normal 0.0652057 0 0.997872
    outer loop
      vertex 3.2 4.1 24.54
      vertex 2.9781 6.1 24.5545
      vertex 2.9781 4.1 24.5545
    endloop
  endfacet
  facet normal 0.896789 -0 0.442459
    outer loop
      vertex 46.8294 4.1 5.10944
      vertex 46.9278 6.1 4.91
      vertex 46.8294 6.1 5.10944
    endloop
  endfacet
  facet normal 0.896789 0 0.442459
    outer loop
      vertex 46.9278 6.1 4.91
      vertex 46.8294 4.1 5.10944
      vertex 46.9278 4.1 4.91
    endloop
  endfacet
  facet normal 0.195122 0 -0.980779
    outer loop
      vertex 47.96 4.1 7.40207
      vertex 48.1781 6.1 7.44546
      vertex 48.1781 4.1 7.44546
    endloop
  endfacet
  facet normal 0.195122 0 -0.980779
    outer loop
      vertex 48.1781 6.1 7.44546
      vertex 47.96 4.1 7.40207
      vertex 47.96 6.1 7.40207
    endloop
  endfacet
  facet normal -0.98077 0 -0.195165
    outer loop
      vertex 50.0855 4.1 5.98189
      vertex 50.0421 6.1 6.19999
      vertex 50.0855 6.1 5.98189
    endloop
  endfacet
  facet normal -0.98077 -0 -0.195165
    outer loop
      vertex 50.0421 6.1 6.19999
      vertex 50.0855 4.1 5.98189
      vertex 50.0421 4.1 6.19999
    endloop
  endfacet
  facet normal -0.997872 0 -0.0652086
    outer loop
      vertex 50.1 4.1 5.76
      vertex 50.0855 6.1 5.98189
      vertex 50.1 6.1 5.76
    endloop
  endfacet
  facet normal -0.997872 -0 -0.0652086
    outer loop
      vertex 50.0855 6.1 5.98189
      vertex 50.1 4.1 5.76
      vertex 50.0855 4.1 5.98189
    endloop
  endfacet
  facet normal 0.442386 0 0.896825
    outer loop
      vertex 47.55 6.1 4.28776
      vertex 47.7494 4.1 4.1894
      vertex 47.7494 6.1 4.1894
    endloop
  endfacet
  facet normal 0.442386 0 0.896825
    outer loop
      vertex 47.7494 4.1 4.1894
      vertex 47.55 6.1 4.28776
      vertex 47.55 4.1 4.28776
    endloop
  endfacet
  facet normal -0.659319 0 -0.751863
    outer loop
      vertex 49.4349 4.1 7.1087
      vertex 49.6021 6.1 6.96208
      vertex 49.6021 4.1 6.96208
    endloop
  endfacet
  facet normal -0.659319 0 -0.751863
    outer loop
      vertex 49.6021 6.1 6.96208
      vertex 49.4349 4.1 7.1087
      vertex 49.4349 6.1 7.1087
    endloop
  endfacet
  facet normal 0.831552 -0 0.555447
    outer loop
      vertex 46.9278 4.1 4.91
      vertex 47.0513 6.1 4.72511
      vertex 46.9278 6.1 4.91
    endloop
  endfacet
  facet normal 0.831552 0 0.555447
    outer loop
      vertex 47.0513 6.1 4.72511
      vertex 46.9278 4.1 4.91
      vertex 47.0513 4.1 4.72511
    endloop
  endfacet
  facet normal -0.195122 0 -0.980779
    outer loop
      vertex 48.6219 4.1 7.44546
      vertex 48.84 6.1 7.40207
      vertex 48.84 4.1 7.40207
    endloop
  endfacet
  facet normal -0.195122 0 -0.980779
    outer loop
      vertex 48.84 6.1 7.40207
      vertex 48.6219 4.1 7.44546
      vertex 48.6219 6.1 7.44546
    endloop
  endfacet
  facet normal -0.98077 0 0.195165
    outer loop
      vertex 50.0421 4.1 5.32001
      vertex 50.0855 6.1 5.53811
      vertex 50.0421 6.1 5.32001
    endloop
  endfacet
  facet normal -0.98077 0 0.195165
    outer loop
      vertex 50.0855 6.1 5.53811
      vertex 50.0421 4.1 5.32001
      vertex 50.0855 4.1 5.53811
    endloop
  endfacet
  facet normal -0.896789 0 -0.442459
    outer loop
      vertex 49.9706 4.1 6.41056
      vertex 49.8722 6.1 6.61
      vertex 49.9706 6.1 6.41056
    endloop
  endfacet
  facet normal -0.896789 -0 -0.442459
    outer loop
      vertex 49.8722 6.1 6.61
      vertex 49.9706 4.1 6.41056
      vertex 49.8722 4.1 6.61
    endloop
  endfacet
  facet normal -0.946901 0 -0.321525
    outer loop
      vertex 50.0421 4.1 6.19999
      vertex 49.9706 6.1 6.41056
      vertex 50.0421 6.1 6.19999
    endloop
  endfacet
  facet normal -0.946901 -0 -0.321525
    outer loop
      vertex 49.9706 6.1 6.41056
      vertex 50.0421 4.1 6.19999
      vertex 49.9706 4.1 6.41056
    endloop
  endfacet
  facet normal 0.555551 0 -0.831483
    outer loop
      vertex 47.3651 4.1 7.1087
      vertex 47.55 6.1 7.23224
      vertex 47.55 4.1 7.23224
    endloop
  endfacet
  facet normal 0.555551 0 -0.831483
    outer loop
      vertex 47.55 6.1 7.23224
      vertex 47.3651 4.1 7.1087
      vertex 47.3651 6.1 7.1087
    endloop
  endfacet
  facet normal -0.659319 0 0.751863
    outer loop
      vertex 49.4349 6.1 4.4113
      vertex 49.6021 4.1 4.55792
      vertex 49.6021 6.1 4.55792
    endloop
  endfacet
  facet normal -0.659319 0 0.751863
    outer loop
      vertex 49.6021 4.1 4.55792
      vertex 49.4349 6.1 4.4113
      vertex 49.4349 4.1 4.4113
    endloop
  endfacet
  facet normal 0.442386 0 -0.896825
    outer loop
      vertex 47.55 4.1 7.23224
      vertex 47.7494 6.1 7.3306
      vertex 47.7494 4.1 7.3306
    endloop
  endfacet
  facet normal 0.442386 0 -0.896825
    outer loop
      vertex 47.7494 6.1 7.3306
      vertex 47.55 4.1 7.23224
      vertex 47.55 6.1 7.23224
    endloop
  endfacet
  facet normal -0.751888 0 0.659291
    outer loop
      vertex 49.6021 4.1 4.55792
      vertex 49.7487 6.1 4.72511
      vertex 49.6021 6.1 4.55792
    endloop
  endfacet
  facet normal -0.751888 0 0.659291
    outer loop
      vertex 49.7487 6.1 4.72511
      vertex 49.6021 4.1 4.55792
      vertex 49.7487 4.1 4.72511
    endloop
  endfacet
  facet normal 0.659319 0 -0.751863
    outer loop
      vertex 47.1979 4.1 6.96208
      vertex 47.3651 6.1 7.1087
      vertex 47.3651 4.1 7.1087
    endloop
  endfacet
  facet normal 0.659319 0 -0.751863
    outer loop
      vertex 47.3651 6.1 7.1087
      vertex 47.1979 4.1 6.96208
      vertex 47.1979 6.1 6.96208
    endloop
  endfacet
  facet normal -0.195122 0 0.980779
    outer loop
      vertex 48.6219 6.1 4.07454
      vertex 48.84 4.1 4.11793
      vertex 48.84 6.1 4.11793
    endloop
  endfacet
  facet normal -0.195122 0 0.980779
    outer loop
      vertex 48.84 4.1 4.11793
      vertex 48.6219 6.1 4.07454
      vertex 48.6219 4.1 4.07454
    endloop
  endfacet
  facet normal 0.751888 0 -0.659291
    outer loop
      vertex 47.1979 4.1 6.96208
      vertex 47.0513 6.1 6.79489
      vertex 47.1979 6.1 6.96208
    endloop
  endfacet
  facet normal 0.751888 0 -0.659291
    outer loop
      vertex 47.0513 6.1 6.79489
      vertex 47.1979 4.1 6.96208
      vertex 47.0513 4.1 6.79489
    endloop
  endfacet
  facet normal -0.555551 0 -0.831483
    outer loop
      vertex 49.25 4.1 7.23224
      vertex 49.4349 6.1 7.1087
      vertex 49.4349 4.1 7.1087
    endloop
  endfacet
  facet normal -0.555551 0 -0.831483
    outer loop
      vertex 49.4349 6.1 7.1087
      vertex 49.25 4.1 7.23224
      vertex 49.25 6.1 7.23224
    endloop
  endfacet
  facet normal 0.98077 0 -0.195165
    outer loop
      vertex 46.7579 4.1 6.19999
      vertex 46.7145 6.1 5.98189
      vertex 46.7579 6.1 6.19999
    endloop
  endfacet
  facet normal 0.98077 0 -0.195165
    outer loop
      vertex 46.7145 6.1 5.98189
      vertex 46.7579 4.1 6.19999
      vertex 46.7145 4.1 5.98189
    endloop
  endfacet
  facet normal -0.555551 0 0.831483
    outer loop
      vertex 49.25 6.1 4.28776
      vertex 49.4349 4.1 4.4113
      vertex 49.4349 6.1 4.4113
    endloop
  endfacet
  facet normal -0.555551 0 0.831483
    outer loop
      vertex 49.4349 4.1 4.4113
      vertex 49.25 6.1 4.28776
      vertex 49.25 4.1 4.28776
    endloop
  endfacet
  facet normal -0.831552 0 -0.555447
    outer loop
      vertex 49.8722 4.1 6.61
      vertex 49.7487 6.1 6.79489
      vertex 49.8722 6.1 6.61
    endloop
  endfacet
  facet normal -0.831552 -0 -0.555447
    outer loop
      vertex 49.7487 6.1 6.79489
      vertex 49.8722 4.1 6.61
      vertex 49.7487 4.1 6.79489
    endloop
  endfacet
  facet normal -0.831552 0 0.555447
    outer loop
      vertex 49.7487 4.1 4.72511
      vertex 49.8722 6.1 4.91
      vertex 49.7487 6.1 4.72511
    endloop
  endfacet
  facet normal -0.831552 0 0.555447
    outer loop
      vertex 49.8722 6.1 4.91
      vertex 49.7487 4.1 4.72511
      vertex 49.8722 4.1 4.91
    endloop
  endfacet
  facet normal 0.98077 -0 0.195165
    outer loop
      vertex 46.7145 4.1 5.53811
      vertex 46.7579 6.1 5.32001
      vertex 46.7145 6.1 5.53811
    endloop
  endfacet
  facet normal 0.98077 0 0.195165
    outer loop
      vertex 46.7579 6.1 5.32001
      vertex 46.7145 4.1 5.53811
      vertex 46.7579 4.1 5.32001
    endloop
  endfacet
  facet normal -0.997872 0 0.0652086
    outer loop
      vertex 50.0855 4.1 5.53811
      vertex 50.1 6.1 5.76
      vertex 50.0855 6.1 5.53811
    endloop
  endfacet
  facet normal -0.997872 0 0.0652086
    outer loop
      vertex 50.1 6.1 5.76
      vertex 50.0855 4.1 5.53811
      vertex 50.1 4.1 5.76
    endloop
  endfacet
  facet normal 0.0653848 0 0.99786
    outer loop
      vertex 48.1781 6.1 4.07454
      vertex 48.4 4.1 4.06
      vertex 48.4 6.1 4.06
    endloop
  endfacet
  facet normal 0.0653848 0 0.99786
    outer loop
      vertex 48.4 4.1 4.06
      vertex 48.1781 6.1 4.07454
      vertex 48.1781 4.1 4.07454
    endloop
  endfacet
  facet normal -0.896789 0 0.442459
    outer loop
      vertex 49.8722 4.1 4.91
      vertex 49.9706 6.1 5.10944
      vertex 49.8722 6.1 4.91
    endloop
  endfacet
  facet normal -0.896789 0 0.442459
    outer loop
      vertex 49.9706 6.1 5.10944
      vertex 49.8722 4.1 4.91
      vertex 49.9706 4.1 5.10944
    endloop
  endfacet
  facet normal -0.321363 0 0.946956
    outer loop
      vertex 48.84 6.1 4.11793
      vertex 49.0506 4.1 4.1894
      vertex 49.0506 6.1 4.1894
    endloop
  endfacet
  facet normal -0.321363 0 0.946956
    outer loop
      vertex 49.0506 4.1 4.1894
      vertex 48.84 6.1 4.11793
      vertex 48.84 4.1 4.11793
    endloop
  endfacet
  facet normal 0.751888 -0 0.659291
    outer loop
      vertex 47.0513 4.1 4.72511
      vertex 47.1979 6.1 4.55792
      vertex 47.0513 6.1 4.72511
    endloop
  endfacet
  facet normal 0.751888 0 0.659291
    outer loop
      vertex 47.1979 6.1 4.55792
      vertex 47.0513 4.1 4.72511
      vertex 47.1979 4.1 4.55792
    endloop
  endfacet
  facet normal -0.442386 0 -0.896825
    outer loop
      vertex 49.0506 4.1 7.3306
      vertex 49.25 6.1 7.23224
      vertex 49.25 4.1 7.23224
    endloop
  endfacet
  facet normal -0.442386 0 -0.896825
    outer loop
      vertex 49.25 6.1 7.23224
      vertex 49.0506 4.1 7.3306
      vertex 49.0506 6.1 7.3306
    endloop
  endfacet
  facet normal -0.442386 0 0.896825
    outer loop
      vertex 49.0506 6.1 4.1894
      vertex 49.25 4.1 4.28776
      vertex 49.25 6.1 4.28776
    endloop
  endfacet
  facet normal -0.442386 0 0.896825
    outer loop
      vertex 49.25 4.1 4.28776
      vertex 49.0506 6.1 4.1894
      vertex 49.0506 4.1 4.1894
    endloop
  endfacet
  facet normal 0.896789 0 -0.442459
    outer loop
      vertex 46.9278 4.1 6.61
      vertex 46.8294 6.1 6.41056
      vertex 46.9278 6.1 6.61
    endloop
  endfacet
  facet normal 0.896789 0 -0.442459
    outer loop
      vertex 46.8294 6.1 6.41056
      vertex 46.9278 4.1 6.61
      vertex 46.8294 4.1 6.41056
    endloop
  endfacet
  facet normal -0.946901 0 0.321525
    outer loop
      vertex 49.9706 4.1 5.10944
      vertex 50.0421 6.1 5.32001
      vertex 49.9706 6.1 5.10944
    endloop
  endfacet
  facet normal -0.946901 0 0.321525
    outer loop
      vertex 50.0421 6.1 5.32001
      vertex 49.9706 4.1 5.10944
      vertex 50.0421 4.1 5.32001
    endloop
  endfacet
  facet normal 0.946901 0 -0.321525
    outer loop
      vertex 46.8294 4.1 6.41056
      vertex 46.7579 6.1 6.19999
      vertex 46.8294 6.1 6.41056
    endloop
  endfacet
  facet normal 0.946901 0 -0.321525
    outer loop
      vertex 46.7579 6.1 6.19999
      vertex 46.8294 4.1 6.41056
      vertex 46.7579 4.1 6.19999
    endloop
  endfacet
  facet normal 0.831552 0 -0.555447
    outer loop
      vertex 47.0513 4.1 6.79489
      vertex 46.9278 6.1 6.61
      vertex 47.0513 6.1 6.79489
    endloop
  endfacet
  facet normal 0.831552 0 -0.555447
    outer loop
      vertex 46.9278 6.1 6.61
      vertex 47.0513 4.1 6.79489
      vertex 46.9278 4.1 6.61
    endloop
  endfacet
  facet normal 0.997872 0 -0.0652086
    outer loop
      vertex 46.7145 4.1 5.98189
      vertex 46.7 6.1 5.76
      vertex 46.7145 6.1 5.98189
    endloop
  endfacet
  facet normal 0.997872 0 -0.0652086
    outer loop
      vertex 46.7 6.1 5.76
      vertex 46.7145 4.1 5.98189
      vertex 46.7 4.1 5.76
    endloop
  endfacet
  facet normal 0.0653848 0 -0.99786
    outer loop
      vertex 48.1781 4.1 7.44546
      vertex 48.4 6.1 7.46
      vertex 48.4 4.1 7.46
    endloop
  endfacet
  facet normal 0.0653848 0 -0.99786
    outer loop
      vertex 48.4 6.1 7.46
      vertex 48.1781 4.1 7.44546
      vertex 48.1781 6.1 7.44546
    endloop
  endfacet
  facet normal 0.997872 -0 0.0652086
    outer loop
      vertex 46.7 4.1 5.76
      vertex 46.7145 6.1 5.53811
      vertex 46.7 6.1 5.76
    endloop
  endfacet
  facet normal 0.997872 0 0.0652086
    outer loop
      vertex 46.7145 6.1 5.53811
      vertex 46.7 4.1 5.76
      vertex 46.7145 4.1 5.53811
    endloop
  endfacet
  facet normal 0.659319 0 0.751863
    outer loop
      vertex 47.1979 6.1 4.55792
      vertex 47.3651 4.1 4.4113
      vertex 47.3651 6.1 4.4113
    endloop
  endfacet
  facet normal 0.659319 0 0.751863
    outer loop
      vertex 47.3651 4.1 4.4113
      vertex 47.1979 6.1 4.55792
      vertex 47.1979 4.1 4.55792
    endloop
  endfacet
  facet normal -0.321363 0 -0.946956
    outer loop
      vertex 48.84 4.1 7.40207
      vertex 49.0506 6.1 7.3306
      vertex 49.0506 4.1 7.3306
    endloop
  endfacet
  facet normal -0.321363 0 -0.946956
    outer loop
      vertex 49.0506 6.1 7.3306
      vertex 48.84 4.1 7.40207
      vertex 48.84 6.1 7.40207
    endloop
  endfacet
  facet normal -0.751888 0 -0.659291
    outer loop
      vertex 49.7487 4.1 6.79489
      vertex 49.6021 6.1 6.96208
      vertex 49.7487 6.1 6.79489
    endloop
  endfacet
  facet normal -0.751888 -0 -0.659291
    outer loop
      vertex 49.6021 6.1 6.96208
      vertex 49.7487 4.1 6.79489
      vertex 49.6021 4.1 6.96208
    endloop
  endfacet
  facet normal 0.321363 0 -0.946956
    outer loop
      vertex 47.7494 4.1 7.3306
      vertex 47.96 6.1 7.40207
      vertex 47.96 4.1 7.40207
    endloop
  endfacet
  facet normal 0.321363 0 -0.946956
    outer loop
      vertex 47.96 6.1 7.40207
      vertex 47.7494 4.1 7.3306
      vertex 47.7494 6.1 7.3306
    endloop
  endfacet
  facet normal 0.946901 -0 0.321525
    outer loop
      vertex 46.7579 4.1 5.32001
      vertex 46.8294 6.1 5.10944
      vertex 46.7579 6.1 5.32001
    endloop
  endfacet
  facet normal 0.946901 0 0.321525
    outer loop
      vertex 46.8294 6.1 5.10944
      vertex 46.7579 4.1 5.32001
      vertex 46.8294 4.1 5.10944
    endloop
  endfacet
  facet normal 0.195122 0 0.980779
    outer loop
      vertex 47.96 6.1 4.11793
      vertex 48.1781 4.1 4.07454
      vertex 48.1781 6.1 4.07454
    endloop
  endfacet
  facet normal 0.195122 0 0.980779
    outer loop
      vertex 48.1781 4.1 4.07454
      vertex 47.96 6.1 4.11793
      vertex 47.96 4.1 4.11793
    endloop
  endfacet
  facet normal -0.0653848 0 0.99786
    outer loop
      vertex 48.4 6.1 4.06
      vertex 48.6219 4.1 4.07454
      vertex 48.6219 6.1 4.07454
    endloop
  endfacet
  facet normal -0.0653848 0 0.99786
    outer loop
      vertex 48.6219 4.1 4.07454
      vertex 48.4 6.1 4.06
      vertex 48.4 4.1 4.06
    endloop
  endfacet
  facet normal -0.0653848 0 -0.99786
    outer loop
      vertex 48.4 4.1 7.46
      vertex 48.6219 6.1 7.44546
      vertex 48.6219 4.1 7.44546
    endloop
  endfacet
  facet normal -0.0653848 0 -0.99786
    outer loop
      vertex 48.6219 6.1 7.44546
      vertex 48.4 4.1 7.46
      vertex 48.4 6.1 7.46
    endloop
  endfacet
  facet normal 0.555551 0 0.831483
    outer loop
      vertex 47.3651 6.1 4.4113
      vertex 47.55 4.1 4.28776
      vertex 47.55 6.1 4.28776
    endloop
  endfacet
  facet normal 0.555551 0 0.831483
    outer loop
      vertex 47.55 4.1 4.28776
      vertex 47.3651 6.1 4.4113
      vertex 47.3651 4.1 4.4113
    endloop
  endfacet
  facet normal 0.321363 0 0.946956
    outer loop
      vertex 47.7494 6.1 4.1894
      vertex 47.96 4.1 4.11793
      vertex 47.96 6.1 4.11793
    endloop
  endfacet
  facet normal 0.321363 0 0.946956
    outer loop
      vertex 47.96 4.1 4.11793
      vertex 47.7494 6.1 4.1894
      vertex 47.7494 4.1 4.1894
    endloop
  endfacet
  facet normal -0.195165 0 0.98077
    outer loop
      vertex 48.6219 6.1 24.5545
      vertex 48.84 4.1 24.5979
      vertex 48.84 6.1 24.5979
    endloop
  endfacet
  facet normal -0.195165 0 0.98077
    outer loop
      vertex 48.84 4.1 24.5979
      vertex 48.6219 6.1 24.5545
      vertex 48.6219 4.1 24.5545
    endloop
  endfacet
  facet normal -0.98077 0 -0.195165
    outer loop
      vertex 50.0855 4.1 26.4619
      vertex 50.0421 6.1 26.68
      vertex 50.0855 6.1 26.4619
    endloop
  endfacet
  facet normal -0.98077 -0 -0.195165
    outer loop
      vertex 50.0421 6.1 26.68
      vertex 50.0855 4.1 26.4619
      vertex 50.0421 4.1 26.68
    endloop
  endfacet
  facet normal -0.997872 0 -0.0652057
    outer loop
      vertex 50.1 4.1 26.24
      vertex 50.0855 6.1 26.4619
      vertex 50.1 6.1 26.24
    endloop
  endfacet
  facet normal -0.997872 -0 -0.0652057
    outer loop
      vertex 50.0855 6.1 26.4619
      vertex 50.1 4.1 26.24
      vertex 50.0855 4.1 26.4619
    endloop
  endfacet
  facet normal -0.831566 0 -0.555426
    outer loop
      vertex 49.8722 4.1 27.09
      vertex 49.7487 6.1 27.2749
      vertex 49.8722 6.1 27.09
    endloop
  endfacet
  facet normal -0.831566 -0 -0.555426
    outer loop
      vertex 49.7487 6.1 27.2749
      vertex 49.8722 4.1 27.09
      vertex 49.7487 4.1 27.2749
    endloop
  endfacet
  facet normal 0.321484 0 -0.946915
    outer loop
      vertex 47.7494 4.1 27.8106
      vertex 47.96 6.1 27.8821
      vertex 47.96 4.1 27.8821
    endloop
  endfacet
  facet normal 0.321484 0 -0.946915
    outer loop
      vertex 47.96 6.1 27.8821
      vertex 47.7494 4.1 27.8106
      vertex 47.7494 6.1 27.8106
    endloop
  endfacet
  facet normal -0.98077 0 0.195165
    outer loop
      vertex 50.0421 4.1 25.8
      vertex 50.0855 6.1 26.0181
      vertex 50.0421 6.1 25.8
    endloop
  endfacet
  facet normal -0.98077 0 0.195165
    outer loop
      vertex 50.0855 6.1 26.0181
      vertex 50.0421 4.1 25.8
      vertex 50.0855 4.1 26.0181
    endloop
  endfacet
  facet normal 0.997872 -0 0.0652057
    outer loop
      vertex 46.7 4.1 26.24
      vertex 46.7145 6.1 26.0181
      vertex 46.7 6.1 26.24
    endloop
  endfacet
  facet normal 0.997872 0 0.0652057
    outer loop
      vertex 46.7145 6.1 26.0181
      vertex 46.7 4.1 26.24
      vertex 46.7145 4.1 26.0181
    endloop
  endfacet
  facet normal 0.751908 0 -0.659268
    outer loop
      vertex 47.1979 4.1 27.4421
      vertex 47.0513 6.1 27.2749
      vertex 47.1979 6.1 27.4421
    endloop
  endfacet
  facet normal 0.751908 0 -0.659268
    outer loop
      vertex 47.0513 6.1 27.2749
      vertex 47.1979 4.1 27.4421
      vertex 47.0513 4.1 27.2749
    endloop
  endfacet
  facet normal -0.896754 0 0.44253
    outer loop
      vertex 49.8722 4.1 25.39
      vertex 49.9706 6.1 25.5894
      vertex 49.8722 6.1 25.39
    endloop
  endfacet
  facet normal -0.896754 0 0.44253
    outer loop
      vertex 49.9706 6.1 25.5894
      vertex 49.8722 4.1 25.39
      vertex 49.9706 4.1 25.5894
    endloop
  endfacet
  facet normal -0.321484 0 -0.946915
    outer loop
      vertex 48.84 4.1 27.8821
      vertex 49.0506 6.1 27.8106
      vertex 49.0506 4.1 27.8106
    endloop
  endfacet
  facet normal -0.321484 0 -0.946915
    outer loop
      vertex 49.0506 6.1 27.8106
      vertex 48.84 4.1 27.8821
      vertex 48.84 6.1 27.8821
    endloop
  endfacet
  facet normal -0.659268 0 -0.751908
    outer loop
      vertex 49.4349 4.1 27.5887
      vertex 49.6021 6.1 27.4421
      vertex 49.6021 4.1 27.4421
    endloop
  endfacet
  facet normal -0.659268 0 -0.751908
    outer loop
      vertex 49.6021 6.1 27.4421
      vertex 49.4349 4.1 27.5887
      vertex 49.4349 6.1 27.5887
    endloop
  endfacet
  facet normal -0.555426 0 0.831566
    outer loop
      vertex 49.25 6.1 24.7678
      vertex 49.4349 4.1 24.8913
      vertex 49.4349 6.1 24.8913
    endloop
  endfacet
  facet normal -0.555426 0 0.831566
    outer loop
      vertex 49.4349 4.1 24.8913
      vertex 49.25 6.1 24.7678
      vertex 49.25 4.1 24.7678
    endloop
  endfacet
  facet normal 0.659268 0 -0.751908
    outer loop
      vertex 47.1979 4.1 27.4421
      vertex 47.3651 6.1 27.5887
      vertex 47.3651 4.1 27.5887
    endloop
  endfacet
  facet normal 0.659268 0 -0.751908
    outer loop
      vertex 47.3651 6.1 27.5887
      vertex 47.1979 4.1 27.4421
      vertex 47.1979 6.1 27.4421
    endloop
  endfacet
  facet normal 0.751908 -0 0.659268
    outer loop
      vertex 47.0513 4.1 25.2051
      vertex 47.1979 6.1 25.0379
      vertex 47.0513 6.1 25.2051
    endloop
  endfacet
  facet normal 0.751908 0 0.659268
    outer loop
      vertex 47.1979 6.1 25.0379
      vertex 47.0513 4.1 25.2051
      vertex 47.1979 4.1 25.0379
    endloop
  endfacet
  facet normal 0.0652057 0 0.997872
    outer loop
      vertex 48.1781 6.1 24.5545
      vertex 48.4 4.1 24.54
      vertex 48.4 6.1 24.54
    endloop
  endfacet
  facet normal 0.0652057 0 0.997872
    outer loop
      vertex 48.4 4.1 24.54
      vertex 48.1781 6.1 24.5545
      vertex 48.1781 4.1 24.5545
    endloop
  endfacet
  facet normal -0.321484 0 0.946915
    outer loop
      vertex 48.84 6.1 24.5979
      vertex 49.0506 4.1 24.6694
      vertex 49.0506 6.1 24.6694
    endloop
  endfacet
  facet normal -0.321484 0 0.946915
    outer loop
      vertex 49.0506 4.1 24.6694
      vertex 48.84 6.1 24.5979
      vertex 48.84 4.1 24.5979
    endloop
  endfacet
  facet normal -0.831566 0 0.555426
    outer loop
      vertex 49.7487 4.1 25.2051
      vertex 49.8722 6.1 25.39
      vertex 49.7487 6.1 25.2051
    endloop
  endfacet
  facet normal -0.831566 0 0.555426
    outer loop
      vertex 49.8722 6.1 25.39
      vertex 49.7487 4.1 25.2051
      vertex 49.8722 4.1 25.39
    endloop
  endfacet
  facet normal -0.946915 0 0.321484
    outer loop
      vertex 49.9706 4.1 25.5894
      vertex 50.0421 6.1 25.8
      vertex 49.9706 6.1 25.5894
    endloop
  endfacet
  facet normal -0.946915 0 0.321484
    outer loop
      vertex 50.0421 6.1 25.8
      vertex 49.9706 4.1 25.5894
      vertex 50.0421 4.1 25.8
    endloop
  endfacet
  facet normal 0.896754 -0 0.44253
    outer loop
      vertex 46.8294 4.1 25.5894
      vertex 46.9278 6.1 25.39
      vertex 46.8294 6.1 25.5894
    endloop
  endfacet
  facet normal 0.896754 0 0.44253
    outer loop
      vertex 46.9278 6.1 25.39
      vertex 46.8294 4.1 25.5894
      vertex 46.9278 4.1 25.39
    endloop
  endfacet
  facet normal 0.195165 0 -0.98077
    outer loop
      vertex 47.96 4.1 27.8821
      vertex 48.1781 6.1 27.9255
      vertex 48.1781 4.1 27.9255
    endloop
  endfacet
  facet normal 0.195165 0 -0.98077
    outer loop
      vertex 48.1781 6.1 27.9255
      vertex 47.96 4.1 27.8821
      vertex 47.96 6.1 27.8821
    endloop
  endfacet
  facet normal 0.44253 0 0.896754
    outer loop
      vertex 47.55 6.1 24.7678
      vertex 47.7494 4.1 24.6694
      vertex 47.7494 6.1 24.6694
    endloop
  endfacet
  facet normal 0.44253 0 0.896754
    outer loop
      vertex 47.7494 4.1 24.6694
      vertex 47.55 6.1 24.7678
      vertex 47.55 4.1 24.7678
    endloop
  endfacet
  facet normal -0.555426 0 -0.831566
    outer loop
      vertex 49.25 4.1 27.7122
      vertex 49.4349 6.1 27.5887
      vertex 49.4349 4.1 27.5887
    endloop
  endfacet
  facet normal -0.555426 0 -0.831566
    outer loop
      vertex 49.4349 6.1 27.5887
      vertex 49.25 4.1 27.7122
      vertex 49.25 6.1 27.7122
    endloop
  endfacet
  facet normal 0.195165 0 0.98077
    outer loop
      vertex 47.96 6.1 24.5979
      vertex 48.1781 4.1 24.5545
      vertex 48.1781 6.1 24.5545
    endloop
  endfacet
  facet normal 0.195165 0 0.98077
    outer loop
      vertex 48.1781 4.1 24.5545
      vertex 47.96 6.1 24.5979
      vertex 47.96 4.1 24.5979
    endloop
  endfacet
  facet normal -0.44253 0 -0.896754
    outer loop
      vertex 49.0506 4.1 27.8106
      vertex 49.25 6.1 27.7122
      vertex 49.25 4.1 27.7122
    endloop
  endfacet
  facet normal -0.44253 0 -0.896754
    outer loop
      vertex 49.25 6.1 27.7122
      vertex 49.0506 4.1 27.8106
      vertex 49.0506 6.1 27.8106
    endloop
  endfacet
  facet normal 0.0652057 0 -0.997872
    outer loop
      vertex 48.1781 4.1 27.9255
      vertex 48.4 6.1 27.94
      vertex 48.4 4.1 27.94
    endloop
  endfacet
  facet normal 0.0652057 0 -0.997872
    outer loop
      vertex 48.4 6.1 27.94
      vertex 48.1781 4.1 27.9255
      vertex 48.1781 6.1 27.9255
    endloop
  endfacet
  facet normal 0.555426 0 -0.831566
    outer loop
      vertex 47.3651 4.1 27.5887
      vertex 47.55 6.1 27.7122
      vertex 47.55 4.1 27.7122
    endloop
  endfacet
  facet normal 0.555426 0 -0.831566
    outer loop
      vertex 47.55 6.1 27.7122
      vertex 47.3651 4.1 27.5887
      vertex 47.3651 6.1 27.5887
    endloop
  endfacet
  facet normal -0.946915 0 -0.321484
    outer loop
      vertex 50.0421 4.1 26.68
      vertex 49.9706 6.1 26.8906
      vertex 50.0421 6.1 26.68
    endloop
  endfacet
  facet normal -0.946915 -0 -0.321484
    outer loop
      vertex 49.9706 6.1 26.8906
      vertex 50.0421 4.1 26.68
      vertex 49.9706 4.1 26.8906
    endloop
  endfacet
  facet normal 0.946915 -0 0.321484
    outer loop
      vertex 46.7579 4.1 25.8
      vertex 46.8294 6.1 25.5894
      vertex 46.7579 6.1 25.8
    endloop
  endfacet
  facet normal 0.946915 0 0.321484
    outer loop
      vertex 46.8294 6.1 25.5894
      vertex 46.7579 4.1 25.8
      vertex 46.8294 4.1 25.5894
    endloop
  endfacet
  facet normal 0.997872 0 -0.0652057
    outer loop
      vertex 46.7145 4.1 26.4619
      vertex 46.7 6.1 26.24
      vertex 46.7145 6.1 26.4619
    endloop
  endfacet
  facet normal 0.997872 0 -0.0652057
    outer loop
      vertex 46.7 6.1 26.24
      vertex 46.7145 4.1 26.4619
      vertex 46.7 4.1 26.24
    endloop
  endfacet
  facet normal -0.997872 0 0.0652057
    outer loop
      vertex 50.0855 4.1 26.0181
      vertex 50.1 6.1 26.24
      vertex 50.0855 6.1 26.0181
    endloop
  endfacet
  facet normal -0.997872 0 0.0652057
    outer loop
      vertex 50.1 6.1 26.24
      vertex 50.0855 4.1 26.0181
      vertex 50.1 4.1 26.24
    endloop
  endfacet
  facet normal -0.896754 0 -0.44253
    outer loop
      vertex 49.9706 4.1 26.8906
      vertex 49.8722 6.1 27.09
      vertex 49.9706 6.1 26.8906
    endloop
  endfacet
  facet normal -0.896754 -0 -0.44253
    outer loop
      vertex 49.8722 6.1 27.09
      vertex 49.9706 4.1 26.8906
      vertex 49.8722 4.1 27.09
    endloop
  endfacet
  facet normal -0.195165 0 -0.98077
    outer loop
      vertex 48.6219 4.1 27.9255
      vertex 48.84 6.1 27.8821
      vertex 48.84 4.1 27.8821
    endloop
  endfacet
  facet normal -0.195165 0 -0.98077
    outer loop
      vertex 48.84 6.1 27.8821
      vertex 48.6219 4.1 27.9255
      vertex 48.6219 6.1 27.9255
    endloop
  endfacet
  facet normal 0.896754 0 -0.44253
    outer loop
      vertex 46.9278 4.1 27.09
      vertex 46.8294 6.1 26.8906
      vertex 46.9278 6.1 27.09
    endloop
  endfacet
  facet normal 0.896754 0 -0.44253
    outer loop
      vertex 46.8294 6.1 26.8906
      vertex 46.9278 4.1 27.09
      vertex 46.8294 4.1 26.8906
    endloop
  endfacet
  facet normal 0.659268 0 0.751908
    outer loop
      vertex 47.1979 6.1 25.0379
      vertex 47.3651 4.1 24.8913
      vertex 47.3651 6.1 24.8913
    endloop
  endfacet
  facet normal 0.659268 0 0.751908
    outer loop
      vertex 47.3651 4.1 24.8913
      vertex 47.1979 6.1 25.0379
      vertex 47.1979 4.1 25.0379
    endloop
  endfacet
  facet normal -0.659268 0 0.751908
    outer loop
      vertex 49.4349 6.1 24.8913
      vertex 49.6021 4.1 25.0379
      vertex 49.6021 6.1 25.0379
    endloop
  endfacet
  facet normal -0.659268 0 0.751908
    outer loop
      vertex 49.6021 4.1 25.0379
      vertex 49.4349 6.1 24.8913
      vertex 49.4349 4.1 24.8913
    endloop
  endfacet
  facet normal -0.751908 0 0.659268
    outer loop
      vertex 49.6021 4.1 25.0379
      vertex 49.7487 6.1 25.2051
      vertex 49.6021 6.1 25.0379
    endloop
  endfacet
  facet normal -0.751908 0 0.659268
    outer loop
      vertex 49.7487 6.1 25.2051
      vertex 49.6021 4.1 25.0379
      vertex 49.7487 4.1 25.2051
    endloop
  endfacet
  facet normal -0.0652057 0 0.997872
    outer loop
      vertex 48.4 6.1 24.54
      vertex 48.6219 4.1 24.5545
      vertex 48.6219 6.1 24.5545
    endloop
  endfacet
  facet normal -0.0652057 0 0.997872
    outer loop
      vertex 48.6219 4.1 24.5545
      vertex 48.4 6.1 24.54
      vertex 48.4 4.1 24.54
    endloop
  endfacet
  facet normal 0.831566 -0 0.555426
    outer loop
      vertex 46.9278 4.1 25.39
      vertex 47.0513 6.1 25.2051
      vertex 46.9278 6.1 25.39
    endloop
  endfacet
  facet normal 0.831566 0 0.555426
    outer loop
      vertex 47.0513 6.1 25.2051
      vertex 46.9278 4.1 25.39
      vertex 47.0513 4.1 25.2051
    endloop
  endfacet
  facet normal 0.98077 0 -0.195165
    outer loop
      vertex 46.7579 4.1 26.68
      vertex 46.7145 6.1 26.4619
      vertex 46.7579 6.1 26.68
    endloop
  endfacet
  facet normal 0.98077 0 -0.195165
    outer loop
      vertex 46.7145 6.1 26.4619
      vertex 46.7579 4.1 26.68
      vertex 46.7145 4.1 26.4619
    endloop
  endfacet
  facet normal -0.751908 0 -0.659268
    outer loop
      vertex 49.7487 4.1 27.2749
      vertex 49.6021 6.1 27.4421
      vertex 49.7487 6.1 27.2749
    endloop
  endfacet
  facet normal -0.751908 -0 -0.659268
    outer loop
      vertex 49.6021 6.1 27.4421
      vertex 49.7487 4.1 27.2749
      vertex 49.6021 4.1 27.4421
    endloop
  endfacet
  facet normal 0.44253 0 -0.896754
    outer loop
      vertex 47.55 4.1 27.7122
      vertex 47.7494 6.1 27.8106
      vertex 47.7494 4.1 27.8106
    endloop
  endfacet
  facet normal 0.44253 0 -0.896754
    outer loop
      vertex 47.7494 6.1 27.8106
      vertex 47.55 4.1 27.7122
      vertex 47.55 6.1 27.7122
    endloop
  endfacet
  facet normal 0.98077 -0 0.195165
    outer loop
      vertex 46.7145 4.1 26.0181
      vertex 46.7579 6.1 25.8
      vertex 46.7145 6.1 26.0181
    endloop
  endfacet
  facet normal 0.98077 0 0.195165
    outer loop
      vertex 46.7579 6.1 25.8
      vertex 46.7145 4.1 26.0181
      vertex 46.7579 4.1 25.8
    endloop
  endfacet
  facet normal -0.0652057 0 -0.997872
    outer loop
      vertex 48.4 4.1 27.94
      vertex 48.6219 6.1 27.9255
      vertex 48.6219 4.1 27.9255
    endloop
  endfacet
  facet normal -0.0652057 0 -0.997872
    outer loop
      vertex 48.6219 6.1 27.9255
      vertex 48.4 4.1 27.94
      vertex 48.4 6.1 27.94
    endloop
  endfacet
  facet normal -0.44253 0 0.896754
    outer loop
      vertex 49.0506 6.1 24.6694
      vertex 49.25 4.1 24.7678
      vertex 49.25 6.1 24.7678
    endloop
  endfacet
  facet normal -0.44253 0 0.896754
    outer loop
      vertex 49.25 4.1 24.7678
      vertex 49.0506 6.1 24.6694
      vertex 49.0506 4.1 24.6694
    endloop
  endfacet
  facet normal 0.831566 0 -0.555426
    outer loop
      vertex 47.0513 4.1 27.2749
      vertex 46.9278 6.1 27.09
      vertex 47.0513 6.1 27.2749
    endloop
  endfacet
  facet normal 0.831566 0 -0.555426
    outer loop
      vertex 46.9278 6.1 27.09
      vertex 47.0513 4.1 27.2749
      vertex 46.9278 4.1 27.09
    endloop
  endfacet
  facet normal 0.946915 0 -0.321484
    outer loop
      vertex 46.8294 4.1 26.8906
      vertex 46.7579 6.1 26.68
      vertex 46.8294 6.1 26.8906
    endloop
  endfacet
  facet normal 0.946915 0 -0.321484
    outer loop
      vertex 46.7579 6.1 26.68
      vertex 46.8294 4.1 26.8906
      vertex 46.7579 4.1 26.68
    endloop
  endfacet
  facet normal 0.321484 0 0.946915
    outer loop
      vertex 47.7494 6.1 24.6694
      vertex 47.96 4.1 24.5979
      vertex 47.96 6.1 24.5979
    endloop
  endfacet
  facet normal 0.321484 0 0.946915
    outer loop
      vertex 47.96 4.1 24.5979
      vertex 47.7494 6.1 24.6694
      vertex 47.7494 4.1 24.6694
    endloop
  endfacet
  facet normal 0.555426 0 0.831566
    outer loop
      vertex 47.3651 6.1 24.8913
      vertex 47.55 4.1 24.7678
      vertex 47.55 6.1 24.7678
    endloop
  endfacet
  facet normal 0.555426 0 0.831566
    outer loop
      vertex 47.55 4.1 24.7678
      vertex 47.3651 6.1 24.8913
      vertex 47.3651 4.1 24.8913
    endloop
  endfacet
  facet normal 0 -1 0
    outer loop
      vertex 4.23489 4.1 24.8913
      vertex 4.23489 4.1 7.1087
      vertex 4.40208 4.1 25.0379
    endloop
  endfacet
  facet normal 0 -1 0
    outer loop
      vertex 46.9278 4.1 25.39
      vertex 48.1781 4.1 7.44546
      vertex 48.4 4.1 7.46
    endloop
  endfacet
  facet normal 0 -1 0
    outer loop
      vertex 4.40208 4.1 6.96208
      vertex 4.40208 4.1 25.0379
      vertex 4.23489 4.1 7.1087
    endloop
  endfacet
  facet normal 0 -1 0
    outer loop
      vertex 46.9278 4.1 25.39
      vertex 47.96 4.1 7.40207
      vertex 48.1781 4.1 7.44546
    endloop
  endfacet
  facet normal 0 -1 0
    outer loop
      vertex 4.40208 4.1 25.0379
      vertex 4.40208 4.1 6.96208
      vertex 4.5487 4.1 25.2051
    endloop
  endfacet
  facet normal 0 -1 0
    outer loop
      vertex 46.9278 4.1 25.39
      vertex 47.7494 4.1 7.3306
      vertex 47.96 4.1 7.40207
    endloop
  endfacet
  facet normal 0 -1 0
    outer loop
      vertex 4.5487 4.1 6.79489
      vertex 4.5487 4.1 25.2051
      vertex 4.40208 4.1 6.96208
    endloop
  endfacet
  facet normal 0 -1 0
    outer loop
      vertex 46.9278 4.1 25.39
      vertex 47.55 4.1 7.23224
      vertex 47.7494 4.1 7.3306
    endloop
  endfacet
  facet normal 0 -1 0
    outer loop
      vertex 4.5487 4.1 25.2051
      vertex 4.5487 4.1 6.79489
      vertex 4.67224 4.1 25.39
    endloop
  endfacet
  facet normal 0 -1 0
    outer loop
      vertex 46.9278 4.1 25.39
      vertex 47.3651 4.1 7.1087
      vertex 47.55 4.1 7.23224
    endloop
  endfacet
  facet normal 0 -1 0
    outer loop
      vertex 4.67224 4.1 6.61
      vertex 4.67224 4.1 25.39
      vertex 4.5487 4.1 6.79489
    endloop
  endfacet
  facet normal 0 -1 0
    outer loop
      vertex 46.9278 4.1 25.39
      vertex 47.1979 4.1 6.96208
      vertex 47.3651 4.1 7.1087
    endloop
  endfacet
  facet normal 0 -1 0
    outer loop
      vertex 4.77059 4.1 6.41056
      vertex 4.67224 4.1 25.39
      vertex 4.67224 4.1 6.61
    endloop
  endfacet
  facet normal 0 -1 0
    outer loop
      vertex 46.9278 4.1 25.39
      vertex 47.0513 4.1 6.79489
      vertex 47.1979 4.1 6.96208
    endloop
  endfacet
  facet normal 0 -1 0
    outer loop
      vertex 4.67224 4.1 25.39
      vertex 4.77059 4.1 6.41056
      vertex 46.9278 4.1 25.39
    endloop
  endfacet
  facet normal 0 -1 0
    outer loop
      vertex 46.9278 4.1 25.39
      vertex 46.9278 4.1 6.61
      vertex 47.0513 4.1 6.79489
    endloop
  endfacet
  facet normal 0 -1 0
    outer loop
      vertex 46.8294 4.1 6.41056
      vertex 46.9278 4.1 25.39
      vertex 4.77059 4.1 6.41056
    endloop
  endfacet
  facet normal 0 -1 -0
    outer loop
      vertex 46.9278 4.1 25.39
      vertex 46.8294 4.1 6.41056
      vertex 46.9278 4.1 6.61
    endloop
  endfacet
  facet normal 0 -1 0
    outer loop
      vertex 4.84207 4.1 6.19999
      vertex 46.8294 4.1 6.41056
      vertex 4.77059 4.1 6.41056
    endloop
  endfacet
  facet normal 0 -1 0
    outer loop
      vertex 4.84207 4.1 6.19999
      vertex 46.7579 4.1 6.19999
      vertex 46.8294 4.1 6.41056
    endloop
  endfacet
  facet normal 0 -1 0
    outer loop
      vertex 4.88546 4.1 5.98189
      vertex 46.7579 4.1 6.19999
      vertex 4.84207 4.1 6.19999
    endloop
  endfacet
  facet normal 0 -1 0
    outer loop
      vertex 4.88546 4.1 5.98189
      vertex 46.7145 4.1 5.98189
      vertex 46.7579 4.1 6.19999
    endloop
  endfacet
  facet normal 0 -1 0
    outer loop
      vertex 4.9 4.1 5.76
      vertex 46.7145 4.1 5.98189
      vertex 4.88546 4.1 5.98189
    endloop
  endfacet
  facet normal 0 -1 0
    outer loop
      vertex 4.9 4.1 5.76
      vertex 46.7 4.1 5.76
      vertex 46.7145 4.1 5.98189
    endloop
  endfacet
  facet normal 0 -1 0
    outer loop
      vertex 4.88546 4.1 5.53811
      vertex 46.7 4.1 5.76
      vertex 4.9 4.1 5.76
    endloop
  endfacet
  facet normal 0 -1 0
    outer loop
      vertex 4.88546 4.1 5.53811
      vertex 46.7145 4.1 5.53811
      vertex 46.7 4.1 5.76
    endloop
  endfacet
  facet normal 0 -1 0
    outer loop
      vertex 4.84207 4.1 5.32001
      vertex 46.7145 4.1 5.53811
      vertex 4.88546 4.1 5.53811
    endloop
  endfacet
  facet normal 0 -1 0
    outer loop
      vertex 4.84207 4.1 5.32001
      vertex 46.7579 4.1 5.32001
      vertex 46.7145 4.1 5.53811
    endloop
  endfacet
  facet normal 0 -1 0
    outer loop
      vertex 4.77059 4.1 5.10944
      vertex 46.7579 4.1 5.32001
      vertex 4.84207 4.1 5.32001
    endloop
  endfacet
  facet normal 0 -1 0
    outer loop
      vertex 4.77059 4.1 5.10944
      vertex 46.8294 4.1 5.10944
      vertex 46.7579 4.1 5.32001
    endloop
  endfacet
  facet normal 0 -1 0
    outer loop
      vertex 4.67224 4.1 4.91
      vertex 46.8294 4.1 5.10944
      vertex 4.77059 4.1 5.10944
    endloop
  endfacet
  facet normal 0 -1 0
    outer loop
      vertex 4.67224 4.1 4.91
      vertex 46.9278 4.1 4.91
      vertex 46.8294 4.1 5.10944
    endloop
  endfacet
  facet normal 0 -1 0
    outer loop
      vertex 4.5487 4.1 4.72511
      vertex 46.9278 4.1 4.91
      vertex 4.67224 4.1 4.91
    endloop
  endfacet
  facet normal 0 -1 0
    outer loop
      vertex 4.5487 4.1 4.72511
      vertex 47.0513 4.1 4.72511
      vertex 46.9278 4.1 4.91
    endloop
  endfacet
  facet normal 0 -1 0
    outer loop
      vertex 4.40208 4.1 4.55792
      vertex 47.0513 4.1 4.72511
      vertex 4.5487 4.1 4.72511
    endloop
  endfacet
  facet normal 0 -1 0
    outer loop
      vertex 4.40208 4.1 4.55792
      vertex 47.1979 4.1 4.55792
      vertex 47.0513 4.1 4.72511
    endloop
  endfacet
  facet normal 0 -1 0
    outer loop
      vertex 4.23489 4.1 4.4113
      vertex 47.1979 4.1 4.55792
      vertex 4.40208 4.1 4.55792
    endloop
  endfacet
  facet normal 0 -1 0
    outer loop
      vertex 4.23489 4.1 4.4113
      vertex 47.3651 4.1 4.4113
      vertex 47.1979 4.1 4.55792
    endloop
  endfacet
  facet normal 0 -1 0
    outer loop
      vertex 0 4.1 0
      vertex 4.23489 4.1 4.4113
      vertex 4.05 4.1 4.28776
    endloop
  endfacet
  facet normal 0 -1 -0
    outer loop
      vertex 4.23489 4.1 4.4113
      vertex 0 4.1 0
      vertex 47.3651 4.1 4.4113
    endloop
  endfacet
  facet normal 0 -1 0
    outer loop
      vertex 0 4.1 0
      vertex 4.05 4.1 4.28776
      vertex 3.85056 4.1 4.1894
    endloop
  endfacet
  facet normal 0 -1 0
    outer loop
      vertex 51.6 4.1 0
      vertex 47.3651 4.1 4.4113
      vertex 0 4.1 0
    endloop
  endfacet
  facet normal 0 -1 0
    outer loop
      vertex 0 4.1 0
      vertex 3.85056 4.1 4.1894
      vertex 3.63999 4.1 4.11793
    endloop
  endfacet
  facet normal 0 -1 0
    outer loop
      vertex 47.3651 4.1 4.4113
      vertex 51.6 4.1 0
      vertex 47.55 4.1 4.28776
    endloop
  endfacet
  facet normal 0 -1 0
    outer loop
      vertex 0 4.1 0
      vertex 3.63999 4.1 4.11793
      vertex 3.42189 4.1 4.07454
    endloop
  endfacet
  facet normal 0 -1 0
    outer loop
      vertex 47.55 4.1 4.28776
      vertex 51.6 4.1 0
      vertex 47.7494 4.1 4.1894
    endloop
  endfacet
  facet normal 0 -1 0
    outer loop
      vertex 0 4.1 0
      vertex 3.42189 4.1 4.07454
      vertex 3.2 4.1 4.06
    endloop
  endfacet
  facet normal 0 -1 0
    outer loop
      vertex 47.7494 4.1 4.1894
      vertex 51.6 4.1 0
      vertex 47.96 4.1 4.11793
    endloop
  endfacet
  facet normal 0 -1 0
    outer loop
      vertex 3.85056 4.1 27.8106
      vertex 0 4.1 31.6
      vertex 3.63999 4.1 27.8821
    endloop
  endfacet
  facet normal 0 -1 0
    outer loop
      vertex 51.6 4.1 31.6
      vertex 48.1781 4.1 27.9255
      vertex 48.4 4.1 27.94
    endloop
  endfacet
  facet normal 0 -1 0
    outer loop
      vertex 4.05 4.1 27.7122
      vertex 0 4.1 31.6
      vertex 3.85056 4.1 27.8106
    endloop
  endfacet
  facet normal 0 -1 0
    outer loop
      vertex 51.6 4.1 31.6
      vertex 47.96 4.1 27.8821
      vertex 48.1781 4.1 27.9255
    endloop
  endfacet
  facet normal 0 -1 0
    outer loop
      vertex 4.23489 4.1 27.5887
      vertex 0 4.1 31.6
      vertex 4.05 4.1 27.7122
    endloop
  endfacet
  facet normal 0 -1 0
    outer loop
      vertex 51.6 4.1 31.6
      vertex 47.7494 4.1 27.8106
      vertex 47.96 4.1 27.8821
    endloop
  endfacet
  facet normal 0 -1 0
    outer loop
      vertex 0 4.1 31.6
      vertex 4.23489 4.1 27.5887
      vertex 51.6 4.1 31.6
    endloop
  endfacet
  facet normal 0 -1 0
    outer loop
      vertex 51.6 4.1 31.6
      vertex 47.55 4.1 27.7122
      vertex 47.7494 4.1 27.8106
    endloop
  endfacet
  facet normal 0 -1 0
    outer loop
      vertex 47.3651 4.1 27.5887
      vertex 51.6 4.1 31.6
      vertex 4.23489 4.1 27.5887
    endloop
  endfacet
  facet normal 0 -1 0
    outer loop
      vertex 51.6 4.1 31.6
      vertex 47.3651 4.1 27.5887
      vertex 47.55 4.1 27.7122
    endloop
  endfacet
  facet normal 0 -1 0
    outer loop
      vertex 4.40208 4.1 27.4421
      vertex 47.3651 4.1 27.5887
      vertex 4.23489 4.1 27.5887
    endloop
  endfacet
  facet normal 0 -1 0
    outer loop
      vertex 4.40208 4.1 27.4421
      vertex 47.1979 4.1 27.4421
      vertex 47.3651 4.1 27.5887
    endloop
  endfacet
  facet normal 0 -1 0
    outer loop
      vertex 4.5487 4.1 27.2749
      vertex 47.1979 4.1 27.4421
      vertex 4.40208 4.1 27.4421
    endloop
  endfacet
  facet normal 0 -1 0
    outer loop
      vertex 4.5487 4.1 27.2749
      vertex 47.0513 4.1 27.2749
      vertex 47.1979 4.1 27.4421
    endloop
  endfacet
  facet normal 0 -1 0
    outer loop
      vertex 4.67224 4.1 27.09
      vertex 47.0513 4.1 27.2749
      vertex 4.5487 4.1 27.2749
    endloop
  endfacet
  facet normal 0 -1 0
    outer loop
      vertex 4.67224 4.1 27.09
      vertex 46.9278 4.1 27.09
      vertex 47.0513 4.1 27.2749
    endloop
  endfacet
  facet normal 0 -1 0
    outer loop
      vertex 4.77059 4.1 26.8906
      vertex 46.9278 4.1 27.09
      vertex 4.67224 4.1 27.09
    endloop
  endfacet
  facet normal 0 -1 0
    outer loop
      vertex 4.77059 4.1 26.8906
      vertex 46.8294 4.1 26.8906
      vertex 46.9278 4.1 27.09
    endloop
  endfacet
  facet normal 0 -1 0
    outer loop
      vertex 4.84207 4.1 26.68
      vertex 46.8294 4.1 26.8906
      vertex 4.77059 4.1 26.8906
    endloop
  endfacet
  facet normal 0 -1 0
    outer loop
      vertex 4.84207 4.1 26.68
      vertex 46.7579 4.1 26.68
      vertex 46.8294 4.1 26.8906
    endloop
  endfacet
  facet normal 0 -1 0
    outer loop
      vertex 4.88546 4.1 26.4619
      vertex 46.7579 4.1 26.68
      vertex 4.84207 4.1 26.68
    endloop
  endfacet
  facet normal 0 -1 0
    outer loop
      vertex 4.88546 4.1 26.4619
      vertex 46.7145 4.1 26.4619
      vertex 46.7579 4.1 26.68
    endloop
  endfacet
  facet normal 0 -1 0
    outer loop
      vertex 4.9 4.1 26.24
      vertex 46.7145 4.1 26.4619
      vertex 4.88546 4.1 26.4619
    endloop
  endfacet
  facet normal 0 -1 0
    outer loop
      vertex 4.9 4.1 26.24
      vertex 46.7 4.1 26.24
      vertex 46.7145 4.1 26.4619
    endloop
  endfacet
  facet normal 0 -1 0
    outer loop
      vertex 4.88546 4.1 26.0181
      vertex 46.7 4.1 26.24
      vertex 4.9 4.1 26.24
    endloop
  endfacet
  facet normal 0 -1 0
    outer loop
      vertex 4.88546 4.1 26.0181
      vertex 46.7145 4.1 26.0181
      vertex 46.7 4.1 26.24
    endloop
  endfacet
  facet normal 0 -1 0
    outer loop
      vertex 4.84207 4.1 25.8
      vertex 46.7145 4.1 26.0181
      vertex 4.88546 4.1 26.0181
    endloop
  endfacet
  facet normal 0 -1 0
    outer loop
      vertex 4.84207 4.1 25.8
      vertex 46.7579 4.1 25.8
      vertex 46.7145 4.1 26.0181
    endloop
  endfacet
  facet normal 0 -1 0
    outer loop
      vertex 4.77059 4.1 25.5894
      vertex 46.7579 4.1 25.8
      vertex 4.84207 4.1 25.8
    endloop
  endfacet
  facet normal 0 -1 0
    outer loop
      vertex 4.77059 4.1 25.5894
      vertex 46.8294 4.1 25.5894
      vertex 46.7579 4.1 25.8
    endloop
  endfacet
  facet normal 0 -1 0
    outer loop
      vertex 4.67224 4.1 25.39
      vertex 46.8294 4.1 25.5894
      vertex 4.77059 4.1 25.5894
    endloop
  endfacet
  facet normal 0 -1 0
    outer loop
      vertex 4.67224 4.1 25.39
      vertex 46.9278 4.1 25.39
      vertex 46.8294 4.1 25.5894
    endloop
  endfacet
  facet normal 0 -1 0
    outer loop
      vertex 4.05 4.1 7.23224
      vertex 4.05 4.1 24.7678
      vertex 3.85056 4.1 7.3306
    endloop
  endfacet
  facet normal 0 -1 0
    outer loop
      vertex 4.05 4.1 24.7678
      vertex 4.05 4.1 7.23224
      vertex 4.23489 4.1 24.8913
    endloop
  endfacet
  facet normal 0 -1 0
    outer loop
      vertex 3.85056 4.1 24.6694
      vertex 3.85056 4.1 7.3306
      vertex 4.05 4.1 24.7678
    endloop
  endfacet
  facet normal 0 -1 0
    outer loop
      vertex 4.23489 4.1 7.1087
      vertex 4.23489 4.1 24.8913
      vertex 4.05 4.1 7.23224
    endloop
  endfacet
  facet normal 0 -1 0
    outer loop
      vertex 3.85056 4.1 7.3306
      vertex 3.85056 4.1 24.6694
      vertex 3.63999 4.1 7.40207
    endloop
  endfacet
  facet normal 0 -1 0
    outer loop
      vertex 46.9278 4.1 25.39
      vertex 48.4 4.1 7.46
      vertex 47.0513 4.1 25.2051
    endloop
  endfacet
  facet normal 0 -1 0
    outer loop
      vertex 3.63999 4.1 24.5979
      vertex 3.63999 4.1 7.40207
      vertex 3.85056 4.1 24.6694
    endloop
  endfacet
  facet normal 0 -1 0
    outer loop
      vertex 47.0513 4.1 25.2051
      vertex 48.4 4.1 7.46
      vertex 47.1979 4.1 25.0379
    endloop
  endfacet
  facet normal 0 -1 0
    outer loop
      vertex 3.63999 4.1 7.40207
      vertex 3.63999 4.1 24.5979
      vertex 3.42189 4.1 7.44546
    endloop
  endfacet
  facet normal 0 -1 0
    outer loop
      vertex 47.1979 4.1 25.0379
      vertex 48.4 4.1 7.46
      vertex 47.3651 4.1 24.8913
    endloop
  endfacet
  facet normal 0 -1 0
    outer loop
      vertex 3.42189 4.1 24.5545
      vertex 3.42189 4.1 7.44546
      vertex 3.63999 4.1 24.5979
    endloop
  endfacet
  facet normal 0 -1 0
    outer loop
      vertex 47.3651 4.1 24.8913
      vertex 48.4 4.1 7.46
      vertex 47.55 4.1 24.7678
    endloop
  endfacet
  facet normal 0 -1 0
    outer loop
      vertex 3.42189 4.1 7.44546
      vertex 3.42189 4.1 24.5545
      vertex 3.2 4.1 7.46
    endloop
  endfacet
  facet normal 0 -1 0
    outer loop
      vertex 47.55 4.1 24.7678
      vertex 48.4 4.1 7.46
      vertex 47.7494 4.1 24.6694
    endloop
  endfacet
  facet normal 0 -1 0
    outer loop
      vertex 3.2 4.1 7.46
      vertex 3.42189 4.1 24.5545
      vertex 3.2 4.1 24.54
    endloop
  endfacet
  facet normal 0 -1 0
    outer loop
      vertex 47.7494 4.1 24.6694
      vertex 48.4 4.1 7.46
      vertex 47.96 4.1 24.5979
    endloop
  endfacet
  facet normal 0 -1 0
    outer loop
      vertex 3.42189 4.1 27.9255
      vertex 0 4.1 31.6
      vertex 3.2 4.1 27.94
    endloop
  endfacet
  facet normal 0 -1 0
    outer loop
      vertex 0 4.1 31.6
      vertex 2.9781 4.1 27.9255
      vertex 3.2 4.1 27.94
    endloop
  endfacet
  facet normal 0 -1 0
    outer loop
      vertex 0 4.1 31.6
      vertex 2.76001 4.1 27.8821
      vertex 2.9781 4.1 27.9255
    endloop
  endfacet
  facet normal 0 -1 0
    outer loop
      vertex 0 4.1 31.6
      vertex 2.54944 4.1 27.8106
      vertex 2.76001 4.1 27.8821
    endloop
  endfacet
  facet normal 0 -1 0
    outer loop
      vertex 0 4.1 31.6
      vertex 2.35 4.1 27.7122
      vertex 2.54944 4.1 27.8106
    endloop
  endfacet
  facet normal 0 -1 0
    outer loop
      vertex 0 4.1 31.6
      vertex 2.1651 4.1 27.5887
      vertex 2.35 4.1 27.7122
    endloop
  endfacet
  facet normal 0 -1 0
    outer loop
      vertex 0 4.1 31.6
      vertex 1.99792 4.1 27.4421
      vertex 2.1651 4.1 27.5887
    endloop
  endfacet
  facet normal 0 -1 0
    outer loop
      vertex 0 4.1 31.6
      vertex 1.8513 4.1 27.2749
      vertex 1.99792 4.1 27.4421
    endloop
  endfacet
  facet normal 0 -1 0
    outer loop
      vertex 0 4.1 31.6
      vertex 1.72776 4.1 27.09
      vertex 1.8513 4.1 27.2749
    endloop
  endfacet
  facet normal 0 -1 0
    outer loop
      vertex 0 4.1 31.6
      vertex 1.6294 4.1 26.8906
      vertex 1.72776 4.1 27.09
    endloop
  endfacet
  facet normal 0 -1 0
    outer loop
      vertex 0 4.1 31.6
      vertex 1.55793 4.1 26.68
      vertex 1.6294 4.1 26.8906
    endloop
  endfacet
  facet normal 0 -1 0
    outer loop
      vertex 0 4.1 31.6
      vertex 1.51454 4.1 26.4619
      vertex 1.55793 4.1 26.68
    endloop
  endfacet
  facet normal 0 -1 0
    outer loop
      vertex 0 4.1 31.6
      vertex 1.5 4.1 26.24
      vertex 1.51454 4.1 26.4619
    endloop
  endfacet
  facet normal 0 -1 0
    outer loop
      vertex 0 4.1 31.6
      vertex 1.51454 4.1 26.0181
      vertex 1.5 4.1 26.24
    endloop
  endfacet
  facet normal 0 -1 0
    outer loop
      vertex 0 4.1 31.6
      vertex 1.55793 4.1 25.8
      vertex 1.51454 4.1 26.0181
    endloop
  endfacet
  facet normal 0 -1 0
    outer loop
      vertex 47.96 4.1 24.5979
      vertex 48.4 4.1 7.46
      vertex 48.1781 4.1 24.5545
    endloop
  endfacet
  facet normal 0 -1 0
    outer loop
      vertex 2.9781 4.1 24.5545
      vertex 3.2 4.1 7.46
      vertex 3.2 4.1 24.54
    endloop
  endfacet
  facet normal 0 -1 0
    outer loop
      vertex 2.9781 4.1 7.44546
      vertex 2.9781 4.1 24.5545
      vertex 2.76001 4.1 24.5979
    endloop
  endfacet
  facet normal 0 -1 0
    outer loop
      vertex 2.76001 4.1 7.40207
      vertex 2.76001 4.1 24.5979
      vertex 2.54944 4.1 24.6694
    endloop
  endfacet
  facet normal 0 -1 0
    outer loop
      vertex 2.54944 4.1 7.3306
      vertex 2.54944 4.1 24.6694
      vertex 2.35 4.1 24.7678
    endloop
  endfacet
  facet normal 0 -1 0
    outer loop
      vertex 2.35 4.1 7.23224
      vertex 2.35 4.1 24.7678
      vertex 2.1651 4.1 24.8913
    endloop
  endfacet
  facet normal 0 -1 0
    outer loop
      vertex 2.1651 4.1 7.1087
      vertex 2.1651 4.1 24.8913
      vertex 1.99792 4.1 25.0379
    endloop
  endfacet
  facet normal 0 -1 0
    outer loop
      vertex 1.99792 4.1 6.96208
      vertex 1.99792 4.1 25.0379
      vertex 1.8513 4.1 25.2051
    endloop
  endfacet
  facet normal 0 -1 0
    outer loop
      vertex 1.8513 4.1 6.79489
      vertex 1.8513 4.1 25.2051
      vertex 1.72776 4.1 25.39
    endloop
  endfacet
  facet normal 0 -1 0
    outer loop
      vertex 1.72776 4.1 6.61
      vertex 1.72776 4.1 25.39
      vertex 1.6294 4.1 25.5894
    endloop
  endfacet
  facet normal 0 -1 0
    outer loop
      vertex 1.6294 4.1 6.41056
      vertex 1.6294 4.1 25.5894
      vertex 1.55793 4.1 25.8
    endloop
  endfacet
  facet normal 0 -1 0
    outer loop
      vertex 1.55793 4.1 6.19999
      vertex 1.55793 4.1 25.8
      vertex 0 4.1 31.6
    endloop
  endfacet
  facet normal 0 -1 0
    outer loop
      vertex 2.9781 4.1 24.5545
      vertex 2.9781 4.1 7.44546
      vertex 3.2 4.1 7.46
    endloop
  endfacet
  facet normal 0 -1 0
    outer loop
      vertex 2.76001 4.1 24.5979
      vertex 2.76001 4.1 7.40207
      vertex 2.9781 4.1 7.44546
    endloop
  endfacet
  facet normal 0 -1 0
    outer loop
      vertex 2.54944 4.1 24.6694
      vertex 2.54944 4.1 7.3306
      vertex 2.76001 4.1 7.40207
    endloop
  endfacet
  facet normal 0 -1 0
    outer loop
      vertex 2.35 4.1 24.7678
      vertex 2.35 4.1 7.23224
      vertex 2.54944 4.1 7.3306
    endloop
  endfacet
  facet normal 0 -1 0
    outer loop
      vertex 2.1651 4.1 24.8913
      vertex 2.1651 4.1 7.1087
      vertex 2.35 4.1 7.23224
    endloop
  endfacet
  facet normal 0 -1 0
    outer loop
      vertex 1.99792 4.1 25.0379
      vertex 1.99792 4.1 6.96208
      vertex 2.1651 4.1 7.1087
    endloop
  endfacet
  facet normal 0 -1 0
    outer loop
      vertex 1.8513 4.1 25.2051
      vertex 1.8513 4.1 6.79489
      vertex 1.99792 4.1 6.96208
    endloop
  endfacet
  facet normal 0 -1 0
    outer loop
      vertex 1.72776 4.1 25.39
      vertex 1.72776 4.1 6.61
      vertex 1.8513 4.1 6.79489
    endloop
  endfacet
  facet normal 0 -1 0
    outer loop
      vertex 1.6294 4.1 25.5894
      vertex 1.6294 4.1 6.41056
      vertex 1.72776 4.1 6.61
    endloop
  endfacet
  facet normal 0 -1 0
    outer loop
      vertex 1.55793 4.1 25.8
      vertex 1.55793 4.1 6.19999
      vertex 1.6294 4.1 6.41056
    endloop
  endfacet
  facet normal 0 -1 0
    outer loop
      vertex 0 4.1 31.6
      vertex 1.51454 4.1 5.98189
      vertex 1.55793 4.1 6.19999
    endloop
  endfacet
  facet normal 0 -1 0
    outer loop
      vertex 0 4.1 0
      vertex 1.51454 4.1 5.98189
      vertex 0 4.1 31.6
    endloop
  endfacet
  facet normal 0 -1 0
    outer loop
      vertex 47.96 4.1 4.11793
      vertex 51.6 4.1 0
      vertex 48.1781 4.1 4.07454
    endloop
  endfacet
  facet normal 0 -1 -0
    outer loop
      vertex 2.9781 4.1 4.07454
      vertex 0 4.1 0
      vertex 3.2 4.1 4.06
    endloop
  endfacet
  facet normal 0 -1 -0
    outer loop
      vertex 2.76001 4.1 4.11793
      vertex 0 4.1 0
      vertex 2.9781 4.1 4.07454
    endloop
  endfacet
  facet normal 0 -1 -0
    outer loop
      vertex 2.54944 4.1 4.1894
      vertex 0 4.1 0
      vertex 2.76001 4.1 4.11793
    endloop
  endfacet
  facet normal 0 -1 -0
    outer loop
      vertex 2.35 4.1 4.28776
      vertex 0 4.1 0
      vertex 2.54944 4.1 4.1894
    endloop
  endfacet
  facet normal 0 -1 -0
    outer loop
      vertex 2.1651 4.1 4.4113
      vertex 0 4.1 0
      vertex 2.35 4.1 4.28776
    endloop
  endfacet
  facet normal 0 -1 -0
    outer loop
      vertex 1.99792 4.1 4.55792
      vertex 0 4.1 0
      vertex 2.1651 4.1 4.4113
    endloop
  endfacet
  facet normal 0 -1 -0
    outer loop
      vertex 1.8513 4.1 4.72511
      vertex 0 4.1 0
      vertex 1.99792 4.1 4.55792
    endloop
  endfacet
  facet normal 0 -1 -0
    outer loop
      vertex 1.72776 4.1 4.91
      vertex 0 4.1 0
      vertex 1.8513 4.1 4.72511
    endloop
  endfacet
  facet normal 0 -1 -0
    outer loop
      vertex 1.6294 4.1 5.10944
      vertex 0 4.1 0
      vertex 1.72776 4.1 4.91
    endloop
  endfacet
  facet normal 0 -1 -0
    outer loop
      vertex 1.55793 4.1 5.32001
      vertex 0 4.1 0
      vertex 1.6294 4.1 5.10944
    endloop
  endfacet
  facet normal 0 -1 -0
    outer loop
      vertex 1.51454 4.1 5.53811
      vertex 0 4.1 0
      vertex 1.55793 4.1 5.32001
    endloop
  endfacet
  facet normal 0 -1 -0
    outer loop
      vertex 1.5 4.1 5.76
      vertex 0 4.1 0
      vertex 1.51454 4.1 5.53811
    endloop
  endfacet
  facet normal 0 -1 0
    outer loop
      vertex 1.51454 4.1 5.98189
      vertex 0 4.1 0
      vertex 1.5 4.1 5.76
    endloop
  endfacet
  facet normal 0 -1 0
    outer loop
      vertex 3.63999 4.1 27.8821
      vertex 0 4.1 31.6
      vertex 3.42189 4.1 27.9255
    endloop
  endfacet
  facet normal 0 -1 0
    outer loop
      vertex 48.6219 4.1 27.9255
      vertex 51.6 4.1 31.6
      vertex 48.4 4.1 27.94
    endloop
  endfacet
  facet normal 0 -1 0
    outer loop
      vertex 48.84 4.1 27.8821
      vertex 51.6 4.1 31.6
      vertex 48.6219 4.1 27.9255
    endloop
  endfacet
  facet normal 0 -1 0
    outer loop
      vertex 49.0506 4.1 27.8106
      vertex 51.6 4.1 31.6
      vertex 48.84 4.1 27.8821
    endloop
  endfacet
  facet normal 0 -1 0
    outer loop
      vertex 49.25 4.1 27.7122
      vertex 51.6 4.1 31.6
      vertex 49.0506 4.1 27.8106
    endloop
  endfacet
  facet normal 0 -1 0
    outer loop
      vertex 49.4349 4.1 27.5887
      vertex 51.6 4.1 31.6
      vertex 49.25 4.1 27.7122
    endloop
  endfacet
  facet normal 0 -1 0
    outer loop
      vertex 49.6021 4.1 27.4421
      vertex 51.6 4.1 31.6
      vertex 49.4349 4.1 27.5887
    endloop
  endfacet
  facet normal 0 -1 0
    outer loop
      vertex 49.7487 4.1 27.2749
      vertex 51.6 4.1 31.6
      vertex 49.6021 4.1 27.4421
    endloop
  endfacet
  facet normal 0 -1 0
    outer loop
      vertex 49.8722 4.1 27.09
      vertex 51.6 4.1 31.6
      vertex 49.7487 4.1 27.2749
    endloop
  endfacet
  facet normal 0 -1 0
    outer loop
      vertex 49.9706 4.1 26.8906
      vertex 51.6 4.1 31.6
      vertex 49.8722 4.1 27.09
    endloop
  endfacet
  facet normal 0 -1 0
    outer loop
      vertex 50.0421 4.1 26.68
      vertex 51.6 4.1 31.6
      vertex 49.9706 4.1 26.8906
    endloop
  endfacet
  facet normal 0 -1 0
    outer loop
      vertex 50.0855 4.1 26.4619
      vertex 51.6 4.1 31.6
      vertex 50.0421 4.1 26.68
    endloop
  endfacet
  facet normal 0 -1 0
    outer loop
      vertex 50.1 4.1 26.24
      vertex 51.6 4.1 31.6
      vertex 50.0855 4.1 26.4619
    endloop
  endfacet
  facet normal 0 -1 0
    outer loop
      vertex 50.0855 4.1 26.0181
      vertex 51.6 4.1 31.6
      vertex 50.1 4.1 26.24
    endloop
  endfacet
  facet normal 0 -1 0
    outer loop
      vertex 50.0421 4.1 25.8
      vertex 51.6 4.1 31.6
      vertex 50.0855 4.1 26.0181
    endloop
  endfacet
  facet normal 0 -1 0
    outer loop
      vertex 48.1781 4.1 24.5545
      vertex 48.4 4.1 7.46
      vertex 48.4 4.1 24.54
    endloop
  endfacet
  facet normal 0 -1 0
    outer loop
      vertex 48.4 4.1 24.54
      vertex 48.4 4.1 7.46
      vertex 48.6219 4.1 24.5545
    endloop
  endfacet
  facet normal 0 -1 0
    outer loop
      vertex 48.6219 4.1 7.44546
      vertex 48.6219 4.1 24.5545
      vertex 48.4 4.1 7.46
    endloop
  endfacet
  facet normal 0 -1 0
    outer loop
      vertex 48.6219 4.1 24.5545
      vertex 48.6219 4.1 7.44546
      vertex 48.84 4.1 24.5979
    endloop
  endfacet
  facet normal 0 -1 0
    outer loop
      vertex 48.84 4.1 7.40207
      vertex 48.84 4.1 24.5979
      vertex 48.6219 4.1 7.44546
    endloop
  endfacet
  facet normal 0 -1 0
    outer loop
      vertex 48.84 4.1 24.5979
      vertex 48.84 4.1 7.40207
      vertex 49.0506 4.1 24.6694
    endloop
  endfacet
  facet normal 0 -1 0
    outer loop
      vertex 49.0506 4.1 7.3306
      vertex 49.0506 4.1 24.6694
      vertex 48.84 4.1 7.40207
    endloop
  endfacet
  facet normal 0 -1 0
    outer loop
      vertex 49.0506 4.1 24.6694
      vertex 49.0506 4.1 7.3306
      vertex 49.25 4.1 24.7678
    endloop
  endfacet
  facet normal 0 -1 0
    outer loop
      vertex 49.25 4.1 7.23224
      vertex 49.25 4.1 24.7678
      vertex 49.0506 4.1 7.3306
    endloop
  endfacet
  facet normal 0 -1 0
    outer loop
      vertex 49.25 4.1 24.7678
      vertex 49.25 4.1 7.23224
      vertex 49.4349 4.1 24.8913
    endloop
  endfacet
  facet normal 0 -1 0
    outer loop
      vertex 49.4349 4.1 7.1087
      vertex 49.4349 4.1 24.8913
      vertex 49.25 4.1 7.23224
    endloop
  endfacet
  facet normal 0 -1 0
    outer loop
      vertex 49.4349 4.1 24.8913
      vertex 49.4349 4.1 7.1087
      vertex 49.6021 4.1 25.0379
    endloop
  endfacet
  facet normal 0 -1 0
    outer loop
      vertex 49.6021 4.1 6.96208
      vertex 49.6021 4.1 25.0379
      vertex 49.4349 4.1 7.1087
    endloop
  endfacet
  facet normal 0 -1 0
    outer loop
      vertex 49.6021 4.1 25.0379
      vertex 49.6021 4.1 6.96208
      vertex 49.7487 4.1 25.2051
    endloop
  endfacet
  facet normal 0 -1 0
    outer loop
      vertex 49.7487 4.1 6.79489
      vertex 49.7487 4.1 25.2051
      vertex 49.6021 4.1 6.96208
    endloop
  endfacet
  facet normal 0 -1 0
    outer loop
      vertex 49.7487 4.1 25.2051
      vertex 49.7487 4.1 6.79489
      vertex 49.8722 4.1 25.39
    endloop
  endfacet
  facet normal 0 -1 0
    outer loop
      vertex 49.8722 4.1 6.61
      vertex 49.8722 4.1 25.39
      vertex 49.7487 4.1 6.79489
    endloop
  endfacet
  facet normal 0 -1 0
    outer loop
      vertex 49.8722 4.1 25.39
      vertex 49.8722 4.1 6.61
      vertex 49.9706 4.1 25.5894
    endloop
  endfacet
  facet normal 0 -1 0
    outer loop
      vertex 49.9706 4.1 6.41056
      vertex 49.9706 4.1 25.5894
      vertex 49.8722 4.1 6.61
    endloop
  endfacet
  facet normal 0 -1 0
    outer loop
      vertex 49.9706 4.1 25.5894
      vertex 49.9706 4.1 6.41056
      vertex 50.0421 4.1 25.8
    endloop
  endfacet
  facet normal 0 -1 0
    outer loop
      vertex 50.0421 4.1 6.19999
      vertex 50.0421 4.1 25.8
      vertex 49.9706 4.1 6.41056
    endloop
  endfacet
  facet normal 0 -1 0
    outer loop
      vertex 50.0421 4.1 25.8
      vertex 50.0421 4.1 6.19999
      vertex 51.6 4.1 31.6
    endloop
  endfacet
  facet normal 0 -1 0
    outer loop
      vertex 50.0855 4.1 5.98189
      vertex 51.6 4.1 31.6
      vertex 50.0421 4.1 6.19999
    endloop
  endfacet
  facet normal 0 -1 0
    outer loop
      vertex 51.6 4.1 0
      vertex 50.0855 4.1 5.98189
      vertex 50.1 4.1 5.76
    endloop
  endfacet
  facet normal 0 -1 0
    outer loop
      vertex 48.1781 4.1 4.07454
      vertex 51.6 4.1 0
      vertex 48.4 4.1 4.06
    endloop
  endfacet
  facet normal 0 -1 0
    outer loop
      vertex 50.0855 4.1 5.98189
      vertex 51.6 4.1 0
      vertex 51.6 4.1 31.6
    endloop
  endfacet
  facet normal 0 -1 0
    outer loop
      vertex 50.0855 4.1 5.53811
      vertex 51.6 4.1 0
      vertex 50.1 4.1 5.76
    endloop
  endfacet
  facet normal 0 -1 0
    outer loop
      vertex 50.0421 4.1 5.32001
      vertex 51.6 4.1 0
      vertex 50.0855 4.1 5.53811
    endloop
  endfacet
  facet normal 0 -1 0
    outer loop
      vertex 49.9706 4.1 5.10944
      vertex 51.6 4.1 0
      vertex 50.0421 4.1 5.32001
    endloop
  endfacet
  facet normal 0 -1 0
    outer loop
      vertex 49.8722 4.1 4.91
      vertex 51.6 4.1 0
      vertex 49.9706 4.1 5.10944
    endloop
  endfacet
  facet normal 0 -1 0
    outer loop
      vertex 49.7487 4.1 4.72511
      vertex 51.6 4.1 0
      vertex 49.8722 4.1 4.91
    endloop
  endfacet
  facet normal 0 -1 0
    outer loop
      vertex 49.6021 4.1 4.55792
      vertex 51.6 4.1 0
      vertex 49.7487 4.1 4.72511
    endloop
  endfacet
  facet normal 0 -1 0
    outer loop
      vertex 49.4349 4.1 4.4113
      vertex 51.6 4.1 0
      vertex 49.6021 4.1 4.55792
    endloop
  endfacet
  facet normal 0 -1 0
    outer loop
      vertex 49.25 4.1 4.28776
      vertex 51.6 4.1 0
      vertex 49.4349 4.1 4.4113
    endloop
  endfacet
  facet normal 0 -1 0
    outer loop
      vertex 49.0506 4.1 4.1894
      vertex 51.6 4.1 0
      vertex 49.25 4.1 4.28776
    endloop
  endfacet
  facet normal 0 -1 0
    outer loop
      vertex 48.84 4.1 4.11793
      vertex 51.6 4.1 0
      vertex 49.0506 4.1 4.1894
    endloop
  endfacet
  facet normal 0 -1 0
    outer loop
      vertex 48.6219 4.1 4.07454
      vertex 51.6 4.1 0
      vertex 48.84 4.1 4.11793
    endloop
  endfacet
  facet normal 0 -1 0
    outer loop
      vertex 48.4 4.1 4.06
      vertex 51.6 4.1 0
      vertex 48.6219 4.1 4.07454
    endloop
  endfacet
  facet normal 0 1 0
    outer loop
      vertex 3.65684 -0.0999994 9.23006
      vertex 2.74316 -0.0999994 9.23006
      vertex 3.2 -0.0999994 9.26
    endloop
  endfacet
  facet normal 0 1 0
    outer loop
      vertex 4.10587 -0.0999994 9.14074
      vertex 2.74316 -0.0999994 9.23006
      vertex 3.65684 -0.0999994 9.23006
    endloop
  endfacet
  facet normal 0 1 0
    outer loop
      vertex 4.10587 -0.0999994 9.14074
      vertex 2.29413 -0.0999994 9.14074
      vertex 2.74316 -0.0999994 9.23006
    endloop
  endfacet
  facet normal 0 1 0
    outer loop
      vertex 4.53939 -0.0999994 8.99358
      vertex 2.29413 -0.0999994 9.14074
      vertex 4.10587 -0.0999994 9.14074
    endloop
  endfacet
  facet normal 0 1 0
    outer loop
      vertex 4.53939 -0.0999994 8.99358
      vertex 1.86061 -0.0999994 8.99358
      vertex 2.29413 -0.0999994 9.14074
    endloop
  endfacet
  facet normal 0 1 0
    outer loop
      vertex 4.95 -0.0999994 8.79109
      vertex 1.86061 -0.0999994 8.99358
      vertex 4.53939 -0.0999994 8.99358
    endloop
  endfacet
  facet normal 0 1 0
    outer loop
      vertex 4.95 -0.0999994 8.79109
      vertex 1.45 -0.0999994 8.79109
      vertex 1.86061 -0.0999994 8.99358
    endloop
  endfacet
  facet normal 0 1 0
    outer loop
      vertex 5.33066 -0.0999994 8.53674
      vertex 1.45 -0.0999994 8.79109
      vertex 4.95 -0.0999994 8.79109
    endloop
  endfacet
  facet normal 0 1 0
    outer loop
      vertex 5.33066 -0.0999994 8.53674
      vertex 1.06933 -0.0999994 8.53674
      vertex 1.45 -0.0999994 8.79109
    endloop
  endfacet
  facet normal 0 1 0
    outer loop
      vertex 5.67487 -0.0999994 8.23487
      vertex 1.06933 -0.0999994 8.53674
      vertex 5.33066 -0.0999994 8.53674
    endloop
  endfacet
  facet normal 0 1 0
    outer loop
      vertex 5.67487 -0.0999994 8.23487
      vertex 0.725125 -0.0999994 8.23487
      vertex 1.06933 -0.0999994 8.53674
    endloop
  endfacet
  facet normal 0 1 0
    outer loop
      vertex 5.97674 -0.0999994 7.89066
      vertex 0.725125 -0.0999994 8.23487
      vertex 5.67487 -0.0999994 8.23487
    endloop
  endfacet
  facet normal 0 1 0
    outer loop
      vertex 5.97674 -0.0999994 7.89066
      vertex 0.423263 -0.0999994 7.89066
      vertex 0.725125 -0.0999994 8.23487
    endloop
  endfacet
  facet normal 0 1 0
    outer loop
      vertex 6.23109 -0.0999994 7.51
      vertex 0.423263 -0.0999994 7.89066
      vertex 5.97674 -0.0999994 7.89066
    endloop
  endfacet
  facet normal 0 1 0
    outer loop
      vertex 0 -0.0999994 7.16748
      vertex 0.423263 -0.0999994 7.89066
      vertex 6.23109 -0.0999994 7.51
    endloop
  endfacet
  facet normal 0 1 0
    outer loop
      vertex 0.423263 -0.0999994 7.89066
      vertex 0 -0.0999994 7.16748
      vertex 0.168911 -0.0999994 7.51
    endloop
  endfacet
  facet normal 0 1 0
    outer loop
      vertex 6.43358 -0.0999994 7.09939
      vertex 0 -0.0999994 7.16748
      vertex 6.23109 -0.0999994 7.51
    endloop
  endfacet
  facet normal 0 1 0
    outer loop
      vertex 6.58074 -0.0999994 6.66587
      vertex 0 -0.0999994 7.16748
      vertex 6.43358 -0.0999994 7.09939
    endloop
  endfacet
  facet normal 0 1 0
    outer loop
      vertex 6.67006 -0.0999994 6.21684
      vertex 0 -0.0999994 7.16748
      vertex 6.58074 -0.0999994 6.66587
    endloop
  endfacet
  facet normal 0 1 0
    outer loop
      vertex 6.7 -0.0999994 5.76
      vertex 0 -0.0999994 7.16748
      vertex 6.67006 -0.0999994 6.21684
    endloop
  endfacet
  facet normal 0 1 -0
    outer loop
      vertex 6.67006 -0.0999994 5.30316
      vertex 0 -0.0999994 7.16748
      vertex 6.7 -0.0999994 5.76
    endloop
  endfacet
  facet normal 0 1 -0
    outer loop
      vertex 6.58074 -0.0999994 4.85413
      vertex 0 -0.0999994 7.16748
      vertex 6.67006 -0.0999994 5.30316
    endloop
  endfacet
  facet normal 0 1 -0
    outer loop
      vertex 6.43358 -0.0999994 4.42061
      vertex 0 -0.0999994 7.16748
      vertex 6.58074 -0.0999994 4.85413
    endloop
  endfacet
  facet normal 0 1 0
    outer loop
      vertex 6.43358 -0.0999994 4.42061
      vertex 0 -0.0999994 4.35252
      vertex 0 -0.0999994 7.16748
    endloop
  endfacet
  facet normal 0 1 -0
    outer loop
      vertex 6.23109 -0.0999994 4.01
      vertex 0 -0.0999994 4.35252
      vertex 6.43358 -0.0999994 4.42061
    endloop
  endfacet
  facet normal 0 1 -0
    outer loop
      vertex 5.97674 -0.0999994 3.62933
      vertex 0 -0.0999994 4.35252
      vertex 6.23109 -0.0999994 4.01
    endloop
  endfacet
  facet normal 0 1 -0
    outer loop
      vertex 0.423263 -0.0999994 3.62933
      vertex 0 -0.0999994 4.35252
      vertex 5.97674 -0.0999994 3.62933
    endloop
  endfacet
  facet normal 0 1 0
    outer loop
      vertex 0 -0.0999994 4.35252
      vertex 0.423263 -0.0999994 3.62933
      vertex 0.168911 -0.0999994 4.01
    endloop
  endfacet
  facet normal 0 1 -0
    outer loop
      vertex 5.67487 -0.0999994 3.28513
      vertex 0.423263 -0.0999994 3.62933
      vertex 5.97674 -0.0999994 3.62933
    endloop
  endfacet
  facet normal 0 1 0
    outer loop
      vertex 5.67487 -0.0999994 3.28513
      vertex 0.725125 -0.0999994 3.28513
      vertex 0.423263 -0.0999994 3.62933
    endloop
  endfacet
  facet normal 0 1 -0
    outer loop
      vertex 5.33066 -0.0999994 2.98326
      vertex 0.725125 -0.0999994 3.28513
      vertex 5.67487 -0.0999994 3.28513
    endloop
  endfacet
  facet normal 0 1 0
    outer loop
      vertex 5.33066 -0.0999994 2.98326
      vertex 1.06933 -0.0999994 2.98326
      vertex 0.725125 -0.0999994 3.28513
    endloop
  endfacet
  facet normal 0 1 -0
    outer loop
      vertex 4.95 -0.0999994 2.72891
      vertex 1.06933 -0.0999994 2.98326
      vertex 5.33066 -0.0999994 2.98326
    endloop
  endfacet
  facet normal 0 1 0
    outer loop
      vertex 4.95 -0.0999994 2.72891
      vertex 1.45 -0.0999994 2.72891
      vertex 1.06933 -0.0999994 2.98326
    endloop
  endfacet
  facet normal 0 1 -0
    outer loop
      vertex 4.53939 -0.0999994 2.52642
      vertex 1.45 -0.0999994 2.72891
      vertex 4.95 -0.0999994 2.72891
    endloop
  endfacet
  facet normal 0 1 0
    outer loop
      vertex 4.53939 -0.0999994 2.52642
      vertex 1.86061 -0.0999994 2.52642
      vertex 1.45 -0.0999994 2.72891
    endloop
  endfacet
  facet normal 0 1 -0
    outer loop
      vertex 4.10587 -0.0999994 2.37926
      vertex 1.86061 -0.0999994 2.52642
      vertex 4.53939 -0.0999994 2.52642
    endloop
  endfacet
  facet normal 0 1 0
    outer loop
      vertex 4.10587 -0.0999994 2.37926
      vertex 2.29413 -0.0999994 2.37926
      vertex 1.86061 -0.0999994 2.52642
    endloop
  endfacet
  facet normal 0 1 -0
    outer loop
      vertex 3.65684 -0.0999994 2.28994
      vertex 2.29413 -0.0999994 2.37926
      vertex 4.10587 -0.0999994 2.37926
    endloop
  endfacet
  facet normal 0 1 0
    outer loop
      vertex 3.65684 -0.0999994 2.28994
      vertex 2.74316 -0.0999994 2.28994
      vertex 2.29413 -0.0999994 2.37926
    endloop
  endfacet
  facet normal -0 1 0
    outer loop
      vertex 2.74316 -0.0999994 2.28994
      vertex 3.65684 -0.0999994 2.28994
      vertex 3.2 -0.0999994 2.26
    endloop
  endfacet
  facet normal 0 1 0
    outer loop
      vertex 3.65684 -0.0999994 29.7101
      vertex 2.74316 -0.0999994 29.7101
      vertex 3.2 -0.0999994 29.74
    endloop
  endfacet
  facet normal 0 1 0
    outer loop
      vertex 4.10587 -0.0999994 29.6207
      vertex 2.74316 -0.0999994 29.7101
      vertex 3.65684 -0.0999994 29.7101
    endloop
  endfacet
  facet normal 0 1 0
    outer loop
      vertex 4.10587 -0.0999994 29.6207
      vertex 2.29413 -0.0999994 29.6207
      vertex 2.74316 -0.0999994 29.7101
    endloop
  endfacet
  facet normal 0 1 0
    outer loop
      vertex 4.53939 -0.0999994 29.4736
      vertex 2.29413 -0.0999994 29.6207
      vertex 4.10587 -0.0999994 29.6207
    endloop
  endfacet
  facet normal 0 1 0
    outer loop
      vertex 4.53939 -0.0999994 29.4736
      vertex 1.86061 -0.0999994 29.4736
      vertex 2.29413 -0.0999994 29.6207
    endloop
  endfacet
  facet normal 0 1 0
    outer loop
      vertex 4.95 -0.0999994 29.2711
      vertex 1.86061 -0.0999994 29.4736
      vertex 4.53939 -0.0999994 29.4736
    endloop
  endfacet
  facet normal 0 1 0
    outer loop
      vertex 4.95 -0.0999994 29.2711
      vertex 1.45 -0.0999994 29.2711
      vertex 1.86061 -0.0999994 29.4736
    endloop
  endfacet
  facet normal 0 1 0
    outer loop
      vertex 5.33066 -0.0999994 29.0167
      vertex 1.45 -0.0999994 29.2711
      vertex 4.95 -0.0999994 29.2711
    endloop
  endfacet
  facet normal 0 1 0
    outer loop
      vertex 5.33066 -0.0999994 29.0167
      vertex 1.06933 -0.0999994 29.0167
      vertex 1.45 -0.0999994 29.2711
    endloop
  endfacet
  facet normal 0 1 0
    outer loop
      vertex 5.67487 -0.0999994 28.7149
      vertex 1.06933 -0.0999994 29.0167
      vertex 5.33066 -0.0999994 29.0167
    endloop
  endfacet
  facet normal 0 1 0
    outer loop
      vertex 5.67487 -0.0999994 28.7149
      vertex 0.725125 -0.0999994 28.7149
      vertex 1.06933 -0.0999994 29.0167
    endloop
  endfacet
  facet normal 0 1 0
    outer loop
      vertex 5.97674 -0.0999994 28.3707
      vertex 0.725125 -0.0999994 28.7149
      vertex 5.67487 -0.0999994 28.7149
    endloop
  endfacet
  facet normal 0 1 0
    outer loop
      vertex 5.97674 -0.0999994 28.3707
      vertex 0.423263 -0.0999994 28.3707
      vertex 0.725125 -0.0999994 28.7149
    endloop
  endfacet
  facet normal 0 1 0
    outer loop
      vertex 6.23109 -0.0999994 27.99
      vertex 0.423263 -0.0999994 28.3707
      vertex 5.97674 -0.0999994 28.3707
    endloop
  endfacet
  facet normal 0 1 0
    outer loop
      vertex 0 -0.0999994 27.6475
      vertex 0.423263 -0.0999994 28.3707
      vertex 6.23109 -0.0999994 27.99
    endloop
  endfacet
  facet normal 0 1 0
    outer loop
      vertex 0.423263 -0.0999994 28.3707
      vertex 0 -0.0999994 27.6475
      vertex 0.168911 -0.0999994 27.99
    endloop
  endfacet
  facet normal 0 1 0
    outer loop
      vertex 6.43358 -0.0999994 27.5794
      vertex 0 -0.0999994 27.6475
      vertex 6.23109 -0.0999994 27.99
    endloop
  endfacet
  facet normal 0 1 0
    outer loop
      vertex 6.58074 -0.0999994 27.1459
      vertex 0 -0.0999994 27.6475
      vertex 6.43358 -0.0999994 27.5794
    endloop
  endfacet
  facet normal 0 1 0
    outer loop
      vertex 6.67006 -0.0999994 26.6968
      vertex 0 -0.0999994 27.6475
      vertex 6.58074 -0.0999994 27.1459
    endloop
  endfacet
  facet normal 0 1 0
    outer loop
      vertex 6.7 -0.0999994 26.24
      vertex 0 -0.0999994 27.6475
      vertex 6.67006 -0.0999994 26.6968
    endloop
  endfacet
  facet normal 0 1 -0
    outer loop
      vertex 6.67006 -0.0999994 25.7832
      vertex 0 -0.0999994 27.6475
      vertex 6.7 -0.0999994 26.24
    endloop
  endfacet
  facet normal 0 1 -0
    outer loop
      vertex 6.58074 -0.0999994 25.3341
      vertex 0 -0.0999994 27.6475
      vertex 6.67006 -0.0999994 25.7832
    endloop
  endfacet
  facet normal 0 1 -0
    outer loop
      vertex 6.43358 -0.0999994 24.9006
      vertex 0 -0.0999994 27.6475
      vertex 6.58074 -0.0999994 25.3341
    endloop
  endfacet
  facet normal 0 1 0
    outer loop
      vertex 6.43358 -0.0999994 24.9006
      vertex 0 -0.0999994 24.8325
      vertex 0 -0.0999994 27.6475
    endloop
  endfacet
  facet normal 0 1 -0
    outer loop
      vertex 6.23109 -0.0999994 24.49
      vertex 0 -0.0999994 24.8325
      vertex 6.43358 -0.0999994 24.9006
    endloop
  endfacet
  facet normal 0 1 -0
    outer loop
      vertex 5.97674 -0.0999994 24.1093
      vertex 0 -0.0999994 24.8325
      vertex 6.23109 -0.0999994 24.49
    endloop
  endfacet
  facet normal 0 1 -0
    outer loop
      vertex 0.423263 -0.0999994 24.1093
      vertex 0 -0.0999994 24.8325
      vertex 5.97674 -0.0999994 24.1093
    endloop
  endfacet
  facet normal 0 1 0
    outer loop
      vertex 0 -0.0999994 24.8325
      vertex 0.423263 -0.0999994 24.1093
      vertex 0.168911 -0.0999994 24.49
    endloop
  endfacet
  facet normal 0 1 -0
    outer loop
      vertex 5.67487 -0.0999994 23.7651
      vertex 0.423263 -0.0999994 24.1093
      vertex 5.97674 -0.0999994 24.1093
    endloop
  endfacet
  facet normal 0 1 0
    outer loop
      vertex 5.67487 -0.0999994 23.7651
      vertex 0.725125 -0.0999994 23.7651
      vertex 0.423263 -0.0999994 24.1093
    endloop
  endfacet
  facet normal 0 1 -0
    outer loop
      vertex 5.33066 -0.0999994 23.4633
      vertex 0.725125 -0.0999994 23.7651
      vertex 5.67487 -0.0999994 23.7651
    endloop
  endfacet
  facet normal 0 1 0
    outer loop
      vertex 5.33066 -0.0999994 23.4633
      vertex 1.06933 -0.0999994 23.4633
      vertex 0.725125 -0.0999994 23.7651
    endloop
  endfacet
  facet normal 0 1 -0
    outer loop
      vertex 4.95 -0.0999994 23.2089
      vertex 1.06933 -0.0999994 23.4633
      vertex 5.33066 -0.0999994 23.4633
    endloop
  endfacet
  facet normal 0 1 0
    outer loop
      vertex 4.95 -0.0999994 23.2089
      vertex 1.45 -0.0999994 23.2089
      vertex 1.06933 -0.0999994 23.4633
    endloop
  endfacet
  facet normal 0 1 -0
    outer loop
      vertex 4.53939 -0.0999994 23.0064
      vertex 1.45 -0.0999994 23.2089
      vertex 4.95 -0.0999994 23.2089
    endloop
  endfacet
  facet normal 0 1 0
    outer loop
      vertex 4.53939 -0.0999994 23.0064
      vertex 1.86061 -0.0999994 23.0064
      vertex 1.45 -0.0999994 23.2089
    endloop
  endfacet
  facet normal 0 1 -0
    outer loop
      vertex 4.10587 -0.0999994 22.8593
      vertex 1.86061 -0.0999994 23.0064
      vertex 4.53939 -0.0999994 23.0064
    endloop
  endfacet
  facet normal 0 1 0
    outer loop
      vertex 4.10587 -0.0999994 22.8593
      vertex 2.29413 -0.0999994 22.8593
      vertex 1.86061 -0.0999994 23.0064
    endloop
  endfacet
  facet normal 0 1 -0
    outer loop
      vertex 3.65684 -0.0999994 22.7699
      vertex 2.29413 -0.0999994 22.8593
      vertex 4.10587 -0.0999994 22.8593
    endloop
  endfacet
  facet normal 0 1 0
    outer loop
      vertex 3.65684 -0.0999994 22.7699
      vertex 2.74316 -0.0999994 22.7699
      vertex 2.29413 -0.0999994 22.8593
    endloop
  endfacet
  facet normal -0 1 0
    outer loop
      vertex 2.74316 -0.0999994 22.7699
      vertex 3.65684 -0.0999994 22.7699
      vertex 3.2 -0.0999994 22.74
    endloop
  endfacet
  facet normal 0 1 0
    outer loop
      vertex 48.8568 -0.0999994 9.23006
      vertex 47.9432 -0.0999994 9.23006
      vertex 48.4 -0.0999994 9.26
    endloop
  endfacet
  facet normal 0 1 0
    outer loop
      vertex 49.3059 -0.0999994 9.14074
      vertex 47.9432 -0.0999994 9.23006
      vertex 48.8568 -0.0999994 9.23006
    endloop
  endfacet
  facet normal 0 1 0
    outer loop
      vertex 49.3059 -0.0999994 9.14074
      vertex 47.4941 -0.0999994 9.14074
      vertex 47.9432 -0.0999994 9.23006
    endloop
  endfacet
  facet normal 0 1 0
    outer loop
      vertex 49.7394 -0.0999994 8.99358
      vertex 47.4941 -0.0999994 9.14074
      vertex 49.3059 -0.0999994 9.14074
    endloop
  endfacet
  facet normal 0 1 0
    outer loop
      vertex 49.7394 -0.0999994 8.99358
      vertex 47.0606 -0.0999994 8.99358
      vertex 47.4941 -0.0999994 9.14074
    endloop
  endfacet
  facet normal 0 1 0
    outer loop
      vertex 50.15 -0.0999994 8.79109
      vertex 47.0606 -0.0999994 8.99358
      vertex 49.7394 -0.0999994 8.99358
    endloop
  endfacet
  facet normal 0 1 0
    outer loop
      vertex 50.15 -0.0999994 8.79109
      vertex 46.65 -0.0999994 8.79109
      vertex 47.0606 -0.0999994 8.99358
    endloop
  endfacet
  facet normal 0 1 0
    outer loop
      vertex 50.5307 -0.0999994 8.53674
      vertex 46.65 -0.0999994 8.79109
      vertex 50.15 -0.0999994 8.79109
    endloop
  endfacet
  facet normal 0 1 0
    outer loop
      vertex 50.5307 -0.0999994 8.53674
      vertex 46.2693 -0.0999994 8.53674
      vertex 46.65 -0.0999994 8.79109
    endloop
  endfacet
  facet normal 0 1 0
    outer loop
      vertex 50.8749 -0.0999994 8.23487
      vertex 46.2693 -0.0999994 8.53674
      vertex 50.5307 -0.0999994 8.53674
    endloop
  endfacet
  facet normal 0 1 0
    outer loop
      vertex 50.8749 -0.0999994 8.23487
      vertex 45.9251 -0.0999994 8.23487
      vertex 46.2693 -0.0999994 8.53674
    endloop
  endfacet
  facet normal 0 1 0
    outer loop
      vertex 51.1767 -0.0999994 7.89066
      vertex 45.9251 -0.0999994 8.23487
      vertex 50.8749 -0.0999994 8.23487
    endloop
  endfacet
  facet normal 0 1 0
    outer loop
      vertex 51.1767 -0.0999994 7.89066
      vertex 45.6233 -0.0999994 7.89066
      vertex 45.9251 -0.0999994 8.23487
    endloop
  endfacet
  facet normal 0 1 0
    outer loop
      vertex 51.6 -0.0999994 7.16748
      vertex 51.1767 -0.0999994 7.89066
      vertex 51.4311 -0.0999994 7.51
    endloop
  endfacet
  facet normal 0 1 0
    outer loop
      vertex 51.1767 -0.0999994 7.89066
      vertex 51.6 -0.0999994 7.16748
      vertex 45.6233 -0.0999994 7.89066
    endloop
  endfacet
  facet normal 0 1 0
    outer loop
      vertex 45.6233 -0.0999994 7.89066
      vertex 51.6 -0.0999994 7.16748
      vertex 45.3689 -0.0999994 7.51
    endloop
  endfacet
  facet normal 0 1 0
    outer loop
      vertex 51.6 -0.0999994 7.16748
      vertex 45.1664 -0.0999994 7.09939
      vertex 45.3689 -0.0999994 7.51
    endloop
  endfacet
  facet normal 0 1 0
    outer loop
      vertex 51.6 -0.0999994 7.16748
      vertex 45.0193 -0.0999994 6.66587
      vertex 45.1664 -0.0999994 7.09939
    endloop
  endfacet
  facet normal 0 1 0
    outer loop
      vertex 51.6 -0.0999994 7.16748
      vertex 44.9299 -0.0999994 6.21684
      vertex 45.0193 -0.0999994 6.66587
    endloop
  endfacet
  facet normal 0 1 0
    outer loop
      vertex 51.6 -0.0999994 7.16748
      vertex 44.9 -0.0999994 5.76
      vertex 44.9299 -0.0999994 6.21684
    endloop
  endfacet
  facet normal 0 1 0
    outer loop
      vertex 51.6 -0.0999994 7.16748
      vertex 44.9299 -0.0999994 5.30316
      vertex 44.9 -0.0999994 5.76
    endloop
  endfacet
  facet normal 0 1 0
    outer loop
      vertex 51.6 -0.0999994 7.16748
      vertex 45.0193 -0.0999994 4.85413
      vertex 44.9299 -0.0999994 5.30316
    endloop
  endfacet
  facet normal 0 1 0
    outer loop
      vertex 51.6 -0.0999994 7.16748
      vertex 45.1664 -0.0999994 4.42061
      vertex 45.0193 -0.0999994 4.85413
    endloop
  endfacet
  facet normal 0 1 -0
    outer loop
      vertex 51.6 -0.0999994 4.35252
      vertex 45.1664 -0.0999994 4.42061
      vertex 51.6 -0.0999994 7.16748
    endloop
  endfacet
  facet normal 0 1 0
    outer loop
      vertex 51.1767 -0.0999994 3.62933
      vertex 51.6 -0.0999994 4.35252
      vertex 51.4311 -0.0999994 4.01
    endloop
  endfacet
  facet normal 0 1 0
    outer loop
      vertex 51.6 -0.0999994 4.35252
      vertex 45.3689 -0.0999994 4.01
      vertex 45.1664 -0.0999994 4.42061
    endloop
  endfacet
  facet normal 0 1 0
    outer loop
      vertex 51.6 -0.0999994 4.35252
      vertex 51.1767 -0.0999994 3.62933
      vertex 45.3689 -0.0999994 4.01
    endloop
  endfacet
  facet normal 0 1 0
    outer loop
      vertex 51.1767 -0.0999994 3.62933
      vertex 45.6233 -0.0999994 3.62933
      vertex 45.3689 -0.0999994 4.01
    endloop
  endfacet
  facet normal 0 1 -0
    outer loop
      vertex 50.8749 -0.0999994 3.28513
      vertex 45.6233 -0.0999994 3.62933
      vertex 51.1767 -0.0999994 3.62933
    endloop
  endfacet
  facet normal 0 1 0
    outer loop
      vertex 50.8749 -0.0999994 3.28513
      vertex 45.9251 -0.0999994 3.28513
      vertex 45.6233 -0.0999994 3.62933
    endloop
  endfacet
  facet normal 0 1 -0
    outer loop
      vertex 50.5307 -0.0999994 2.98326
      vertex 45.9251 -0.0999994 3.28513
      vertex 50.8749 -0.0999994 3.28513
    endloop
  endfacet
  facet normal 0 1 0
    outer loop
      vertex 50.5307 -0.0999994 2.98326
      vertex 46.2693 -0.0999994 2.98326
      vertex 45.9251 -0.0999994 3.28513
    endloop
  endfacet
  facet normal 0 1 -0
    outer loop
      vertex 50.15 -0.0999994 2.72891
      vertex 46.2693 -0.0999994 2.98326
      vertex 50.5307 -0.0999994 2.98326
    endloop
  endfacet
  facet normal 0 1 0
    outer loop
      vertex 50.15 -0.0999994 2.72891
      vertex 46.65 -0.0999994 2.72891
      vertex 46.2693 -0.0999994 2.98326
    endloop
  endfacet
  facet normal 0 1 -0
    outer loop
      vertex 49.7394 -0.0999994 2.52642
      vertex 46.65 -0.0999994 2.72891
      vertex 50.15 -0.0999994 2.72891
    endloop
  endfacet
  facet normal 0 1 0
    outer loop
      vertex 49.7394 -0.0999994 2.52642
      vertex 47.0606 -0.0999994 2.52642
      vertex 46.65 -0.0999994 2.72891
    endloop
  endfacet
  facet normal 0 1 -0
    outer loop
      vertex 49.3059 -0.0999994 2.37926
      vertex 47.0606 -0.0999994 2.52642
      vertex 49.7394 -0.0999994 2.52642
    endloop
  endfacet
  facet normal 0 1 0
    outer loop
      vertex 49.3059 -0.0999994 2.37926
      vertex 47.4941 -0.0999994 2.37926
      vertex 47.0606 -0.0999994 2.52642
    endloop
  endfacet
  facet normal 0 1 -0
    outer loop
      vertex 48.8568 -0.0999994 2.28994
      vertex 47.4941 -0.0999994 2.37926
      vertex 49.3059 -0.0999994 2.37926
    endloop
  endfacet
  facet normal 0 1 0
    outer loop
      vertex 48.8568 -0.0999994 2.28994
      vertex 47.9432 -0.0999994 2.28994
      vertex 47.4941 -0.0999994 2.37926
    endloop
  endfacet
  facet normal -0 1 0
    outer loop
      vertex 47.9432 -0.0999994 2.28994
      vertex 48.8568 -0.0999994 2.28994
      vertex 48.4 -0.0999994 2.26
    endloop
  endfacet
  facet normal 0 1 0
    outer loop
      vertex 48.8568 -0.0999994 29.7101
      vertex 47.9432 -0.0999994 29.7101
      vertex 48.4 -0.0999994 29.74
    endloop
  endfacet
  facet normal 0 1 0
    outer loop
      vertex 49.3059 -0.0999994 29.6207
      vertex 47.9432 -0.0999994 29.7101
      vertex 48.8568 -0.0999994 29.7101
    endloop
  endfacet
  facet normal 0 1 0
    outer loop
      vertex 49.3059 -0.0999994 29.6207
      vertex 47.4941 -0.0999994 29.6207
      vertex 47.9432 -0.0999994 29.7101
    endloop
  endfacet
  facet normal 0 1 0
    outer loop
      vertex 49.7394 -0.0999994 29.4736
      vertex 47.4941 -0.0999994 29.6207
      vertex 49.3059 -0.0999994 29.6207
    endloop
  endfacet
  facet normal 0 1 0
    outer loop
      vertex 49.7394 -0.0999994 29.4736
      vertex 47.0606 -0.0999994 29.4736
      vertex 47.4941 -0.0999994 29.6207
    endloop
  endfacet
  facet normal 0 1 0
    outer loop
      vertex 50.15 -0.0999994 29.2711
      vertex 47.0606 -0.0999994 29.4736
      vertex 49.7394 -0.0999994 29.4736
    endloop
  endfacet
  facet normal 0 1 0
    outer loop
      vertex 50.15 -0.0999994 29.2711
      vertex 46.65 -0.0999994 29.2711
      vertex 47.0606 -0.0999994 29.4736
    endloop
  endfacet
  facet normal 0 1 0
    outer loop
      vertex 50.5307 -0.0999994 29.0167
      vertex 46.65 -0.0999994 29.2711
      vertex 50.15 -0.0999994 29.2711
    endloop
  endfacet
  facet normal 0 1 0
    outer loop
      vertex 50.5307 -0.0999994 29.0167
      vertex 46.2693 -0.0999994 29.0167
      vertex 46.65 -0.0999994 29.2711
    endloop
  endfacet
  facet normal 0 1 0
    outer loop
      vertex 50.8749 -0.0999994 28.7149
      vertex 46.2693 -0.0999994 29.0167
      vertex 50.5307 -0.0999994 29.0167
    endloop
  endfacet
  facet normal 0 1 0
    outer loop
      vertex 50.8749 -0.0999994 28.7149
      vertex 45.9251 -0.0999994 28.7149
      vertex 46.2693 -0.0999994 29.0167
    endloop
  endfacet
  facet normal 0 1 0
    outer loop
      vertex 51.1767 -0.0999994 28.3707
      vertex 45.9251 -0.0999994 28.7149
      vertex 50.8749 -0.0999994 28.7149
    endloop
  endfacet
  facet normal 0 1 0
    outer loop
      vertex 51.1767 -0.0999994 28.3707
      vertex 45.6233 -0.0999994 28.3707
      vertex 45.9251 -0.0999994 28.7149
    endloop
  endfacet
  facet normal 0 1 0
    outer loop
      vertex 51.6 -0.0999994 27.6475
      vertex 51.1767 -0.0999994 28.3707
      vertex 51.4311 -0.0999994 27.99
    endloop
  endfacet
  facet normal 0 1 0
    outer loop
      vertex 51.1767 -0.0999994 28.3707
      vertex 51.6 -0.0999994 27.6475
      vertex 45.6233 -0.0999994 28.3707
    endloop
  endfacet
  facet normal 0 1 0
    outer loop
      vertex 45.6233 -0.0999994 28.3707
      vertex 51.6 -0.0999994 27.6475
      vertex 45.3689 -0.0999994 27.99
    endloop
  endfacet
  facet normal 0 1 0
    outer loop
      vertex 51.6 -0.0999994 27.6475
      vertex 45.1664 -0.0999994 27.5794
      vertex 45.3689 -0.0999994 27.99
    endloop
  endfacet
  facet normal 0 1 0
    outer loop
      vertex 51.6 -0.0999994 27.6475
      vertex 45.0193 -0.0999994 27.1459
      vertex 45.1664 -0.0999994 27.5794
    endloop
  endfacet
  facet normal 0 1 0
    outer loop
      vertex 51.6 -0.0999994 27.6475
      vertex 44.9299 -0.0999994 26.6968
      vertex 45.0193 -0.0999994 27.1459
    endloop
  endfacet
  facet normal 0 1 0
    outer loop
      vertex 51.6 -0.0999994 27.6475
      vertex 44.9 -0.0999994 26.24
      vertex 44.9299 -0.0999994 26.6968
    endloop
  endfacet
  facet normal 0 1 0
    outer loop
      vertex 51.6 -0.0999994 27.6475
      vertex 44.9299 -0.0999994 25.7832
      vertex 44.9 -0.0999994 26.24
    endloop
  endfacet
  facet normal 0 1 0
    outer loop
      vertex 51.6 -0.0999994 27.6475
      vertex 45.0193 -0.0999994 25.3341
      vertex 44.9299 -0.0999994 25.7832
    endloop
  endfacet
  facet normal 0 1 0
    outer loop
      vertex 51.6 -0.0999994 27.6475
      vertex 45.1664 -0.0999994 24.9006
      vertex 45.0193 -0.0999994 25.3341
    endloop
  endfacet
  facet normal 0 1 -0
    outer loop
      vertex 51.6 -0.0999994 24.8325
      vertex 45.1664 -0.0999994 24.9006
      vertex 51.6 -0.0999994 27.6475
    endloop
  endfacet
  facet normal 0 1 0
    outer loop
      vertex 51.1767 -0.0999994 24.1093
      vertex 51.6 -0.0999994 24.8325
      vertex 51.4311 -0.0999994 24.49
    endloop
  endfacet
  facet normal 0 1 0
    outer loop
      vertex 51.6 -0.0999994 24.8325
      vertex 45.3689 -0.0999994 24.49
      vertex 45.1664 -0.0999994 24.9006
    endloop
  endfacet
  facet normal 0 1 0
    outer loop
      vertex 51.6 -0.0999994 24.8325
      vertex 51.1767 -0.0999994 24.1093
      vertex 45.3689 -0.0999994 24.49
    endloop
  endfacet
  facet normal 0 1 0
    outer loop
      vertex 51.1767 -0.0999994 24.1093
      vertex 45.6233 -0.0999994 24.1093
      vertex 45.3689 -0.0999994 24.49
    endloop
  endfacet
  facet normal 0 1 -0
    outer loop
      vertex 50.8749 -0.0999994 23.7651
      vertex 45.6233 -0.0999994 24.1093
      vertex 51.1767 -0.0999994 24.1093
    endloop
  endfacet
  facet normal 0 1 0
    outer loop
      vertex 50.8749 -0.0999994 23.7651
      vertex 45.9251 -0.0999994 23.7651
      vertex 45.6233 -0.0999994 24.1093
    endloop
  endfacet
  facet normal 0 1 -0
    outer loop
      vertex 50.5307 -0.0999994 23.4633
      vertex 45.9251 -0.0999994 23.7651
      vertex 50.8749 -0.0999994 23.7651
    endloop
  endfacet
  facet normal 0 1 0
    outer loop
      vertex 50.5307 -0.0999994 23.4633
      vertex 46.2693 -0.0999994 23.4633
      vertex 45.9251 -0.0999994 23.7651
    endloop
  endfacet
  facet normal 0 1 -0
    outer loop
      vertex 50.15 -0.0999994 23.2089
      vertex 46.2693 -0.0999994 23.4633
      vertex 50.5307 -0.0999994 23.4633
    endloop
  endfacet
  facet normal 0 1 0
    outer loop
      vertex 50.15 -0.0999994 23.2089
      vertex 46.65 -0.0999994 23.2089
      vertex 46.2693 -0.0999994 23.4633
    endloop
  endfacet
  facet normal 0 1 -0
    outer loop
      vertex 49.7394 -0.0999994 23.0064
      vertex 46.65 -0.0999994 23.2089
      vertex 50.15 -0.0999994 23.2089
    endloop
  endfacet
  facet normal 0 1 0
    outer loop
      vertex 49.7394 -0.0999994 23.0064
      vertex 47.0606 -0.0999994 23.0064
      vertex 46.65 -0.0999994 23.2089
    endloop
  endfacet
  facet normal 0 1 -0
    outer loop
      vertex 49.3059 -0.0999994 22.8593
      vertex 47.0606 -0.0999994 23.0064
      vertex 49.7394 -0.0999994 23.0064
    endloop
  endfacet
  facet normal 0 1 0
    outer loop
      vertex 49.3059 -0.0999994 22.8593
      vertex 47.4941 -0.0999994 22.8593
      vertex 47.0606 -0.0999994 23.0064
    endloop
  endfacet
  facet normal 0 1 -0
    outer loop
      vertex 48.8568 -0.0999994 22.7699
      vertex 47.4941 -0.0999994 22.8593
      vertex 49.3059 -0.0999994 22.8593
    endloop
  endfacet
  facet normal 0 1 0
    outer loop
      vertex 48.8568 -0.0999994 22.7699
      vertex 47.9432 -0.0999994 22.7699
      vertex 47.4941 -0.0999994 22.8593
    endloop
  endfacet
  facet normal -0 1 0
    outer loop
      vertex 47.9432 -0.0999994 22.7699
      vertex 48.8568 -0.0999994 22.7699
      vertex 48.4 -0.0999994 22.74
    endloop
  endfacet
  facet normal -0.980779 0 0.195122
    outer loop
      vertex 4.84207 20.7 9.32001
      vertex 4.88546 21.5 9.53811
      vertex 4.84207 21.5 9.32001
    endloop
  endfacet
  facet normal -0.980779 0 0.195122
    outer loop
      vertex 4.88546 21.5 9.53811
      vertex 4.84207 20.7 9.32001
      vertex 4.88546 20.7 9.53811
    endloop
  endfacet
  facet normal -0.99786 0 0.0653877
    outer loop
      vertex 4.88546 20.7 9.53811
      vertex 4.9 21.5 9.76
      vertex 4.88546 21.5 9.53811
    endloop
  endfacet
  facet normal -0.99786 0 0.0653877
    outer loop
      vertex 4.9 21.5 9.76
      vertex 4.88546 20.7 9.53811
      vertex 4.9 20.7 9.76
    endloop
  endfacet
  facet normal -0.0652086 0 -0.997872
    outer loop
      vertex 3.2 20.7 11.46
      vertex 3.42189 21.5 11.4455
      vertex 3.42189 20.7 11.4455
    endloop
  endfacet
  facet normal -0.0652086 0 -0.997872
    outer loop
      vertex 3.42189 21.5 11.4455
      vertex 3.2 20.7 11.46
      vertex 3.2 21.5 11.46
    endloop
  endfacet
  facet normal 0.659342 0 0.751844
    outer loop
      vertex 1.99792 21.5 8.55792
      vertex 2.16511 20.7 8.4113
      vertex 2.16511 21.5 8.4113
    endloop
  endfacet
  facet normal 0.659342 0 0.751844
    outer loop
      vertex 2.16511 20.7 8.4113
      vertex 1.99792 21.5 8.55792
      vertex 1.99792 20.7 8.55792
    endloop
  endfacet
  facet normal 0.831483 0 -0.555551
    outer loop
      vertex 1.8513 20.7 10.7949
      vertex 1.72776 21.5 10.61
      vertex 1.8513 21.5 10.7949
    endloop
  endfacet
  facet normal 0.831483 0 -0.555551
    outer loop
      vertex 1.72776 21.5 10.61
      vertex 1.8513 20.7 10.7949
      vertex 1.72776 20.7 10.61
    endloop
  endfacet
  facet normal 0.195165 0 -0.98077
    outer loop
      vertex 2.76001 20.7 11.4021
      vertex 2.97811 21.5 11.4455
      vertex 2.97811 20.7 11.4455
    endloop
  endfacet
  facet normal 0.195165 0 -0.98077
    outer loop
      vertex 2.97811 21.5 11.4455
      vertex 2.76001 20.7 11.4021
      vertex 2.76001 21.5 11.4021
    endloop
  endfacet
  facet normal -0.659342 0 0.751844
    outer loop
      vertex 4.23489 21.5 8.4113
      vertex 4.40208 20.7 8.55792
      vertex 4.40208 21.5 8.55792
    endloop
  endfacet
  facet normal -0.659342 0 0.751844
    outer loop
      vertex 4.40208 20.7 8.55792
      vertex 4.23489 21.5 8.4113
      vertex 4.23489 20.7 8.4113
    endloop
  endfacet
  facet normal -0.946943 0 -0.321403
    outer loop
      vertex 4.84207 20.7 10.2
      vertex 4.77059 21.5 10.4106
      vertex 4.84207 21.5 10.2
    endloop
  endfacet
  facet normal -0.946943 -0 -0.321403
    outer loop
      vertex 4.77059 21.5 10.4106
      vertex 4.84207 20.7 10.2
      vertex 4.77059 20.7 10.4106
    endloop
  endfacet
  facet normal -0.751863 0 -0.659319
    outer loop
      vertex 4.5487 20.7 10.7949
      vertex 4.40208 21.5 10.9621
      vertex 4.5487 21.5 10.7949
    endloop
  endfacet
  facet normal -0.751863 -0 -0.659319
    outer loop
      vertex 4.40208 21.5 10.9621
      vertex 4.5487 20.7 10.7949
      vertex 4.40208 20.7 10.9621
    endloop
  endfacet
  facet normal -0.751844 0 0.659342
    outer loop
      vertex 4.40208 20.7 8.55792
      vertex 4.5487 21.5 8.72511
      vertex 4.40208 21.5 8.55792
    endloop
  endfacet
  facet normal -0.751844 0 0.659342
    outer loop
      vertex 4.5487 21.5 8.72511
      vertex 4.40208 20.7 8.55792
      vertex 4.5487 20.7 8.72511
    endloop
  endfacet
  facet normal 0.946943 0 -0.321403
    outer loop
      vertex 1.62941 20.7 10.4106
      vertex 1.55793 21.5 10.2
      vertex 1.62941 21.5 10.4106
    endloop
  endfacet
  facet normal 0.946943 0 -0.321403
    outer loop
      vertex 1.55793 21.5 10.2
      vertex 1.62941 20.7 10.4106
      vertex 1.55793 20.7 10.2
    endloop
  endfacet
  facet normal -0.321525 0 -0.946901
    outer loop
      vertex 3.63999 20.7 11.4021
      vertex 3.85056 21.5 11.3306
      vertex 3.85056 20.7 11.3306
    endloop
  endfacet
  facet normal -0.321525 0 -0.946901
    outer loop
      vertex 3.85056 21.5 11.3306
      vertex 3.63999 20.7 11.4021
      vertex 3.63999 21.5 11.4021
    endloop
  endfacet
  facet normal 0.0652086 0 -0.997872
    outer loop
      vertex 2.97811 20.7 11.4455
      vertex 3.2 21.5 11.46
      vertex 3.2 20.7 11.46
    endloop
  endfacet
  facet normal 0.0652086 0 -0.997872
    outer loop
      vertex 3.2 21.5 11.46
      vertex 2.97811 20.7 11.4455
      vertex 2.97811 21.5 11.4455
    endloop
  endfacet
  facet normal 0.321444 0 0.946929
    outer loop
      vertex 2.54944 21.5 8.18941
      vertex 2.76001 20.7 8.11793
      vertex 2.76001 21.5 8.11793
    endloop
  endfacet
  facet normal 0.321444 0 0.946929
    outer loop
      vertex 2.76001 20.7 8.11793
      vertex 2.54944 21.5 8.18941
      vertex 2.54944 20.7 8.18941
    endloop
  endfacet
  facet normal -0.946929 0 0.321444
    outer loop
      vertex 4.77059 20.7 9.10944
      vertex 4.84207 21.5 9.32001
      vertex 4.77059 21.5 9.10944
    endloop
  endfacet
  facet normal -0.946929 0 0.321444
    outer loop
      vertex 4.84207 21.5 9.32001
      vertex 4.77059 20.7 9.10944
      vertex 4.84207 20.7 9.32001
    endloop
  endfacet
  facet normal 0.751844 -0 0.659342
    outer loop
      vertex 1.8513 20.7 8.72511
      vertex 1.99792 21.5 8.55792
      vertex 1.8513 21.5 8.72511
    endloop
  endfacet
  facet normal 0.751844 0 0.659342
    outer loop
      vertex 1.99792 21.5 8.55792
      vertex 1.8513 20.7 8.72511
      vertex 1.99792 20.7 8.55792
    endloop
  endfacet
  facet normal 0.442459 0 -0.896789
    outer loop
      vertex 2.35 20.7 11.2322
      vertex 2.54944 21.5 11.3306
      vertex 2.54944 20.7 11.3306
    endloop
  endfacet
  facet normal 0.442459 0 -0.896789
    outer loop
      vertex 2.54944 21.5 11.3306
      vertex 2.35 20.7 11.2322
      vertex 2.35 21.5 11.2322
    endloop
  endfacet
  facet normal 0.0653877 0 0.99786
    outer loop
      vertex 2.97811 21.5 8.07454
      vertex 3.2 20.7 8.06
      vertex 3.2 21.5 8.06
    endloop
  endfacet
  facet normal 0.0653877 0 0.99786
    outer loop
      vertex 3.2 20.7 8.06
      vertex 2.97811 21.5 8.07454
      vertex 2.97811 20.7 8.07454
    endloop
  endfacet
  facet normal -0.896843 0 -0.442349
    outer loop
      vertex 4.77059 20.7 10.4106
      vertex 4.67224 21.5 10.61
      vertex 4.77059 21.5 10.4106
    endloop
  endfacet
  facet normal -0.896843 -0 -0.442349
    outer loop
      vertex 4.67224 21.5 10.61
      vertex 4.77059 20.7 10.4106
      vertex 4.67224 20.7 10.61
    endloop
  endfacet
  facet normal -0.555447 0 -0.831552
    outer loop
      vertex 4.05 20.7 11.2322
      vertex 4.23489 21.5 11.1087
      vertex 4.23489 20.7 11.1087
    endloop
  endfacet
  facet normal -0.555447 0 -0.831552
    outer loop
      vertex 4.23489 21.5 11.1087
      vertex 4.05 20.7 11.2322
      vertex 4.05 21.5 11.2322
    endloop
  endfacet
  facet normal 0.980781 0 -0.195113
    outer loop
      vertex 1.55793 20.7 10.2
      vertex 1.51454 21.5 9.98189
      vertex 1.55793 21.5 10.2
    endloop
  endfacet
  facet normal 0.980781 0 -0.195113
    outer loop
      vertex 1.51454 21.5 9.98189
      vertex 1.55793 20.7 10.2
      vertex 1.51454 20.7 9.98189
    endloop
  endfacet
  facet normal 0.751863 0 -0.659319
    outer loop
      vertex 1.99792 20.7 10.9621
      vertex 1.8513 21.5 10.7949
      vertex 1.99792 21.5 10.9621
    endloop
  endfacet
  facet normal 0.751863 0 -0.659319
    outer loop
      vertex 1.8513 21.5 10.7949
      vertex 1.99792 20.7 10.9621
      vertex 1.8513 20.7 10.7949
    endloop
  endfacet
  facet normal -0.195122 0 0.980779
    outer loop
      vertex 3.42189 21.5 8.07454
      vertex 3.63999 20.7 8.11793
      vertex 3.63999 21.5 8.11793
    endloop
  endfacet
  facet normal -0.195122 0 0.980779
    outer loop
      vertex 3.63999 20.7 8.11793
      vertex 3.42189 21.5 8.07454
      vertex 3.42189 20.7 8.07454
    endloop
  endfacet
  facet normal -0.831469 0 0.555572
    outer loop
      vertex 4.5487 20.7 8.72511
      vertex 4.67224 21.5 8.91
      vertex 4.5487 21.5 8.72511
    endloop
  endfacet
  facet normal -0.831469 0 0.555572
    outer loop
      vertex 4.67224 21.5 8.91
      vertex 4.5487 20.7 8.72511
      vertex 4.67224 20.7 8.91
    endloop
  endfacet
  facet normal -0.99786 0 -0.0653877
    outer loop
      vertex 4.9 20.7 9.76
      vertex 4.88546 21.5 9.98189
      vertex 4.9 21.5 9.76
    endloop
  endfacet
  facet normal -0.99786 -0 -0.0653877
    outer loop
      vertex 4.88546 21.5 9.98189
      vertex 4.9 20.7 9.76
      vertex 4.88546 20.7 9.98189
    endloop
  endfacet
  facet normal -0.321444 0 0.946929
    outer loop
      vertex 3.63999 21.5 8.11793
      vertex 3.85056 20.7 8.18941
      vertex 3.85056 21.5 8.18941
    endloop
  endfacet
  facet normal -0.321444 0 0.946929
    outer loop
      vertex 3.85056 20.7 8.18941
      vertex 3.63999 21.5 8.11793
      vertex 3.63999 20.7 8.11793
    endloop
  endfacet
  facet normal -0.555572 0 0.831469
    outer loop
      vertex 4.05 21.5 8.28776
      vertex 4.23489 20.7 8.4113
      vertex 4.23489 21.5 8.4113
    endloop
  endfacet
  facet normal -0.555572 0 0.831469
    outer loop
      vertex 4.23489 20.7 8.4113
      vertex 4.05 21.5 8.28776
      vertex 4.05 20.7 8.28776
    endloop
  endfacet
  facet normal 0.195122 0 0.980779
    outer loop
      vertex 2.76001 21.5 8.11793
      vertex 2.97811 20.7 8.07454
      vertex 2.97811 21.5 8.07454
    endloop
  endfacet
  facet normal 0.195122 0 0.980779
    outer loop
      vertex 2.97811 20.7 8.07454
      vertex 2.76001 21.5 8.11793
      vertex 2.76001 20.7 8.11793
    endloop
  endfacet
  facet normal -0.659291 0 -0.751888
    outer loop
      vertex 4.23489 20.7 11.1087
      vertex 4.40208 21.5 10.9621
      vertex 4.40208 20.7 10.9621
    endloop
  endfacet
  facet normal -0.659291 0 -0.751888
    outer loop
      vertex 4.40208 21.5 10.9621
      vertex 4.23489 20.7 11.1087
      vertex 4.23489 21.5 11.1087
    endloop
  endfacet
  facet normal 0.896878 -0 0.442278
    outer loop
      vertex 1.62941 20.7 9.10944
      vertex 1.72776 21.5 8.91
      vertex 1.62941 21.5 9.10944
    endloop
  endfacet
  facet normal 0.896878 0 0.442278
    outer loop
      vertex 1.72776 21.5 8.91
      vertex 1.62941 20.7 9.10944
      vertex 1.72776 20.7 8.91
    endloop
  endfacet
  facet normal -0.980781 0 -0.195113
    outer loop
      vertex 4.88546 20.7 9.98189
      vertex 4.84207 21.5 10.2
      vertex 4.88546 21.5 9.98189
    endloop
  endfacet
  facet normal -0.980781 -0 -0.195113
    outer loop
      vertex 4.84207 21.5 10.2
      vertex 4.88546 20.7 9.98189
      vertex 4.84207 20.7 10.2
    endloop
  endfacet
  facet normal -0.195165 0 -0.98077
    outer loop
      vertex 3.42189 20.7 11.4455
      vertex 3.63999 21.5 11.4021
      vertex 3.63999 20.7 11.4021
    endloop
  endfacet
  facet normal -0.195165 0 -0.98077
    outer loop
      vertex 3.63999 21.5 11.4021
      vertex 3.42189 20.7 11.4455
      vertex 3.42189 21.5 11.4455
    endloop
  endfacet
  facet normal 0.659291 0 -0.751888
    outer loop
      vertex 1.99792 20.7 10.9621
      vertex 2.16511 21.5 11.1087
      vertex 2.16511 20.7 11.1087
    endloop
  endfacet
  facet normal 0.659291 0 -0.751888
    outer loop
      vertex 2.16511 21.5 11.1087
      vertex 1.99792 20.7 10.9621
      vertex 1.99792 21.5 10.9621
    endloop
  endfacet
  facet normal -0.0653877 0 0.99786
    outer loop
      vertex 3.2 21.5 8.06
      vertex 3.42189 20.7 8.07454
      vertex 3.42189 21.5 8.07454
    endloop
  endfacet
  facet normal -0.0653877 0 0.99786
    outer loop
      vertex 3.42189 20.7 8.07454
      vertex 3.2 21.5 8.06
      vertex 3.2 20.7 8.06
    endloop
  endfacet
  facet normal -0.442278 0 0.896878
    outer loop
      vertex 3.85056 21.5 8.18941
      vertex 4.05 20.7 8.28776
      vertex 4.05 21.5 8.28776
    endloop
  endfacet
  facet normal -0.442278 0 0.896878
    outer loop
      vertex 4.05 20.7 8.28776
      vertex 3.85056 21.5 8.18941
      vertex 3.85056 20.7 8.18941
    endloop
  endfacet
  facet normal -0.831483 0 -0.555551
    outer loop
      vertex 4.67224 20.7 10.61
      vertex 4.5487 21.5 10.7949
      vertex 4.67224 21.5 10.61
    endloop
  endfacet
  facet normal -0.831483 -0 -0.555551
    outer loop
      vertex 4.5487 21.5 10.7949
      vertex 4.67224 20.7 10.61
      vertex 4.5487 20.7 10.7949
    endloop
  endfacet
  facet normal 0.99786 0 -0.0653877
    outer loop
      vertex 1.51454 20.7 9.98189
      vertex 1.5 21.5 9.76
      vertex 1.51454 21.5 9.98189
    endloop
  endfacet
  facet normal 0.99786 0 -0.0653877
    outer loop
      vertex 1.5 21.5 9.76
      vertex 1.51454 20.7 9.98189
      vertex 1.5 20.7 9.76
    endloop
  endfacet
  facet normal -0.442459 0 -0.896789
    outer loop
      vertex 3.85056 20.7 11.3306
      vertex 4.05 21.5 11.2322
      vertex 4.05 20.7 11.2322
    endloop
  endfacet
  facet normal -0.442459 0 -0.896789
    outer loop
      vertex 4.05 21.5 11.2322
      vertex 3.85056 20.7 11.3306
      vertex 3.85056 21.5 11.3306
    endloop
  endfacet
  facet normal 0.980779 -0 0.195122
    outer loop
      vertex 1.51454 20.7 9.53811
      vertex 1.55793 21.5 9.32001
      vertex 1.51454 21.5 9.53811
    endloop
  endfacet
  facet normal 0.980779 0 0.195122
    outer loop
      vertex 1.55793 21.5 9.32001
      vertex 1.51454 20.7 9.53811
      vertex 1.55793 20.7 9.32001
    endloop
  endfacet
  facet normal 0.896843 0 -0.442349
    outer loop
      vertex 1.72776 20.7 10.61
      vertex 1.62941 21.5 10.4106
      vertex 1.72776 21.5 10.61
    endloop
  endfacet
  facet normal 0.896843 0 -0.442349
    outer loop
      vertex 1.62941 21.5 10.4106
      vertex 1.72776 20.7 10.61
      vertex 1.62941 20.7 10.4106
    endloop
  endfacet
  facet normal 0.946929 -0 0.321444
    outer loop
      vertex 1.55793 20.7 9.32001
      vertex 1.62941 21.5 9.10944
      vertex 1.55793 21.5 9.32001
    endloop
  endfacet
  facet normal 0.946929 0 0.321444
    outer loop
      vertex 1.62941 21.5 9.10944
      vertex 1.55793 20.7 9.32001
      vertex 1.62941 20.7 9.10944
    endloop
  endfacet
  facet normal 0.555572 0 0.831469
    outer loop
      vertex 2.16511 21.5 8.4113
      vertex 2.35 20.7 8.28776
      vertex 2.35 21.5 8.28776
    endloop
  endfacet
  facet normal 0.555572 0 0.831469
    outer loop
      vertex 2.35 20.7 8.28776
      vertex 2.16511 21.5 8.4113
      vertex 2.16511 20.7 8.4113
    endloop
  endfacet
  facet normal -0.896878 0 0.442278
    outer loop
      vertex 4.67224 20.7 8.91
      vertex 4.77059 21.5 9.10944
      vertex 4.67224 21.5 8.91
    endloop
  endfacet
  facet normal -0.896878 0 0.442278
    outer loop
      vertex 4.77059 21.5 9.10944
      vertex 4.67224 20.7 8.91
      vertex 4.77059 20.7 9.10944
    endloop
  endfacet
  facet normal 0.99786 -0 0.0653877
    outer loop
      vertex 1.5 20.7 9.76
      vertex 1.51454 21.5 9.53811
      vertex 1.5 21.5 9.76
    endloop
  endfacet
  facet normal 0.99786 0 0.0653877
    outer loop
      vertex 1.51454 21.5 9.53811
      vertex 1.5 20.7 9.76
      vertex 1.51454 20.7 9.53811
    endloop
  endfacet
  facet normal 0.321525 0 -0.946901
    outer loop
      vertex 2.54944 20.7 11.3306
      vertex 2.76001 21.5 11.4021
      vertex 2.76001 20.7 11.4021
    endloop
  endfacet
  facet normal 0.321525 0 -0.946901
    outer loop
      vertex 2.76001 21.5 11.4021
      vertex 2.54944 20.7 11.3306
      vertex 2.54944 21.5 11.3306
    endloop
  endfacet
  facet normal 0.442278 0 0.896878
    outer loop
      vertex 2.35 21.5 8.28776
      vertex 2.54944 20.7 8.18941
      vertex 2.54944 21.5 8.18941
    endloop
  endfacet
  facet normal 0.442278 0 0.896878
    outer loop
      vertex 2.54944 20.7 8.18941
      vertex 2.35 21.5 8.28776
      vertex 2.35 20.7 8.28776
    endloop
  endfacet
  facet normal 0.831469 -0 0.555572
    outer loop
      vertex 1.72776 20.7 8.91
      vertex 1.8513 21.5 8.72511
      vertex 1.72776 21.5 8.91
    endloop
  endfacet
  facet normal 0.831469 0 0.555572
    outer loop
      vertex 1.8513 21.5 8.72511
      vertex 1.72776 20.7 8.91
      vertex 1.8513 20.7 8.72511
    endloop
  endfacet
  facet normal 0.555447 0 -0.831552
    outer loop
      vertex 2.16511 20.7 11.1087
      vertex 2.35 21.5 11.2322
      vertex 2.35 20.7 11.2322
    endloop
  endfacet
  facet normal 0.555447 0 -0.831552
    outer loop
      vertex 2.35 21.5 11.2322
      vertex 2.16511 20.7 11.1087
      vertex 2.16511 21.5 11.1087
    endloop
  endfacet
  facet normal -0.980789 0 0.195072
    outer loop
      vertex 6.09778 19 8.98354
      vertex 6.17433 20.7 9.36842
      vertex 6.09778 20.7 8.98354
    endloop
  endfacet
  facet normal -0.980789 0 0.195072
    outer loop
      vertex 6.17433 20.7 9.36842
      vertex 6.09778 19 8.98354
      vertex 6.17433 19 9.36842
    endloop
  endfacet
  facet normal -0.997858 0 0.0654145
    outer loop
      vertex 6.17433 19 9.36842
      vertex 6.2 20.7 9.76
      vertex 6.17433 20.7 9.36842
    endloop
  endfacet
  facet normal -0.997858 0 0.0654145
    outer loop
      vertex 6.2 20.7 9.76
      vertex 6.17433 19 9.36842
      vertex 6.2 19 9.76
    endloop
  endfacet
  facet normal -0.980791 0 -0.195062
    outer loop
      vertex 6.17433 19 10.1516
      vertex 6.09778 20.7 10.5365
      vertex 6.17433 20.7 10.1516
    endloop
  endfacet
  facet normal -0.980791 -0 -0.195062
    outer loop
      vertex 6.09778 20.7 10.5365
      vertex 6.17433 19 10.1516
      vertex 6.09778 19 10.5365
    endloop
  endfacet
  facet normal 0.751801 0 -0.65939
    outer loop
      vertex 1.07868 19 11.8813
      vertex 0.819941 20.7 11.5863
      vertex 1.07868 20.7 11.8813
    endloop
  endfacet
  facet normal 0.751801 0 -0.65939
    outer loop
      vertex 0.819941 20.7 11.5863
      vertex 1.07868 19 11.8813
      vertex 0.819941 19 11.5863
    endloop
  endfacet
  facet normal 0 -1 0
    outer loop
      vertex 3.2 20.7 11.46
      vertex 3.2 20.7 12.76
      vertex 2.80842 20.7 12.7343
    endloop
  endfacet
  facet normal 0 -1 0
    outer loop
      vertex 2.97811 20.7 11.4455
      vertex 2.80842 20.7 12.7343
      vertex 2.42354 20.7 12.6578
    endloop
  endfacet
  facet normal 0 -1 0
    outer loop
      vertex 3.2 20.7 12.76
      vertex 3.2 20.7 11.46
      vertex 3.59158 20.7 12.7343
    endloop
  endfacet
  facet normal 0 -1 0
    outer loop
      vertex 2.76001 20.7 11.4021
      vertex 2.42354 20.7 12.6578
      vertex 2.05195 20.7 12.5316
    endloop
  endfacet
  facet normal 0 -1 0
    outer loop
      vertex 3.42189 20.7 11.4455
      vertex 3.59158 20.7 12.7343
      vertex 3.2 20.7 11.46
    endloop
  endfacet
  facet normal 0 -1 0
    outer loop
      vertex 2.54944 20.7 11.3306
      vertex 2.05195 20.7 12.5316
      vertex 1.7 20.7 12.3581
    endloop
  endfacet
  facet normal 0 -1 -0
    outer loop
      vertex 3.59158 20.7 12.7343
      vertex 3.42189 20.7 11.4455
      vertex 3.97646 20.7 12.6578
    endloop
  endfacet
  facet normal 0 -1 0
    outer loop
      vertex 2.35 20.7 11.2322
      vertex 1.7 20.7 12.3581
      vertex 1.37372 20.7 12.1401
    endloop
  endfacet
  facet normal 0 -1 0
    outer loop
      vertex 3.63999 20.7 11.4021
      vertex 3.97646 20.7 12.6578
      vertex 3.42189 20.7 11.4455
    endloop
  endfacet
  facet normal 0 -1 0
    outer loop
      vertex 2.16511 20.7 11.1087
      vertex 1.37372 20.7 12.1401
      vertex 1.07868 20.7 11.8813
    endloop
  endfacet
  facet normal 0 -1 -0
    outer loop
      vertex 3.97646 20.7 12.6578
      vertex 3.63999 20.7 11.4021
      vertex 4.34805 20.7 12.5316
    endloop
  endfacet
  facet normal 0 -1 0
    outer loop
      vertex 1.99792 20.7 10.9621
      vertex 1.07868 20.7 11.8813
      vertex 0.819941 20.7 11.5863
    endloop
  endfacet
  facet normal 0 -1 0
    outer loop
      vertex 3.85056 20.7 11.3306
      vertex 4.34805 20.7 12.5316
      vertex 3.63999 20.7 11.4021
    endloop
  endfacet
  facet normal 0 -1 -0
    outer loop
      vertex 4.34805 20.7 12.5316
      vertex 3.85056 20.7 11.3306
      vertex 4.7 20.7 12.3581
    endloop
  endfacet
  facet normal 0 -1 0
    outer loop
      vertex 2.80842 20.7 12.7343
      vertex 2.97811 20.7 11.4455
      vertex 3.2 20.7 11.46
    endloop
  endfacet
  facet normal 0 -1 0
    outer loop
      vertex 2.42354 20.7 12.6578
      vertex 2.76001 20.7 11.4021
      vertex 2.97811 20.7 11.4455
    endloop
  endfacet
  facet normal 0 -1 0
    outer loop
      vertex 2.05195 20.7 12.5316
      vertex 2.54944 20.7 11.3306
      vertex 2.76001 20.7 11.4021
    endloop
  endfacet
  facet normal 0 -1 0
    outer loop
      vertex 1.8513 20.7 10.7949
      vertex 0.819941 20.7 11.5863
      vertex 0.601924 20.7 11.26
    endloop
  endfacet
  facet normal 0 -1 0
    outer loop
      vertex 1.7 20.7 12.3581
      vertex 2.35 20.7 11.2322
      vertex 2.54944 20.7 11.3306
    endloop
  endfacet
  facet normal 0 -1 0
    outer loop
      vertex 1.37372 20.7 12.1401
      vertex 2.16511 20.7 11.1087
      vertex 2.35 20.7 11.2322
    endloop
  endfacet
  facet normal 0 -1 0
    outer loop
      vertex 1.07868 20.7 11.8813
      vertex 1.99792 20.7 10.9621
      vertex 2.16511 20.7 11.1087
    endloop
  endfacet
  facet normal 0 -1 0
    outer loop
      vertex 1.72776 20.7 10.61
      vertex 0.601924 20.7 11.26
      vertex 0.428362 20.7 10.908
    endloop
  endfacet
  facet normal 0 -1 0
    outer loop
      vertex 0.819941 20.7 11.5863
      vertex 1.8513 20.7 10.7949
      vertex 1.99792 20.7 10.9621
    endloop
  endfacet
  facet normal 0 -1 0
    outer loop
      vertex 0.601924 20.7 11.26
      vertex 1.72776 20.7 10.61
      vertex 1.8513 20.7 10.7949
    endloop
  endfacet
  facet normal 0 -1 0
    outer loop
      vertex 1.62941 20.7 10.4106
      vertex 0.428362 20.7 10.908
      vertex 0.302223 20.7 10.5365
    endloop
  endfacet
  facet normal 0 -1 0
    outer loop
      vertex 0.428362 20.7 10.908
      vertex 1.62941 20.7 10.4106
      vertex 1.72776 20.7 10.61
    endloop
  endfacet
  facet normal 0 -1 0
    outer loop
      vertex 0.302223 20.7 10.5365
      vertex 1.55793 20.7 10.2
      vertex 1.62941 20.7 10.4106
    endloop
  endfacet
  facet normal 0 -1 0
    outer loop
      vertex 0.225666 20.7 10.1516
      vertex 1.55793 20.7 10.2
      vertex 0.302223 20.7 10.5365
    endloop
  endfacet
  facet normal 0 -1 0
    outer loop
      vertex 0.225666 20.7 10.1516
      vertex 1.51454 20.7 9.98189
      vertex 1.55793 20.7 10.2
    endloop
  endfacet
  facet normal 0 -1 0
    outer loop
      vertex 0.2 20.7 9.76
      vertex 1.51454 20.7 9.98189
      vertex 0.225666 20.7 10.1516
    endloop
  endfacet
  facet normal 0 -1 0
    outer loop
      vertex 0.2 20.7 9.76
      vertex 1.5 20.7 9.76
      vertex 1.51454 20.7 9.98189
    endloop
  endfacet
  facet normal 0 -1 0
    outer loop
      vertex 0.2 20.7 9.76
      vertex 1.51454 20.7 9.53811
      vertex 1.5 20.7 9.76
    endloop
  endfacet
  facet normal 0 -1 0
    outer loop
      vertex 0.225666 20.7 9.36842
      vertex 1.51454 20.7 9.53811
      vertex 0.2 20.7 9.76
    endloop
  endfacet
  facet normal 0 -1 0
    outer loop
      vertex 0.225666 20.7 9.36842
      vertex 1.55793 20.7 9.32001
      vertex 1.51454 20.7 9.53811
    endloop
  endfacet
  facet normal 0 -1 0
    outer loop
      vertex 0.302223 20.7 8.98354
      vertex 1.55793 20.7 9.32001
      vertex 0.225666 20.7 9.36842
    endloop
  endfacet
  facet normal 0 -1 -0
    outer loop
      vertex 1.55793 20.7 9.32001
      vertex 0.302223 20.7 8.98354
      vertex 1.62941 20.7 9.10944
    endloop
  endfacet
  facet normal 0 -1 0
    outer loop
      vertex 0.428362 20.7 8.61195
      vertex 1.62941 20.7 9.10944
      vertex 0.302223 20.7 8.98354
    endloop
  endfacet
  facet normal 0 -1 -0
    outer loop
      vertex 1.62941 20.7 9.10944
      vertex 0.428362 20.7 8.61195
      vertex 1.72776 20.7 8.91
    endloop
  endfacet
  facet normal 0 -1 0
    outer loop
      vertex 0.601924 20.7 8.26
      vertex 1.72776 20.7 8.91
      vertex 0.428362 20.7 8.61195
    endloop
  endfacet
  facet normal 0 -1 -0
    outer loop
      vertex 1.72776 20.7 8.91
      vertex 0.601924 20.7 8.26
      vertex 1.8513 20.7 8.72511
    endloop
  endfacet
  facet normal 0 -1 0
    outer loop
      vertex 0.819941 20.7 7.93372
      vertex 1.8513 20.7 8.72511
      vertex 0.601924 20.7 8.26
    endloop
  endfacet
  facet normal 0 -1 -0
    outer loop
      vertex 1.8513 20.7 8.72511
      vertex 0.819941 20.7 7.93372
      vertex 1.99792 20.7 8.55792
    endloop
  endfacet
  facet normal 0 -1 0
    outer loop
      vertex 1.07868 20.7 7.63868
      vertex 1.99792 20.7 8.55792
      vertex 0.819941 20.7 7.93372
    endloop
  endfacet
  facet normal 0 -1 -0
    outer loop
      vertex 1.99792 20.7 8.55792
      vertex 1.07868 20.7 7.63868
      vertex 2.16511 20.7 8.4113
    endloop
  endfacet
  facet normal 0 -1 0
    outer loop
      vertex 1.37372 20.7 7.37994
      vertex 2.16511 20.7 8.4113
      vertex 1.07868 20.7 7.63868
    endloop
  endfacet
  facet normal 0 -1 -0
    outer loop
      vertex 2.16511 20.7 8.4113
      vertex 1.37372 20.7 7.37994
      vertex 2.35 20.7 8.28776
    endloop
  endfacet
  facet normal 0 -1 -0
    outer loop
      vertex 2.35 20.7 8.28776
      vertex 1.7 20.7 7.16192
      vertex 2.54944 20.7 8.18941
    endloop
  endfacet
  facet normal 0 -1 0
    outer loop
      vertex 1.7 20.7 7.16192
      vertex 2.35 20.7 8.28776
      vertex 1.37372 20.7 7.37994
    endloop
  endfacet
  facet normal 0 -1 0
    outer loop
      vertex 4.05 20.7 11.2322
      vertex 4.7 20.7 12.3581
      vertex 3.85056 20.7 11.3306
    endloop
  endfacet
  facet normal 0 -1 -0
    outer loop
      vertex 4.7 20.7 12.3581
      vertex 4.05 20.7 11.2322
      vertex 5.02628 20.7 12.1401
    endloop
  endfacet
  facet normal 0 -1 0
    outer loop
      vertex 4.23489 20.7 11.1087
      vertex 5.02628 20.7 12.1401
      vertex 4.05 20.7 11.2322
    endloop
  endfacet
  facet normal 0 -1 -0
    outer loop
      vertex 5.02628 20.7 12.1401
      vertex 4.23489 20.7 11.1087
      vertex 5.32132 20.7 11.8813
    endloop
  endfacet
  facet normal 0 -1 0
    outer loop
      vertex 4.40208 20.7 10.9621
      vertex 5.32132 20.7 11.8813
      vertex 4.23489 20.7 11.1087
    endloop
  endfacet
  facet normal 0 -1 -0
    outer loop
      vertex 5.32132 20.7 11.8813
      vertex 4.40208 20.7 10.9621
      vertex 5.58006 20.7 11.5863
    endloop
  endfacet
  facet normal 0 -1 0
    outer loop
      vertex 4.5487 20.7 10.7949
      vertex 5.58006 20.7 11.5863
      vertex 4.40208 20.7 10.9621
    endloop
  endfacet
  facet normal 0 -1 -0
    outer loop
      vertex 5.58006 20.7 11.5863
      vertex 4.5487 20.7 10.7949
      vertex 5.79808 20.7 11.26
    endloop
  endfacet
  facet normal 0 -1 0
    outer loop
      vertex 4.67224 20.7 10.61
      vertex 5.79808 20.7 11.26
      vertex 4.5487 20.7 10.7949
    endloop
  endfacet
  facet normal 0 -1 -0
    outer loop
      vertex 5.79808 20.7 11.26
      vertex 4.67224 20.7 10.61
      vertex 5.97164 20.7 10.908
    endloop
  endfacet
  facet normal 0 -1 0
    outer loop
      vertex 4.77059 20.7 10.4106
      vertex 5.97164 20.7 10.908
      vertex 4.67224 20.7 10.61
    endloop
  endfacet
  facet normal 0 -1 -0
    outer loop
      vertex 5.97164 20.7 10.908
      vertex 4.77059 20.7 10.4106
      vertex 6.09778 20.7 10.5365
    endloop
  endfacet
  facet normal 0 -1 0
    outer loop
      vertex 4.84207 20.7 10.2
      vertex 6.09778 20.7 10.5365
      vertex 4.77059 20.7 10.4106
    endloop
  endfacet
  facet normal 0 -1 0
    outer loop
      vertex 4.84207 20.7 10.2
      vertex 6.17433 20.7 10.1516
      vertex 6.09778 20.7 10.5365
    endloop
  endfacet
  facet normal 0 -1 0
    outer loop
      vertex 4.88546 20.7 9.98189
      vertex 6.17433 20.7 10.1516
      vertex 4.84207 20.7 10.2
    endloop
  endfacet
  facet normal 0 -1 0
    outer loop
      vertex 4.9 20.7 9.76
      vertex 6.17433 20.7 10.1516
      vertex 4.88546 20.7 9.98189
    endloop
  endfacet
  facet normal 0 -1 0
    outer loop
      vertex 4.9 20.7 9.76
      vertex 6.2 20.7 9.76
      vertex 6.17433 20.7 10.1516
    endloop
  endfacet
  facet normal 0 -1 0
    outer loop
      vertex 4.88546 20.7 9.53811
      vertex 6.2 20.7 9.76
      vertex 4.9 20.7 9.76
    endloop
  endfacet
  facet normal 0 -1 0
    outer loop
      vertex 4.88546 20.7 9.53811
      vertex 6.17433 20.7 9.36842
      vertex 6.2 20.7 9.76
    endloop
  endfacet
  facet normal 0 -1 0
    outer loop
      vertex 4.84207 20.7 9.32001
      vertex 6.17433 20.7 9.36842
      vertex 4.88546 20.7 9.53811
    endloop
  endfacet
  facet normal 0 -1 0
    outer loop
      vertex 6.09778 20.7 8.98354
      vertex 4.84207 20.7 9.32001
      vertex 4.77059 20.7 9.10944
    endloop
  endfacet
  facet normal 0 -1 0
    outer loop
      vertex 4.84207 20.7 9.32001
      vertex 6.09778 20.7 8.98354
      vertex 6.17433 20.7 9.36842
    endloop
  endfacet
  facet normal 0 -1 0
    outer loop
      vertex 5.97164 20.7 8.61195
      vertex 4.77059 20.7 9.10944
      vertex 4.67224 20.7 8.91
    endloop
  endfacet
  facet normal 0 -1 0
    outer loop
      vertex 5.79808 20.7 8.26
      vertex 4.67224 20.7 8.91
      vertex 4.5487 20.7 8.72511
    endloop
  endfacet
  facet normal 0 -1 0
    outer loop
      vertex 4.77059 20.7 9.10944
      vertex 5.97164 20.7 8.61195
      vertex 6.09778 20.7 8.98354
    endloop
  endfacet
  facet normal 0 -1 0
    outer loop
      vertex 5.58006 20.7 7.93372
      vertex 4.5487 20.7 8.72511
      vertex 4.40208 20.7 8.55792
    endloop
  endfacet
  facet normal 0 -1 0
    outer loop
      vertex 5.32132 20.7 7.63868
      vertex 4.40208 20.7 8.55792
      vertex 4.23489 20.7 8.4113
    endloop
  endfacet
  facet normal 0 -1 0
    outer loop
      vertex 5.02628 20.7 7.37994
      vertex 4.23489 20.7 8.4113
      vertex 4.05 20.7 8.28776
    endloop
  endfacet
  facet normal 0 -1 0
    outer loop
      vertex 4.67224 20.7 8.91
      vertex 5.79808 20.7 8.26
      vertex 5.97164 20.7 8.61195
    endloop
  endfacet
  facet normal 0 -1 0
    outer loop
      vertex 4.7 20.7 7.16192
      vertex 4.05 20.7 8.28776
      vertex 3.85056 20.7 8.18941
    endloop
  endfacet
  facet normal 0 -1 0
    outer loop
      vertex 4.34805 20.7 6.98836
      vertex 3.85056 20.7 8.18941
      vertex 3.63999 20.7 8.11793
    endloop
  endfacet
  facet normal 0 -1 0
    outer loop
      vertex 3.97646 20.7 6.86222
      vertex 3.63999 20.7 8.11793
      vertex 3.42189 20.7 8.07454
    endloop
  endfacet
  facet normal 0 -1 0
    outer loop
      vertex 4.5487 20.7 8.72511
      vertex 5.58006 20.7 7.93372
      vertex 5.79808 20.7 8.26
    endloop
  endfacet
  facet normal 0 -1 0
    outer loop
      vertex 3.59158 20.7 6.78567
      vertex 3.42189 20.7 8.07454
      vertex 3.2 20.7 8.06
    endloop
  endfacet
  facet normal 0 -1 0
    outer loop
      vertex 2.05195 20.7 6.98836
      vertex 2.54944 20.7 8.18941
      vertex 1.7 20.7 7.16192
    endloop
  endfacet
  facet normal 0 -1 -0
    outer loop
      vertex 2.54944 20.7 8.18941
      vertex 2.05195 20.7 6.98836
      vertex 2.76001 20.7 8.11793
    endloop
  endfacet
  facet normal 0 -1 0
    outer loop
      vertex 4.40208 20.7 8.55792
      vertex 5.32132 20.7 7.63868
      vertex 5.58006 20.7 7.93372
    endloop
  endfacet
  facet normal 0 -1 0
    outer loop
      vertex 2.42354 20.7 6.86222
      vertex 2.76001 20.7 8.11793
      vertex 2.05195 20.7 6.98836
    endloop
  endfacet
  facet normal 0 -1 0
    outer loop
      vertex 4.23489 20.7 8.4113
      vertex 5.02628 20.7 7.37994
      vertex 5.32132 20.7 7.63868
    endloop
  endfacet
  facet normal 0 -1 -0
    outer loop
      vertex 2.76001 20.7 8.11793
      vertex 2.42354 20.7 6.86222
      vertex 2.97811 20.7 8.07454
    endloop
  endfacet
  facet normal 0 -1 0
    outer loop
      vertex 4.05 20.7 8.28776
      vertex 4.7 20.7 7.16192
      vertex 5.02628 20.7 7.37994
    endloop
  endfacet
  facet normal 0 -1 0
    outer loop
      vertex 2.80842 20.7 6.78567
      vertex 2.97811 20.7 8.07454
      vertex 2.42354 20.7 6.86222
    endloop
  endfacet
  facet normal 0 -1 0
    outer loop
      vertex 3.85056 20.7 8.18941
      vertex 4.34805 20.7 6.98836
      vertex 4.7 20.7 7.16192
    endloop
  endfacet
  facet normal 0 -1 -0
    outer loop
      vertex 2.97811 20.7 8.07454
      vertex 2.80842 20.7 6.78567
      vertex 3.2 20.7 8.06
    endloop
  endfacet
  facet normal 0 -1 0
    outer loop
      vertex 3.63999 20.7 8.11793
      vertex 3.97646 20.7 6.86222
      vertex 4.34805 20.7 6.98836
    endloop
  endfacet
  facet normal 0 -1 0
    outer loop
      vertex 3.2 20.7 6.76
      vertex 3.2 20.7 8.06
      vertex 2.80842 20.7 6.78567
    endloop
  endfacet
  facet normal 0 -1 0
    outer loop
      vertex 3.42189 20.7 8.07454
      vertex 3.59158 20.7 6.78567
      vertex 3.97646 20.7 6.86222
    endloop
  endfacet
  facet normal 0 -1 0
    outer loop
      vertex 3.2 20.7 8.06
      vertex 3.2 20.7 6.76
      vertex 3.59158 20.7 6.78567
    endloop
  endfacet
  facet normal -0.831462 0 0.555582
    outer loop
      vertex 5.58006 19 7.93372
      vertex 5.79808 20.7 8.26
      vertex 5.58006 20.7 7.93372
    endloop
  endfacet
  facet normal -0.831462 0 0.555582
    outer loop
      vertex 5.79808 20.7 8.26
      vertex 5.58006 19 7.93372
      vertex 5.79808 19 8.26
    endloop
  endfacet
  facet normal -0.555582 0 0.831462
    outer loop
      vertex 4.7 20.7 7.16192
      vertex 5.02628 19 7.37994
      vertex 5.02628 20.7 7.37994
    endloop
  endfacet
  facet normal -0.555582 0 0.831462
    outer loop
      vertex 5.02628 19 7.37994
      vertex 4.7 20.7 7.16192
      vertex 4.7 19 7.16192
    endloop
  endfacet
  facet normal -0.8969 0 -0.442233
    outer loop
      vertex 5.97164 19 10.908
      vertex 5.79808 20.7 11.26
      vertex 5.97164 20.7 10.908
    endloop
  endfacet
  facet normal -0.8969 -0 -0.442233
    outer loop
      vertex 5.79808 20.7 11.26
      vertex 5.97164 19 10.908
      vertex 5.79808 19 11.26
    endloop
  endfacet
  facet normal -0.997858 0 -0.0654112
    outer loop
      vertex 6.2 19 9.76
      vertex 6.17433 20.7 10.1516
      vertex 6.2 20.7 9.76
    endloop
  endfacet
  facet normal -0.997858 -0 -0.0654112
    outer loop
      vertex 6.17433 20.7 10.1516
      vertex 6.2 19 9.76
      vertex 6.17433 19 10.1516
    endloop
  endfacet
  facet normal -0.321444 0 0.946928
    outer loop
      vertex 3.97646 20.7 6.86222
      vertex 4.34805 19 6.98836
      vertex 4.34805 20.7 6.98836
    endloop
  endfacet
  facet normal -0.321444 0 0.946928
    outer loop
      vertex 4.34805 19 6.98836
      vertex 3.97646 20.7 6.86222
      vertex 3.97646 19 6.86222
    endloop
  endfacet
  facet normal 0.896873 -0 0.442288
    outer loop
      vertex 0.428362 19 8.61195
      vertex 0.601924 20.7 8.26
      vertex 0.428362 20.7 8.61195
    endloop
  endfacet
  facet normal 0.896873 0 0.442288
    outer loop
      vertex 0.601924 20.7 8.26
      vertex 0.428362 19 8.61195
      vertex 0.601924 19 8.26
    endloop
  endfacet
  facet normal 0.659341 0 0.751844
    outer loop
      vertex 1.07868 20.7 7.63868
      vertex 1.37372 19 7.37994
      vertex 1.37372 20.7 7.37994
    endloop
  endfacet
  facet normal 0.659341 0 0.751844
    outer loop
      vertex 1.37372 19 7.37994
      vertex 1.07868 20.7 7.63868
      vertex 1.07868 19 7.63868
    endloop
  endfacet
  facet normal -0.321582 0 -0.946882
    outer loop
      vertex 3.97646 19 12.6578
      vertex 4.34805 20.7 12.5316
      vertex 4.34805 19 12.5316
    endloop
  endfacet
  facet normal -0.321582 0 -0.946882
    outer loop
      vertex 4.34805 20.7 12.5316
      vertex 3.97646 19 12.6578
      vertex 3.97646 20.7 12.6578
    endloop
  endfacet
  facet normal 0.997859 0 -0.065401
    outer loop
      vertex 0.225666 19 10.1516
      vertex 0.2 20.7 9.76
      vertex 0.225666 20.7 10.1516
    endloop
  endfacet
  facet normal 0.997859 0 -0.065401
    outer loop
      vertex 0.2 20.7 9.76
      vertex 0.225666 19 10.1516
      vertex 0.2 19 9.76
    endloop
  endfacet
  facet normal 0.659428 0 -0.751768
    outer loop
      vertex 1.07868 19 11.8813
      vertex 1.37372 20.7 12.1401
      vertex 1.37372 19 12.1401
    endloop
  endfacet
  facet normal 0.659428 0 -0.751768
    outer loop
      vertex 1.37372 20.7 12.1401
      vertex 1.07868 19 11.8813
      vertex 1.07868 20.7 11.8813
    endloop
  endfacet
  facet normal 0.321444 0 0.946928
    outer loop
      vertex 2.05195 20.7 6.98836
      vertex 2.42354 19 6.86222
      vertex 2.42354 20.7 6.86222
    endloop
  endfacet
  facet normal 0.321444 0 0.946928
    outer loop
      vertex 2.42354 19 6.86222
      vertex 2.05195 20.7 6.98836
      vertex 2.05195 19 6.98836
    endloop
  endfacet
  facet normal 0.831481 0 -0.555553
    outer loop
      vertex 0.819941 19 11.5863
      vertex 0.601924 20.7 11.26
      vertex 0.819941 20.7 11.5863
    endloop
  endfacet
  facet normal 0.831481 0 -0.555553
    outer loop
      vertex 0.601924 20.7 11.26
      vertex 0.819941 19 11.5863
      vertex 0.601924 19 11.26
    endloop
  endfacet
  facet normal 0.555582 0 0.831462
    outer loop
      vertex 1.37372 20.7 7.37994
      vertex 1.7 19 7.16192
      vertex 1.7 20.7 7.16192
    endloop
  endfacet
  facet normal 0.555582 0 0.831462
    outer loop
      vertex 1.7 19 7.16192
      vertex 1.37372 20.7 7.37994
      vertex 1.37372 19 7.37994
    endloop
  endfacet
  facet normal -0.195072 0 0.980789
    outer loop
      vertex 3.59158 20.7 6.78567
      vertex 3.97646 19 6.86222
      vertex 3.97646 20.7 6.86222
    endloop
  endfacet
  facet normal -0.195072 0 0.980789
    outer loop
      vertex 3.97646 19 6.86222
      vertex 3.59158 20.7 6.78567
      vertex 3.59158 19 6.78567
    endloop
  endfacet
  facet normal 0.442283 0 0.896875
    outer loop
      vertex 1.7 20.7 7.16192
      vertex 2.05195 19 6.98836
      vertex 2.05195 20.7 6.98836
    endloop
  endfacet
  facet normal 0.442283 0 0.896875
    outer loop
      vertex 2.05195 19 6.98836
      vertex 1.7 20.7 7.16192
      vertex 1.7 19 7.16192
    endloop
  endfacet
  facet normal -0.0654906 0 -0.997853
    outer loop
      vertex 3.2 19 12.76
      vertex 3.59158 20.7 12.7343
      vertex 3.59158 19 12.7343
    endloop
  endfacet
  facet normal -0.0654906 0 -0.997853
    outer loop
      vertex 3.59158 20.7 12.7343
      vertex 3.2 19 12.76
      vertex 3.2 20.7 12.76
    endloop
  endfacet
  facet normal -0.659428 0 -0.751768
    outer loop
      vertex 5.02628 19 12.1401
      vertex 5.32132 20.7 11.8813
      vertex 5.32132 19 11.8813
    endloop
  endfacet
  facet normal -0.659428 0 -0.751768
    outer loop
      vertex 5.32132 20.7 11.8813
      vertex 5.02628 19 12.1401
      vertex 5.02628 20.7 12.1401
    endloop
  endfacet
  facet normal 0.946905 0 -0.321512
    outer loop
      vertex 0.428362 19 10.908
      vertex 0.302223 20.7 10.5365
      vertex 0.428362 20.7 10.908
    endloop
  endfacet
  facet normal 0.946905 0 -0.321512
    outer loop
      vertex 0.302223 20.7 10.5365
      vertex 0.428362 19 10.908
      vertex 0.302223 19 10.5365
    endloop
  endfacet
  facet normal -0.946905 0 -0.321514
    outer loop
      vertex 6.09778 19 10.5365
      vertex 5.97164 20.7 10.908
      vertex 6.09778 20.7 10.5365
    endloop
  endfacet
  facet normal -0.946905 -0 -0.321514
    outer loop
      vertex 5.97164 20.7 10.908
      vertex 6.09778 19 10.5365
      vertex 5.97164 19 10.908
    endloop
  endfacet
  facet normal -0.442283 0 0.896875
    outer loop
      vertex 4.34805 20.7 6.98836
      vertex 4.7 19 7.16192
      vertex 4.7 20.7 7.16192
    endloop
  endfacet
  facet normal -0.442283 0 0.896875
    outer loop
      vertex 4.7 19 7.16192
      vertex 4.34805 20.7 6.98836
      vertex 4.34805 19 6.98836
    endloop
  endfacet
  facet normal 0.195072 0 0.980789
    outer loop
      vertex 2.42354 20.7 6.86222
      vertex 2.80842 19 6.78567
      vertex 2.80842 20.7 6.78567
    endloop
  endfacet
  facet normal 0.195072 0 0.980789
    outer loop
      vertex 2.80842 19 6.78567
      vertex 2.42354 20.7 6.86222
      vertex 2.42354 19 6.86222
    endloop
  endfacet
  facet normal -0.751844 0 0.659341
    outer loop
      vertex 5.32132 19 7.63868
      vertex 5.58006 20.7 7.93372
      vertex 5.32132 20.7 7.63868
    endloop
  endfacet
  facet normal -0.751844 0 0.659341
    outer loop
      vertex 5.58006 20.7 7.93372
      vertex 5.32132 19 7.63868
      vertex 5.58006 19 7.93372
    endloop
  endfacet
  facet normal -0.751799 0 -0.659392
    outer loop
      vertex 5.58006 19 11.5863
      vertex 5.32132 20.7 11.8813
      vertex 5.58006 20.7 11.5863
    endloop
  endfacet
  facet normal -0.751799 -0 -0.659392
    outer loop
      vertex 5.32132 20.7 11.8813
      vertex 5.58006 19 11.5863
      vertex 5.32132 19 11.8813
    endloop
  endfacet
  facet normal 0.44216 0 -0.896936
    outer loop
      vertex 1.7 19 12.3581
      vertex 2.05195 20.7 12.5316
      vertex 2.05195 19 12.5316
    endloop
  endfacet
  facet normal 0.44216 0 -0.896936
    outer loop
      vertex 2.05195 20.7 12.5316
      vertex 1.7 19 12.3581
      vertex 1.7 20.7 12.3581
    endloop
  endfacet
  facet normal 0.946929 -0 0.321442
    outer loop
      vertex 0.302223 19 8.98354
      vertex 0.428362 20.7 8.61195
      vertex 0.302223 20.7 8.98354
    endloop
  endfacet
  facet normal 0.946929 0 0.321442
    outer loop
      vertex 0.428362 20.7 8.61195
      vertex 0.302223 19 8.98354
      vertex 0.428362 19 8.61195
    endloop
  endfacet
  facet normal -0.19495 0 -0.980813
    outer loop
      vertex 3.59158 19 12.7343
      vertex 3.97646 20.7 12.6578
      vertex 3.97646 19 12.6578
    endloop
  endfacet
  facet normal -0.19495 0 -0.980813
    outer loop
      vertex 3.97646 20.7 12.6578
      vertex 3.59158 19 12.7343
      vertex 3.59158 20.7 12.7343
    endloop
  endfacet
  facet normal -0.44216 0 -0.896936
    outer loop
      vertex 4.34805 19 12.5316
      vertex 4.7 20.7 12.3581
      vertex 4.7 19 12.3581
    endloop
  endfacet
  facet normal -0.44216 0 -0.896936
    outer loop
      vertex 4.7 20.7 12.3581
      vertex 4.34805 19 12.5316
      vertex 4.34805 20.7 12.5316
    endloop
  endfacet
  facet normal 0.751845 -0 0.65934
    outer loop
      vertex 0.819941 19 7.93372
      vertex 1.07868 20.7 7.63868
      vertex 0.819941 20.7 7.93372
    endloop
  endfacet
  facet normal 0.751845 0 0.65934
    outer loop
      vertex 1.07868 20.7 7.63868
      vertex 0.819941 19 7.93372
      vertex 1.07868 19 7.63868
    endloop
  endfacet
  facet normal -0.659341 0 0.751844
    outer loop
      vertex 5.02628 20.7 7.37994
      vertex 5.32132 19 7.63868
      vertex 5.32132 20.7 7.63868
    endloop
  endfacet
  facet normal -0.659341 0 0.751844
    outer loop
      vertex 5.32132 19 7.63868
      vertex 5.02628 20.7 7.37994
      vertex 5.02628 19 7.37994
    endloop
  endfacet
  facet normal 0.896898 0 -0.442237
    outer loop
      vertex 0.601924 19 11.26
      vertex 0.428362 20.7 10.908
      vertex 0.601924 20.7 11.26
    endloop
  endfacet
  facet normal 0.896898 0 -0.442237
    outer loop
      vertex 0.428362 20.7 10.908
      vertex 0.601924 19 11.26
      vertex 0.428362 19 10.908
    endloop
  endfacet
  facet normal 0.997859 -0 0.0654044
    outer loop
      vertex 0.2 19 9.76
      vertex 0.225666 20.7 9.36842
      vertex 0.2 20.7 9.76
    endloop
  endfacet
  facet normal 0.997859 0 0.0654044
    outer loop
      vertex 0.225666 20.7 9.36842
      vertex 0.2 19 9.76
      vertex 0.225666 19 9.36842
    endloop
  endfacet
  facet normal -0.831477 0 -0.555558
    outer loop
      vertex 5.79808 19 11.26
      vertex 5.58006 20.7 11.5863
      vertex 5.79808 20.7 11.26
    endloop
  endfacet
  facet normal -0.831477 -0 -0.555558
    outer loop
      vertex 5.58006 20.7 11.5863
      vertex 5.79808 19 11.26
      vertex 5.58006 19 11.5863
    endloop
  endfacet
  facet normal -0.896875 0 0.442283
    outer loop
      vertex 5.79808 19 8.26
      vertex 5.97164 20.7 8.61195
      vertex 5.79808 20.7 8.26
    endloop
  endfacet
  facet normal -0.896875 0 0.442283
    outer loop
      vertex 5.97164 20.7 8.61195
      vertex 5.79808 19 8.26
      vertex 5.97164 19 8.61195
    endloop
  endfacet
  facet normal 0.0654906 0 -0.997853
    outer loop
      vertex 2.80842 19 12.7343
      vertex 3.2 20.7 12.76
      vertex 3.2 19 12.76
    endloop
  endfacet
  facet normal 0.0654906 0 -0.997853
    outer loop
      vertex 3.2 20.7 12.76
      vertex 2.80842 19 12.7343
      vertex 2.80842 20.7 12.7343
    endloop
  endfacet
  facet normal 0.555547 0 -0.831485
    outer loop
      vertex 1.37372 19 12.1401
      vertex 1.7 20.7 12.3581
      vertex 1.7 19 12.3581
    endloop
  endfacet
  facet normal 0.555547 0 -0.831485
    outer loop
      vertex 1.7 20.7 12.3581
      vertex 1.37372 19 12.1401
      vertex 1.37372 20.7 12.1401
    endloop
  endfacet
  facet normal -0.555547 0 -0.831485
    outer loop
      vertex 4.7 19 12.3581
      vertex 5.02628 20.7 12.1401
      vertex 5.02628 19 12.1401
    endloop
  endfacet
  facet normal -0.555547 0 -0.831485
    outer loop
      vertex 5.02628 20.7 12.1401
      vertex 4.7 19 12.3581
      vertex 4.7 20.7 12.3581
    endloop
  endfacet
  facet normal -0.946928 0 0.321444
    outer loop
      vertex 5.97164 19 8.61195
      vertex 6.09778 20.7 8.98354
      vertex 5.97164 20.7 8.61195
    endloop
  endfacet
  facet normal -0.946928 0 0.321444
    outer loop
      vertex 6.09778 20.7 8.98354
      vertex 5.97164 19 8.61195
      vertex 6.09778 19 8.98354
    endloop
  endfacet
  facet normal 0.980785 -0 0.195089
    outer loop
      vertex 0.225666 19 9.36842
      vertex 0.302223 20.7 8.98354
      vertex 0.225666 20.7 9.36842
    endloop
  endfacet
  facet normal 0.980785 0 0.195089
    outer loop
      vertex 0.302223 20.7 8.98354
      vertex 0.225666 19 9.36842
      vertex 0.302223 19 8.98354
    endloop
  endfacet
  facet normal 0.0654145 0 0.997858
    outer loop
      vertex 2.80842 20.7 6.78567
      vertex 3.2 19 6.76
      vertex 3.2 20.7 6.76
    endloop
  endfacet
  facet normal 0.0654145 0 0.997858
    outer loop
      vertex 3.2 19 6.76
      vertex 2.80842 20.7 6.78567
      vertex 2.80842 19 6.78567
    endloop
  endfacet
  facet normal 0.321582 0 -0.946882
    outer loop
      vertex 2.05195 19 12.5316
      vertex 2.42354 20.7 12.6578
      vertex 2.42354 19 12.6578
    endloop
  endfacet
  facet normal 0.321582 0 -0.946882
    outer loop
      vertex 2.42354 20.7 12.6578
      vertex 2.05195 19 12.5316
      vertex 2.05195 20.7 12.5316
    endloop
  endfacet
  facet normal 0.980787 0 -0.19508
    outer loop
      vertex 0.302223 19 10.5365
      vertex 0.225666 20.7 10.1516
      vertex 0.302223 20.7 10.5365
    endloop
  endfacet
  facet normal 0.980787 0 -0.19508
    outer loop
      vertex 0.225666 20.7 10.1516
      vertex 0.302223 19 10.5365
      vertex 0.225666 19 10.1516
    endloop
  endfacet
  facet normal -0.0654145 0 0.997858
    outer loop
      vertex 3.2 20.7 6.76
      vertex 3.59158 19 6.78567
      vertex 3.59158 20.7 6.78567
    endloop
  endfacet
  facet normal -0.0654145 0 0.997858
    outer loop
      vertex 3.59158 19 6.78567
      vertex 3.2 20.7 6.76
      vertex 3.2 19 6.76
    endloop
  endfacet
  facet normal 0.19495 0 -0.980813
    outer loop
      vertex 2.42354 19 12.6578
      vertex 2.80842 20.7 12.7343
      vertex 2.80842 19 12.7343
    endloop
  endfacet
  facet normal 0.19495 0 -0.980813
    outer loop
      vertex 2.80842 20.7 12.7343
      vertex 2.42354 19 12.6578
      vertex 2.42354 20.7 12.6578
    endloop
  endfacet
  facet normal 0.831465 -0 0.555577
    outer loop
      vertex 0.601924 19 8.26
      vertex 0.819941 20.7 7.93372
      vertex 0.601924 20.7 8.26
    endloop
  endfacet
  facet normal 0.831465 0 0.555577
    outer loop
      vertex 0.819941 20.7 7.93372
      vertex 0.601924 19 8.26
      vertex 0.819941 19 7.93372
    endloop
  endfacet
  facet normal -0.980779 0 0.195122
    outer loop
      vertex 4.84207 20.7 29.8
      vertex 4.88546 21.5 30.0181
      vertex 4.84207 21.5 29.8
    endloop
  endfacet
  facet normal -0.980779 0 0.195122
    outer loop
      vertex 4.88546 21.5 30.0181
      vertex 4.84207 20.7 29.8
      vertex 4.88546 20.7 30.0181
    endloop
  endfacet
  facet normal -0.99786 0 0.0653848
    outer loop
      vertex 4.88546 20.7 30.0181
      vertex 4.9 21.5 30.24
      vertex 4.88546 21.5 30.0181
    endloop
  endfacet
  facet normal -0.99786 0 0.0653848
    outer loop
      vertex 4.9 21.5 30.24
      vertex 4.88546 20.7 30.0181
      vertex 4.9 20.7 30.24
    endloop
  endfacet
  facet normal -0.0652086 0 -0.997872
    outer loop
      vertex 3.2 20.7 31.94
      vertex 3.42189 21.5 31.9255
      vertex 3.42189 20.7 31.9255
    endloop
  endfacet
  facet normal -0.0652086 0 -0.997872
    outer loop
      vertex 3.42189 21.5 31.9255
      vertex 3.2 20.7 31.94
      vertex 3.2 21.5 31.94
    endloop
  endfacet
  facet normal 0.659291 0 0.751888
    outer loop
      vertex 1.99792 21.5 29.0379
      vertex 2.16511 20.7 28.8913
      vertex 2.16511 21.5 28.8913
    endloop
  endfacet
  facet normal 0.659291 0 0.751888
    outer loop
      vertex 2.16511 20.7 28.8913
      vertex 1.99792 21.5 29.0379
      vertex 1.99792 20.7 29.0379
    endloop
  endfacet
  facet normal 0.831483 0 -0.555551
    outer loop
      vertex 1.8513 20.7 31.2749
      vertex 1.72776 21.5 31.09
      vertex 1.8513 21.5 31.2749
    endloop
  endfacet
  facet normal 0.831483 0 -0.555551
    outer loop
      vertex 1.72776 21.5 31.09
      vertex 1.8513 20.7 31.2749
      vertex 1.72776 20.7 31.09
    endloop
  endfacet
  facet normal 0.195165 0 -0.98077
    outer loop
      vertex 2.76001 20.7 31.8821
      vertex 2.97811 21.5 31.9255
      vertex 2.97811 20.7 31.9255
    endloop
  endfacet
  facet normal 0.195165 0 -0.98077
    outer loop
      vertex 2.97811 21.5 31.9255
      vertex 2.76001 20.7 31.8821
      vertex 2.76001 21.5 31.8821
    endloop
  endfacet
  facet normal -0.659291 0 0.751888
    outer loop
      vertex 4.23489 21.5 28.8913
      vertex 4.40208 20.7 29.0379
      vertex 4.40208 21.5 29.0379
    endloop
  endfacet
  facet normal -0.659291 0 0.751888
    outer loop
      vertex 4.40208 20.7 29.0379
      vertex 4.23489 21.5 28.8913
      vertex 4.23489 20.7 28.8913
    endloop
  endfacet
  facet normal -0.946943 0 -0.321403
    outer loop
      vertex 4.84207 20.7 30.68
      vertex 4.77059 21.5 30.8906
      vertex 4.84207 21.5 30.68
    endloop
  endfacet
  facet normal -0.946943 -0 -0.321403
    outer loop
      vertex 4.77059 21.5 30.8906
      vertex 4.84207 20.7 30.68
      vertex 4.77059 20.7 30.8906
    endloop
  endfacet
  facet normal -0.751863 0 -0.659319
    outer loop
      vertex 4.5487 20.7 31.2749
      vertex 4.40208 21.5 31.4421
      vertex 4.5487 21.5 31.2749
    endloop
  endfacet
  facet normal -0.751863 -0 -0.659319
    outer loop
      vertex 4.40208 21.5 31.4421
      vertex 4.5487 20.7 31.2749
      vertex 4.40208 20.7 31.4421
    endloop
  endfacet
  facet normal -0.751863 0 0.659319
    outer loop
      vertex 4.40208 20.7 29.0379
      vertex 4.5487 21.5 29.2051
      vertex 4.40208 21.5 29.0379
    endloop
  endfacet
  facet normal -0.751863 0 0.659319
    outer loop
      vertex 4.5487 21.5 29.2051
      vertex 4.40208 20.7 29.0379
      vertex 4.5487 20.7 29.2051
    endloop
  endfacet
  facet normal 0.946943 0 -0.321403
    outer loop
      vertex 1.62941 20.7 30.8906
      vertex 1.55793 21.5 30.68
      vertex 1.62941 21.5 30.8906
    endloop
  endfacet
  facet normal 0.946943 0 -0.321403
    outer loop
      vertex 1.55793 21.5 30.68
      vertex 1.62941 20.7 30.8906
      vertex 1.55793 20.7 30.68
    endloop
  endfacet
  facet normal -0.321525 0 -0.946901
    outer loop
      vertex 3.63999 20.7 31.8821
      vertex 3.85056 21.5 31.8106
      vertex 3.85056 20.7 31.8106
    endloop
  endfacet
  facet normal -0.321525 0 -0.946901
    outer loop
      vertex 3.85056 21.5 31.8106
      vertex 3.63999 20.7 31.8821
      vertex 3.63999 21.5 31.8821
    endloop
  endfacet
  facet normal 0.0652086 0 -0.997872
    outer loop
      vertex 2.97811 20.7 31.9255
      vertex 3.2 21.5 31.94
      vertex 3.2 20.7 31.94
    endloop
  endfacet
  facet normal 0.0652086 0 -0.997872
    outer loop
      vertex 3.2 21.5 31.94
      vertex 2.97811 20.7 31.9255
      vertex 2.97811 21.5 31.9255
    endloop
  endfacet
  facet normal 0.321525 0 0.946901
    outer loop
      vertex 2.54944 21.5 28.6694
      vertex 2.76001 20.7 28.5979
      vertex 2.76001 21.5 28.5979
    endloop
  endfacet
  facet normal 0.321525 0 0.946901
    outer loop
      vertex 2.76001 20.7 28.5979
      vertex 2.54944 21.5 28.6694
      vertex 2.54944 20.7 28.6694
    endloop
  endfacet
  facet normal -0.946943 0 0.321403
    outer loop
      vertex 4.77059 20.7 29.5894
      vertex 4.84207 21.5 29.8
      vertex 4.77059 21.5 29.5894
    endloop
  endfacet
  facet normal -0.946943 0 0.321403
    outer loop
      vertex 4.84207 21.5 29.8
      vertex 4.77059 20.7 29.5894
      vertex 4.84207 20.7 29.8
    endloop
  endfacet
  facet normal 0.751863 -0 0.659319
    outer loop
      vertex 1.8513 20.7 29.2051
      vertex 1.99792 21.5 29.0379
      vertex 1.8513 21.5 29.2051
    endloop
  endfacet
  facet normal 0.751863 0 0.659319
    outer loop
      vertex 1.99792 21.5 29.0379
      vertex 1.8513 20.7 29.2051
      vertex 1.99792 20.7 29.0379
    endloop
  endfacet
  facet normal 0.442459 0 -0.896789
    outer loop
      vertex 2.35 20.7 31.7122
      vertex 2.54944 21.5 31.8106
      vertex 2.54944 20.7 31.8106
    endloop
  endfacet
  facet normal 0.442459 0 -0.896789
    outer loop
      vertex 2.54944 21.5 31.8106
      vertex 2.35 20.7 31.7122
      vertex 2.35 21.5 31.7122
    endloop
  endfacet
  facet normal 0.0652086 0 0.997872
    outer loop
      vertex 2.97811 21.5 28.5545
      vertex 3.2 20.7 28.54
      vertex 3.2 21.5 28.54
    endloop
  endfacet
  facet normal 0.0652086 0 0.997872
    outer loop
      vertex 3.2 20.7 28.54
      vertex 2.97811 21.5 28.5545
      vertex 2.97811 20.7 28.5545
    endloop
  endfacet
  facet normal -0.896843 0 -0.442349
    outer loop
      vertex 4.77059 20.7 30.8906
      vertex 4.67224 21.5 31.09
      vertex 4.77059 21.5 30.8906
    endloop
  endfacet
  facet normal -0.896843 -0 -0.442349
    outer loop
      vertex 4.67224 21.5 31.09
      vertex 4.77059 20.7 30.8906
      vertex 4.67224 20.7 31.09
    endloop
  endfacet
  facet normal -0.555447 0 -0.831552
    outer loop
      vertex 4.05 20.7 31.7122
      vertex 4.23489 21.5 31.5887
      vertex 4.23489 20.7 31.5887
    endloop
  endfacet
  facet normal -0.555447 0 -0.831552
    outer loop
      vertex 4.23489 21.5 31.5887
      vertex 4.05 20.7 31.7122
      vertex 4.05 21.5 31.7122
    endloop
  endfacet
  facet normal 0.980779 0 -0.195122
    outer loop
      vertex 1.55793 20.7 30.68
      vertex 1.51454 21.5 30.4619
      vertex 1.55793 21.5 30.68
    endloop
  endfacet
  facet normal 0.980779 0 -0.195122
    outer loop
      vertex 1.51454 21.5 30.4619
      vertex 1.55793 20.7 30.68
      vertex 1.51454 20.7 30.4619
    endloop
  endfacet
  facet normal 0.751863 0 -0.659319
    outer loop
      vertex 1.99792 20.7 31.4421
      vertex 1.8513 21.5 31.2749
      vertex 1.99792 21.5 31.4421
    endloop
  endfacet
  facet normal 0.751863 0 -0.659319
    outer loop
      vertex 1.8513 21.5 31.2749
      vertex 1.99792 20.7 31.4421
      vertex 1.8513 20.7 31.2749
    endloop
  endfacet
  facet normal -0.195165 0 0.98077
    outer loop
      vertex 3.42189 21.5 28.5545
      vertex 3.63999 20.7 28.5979
      vertex 3.63999 21.5 28.5979
    endloop
  endfacet
  facet normal -0.195165 0 0.98077
    outer loop
      vertex 3.63999 20.7 28.5979
      vertex 3.42189 21.5 28.5545
      vertex 3.42189 20.7 28.5545
    endloop
  endfacet
  facet normal -0.831483 0 0.555551
    outer loop
      vertex 4.5487 20.7 29.2051
      vertex 4.67224 21.5 29.39
      vertex 4.5487 21.5 29.2051
    endloop
  endfacet
  facet normal -0.831483 0 0.555551
    outer loop
      vertex 4.67224 21.5 29.39
      vertex 4.5487 20.7 29.2051
      vertex 4.67224 20.7 29.39
    endloop
  endfacet
  facet normal -0.99786 0 -0.0653848
    outer loop
      vertex 4.9 20.7 30.24
      vertex 4.88546 21.5 30.4619
      vertex 4.9 21.5 30.24
    endloop
  endfacet
  facet normal -0.99786 -0 -0.0653848
    outer loop
      vertex 4.88546 21.5 30.4619
      vertex 4.9 20.7 30.24
      vertex 4.88546 20.7 30.4619
    endloop
  endfacet
  facet normal -0.321525 0 0.946901
    outer loop
      vertex 3.63999 21.5 28.5979
      vertex 3.85056 20.7 28.6694
      vertex 3.85056 21.5 28.6694
    endloop
  endfacet
  facet normal -0.321525 0 0.946901
    outer loop
      vertex 3.85056 20.7 28.6694
      vertex 3.63999 21.5 28.5979
      vertex 3.63999 20.7 28.5979
    endloop
  endfacet
  facet normal -0.555447 0 0.831552
    outer loop
      vertex 4.05 21.5 28.7678
      vertex 4.23489 20.7 28.8913
      vertex 4.23489 21.5 28.8913
    endloop
  endfacet
  facet normal -0.555447 0 0.831552
    outer loop
      vertex 4.23489 20.7 28.8913
      vertex 4.05 21.5 28.7678
      vertex 4.05 20.7 28.7678
    endloop
  endfacet
  facet normal 0.195165 0 0.98077
    outer loop
      vertex 2.76001 21.5 28.5979
      vertex 2.97811 20.7 28.5545
      vertex 2.97811 21.5 28.5545
    endloop
  endfacet
  facet normal 0.195165 0 0.98077
    outer loop
      vertex 2.97811 20.7 28.5545
      vertex 2.76001 21.5 28.5979
      vertex 2.76001 20.7 28.5979
    endloop
  endfacet
  facet normal -0.659291 0 -0.751888
    outer loop
      vertex 4.23489 20.7 31.5887
      vertex 4.40208 21.5 31.4421
      vertex 4.40208 20.7 31.4421
    endloop
  endfacet
  facet normal -0.659291 0 -0.751888
    outer loop
      vertex 4.40208 21.5 31.4421
      vertex 4.23489 20.7 31.5887
      vertex 4.23489 21.5 31.5887
    endloop
  endfacet
  facet normal 0.896843 -0 0.442349
    outer loop
      vertex 1.62941 20.7 29.5894
      vertex 1.72776 21.5 29.39
      vertex 1.62941 21.5 29.5894
    endloop
  endfacet
  facet normal 0.896843 0 0.442349
    outer loop
      vertex 1.72776 21.5 29.39
      vertex 1.62941 20.7 29.5894
      vertex 1.72776 20.7 29.39
    endloop
  endfacet
  facet normal -0.980779 0 -0.195122
    outer loop
      vertex 4.88546 20.7 30.4619
      vertex 4.84207 21.5 30.68
      vertex 4.88546 21.5 30.4619
    endloop
  endfacet
  facet normal -0.980779 -0 -0.195122
    outer loop
      vertex 4.84207 21.5 30.68
      vertex 4.88546 20.7 30.4619
      vertex 4.84207 20.7 30.68
    endloop
  endfacet
  facet normal -0.195165 0 -0.98077
    outer loop
      vertex 3.42189 20.7 31.9255
      vertex 3.63999 21.5 31.8821
      vertex 3.63999 20.7 31.8821
    endloop
  endfacet
  facet normal -0.195165 0 -0.98077
    outer loop
      vertex 3.63999 21.5 31.8821
      vertex 3.42189 20.7 31.9255
      vertex 3.42189 21.5 31.9255
    endloop
  endfacet
  facet normal 0.659291 0 -0.751888
    outer loop
      vertex 1.99792 20.7 31.4421
      vertex 2.16511 21.5 31.5887
      vertex 2.16511 20.7 31.5887
    endloop
  endfacet
  facet normal 0.659291 0 -0.751888
    outer loop
      vertex 2.16511 21.5 31.5887
      vertex 1.99792 20.7 31.4421
      vertex 1.99792 21.5 31.4421
    endloop
  endfacet
  facet normal -0.0652086 0 0.997872
    outer loop
      vertex 3.2 21.5 28.54
      vertex 3.42189 20.7 28.5545
      vertex 3.42189 21.5 28.5545
    endloop
  endfacet
  facet normal -0.0652086 0 0.997872
    outer loop
      vertex 3.42189 20.7 28.5545
      vertex 3.2 21.5 28.54
      vertex 3.2 20.7 28.54
    endloop
  endfacet
  facet normal -0.442459 0 0.896789
    outer loop
      vertex 3.85056 21.5 28.6694
      vertex 4.05 20.7 28.7678
      vertex 4.05 21.5 28.7678
    endloop
  endfacet
  facet normal -0.442459 0 0.896789
    outer loop
      vertex 4.05 20.7 28.7678
      vertex 3.85056 21.5 28.6694
      vertex 3.85056 20.7 28.6694
    endloop
  endfacet
  facet normal -0.831483 0 -0.555551
    outer loop
      vertex 4.67224 20.7 31.09
      vertex 4.5487 21.5 31.2749
      vertex 4.67224 21.5 31.09
    endloop
  endfacet
  facet normal -0.831483 -0 -0.555551
    outer loop
      vertex 4.5487 21.5 31.2749
      vertex 4.67224 20.7 31.09
      vertex 4.5487 20.7 31.2749
    endloop
  endfacet
  facet normal 0.99786 0 -0.0653848
    outer loop
      vertex 1.51454 20.7 30.4619
      vertex 1.5 21.5 30.24
      vertex 1.51454 21.5 30.4619
    endloop
  endfacet
  facet normal 0.99786 0 -0.0653848
    outer loop
      vertex 1.5 21.5 30.24
      vertex 1.51454 20.7 30.4619
      vertex 1.5 20.7 30.24
    endloop
  endfacet
  facet normal -0.442459 0 -0.896789
    outer loop
      vertex 3.85056 20.7 31.8106
      vertex 4.05 21.5 31.7122
      vertex 4.05 20.7 31.7122
    endloop
  endfacet
  facet normal -0.442459 0 -0.896789
    outer loop
      vertex 4.05 21.5 31.7122
      vertex 3.85056 20.7 31.8106
      vertex 3.85056 21.5 31.8106
    endloop
  endfacet
  facet normal 0.980779 -0 0.195122
    outer loop
      vertex 1.51454 20.7 30.0181
      vertex 1.55793 21.5 29.8
      vertex 1.51454 21.5 30.0181
    endloop
  endfacet
  facet normal 0.980779 0 0.195122
    outer loop
      vertex 1.55793 21.5 29.8
      vertex 1.51454 20.7 30.0181
      vertex 1.55793 20.7 29.8
    endloop
  endfacet
  facet normal 0.896843 0 -0.442349
    outer loop
      vertex 1.72776 20.7 31.09
      vertex 1.62941 21.5 30.8906
      vertex 1.72776 21.5 31.09
    endloop
  endfacet
  facet normal 0.896843 0 -0.442349
    outer loop
      vertex 1.62941 21.5 30.8906
      vertex 1.72776 20.7 31.09
      vertex 1.62941 20.7 30.8906
    endloop
  endfacet
  facet normal 0.946943 -0 0.321403
    outer loop
      vertex 1.55793 20.7 29.8
      vertex 1.62941 21.5 29.5894
      vertex 1.55793 21.5 29.8
    endloop
  endfacet
  facet normal 0.946943 0 0.321403
    outer loop
      vertex 1.62941 21.5 29.5894
      vertex 1.55793 20.7 29.8
      vertex 1.62941 20.7 29.5894
    endloop
  endfacet
  facet normal 0.555447 0 0.831552
    outer loop
      vertex 2.16511 21.5 28.8913
      vertex 2.35 20.7 28.7678
      vertex 2.35 21.5 28.7678
    endloop
  endfacet
  facet normal 0.555447 0 0.831552
    outer loop
      vertex 2.35 20.7 28.7678
      vertex 2.16511 21.5 28.8913
      vertex 2.16511 20.7 28.8913
    endloop
  endfacet
  facet normal -0.896843 0 0.442349
    outer loop
      vertex 4.67224 20.7 29.39
      vertex 4.77059 21.5 29.5894
      vertex 4.67224 21.5 29.39
    endloop
  endfacet
  facet normal -0.896843 0 0.442349
    outer loop
      vertex 4.77059 21.5 29.5894
      vertex 4.67224 20.7 29.39
      vertex 4.77059 20.7 29.5894
    endloop
  endfacet
  facet normal 0.99786 -0 0.0653848
    outer loop
      vertex 1.5 20.7 30.24
      vertex 1.51454 21.5 30.0181
      vertex 1.5 21.5 30.24
    endloop
  endfacet
  facet normal 0.99786 0 0.0653848
    outer loop
      vertex 1.51454 21.5 30.0181
      vertex 1.5 20.7 30.24
      vertex 1.51454 20.7 30.0181
    endloop
  endfacet
  facet normal 0.321525 0 -0.946901
    outer loop
      vertex 2.54944 20.7 31.8106
      vertex 2.76001 21.5 31.8821
      vertex 2.76001 20.7 31.8821
    endloop
  endfacet
  facet normal 0.321525 0 -0.946901
    outer loop
      vertex 2.76001 21.5 31.8821
      vertex 2.54944 20.7 31.8106
      vertex 2.54944 21.5 31.8106
    endloop
  endfacet
  facet normal 0.442459 0 0.896789
    outer loop
      vertex 2.35 21.5 28.7678
      vertex 2.54944 20.7 28.6694
      vertex 2.54944 21.5 28.6694
    endloop
  endfacet
  facet normal 0.442459 0 0.896789
    outer loop
      vertex 2.54944 20.7 28.6694
      vertex 2.35 21.5 28.7678
      vertex 2.35 20.7 28.7678
    endloop
  endfacet
  facet normal 0.831483 -0 0.555551
    outer loop
      vertex 1.72776 20.7 29.39
      vertex 1.8513 21.5 29.2051
      vertex 1.72776 21.5 29.39
    endloop
  endfacet
  facet normal 0.831483 0 0.555551
    outer loop
      vertex 1.8513 21.5 29.2051
      vertex 1.72776 20.7 29.39
      vertex 1.8513 20.7 29.2051
    endloop
  endfacet
  facet normal 0.555447 0 -0.831552
    outer loop
      vertex 2.16511 20.7 31.5887
      vertex 2.35 21.5 31.7122
      vertex 2.35 20.7 31.7122
    endloop
  endfacet
  facet normal 0.555447 0 -0.831552
    outer loop
      vertex 2.35 21.5 31.7122
      vertex 2.16511 20.7 31.5887
      vertex 2.16511 21.5 31.5887
    endloop
  endfacet
  facet normal -0.980791 0 0.195062
    outer loop
      vertex 6.09778 19 29.4635
      vertex 6.17433 20.7 29.8484
      vertex 6.09778 20.7 29.4635
    endloop
  endfacet
  facet normal -0.980791 0 0.195062
    outer loop
      vertex 6.17433 20.7 29.8484
      vertex 6.09778 19 29.4635
      vertex 6.17433 19 29.8484
    endloop
  endfacet
  facet normal -0.997858 0 0.0654112
    outer loop
      vertex 6.17433 19 29.8484
      vertex 6.2 20.7 30.24
      vertex 6.17433 20.7 29.8484
    endloop
  endfacet
  facet normal -0.997858 0 0.0654112
    outer loop
      vertex 6.2 20.7 30.24
      vertex 6.17433 19 29.8484
      vertex 6.2 19 30.24
    endloop
  endfacet
  facet normal -0.980791 0 -0.195062
    outer loop
      vertex 6.17433 19 30.6316
      vertex 6.09778 20.7 31.0165
      vertex 6.17433 20.7 30.6316
    endloop
  endfacet
  facet normal -0.980791 -0 -0.195062
    outer loop
      vertex 6.09778 20.7 31.0165
      vertex 6.17433 19 30.6316
      vertex 6.09778 19 31.0165
    endloop
  endfacet
  facet normal 0.751801 0 -0.65939
    outer loop
      vertex 1.07868 19 32.3613
      vertex 0.819941 20.7 32.0663
      vertex 1.07868 20.7 32.3613
    endloop
  endfacet
  facet normal 0.751801 0 -0.65939
    outer loop
      vertex 0.819941 20.7 32.0663
      vertex 1.07868 19 32.3613
      vertex 0.819941 19 32.0663
    endloop
  endfacet
  facet normal 0 -1 0
    outer loop
      vertex 3.2 20.7 31.94
      vertex 3.2 20.7 33.24
      vertex 2.80842 20.7 33.2143
    endloop
  endfacet
  facet normal 0 -1 0
    outer loop
      vertex 2.97811 20.7 31.9255
      vertex 2.80842 20.7 33.2143
      vertex 2.42354 20.7 33.1378
    endloop
  endfacet
  facet normal 0 -1 0
    outer loop
      vertex 3.2 20.7 33.24
      vertex 3.2 20.7 31.94
      vertex 3.59158 20.7 33.2143
    endloop
  endfacet
  facet normal 0 -1 0
    outer loop
      vertex 2.76001 20.7 31.8821
      vertex 2.42354 20.7 33.1378
      vertex 2.05195 20.7 33.0116
    endloop
  endfacet
  facet normal 0 -1 0
    outer loop
      vertex 3.42189 20.7 31.9255
      vertex 3.59158 20.7 33.2143
      vertex 3.2 20.7 31.94
    endloop
  endfacet
  facet normal 0 -1 0
    outer loop
      vertex 2.54944 20.7 31.8106
      vertex 2.05195 20.7 33.0116
      vertex 1.7 20.7 32.8381
    endloop
  endfacet
  facet normal 0 -1 -0
    outer loop
      vertex 3.59158 20.7 33.2143
      vertex 3.42189 20.7 31.9255
      vertex 3.97646 20.7 33.1378
    endloop
  endfacet
  facet normal 0 -1 0
    outer loop
      vertex 2.35 20.7 31.7122
      vertex 1.7 20.7 32.8381
      vertex 1.37372 20.7 32.6201
    endloop
  endfacet
  facet normal 0 -1 0
    outer loop
      vertex 3.63999 20.7 31.8821
      vertex 3.97646 20.7 33.1378
      vertex 3.42189 20.7 31.9255
    endloop
  endfacet
  facet normal 0 -1 0
    outer loop
      vertex 2.16511 20.7 31.5887
      vertex 1.37372 20.7 32.6201
      vertex 1.07868 20.7 32.3613
    endloop
  endfacet
  facet normal 0 -1 -0
    outer loop
      vertex 3.97646 20.7 33.1378
      vertex 3.63999 20.7 31.8821
      vertex 4.34805 20.7 33.0116
    endloop
  endfacet
  facet normal 0 -1 0
    outer loop
      vertex 1.99792 20.7 31.4421
      vertex 1.07868 20.7 32.3613
      vertex 0.819941 20.7 32.0663
    endloop
  endfacet
  facet normal 0 -1 0
    outer loop
      vertex 3.85056 20.7 31.8106
      vertex 4.34805 20.7 33.0116
      vertex 3.63999 20.7 31.8821
    endloop
  endfacet
  facet normal 0 -1 -0
    outer loop
      vertex 4.34805 20.7 33.0116
      vertex 3.85056 20.7 31.8106
      vertex 4.7 20.7 32.8381
    endloop
  endfacet
  facet normal 0 -1 0
    outer loop
      vertex 2.80842 20.7 33.2143
      vertex 2.97811 20.7 31.9255
      vertex 3.2 20.7 31.94
    endloop
  endfacet
  facet normal 0 -1 0
    outer loop
      vertex 2.42354 20.7 33.1378
      vertex 2.76001 20.7 31.8821
      vertex 2.97811 20.7 31.9255
    endloop
  endfacet
  facet normal 0 -1 0
    outer loop
      vertex 2.05195 20.7 33.0116
      vertex 2.54944 20.7 31.8106
      vertex 2.76001 20.7 31.8821
    endloop
  endfacet
  facet normal 0 -1 0
    outer loop
      vertex 1.8513 20.7 31.2749
      vertex 0.819941 20.7 32.0663
      vertex 0.601924 20.7 31.74
    endloop
  endfacet
  facet normal 0 -1 0
    outer loop
      vertex 1.7 20.7 32.8381
      vertex 2.35 20.7 31.7122
      vertex 2.54944 20.7 31.8106
    endloop
  endfacet
  facet normal 0 -1 0
    outer loop
      vertex 1.37372 20.7 32.6201
      vertex 2.16511 20.7 31.5887
      vertex 2.35 20.7 31.7122
    endloop
  endfacet
  facet normal 0 -1 0
    outer loop
      vertex 1.07868 20.7 32.3613
      vertex 1.99792 20.7 31.4421
      vertex 2.16511 20.7 31.5887
    endloop
  endfacet
  facet normal 0 -1 0
    outer loop
      vertex 1.72776 20.7 31.09
      vertex 0.601924 20.7 31.74
      vertex 0.428362 20.7 31.3881
    endloop
  endfacet
  facet normal 0 -1 0
    outer loop
      vertex 0.819941 20.7 32.0663
      vertex 1.8513 20.7 31.2749
      vertex 1.99792 20.7 31.4421
    endloop
  endfacet
  facet normal 0 -1 0
    outer loop
      vertex 0.601924 20.7 31.74
      vertex 1.72776 20.7 31.09
      vertex 1.8513 20.7 31.2749
    endloop
  endfacet
  facet normal 0 -1 0
    outer loop
      vertex 1.62941 20.7 30.8906
      vertex 0.428362 20.7 31.3881
      vertex 0.302223 20.7 31.0165
    endloop
  endfacet
  facet normal 0 -1 0
    outer loop
      vertex 0.428362 20.7 31.3881
      vertex 1.62941 20.7 30.8906
      vertex 1.72776 20.7 31.09
    endloop
  endfacet
  facet normal 0 -1 0
    outer loop
      vertex 0.302223 20.7 31.0165
      vertex 1.55793 20.7 30.68
      vertex 1.62941 20.7 30.8906
    endloop
  endfacet
  facet normal 0 -1 0
    outer loop
      vertex 0.225666 20.7 30.6316
      vertex 1.55793 20.7 30.68
      vertex 0.302223 20.7 31.0165
    endloop
  endfacet
  facet normal 0 -1 0
    outer loop
      vertex 0.225666 20.7 30.6316
      vertex 1.51454 20.7 30.4619
      vertex 1.55793 20.7 30.68
    endloop
  endfacet
  facet normal 0 -1 0
    outer loop
      vertex 0.2 20.7 30.24
      vertex 1.51454 20.7 30.4619
      vertex 0.225666 20.7 30.6316
    endloop
  endfacet
  facet normal 0 -1 0
    outer loop
      vertex 0.2 20.7 30.24
      vertex 1.5 20.7 30.24
      vertex 1.51454 20.7 30.4619
    endloop
  endfacet
  facet normal 0 -1 0
    outer loop
      vertex 0.2 20.7 30.24
      vertex 1.51454 20.7 30.0181
      vertex 1.5 20.7 30.24
    endloop
  endfacet
  facet normal 0 -1 0
    outer loop
      vertex 0.225666 20.7 29.8484
      vertex 1.51454 20.7 30.0181
      vertex 0.2 20.7 30.24
    endloop
  endfacet
  facet normal 0 -1 0
    outer loop
      vertex 0.225666 20.7 29.8484
      vertex 1.55793 20.7 29.8
      vertex 1.51454 20.7 30.0181
    endloop
  endfacet
  facet normal 0 -1 0
    outer loop
      vertex 0.302223 20.7 29.4635
      vertex 1.55793 20.7 29.8
      vertex 0.225666 20.7 29.8484
    endloop
  endfacet
  facet normal 0 -1 -0
    outer loop
      vertex 1.55793 20.7 29.8
      vertex 0.302223 20.7 29.4635
      vertex 1.62941 20.7 29.5894
    endloop
  endfacet
  facet normal 0 -1 0
    outer loop
      vertex 0.428362 20.7 29.092
      vertex 1.62941 20.7 29.5894
      vertex 0.302223 20.7 29.4635
    endloop
  endfacet
  facet normal 0 -1 -0
    outer loop
      vertex 1.62941 20.7 29.5894
      vertex 0.428362 20.7 29.092
      vertex 1.72776 20.7 29.39
    endloop
  endfacet
  facet normal 0 -1 0
    outer loop
      vertex 0.601924 20.7 28.74
      vertex 1.72776 20.7 29.39
      vertex 0.428362 20.7 29.092
    endloop
  endfacet
  facet normal 0 -1 -0
    outer loop
      vertex 1.72776 20.7 29.39
      vertex 0.601924 20.7 28.74
      vertex 1.8513 20.7 29.2051
    endloop
  endfacet
  facet normal 0 -1 0
    outer loop
      vertex 0.819941 20.7 28.4137
      vertex 1.8513 20.7 29.2051
      vertex 0.601924 20.7 28.74
    endloop
  endfacet
  facet normal 0 -1 -0
    outer loop
      vertex 1.8513 20.7 29.2051
      vertex 0.819941 20.7 28.4137
      vertex 1.99792 20.7 29.0379
    endloop
  endfacet
  facet normal 0 -1 0
    outer loop
      vertex 1.07868 20.7 28.1187
      vertex 1.99792 20.7 29.0379
      vertex 0.819941 20.7 28.4137
    endloop
  endfacet
  facet normal 0 -1 -0
    outer loop
      vertex 1.99792 20.7 29.0379
      vertex 1.07868 20.7 28.1187
      vertex 2.16511 20.7 28.8913
    endloop
  endfacet
  facet normal 0 -1 0
    outer loop
      vertex 1.37372 20.7 27.8599
      vertex 2.16511 20.7 28.8913
      vertex 1.07868 20.7 28.1187
    endloop
  endfacet
  facet normal 0 -1 -0
    outer loop
      vertex 2.16511 20.7 28.8913
      vertex 1.37372 20.7 27.8599
      vertex 2.35 20.7 28.7678
    endloop
  endfacet
  facet normal 0 -1 -0
    outer loop
      vertex 2.35 20.7 28.7678
      vertex 1.7 20.7 27.6419
      vertex 2.54944 20.7 28.6694
    endloop
  endfacet
  facet normal 0 -1 0
    outer loop
      vertex 1.7 20.7 27.6419
      vertex 2.35 20.7 28.7678
      vertex 1.37372 20.7 27.8599
    endloop
  endfacet
  facet normal 0 -1 0
    outer loop
      vertex 4.05 20.7 31.7122
      vertex 4.7 20.7 32.8381
      vertex 3.85056 20.7 31.8106
    endloop
  endfacet
  facet normal 0 -1 -0
    outer loop
      vertex 4.7 20.7 32.8381
      vertex 4.05 20.7 31.7122
      vertex 5.02628 20.7 32.6201
    endloop
  endfacet
  facet normal 0 -1 0
    outer loop
      vertex 4.23489 20.7 31.5887
      vertex 5.02628 20.7 32.6201
      vertex 4.05 20.7 31.7122
    endloop
  endfacet
  facet normal 0 -1 -0
    outer loop
      vertex 5.02628 20.7 32.6201
      vertex 4.23489 20.7 31.5887
      vertex 5.32132 20.7 32.3613
    endloop
  endfacet
  facet normal 0 -1 0
    outer loop
      vertex 4.40208 20.7 31.4421
      vertex 5.32132 20.7 32.3613
      vertex 4.23489 20.7 31.5887
    endloop
  endfacet
  facet normal 0 -1 -0
    outer loop
      vertex 5.32132 20.7 32.3613
      vertex 4.40208 20.7 31.4421
      vertex 5.58006 20.7 32.0663
    endloop
  endfacet
  facet normal 0 -1 0
    outer loop
      vertex 4.5487 20.7 31.2749
      vertex 5.58006 20.7 32.0663
      vertex 4.40208 20.7 31.4421
    endloop
  endfacet
  facet normal 0 -1 -0
    outer loop
      vertex 5.58006 20.7 32.0663
      vertex 4.5487 20.7 31.2749
      vertex 5.79808 20.7 31.74
    endloop
  endfacet
  facet normal 0 -1 0
    outer loop
      vertex 4.67224 20.7 31.09
      vertex 5.79808 20.7 31.74
      vertex 4.5487 20.7 31.2749
    endloop
  endfacet
  facet normal 0 -1 -0
    outer loop
      vertex 5.79808 20.7 31.74
      vertex 4.67224 20.7 31.09
      vertex 5.97164 20.7 31.3881
    endloop
  endfacet
  facet normal 0 -1 0
    outer loop
      vertex 4.77059 20.7 30.8906
      vertex 5.97164 20.7 31.3881
      vertex 4.67224 20.7 31.09
    endloop
  endfacet
  facet normal 0 -1 -0
    outer loop
      vertex 5.97164 20.7 31.3881
      vertex 4.77059 20.7 30.8906
      vertex 6.09778 20.7 31.0165
    endloop
  endfacet
  facet normal 0 -1 0
    outer loop
      vertex 4.84207 20.7 30.68
      vertex 6.09778 20.7 31.0165
      vertex 4.77059 20.7 30.8906
    endloop
  endfacet
  facet normal 0 -1 0
    outer loop
      vertex 4.84207 20.7 30.68
      vertex 6.17433 20.7 30.6316
      vertex 6.09778 20.7 31.0165
    endloop
  endfacet
  facet normal 0 -1 0
    outer loop
      vertex 4.88546 20.7 30.4619
      vertex 6.17433 20.7 30.6316
      vertex 4.84207 20.7 30.68
    endloop
  endfacet
  facet normal 0 -1 0
    outer loop
      vertex 4.9 20.7 30.24
      vertex 6.17433 20.7 30.6316
      vertex 4.88546 20.7 30.4619
    endloop
  endfacet
  facet normal 0 -1 0
    outer loop
      vertex 4.9 20.7 30.24
      vertex 6.2 20.7 30.24
      vertex 6.17433 20.7 30.6316
    endloop
  endfacet
  facet normal 0 -1 0
    outer loop
      vertex 4.88546 20.7 30.0181
      vertex 6.2 20.7 30.24
      vertex 4.9 20.7 30.24
    endloop
  endfacet
  facet normal 0 -1 0
    outer loop
      vertex 4.88546 20.7 30.0181
      vertex 6.17433 20.7 29.8484
      vertex 6.2 20.7 30.24
    endloop
  endfacet
  facet normal 0 -1 0
    outer loop
      vertex 4.84207 20.7 29.8
      vertex 6.17433 20.7 29.8484
      vertex 4.88546 20.7 30.0181
    endloop
  endfacet
  facet normal 0 -1 0
    outer loop
      vertex 6.09778 20.7 29.4635
      vertex 4.84207 20.7 29.8
      vertex 4.77059 20.7 29.5894
    endloop
  endfacet
  facet normal 0 -1 0
    outer loop
      vertex 4.84207 20.7 29.8
      vertex 6.09778 20.7 29.4635
      vertex 6.17433 20.7 29.8484
    endloop
  endfacet
  facet normal 0 -1 0
    outer loop
      vertex 5.97164 20.7 29.092
      vertex 4.77059 20.7 29.5894
      vertex 4.67224 20.7 29.39
    endloop
  endfacet
  facet normal 0 -1 0
    outer loop
      vertex 5.79808 20.7 28.74
      vertex 4.67224 20.7 29.39
      vertex 4.5487 20.7 29.2051
    endloop
  endfacet
  facet normal 0 -1 0
    outer loop
      vertex 4.77059 20.7 29.5894
      vertex 5.97164 20.7 29.092
      vertex 6.09778 20.7 29.4635
    endloop
  endfacet
  facet normal 0 -1 0
    outer loop
      vertex 5.58006 20.7 28.4137
      vertex 4.5487 20.7 29.2051
      vertex 4.40208 20.7 29.0379
    endloop
  endfacet
  facet normal 0 -1 0
    outer loop
      vertex 5.32132 20.7 28.1187
      vertex 4.40208 20.7 29.0379
      vertex 4.23489 20.7 28.8913
    endloop
  endfacet
  facet normal 0 -1 0
    outer loop
      vertex 5.02628 20.7 27.8599
      vertex 4.23489 20.7 28.8913
      vertex 4.05 20.7 28.7678
    endloop
  endfacet
  facet normal 0 -1 0
    outer loop
      vertex 4.67224 20.7 29.39
      vertex 5.79808 20.7 28.74
      vertex 5.97164 20.7 29.092
    endloop
  endfacet
  facet normal 0 -1 0
    outer loop
      vertex 4.7 20.7 27.6419
      vertex 4.05 20.7 28.7678
      vertex 3.85056 20.7 28.6694
    endloop
  endfacet
  facet normal 0 -1 0
    outer loop
      vertex 4.34805 20.7 27.4684
      vertex 3.85056 20.7 28.6694
      vertex 3.63999 20.7 28.5979
    endloop
  endfacet
  facet normal 0 -1 0
    outer loop
      vertex 3.97646 20.7 27.3422
      vertex 3.63999 20.7 28.5979
      vertex 3.42189 20.7 28.5545
    endloop
  endfacet
  facet normal 0 -1 0
    outer loop
      vertex 4.5487 20.7 29.2051
      vertex 5.58006 20.7 28.4137
      vertex 5.79808 20.7 28.74
    endloop
  endfacet
  facet normal 0 -1 0
    outer loop
      vertex 3.59158 20.7 27.2657
      vertex 3.42189 20.7 28.5545
      vertex 3.2 20.7 28.54
    endloop
  endfacet
  facet normal 0 -1 0
    outer loop
      vertex 2.05195 20.7 27.4684
      vertex 2.54944 20.7 28.6694
      vertex 1.7 20.7 27.6419
    endloop
  endfacet
  facet normal 0 -1 -0
    outer loop
      vertex 2.54944 20.7 28.6694
      vertex 2.05195 20.7 27.4684
      vertex 2.76001 20.7 28.5979
    endloop
  endfacet
  facet normal 0 -1 0
    outer loop
      vertex 4.40208 20.7 29.0379
      vertex 5.32132 20.7 28.1187
      vertex 5.58006 20.7 28.4137
    endloop
  endfacet
  facet normal 0 -1 0
    outer loop
      vertex 2.42354 20.7 27.3422
      vertex 2.76001 20.7 28.5979
      vertex 2.05195 20.7 27.4684
    endloop
  endfacet
  facet normal 0 -1 0
    outer loop
      vertex 4.23489 20.7 28.8913
      vertex 5.02628 20.7 27.8599
      vertex 5.32132 20.7 28.1187
    endloop
  endfacet
  facet normal 0 -1 -0
    outer loop
      vertex 2.76001 20.7 28.5979
      vertex 2.42354 20.7 27.3422
      vertex 2.97811 20.7 28.5545
    endloop
  endfacet
  facet normal 0 -1 0
    outer loop
      vertex 4.05 20.7 28.7678
      vertex 4.7 20.7 27.6419
      vertex 5.02628 20.7 27.8599
    endloop
  endfacet
  facet normal 0 -1 0
    outer loop
      vertex 2.80842 20.7 27.2657
      vertex 2.97811 20.7 28.5545
      vertex 2.42354 20.7 27.3422
    endloop
  endfacet
  facet normal 0 -1 0
    outer loop
      vertex 3.85056 20.7 28.6694
      vertex 4.34805 20.7 27.4684
      vertex 4.7 20.7 27.6419
    endloop
  endfacet
  facet normal 0 -1 -0
    outer loop
      vertex 2.97811 20.7 28.5545
      vertex 2.80842 20.7 27.2657
      vertex 3.2 20.7 28.54
    endloop
  endfacet
  facet normal 0 -1 0
    outer loop
      vertex 3.63999 20.7 28.5979
      vertex 3.97646 20.7 27.3422
      vertex 4.34805 20.7 27.4684
    endloop
  endfacet
  facet normal 0 -1 0
    outer loop
      vertex 3.2 20.7 27.24
      vertex 3.2 20.7 28.54
      vertex 2.80842 20.7 27.2657
    endloop
  endfacet
  facet normal 0 -1 0
    outer loop
      vertex 3.42189 20.7 28.5545
      vertex 3.59158 20.7 27.2657
      vertex 3.97646 20.7 27.3422
    endloop
  endfacet
  facet normal 0 -1 0
    outer loop
      vertex 3.2 20.7 28.54
      vertex 3.2 20.7 27.24
      vertex 3.59158 20.7 27.2657
    endloop
  endfacet
  facet normal -0.831477 0 0.555558
    outer loop
      vertex 5.58006 19 28.4137
      vertex 5.79808 20.7 28.74
      vertex 5.58006 20.7 28.4137
    endloop
  endfacet
  facet normal -0.831477 0 0.555558
    outer loop
      vertex 5.79808 20.7 28.74
      vertex 5.58006 19 28.4137
      vertex 5.79808 19 28.74
    endloop
  endfacet
  facet normal -0.555547 0 0.831485
    outer loop
      vertex 4.7 20.7 27.6419
      vertex 5.02628 19 27.8599
      vertex 5.02628 20.7 27.8599
    endloop
  endfacet
  facet normal -0.555547 0 0.831485
    outer loop
      vertex 5.02628 19 27.8599
      vertex 4.7 20.7 27.6419
      vertex 4.7 19 27.6419
    endloop
  endfacet
  facet normal -0.89685 0 -0.442334
    outer loop
      vertex 5.97164 19 31.3881
      vertex 5.79808 20.7 31.74
      vertex 5.97164 20.7 31.3881
    endloop
  endfacet
  facet normal -0.89685 -0 -0.442334
    outer loop
      vertex 5.79808 20.7 31.74
      vertex 5.97164 19 31.3881
      vertex 5.79808 19 31.74
    endloop
  endfacet
  facet normal -0.997858 0 -0.0654112
    outer loop
      vertex 6.2 19 30.24
      vertex 6.17433 20.7 30.6316
      vertex 6.2 20.7 30.24
    endloop
  endfacet
  facet normal -0.997858 -0 -0.0654112
    outer loop
      vertex 6.17433 20.7 30.6316
      vertex 6.2 19 30.24
      vertex 6.17433 19 30.6316
    endloop
  endfacet
  facet normal -0.321582 0 0.946882
    outer loop
      vertex 3.97646 20.7 27.3422
      vertex 4.34805 19 27.4684
      vertex 4.34805 20.7 27.4684
    endloop
  endfacet
  facet normal -0.321582 0 0.946882
    outer loop
      vertex 4.34805 19 27.4684
      vertex 3.97646 20.7 27.3422
      vertex 3.97646 19 27.3422
    endloop
  endfacet
  facet normal 0.896898 -0 0.442237
    outer loop
      vertex 0.428362 19 29.092
      vertex 0.601924 20.7 28.74
      vertex 0.428362 20.7 29.092
    endloop
  endfacet
  facet normal 0.896898 0 0.442237
    outer loop
      vertex 0.601924 20.7 28.74
      vertex 0.428362 19 29.092
      vertex 0.601924 19 28.74
    endloop
  endfacet
  facet normal 0.659428 0 0.751768
    outer loop
      vertex 1.07868 20.7 28.1187
      vertex 1.37372 19 27.8599
      vertex 1.37372 20.7 27.8599
    endloop
  endfacet
  facet normal 0.659428 0 0.751768
    outer loop
      vertex 1.37372 19 27.8599
      vertex 1.07868 20.7 28.1187
      vertex 1.07868 19 28.1187
    endloop
  endfacet
  facet normal -0.321582 0 -0.946882
    outer loop
      vertex 3.97646 19 33.1378
      vertex 4.34805 20.7 33.0116
      vertex 4.34805 19 33.0116
    endloop
  endfacet
  facet normal -0.321582 0 -0.946882
    outer loop
      vertex 4.34805 20.7 33.0116
      vertex 3.97646 19 33.1378
      vertex 3.97646 20.7 33.1378
    endloop
  endfacet
  facet normal 0.997859 0 -0.065401
    outer loop
      vertex 0.225666 19 30.6316
      vertex 0.2 20.7 30.24
      vertex 0.225666 20.7 30.6316
    endloop
  endfacet
  facet normal 0.997859 0 -0.065401
    outer loop
      vertex 0.2 20.7 30.24
      vertex 0.225666 19 30.6316
      vertex 0.2 19 30.24
    endloop
  endfacet
  facet normal 0.659428 0 -0.751768
    outer loop
      vertex 1.07868 19 32.3613
      vertex 1.37372 20.7 32.6201
      vertex 1.37372 19 32.6201
    endloop
  endfacet
  facet normal 0.659428 0 -0.751768
    outer loop
      vertex 1.37372 20.7 32.6201
      vertex 1.07868 19 32.3613
      vertex 1.07868 20.7 32.3613
    endloop
  endfacet
  facet normal 0.321582 0 0.946882
    outer loop
      vertex 2.05195 20.7 27.4684
      vertex 2.42354 19 27.3422
      vertex 2.42354 20.7 27.3422
    endloop
  endfacet
  facet normal 0.321582 0 0.946882
    outer loop
      vertex 2.42354 19 27.3422
      vertex 2.05195 20.7 27.4684
      vertex 2.05195 19 27.4684
    endloop
  endfacet
  facet normal 0.831481 0 -0.555553
    outer loop
      vertex 0.819941 19 32.0663
      vertex 0.601924 20.7 31.74
      vertex 0.819941 20.7 32.0663
    endloop
  endfacet
  facet normal 0.831481 0 -0.555553
    outer loop
      vertex 0.601924 20.7 31.74
      vertex 0.819941 19 32.0663
      vertex 0.601924 19 31.74
    endloop
  endfacet
  facet normal 0.555547 0 0.831485
    outer loop
      vertex 1.37372 20.7 27.8599
      vertex 1.7 19 27.6419
      vertex 1.7 20.7 27.6419
    endloop
  endfacet
  facet normal 0.555547 0 0.831485
    outer loop
      vertex 1.7 19 27.6419
      vertex 1.37372 20.7 27.8599
      vertex 1.37372 19 27.8599
    endloop
  endfacet
  facet normal -0.19495 0 0.980813
    outer loop
      vertex 3.59158 20.7 27.2657
      vertex 3.97646 19 27.3422
      vertex 3.97646 20.7 27.3422
    endloop
  endfacet
  facet normal -0.19495 0 0.980813
    outer loop
      vertex 3.97646 19 27.3422
      vertex 3.59158 20.7 27.2657
      vertex 3.59158 19 27.2657
    endloop
  endfacet
  facet normal 0.44216 0 0.896936
    outer loop
      vertex 1.7 20.7 27.6419
      vertex 2.05195 19 27.4684
      vertex 2.05195 20.7 27.4684
    endloop
  endfacet
  facet normal 0.44216 0 0.896936
    outer loop
      vertex 2.05195 19 27.4684
      vertex 1.7 20.7 27.6419
      vertex 1.7 19 27.6419
    endloop
  endfacet
  facet normal -0.0654906 0 -0.997853
    outer loop
      vertex 3.2 19 33.24
      vertex 3.59158 20.7 33.2143
      vertex 3.59158 19 33.2143
    endloop
  endfacet
  facet normal -0.0654906 0 -0.997853
    outer loop
      vertex 3.59158 20.7 33.2143
      vertex 3.2 19 33.24
      vertex 3.2 20.7 33.24
    endloop
  endfacet
  facet normal -0.659428 0 -0.751768
    outer loop
      vertex 5.02628 19 32.6201
      vertex 5.32132 20.7 32.3613
      vertex 5.32132 19 32.3613
    endloop
  endfacet
  facet normal -0.659428 0 -0.751768
    outer loop
      vertex 5.32132 20.7 32.3613
      vertex 5.02628 19 32.6201
      vertex 5.02628 20.7 32.6201
    endloop
  endfacet
  facet normal 0.946932 0 -0.321434
    outer loop
      vertex 0.428362 19 31.3881
      vertex 0.302223 20.7 31.0165
      vertex 0.428362 20.7 31.3881
    endloop
  endfacet
  facet normal 0.946932 0 -0.321434
    outer loop
      vertex 0.302223 20.7 31.0165
      vertex 0.428362 19 31.3881
      vertex 0.302223 19 31.0165
    endloop
  endfacet
  facet normal -0.946931 0 -0.321437
    outer loop
      vertex 6.09778 19 31.0165
      vertex 5.97164 20.7 31.3881
      vertex 6.09778 20.7 31.0165
    endloop
  endfacet
  facet normal -0.946931 -0 -0.321437
    outer loop
      vertex 5.97164 20.7 31.3881
      vertex 6.09778 19 31.0165
      vertex 5.97164 19 31.3881
    endloop
  endfacet
  facet normal -0.44216 0 0.896936
    outer loop
      vertex 4.34805 20.7 27.4684
      vertex 4.7 19 27.6419
      vertex 4.7 20.7 27.6419
    endloop
  endfacet
  facet normal -0.44216 0 0.896936
    outer loop
      vertex 4.7 19 27.6419
      vertex 4.34805 20.7 27.4684
      vertex 4.34805 19 27.4684
    endloop
  endfacet
  facet normal 0.19495 0 0.980813
    outer loop
      vertex 2.42354 20.7 27.3422
      vertex 2.80842 19 27.2657
      vertex 2.80842 20.7 27.2657
    endloop
  endfacet
  facet normal 0.19495 0 0.980813
    outer loop
      vertex 2.80842 19 27.2657
      vertex 2.42354 20.7 27.3422
      vertex 2.42354 19 27.3422
    endloop
  endfacet
  facet normal -0.751799 0 0.659392
    outer loop
      vertex 5.32132 19 28.1187
      vertex 5.58006 20.7 28.4137
      vertex 5.32132 20.7 28.1187
    endloop
  endfacet
  facet normal -0.751799 0 0.659392
    outer loop
      vertex 5.58006 20.7 28.4137
      vertex 5.32132 19 28.1187
      vertex 5.58006 19 28.4137
    endloop
  endfacet
  facet normal -0.751799 0 -0.659392
    outer loop
      vertex 5.58006 19 32.0663
      vertex 5.32132 20.7 32.3613
      vertex 5.58006 20.7 32.0663
    endloop
  endfacet
  facet normal -0.751799 -0 -0.659392
    outer loop
      vertex 5.32132 20.7 32.3613
      vertex 5.58006 19 32.0663
      vertex 5.32132 19 32.3613
    endloop
  endfacet
  facet normal 0.44216 0 -0.896936
    outer loop
      vertex 1.7 19 32.8381
      vertex 2.05195 20.7 33.0116
      vertex 2.05195 19 33.0116
    endloop
  endfacet
  facet normal 0.44216 0 -0.896936
    outer loop
      vertex 2.05195 20.7 33.0116
      vertex 1.7 19 32.8381
      vertex 1.7 20.7 32.8381
    endloop
  endfacet
  facet normal 0.946905 -0 0.321512
    outer loop
      vertex 0.302223 19 29.4635
      vertex 0.428362 20.7 29.092
      vertex 0.302223 20.7 29.4635
    endloop
  endfacet
  facet normal 0.946905 0 0.321512
    outer loop
      vertex 0.428362 20.7 29.092
      vertex 0.302223 19 29.4635
      vertex 0.428362 19 29.092
    endloop
  endfacet
  facet normal -0.19495 0 -0.980813
    outer loop
      vertex 3.59158 19 33.2143
      vertex 3.97646 20.7 33.1378
      vertex 3.97646 19 33.1378
    endloop
  endfacet
  facet normal -0.19495 0 -0.980813
    outer loop
      vertex 3.97646 20.7 33.1378
      vertex 3.59158 19 33.2143
      vertex 3.59158 20.7 33.2143
    endloop
  endfacet
  facet normal -0.44216 0 -0.896936
    outer loop
      vertex 4.34805 19 33.0116
      vertex 4.7 20.7 32.8381
      vertex 4.7 19 32.8381
    endloop
  endfacet
  facet normal -0.44216 0 -0.896936
    outer loop
      vertex 4.7 20.7 32.8381
      vertex 4.34805 19 33.0116
      vertex 4.34805 20.7 33.0116
    endloop
  endfacet
  facet normal 0.751801 -0 0.65939
    outer loop
      vertex 0.819941 19 28.4137
      vertex 1.07868 20.7 28.1187
      vertex 0.819941 20.7 28.4137
    endloop
  endfacet
  facet normal 0.751801 0 0.65939
    outer loop
      vertex 1.07868 20.7 28.1187
      vertex 0.819941 19 28.4137
      vertex 1.07868 19 28.1187
    endloop
  endfacet
  facet normal -0.659428 0 0.751768
    outer loop
      vertex 5.02628 20.7 27.8599
      vertex 5.32132 19 28.1187
      vertex 5.32132 20.7 28.1187
    endloop
  endfacet
  facet normal -0.659428 0 0.751768
    outer loop
      vertex 5.32132 19 28.1187
      vertex 5.02628 20.7 27.8599
      vertex 5.02628 19 27.8599
    endloop
  endfacet
  facet normal 0.896848 0 -0.442338
    outer loop
      vertex 0.601924 19 31.74
      vertex 0.428362 20.7 31.3881
      vertex 0.601924 20.7 31.74
    endloop
  endfacet
  facet normal 0.896848 0 -0.442338
    outer loop
      vertex 0.428362 20.7 31.3881
      vertex 0.601924 19 31.74
      vertex 0.428362 19 31.3881
    endloop
  endfacet
  facet normal 0.997859 -0 0.065401
    outer loop
      vertex 0.2 19 30.24
      vertex 0.225666 20.7 29.8484
      vertex 0.2 20.7 30.24
    endloop
  endfacet
  facet normal 0.997859 0 0.065401
    outer loop
      vertex 0.225666 20.7 29.8484
      vertex 0.2 19 30.24
      vertex 0.225666 19 29.8484
    endloop
  endfacet
  facet normal -0.831477 0 -0.555558
    outer loop
      vertex 5.79808 19 31.74
      vertex 5.58006 20.7 32.0663
      vertex 5.79808 20.7 31.74
    endloop
  endfacet
  facet normal -0.831477 -0 -0.555558
    outer loop
      vertex 5.58006 20.7 32.0663
      vertex 5.79808 19 31.74
      vertex 5.58006 19 32.0663
    endloop
  endfacet
  facet normal -0.8969 0 0.442233
    outer loop
      vertex 5.79808 19 28.74
      vertex 5.97164 20.7 29.092
      vertex 5.79808 20.7 28.74
    endloop
  endfacet
  facet normal -0.8969 0 0.442233
    outer loop
      vertex 5.97164 20.7 29.092
      vertex 5.79808 19 28.74
      vertex 5.97164 19 29.092
    endloop
  endfacet
  facet normal 0.0654906 0 -0.997853
    outer loop
      vertex 2.80842 19 33.2143
      vertex 3.2 20.7 33.24
      vertex 3.2 19 33.24
    endloop
  endfacet
  facet normal 0.0654906 0 -0.997853
    outer loop
      vertex 3.2 20.7 33.24
      vertex 2.80842 19 33.2143
      vertex 2.80842 20.7 33.2143
    endloop
  endfacet
  facet normal 0.555547 0 -0.831485
    outer loop
      vertex 1.37372 19 32.6201
      vertex 1.7 20.7 32.8381
      vertex 1.7 19 32.8381
    endloop
  endfacet
  facet normal 0.555547 0 -0.831485
    outer loop
      vertex 1.7 20.7 32.8381
      vertex 1.37372 19 32.6201
      vertex 1.37372 20.7 32.6201
    endloop
  endfacet
  facet normal -0.555547 0 -0.831485
    outer loop
      vertex 4.7 19 32.8381
      vertex 5.02628 20.7 32.6201
      vertex 5.02628 19 32.6201
    endloop
  endfacet
  facet normal -0.555547 0 -0.831485
    outer loop
      vertex 5.02628 20.7 32.6201
      vertex 4.7 19 32.8381
      vertex 4.7 20.7 32.8381
    endloop
  endfacet
  facet normal -0.946905 0 0.321514
    outer loop
      vertex 5.97164 19 29.092
      vertex 6.09778 20.7 29.4635
      vertex 5.97164 20.7 29.092
    endloop
  endfacet
  facet normal -0.946905 0 0.321514
    outer loop
      vertex 6.09778 20.7 29.4635
      vertex 5.97164 19 29.092
      vertex 6.09778 19 29.4635
    endloop
  endfacet
  facet normal 0.980787 -0 0.19508
    outer loop
      vertex 0.225666 19 29.8484
      vertex 0.302223 20.7 29.4635
      vertex 0.225666 20.7 29.8484
    endloop
  endfacet
  facet normal 0.980787 0 0.19508
    outer loop
      vertex 0.302223 20.7 29.4635
      vertex 0.225666 19 29.8484
      vertex 0.302223 19 29.4635
    endloop
  endfacet
  facet normal 0.0654906 0 0.997853
    outer loop
      vertex 2.80842 20.7 27.2657
      vertex 3.2 19 27.24
      vertex 3.2 20.7 27.24
    endloop
  endfacet
  facet normal 0.0654906 0 0.997853
    outer loop
      vertex 3.2 19 27.24
      vertex 2.80842 20.7 27.2657
      vertex 2.80842 19 27.2657
    endloop
  endfacet
  facet normal 0.321582 0 -0.946882
    outer loop
      vertex 2.05195 19 33.0116
      vertex 2.42354 20.7 33.1378
      vertex 2.42354 19 33.1378
    endloop
  endfacet
  facet normal 0.321582 0 -0.946882
    outer loop
      vertex 2.42354 20.7 33.1378
      vertex 2.05195 19 33.0116
      vertex 2.05195 20.7 33.0116
    endloop
  endfacet
  facet normal 0.980787 0 -0.19508
    outer loop
      vertex 0.302223 19 31.0165
      vertex 0.225666 20.7 30.6316
      vertex 0.302223 20.7 31.0165
    endloop
  endfacet
  facet normal 0.980787 0 -0.19508
    outer loop
      vertex 0.225666 20.7 30.6316
      vertex 0.302223 19 31.0165
      vertex 0.225666 19 30.6316
    endloop
  endfacet
  facet normal -0.0654906 0 0.997853
    outer loop
      vertex 3.2 20.7 27.24
      vertex 3.59158 19 27.2657
      vertex 3.59158 20.7 27.2657
    endloop
  endfacet
  facet normal -0.0654906 0 0.997853
    outer loop
      vertex 3.59158 19 27.2657
      vertex 3.2 20.7 27.24
      vertex 3.2 19 27.24
    endloop
  endfacet
  facet normal 0.19495 0 -0.980813
    outer loop
      vertex 2.42354 19 33.1378
      vertex 2.80842 20.7 33.2143
      vertex 2.80842 19 33.2143
    endloop
  endfacet
  facet normal 0.19495 0 -0.980813
    outer loop
      vertex 2.80842 20.7 33.2143
      vertex 2.42354 19 33.1378
      vertex 2.42354 20.7 33.1378
    endloop
  endfacet
  facet normal 0.831481 -0 0.555553
    outer loop
      vertex 0.601924 19 28.74
      vertex 0.819941 20.7 28.4137
      vertex 0.601924 20.7 28.74
    endloop
  endfacet
  facet normal 0.831481 0 0.555553
    outer loop
      vertex 0.819941 20.7 28.4137
      vertex 0.601924 19 28.74
      vertex 0.819941 19 28.4137
    endloop
  endfacet
  facet normal -0.98077 0 0.195165
    outer loop
      vertex 57.2421 20.7 9.32001
      vertex 57.2855 21.5 9.53811
      vertex 57.2421 21.5 9.32001
    endloop
  endfacet
  facet normal -0.98077 0 0.195165
    outer loop
      vertex 57.2855 21.5 9.53811
      vertex 57.2421 20.7 9.32001
      vertex 57.2855 20.7 9.53811
    endloop
  endfacet
  facet normal -0.997872 0 0.0652086
    outer loop
      vertex 57.2855 20.7 9.53811
      vertex 57.3 21.5 9.76
      vertex 57.2855 21.5 9.53811
    endloop
  endfacet
  facet normal -0.997872 0 0.0652086
    outer loop
      vertex 57.3 21.5 9.76
      vertex 57.2855 20.7 9.53811
      vertex 57.3 20.7 9.76
    endloop
  endfacet
  facet normal -0.0652057 0 -0.997872
    outer loop
      vertex 55.6 20.7 11.46
      vertex 55.8219 21.5 11.4455
      vertex 55.8219 20.7 11.4455
    endloop
  endfacet
  facet normal -0.0652057 0 -0.997872
    outer loop
      vertex 55.8219 21.5 11.4455
      vertex 55.6 20.7 11.46
      vertex 55.6 21.5 11.46
    endloop
  endfacet
  facet normal 0.659319 0 0.751863
    outer loop
      vertex 54.3979 21.5 8.55792
      vertex 54.5651 20.7 8.4113
      vertex 54.5651 21.5 8.4113
    endloop
  endfacet
  facet normal 0.659319 0 0.751863
    outer loop
      vertex 54.5651 20.7 8.4113
      vertex 54.3979 21.5 8.55792
      vertex 54.3979 20.7 8.55792
    endloop
  endfacet
  facet normal 0.831566 0 -0.555426
    outer loop
      vertex 54.2513 20.7 10.7949
      vertex 54.1278 21.5 10.61
      vertex 54.2513 21.5 10.7949
    endloop
  endfacet
  facet normal 0.831566 0 -0.555426
    outer loop
      vertex 54.1278 21.5 10.61
      vertex 54.2513 20.7 10.7949
      vertex 54.1278 20.7 10.61
    endloop
  endfacet
  facet normal 0.195165 0 -0.98077
    outer loop
      vertex 55.16 20.7 11.4021
      vertex 55.3781 21.5 11.4455
      vertex 55.3781 20.7 11.4455
    endloop
  endfacet
  facet normal 0.195165 0 -0.98077
    outer loop
      vertex 55.3781 21.5 11.4455
      vertex 55.16 20.7 11.4021
      vertex 55.16 21.5 11.4021
    endloop
  endfacet
  facet normal -0.659319 0 0.751863
    outer loop
      vertex 56.6349 21.5 8.4113
      vertex 56.8021 20.7 8.55792
      vertex 56.8021 21.5 8.55792
    endloop
  endfacet
  facet normal -0.659319 0 0.751863
    outer loop
      vertex 56.8021 20.7 8.55792
      vertex 56.6349 21.5 8.4113
      vertex 56.6349 20.7 8.4113
    endloop
  endfacet
  facet normal -0.946915 0 -0.321484
    outer loop
      vertex 57.2421 20.7 10.2
      vertex 57.1706 21.5 10.4106
      vertex 57.2421 21.5 10.2
    endloop
  endfacet
  facet normal -0.946915 -0 -0.321484
    outer loop
      vertex 57.1706 21.5 10.4106
      vertex 57.2421 20.7 10.2
      vertex 57.1706 20.7 10.4106
    endloop
  endfacet
  facet normal -0.751908 0 -0.659268
    outer loop
      vertex 56.9487 20.7 10.7949
      vertex 56.8021 21.5 10.9621
      vertex 56.9487 21.5 10.7949
    endloop
  endfacet
  facet normal -0.751908 -0 -0.659268
    outer loop
      vertex 56.8021 21.5 10.9621
      vertex 56.9487 20.7 10.7949
      vertex 56.8021 20.7 10.9621
    endloop
  endfacet
  facet normal -0.751888 0 0.659291
    outer loop
      vertex 56.8021 20.7 8.55792
      vertex 56.9487 21.5 8.72511
      vertex 56.8021 21.5 8.55792
    endloop
  endfacet
  facet normal -0.751888 0 0.659291
    outer loop
      vertex 56.9487 21.5 8.72511
      vertex 56.8021 20.7 8.55792
      vertex 56.9487 20.7 8.72511
    endloop
  endfacet
  facet normal 0.946915 0 -0.321484
    outer loop
      vertex 54.0294 20.7 10.4106
      vertex 53.9579 21.5 10.2
      vertex 54.0294 21.5 10.4106
    endloop
  endfacet
  facet normal 0.946915 0 -0.321484
    outer loop
      vertex 53.9579 21.5 10.2
      vertex 54.0294 20.7 10.4106
      vertex 53.9579 20.7 10.2
    endloop
  endfacet
  facet normal -0.321484 0 -0.946915
    outer loop
      vertex 56.04 20.7 11.4021
      vertex 56.2506 21.5 11.3306
      vertex 56.2506 20.7 11.3306
    endloop
  endfacet
  facet normal -0.321484 0 -0.946915
    outer loop
      vertex 56.2506 21.5 11.3306
      vertex 56.04 20.7 11.4021
      vertex 56.04 21.5 11.4021
    endloop
  endfacet
  facet normal 0.0652057 0 -0.997872
    outer loop
      vertex 55.3781 20.7 11.4455
      vertex 55.6 21.5 11.46
      vertex 55.6 20.7 11.46
    endloop
  endfacet
  facet normal 0.0652057 0 -0.997872
    outer loop
      vertex 55.6 21.5 11.46
      vertex 55.3781 20.7 11.4455
      vertex 55.3781 21.5 11.4455
    endloop
  endfacet
  facet normal 0.321403 0 0.946943
    outer loop
      vertex 54.9494 21.5 8.18941
      vertex 55.16 20.7 8.11793
      vertex 55.16 21.5 8.11793
    endloop
  endfacet
  facet normal 0.321403 0 0.946943
    outer loop
      vertex 55.16 20.7 8.11793
      vertex 54.9494 21.5 8.18941
      vertex 54.9494 20.7 8.18941
    endloop
  endfacet
  facet normal -0.946901 0 0.321525
    outer loop
      vertex 57.1706 20.7 9.10944
      vertex 57.2421 21.5 9.32001
      vertex 57.1706 21.5 9.10944
    endloop
  endfacet
  facet normal -0.946901 0 0.321525
    outer loop
      vertex 57.2421 21.5 9.32001
      vertex 57.1706 20.7 9.10944
      vertex 57.2421 20.7 9.32001
    endloop
  endfacet
  facet normal 0.751888 -0 0.659291
    outer loop
      vertex 54.2513 20.7 8.72511
      vertex 54.3979 21.5 8.55792
      vertex 54.2513 21.5 8.72511
    endloop
  endfacet
  facet normal 0.751888 0 0.659291
    outer loop
      vertex 54.3979 21.5 8.55792
      vertex 54.2513 20.7 8.72511
      vertex 54.3979 20.7 8.55792
    endloop
  endfacet
  facet normal 0.44253 0 -0.896754
    outer loop
      vertex 54.75 20.7 11.2322
      vertex 54.9494 21.5 11.3306
      vertex 54.9494 20.7 11.3306
    endloop
  endfacet
  facet normal 0.44253 0 -0.896754
    outer loop
      vertex 54.9494 21.5 11.3306
      vertex 54.75 20.7 11.2322
      vertex 54.75 21.5 11.2322
    endloop
  endfacet
  facet normal 0.0653848 0 0.99786
    outer loop
      vertex 55.3781 21.5 8.07454
      vertex 55.6 20.7 8.06
      vertex 55.6 21.5 8.06
    endloop
  endfacet
  facet normal 0.0653848 0 0.99786
    outer loop
      vertex 55.6 20.7 8.06
      vertex 55.3781 21.5 8.07454
      vertex 55.3781 20.7 8.07454
    endloop
  endfacet
  facet normal -0.896754 0 -0.44253
    outer loop
      vertex 57.1706 20.7 10.4106
      vertex 57.0722 21.5 10.61
      vertex 57.1706 21.5 10.4106
    endloop
  endfacet
  facet normal -0.896754 -0 -0.44253
    outer loop
      vertex 57.0722 21.5 10.61
      vertex 57.1706 20.7 10.4106
      vertex 57.0722 20.7 10.61
    endloop
  endfacet
  facet normal -0.555426 0 -0.831566
    outer loop
      vertex 56.45 20.7 11.2322
      vertex 56.6349 21.5 11.1087
      vertex 56.6349 20.7 11.1087
    endloop
  endfacet
  facet normal -0.555426 0 -0.831566
    outer loop
      vertex 56.6349 21.5 11.1087
      vertex 56.45 20.7 11.2322
      vertex 56.45 21.5 11.2322
    endloop
  endfacet
  facet normal 0.980772 0 -0.195156
    outer loop
      vertex 53.9579 20.7 10.2
      vertex 53.9145 21.5 9.98189
      vertex 53.9579 21.5 10.2
    endloop
  endfacet
  facet normal 0.980772 0 -0.195156
    outer loop
      vertex 53.9145 21.5 9.98189
      vertex 53.9579 20.7 10.2
      vertex 53.9145 20.7 9.98189
    endloop
  endfacet
  facet normal 0.751908 0 -0.659268
    outer loop
      vertex 54.3979 20.7 10.9621
      vertex 54.2513 21.5 10.7949
      vertex 54.3979 21.5 10.9621
    endloop
  endfacet
  facet normal 0.751908 0 -0.659268
    outer loop
      vertex 54.2513 21.5 10.7949
      vertex 54.3979 20.7 10.9621
      vertex 54.2513 20.7 10.7949
    endloop
  endfacet
  facet normal -0.195122 0 0.980779
    outer loop
      vertex 55.8219 21.5 8.07454
      vertex 56.04 20.7 8.11793
      vertex 56.04 21.5 8.11793
    endloop
  endfacet
  facet normal -0.195122 0 0.980779
    outer loop
      vertex 56.04 20.7 8.11793
      vertex 55.8219 21.5 8.07454
      vertex 55.8219 20.7 8.07454
    endloop
  endfacet
  facet normal -0.831552 0 0.555447
    outer loop
      vertex 56.9487 20.7 8.72511
      vertex 57.0722 21.5 8.91
      vertex 56.9487 21.5 8.72511
    endloop
  endfacet
  facet normal -0.831552 0 0.555447
    outer loop
      vertex 57.0722 21.5 8.91
      vertex 56.9487 20.7 8.72511
      vertex 57.0722 20.7 8.91
    endloop
  endfacet
  facet normal -0.997872 0 -0.0652086
    outer loop
      vertex 57.3 20.7 9.76
      vertex 57.2855 21.5 9.98189
      vertex 57.3 21.5 9.76
    endloop
  endfacet
  facet normal -0.997872 -0 -0.0652086
    outer loop
      vertex 57.2855 21.5 9.98189
      vertex 57.3 20.7 9.76
      vertex 57.2855 20.7 9.98189
    endloop
  endfacet
  facet normal -0.321403 0 0.946943
    outer loop
      vertex 56.04 21.5 8.11793
      vertex 56.2506 20.7 8.18941
      vertex 56.2506 21.5 8.18941
    endloop
  endfacet
  facet normal -0.321403 0 0.946943
    outer loop
      vertex 56.2506 20.7 8.18941
      vertex 56.04 21.5 8.11793
      vertex 56.04 20.7 8.11793
    endloop
  endfacet
  facet normal -0.555551 0 0.831483
    outer loop
      vertex 56.45 21.5 8.28776
      vertex 56.6349 20.7 8.4113
      vertex 56.6349 21.5 8.4113
    endloop
  endfacet
  facet normal -0.555551 0 0.831483
    outer loop
      vertex 56.6349 20.7 8.4113
      vertex 56.45 21.5 8.28776
      vertex 56.45 20.7 8.28776
    endloop
  endfacet
  facet normal 0.195122 0 0.980779
    outer loop
      vertex 55.16 21.5 8.11793
      vertex 55.3781 20.7 8.07454
      vertex 55.3781 21.5 8.07454
    endloop
  endfacet
  facet normal 0.195122 0 0.980779
    outer loop
      vertex 55.3781 20.7 8.07454
      vertex 55.16 21.5 8.11793
      vertex 55.16 20.7 8.11793
    endloop
  endfacet
  facet normal -0.659268 0 -0.751908
    outer loop
      vertex 56.6349 20.7 11.1087
      vertex 56.8021 21.5 10.9621
      vertex 56.8021 20.7 10.9621
    endloop
  endfacet
  facet normal -0.659268 0 -0.751908
    outer loop
      vertex 56.8021 21.5 10.9621
      vertex 56.6349 20.7 11.1087
      vertex 56.6349 21.5 11.1087
    endloop
  endfacet
  facet normal 0.896789 -0 0.442459
    outer loop
      vertex 54.0294 20.7 9.10944
      vertex 54.1278 21.5 8.91
      vertex 54.0294 21.5 9.10944
    endloop
  endfacet
  facet normal 0.896789 0 0.442459
    outer loop
      vertex 54.1278 21.5 8.91
      vertex 54.0294 20.7 9.10944
      vertex 54.1278 20.7 8.91
    endloop
  endfacet
  facet normal -0.980772 0 -0.195156
    outer loop
      vertex 57.2855 20.7 9.98189
      vertex 57.2421 21.5 10.2
      vertex 57.2855 21.5 9.98189
    endloop
  endfacet
  facet normal -0.980772 -0 -0.195156
    outer loop
      vertex 57.2421 21.5 10.2
      vertex 57.2855 20.7 9.98189
      vertex 57.2421 20.7 10.2
    endloop
  endfacet
  facet normal -0.195165 0 -0.98077
    outer loop
      vertex 55.8219 20.7 11.4455
      vertex 56.04 21.5 11.4021
      vertex 56.04 20.7 11.4021
    endloop
  endfacet
  facet normal -0.195165 0 -0.98077
    outer loop
      vertex 56.04 21.5 11.4021
      vertex 55.8219 20.7 11.4455
      vertex 55.8219 21.5 11.4455
    endloop
  endfacet
  facet normal 0.659268 0 -0.751908
    outer loop
      vertex 54.3979 20.7 10.9621
      vertex 54.5651 21.5 11.1087
      vertex 54.5651 20.7 11.1087
    endloop
  endfacet
  facet normal 0.659268 0 -0.751908
    outer loop
      vertex 54.5651 21.5 11.1087
      vertex 54.3979 20.7 10.9621
      vertex 54.3979 21.5 10.9621
    endloop
  endfacet
  facet normal -0.0653848 0 0.99786
    outer loop
      vertex 55.6 21.5 8.06
      vertex 55.8219 20.7 8.07454
      vertex 55.8219 21.5 8.07454
    endloop
  endfacet
  facet normal -0.0653848 0 0.99786
    outer loop
      vertex 55.8219 20.7 8.07454
      vertex 55.6 21.5 8.06
      vertex 55.6 20.7 8.06
    endloop
  endfacet
  facet normal -0.442349 0 0.896843
    outer loop
      vertex 56.2506 21.5 8.18941
      vertex 56.45 20.7 8.28776
      vertex 56.45 21.5 8.28776
    endloop
  endfacet
  facet normal -0.442349 0 0.896843
    outer loop
      vertex 56.45 20.7 8.28776
      vertex 56.2506 21.5 8.18941
      vertex 56.2506 20.7 8.18941
    endloop
  endfacet
  facet normal -0.831566 0 -0.555426
    outer loop
      vertex 57.0722 20.7 10.61
      vertex 56.9487 21.5 10.7949
      vertex 57.0722 21.5 10.61
    endloop
  endfacet
  facet normal -0.831566 -0 -0.555426
    outer loop
      vertex 56.9487 21.5 10.7949
      vertex 57.0722 20.7 10.61
      vertex 56.9487 20.7 10.7949
    endloop
  endfacet
  facet normal 0.997872 0 -0.0652086
    outer loop
      vertex 53.9145 20.7 9.98189
      vertex 53.9 21.5 9.76
      vertex 53.9145 21.5 9.98189
    endloop
  endfacet
  facet normal 0.997872 0 -0.0652086
    outer loop
      vertex 53.9 21.5 9.76
      vertex 53.9145 20.7 9.98189
      vertex 53.9 20.7 9.76
    endloop
  endfacet
  facet normal -0.44253 0 -0.896754
    outer loop
      vertex 56.2506 20.7 11.3306
      vertex 56.45 21.5 11.2322
      vertex 56.45 20.7 11.2322
    endloop
  endfacet
  facet normal -0.44253 0 -0.896754
    outer loop
      vertex 56.45 21.5 11.2322
      vertex 56.2506 20.7 11.3306
      vertex 56.2506 21.5 11.3306
    endloop
  endfacet
  facet normal 0.98077 -0 0.195165
    outer loop
      vertex 53.9145 20.7 9.53811
      vertex 53.9579 21.5 9.32001
      vertex 53.9145 21.5 9.53811
    endloop
  endfacet
  facet normal 0.98077 0 0.195165
    outer loop
      vertex 53.9579 21.5 9.32001
      vertex 53.9145 20.7 9.53811
      vertex 53.9579 20.7 9.32001
    endloop
  endfacet
  facet normal 0.896754 0 -0.44253
    outer loop
      vertex 54.1278 20.7 10.61
      vertex 54.0294 21.5 10.4106
      vertex 54.1278 21.5 10.61
    endloop
  endfacet
  facet normal 0.896754 0 -0.44253
    outer loop
      vertex 54.0294 21.5 10.4106
      vertex 54.1278 20.7 10.61
      vertex 54.0294 20.7 10.4106
    endloop
  endfacet
  facet normal 0.946901 -0 0.321525
    outer loop
      vertex 53.9579 20.7 9.32001
      vertex 54.0294 21.5 9.10944
      vertex 53.9579 21.5 9.32001
    endloop
  endfacet
  facet normal 0.946901 0 0.321525
    outer loop
      vertex 54.0294 21.5 9.10944
      vertex 53.9579 20.7 9.32001
      vertex 54.0294 20.7 9.10944
    endloop
  endfacet
  facet normal 0.555551 0 0.831483
    outer loop
      vertex 54.5651 21.5 8.4113
      vertex 54.75 20.7 8.28776
      vertex 54.75 21.5 8.28776
    endloop
  endfacet
  facet normal 0.555551 0 0.831483
    outer loop
      vertex 54.75 20.7 8.28776
      vertex 54.5651 21.5 8.4113
      vertex 54.5651 20.7 8.4113
    endloop
  endfacet
  facet normal -0.896789 0 0.442459
    outer loop
      vertex 57.0722 20.7 8.91
      vertex 57.1706 21.5 9.10944
      vertex 57.0722 21.5 8.91
    endloop
  endfacet
  facet normal -0.896789 0 0.442459
    outer loop
      vertex 57.1706 21.5 9.10944
      vertex 57.0722 20.7 8.91
      vertex 57.1706 20.7 9.10944
    endloop
  endfacet
  facet normal 0.997872 -0 0.0652086
    outer loop
      vertex 53.9 20.7 9.76
      vertex 53.9145 21.5 9.53811
      vertex 53.9 21.5 9.76
    endloop
  endfacet
  facet normal 0.997872 0 0.0652086
    outer loop
      vertex 53.9145 21.5 9.53811
      vertex 53.9 20.7 9.76
      vertex 53.9145 20.7 9.53811
    endloop
  endfacet
  facet normal 0.321484 0 -0.946915
    outer loop
      vertex 54.9494 20.7 11.3306
      vertex 55.16 21.5 11.4021
      vertex 55.16 20.7 11.4021
    endloop
  endfacet
  facet normal 0.321484 0 -0.946915
    outer loop
      vertex 55.16 21.5 11.4021
      vertex 54.9494 20.7 11.3306
      vertex 54.9494 21.5 11.3306
    endloop
  endfacet
  facet normal 0.442349 0 0.896843
    outer loop
      vertex 54.75 21.5 8.28776
      vertex 54.9494 20.7 8.18941
      vertex 54.9494 21.5 8.18941
    endloop
  endfacet
  facet normal 0.442349 0 0.896843
    outer loop
      vertex 54.9494 20.7 8.18941
      vertex 54.75 21.5 8.28776
      vertex 54.75 20.7 8.28776
    endloop
  endfacet
  facet normal 0.831552 -0 0.555447
    outer loop
      vertex 54.1278 20.7 8.91
      vertex 54.2513 21.5 8.72511
      vertex 54.1278 21.5 8.91
    endloop
  endfacet
  facet normal 0.831552 0 0.555447
    outer loop
      vertex 54.2513 21.5 8.72511
      vertex 54.1278 20.7 8.91
      vertex 54.2513 20.7 8.72511
    endloop
  endfacet
  facet normal 0.555426 0 -0.831566
    outer loop
      vertex 54.5651 20.7 11.1087
      vertex 54.75 21.5 11.2322
      vertex 54.75 20.7 11.2322
    endloop
  endfacet
  facet normal 0.555426 0 -0.831566
    outer loop
      vertex 54.75 21.5 11.2322
      vertex 54.5651 20.7 11.1087
      vertex 54.5651 21.5 11.1087
    endloop
  endfacet
  facet normal -0.980813 0 0.19495
    outer loop
      vertex 58.4978 19 8.98354
      vertex 58.5743 20.7 9.36842
      vertex 58.4978 20.7 8.98354
    endloop
  endfacet
  facet normal -0.980813 0 0.19495
    outer loop
      vertex 58.5743 20.7 9.36842
      vertex 58.4978 19 8.98354
      vertex 58.5743 19 9.36842
    endloop
  endfacet
  facet normal -0.997853 0 0.0654906
    outer loop
      vertex 58.5743 19 9.36842
      vertex 58.6 20.7 9.76
      vertex 58.5743 20.7 9.36842
    endloop
  endfacet
  facet normal -0.997853 0 0.0654906
    outer loop
      vertex 58.6 20.7 9.76
      vertex 58.5743 19 9.36842
      vertex 58.6 19 9.76
    endloop
  endfacet
  facet normal -0.980815 0 -0.19494
    outer loop
      vertex 58.5743 19 10.1516
      vertex 58.4978 20.7 10.5365
      vertex 58.5743 20.7 10.1516
    endloop
  endfacet
  facet normal -0.980815 -0 -0.19494
    outer loop
      vertex 58.4978 20.7 10.5365
      vertex 58.5743 19 10.1516
      vertex 58.4978 19 10.5365
    endloop
  endfacet
  facet normal 0.751724 0 -0.659478
    outer loop
      vertex 53.4787 19 11.8813
      vertex 53.2199 20.7 11.5863
      vertex 53.4787 20.7 11.8813
    endloop
  endfacet
  facet normal 0.751724 0 -0.659478
    outer loop
      vertex 53.2199 20.7 11.5863
      vertex 53.4787 19 11.8813
      vertex 53.2199 19 11.5863
    endloop
  endfacet
  facet normal 0 -1 0
    outer loop
      vertex 55.6 20.7 11.46
      vertex 55.6 20.7 12.76
      vertex 55.2084 20.7 12.7343
    endloop
  endfacet
  facet normal 0 -1 0
    outer loop
      vertex 55.3781 20.7 11.4455
      vertex 55.2084 20.7 12.7343
      vertex 54.8235 20.7 12.6578
    endloop
  endfacet
  facet normal 0 -1 0
    outer loop
      vertex 55.6 20.7 12.76
      vertex 55.6 20.7 11.46
      vertex 55.9916 20.7 12.7343
    endloop
  endfacet
  facet normal 0 -1 0
    outer loop
      vertex 55.16 20.7 11.4021
      vertex 54.8235 20.7 12.6578
      vertex 54.452 20.7 12.5316
    endloop
  endfacet
  facet normal 0 -1 0
    outer loop
      vertex 55.8219 20.7 11.4455
      vertex 55.9916 20.7 12.7343
      vertex 55.6 20.7 11.46
    endloop
  endfacet
  facet normal 0 -1 0
    outer loop
      vertex 54.9494 20.7 11.3306
      vertex 54.452 20.7 12.5316
      vertex 54.1 20.7 12.3581
    endloop
  endfacet
  facet normal 0 -1 -0
    outer loop
      vertex 55.9916 20.7 12.7343
      vertex 55.8219 20.7 11.4455
      vertex 56.3765 20.7 12.6578
    endloop
  endfacet
  facet normal 0 -1 0
    outer loop
      vertex 54.75 20.7 11.2322
      vertex 54.1 20.7 12.3581
      vertex 53.7737 20.7 12.1401
    endloop
  endfacet
  facet normal 0 -1 0
    outer loop
      vertex 56.04 20.7 11.4021
      vertex 56.3765 20.7 12.6578
      vertex 55.8219 20.7 11.4455
    endloop
  endfacet
  facet normal 0 -1 0
    outer loop
      vertex 54.5651 20.7 11.1087
      vertex 53.7737 20.7 12.1401
      vertex 53.4787 20.7 11.8813
    endloop
  endfacet
  facet normal 0 -1 -0
    outer loop
      vertex 56.3765 20.7 12.6578
      vertex 56.04 20.7 11.4021
      vertex 56.7481 20.7 12.5316
    endloop
  endfacet
  facet normal 0 -1 0
    outer loop
      vertex 54.3979 20.7 10.9621
      vertex 53.4787 20.7 11.8813
      vertex 53.2199 20.7 11.5863
    endloop
  endfacet
  facet normal 0 -1 0
    outer loop
      vertex 56.2506 20.7 11.3306
      vertex 56.7481 20.7 12.5316
      vertex 56.04 20.7 11.4021
    endloop
  endfacet
  facet normal 0 -1 -0
    outer loop
      vertex 56.7481 20.7 12.5316
      vertex 56.2506 20.7 11.3306
      vertex 57.1 20.7 12.3581
    endloop
  endfacet
  facet normal 0 -1 0
    outer loop
      vertex 55.2084 20.7 12.7343
      vertex 55.3781 20.7 11.4455
      vertex 55.6 20.7 11.46
    endloop
  endfacet
  facet normal 0 -1 0
    outer loop
      vertex 54.8235 20.7 12.6578
      vertex 55.16 20.7 11.4021
      vertex 55.3781 20.7 11.4455
    endloop
  endfacet
  facet normal 0 -1 0
    outer loop
      vertex 54.452 20.7 12.5316
      vertex 54.9494 20.7 11.3306
      vertex 55.16 20.7 11.4021
    endloop
  endfacet
  facet normal 0 -1 0
    outer loop
      vertex 54.2513 20.7 10.7949
      vertex 53.2199 20.7 11.5863
      vertex 53.0019 20.7 11.26
    endloop
  endfacet
  facet normal 0 -1 0
    outer loop
      vertex 54.1 20.7 12.3581
      vertex 54.75 20.7 11.2322
      vertex 54.9494 20.7 11.3306
    endloop
  endfacet
  facet normal 0 -1 0
    outer loop
      vertex 53.7737 20.7 12.1401
      vertex 54.5651 20.7 11.1087
      vertex 54.75 20.7 11.2322
    endloop
  endfacet
  facet normal 0 -1 0
    outer loop
      vertex 53.4787 20.7 11.8813
      vertex 54.3979 20.7 10.9621
      vertex 54.5651 20.7 11.1087
    endloop
  endfacet
  facet normal 0 -1 0
    outer loop
      vertex 54.1278 20.7 10.61
      vertex 53.0019 20.7 11.26
      vertex 52.8284 20.7 10.908
    endloop
  endfacet
  facet normal 0 -1 0
    outer loop
      vertex 53.2199 20.7 11.5863
      vertex 54.2513 20.7 10.7949
      vertex 54.3979 20.7 10.9621
    endloop
  endfacet
  facet normal 0 -1 0
    outer loop
      vertex 53.0019 20.7 11.26
      vertex 54.1278 20.7 10.61
      vertex 54.2513 20.7 10.7949
    endloop
  endfacet
  facet normal 0 -1 0
    outer loop
      vertex 54.0294 20.7 10.4106
      vertex 52.8284 20.7 10.908
      vertex 52.7022 20.7 10.5365
    endloop
  endfacet
  facet normal 0 -1 0
    outer loop
      vertex 52.8284 20.7 10.908
      vertex 54.0294 20.7 10.4106
      vertex 54.1278 20.7 10.61
    endloop
  endfacet
  facet normal 0 -1 0
    outer loop
      vertex 52.7022 20.7 10.5365
      vertex 53.9579 20.7 10.2
      vertex 54.0294 20.7 10.4106
    endloop
  endfacet
  facet normal 0 -1 0
    outer loop
      vertex 52.6257 20.7 10.1516
      vertex 53.9579 20.7 10.2
      vertex 52.7022 20.7 10.5365
    endloop
  endfacet
  facet normal 0 -1 0
    outer loop
      vertex 52.6257 20.7 10.1516
      vertex 53.9145 20.7 9.98189
      vertex 53.9579 20.7 10.2
    endloop
  endfacet
  facet normal 0 -1 0
    outer loop
      vertex 52.6 20.7 9.76
      vertex 53.9145 20.7 9.98189
      vertex 52.6257 20.7 10.1516
    endloop
  endfacet
  facet normal 0 -1 0
    outer loop
      vertex 52.6 20.7 9.76
      vertex 53.9 20.7 9.76
      vertex 53.9145 20.7 9.98189
    endloop
  endfacet
  facet normal 0 -1 0
    outer loop
      vertex 52.6 20.7 9.76
      vertex 53.9145 20.7 9.53811
      vertex 53.9 20.7 9.76
    endloop
  endfacet
  facet normal 0 -1 0
    outer loop
      vertex 52.6257 20.7 9.36842
      vertex 53.9145 20.7 9.53811
      vertex 52.6 20.7 9.76
    endloop
  endfacet
  facet normal 0 -1 0
    outer loop
      vertex 52.6257 20.7 9.36842
      vertex 53.9579 20.7 9.32001
      vertex 53.9145 20.7 9.53811
    endloop
  endfacet
  facet normal 0 -1 0
    outer loop
      vertex 52.7022 20.7 8.98354
      vertex 53.9579 20.7 9.32001
      vertex 52.6257 20.7 9.36842
    endloop
  endfacet
  facet normal 0 -1 -0
    outer loop
      vertex 53.9579 20.7 9.32001
      vertex 52.7022 20.7 8.98354
      vertex 54.0294 20.7 9.10944
    endloop
  endfacet
  facet normal 0 -1 0
    outer loop
      vertex 52.8284 20.7 8.61195
      vertex 54.0294 20.7 9.10944
      vertex 52.7022 20.7 8.98354
    endloop
  endfacet
  facet normal 0 -1 -0
    outer loop
      vertex 54.0294 20.7 9.10944
      vertex 52.8284 20.7 8.61195
      vertex 54.1278 20.7 8.91
    endloop
  endfacet
  facet normal 0 -1 0
    outer loop
      vertex 53.0019 20.7 8.26
      vertex 54.1278 20.7 8.91
      vertex 52.8284 20.7 8.61195
    endloop
  endfacet
  facet normal 0 -1 -0
    outer loop
      vertex 54.1278 20.7 8.91
      vertex 53.0019 20.7 8.26
      vertex 54.2513 20.7 8.72511
    endloop
  endfacet
  facet normal 0 -1 0
    outer loop
      vertex 53.2199 20.7 7.93372
      vertex 54.2513 20.7 8.72511
      vertex 53.0019 20.7 8.26
    endloop
  endfacet
  facet normal 0 -1 -0
    outer loop
      vertex 54.2513 20.7 8.72511
      vertex 53.2199 20.7 7.93372
      vertex 54.3979 20.7 8.55792
    endloop
  endfacet
  facet normal 0 -1 0
    outer loop
      vertex 53.4787 20.7 7.63868
      vertex 54.3979 20.7 8.55792
      vertex 53.2199 20.7 7.93372
    endloop
  endfacet
  facet normal 0 -1 -0
    outer loop
      vertex 54.3979 20.7 8.55792
      vertex 53.4787 20.7 7.63868
      vertex 54.5651 20.7 8.4113
    endloop
  endfacet
  facet normal 0 -1 0
    outer loop
      vertex 53.7737 20.7 7.37994
      vertex 54.5651 20.7 8.4113
      vertex 53.4787 20.7 7.63868
    endloop
  endfacet
  facet normal 0 -1 -0
    outer loop
      vertex 54.5651 20.7 8.4113
      vertex 53.7737 20.7 7.37994
      vertex 54.75 20.7 8.28776
    endloop
  endfacet
  facet normal 0 -1 -0
    outer loop
      vertex 54.75 20.7 8.28776
      vertex 54.1 20.7 7.16192
      vertex 54.9494 20.7 8.18941
    endloop
  endfacet
  facet normal 0 -1 0
    outer loop
      vertex 54.1 20.7 7.16192
      vertex 54.75 20.7 8.28776
      vertex 53.7737 20.7 7.37994
    endloop
  endfacet
  facet normal 0 -1 0
    outer loop
      vertex 56.45 20.7 11.2322
      vertex 57.1 20.7 12.3581
      vertex 56.2506 20.7 11.3306
    endloop
  endfacet
  facet normal 0 -1 -0
    outer loop
      vertex 57.1 20.7 12.3581
      vertex 56.45 20.7 11.2322
      vertex 57.4263 20.7 12.1401
    endloop
  endfacet
  facet normal 0 -1 0
    outer loop
      vertex 56.6349 20.7 11.1087
      vertex 57.4263 20.7 12.1401
      vertex 56.45 20.7 11.2322
    endloop
  endfacet
  facet normal 0 -1 -0
    outer loop
      vertex 57.4263 20.7 12.1401
      vertex 56.6349 20.7 11.1087
      vertex 57.7213 20.7 11.8813
    endloop
  endfacet
  facet normal 0 -1 0
    outer loop
      vertex 56.8021 20.7 10.9621
      vertex 57.7213 20.7 11.8813
      vertex 56.6349 20.7 11.1087
    endloop
  endfacet
  facet normal 0 -1 -0
    outer loop
      vertex 57.7213 20.7 11.8813
      vertex 56.8021 20.7 10.9621
      vertex 57.9801 20.7 11.5863
    endloop
  endfacet
  facet normal 0 -1 0
    outer loop
      vertex 56.9487 20.7 10.7949
      vertex 57.9801 20.7 11.5863
      vertex 56.8021 20.7 10.9621
    endloop
  endfacet
  facet normal 0 -1 -0
    outer loop
      vertex 57.9801 20.7 11.5863
      vertex 56.9487 20.7 10.7949
      vertex 58.1981 20.7 11.26
    endloop
  endfacet
  facet normal 0 -1 0
    outer loop
      vertex 57.0722 20.7 10.61
      vertex 58.1981 20.7 11.26
      vertex 56.9487 20.7 10.7949
    endloop
  endfacet
  facet normal 0 -1 -0
    outer loop
      vertex 58.1981 20.7 11.26
      vertex 57.0722 20.7 10.61
      vertex 58.3716 20.7 10.908
    endloop
  endfacet
  facet normal 0 -1 0
    outer loop
      vertex 57.1706 20.7 10.4106
      vertex 58.3716 20.7 10.908
      vertex 57.0722 20.7 10.61
    endloop
  endfacet
  facet normal 0 -1 -0
    outer loop
      vertex 58.3716 20.7 10.908
      vertex 57.1706 20.7 10.4106
      vertex 58.4978 20.7 10.5365
    endloop
  endfacet
  facet normal 0 -1 0
    outer loop
      vertex 57.2421 20.7 10.2
      vertex 58.4978 20.7 10.5365
      vertex 57.1706 20.7 10.4106
    endloop
  endfacet
  facet normal 0 -1 0
    outer loop
      vertex 57.2421 20.7 10.2
      vertex 58.5743 20.7 10.1516
      vertex 58.4978 20.7 10.5365
    endloop
  endfacet
  facet normal 0 -1 0
    outer loop
      vertex 57.2855 20.7 9.98189
      vertex 58.5743 20.7 10.1516
      vertex 57.2421 20.7 10.2
    endloop
  endfacet
  facet normal 0 -1 0
    outer loop
      vertex 57.3 20.7 9.76
      vertex 58.5743 20.7 10.1516
      vertex 57.2855 20.7 9.98189
    endloop
  endfacet
  facet normal 0 -1 0
    outer loop
      vertex 57.3 20.7 9.76
      vertex 58.6 20.7 9.76
      vertex 58.5743 20.7 10.1516
    endloop
  endfacet
  facet normal 0 -1 0
    outer loop
      vertex 57.2855 20.7 9.53811
      vertex 58.6 20.7 9.76
      vertex 57.3 20.7 9.76
    endloop
  endfacet
  facet normal 0 -1 0
    outer loop
      vertex 57.2855 20.7 9.53811
      vertex 58.5743 20.7 9.36842
      vertex 58.6 20.7 9.76
    endloop
  endfacet
  facet normal 0 -1 0
    outer loop
      vertex 57.2421 20.7 9.32001
      vertex 58.5743 20.7 9.36842
      vertex 57.2855 20.7 9.53811
    endloop
  endfacet
  facet normal 0 -1 0
    outer loop
      vertex 58.4978 20.7 8.98354
      vertex 57.2421 20.7 9.32001
      vertex 57.1706 20.7 9.10944
    endloop
  endfacet
  facet normal 0 -1 0
    outer loop
      vertex 57.2421 20.7 9.32001
      vertex 58.4978 20.7 8.98354
      vertex 58.5743 20.7 9.36842
    endloop
  endfacet
  facet normal 0 -1 0
    outer loop
      vertex 58.3716 20.7 8.61195
      vertex 57.1706 20.7 9.10944
      vertex 57.0722 20.7 8.91
    endloop
  endfacet
  facet normal 0 -1 0
    outer loop
      vertex 58.1981 20.7 8.26
      vertex 57.0722 20.7 8.91
      vertex 56.9487 20.7 8.72511
    endloop
  endfacet
  facet normal 0 -1 0
    outer loop
      vertex 57.1706 20.7 9.10944
      vertex 58.3716 20.7 8.61195
      vertex 58.4978 20.7 8.98354
    endloop
  endfacet
  facet normal 0 -1 0
    outer loop
      vertex 57.9801 20.7 7.93372
      vertex 56.9487 20.7 8.72511
      vertex 56.8021 20.7 8.55792
    endloop
  endfacet
  facet normal 0 -1 0
    outer loop
      vertex 57.7213 20.7 7.63868
      vertex 56.8021 20.7 8.55792
      vertex 56.6349 20.7 8.4113
    endloop
  endfacet
  facet normal 0 -1 0
    outer loop
      vertex 57.4263 20.7 7.37994
      vertex 56.6349 20.7 8.4113
      vertex 56.45 20.7 8.28776
    endloop
  endfacet
  facet normal 0 -1 0
    outer loop
      vertex 57.0722 20.7 8.91
      vertex 58.1981 20.7 8.26
      vertex 58.3716 20.7 8.61195
    endloop
  endfacet
  facet normal 0 -1 0
    outer loop
      vertex 57.1 20.7 7.16192
      vertex 56.45 20.7 8.28776
      vertex 56.2506 20.7 8.18941
    endloop
  endfacet
  facet normal 0 -1 0
    outer loop
      vertex 56.7481 20.7 6.98836
      vertex 56.2506 20.7 8.18941
      vertex 56.04 20.7 8.11793
    endloop
  endfacet
  facet normal 0 -1 0
    outer loop
      vertex 56.3765 20.7 6.86222
      vertex 56.04 20.7 8.11793
      vertex 55.8219 20.7 8.07454
    endloop
  endfacet
  facet normal 0 -1 0
    outer loop
      vertex 56.9487 20.7 8.72511
      vertex 57.9801 20.7 7.93372
      vertex 58.1981 20.7 8.26
    endloop
  endfacet
  facet normal 0 -1 0
    outer loop
      vertex 55.9916 20.7 6.78567
      vertex 55.8219 20.7 8.07454
      vertex 55.6 20.7 8.06
    endloop
  endfacet
  facet normal 0 -1 0
    outer loop
      vertex 54.452 20.7 6.98836
      vertex 54.9494 20.7 8.18941
      vertex 54.1 20.7 7.16192
    endloop
  endfacet
  facet normal 0 -1 -0
    outer loop
      vertex 54.9494 20.7 8.18941
      vertex 54.452 20.7 6.98836
      vertex 55.16 20.7 8.11793
    endloop
  endfacet
  facet normal 0 -1 0
    outer loop
      vertex 56.8021 20.7 8.55792
      vertex 57.7213 20.7 7.63868
      vertex 57.9801 20.7 7.93372
    endloop
  endfacet
  facet normal 0 -1 0
    outer loop
      vertex 54.8235 20.7 6.86222
      vertex 55.16 20.7 8.11793
      vertex 54.452 20.7 6.98836
    endloop
  endfacet
  facet normal 0 -1 0
    outer loop
      vertex 56.6349 20.7 8.4113
      vertex 57.4263 20.7 7.37994
      vertex 57.7213 20.7 7.63868
    endloop
  endfacet
  facet normal 0 -1 -0
    outer loop
      vertex 55.16 20.7 8.11793
      vertex 54.8235 20.7 6.86222
      vertex 55.3781 20.7 8.07454
    endloop
  endfacet
  facet normal 0 -1 0
    outer loop
      vertex 56.45 20.7 8.28776
      vertex 57.1 20.7 7.16192
      vertex 57.4263 20.7 7.37994
    endloop
  endfacet
  facet normal 0 -1 0
    outer loop
      vertex 55.2084 20.7 6.78567
      vertex 55.3781 20.7 8.07454
      vertex 54.8235 20.7 6.86222
    endloop
  endfacet
  facet normal 0 -1 0
    outer loop
      vertex 56.2506 20.7 8.18941
      vertex 56.7481 20.7 6.98836
      vertex 57.1 20.7 7.16192
    endloop
  endfacet
  facet normal 0 -1 -0
    outer loop
      vertex 55.3781 20.7 8.07454
      vertex 55.2084 20.7 6.78567
      vertex 55.6 20.7 8.06
    endloop
  endfacet
  facet normal 0 -1 0
    outer loop
      vertex 56.04 20.7 8.11793
      vertex 56.3765 20.7 6.86222
      vertex 56.7481 20.7 6.98836
    endloop
  endfacet
  facet normal 0 -1 0
    outer loop
      vertex 55.6 20.7 6.76
      vertex 55.6 20.7 8.06
      vertex 55.2084 20.7 6.78567
    endloop
  endfacet
  facet normal 0 -1 0
    outer loop
      vertex 55.8219 20.7 8.07454
      vertex 55.9916 20.7 6.78567
      vertex 56.3765 20.7 6.86222
    endloop
  endfacet
  facet normal 0 -1 0
    outer loop
      vertex 55.6 20.7 8.06
      vertex 55.6 20.7 6.76
      vertex 55.9916 20.7 6.78567
    endloop
  endfacet
  facet normal -0.831485 0 0.555547
    outer loop
      vertex 57.9801 19 7.93372
      vertex 58.1981 20.7 8.26
      vertex 57.9801 20.7 7.93372
    endloop
  endfacet
  facet normal -0.831485 0 0.555547
    outer loop
      vertex 58.1981 20.7 8.26
      vertex 57.9801 19 7.93372
      vertex 58.1981 19 8.26
    endloop
  endfacet
  facet normal -0.555558 0 0.831477
    outer loop
      vertex 57.1 20.7 7.16192
      vertex 57.4263 19 7.37994
      vertex 57.4263 20.7 7.37994
    endloop
  endfacet
  facet normal -0.555558 0 0.831477
    outer loop
      vertex 57.4263 19 7.37994
      vertex 57.1 20.7 7.16192
      vertex 57.1 19 7.16192
    endloop
  endfacet
  facet normal -0.896961 0 -0.44211
    outer loop
      vertex 58.3716 19 10.908
      vertex 58.1981 20.7 11.26
      vertex 58.3716 20.7 10.908
    endloop
  endfacet
  facet normal -0.896961 -0 -0.44211
    outer loop
      vertex 58.1981 20.7 11.26
      vertex 58.3716 19 10.908
      vertex 58.1981 19 11.26
    endloop
  endfacet
  facet normal -0.997853 0 -0.0654873
    outer loop
      vertex 58.6 19 9.76
      vertex 58.5743 20.7 10.1516
      vertex 58.6 20.7 9.76
    endloop
  endfacet
  facet normal -0.997853 -0 -0.0654873
    outer loop
      vertex 58.5743 20.7 10.1516
      vertex 58.6 19 9.76
      vertex 58.5743 19 10.1516
    endloop
  endfacet
  facet normal -0.321437 0 0.946931
    outer loop
      vertex 56.3765 20.7 6.86222
      vertex 56.7481 19 6.98836
      vertex 56.7481 20.7 6.98836
    endloop
  endfacet
  facet normal -0.321437 0 0.946931
    outer loop
      vertex 56.7481 19 6.98836
      vertex 56.3765 20.7 6.86222
      vertex 56.3765 19 6.86222
    endloop
  endfacet
  facet normal 0.896936 -0 0.44216
    outer loop
      vertex 52.8284 19 8.61195
      vertex 53.0019 20.7 8.26
      vertex 52.8284 20.7 8.61195
    endloop
  endfacet
  facet normal 0.896936 0 0.44216
    outer loop
      vertex 53.0019 20.7 8.26
      vertex 52.8284 19 8.61195
      vertex 53.0019 19 8.26
    endloop
  endfacet
  facet normal 0.659392 0 0.751799
    outer loop
      vertex 53.4787 20.7 7.63868
      vertex 53.7737 19 7.37994
      vertex 53.7737 20.7 7.37994
    endloop
  endfacet
  facet normal 0.659392 0 0.751799
    outer loop
      vertex 53.7737 19 7.37994
      vertex 53.4787 20.7 7.63868
      vertex 53.4787 19 7.63868
    endloop
  endfacet
  facet normal -0.321574 0 -0.946885
    outer loop
      vertex 56.3765 19 12.6578
      vertex 56.7481 20.7 12.5316
      vertex 56.7481 19 12.5316
    endloop
  endfacet
  facet normal -0.321574 0 -0.946885
    outer loop
      vertex 56.7481 20.7 12.5316
      vertex 56.3765 19 12.6578
      vertex 56.3765 20.7 12.6578
    endloop
  endfacet
  facet normal 0.997853 0 -0.0654873
    outer loop
      vertex 52.6257 19 10.1516
      vertex 52.6 20.7 9.76
      vertex 52.6257 20.7 10.1516
    endloop
  endfacet
  facet normal 0.997853 0 -0.0654873
    outer loop
      vertex 52.6 20.7 9.76
      vertex 52.6257 19 10.1516
      vertex 52.6 19 9.76
    endloop
  endfacet
  facet normal 0.659478 0 -0.751724
    outer loop
      vertex 53.4787 19 11.8813
      vertex 53.7737 20.7 12.1401
      vertex 53.7737 19 12.1401
    endloop
  endfacet
  facet normal 0.659478 0 -0.751724
    outer loop
      vertex 53.7737 20.7 12.1401
      vertex 53.4787 19 11.8813
      vertex 53.4787 20.7 11.8813
    endloop
  endfacet
  facet normal 0.321514 0 0.946905
    outer loop
      vertex 54.452 20.7 6.98836
      vertex 54.8235 19 6.86222
      vertex 54.8235 20.7 6.86222
    endloop
  endfacet
  facet normal 0.321514 0 0.946905
    outer loop
      vertex 54.8235 19 6.86222
      vertex 54.452 20.7 6.98836
      vertex 54.452 19 6.98836
    endloop
  endfacet
  facet normal 0.831501 0 -0.555523
    outer loop
      vertex 53.2199 19 11.5863
      vertex 53.0019 20.7 11.26
      vertex 53.2199 20.7 11.5863
    endloop
  endfacet
  facet normal 0.831501 0 -0.555523
    outer loop
      vertex 53.0019 20.7 11.26
      vertex 53.2199 19 11.5863
      vertex 53.0019 19 11.26
    endloop
  endfacet
  facet normal 0.555558 0 0.831477
    outer loop
      vertex 53.7737 20.7 7.37994
      vertex 54.1 19 7.16192
      vertex 54.1 20.7 7.16192
    endloop
  endfacet
  facet normal 0.555558 0 0.831477
    outer loop
      vertex 54.1 19 7.16192
      vertex 53.7737 20.7 7.37994
      vertex 53.7737 19 7.37994
    endloop
  endfacet
  facet normal -0.195062 0 0.980791
    outer loop
      vertex 55.9916 20.7 6.78567
      vertex 56.3765 19 6.86222
      vertex 56.3765 20.7 6.86222
    endloop
  endfacet
  facet normal -0.195062 0 0.980791
    outer loop
      vertex 56.3765 19 6.86222
      vertex 55.9916 20.7 6.78567
      vertex 55.9916 19 6.78567
    endloop
  endfacet
  facet normal 0.442233 0 0.8969
    outer loop
      vertex 54.1 20.7 7.16192
      vertex 54.452 19 6.98836
      vertex 54.452 20.7 6.98836
    endloop
  endfacet
  facet normal 0.442233 0 0.8969
    outer loop
      vertex 54.452 19 6.98836
      vertex 54.1 20.7 7.16192
      vertex 54.1 19 7.16192
    endloop
  endfacet
  facet normal -0.0654873 0 -0.997853
    outer loop
      vertex 55.6 19 12.76
      vertex 55.9916 20.7 12.7343
      vertex 55.9916 19 12.7343
    endloop
  endfacet
  facet normal -0.0654873 0 -0.997853
    outer loop
      vertex 55.9916 20.7 12.7343
      vertex 55.6 19 12.76
      vertex 55.6 20.7 12.76
    endloop
  endfacet
  facet normal -0.659478 0 -0.751724
    outer loop
      vertex 57.4263 19 12.1401
      vertex 57.7213 20.7 11.8813
      vertex 57.7213 19 11.8813
    endloop
  endfacet
  facet normal -0.659478 0 -0.751724
    outer loop
      vertex 57.7213 20.7 11.8813
      vertex 57.4263 19 12.1401
      vertex 57.4263 20.7 12.1401
    endloop
  endfacet
  facet normal 0.946858 0 -0.321651
    outer loop
      vertex 52.8284 19 10.908
      vertex 52.7022 20.7 10.5365
      vertex 52.8284 20.7 10.908
    endloop
  endfacet
  facet normal 0.946858 0 -0.321651
    outer loop
      vertex 52.7022 20.7 10.5365
      vertex 52.8284 19 10.908
      vertex 52.7022 19 10.5365
    endloop
  endfacet
  facet normal -0.946858 0 -0.321651
    outer loop
      vertex 58.4978 19 10.5365
      vertex 58.3716 20.7 10.908
      vertex 58.4978 20.7 10.5365
    endloop
  endfacet
  facet normal -0.946858 -0 -0.321651
    outer loop
      vertex 58.3716 20.7 10.908
      vertex 58.4978 19 10.5365
      vertex 58.3716 19 10.908
    endloop
  endfacet
  facet normal -0.442334 0 0.89685
    outer loop
      vertex 56.7481 20.7 6.98836
      vertex 57.1 19 7.16192
      vertex 57.1 20.7 7.16192
    endloop
  endfacet
  facet normal -0.442334 0 0.89685
    outer loop
      vertex 57.1 19 7.16192
      vertex 56.7481 20.7 6.98836
      vertex 56.7481 19 6.98836
    endloop
  endfacet
  facet normal 0.195062 0 0.980791
    outer loop
      vertex 54.8235 20.7 6.86222
      vertex 55.2084 19 6.78567
      vertex 55.2084 20.7 6.78567
    endloop
  endfacet
  facet normal 0.195062 0 0.980791
    outer loop
      vertex 55.2084 19 6.78567
      vertex 54.8235 20.7 6.86222
      vertex 54.8235 19 6.86222
    endloop
  endfacet
  facet normal -0.751768 0 0.659428
    outer loop
      vertex 57.7213 19 7.63868
      vertex 57.9801 20.7 7.93372
      vertex 57.7213 20.7 7.63868
    endloop
  endfacet
  facet normal -0.751768 0 0.659428
    outer loop
      vertex 57.9801 20.7 7.93372
      vertex 57.7213 19 7.63868
      vertex 57.9801 19 7.93372
    endloop
  endfacet
  facet normal -0.751724 0 -0.659478
    outer loop
      vertex 57.9801 19 11.5863
      vertex 57.7213 20.7 11.8813
      vertex 57.9801 20.7 11.5863
    endloop
  endfacet
  facet normal -0.751724 -0 -0.659478
    outer loop
      vertex 57.7213 20.7 11.8813
      vertex 57.9801 19 11.5863
      vertex 57.7213 19 11.8813
    endloop
  endfacet
  facet normal 0.44211 0 -0.896961
    outer loop
      vertex 54.1 19 12.3581
      vertex 54.452 20.7 12.5316
      vertex 54.452 19 12.5316
    endloop
  endfacet
  facet normal 0.44211 0 -0.896961
    outer loop
      vertex 54.452 20.7 12.5316
      vertex 54.1 19 12.3581
      vertex 54.1 20.7 12.3581
    endloop
  endfacet
  facet normal 0.946882 -0 0.321582
    outer loop
      vertex 52.7022 19 8.98354
      vertex 52.8284 20.7 8.61195
      vertex 52.7022 20.7 8.98354
    endloop
  endfacet
  facet normal 0.946882 0 0.321582
    outer loop
      vertex 52.8284 20.7 8.61195
      vertex 52.7022 19 8.98354
      vertex 52.8284 19 8.61195
    endloop
  endfacet
  facet normal -0.19494 0 -0.980815
    outer loop
      vertex 55.9916 19 12.7343
      vertex 56.3765 20.7 12.6578
      vertex 56.3765 19 12.6578
    endloop
  endfacet
  facet normal -0.19494 0 -0.980815
    outer loop
      vertex 56.3765 20.7 12.6578
      vertex 55.9916 19 12.7343
      vertex 55.9916 20.7 12.7343
    endloop
  endfacet
  facet normal -0.442211 0 -0.896911
    outer loop
      vertex 56.7481 19 12.5316
      vertex 57.1 20.7 12.3581
      vertex 57.1 19 12.3581
    endloop
  endfacet
  facet normal -0.442211 0 -0.896911
    outer loop
      vertex 57.1 20.7 12.3581
      vertex 56.7481 19 12.5316
      vertex 56.7481 20.7 12.5316
    endloop
  endfacet
  facet normal 0.751768 -0 0.659428
    outer loop
      vertex 53.2199 19 7.93372
      vertex 53.4787 20.7 7.63868
      vertex 53.2199 20.7 7.93372
    endloop
  endfacet
  facet normal 0.751768 0 0.659428
    outer loop
      vertex 53.4787 20.7 7.63868
      vertex 53.2199 19 7.93372
      vertex 53.4787 19 7.63868
    endloop
  endfacet
  facet normal -0.659392 0 0.751799
    outer loop
      vertex 57.4263 20.7 7.37994
      vertex 57.7213 19 7.63868
      vertex 57.7213 20.7 7.63868
    endloop
  endfacet
  facet normal -0.659392 0 0.751799
    outer loop
      vertex 57.7213 19 7.63868
      vertex 57.4263 20.7 7.37994
      vertex 57.4263 19 7.37994
    endloop
  endfacet
  facet normal 0.896961 0 -0.44211
    outer loop
      vertex 53.0019 19 11.26
      vertex 52.8284 20.7 10.908
      vertex 53.0019 20.7 11.26
    endloop
  endfacet
  facet normal 0.896961 0 -0.44211
    outer loop
      vertex 52.8284 20.7 10.908
      vertex 53.0019 19 11.26
      vertex 52.8284 19 10.908
    endloop
  endfacet
  facet normal 0.997853 -0 0.0654906
    outer loop
      vertex 52.6 19 9.76
      vertex 52.6257 20.7 9.36842
      vertex 52.6 20.7 9.76
    endloop
  endfacet
  facet normal 0.997853 0 0.0654906
    outer loop
      vertex 52.6257 20.7 9.36842
      vertex 52.6 19 9.76
      vertex 52.6257 19 9.36842
    endloop
  endfacet
  facet normal -0.831501 0 -0.555523
    outer loop
      vertex 58.1981 19 11.26
      vertex 57.9801 20.7 11.5863
      vertex 58.1981 20.7 11.26
    endloop
  endfacet
  facet normal -0.831501 -0 -0.555523
    outer loop
      vertex 57.9801 20.7 11.5863
      vertex 58.1981 19 11.26
      vertex 57.9801 19 11.5863
    endloop
  endfacet
  facet normal -0.896936 0 0.44216
    outer loop
      vertex 58.1981 19 8.26
      vertex 58.3716 20.7 8.61195
      vertex 58.1981 20.7 8.26
    endloop
  endfacet
  facet normal -0.896936 0 0.44216
    outer loop
      vertex 58.3716 20.7 8.61195
      vertex 58.1981 19 8.26
      vertex 58.3716 19 8.61195
    endloop
  endfacet
  facet normal 0.0654873 0 -0.997853
    outer loop
      vertex 55.2084 19 12.7343
      vertex 55.6 20.7 12.76
      vertex 55.6 19 12.76
    endloop
  endfacet
  facet normal 0.0654873 0 -0.997853
    outer loop
      vertex 55.6 20.7 12.76
      vertex 55.2084 19 12.7343
      vertex 55.2084 20.7 12.7343
    endloop
  endfacet
  facet normal 0.555523 0 -0.831501
    outer loop
      vertex 53.7737 19 12.1401
      vertex 54.1 20.7 12.3581
      vertex 54.1 19 12.3581
    endloop
  endfacet
  facet normal 0.555523 0 -0.831501
    outer loop
      vertex 54.1 20.7 12.3581
      vertex 53.7737 19 12.1401
      vertex 53.7737 20.7 12.1401
    endloop
  endfacet
  facet normal -0.555523 0 -0.831501
    outer loop
      vertex 57.1 19 12.3581
      vertex 57.4263 20.7 12.1401
      vertex 57.4263 19 12.1401
    endloop
  endfacet
  facet normal -0.555523 0 -0.831501
    outer loop
      vertex 57.4263 20.7 12.1401
      vertex 57.1 19 12.3581
      vertex 57.1 20.7 12.3581
    endloop
  endfacet
  facet normal -0.946882 0 0.321582
    outer loop
      vertex 58.3716 19 8.61195
      vertex 58.4978 20.7 8.98354
      vertex 58.3716 20.7 8.61195
    endloop
  endfacet
  facet normal -0.946882 0 0.321582
    outer loop
      vertex 58.4978 20.7 8.98354
      vertex 58.3716 19 8.61195
      vertex 58.4978 19 8.98354
    endloop
  endfacet
  facet normal 0.980813 -0 0.19495
    outer loop
      vertex 52.6257 19 9.36842
      vertex 52.7022 20.7 8.98354
      vertex 52.6257 20.7 9.36842
    endloop
  endfacet
  facet normal 0.980813 0 0.19495
    outer loop
      vertex 52.7022 20.7 8.98354
      vertex 52.6257 19 9.36842
      vertex 52.7022 19 8.98354
    endloop
  endfacet
  facet normal 0.0654112 0 0.997858
    outer loop
      vertex 55.2084 20.7 6.78567
      vertex 55.6 19 6.76
      vertex 55.6 20.7 6.76
    endloop
  endfacet
  facet normal 0.0654112 0 0.997858
    outer loop
      vertex 55.6 19 6.76
      vertex 55.2084 20.7 6.78567
      vertex 55.2084 19 6.78567
    endloop
  endfacet
  facet normal 0.321651 0 -0.946858
    outer loop
      vertex 54.452 19 12.5316
      vertex 54.8235 20.7 12.6578
      vertex 54.8235 19 12.6578
    endloop
  endfacet
  facet normal 0.321651 0 -0.946858
    outer loop
      vertex 54.8235 20.7 12.6578
      vertex 54.452 19 12.5316
      vertex 54.452 20.7 12.5316
    endloop
  endfacet
  facet normal 0.980815 0 -0.19494
    outer loop
      vertex 52.7022 19 10.5365
      vertex 52.6257 20.7 10.1516
      vertex 52.7022 20.7 10.5365
    endloop
  endfacet
  facet normal 0.980815 0 -0.19494
    outer loop
      vertex 52.6257 20.7 10.1516
      vertex 52.7022 19 10.5365
      vertex 52.6257 19 10.1516
    endloop
  endfacet
  facet normal -0.0654112 0 0.997858
    outer loop
      vertex 55.6 20.7 6.76
      vertex 55.9916 19 6.78567
      vertex 55.9916 20.7 6.78567
    endloop
  endfacet
  facet normal -0.0654112 0 0.997858
    outer loop
      vertex 55.9916 19 6.78567
      vertex 55.6 20.7 6.76
      vertex 55.6 19 6.76
    endloop
  endfacet
  facet normal 0.19494 0 -0.980815
    outer loop
      vertex 54.8235 19 12.6578
      vertex 55.2084 20.7 12.7343
      vertex 55.2084 19 12.7343
    endloop
  endfacet
  facet normal 0.19494 0 -0.980815
    outer loop
      vertex 55.2084 20.7 12.7343
      vertex 54.8235 19 12.6578
      vertex 54.8235 20.7 12.6578
    endloop
  endfacet
  facet normal 0.831485 -0 0.555547
    outer loop
      vertex 53.0019 19 8.26
      vertex 53.2199 20.7 7.93372
      vertex 53.0019 20.7 8.26
    endloop
  endfacet
  facet normal 0.831485 0 0.555547
    outer loop
      vertex 53.2199 20.7 7.93372
      vertex 53.0019 19 8.26
      vertex 53.2199 19 7.93372
    endloop
  endfacet
  facet normal -0.98077 0 0.195165
    outer loop
      vertex 57.2421 20.7 29.8
      vertex 57.2855 21.5 30.0181
      vertex 57.2421 21.5 29.8
    endloop
  endfacet
  facet normal -0.98077 0 0.195165
    outer loop
      vertex 57.2855 21.5 30.0181
      vertex 57.2421 20.7 29.8
      vertex 57.2855 20.7 30.0181
    endloop
  endfacet
  facet normal -0.997872 0 0.0652057
    outer loop
      vertex 57.2855 20.7 30.0181
      vertex 57.3 21.5 30.24
      vertex 57.2855 21.5 30.0181
    endloop
  endfacet
  facet normal -0.997872 0 0.0652057
    outer loop
      vertex 57.3 21.5 30.24
      vertex 57.2855 20.7 30.0181
      vertex 57.3 20.7 30.24
    endloop
  endfacet
  facet normal -0.0652057 0 -0.997872
    outer loop
      vertex 55.6 20.7 31.94
      vertex 55.8219 21.5 31.9255
      vertex 55.8219 20.7 31.9255
    endloop
  endfacet
  facet normal -0.0652057 0 -0.997872
    outer loop
      vertex 55.8219 21.5 31.9255
      vertex 55.6 20.7 31.94
      vertex 55.6 21.5 31.94
    endloop
  endfacet
  facet normal 0.659268 0 0.751908
    outer loop
      vertex 54.3979 21.5 29.0379
      vertex 54.5651 20.7 28.8913
      vertex 54.5651 21.5 28.8913
    endloop
  endfacet
  facet normal 0.659268 0 0.751908
    outer loop
      vertex 54.5651 20.7 28.8913
      vertex 54.3979 21.5 29.0379
      vertex 54.3979 20.7 29.0379
    endloop
  endfacet
  facet normal 0.831566 0 -0.555426
    outer loop
      vertex 54.2513 20.7 31.2749
      vertex 54.1278 21.5 31.09
      vertex 54.2513 21.5 31.2749
    endloop
  endfacet
  facet normal 0.831566 0 -0.555426
    outer loop
      vertex 54.1278 21.5 31.09
      vertex 54.2513 20.7 31.2749
      vertex 54.1278 20.7 31.09
    endloop
  endfacet
  facet normal 0.195165 0 -0.98077
    outer loop
      vertex 55.16 20.7 31.8821
      vertex 55.3781 21.5 31.9255
      vertex 55.3781 20.7 31.9255
    endloop
  endfacet
  facet normal 0.195165 0 -0.98077
    outer loop
      vertex 55.3781 21.5 31.9255
      vertex 55.16 20.7 31.8821
      vertex 55.16 21.5 31.8821
    endloop
  endfacet
  facet normal -0.659268 0 0.751908
    outer loop
      vertex 56.6349 21.5 28.8913
      vertex 56.8021 20.7 29.0379
      vertex 56.8021 21.5 29.0379
    endloop
  endfacet
  facet normal -0.659268 0 0.751908
    outer loop
      vertex 56.8021 20.7 29.0379
      vertex 56.6349 21.5 28.8913
      vertex 56.6349 20.7 28.8913
    endloop
  endfacet
  facet normal -0.946915 0 -0.321484
    outer loop
      vertex 57.2421 20.7 30.68
      vertex 57.1706 21.5 30.8906
      vertex 57.2421 21.5 30.68
    endloop
  endfacet
  facet normal -0.946915 -0 -0.321484
    outer loop
      vertex 57.1706 21.5 30.8906
      vertex 57.2421 20.7 30.68
      vertex 57.1706 20.7 30.8906
    endloop
  endfacet
  facet normal -0.751908 0 -0.659268
    outer loop
      vertex 56.9487 20.7 31.2749
      vertex 56.8021 21.5 31.4421
      vertex 56.9487 21.5 31.2749
    endloop
  endfacet
  facet normal -0.751908 -0 -0.659268
    outer loop
      vertex 56.8021 21.5 31.4421
      vertex 56.9487 20.7 31.2749
      vertex 56.8021 20.7 31.4421
    endloop
  endfacet
  facet normal -0.751908 0 0.659268
    outer loop
      vertex 56.8021 20.7 29.0379
      vertex 56.9487 21.5 29.2051
      vertex 56.8021 21.5 29.0379
    endloop
  endfacet
  facet normal -0.751908 0 0.659268
    outer loop
      vertex 56.9487 21.5 29.2051
      vertex 56.8021 20.7 29.0379
      vertex 56.9487 20.7 29.2051
    endloop
  endfacet
  facet normal 0.946915 0 -0.321484
    outer loop
      vertex 54.0294 20.7 30.8906
      vertex 53.9579 21.5 30.68
      vertex 54.0294 21.5 30.8906
    endloop
  endfacet
  facet normal 0.946915 0 -0.321484
    outer loop
      vertex 53.9579 21.5 30.68
      vertex 54.0294 20.7 30.8906
      vertex 53.9579 20.7 30.68
    endloop
  endfacet
  facet normal -0.321484 0 -0.946915
    outer loop
      vertex 56.04 20.7 31.8821
      vertex 56.2506 21.5 31.8106
      vertex 56.2506 20.7 31.8106
    endloop
  endfacet
  facet normal -0.321484 0 -0.946915
    outer loop
      vertex 56.2506 21.5 31.8106
      vertex 56.04 20.7 31.8821
      vertex 56.04 21.5 31.8821
    endloop
  endfacet
  facet normal 0.0652057 0 -0.997872
    outer loop
      vertex 55.3781 20.7 31.9255
      vertex 55.6 21.5 31.94
      vertex 55.6 20.7 31.94
    endloop
  endfacet
  facet normal 0.0652057 0 -0.997872
    outer loop
      vertex 55.6 21.5 31.94
      vertex 55.3781 20.7 31.9255
      vertex 55.3781 21.5 31.9255
    endloop
  endfacet
  facet normal 0.321484 0 0.946915
    outer loop
      vertex 54.9494 21.5 28.6694
      vertex 55.16 20.7 28.5979
      vertex 55.16 21.5 28.5979
    endloop
  endfacet
  facet normal 0.321484 0 0.946915
    outer loop
      vertex 55.16 20.7 28.5979
      vertex 54.9494 21.5 28.6694
      vertex 54.9494 20.7 28.6694
    endloop
  endfacet
  facet normal -0.946915 0 0.321484
    outer loop
      vertex 57.1706 20.7 29.5894
      vertex 57.2421 21.5 29.8
      vertex 57.1706 21.5 29.5894
    endloop
  endfacet
  facet normal -0.946915 0 0.321484
    outer loop
      vertex 57.2421 21.5 29.8
      vertex 57.1706 20.7 29.5894
      vertex 57.2421 20.7 29.8
    endloop
  endfacet
  facet normal 0.751908 -0 0.659268
    outer loop
      vertex 54.2513 20.7 29.2051
      vertex 54.3979 21.5 29.0379
      vertex 54.2513 21.5 29.2051
    endloop
  endfacet
  facet normal 0.751908 0 0.659268
    outer loop
      vertex 54.3979 21.5 29.0379
      vertex 54.2513 20.7 29.2051
      vertex 54.3979 20.7 29.0379
    endloop
  endfacet
  facet normal 0.44253 0 -0.896754
    outer loop
      vertex 54.75 20.7 31.7122
      vertex 54.9494 21.5 31.8106
      vertex 54.9494 20.7 31.8106
    endloop
  endfacet
  facet normal 0.44253 0 -0.896754
    outer loop
      vertex 54.9494 21.5 31.8106
      vertex 54.75 20.7 31.7122
      vertex 54.75 21.5 31.7122
    endloop
  endfacet
  facet normal 0.0652057 0 0.997872
    outer loop
      vertex 55.3781 21.5 28.5545
      vertex 55.6 20.7 28.54
      vertex 55.6 21.5 28.54
    endloop
  endfacet
  facet normal 0.0652057 0 0.997872
    outer loop
      vertex 55.6 20.7 28.54
      vertex 55.3781 21.5 28.5545
      vertex 55.3781 20.7 28.5545
    endloop
  endfacet
  facet normal -0.896754 0 -0.44253
    outer loop
      vertex 57.1706 20.7 30.8906
      vertex 57.0722 21.5 31.09
      vertex 57.1706 21.5 30.8906
    endloop
  endfacet
  facet normal -0.896754 -0 -0.44253
    outer loop
      vertex 57.0722 21.5 31.09
      vertex 57.1706 20.7 30.8906
      vertex 57.0722 20.7 31.09
    endloop
  endfacet
  facet normal -0.555426 0 -0.831566
    outer loop
      vertex 56.45 20.7 31.7122
      vertex 56.6349 21.5 31.5887
      vertex 56.6349 20.7 31.5887
    endloop
  endfacet
  facet normal -0.555426 0 -0.831566
    outer loop
      vertex 56.6349 21.5 31.5887
      vertex 56.45 20.7 31.7122
      vertex 56.45 21.5 31.7122
    endloop
  endfacet
  facet normal 0.98077 0 -0.195165
    outer loop
      vertex 53.9579 20.7 30.68
      vertex 53.9145 21.5 30.4619
      vertex 53.9579 21.5 30.68
    endloop
  endfacet
  facet normal 0.98077 0 -0.195165
    outer loop
      vertex 53.9145 21.5 30.4619
      vertex 53.9579 20.7 30.68
      vertex 53.9145 20.7 30.4619
    endloop
  endfacet
  facet normal 0.751908 0 -0.659268
    outer loop
      vertex 54.3979 20.7 31.4421
      vertex 54.2513 21.5 31.2749
      vertex 54.3979 21.5 31.4421
    endloop
  endfacet
  facet normal 0.751908 0 -0.659268
    outer loop
      vertex 54.2513 21.5 31.2749
      vertex 54.3979 20.7 31.4421
      vertex 54.2513 20.7 31.2749
    endloop
  endfacet
  facet normal -0.195165 0 0.98077
    outer loop
      vertex 55.8219 21.5 28.5545
      vertex 56.04 20.7 28.5979
      vertex 56.04 21.5 28.5979
    endloop
  endfacet
  facet normal -0.195165 0 0.98077
    outer loop
      vertex 56.04 20.7 28.5979
      vertex 55.8219 21.5 28.5545
      vertex 55.8219 20.7 28.5545
    endloop
  endfacet
  facet normal -0.831566 0 0.555426
    outer loop
      vertex 56.9487 20.7 29.2051
      vertex 57.0722 21.5 29.39
      vertex 56.9487 21.5 29.2051
    endloop
  endfacet
  facet normal -0.831566 0 0.555426
    outer loop
      vertex 57.0722 21.5 29.39
      vertex 56.9487 20.7 29.2051
      vertex 57.0722 20.7 29.39
    endloop
  endfacet
  facet normal -0.997872 0 -0.0652057
    outer loop
      vertex 57.3 20.7 30.24
      vertex 57.2855 21.5 30.4619
      vertex 57.3 21.5 30.24
    endloop
  endfacet
  facet normal -0.997872 -0 -0.0652057
    outer loop
      vertex 57.2855 21.5 30.4619
      vertex 57.3 20.7 30.24
      vertex 57.2855 20.7 30.4619
    endloop
  endfacet
  facet normal -0.321484 0 0.946915
    outer loop
      vertex 56.04 21.5 28.5979
      vertex 56.2506 20.7 28.6694
      vertex 56.2506 21.5 28.6694
    endloop
  endfacet
  facet normal -0.321484 0 0.946915
    outer loop
      vertex 56.2506 20.7 28.6694
      vertex 56.04 21.5 28.5979
      vertex 56.04 20.7 28.5979
    endloop
  endfacet
  facet normal -0.555426 0 0.831566
    outer loop
      vertex 56.45 21.5 28.7678
      vertex 56.6349 20.7 28.8913
      vertex 56.6349 21.5 28.8913
    endloop
  endfacet
  facet normal -0.555426 0 0.831566
    outer loop
      vertex 56.6349 20.7 28.8913
      vertex 56.45 21.5 28.7678
      vertex 56.45 20.7 28.7678
    endloop
  endfacet
  facet normal 0.195165 0 0.98077
    outer loop
      vertex 55.16 21.5 28.5979
      vertex 55.3781 20.7 28.5545
      vertex 55.3781 21.5 28.5545
    endloop
  endfacet
  facet normal 0.195165 0 0.98077
    outer loop
      vertex 55.3781 20.7 28.5545
      vertex 55.16 21.5 28.5979
      vertex 55.16 20.7 28.5979
    endloop
  endfacet
  facet normal -0.659268 0 -0.751908
    outer loop
      vertex 56.6349 20.7 31.5887
      vertex 56.8021 21.5 31.4421
      vertex 56.8021 20.7 31.4421
    endloop
  endfacet
  facet normal -0.659268 0 -0.751908
    outer loop
      vertex 56.8021 21.5 31.4421
      vertex 56.6349 20.7 31.5887
      vertex 56.6349 21.5 31.5887
    endloop
  endfacet
  facet normal 0.896754 -0 0.44253
    outer loop
      vertex 54.0294 20.7 29.5894
      vertex 54.1278 21.5 29.39
      vertex 54.0294 21.5 29.5894
    endloop
  endfacet
  facet normal 0.896754 0 0.44253
    outer loop
      vertex 54.1278 21.5 29.39
      vertex 54.0294 20.7 29.5894
      vertex 54.1278 20.7 29.39
    endloop
  endfacet
  facet normal -0.98077 0 -0.195165
    outer loop
      vertex 57.2855 20.7 30.4619
      vertex 57.2421 21.5 30.68
      vertex 57.2855 21.5 30.4619
    endloop
  endfacet
  facet normal -0.98077 -0 -0.195165
    outer loop
      vertex 57.2421 21.5 30.68
      vertex 57.2855 20.7 30.4619
      vertex 57.2421 20.7 30.68
    endloop
  endfacet
  facet normal -0.195165 0 -0.98077
    outer loop
      vertex 55.8219 20.7 31.9255
      vertex 56.04 21.5 31.8821
      vertex 56.04 20.7 31.8821
    endloop
  endfacet
  facet normal -0.195165 0 -0.98077
    outer loop
      vertex 56.04 21.5 31.8821
      vertex 55.8219 20.7 31.9255
      vertex 55.8219 21.5 31.9255
    endloop
  endfacet
  facet normal 0.659268 0 -0.751908
    outer loop
      vertex 54.3979 20.7 31.4421
      vertex 54.5651 21.5 31.5887
      vertex 54.5651 20.7 31.5887
    endloop
  endfacet
  facet normal 0.659268 0 -0.751908
    outer loop
      vertex 54.5651 21.5 31.5887
      vertex 54.3979 20.7 31.4421
      vertex 54.3979 21.5 31.4421
    endloop
  endfacet
  facet normal -0.0652057 0 0.997872
    outer loop
      vertex 55.6 21.5 28.54
      vertex 55.8219 20.7 28.5545
      vertex 55.8219 21.5 28.5545
    endloop
  endfacet
  facet normal -0.0652057 0 0.997872
    outer loop
      vertex 55.8219 20.7 28.5545
      vertex 55.6 21.5 28.54
      vertex 55.6 20.7 28.54
    endloop
  endfacet
  facet normal -0.44253 0 0.896754
    outer loop
      vertex 56.2506 21.5 28.6694
      vertex 56.45 20.7 28.7678
      vertex 56.45 21.5 28.7678
    endloop
  endfacet
  facet normal -0.44253 0 0.896754
    outer loop
      vertex 56.45 20.7 28.7678
      vertex 56.2506 21.5 28.6694
      vertex 56.2506 20.7 28.6694
    endloop
  endfacet
  facet normal -0.831566 0 -0.555426
    outer loop
      vertex 57.0722 20.7 31.09
      vertex 56.9487 21.5 31.2749
      vertex 57.0722 21.5 31.09
    endloop
  endfacet
  facet normal -0.831566 -0 -0.555426
    outer loop
      vertex 56.9487 21.5 31.2749
      vertex 57.0722 20.7 31.09
      vertex 56.9487 20.7 31.2749
    endloop
  endfacet
  facet normal 0.997872 0 -0.0652057
    outer loop
      vertex 53.9145 20.7 30.4619
      vertex 53.9 21.5 30.24
      vertex 53.9145 21.5 30.4619
    endloop
  endfacet
  facet normal 0.997872 0 -0.0652057
    outer loop
      vertex 53.9 21.5 30.24
      vertex 53.9145 20.7 30.4619
      vertex 53.9 20.7 30.24
    endloop
  endfacet
  facet normal -0.44253 0 -0.896754
    outer loop
      vertex 56.2506 20.7 31.8106
      vertex 56.45 21.5 31.7122
      vertex 56.45 20.7 31.7122
    endloop
  endfacet
  facet normal -0.44253 0 -0.896754
    outer loop
      vertex 56.45 21.5 31.7122
      vertex 56.2506 20.7 31.8106
      vertex 56.2506 21.5 31.8106
    endloop
  endfacet
  facet normal 0.98077 -0 0.195165
    outer loop
      vertex 53.9145 20.7 30.0181
      vertex 53.9579 21.5 29.8
      vertex 53.9145 21.5 30.0181
    endloop
  endfacet
  facet normal 0.98077 0 0.195165
    outer loop
      vertex 53.9579 21.5 29.8
      vertex 53.9145 20.7 30.0181
      vertex 53.9579 20.7 29.8
    endloop
  endfacet
  facet normal 0.896754 0 -0.44253
    outer loop
      vertex 54.1278 20.7 31.09
      vertex 54.0294 21.5 30.8906
      vertex 54.1278 21.5 31.09
    endloop
  endfacet
  facet normal 0.896754 0 -0.44253
    outer loop
      vertex 54.0294 21.5 30.8906
      vertex 54.1278 20.7 31.09
      vertex 54.0294 20.7 30.8906
    endloop
  endfacet
  facet normal 0.946915 -0 0.321484
    outer loop
      vertex 53.9579 20.7 29.8
      vertex 54.0294 21.5 29.5894
      vertex 53.9579 21.5 29.8
    endloop
  endfacet
  facet normal 0.946915 0 0.321484
    outer loop
      vertex 54.0294 21.5 29.5894
      vertex 53.9579 20.7 29.8
      vertex 54.0294 20.7 29.5894
    endloop
  endfacet
  facet normal 0.555426 0 0.831566
    outer loop
      vertex 54.5651 21.5 28.8913
      vertex 54.75 20.7 28.7678
      vertex 54.75 21.5 28.7678
    endloop
  endfacet
  facet normal 0.555426 0 0.831566
    outer loop
      vertex 54.75 20.7 28.7678
      vertex 54.5651 21.5 28.8913
      vertex 54.5651 20.7 28.8913
    endloop
  endfacet
  facet normal -0.896754 0 0.44253
    outer loop
      vertex 57.0722 20.7 29.39
      vertex 57.1706 21.5 29.5894
      vertex 57.0722 21.5 29.39
    endloop
  endfacet
  facet normal -0.896754 0 0.44253
    outer loop
      vertex 57.1706 21.5 29.5894
      vertex 57.0722 20.7 29.39
      vertex 57.1706 20.7 29.5894
    endloop
  endfacet
  facet normal 0.997872 -0 0.0652057
    outer loop
      vertex 53.9 20.7 30.24
      vertex 53.9145 21.5 30.0181
      vertex 53.9 21.5 30.24
    endloop
  endfacet
  facet normal 0.997872 0 0.0652057
    outer loop
      vertex 53.9145 21.5 30.0181
      vertex 53.9 20.7 30.24
      vertex 53.9145 20.7 30.0181
    endloop
  endfacet
  facet normal 0.321484 0 -0.946915
    outer loop
      vertex 54.9494 20.7 31.8106
      vertex 55.16 21.5 31.8821
      vertex 55.16 20.7 31.8821
    endloop
  endfacet
  facet normal 0.321484 0 -0.946915
    outer loop
      vertex 55.16 21.5 31.8821
      vertex 54.9494 20.7 31.8106
      vertex 54.9494 21.5 31.8106
    endloop
  endfacet
  facet normal 0.44253 0 0.896754
    outer loop
      vertex 54.75 21.5 28.7678
      vertex 54.9494 20.7 28.6694
      vertex 54.9494 21.5 28.6694
    endloop
  endfacet
  facet normal 0.44253 0 0.896754
    outer loop
      vertex 54.9494 20.7 28.6694
      vertex 54.75 21.5 28.7678
      vertex 54.75 20.7 28.7678
    endloop
  endfacet
  facet normal 0.831566 -0 0.555426
    outer loop
      vertex 54.1278 20.7 29.39
      vertex 54.2513 21.5 29.2051
      vertex 54.1278 21.5 29.39
    endloop
  endfacet
  facet normal 0.831566 0 0.555426
    outer loop
      vertex 54.2513 21.5 29.2051
      vertex 54.1278 20.7 29.39
      vertex 54.2513 20.7 29.2051
    endloop
  endfacet
  facet normal 0.555426 0 -0.831566
    outer loop
      vertex 54.5651 20.7 31.5887
      vertex 54.75 21.5 31.7122
      vertex 54.75 20.7 31.7122
    endloop
  endfacet
  facet normal 0.555426 0 -0.831566
    outer loop
      vertex 54.75 21.5 31.7122
      vertex 54.5651 20.7 31.5887
      vertex 54.5651 21.5 31.5887
    endloop
  endfacet
  facet normal -0.980815 0 0.19494
    outer loop
      vertex 58.4978 19 29.4635
      vertex 58.5743 20.7 29.8484
      vertex 58.4978 20.7 29.4635
    endloop
  endfacet
  facet normal -0.980815 0 0.19494
    outer loop
      vertex 58.5743 20.7 29.8484
      vertex 58.4978 19 29.4635
      vertex 58.5743 19 29.8484
    endloop
  endfacet
  facet normal -0.997853 0 0.0654873
    outer loop
      vertex 58.5743 19 29.8484
      vertex 58.6 20.7 30.24
      vertex 58.5743 20.7 29.8484
    endloop
  endfacet
  facet normal -0.997853 0 0.0654873
    outer loop
      vertex 58.6 20.7 30.24
      vertex 58.5743 19 29.8484
      vertex 58.6 19 30.24
    endloop
  endfacet
  facet normal -0.980815 0 -0.19494
    outer loop
      vertex 58.5743 19 30.6316
      vertex 58.4978 20.7 31.0165
      vertex 58.5743 20.7 30.6316
    endloop
  endfacet
  facet normal -0.980815 -0 -0.19494
    outer loop
      vertex 58.4978 20.7 31.0165
      vertex 58.5743 19 30.6316
      vertex 58.4978 19 31.0165
    endloop
  endfacet
  facet normal 0.751724 0 -0.659478
    outer loop
      vertex 53.4787 19 32.3613
      vertex 53.2199 20.7 32.0663
      vertex 53.4787 20.7 32.3613
    endloop
  endfacet
  facet normal 0.751724 0 -0.659478
    outer loop
      vertex 53.2199 20.7 32.0663
      vertex 53.4787 19 32.3613
      vertex 53.2199 19 32.0663
    endloop
  endfacet
  facet normal 0 -1 0
    outer loop
      vertex 55.6 20.7 31.94
      vertex 55.6 20.7 33.24
      vertex 55.2084 20.7 33.2143
    endloop
  endfacet
  facet normal 0 -1 0
    outer loop
      vertex 55.3781 20.7 31.9255
      vertex 55.2084 20.7 33.2143
      vertex 54.8235 20.7 33.1378
    endloop
  endfacet
  facet normal 0 -1 0
    outer loop
      vertex 55.6 20.7 33.24
      vertex 55.6 20.7 31.94
      vertex 55.9916 20.7 33.2143
    endloop
  endfacet
  facet normal 0 -1 0
    outer loop
      vertex 55.16 20.7 31.8821
      vertex 54.8235 20.7 33.1378
      vertex 54.452 20.7 33.0116
    endloop
  endfacet
  facet normal 0 -1 0
    outer loop
      vertex 55.8219 20.7 31.9255
      vertex 55.9916 20.7 33.2143
      vertex 55.6 20.7 31.94
    endloop
  endfacet
  facet normal 0 -1 0
    outer loop
      vertex 54.9494 20.7 31.8106
      vertex 54.452 20.7 33.0116
      vertex 54.1 20.7 32.8381
    endloop
  endfacet
  facet normal 0 -1 -0
    outer loop
      vertex 55.9916 20.7 33.2143
      vertex 55.8219 20.7 31.9255
      vertex 56.3765 20.7 33.1378
    endloop
  endfacet
  facet normal 0 -1 0
    outer loop
      vertex 54.75 20.7 31.7122
      vertex 54.1 20.7 32.8381
      vertex 53.7737 20.7 32.6201
    endloop
  endfacet
  facet normal 0 -1 0
    outer loop
      vertex 56.04 20.7 31.8821
      vertex 56.3765 20.7 33.1378
      vertex 55.8219 20.7 31.9255
    endloop
  endfacet
  facet normal 0 -1 0
    outer loop
      vertex 54.5651 20.7 31.5887
      vertex 53.7737 20.7 32.6201
      vertex 53.4787 20.7 32.3613
    endloop
  endfacet
  facet normal 0 -1 -0
    outer loop
      vertex 56.3765 20.7 33.1378
      vertex 56.04 20.7 31.8821
      vertex 56.7481 20.7 33.0116
    endloop
  endfacet
  facet normal 0 -1 0
    outer loop
      vertex 54.3979 20.7 31.4421
      vertex 53.4787 20.7 32.3613
      vertex 53.2199 20.7 32.0663
    endloop
  endfacet
  facet normal 0 -1 0
    outer loop
      vertex 56.2506 20.7 31.8106
      vertex 56.7481 20.7 33.0116
      vertex 56.04 20.7 31.8821
    endloop
  endfacet
  facet normal 0 -1 -0
    outer loop
      vertex 56.7481 20.7 33.0116
      vertex 56.2506 20.7 31.8106
      vertex 57.1 20.7 32.8381
    endloop
  endfacet
  facet normal 0 -1 0
    outer loop
      vertex 55.2084 20.7 33.2143
      vertex 55.3781 20.7 31.9255
      vertex 55.6 20.7 31.94
    endloop
  endfacet
  facet normal 0 -1 0
    outer loop
      vertex 54.8235 20.7 33.1378
      vertex 55.16 20.7 31.8821
      vertex 55.3781 20.7 31.9255
    endloop
  endfacet
  facet normal 0 -1 0
    outer loop
      vertex 54.452 20.7 33.0116
      vertex 54.9494 20.7 31.8106
      vertex 55.16 20.7 31.8821
    endloop
  endfacet
  facet normal 0 -1 0
    outer loop
      vertex 54.2513 20.7 31.2749
      vertex 53.2199 20.7 32.0663
      vertex 53.0019 20.7 31.74
    endloop
  endfacet
  facet normal 0 -1 0
    outer loop
      vertex 54.1 20.7 32.8381
      vertex 54.75 20.7 31.7122
      vertex 54.9494 20.7 31.8106
    endloop
  endfacet
  facet normal 0 -1 0
    outer loop
      vertex 53.7737 20.7 32.6201
      vertex 54.5651 20.7 31.5887
      vertex 54.75 20.7 31.7122
    endloop
  endfacet
  facet normal 0 -1 0
    outer loop
      vertex 53.4787 20.7 32.3613
      vertex 54.3979 20.7 31.4421
      vertex 54.5651 20.7 31.5887
    endloop
  endfacet
  facet normal 0 -1 0
    outer loop
      vertex 54.1278 20.7 31.09
      vertex 53.0019 20.7 31.74
      vertex 52.8284 20.7 31.3881
    endloop
  endfacet
  facet normal 0 -1 0
    outer loop
      vertex 53.2199 20.7 32.0663
      vertex 54.2513 20.7 31.2749
      vertex 54.3979 20.7 31.4421
    endloop
  endfacet
  facet normal 0 -1 0
    outer loop
      vertex 53.0019 20.7 31.74
      vertex 54.1278 20.7 31.09
      vertex 54.2513 20.7 31.2749
    endloop
  endfacet
  facet normal 0 -1 0
    outer loop
      vertex 54.0294 20.7 30.8906
      vertex 52.8284 20.7 31.3881
      vertex 52.7022 20.7 31.0165
    endloop
  endfacet
  facet normal 0 -1 0
    outer loop
      vertex 52.8284 20.7 31.3881
      vertex 54.0294 20.7 30.8906
      vertex 54.1278 20.7 31.09
    endloop
  endfacet
  facet normal 0 -1 0
    outer loop
      vertex 52.7022 20.7 31.0165
      vertex 53.9579 20.7 30.68
      vertex 54.0294 20.7 30.8906
    endloop
  endfacet
  facet normal 0 -1 0
    outer loop
      vertex 52.6257 20.7 30.6316
      vertex 53.9579 20.7 30.68
      vertex 52.7022 20.7 31.0165
    endloop
  endfacet
  facet normal 0 -1 0
    outer loop
      vertex 52.6257 20.7 30.6316
      vertex 53.9145 20.7 30.4619
      vertex 53.9579 20.7 30.68
    endloop
  endfacet
  facet normal 0 -1 0
    outer loop
      vertex 52.6 20.7 30.24
      vertex 53.9145 20.7 30.4619
      vertex 52.6257 20.7 30.6316
    endloop
  endfacet
  facet normal 0 -1 0
    outer loop
      vertex 52.6 20.7 30.24
      vertex 53.9 20.7 30.24
      vertex 53.9145 20.7 30.4619
    endloop
  endfacet
  facet normal 0 -1 0
    outer loop
      vertex 52.6 20.7 30.24
      vertex 53.9145 20.7 30.0181
      vertex 53.9 20.7 30.24
    endloop
  endfacet
  facet normal 0 -1 0
    outer loop
      vertex 52.6257 20.7 29.8484
      vertex 53.9145 20.7 30.0181
      vertex 52.6 20.7 30.24
    endloop
  endfacet
  facet normal 0 -1 0
    outer loop
      vertex 52.6257 20.7 29.8484
      vertex 53.9579 20.7 29.8
      vertex 53.9145 20.7 30.0181
    endloop
  endfacet
  facet normal 0 -1 0
    outer loop
      vertex 52.7022 20.7 29.4635
      vertex 53.9579 20.7 29.8
      vertex 52.6257 20.7 29.8484
    endloop
  endfacet
  facet normal 0 -1 -0
    outer loop
      vertex 53.9579 20.7 29.8
      vertex 52.7022 20.7 29.4635
      vertex 54.0294 20.7 29.5894
    endloop
  endfacet
  facet normal 0 -1 0
    outer loop
      vertex 52.8284 20.7 29.092
      vertex 54.0294 20.7 29.5894
      vertex 52.7022 20.7 29.4635
    endloop
  endfacet
  facet normal 0 -1 -0
    outer loop
      vertex 54.0294 20.7 29.5894
      vertex 52.8284 20.7 29.092
      vertex 54.1278 20.7 29.39
    endloop
  endfacet
  facet normal 0 -1 0
    outer loop
      vertex 53.0019 20.7 28.74
      vertex 54.1278 20.7 29.39
      vertex 52.8284 20.7 29.092
    endloop
  endfacet
  facet normal 0 -1 -0
    outer loop
      vertex 54.1278 20.7 29.39
      vertex 53.0019 20.7 28.74
      vertex 54.2513 20.7 29.2051
    endloop
  endfacet
  facet normal 0 -1 0
    outer loop
      vertex 53.2199 20.7 28.4137
      vertex 54.2513 20.7 29.2051
      vertex 53.0019 20.7 28.74
    endloop
  endfacet
  facet normal 0 -1 -0
    outer loop
      vertex 54.2513 20.7 29.2051
      vertex 53.2199 20.7 28.4137
      vertex 54.3979 20.7 29.0379
    endloop
  endfacet
  facet normal 0 -1 0
    outer loop
      vertex 53.4787 20.7 28.1187
      vertex 54.3979 20.7 29.0379
      vertex 53.2199 20.7 28.4137
    endloop
  endfacet
  facet normal 0 -1 -0
    outer loop
      vertex 54.3979 20.7 29.0379
      vertex 53.4787 20.7 28.1187
      vertex 54.5651 20.7 28.8913
    endloop
  endfacet
  facet normal 0 -1 0
    outer loop
      vertex 53.7737 20.7 27.8599
      vertex 54.5651 20.7 28.8913
      vertex 53.4787 20.7 28.1187
    endloop
  endfacet
  facet normal 0 -1 -0
    outer loop
      vertex 54.5651 20.7 28.8913
      vertex 53.7737 20.7 27.8599
      vertex 54.75 20.7 28.7678
    endloop
  endfacet
  facet normal 0 -1 -0
    outer loop
      vertex 54.75 20.7 28.7678
      vertex 54.1 20.7 27.6419
      vertex 54.9494 20.7 28.6694
    endloop
  endfacet
  facet normal 0 -1 0
    outer loop
      vertex 54.1 20.7 27.6419
      vertex 54.75 20.7 28.7678
      vertex 53.7737 20.7 27.8599
    endloop
  endfacet
  facet normal 0 -1 0
    outer loop
      vertex 56.45 20.7 31.7122
      vertex 57.1 20.7 32.8381
      vertex 56.2506 20.7 31.8106
    endloop
  endfacet
  facet normal 0 -1 -0
    outer loop
      vertex 57.1 20.7 32.8381
      vertex 56.45 20.7 31.7122
      vertex 57.4263 20.7 32.6201
    endloop
  endfacet
  facet normal 0 -1 0
    outer loop
      vertex 56.6349 20.7 31.5887
      vertex 57.4263 20.7 32.6201
      vertex 56.45 20.7 31.7122
    endloop
  endfacet
  facet normal 0 -1 -0
    outer loop
      vertex 57.4263 20.7 32.6201
      vertex 56.6349 20.7 31.5887
      vertex 57.7213 20.7 32.3613
    endloop
  endfacet
  facet normal 0 -1 0
    outer loop
      vertex 56.8021 20.7 31.4421
      vertex 57.7213 20.7 32.3613
      vertex 56.6349 20.7 31.5887
    endloop
  endfacet
  facet normal 0 -1 -0
    outer loop
      vertex 57.7213 20.7 32.3613
      vertex 56.8021 20.7 31.4421
      vertex 57.9801 20.7 32.0663
    endloop
  endfacet
  facet normal 0 -1 0
    outer loop
      vertex 56.9487 20.7 31.2749
      vertex 57.9801 20.7 32.0663
      vertex 56.8021 20.7 31.4421
    endloop
  endfacet
  facet normal 0 -1 -0
    outer loop
      vertex 57.9801 20.7 32.0663
      vertex 56.9487 20.7 31.2749
      vertex 58.1981 20.7 31.74
    endloop
  endfacet
  facet normal 0 -1 0
    outer loop
      vertex 57.0722 20.7 31.09
      vertex 58.1981 20.7 31.74
      vertex 56.9487 20.7 31.2749
    endloop
  endfacet
  facet normal 0 -1 -0
    outer loop
      vertex 58.1981 20.7 31.74
      vertex 57.0722 20.7 31.09
      vertex 58.3716 20.7 31.3881
    endloop
  endfacet
  facet normal 0 -1 0
    outer loop
      vertex 57.1706 20.7 30.8906
      vertex 58.3716 20.7 31.3881
      vertex 57.0722 20.7 31.09
    endloop
  endfacet
  facet normal 0 -1 -0
    outer loop
      vertex 58.3716 20.7 31.3881
      vertex 57.1706 20.7 30.8906
      vertex 58.4978 20.7 31.0165
    endloop
  endfacet
  facet normal 0 -1 0
    outer loop
      vertex 57.2421 20.7 30.68
      vertex 58.4978 20.7 31.0165
      vertex 57.1706 20.7 30.8906
    endloop
  endfacet
  facet normal 0 -1 0
    outer loop
      vertex 57.2421 20.7 30.68
      vertex 58.5743 20.7 30.6316
      vertex 58.4978 20.7 31.0165
    endloop
  endfacet
  facet normal 0 -1 0
    outer loop
      vertex 57.2855 20.7 30.4619
      vertex 58.5743 20.7 30.6316
      vertex 57.2421 20.7 30.68
    endloop
  endfacet
  facet normal 0 -1 0
    outer loop
      vertex 57.3 20.7 30.24
      vertex 58.5743 20.7 30.6316
      vertex 57.2855 20.7 30.4619
    endloop
  endfacet
  facet normal 0 -1 0
    outer loop
      vertex 57.3 20.7 30.24
      vertex 58.6 20.7 30.24
      vertex 58.5743 20.7 30.6316
    endloop
  endfacet
  facet normal 0 -1 0
    outer loop
      vertex 57.2855 20.7 30.0181
      vertex 58.6 20.7 30.24
      vertex 57.3 20.7 30.24
    endloop
  endfacet
  facet normal 0 -1 0
    outer loop
      vertex 57.2855 20.7 30.0181
      vertex 58.5743 20.7 29.8484
      vertex 58.6 20.7 30.24
    endloop
  endfacet
  facet normal 0 -1 0
    outer loop
      vertex 57.2421 20.7 29.8
      vertex 58.5743 20.7 29.8484
      vertex 57.2855 20.7 30.0181
    endloop
  endfacet
  facet normal 0 -1 0
    outer loop
      vertex 58.4978 20.7 29.4635
      vertex 57.2421 20.7 29.8
      vertex 57.1706 20.7 29.5894
    endloop
  endfacet
  facet normal 0 -1 0
    outer loop
      vertex 57.2421 20.7 29.8
      vertex 58.4978 20.7 29.4635
      vertex 58.5743 20.7 29.8484
    endloop
  endfacet
  facet normal 0 -1 0
    outer loop
      vertex 58.3716 20.7 29.092
      vertex 57.1706 20.7 29.5894
      vertex 57.0722 20.7 29.39
    endloop
  endfacet
  facet normal 0 -1 0
    outer loop
      vertex 58.1981 20.7 28.74
      vertex 57.0722 20.7 29.39
      vertex 56.9487 20.7 29.2051
    endloop
  endfacet
  facet normal 0 -1 0
    outer loop
      vertex 57.1706 20.7 29.5894
      vertex 58.3716 20.7 29.092
      vertex 58.4978 20.7 29.4635
    endloop
  endfacet
  facet normal 0 -1 0
    outer loop
      vertex 57.9801 20.7 28.4137
      vertex 56.9487 20.7 29.2051
      vertex 56.8021 20.7 29.0379
    endloop
  endfacet
  facet normal 0 -1 0
    outer loop
      vertex 57.7213 20.7 28.1187
      vertex 56.8021 20.7 29.0379
      vertex 56.6349 20.7 28.8913
    endloop
  endfacet
  facet normal 0 -1 0
    outer loop
      vertex 57.4263 20.7 27.8599
      vertex 56.6349 20.7 28.8913
      vertex 56.45 20.7 28.7678
    endloop
  endfacet
  facet normal 0 -1 0
    outer loop
      vertex 57.0722 20.7 29.39
      vertex 58.1981 20.7 28.74
      vertex 58.3716 20.7 29.092
    endloop
  endfacet
  facet normal 0 -1 0
    outer loop
      vertex 57.1 20.7 27.6419
      vertex 56.45 20.7 28.7678
      vertex 56.2506 20.7 28.6694
    endloop
  endfacet
  facet normal 0 -1 0
    outer loop
      vertex 56.7481 20.7 27.4684
      vertex 56.2506 20.7 28.6694
      vertex 56.04 20.7 28.5979
    endloop
  endfacet
  facet normal 0 -1 0
    outer loop
      vertex 56.3765 20.7 27.3422
      vertex 56.04 20.7 28.5979
      vertex 55.8219 20.7 28.5545
    endloop
  endfacet
  facet normal 0 -1 0
    outer loop
      vertex 56.9487 20.7 29.2051
      vertex 57.9801 20.7 28.4137
      vertex 58.1981 20.7 28.74
    endloop
  endfacet
  facet normal 0 -1 0
    outer loop
      vertex 55.9916 20.7 27.2657
      vertex 55.8219 20.7 28.5545
      vertex 55.6 20.7 28.54
    endloop
  endfacet
  facet normal 0 -1 0
    outer loop
      vertex 54.452 20.7 27.4684
      vertex 54.9494 20.7 28.6694
      vertex 54.1 20.7 27.6419
    endloop
  endfacet
  facet normal 0 -1 -0
    outer loop
      vertex 54.9494 20.7 28.6694
      vertex 54.452 20.7 27.4684
      vertex 55.16 20.7 28.5979
    endloop
  endfacet
  facet normal 0 -1 0
    outer loop
      vertex 56.8021 20.7 29.0379
      vertex 57.7213 20.7 28.1187
      vertex 57.9801 20.7 28.4137
    endloop
  endfacet
  facet normal 0 -1 0
    outer loop
      vertex 54.8235 20.7 27.3422
      vertex 55.16 20.7 28.5979
      vertex 54.452 20.7 27.4684
    endloop
  endfacet
  facet normal 0 -1 0
    outer loop
      vertex 56.6349 20.7 28.8913
      vertex 57.4263 20.7 27.8599
      vertex 57.7213 20.7 28.1187
    endloop
  endfacet
  facet normal 0 -1 -0
    outer loop
      vertex 55.16 20.7 28.5979
      vertex 54.8235 20.7 27.3422
      vertex 55.3781 20.7 28.5545
    endloop
  endfacet
  facet normal 0 -1 0
    outer loop
      vertex 56.45 20.7 28.7678
      vertex 57.1 20.7 27.6419
      vertex 57.4263 20.7 27.8599
    endloop
  endfacet
  facet normal 0 -1 0
    outer loop
      vertex 55.2084 20.7 27.2657
      vertex 55.3781 20.7 28.5545
      vertex 54.8235 20.7 27.3422
    endloop
  endfacet
  facet normal 0 -1 0
    outer loop
      vertex 56.2506 20.7 28.6694
      vertex 56.7481 20.7 27.4684
      vertex 57.1 20.7 27.6419
    endloop
  endfacet
  facet normal 0 -1 -0
    outer loop
      vertex 55.3781 20.7 28.5545
      vertex 55.2084 20.7 27.2657
      vertex 55.6 20.7 28.54
    endloop
  endfacet
  facet normal 0 -1 0
    outer loop
      vertex 56.04 20.7 28.5979
      vertex 56.3765 20.7 27.3422
      vertex 56.7481 20.7 27.4684
    endloop
  endfacet
  facet normal 0 -1 0
    outer loop
      vertex 55.6 20.7 27.24
      vertex 55.6 20.7 28.54
      vertex 55.2084 20.7 27.2657
    endloop
  endfacet
  facet normal 0 -1 0
    outer loop
      vertex 55.8219 20.7 28.5545
      vertex 55.9916 20.7 27.2657
      vertex 56.3765 20.7 27.3422
    endloop
  endfacet
  facet normal 0 -1 0
    outer loop
      vertex 55.6 20.7 28.54
      vertex 55.6 20.7 27.24
      vertex 55.9916 20.7 27.2657
    endloop
  endfacet
  facet normal -0.831501 0 0.555523
    outer loop
      vertex 57.9801 19 28.4137
      vertex 58.1981 20.7 28.74
      vertex 57.9801 20.7 28.4137
    endloop
  endfacet
  facet normal -0.831501 0 0.555523
    outer loop
      vertex 58.1981 20.7 28.74
      vertex 57.9801 19 28.4137
      vertex 58.1981 19 28.74
    endloop
  endfacet
  facet normal -0.555523 0 0.831501
    outer loop
      vertex 57.1 20.7 27.6419
      vertex 57.4263 19 27.8599
      vertex 57.4263 20.7 27.8599
    endloop
  endfacet
  facet normal -0.555523 0 0.831501
    outer loop
      vertex 57.4263 19 27.8599
      vertex 57.1 20.7 27.6419
      vertex 57.1 19 27.6419
    endloop
  endfacet
  facet normal -0.896911 0 -0.442211
    outer loop
      vertex 58.3716 19 31.3881
      vertex 58.1981 20.7 31.74
      vertex 58.3716 20.7 31.3881
    endloop
  endfacet
  facet normal -0.896911 -0 -0.442211
    outer loop
      vertex 58.1981 20.7 31.74
      vertex 58.3716 19 31.3881
      vertex 58.1981 19 31.74
    endloop
  endfacet
  facet normal -0.997853 0 -0.0654873
    outer loop
      vertex 58.6 19 30.24
      vertex 58.5743 20.7 30.6316
      vertex 58.6 20.7 30.24
    endloop
  endfacet
  facet normal -0.997853 -0 -0.0654873
    outer loop
      vertex 58.5743 20.7 30.6316
      vertex 58.6 19 30.24
      vertex 58.5743 19 30.6316
    endloop
  endfacet
  facet normal -0.321574 0 0.946885
    outer loop
      vertex 56.3765 20.7 27.3422
      vertex 56.7481 19 27.4684
      vertex 56.7481 20.7 27.4684
    endloop
  endfacet
  facet normal -0.321574 0 0.946885
    outer loop
      vertex 56.7481 19 27.4684
      vertex 56.3765 20.7 27.3422
      vertex 56.3765 19 27.3422
    endloop
  endfacet
  facet normal 0.896961 -0 0.44211
    outer loop
      vertex 52.8284 19 29.092
      vertex 53.0019 20.7 28.74
      vertex 52.8284 20.7 29.092
    endloop
  endfacet
  facet normal 0.896961 0 0.44211
    outer loop
      vertex 53.0019 20.7 28.74
      vertex 52.8284 19 29.092
      vertex 53.0019 19 28.74
    endloop
  endfacet
  facet normal 0.659478 0 0.751724
    outer loop
      vertex 53.4787 20.7 28.1187
      vertex 53.7737 19 27.8599
      vertex 53.7737 20.7 27.8599
    endloop
  endfacet
  facet normal 0.659478 0 0.751724
    outer loop
      vertex 53.7737 19 27.8599
      vertex 53.4787 20.7 28.1187
      vertex 53.4787 19 28.1187
    endloop
  endfacet
  facet normal -0.321574 0 -0.946885
    outer loop
      vertex 56.3765 19 33.1378
      vertex 56.7481 20.7 33.0116
      vertex 56.7481 19 33.0116
    endloop
  endfacet
  facet normal -0.321574 0 -0.946885
    outer loop
      vertex 56.7481 20.7 33.0116
      vertex 56.3765 19 33.1378
      vertex 56.3765 20.7 33.1378
    endloop
  endfacet
  facet normal 0.997853 0 -0.0654873
    outer loop
      vertex 52.6257 19 30.6316
      vertex 52.6 20.7 30.24
      vertex 52.6257 20.7 30.6316
    endloop
  endfacet
  facet normal 0.997853 0 -0.0654873
    outer loop
      vertex 52.6 20.7 30.24
      vertex 52.6257 19 30.6316
      vertex 52.6 19 30.24
    endloop
  endfacet
  facet normal 0.659478 0 -0.751724
    outer loop
      vertex 53.4787 19 32.3613
      vertex 53.7737 20.7 32.6201
      vertex 53.7737 19 32.6201
    endloop
  endfacet
  facet normal 0.659478 0 -0.751724
    outer loop
      vertex 53.7737 20.7 32.6201
      vertex 53.4787 19 32.3613
      vertex 53.4787 20.7 32.3613
    endloop
  endfacet
  facet normal 0.321651 0 0.946858
    outer loop
      vertex 54.452 20.7 27.4684
      vertex 54.8235 19 27.3422
      vertex 54.8235 20.7 27.3422
    endloop
  endfacet
  facet normal 0.321651 0 0.946858
    outer loop
      vertex 54.8235 19 27.3422
      vertex 54.452 20.7 27.4684
      vertex 54.452 19 27.4684
    endloop
  endfacet
  facet normal 0.831501 0 -0.555523
    outer loop
      vertex 53.2199 19 32.0663
      vertex 53.0019 20.7 31.74
      vertex 53.2199 20.7 32.0663
    endloop
  endfacet
  facet normal 0.831501 0 -0.555523
    outer loop
      vertex 53.0019 20.7 31.74
      vertex 53.2199 19 32.0663
      vertex 53.0019 19 31.74
    endloop
  endfacet
  facet normal 0.555523 0 0.831501
    outer loop
      vertex 53.7737 20.7 27.8599
      vertex 54.1 19 27.6419
      vertex 54.1 20.7 27.6419
    endloop
  endfacet
  facet normal 0.555523 0 0.831501
    outer loop
      vertex 54.1 19 27.6419
      vertex 53.7737 20.7 27.8599
      vertex 53.7737 19 27.8599
    endloop
  endfacet
  facet normal -0.19494 0 0.980815
    outer loop
      vertex 55.9916 20.7 27.2657
      vertex 56.3765 19 27.3422
      vertex 56.3765 20.7 27.3422
    endloop
  endfacet
  facet normal -0.19494 0 0.980815
    outer loop
      vertex 56.3765 19 27.3422
      vertex 55.9916 20.7 27.2657
      vertex 55.9916 19 27.2657
    endloop
  endfacet
  facet normal 0.44211 0 0.896961
    outer loop
      vertex 54.1 20.7 27.6419
      vertex 54.452 19 27.4684
      vertex 54.452 20.7 27.4684
    endloop
  endfacet
  facet normal 0.44211 0 0.896961
    outer loop
      vertex 54.452 19 27.4684
      vertex 54.1 20.7 27.6419
      vertex 54.1 19 27.6419
    endloop
  endfacet
  facet normal -0.0654873 0 -0.997853
    outer loop
      vertex 55.6 19 33.24
      vertex 55.9916 20.7 33.2143
      vertex 55.9916 19 33.2143
    endloop
  endfacet
  facet normal -0.0654873 0 -0.997853
    outer loop
      vertex 55.9916 20.7 33.2143
      vertex 55.6 19 33.24
      vertex 55.6 20.7 33.24
    endloop
  endfacet
  facet normal -0.659478 0 -0.751724
    outer loop
      vertex 57.4263 19 32.6201
      vertex 57.7213 20.7 32.3613
      vertex 57.7213 19 32.3613
    endloop
  endfacet
  facet normal -0.659478 0 -0.751724
    outer loop
      vertex 57.7213 20.7 32.3613
      vertex 57.4263 19 32.6201
      vertex 57.4263 20.7 32.6201
    endloop
  endfacet
  facet normal 0.946885 0 -0.321574
    outer loop
      vertex 52.8284 19 31.3881
      vertex 52.7022 20.7 31.0165
      vertex 52.8284 20.7 31.3881
    endloop
  endfacet
  facet normal 0.946885 0 -0.321574
    outer loop
      vertex 52.7022 20.7 31.0165
      vertex 52.8284 19 31.3881
      vertex 52.7022 19 31.0165
    endloop
  endfacet
  facet normal -0.946885 0 -0.321574
    outer loop
      vertex 58.4978 19 31.0165
      vertex 58.3716 20.7 31.3881
      vertex 58.4978 20.7 31.0165
    endloop
  endfacet
  facet normal -0.946885 -0 -0.321574
    outer loop
      vertex 58.3716 20.7 31.3881
      vertex 58.4978 19 31.0165
      vertex 58.3716 19 31.3881
    endloop
  endfacet
  facet normal -0.442211 0 0.896911
    outer loop
      vertex 56.7481 20.7 27.4684
      vertex 57.1 19 27.6419
      vertex 57.1 20.7 27.6419
    endloop
  endfacet
  facet normal -0.442211 0 0.896911
    outer loop
      vertex 57.1 19 27.6419
      vertex 56.7481 20.7 27.4684
      vertex 56.7481 19 27.4684
    endloop
  endfacet
  facet normal 0.19494 0 0.980815
    outer loop
      vertex 54.8235 20.7 27.3422
      vertex 55.2084 19 27.2657
      vertex 55.2084 20.7 27.2657
    endloop
  endfacet
  facet normal 0.19494 0 0.980815
    outer loop
      vertex 55.2084 19 27.2657
      vertex 54.8235 20.7 27.3422
      vertex 54.8235 19 27.3422
    endloop
  endfacet
  facet normal -0.751724 0 0.659478
    outer loop
      vertex 57.7213 19 28.1187
      vertex 57.9801 20.7 28.4137
      vertex 57.7213 20.7 28.1187
    endloop
  endfacet
  facet normal -0.751724 0 0.659478
    outer loop
      vertex 57.9801 20.7 28.4137
      vertex 57.7213 19 28.1187
      vertex 57.9801 19 28.4137
    endloop
  endfacet
  facet normal -0.751724 0 -0.659478
    outer loop
      vertex 57.9801 19 32.0663
      vertex 57.7213 20.7 32.3613
      vertex 57.9801 20.7 32.0663
    endloop
  endfacet
  facet normal -0.751724 -0 -0.659478
    outer loop
      vertex 57.7213 20.7 32.3613
      vertex 57.9801 19 32.0663
      vertex 57.7213 19 32.3613
    endloop
  endfacet
  facet normal 0.44211 0 -0.896961
    outer loop
      vertex 54.1 19 32.8381
      vertex 54.452 20.7 33.0116
      vertex 54.452 19 33.0116
    endloop
  endfacet
  facet normal 0.44211 0 -0.896961
    outer loop
      vertex 54.452 20.7 33.0116
      vertex 54.1 19 32.8381
      vertex 54.1 20.7 32.8381
    endloop
  endfacet
  facet normal 0.946858 -0 0.321651
    outer loop
      vertex 52.7022 19 29.4635
      vertex 52.8284 20.7 29.092
      vertex 52.7022 20.7 29.4635
    endloop
  endfacet
  facet normal 0.946858 0 0.321651
    outer loop
      vertex 52.8284 20.7 29.092
      vertex 52.7022 19 29.4635
      vertex 52.8284 19 29.092
    endloop
  endfacet
  facet normal -0.19494 0 -0.980815
    outer loop
      vertex 55.9916 19 33.2143
      vertex 56.3765 20.7 33.1378
      vertex 56.3765 19 33.1378
    endloop
  endfacet
  facet normal -0.19494 0 -0.980815
    outer loop
      vertex 56.3765 20.7 33.1378
      vertex 55.9916 19 33.2143
      vertex 55.9916 20.7 33.2143
    endloop
  endfacet
  facet normal -0.442211 0 -0.896911
    outer loop
      vertex 56.7481 19 33.0116
      vertex 57.1 20.7 32.8381
      vertex 57.1 19 32.8381
    endloop
  endfacet
  facet normal -0.442211 0 -0.896911
    outer loop
      vertex 57.1 20.7 32.8381
      vertex 56.7481 19 33.0116
      vertex 56.7481 20.7 33.0116
    endloop
  endfacet
  facet normal 0.751724 -0 0.659478
    outer loop
      vertex 53.2199 19 28.4137
      vertex 53.4787 20.7 28.1187
      vertex 53.2199 20.7 28.4137
    endloop
  endfacet
  facet normal 0.751724 0 0.659478
    outer loop
      vertex 53.4787 20.7 28.1187
      vertex 53.2199 19 28.4137
      vertex 53.4787 19 28.1187
    endloop
  endfacet
  facet normal -0.659478 0 0.751724
    outer loop
      vertex 57.4263 20.7 27.8599
      vertex 57.7213 19 28.1187
      vertex 57.7213 20.7 28.1187
    endloop
  endfacet
  facet normal -0.659478 0 0.751724
    outer loop
      vertex 57.7213 19 28.1187
      vertex 57.4263 20.7 27.8599
      vertex 57.4263 19 27.8599
    endloop
  endfacet
  facet normal 0.896911 0 -0.442211
    outer loop
      vertex 53.0019 19 31.74
      vertex 52.8284 20.7 31.3881
      vertex 53.0019 20.7 31.74
    endloop
  endfacet
  facet normal 0.896911 0 -0.442211
    outer loop
      vertex 52.8284 20.7 31.3881
      vertex 53.0019 19 31.74
      vertex 52.8284 19 31.3881
    endloop
  endfacet
  facet normal 0.997853 -0 0.0654873
    outer loop
      vertex 52.6 19 30.24
      vertex 52.6257 20.7 29.8484
      vertex 52.6 20.7 30.24
    endloop
  endfacet
  facet normal 0.997853 0 0.0654873
    outer loop
      vertex 52.6257 20.7 29.8484
      vertex 52.6 19 30.24
      vertex 52.6257 19 29.8484
    endloop
  endfacet
  facet normal -0.831501 0 -0.555523
    outer loop
      vertex 58.1981 19 31.74
      vertex 57.9801 20.7 32.0663
      vertex 58.1981 20.7 31.74
    endloop
  endfacet
  facet normal -0.831501 -0 -0.555523
    outer loop
      vertex 57.9801 20.7 32.0663
      vertex 58.1981 19 31.74
      vertex 57.9801 19 32.0663
    endloop
  endfacet
  facet normal -0.896961 0 0.44211
    outer loop
      vertex 58.1981 19 28.74
      vertex 58.3716 20.7 29.092
      vertex 58.1981 20.7 28.74
    endloop
  endfacet
  facet normal -0.896961 0 0.44211
    outer loop
      vertex 58.3716 20.7 29.092
      vertex 58.1981 19 28.74
      vertex 58.3716 19 29.092
    endloop
  endfacet
  facet normal 0.0654873 0 -0.997853
    outer loop
      vertex 55.2084 19 33.2143
      vertex 55.6 20.7 33.24
      vertex 55.6 19 33.24
    endloop
  endfacet
  facet normal 0.0654873 0 -0.997853
    outer loop
      vertex 55.6 20.7 33.24
      vertex 55.2084 19 33.2143
      vertex 55.2084 20.7 33.2143
    endloop
  endfacet
  facet normal 0.555523 0 -0.831501
    outer loop
      vertex 53.7737 19 32.6201
      vertex 54.1 20.7 32.8381
      vertex 54.1 19 32.8381
    endloop
  endfacet
  facet normal 0.555523 0 -0.831501
    outer loop
      vertex 54.1 20.7 32.8381
      vertex 53.7737 19 32.6201
      vertex 53.7737 20.7 32.6201
    endloop
  endfacet
  facet normal -0.555523 0 -0.831501
    outer loop
      vertex 57.1 19 32.8381
      vertex 57.4263 20.7 32.6201
      vertex 57.4263 19 32.6201
    endloop
  endfacet
  facet normal -0.555523 0 -0.831501
    outer loop
      vertex 57.4263 20.7 32.6201
      vertex 57.1 19 32.8381
      vertex 57.1 20.7 32.8381
    endloop
  endfacet
  facet normal -0.946858 0 0.321651
    outer loop
      vertex 58.3716 19 29.092
      vertex 58.4978 20.7 29.4635
      vertex 58.3716 20.7 29.092
    endloop
  endfacet
  facet normal -0.946858 0 0.321651
    outer loop
      vertex 58.4978 20.7 29.4635
      vertex 58.3716 19 29.092
      vertex 58.4978 19 29.4635
    endloop
  endfacet
  facet normal 0.980815 -0 0.19494
    outer loop
      vertex 52.6257 19 29.8484
      vertex 52.7022 20.7 29.4635
      vertex 52.6257 20.7 29.8484
    endloop
  endfacet
  facet normal 0.980815 0 0.19494
    outer loop
      vertex 52.7022 20.7 29.4635
      vertex 52.6257 19 29.8484
      vertex 52.7022 19 29.4635
    endloop
  endfacet
  facet normal 0.0654873 0 0.997853
    outer loop
      vertex 55.2084 20.7 27.2657
      vertex 55.6 19 27.24
      vertex 55.6 20.7 27.24
    endloop
  endfacet
  facet normal 0.0654873 0 0.997853
    outer loop
      vertex 55.6 19 27.24
      vertex 55.2084 20.7 27.2657
      vertex 55.2084 19 27.2657
    endloop
  endfacet
  facet normal 0.321651 0 -0.946858
    outer loop
      vertex 54.452 19 33.0116
      vertex 54.8235 20.7 33.1378
      vertex 54.8235 19 33.1378
    endloop
  endfacet
  facet normal 0.321651 0 -0.946858
    outer loop
      vertex 54.8235 20.7 33.1378
      vertex 54.452 19 33.0116
      vertex 54.452 20.7 33.0116
    endloop
  endfacet
  facet normal 0.980815 0 -0.19494
    outer loop
      vertex 52.7022 19 31.0165
      vertex 52.6257 20.7 30.6316
      vertex 52.7022 20.7 31.0165
    endloop
  endfacet
  facet normal 0.980815 0 -0.19494
    outer loop
      vertex 52.6257 20.7 30.6316
      vertex 52.7022 19 31.0165
      vertex 52.6257 19 30.6316
    endloop
  endfacet
  facet normal -0.0654873 0 0.997853
    outer loop
      vertex 55.6 20.7 27.24
      vertex 55.9916 19 27.2657
      vertex 55.9916 20.7 27.2657
    endloop
  endfacet
  facet normal -0.0654873 0 0.997853
    outer loop
      vertex 55.9916 19 27.2657
      vertex 55.6 20.7 27.24
      vertex 55.6 19 27.24
    endloop
  endfacet
  facet normal 0.19494 0 -0.980815
    outer loop
      vertex 54.8235 19 33.1378
      vertex 55.2084 20.7 33.2143
      vertex 55.2084 19 33.2143
    endloop
  endfacet
  facet normal 0.19494 0 -0.980815
    outer loop
      vertex 55.2084 20.7 33.2143
      vertex 54.8235 19 33.1378
      vertex 54.8235 20.7 33.1378
    endloop
  endfacet
  facet normal 0.831501 -0 0.555523
    outer loop
      vertex 53.0019 19 28.74
      vertex 53.2199 20.7 28.4137
      vertex 53.0019 20.7 28.74
    endloop
  endfacet
  facet normal 0.831501 0 0.555523
    outer loop
      vertex 53.2199 20.7 28.4137
      vertex 53.0019 19 28.74
      vertex 53.2199 19 28.4137
    endloop
  endfacet
  facet normal 1 -0 0
    outer loop
      vertex 58.8 19 38.8
      vertex 58.8 21.5 0
      vertex 58.8 21.5 38.8
    endloop
  endfacet
  facet normal 1 0 0
    outer loop
      vertex 58.8 21.5 0
      vertex 58.8 19 38.8
      vertex 58.8 19 0
    endloop
  endfacet
  facet normal -0 0 1
    outer loop
      vertex 0 21.5 38.8
      vertex 58.8 19 38.8
      vertex 58.8 21.5 38.8
    endloop
  endfacet
  facet normal 0 0 1
    outer loop
      vertex 58.8 19 38.8
      vertex 0 21.5 38.8
      vertex 0 19 38.8
    endloop
  endfacet
  facet normal 0 0 -1
    outer loop
      vertex 0 19 0
      vertex 58.8 21.5 0
      vertex 58.8 19 0
    endloop
  endfacet
  facet normal -0 0 -1
    outer loop
      vertex 58.8 21.5 0
      vertex 0 19 0
      vertex 0 21.5 0
    endloop
  endfacet
  facet normal -1 0 0
    outer loop
      vertex 0 19 0
      vertex 0 21.5 38.8
      vertex 0 21.5 0
    endloop
  endfacet
  facet normal -1 -0 0
    outer loop
      vertex 0 21.5 38.8
      vertex 0 19 0
      vertex 0 19 38.8
    endloop
  endfacet
  facet normal 0 1 0
    outer loop
      vertex 54.75 21.5 28.7678
      vertex 54.75 21.5 11.2322
      vertex 54.5651 21.5 28.8913
    endloop
  endfacet
  facet normal 0 1 0
    outer loop
      vertex 21.4 21.5 18.624
      vertex 3.42189 21.5 11.4455
      vertex 3.2 21.5 11.46
    endloop
  endfacet
  facet normal 0 1 0
    outer loop
      vertex 54.5651 21.5 11.1087
      vertex 54.5651 21.5 28.8913
      vertex 54.75 21.5 11.2322
    endloop
  endfacet
  facet normal 0 1 0
    outer loop
      vertex 21.4 21.5 18.624
      vertex 3.63999 21.5 11.4021
      vertex 3.42189 21.5 11.4455
    endloop
  endfacet
  facet normal 0 1 0
    outer loop
      vertex 54.5651 21.5 28.8913
      vertex 54.5651 21.5 11.1087
      vertex 37.4 21.5 18.624
    endloop
  endfacet
  facet normal 0 1 0
    outer loop
      vertex 21.4 21.5 18.624
      vertex 3.85056 21.5 11.3306
      vertex 3.63999 21.5 11.4021
    endloop
  endfacet
  facet normal 0 1 -0
    outer loop
      vertex 54.3979 21.5 10.9621
      vertex 37.4 21.5 18.624
      vertex 54.5651 21.5 11.1087
    endloop
  endfacet
  facet normal 0 1 0
    outer loop
      vertex 21.4 21.5 18.624
      vertex 4.05 21.5 11.2322
      vertex 3.85056 21.5 11.3306
    endloop
  endfacet
  facet normal 0 1 -0
    outer loop
      vertex 54.2513 21.5 10.7949
      vertex 37.4 21.5 18.624
      vertex 54.3979 21.5 10.9621
    endloop
  endfacet
  facet normal 0 1 0
    outer loop
      vertex 21.4 21.5 18.624
      vertex 4.23489 21.5 11.1087
      vertex 4.05 21.5 11.2322
    endloop
  endfacet
  facet normal 0 1 -0
    outer loop
      vertex 54.1278 21.5 10.61
      vertex 37.4 21.5 18.624
      vertex 54.2513 21.5 10.7949
    endloop
  endfacet
  facet normal 0 1 0
    outer loop
      vertex 21.4 21.5 18.624
      vertex 4.40208 21.5 10.9621
      vertex 4.23489 21.5 11.1087
    endloop
  endfacet
  facet normal 0 1 -0
    outer loop
      vertex 54.0294 21.5 10.4106
      vertex 37.4 21.5 18.624
      vertex 54.1278 21.5 10.61
    endloop
  endfacet
  facet normal 0 1 0
    outer loop
      vertex 21.4 21.5 18.624
      vertex 4.5487 21.5 10.7949
      vertex 4.40208 21.5 10.9621
    endloop
  endfacet
  facet normal 0 1 -0
    outer loop
      vertex 53.9579 21.5 10.2
      vertex 37.4 21.5 18.624
      vertex 54.0294 21.5 10.4106
    endloop
  endfacet
  facet normal 0 1 0
    outer loop
      vertex 21.4 21.5 18.624
      vertex 4.67224 21.5 10.61
      vertex 4.5487 21.5 10.7949
    endloop
  endfacet
  facet normal 0 1 -0
    outer loop
      vertex 53.9145 21.5 9.98189
      vertex 37.4 21.5 18.624
      vertex 53.9579 21.5 10.2
    endloop
  endfacet
  facet normal 0 1 0
    outer loop
      vertex 21.4 21.5 18.624
      vertex 4.77059 21.5 10.4106
      vertex 4.67224 21.5 10.61
    endloop
  endfacet
  facet normal 0 1 -0
    outer loop
      vertex 53.9 21.5 9.76
      vertex 37.4 21.5 18.624
      vertex 53.9145 21.5 9.98189
    endloop
  endfacet
  facet normal 0 1 0
    outer loop
      vertex 21.4 21.5 18.624
      vertex 4.84207 21.5 10.2
      vertex 4.77059 21.5 10.4106
    endloop
  endfacet
  facet normal 0 1 0
    outer loop
      vertex 53.9145 21.5 9.53811
      vertex 37.4 21.5 18.624
      vertex 53.9 21.5 9.76
    endloop
  endfacet
  facet normal 0 1 0
    outer loop
      vertex 21.4 21.5 18.624
      vertex 4.88546 21.5 9.98189
      vertex 4.84207 21.5 10.2
    endloop
  endfacet
  facet normal 0 1 0
    outer loop
      vertex 53.9579 21.5 9.32001
      vertex 37.4 21.5 18.624
      vertex 53.9145 21.5 9.53811
    endloop
  endfacet
  facet normal 0 1 0
    outer loop
      vertex 21.4 21.5 18.624
      vertex 4.9 21.5 9.76
      vertex 4.88546 21.5 9.98189
    endloop
  endfacet
  facet normal 0 1 0
    outer loop
      vertex 54.0294 21.5 9.10944
      vertex 37.4 21.5 18.624
      vertex 53.9579 21.5 9.32001
    endloop
  endfacet
  facet normal 0 1 0
    outer loop
      vertex 21.4 21.5 18.624
      vertex 4.88546 21.5 9.53811
      vertex 4.9 21.5 9.76
    endloop
  endfacet
  facet normal 0 1 0
    outer loop
      vertex 54.1278 21.5 8.91
      vertex 37.4 21.5 18.624
      vertex 54.0294 21.5 9.10944
    endloop
  endfacet
  facet normal 0 1 0
    outer loop
      vertex 21.4 21.5 18.624
      vertex 4.84207 21.5 9.32001
      vertex 4.88546 21.5 9.53811
    endloop
  endfacet
  facet normal 0 1 0
    outer loop
      vertex 54.2513 21.5 8.72511
      vertex 37.4 21.5 18.624
      vertex 54.1278 21.5 8.91
    endloop
  endfacet
  facet normal 0 1 0
    outer loop
      vertex 21.4 21.5 18.624
      vertex 4.77059 21.5 9.10944
      vertex 4.84207 21.5 9.32001
    endloop
  endfacet
  facet normal 0 1 0
    outer loop
      vertex 58.8 21.5 0
      vertex 37.4 21.5 18.624
      vertex 54.2513 21.5 8.72511
    endloop
  endfacet
  facet normal 0 1 0
    outer loop
      vertex 21.4 21.5 18.624
      vertex 4.67224 21.5 8.91
      vertex 4.77059 21.5 9.10944
    endloop
  endfacet
  facet normal 0 1 0
    outer loop
      vertex 37.4 21.5 18.624
      vertex 58.8 21.5 0
      vertex 21.4 21.5 18.624
    endloop
  endfacet
  facet normal 0 1 0
    outer loop
      vertex 21.4 21.5 18.624
      vertex 4.5487 21.5 8.72511
      vertex 4.67224 21.5 8.91
    endloop
  endfacet
  facet normal 0 1 0
    outer loop
      vertex 58.8 21.5 0
      vertex 54.2513 21.5 8.72511
      vertex 54.3979 21.5 8.55792
    endloop
  endfacet
  facet normal 0 1 0
    outer loop
      vertex 0 21.5 0
      vertex 21.4 21.5 18.624
      vertex 58.8 21.5 0
    endloop
  endfacet
  facet normal 0 1 0
    outer loop
      vertex 58.8 21.5 0
      vertex 54.3979 21.5 8.55792
      vertex 54.5651 21.5 8.4113
    endloop
  endfacet
  facet normal 0 1 0
    outer loop
      vertex 21.4 21.5 18.624
      vertex 0 21.5 0
      vertex 4.5487 21.5 8.72511
    endloop
  endfacet
  facet normal 0 1 0
    outer loop
      vertex 58.8 21.5 0
      vertex 54.5651 21.5 8.4113
      vertex 54.75 21.5 8.28776
    endloop
  endfacet
  facet normal 0 1 0
    outer loop
      vertex 4.5487 21.5 8.72511
      vertex 0 21.5 0
      vertex 4.40208 21.5 8.55792
    endloop
  endfacet
  facet normal 0 1 0
    outer loop
      vertex 58.8 21.5 0
      vertex 54.75 21.5 8.28776
      vertex 54.9494 21.5 8.18941
    endloop
  endfacet
  facet normal 0 1 0
    outer loop
      vertex 4.40208 21.5 8.55792
      vertex 0 21.5 0
      vertex 4.23489 21.5 8.4113
    endloop
  endfacet
  facet normal 0 1 0
    outer loop
      vertex 58.8 21.5 0
      vertex 54.9494 21.5 8.18941
      vertex 55.16 21.5 8.11793
    endloop
  endfacet
  facet normal 0 1 0
    outer loop
      vertex 4.23489 21.5 8.4113
      vertex 0 21.5 0
      vertex 4.05 21.5 8.28776
    endloop
  endfacet
  facet normal 0 1 0
    outer loop
      vertex 58.8 21.5 0
      vertex 55.16 21.5 8.11793
      vertex 55.3781 21.5 8.07454
    endloop
  endfacet
  facet normal 0 1 0
    outer loop
      vertex 4.05 21.5 8.28776
      vertex 0 21.5 0
      vertex 3.85056 21.5 8.18941
    endloop
  endfacet
  facet normal 0 1 0
    outer loop
      vertex 58.8 21.5 0
      vertex 55.3781 21.5 8.07454
      vertex 55.6 21.5 8.06
    endloop
  endfacet
  facet normal 0 1 0
    outer loop
      vertex 3.85056 21.5 8.18941
      vertex 0 21.5 0
      vertex 3.63999 21.5 8.11793
    endloop
  endfacet
  facet normal 0 1 0
    outer loop
      vertex 54.9494 21.5 31.8106
      vertex 58.8 21.5 38.8
      vertex 55.16 21.5 31.8821
    endloop
  endfacet
  facet normal 0 1 0
    outer loop
      vertex 0 21.5 38.8
      vertex 3.42189 21.5 31.9255
      vertex 3.2 21.5 31.94
    endloop
  endfacet
  facet normal 0 1 0
    outer loop
      vertex 54.75 21.5 31.7122
      vertex 58.8 21.5 38.8
      vertex 54.9494 21.5 31.8106
    endloop
  endfacet
  facet normal 0 1 0
    outer loop
      vertex 0 21.5 38.8
      vertex 3.63999 21.5 31.8821
      vertex 3.42189 21.5 31.9255
    endloop
  endfacet
  facet normal 0 1 0
    outer loop
      vertex 54.5651 21.5 31.5887
      vertex 58.8 21.5 38.8
      vertex 54.75 21.5 31.7122
    endloop
  endfacet
  facet normal 0 1 0
    outer loop
      vertex 0 21.5 38.8
      vertex 3.85056 21.5 31.8106
      vertex 3.63999 21.5 31.8821
    endloop
  endfacet
  facet normal 0 1 0
    outer loop
      vertex 54.3979 21.5 31.4421
      vertex 58.8 21.5 38.8
      vertex 54.5651 21.5 31.5887
    endloop
  endfacet
  facet normal 0 1 0
    outer loop
      vertex 0 21.5 38.8
      vertex 4.05 21.5 31.7122
      vertex 3.85056 21.5 31.8106
    endloop
  endfacet
  facet normal 0 1 0
    outer loop
      vertex 58.8 21.5 38.8
      vertex 37.4 21.5 23.624
      vertex 0 21.5 38.8
    endloop
  endfacet
  facet normal 0 1 0
    outer loop
      vertex 0 21.5 38.8
      vertex 4.23489 21.5 31.5887
      vertex 4.05 21.5 31.7122
    endloop
  endfacet
  facet normal 0 1 0
    outer loop
      vertex 58.8 21.5 38.8
      vertex 54.3979 21.5 31.4421
      vertex 37.4 21.5 23.624
    endloop
  endfacet
  facet normal 0 1 -0
    outer loop
      vertex 21.4 21.5 23.624
      vertex 0 21.5 38.8
      vertex 37.4 21.5 23.624
    endloop
  endfacet
  facet normal 0 1 0
    outer loop
      vertex 37.4 21.5 23.624
      vertex 54.3979 21.5 31.4421
      vertex 54.2513 21.5 31.2749
    endloop
  endfacet
  facet normal -0 1 -0
    outer loop
      vertex 4.40208 21.5 31.4421
      vertex 0 21.5 38.8
      vertex 21.4 21.5 23.624
    endloop
  endfacet
  facet normal 0 1 0
    outer loop
      vertex 37.4 21.5 23.624
      vertex 54.2513 21.5 31.2749
      vertex 54.1278 21.5 31.09
    endloop
  endfacet
  facet normal 0 1 0
    outer loop
      vertex 0 21.5 38.8
      vertex 4.40208 21.5 31.4421
      vertex 4.23489 21.5 31.5887
    endloop
  endfacet
  facet normal 0 1 0
    outer loop
      vertex 37.4 21.5 23.624
      vertex 54.1278 21.5 31.09
      vertex 54.0294 21.5 30.8906
    endloop
  endfacet
  facet normal 0 1 0
    outer loop
      vertex 4.40208 21.5 31.4421
      vertex 21.4 21.5 23.624
      vertex 4.5487 21.5 31.2749
    endloop
  endfacet
  facet normal 0 1 0
    outer loop
      vertex 37.4 21.5 23.624
      vertex 54.0294 21.5 30.8906
      vertex 53.9579 21.5 30.68
    endloop
  endfacet
  facet normal 0 1 0
    outer loop
      vertex 4.5487 21.5 31.2749
      vertex 21.4 21.5 23.624
      vertex 4.67224 21.5 31.09
    endloop
  endfacet
  facet normal 0 1 0
    outer loop
      vertex 37.4 21.5 23.624
      vertex 53.9579 21.5 30.68
      vertex 53.9145 21.5 30.4619
    endloop
  endfacet
  facet normal 0 1 0
    outer loop
      vertex 4.67224 21.5 31.09
      vertex 21.4 21.5 23.624
      vertex 4.77059 21.5 30.8906
    endloop
  endfacet
  facet normal 0 1 0
    outer loop
      vertex 37.4 21.5 23.624
      vertex 53.9145 21.5 30.4619
      vertex 53.9 21.5 30.24
    endloop
  endfacet
  facet normal 0 1 0
    outer loop
      vertex 4.77059 21.5 30.8906
      vertex 21.4 21.5 23.624
      vertex 4.84207 21.5 30.68
    endloop
  endfacet
  facet normal 0 1 0
    outer loop
      vertex 37.4 21.5 23.624
      vertex 53.9 21.5 30.24
      vertex 53.9145 21.5 30.0181
    endloop
  endfacet
  facet normal 0 1 0
    outer loop
      vertex 4.84207 21.5 30.68
      vertex 21.4 21.5 23.624
      vertex 4.88546 21.5 30.4619
    endloop
  endfacet
  facet normal 0 1 0
    outer loop
      vertex 37.4 21.5 23.624
      vertex 53.9145 21.5 30.0181
      vertex 53.9579 21.5 29.8
    endloop
  endfacet
  facet normal 0 1 0
    outer loop
      vertex 4.88546 21.5 30.4619
      vertex 21.4 21.5 23.624
      vertex 4.9 21.5 30.24
    endloop
  endfacet
  facet normal 0 1 0
    outer loop
      vertex 37.4 21.5 23.624
      vertex 53.9579 21.5 29.8
      vertex 54.0294 21.5 29.5894
    endloop
  endfacet
  facet normal 0 1 0
    outer loop
      vertex 4.9 21.5 30.24
      vertex 21.4 21.5 23.624
      vertex 4.88546 21.5 30.0181
    endloop
  endfacet
  facet normal 0 1 0
    outer loop
      vertex 37.4 21.5 23.624
      vertex 54.0294 21.5 29.5894
      vertex 54.1278 21.5 29.39
    endloop
  endfacet
  facet normal 0 1 0
    outer loop
      vertex 4.88546 21.5 30.0181
      vertex 21.4 21.5 23.624
      vertex 4.84207 21.5 29.8
    endloop
  endfacet
  facet normal 0 1 0
    outer loop
      vertex 37.4 21.5 23.624
      vertex 54.1278 21.5 29.39
      vertex 54.2513 21.5 29.2051
    endloop
  endfacet
  facet normal 0 1 0
    outer loop
      vertex 4.84207 21.5 29.8
      vertex 21.4 21.5 23.624
      vertex 4.77059 21.5 29.5894
    endloop
  endfacet
  facet normal 0 1 0
    outer loop
      vertex 37.4 21.5 23.624
      vertex 54.2513 21.5 29.2051
      vertex 54.3979 21.5 29.0379
    endloop
  endfacet
  facet normal 0 1 0
    outer loop
      vertex 4.77059 21.5 29.5894
      vertex 21.4 21.5 23.624
      vertex 4.67224 21.5 29.39
    endloop
  endfacet
  facet normal 0 1 0
    outer loop
      vertex 37.4 21.5 23.624
      vertex 54.3979 21.5 29.0379
      vertex 54.5651 21.5 28.8913
    endloop
  endfacet
  facet normal 0 1 0
    outer loop
      vertex 4.67224 21.5 29.39
      vertex 21.4 21.5 23.624
      vertex 4.5487 21.5 29.2051
    endloop
  endfacet
  facet normal 0 1 0
    outer loop
      vertex 55.16 21.5 28.5979
      vertex 55.16 21.5 11.4021
      vertex 54.9494 21.5 28.6694
    endloop
  endfacet
  facet normal 0 1 0
    outer loop
      vertex 4.5487 21.5 29.2051
      vertex 21.4 21.5 23.624
      vertex 4.40208 21.5 29.0379
    endloop
  endfacet
  facet normal 0 1 0
    outer loop
      vertex 55.16 21.5 11.4021
      vertex 55.16 21.5 28.5979
      vertex 55.3781 21.5 11.4455
    endloop
  endfacet
  facet normal 0 1 0
    outer loop
      vertex 4.40208 21.5 29.0379
      vertex 21.4 21.5 23.624
      vertex 4.23489 21.5 28.8913
    endloop
  endfacet
  facet normal 0 1 0
    outer loop
      vertex 55.3781 21.5 28.5545
      vertex 55.3781 21.5 11.4455
      vertex 55.16 21.5 28.5979
    endloop
  endfacet
  facet normal 0 1 -0
    outer loop
      vertex 21.4 21.5 18.624
      vertex 4.23489 21.5 28.8913
      vertex 21.4 21.5 23.624
    endloop
  endfacet
  facet normal 0 1 0
    outer loop
      vertex 55.3781 21.5 11.4455
      vertex 55.3781 21.5 28.5545
      vertex 55.6 21.5 11.46
    endloop
  endfacet
  facet normal 0 1 0
    outer loop
      vertex 3.2 21.5 11.46
      vertex 4.23489 21.5 28.8913
      vertex 21.4 21.5 18.624
    endloop
  endfacet
  facet normal 0 1 -0
    outer loop
      vertex 55.6 21.5 11.46
      vertex 55.3781 21.5 28.5545
      vertex 55.6 21.5 28.54
    endloop
  endfacet
  facet normal 0 1 0
    outer loop
      vertex 4.23489 21.5 28.8913
      vertex 3.2 21.5 11.46
      vertex 4.05 21.5 28.7678
    endloop
  endfacet
  facet normal 0 1 0
    outer loop
      vertex 55.3781 21.5 31.9255
      vertex 58.8 21.5 38.8
      vertex 55.6 21.5 31.94
    endloop
  endfacet
  facet normal 0 1 0
    outer loop
      vertex 58.8 21.5 38.8
      vertex 55.8219 21.5 31.9255
      vertex 55.6 21.5 31.94
    endloop
  endfacet
  facet normal 0 1 0
    outer loop
      vertex 58.8 21.5 38.8
      vertex 56.04 21.5 31.8821
      vertex 55.8219 21.5 31.9255
    endloop
  endfacet
  facet normal 0 1 0
    outer loop
      vertex 58.8 21.5 38.8
      vertex 56.2506 21.5 31.8106
      vertex 56.04 21.5 31.8821
    endloop
  endfacet
  facet normal 0 1 0
    outer loop
      vertex 58.8 21.5 38.8
      vertex 56.45 21.5 31.7122
      vertex 56.2506 21.5 31.8106
    endloop
  endfacet
  facet normal 0 1 0
    outer loop
      vertex 58.8 21.5 38.8
      vertex 56.6349 21.5 31.5887
      vertex 56.45 21.5 31.7122
    endloop
  endfacet
  facet normal 0 1 0
    outer loop
      vertex 58.8 21.5 38.8
      vertex 56.8021 21.5 31.4421
      vertex 56.6349 21.5 31.5887
    endloop
  endfacet
  facet normal 0 1 0
    outer loop
      vertex 58.8 21.5 38.8
      vertex 56.9487 21.5 31.2749
      vertex 56.8021 21.5 31.4421
    endloop
  endfacet
  facet normal 0 1 0
    outer loop
      vertex 58.8 21.5 38.8
      vertex 57.0722 21.5 31.09
      vertex 56.9487 21.5 31.2749
    endloop
  endfacet
  facet normal 0 1 0
    outer loop
      vertex 58.8 21.5 38.8
      vertex 57.1706 21.5 30.8906
      vertex 57.0722 21.5 31.09
    endloop
  endfacet
  facet normal 0 1 0
    outer loop
      vertex 58.8 21.5 38.8
      vertex 57.2421 21.5 30.68
      vertex 57.1706 21.5 30.8906
    endloop
  endfacet
  facet normal 0 1 0
    outer loop
      vertex 58.8 21.5 38.8
      vertex 57.2855 21.5 30.4619
      vertex 57.2421 21.5 30.68
    endloop
  endfacet
  facet normal 0 1 0
    outer loop
      vertex 58.8 21.5 38.8
      vertex 57.3 21.5 30.24
      vertex 57.2855 21.5 30.4619
    endloop
  endfacet
  facet normal 0 1 0
    outer loop
      vertex 58.8 21.5 38.8
      vertex 57.2855 21.5 30.0181
      vertex 57.3 21.5 30.24
    endloop
  endfacet
  facet normal 0 1 0
    outer loop
      vertex 4.05 21.5 28.7678
      vertex 3.2 21.5 11.46
      vertex 3.85056 21.5 28.6694
    endloop
  endfacet
  facet normal 0 1 0
    outer loop
      vertex 55.6 21.5 11.46
      vertex 55.6 21.5 28.54
      vertex 55.8219 21.5 28.5545
    endloop
  endfacet
  facet normal 0 1 0
    outer loop
      vertex 55.8219 21.5 11.4455
      vertex 55.8219 21.5 28.5545
      vertex 56.04 21.5 28.5979
    endloop
  endfacet
  facet normal 0 1 0
    outer loop
      vertex 54.5651 21.5 28.8913
      vertex 37.4 21.5 18.624
      vertex 37.4 21.5 23.624
    endloop
  endfacet
  facet normal 0 1 0
    outer loop
      vertex 56.04 21.5 11.4021
      vertex 56.04 21.5 28.5979
      vertex 56.2506 21.5 28.6694
    endloop
  endfacet
  facet normal 0 1 0
    outer loop
      vertex 56.2506 21.5 11.3306
      vertex 56.2506 21.5 28.6694
      vertex 56.45 21.5 28.7678
    endloop
  endfacet
  facet normal 0 1 0
    outer loop
      vertex 54.9494 21.5 28.6694
      vertex 54.9494 21.5 11.3306
      vertex 54.75 21.5 28.7678
    endloop
  endfacet
  facet normal 0 1 0
    outer loop
      vertex 54.9494 21.5 11.3306
      vertex 54.9494 21.5 28.6694
      vertex 55.16 21.5 11.4021
    endloop
  endfacet
  facet normal 0 1 0
    outer loop
      vertex 56.45 21.5 11.2322
      vertex 56.45 21.5 28.7678
      vertex 56.6349 21.5 28.8913
    endloop
  endfacet
  facet normal 0 1 0
    outer loop
      vertex 56.6349 21.5 11.1087
      vertex 56.6349 21.5 28.8913
      vertex 56.8021 21.5 29.0379
    endloop
  endfacet
  facet normal 0 1 0
    outer loop
      vertex 56.8021 21.5 10.9621
      vertex 56.8021 21.5 29.0379
      vertex 56.9487 21.5 29.2051
    endloop
  endfacet
  facet normal 0 1 0
    outer loop
      vertex 56.9487 21.5 10.7949
      vertex 56.9487 21.5 29.2051
      vertex 57.0722 21.5 29.39
    endloop
  endfacet
  facet normal 0 1 0
    outer loop
      vertex 57.0722 21.5 10.61
      vertex 57.0722 21.5 29.39
      vertex 57.1706 21.5 29.5894
    endloop
  endfacet
  facet normal 0 1 0
    outer loop
      vertex 57.1706 21.5 10.4106
      vertex 57.1706 21.5 29.5894
      vertex 57.2421 21.5 29.8
    endloop
  endfacet
  facet normal 0 1 0
    outer loop
      vertex 57.2421 21.5 10.2
      vertex 57.2421 21.5 29.8
      vertex 57.2855 21.5 30.0181
    endloop
  endfacet
  facet normal 0 1 0
    outer loop
      vertex 57.2855 21.5 9.98189
      vertex 57.2855 21.5 30.0181
      vertex 58.8 21.5 38.8
    endloop
  endfacet
  facet normal 0 1 0
    outer loop
      vertex 55.8219 21.5 28.5545
      vertex 55.8219 21.5 11.4455
      vertex 55.6 21.5 11.46
    endloop
  endfacet
  facet normal 0 1 0
    outer loop
      vertex 56.04 21.5 28.5979
      vertex 56.04 21.5 11.4021
      vertex 55.8219 21.5 11.4455
    endloop
  endfacet
  facet normal 0 1 0
    outer loop
      vertex 56.2506 21.5 28.6694
      vertex 56.2506 21.5 11.3306
      vertex 56.04 21.5 11.4021
    endloop
  endfacet
  facet normal 0 1 0
    outer loop
      vertex 56.45 21.5 28.7678
      vertex 56.45 21.5 11.2322
      vertex 56.2506 21.5 11.3306
    endloop
  endfacet
  facet normal 0 1 0
    outer loop
      vertex 56.6349 21.5 28.8913
      vertex 56.6349 21.5 11.1087
      vertex 56.45 21.5 11.2322
    endloop
  endfacet
  facet normal 0 1 0
    outer loop
      vertex 56.8021 21.5 29.0379
      vertex 56.8021 21.5 10.9621
      vertex 56.6349 21.5 11.1087
    endloop
  endfacet
  facet normal 0 1 0
    outer loop
      vertex 56.9487 21.5 29.2051
      vertex 56.9487 21.5 10.7949
      vertex 56.8021 21.5 10.9621
    endloop
  endfacet
  facet normal 0 1 0
    outer loop
      vertex 57.0722 21.5 29.39
      vertex 57.0722 21.5 10.61
      vertex 56.9487 21.5 10.7949
    endloop
  endfacet
  facet normal 0 1 0
    outer loop
      vertex 57.1706 21.5 29.5894
      vertex 57.1706 21.5 10.4106
      vertex 57.0722 21.5 10.61
    endloop
  endfacet
  facet normal 0 1 0
    outer loop
      vertex 57.2421 21.5 29.8
      vertex 57.2421 21.5 10.2
      vertex 57.1706 21.5 10.4106
    endloop
  endfacet
  facet normal 0 1 0
    outer loop
      vertex 57.2855 21.5 30.0181
      vertex 57.2855 21.5 9.98189
      vertex 57.2421 21.5 10.2
    endloop
  endfacet
  facet normal 0 1 -0
    outer loop
      vertex 58.8 21.5 0
      vertex 57.2855 21.5 9.98189
      vertex 58.8 21.5 38.8
    endloop
  endfacet
  facet normal 0 1 0
    outer loop
      vertex 3.63999 21.5 8.11793
      vertex 0 21.5 0
      vertex 3.42189 21.5 8.07454
    endloop
  endfacet
  facet normal 0 1 0
    outer loop
      vertex 55.8219 21.5 8.07454
      vertex 58.8 21.5 0
      vertex 55.6 21.5 8.06
    endloop
  endfacet
  facet normal 0 1 0
    outer loop
      vertex 56.04 21.5 8.11793
      vertex 58.8 21.5 0
      vertex 55.8219 21.5 8.07454
    endloop
  endfacet
  facet normal 0 1 0
    outer loop
      vertex 56.2506 21.5 8.18941
      vertex 58.8 21.5 0
      vertex 56.04 21.5 8.11793
    endloop
  endfacet
  facet normal 0 1 0
    outer loop
      vertex 56.45 21.5 8.28776
      vertex 58.8 21.5 0
      vertex 56.2506 21.5 8.18941
    endloop
  endfacet
  facet normal 0 1 0
    outer loop
      vertex 56.6349 21.5 8.4113
      vertex 58.8 21.5 0
      vertex 56.45 21.5 8.28776
    endloop
  endfacet
  facet normal 0 1 0
    outer loop
      vertex 56.8021 21.5 8.55792
      vertex 58.8 21.5 0
      vertex 56.6349 21.5 8.4113
    endloop
  endfacet
  facet normal 0 1 0
    outer loop
      vertex 56.9487 21.5 8.72511
      vertex 58.8 21.5 0
      vertex 56.8021 21.5 8.55792
    endloop
  endfacet
  facet normal 0 1 0
    outer loop
      vertex 57.0722 21.5 8.91
      vertex 58.8 21.5 0
      vertex 56.9487 21.5 8.72511
    endloop
  endfacet
  facet normal 0 1 0
    outer loop
      vertex 57.1706 21.5 9.10944
      vertex 58.8 21.5 0
      vertex 57.0722 21.5 8.91
    endloop
  endfacet
  facet normal 0 1 0
    outer loop
      vertex 57.2421 21.5 9.32001
      vertex 58.8 21.5 0
      vertex 57.1706 21.5 9.10944
    endloop
  endfacet
  facet normal 0 1 0
    outer loop
      vertex 57.2855 21.5 9.53811
      vertex 58.8 21.5 0
      vertex 57.2421 21.5 9.32001
    endloop
  endfacet
  facet normal 0 1 0
    outer loop
      vertex 57.3 21.5 9.76
      vertex 58.8 21.5 0
      vertex 57.2855 21.5 9.53811
    endloop
  endfacet
  facet normal 0 1 0
    outer loop
      vertex 57.2855 21.5 9.98189
      vertex 58.8 21.5 0
      vertex 57.3 21.5 9.76
    endloop
  endfacet
  facet normal 0 1 0
    outer loop
      vertex 55.16 21.5 31.8821
      vertex 58.8 21.5 38.8
      vertex 55.3781 21.5 31.9255
    endloop
  endfacet
  facet normal 0 1 -0
    outer loop
      vertex 2.97811 21.5 31.9255
      vertex 0 21.5 38.8
      vertex 3.2 21.5 31.94
    endloop
  endfacet
  facet normal 0 1 -0
    outer loop
      vertex 2.76001 21.5 31.8821
      vertex 0 21.5 38.8
      vertex 2.97811 21.5 31.9255
    endloop
  endfacet
  facet normal 0 1 -0
    outer loop
      vertex 2.54944 21.5 31.8106
      vertex 0 21.5 38.8
      vertex 2.76001 21.5 31.8821
    endloop
  endfacet
  facet normal 0 1 -0
    outer loop
      vertex 2.35 21.5 31.7122
      vertex 0 21.5 38.8
      vertex 2.54944 21.5 31.8106
    endloop
  endfacet
  facet normal 0 1 -0
    outer loop
      vertex 2.16511 21.5 31.5887
      vertex 0 21.5 38.8
      vertex 2.35 21.5 31.7122
    endloop
  endfacet
  facet normal 0 1 -0
    outer loop
      vertex 1.99792 21.5 31.4421
      vertex 0 21.5 38.8
      vertex 2.16511 21.5 31.5887
    endloop
  endfacet
  facet normal 0 1 -0
    outer loop
      vertex 1.8513 21.5 31.2749
      vertex 0 21.5 38.8
      vertex 1.99792 21.5 31.4421
    endloop
  endfacet
  facet normal 0 1 -0
    outer loop
      vertex 1.72776 21.5 31.09
      vertex 0 21.5 38.8
      vertex 1.8513 21.5 31.2749
    endloop
  endfacet
  facet normal 0 1 -0
    outer loop
      vertex 1.62941 21.5 30.8906
      vertex 0 21.5 38.8
      vertex 1.72776 21.5 31.09
    endloop
  endfacet
  facet normal 0 1 -0
    outer loop
      vertex 1.55793 21.5 30.68
      vertex 0 21.5 38.8
      vertex 1.62941 21.5 30.8906
    endloop
  endfacet
  facet normal 0 1 -0
    outer loop
      vertex 1.51454 21.5 30.4619
      vertex 0 21.5 38.8
      vertex 1.55793 21.5 30.68
    endloop
  endfacet
  facet normal 0 1 -0
    outer loop
      vertex 1.5 21.5 30.24
      vertex 0 21.5 38.8
      vertex 1.51454 21.5 30.4619
    endloop
  endfacet
  facet normal 0 1 0
    outer loop
      vertex 1.51454 21.5 30.0181
      vertex 0 21.5 38.8
      vertex 1.5 21.5 30.24
    endloop
  endfacet
  facet normal 0 1 0
    outer loop
      vertex 3.85056 21.5 28.6694
      vertex 3.2 21.5 11.46
      vertex 3.63999 21.5 28.5979
    endloop
  endfacet
  facet normal 0 1 0
    outer loop
      vertex 3.63999 21.5 28.5979
      vertex 3.2 21.5 11.46
      vertex 3.42189 21.5 28.5545
    endloop
  endfacet
  facet normal 0 1 0
    outer loop
      vertex 3.42189 21.5 28.5545
      vertex 3.2 21.5 11.46
      vertex 3.2 21.5 28.54
    endloop
  endfacet
  facet normal 0 1 0
    outer loop
      vertex 3.2 21.5 28.54
      vertex 3.2 21.5 11.46
      vertex 2.97811 21.5 28.5545
    endloop
  endfacet
  facet normal 0 1 0
    outer loop
      vertex 2.97811 21.5 11.4455
      vertex 2.97811 21.5 28.5545
      vertex 3.2 21.5 11.46
    endloop
  endfacet
  facet normal 0 1 0
    outer loop
      vertex 2.97811 21.5 28.5545
      vertex 2.97811 21.5 11.4455
      vertex 2.76001 21.5 28.5979
    endloop
  endfacet
  facet normal 0 1 0
    outer loop
      vertex 54.75 21.5 11.2322
      vertex 54.75 21.5 28.7678
      vertex 54.9494 21.5 11.3306
    endloop
  endfacet
  facet normal 0 1 0
    outer loop
      vertex 2.76001 21.5 11.4021
      vertex 2.76001 21.5 28.5979
      vertex 2.97811 21.5 11.4455
    endloop
  endfacet
  facet normal 0 1 0
    outer loop
      vertex 2.76001 21.5 28.5979
      vertex 2.76001 21.5 11.4021
      vertex 2.54944 21.5 28.6694
    endloop
  endfacet
  facet normal 0 1 0
    outer loop
      vertex 2.54944 21.5 11.3306
      vertex 2.54944 21.5 28.6694
      vertex 2.76001 21.5 11.4021
    endloop
  endfacet
  facet normal 0 1 0
    outer loop
      vertex 2.54944 21.5 28.6694
      vertex 2.54944 21.5 11.3306
      vertex 2.35 21.5 28.7678
    endloop
  endfacet
  facet normal 0 1 0
    outer loop
      vertex 2.35 21.5 11.2322
      vertex 2.35 21.5 28.7678
      vertex 2.54944 21.5 11.3306
    endloop
  endfacet
  facet normal 0 1 0
    outer loop
      vertex 2.35 21.5 28.7678
      vertex 2.35 21.5 11.2322
      vertex 2.16511 21.5 28.8913
    endloop
  endfacet
  facet normal 0 1 0
    outer loop
      vertex 2.16511 21.5 11.1087
      vertex 2.16511 21.5 28.8913
      vertex 2.35 21.5 11.2322
    endloop
  endfacet
  facet normal 0 1 0
    outer loop
      vertex 2.16511 21.5 28.8913
      vertex 2.16511 21.5 11.1087
      vertex 1.99792 21.5 29.0379
    endloop
  endfacet
  facet normal 0 1 0
    outer loop
      vertex 1.99792 21.5 10.9621
      vertex 1.99792 21.5 29.0379
      vertex 2.16511 21.5 11.1087
    endloop
  endfacet
  facet normal 0 1 0
    outer loop
      vertex 1.99792 21.5 29.0379
      vertex 1.99792 21.5 10.9621
      vertex 1.8513 21.5 29.2051
    endloop
  endfacet
  facet normal 0 1 0
    outer loop
      vertex 1.8513 21.5 10.7949
      vertex 1.8513 21.5 29.2051
      vertex 1.99792 21.5 10.9621
    endloop
  endfacet
  facet normal 0 1 0
    outer loop
      vertex 1.8513 21.5 29.2051
      vertex 1.8513 21.5 10.7949
      vertex 1.72776 21.5 29.39
    endloop
  endfacet
  facet normal 0 1 0
    outer loop
      vertex 1.72776 21.5 10.61
      vertex 1.72776 21.5 29.39
      vertex 1.8513 21.5 10.7949
    endloop
  endfacet
  facet normal 0 1 0
    outer loop
      vertex 1.72776 21.5 29.39
      vertex 1.72776 21.5 10.61
      vertex 1.62941 21.5 29.5894
    endloop
  endfacet
  facet normal 0 1 0
    outer loop
      vertex 1.62941 21.5 10.4106
      vertex 1.62941 21.5 29.5894
      vertex 1.72776 21.5 10.61
    endloop
  endfacet
  facet normal 0 1 0
    outer loop
      vertex 1.62941 21.5 29.5894
      vertex 1.62941 21.5 10.4106
      vertex 1.55793 21.5 29.8
    endloop
  endfacet
  facet normal 0 1 0
    outer loop
      vertex 1.55793 21.5 10.2
      vertex 1.55793 21.5 29.8
      vertex 1.62941 21.5 10.4106
    endloop
  endfacet
  facet normal 0 1 0
    outer loop
      vertex 1.55793 21.5 29.8
      vertex 1.55793 21.5 10.2
      vertex 1.51454 21.5 30.0181
    endloop
  endfacet
  facet normal 0 1 0
    outer loop
      vertex 1.51454 21.5 9.98189
      vertex 1.51454 21.5 30.0181
      vertex 1.55793 21.5 10.2
    endloop
  endfacet
  facet normal 0 1 0
    outer loop
      vertex 1.51454 21.5 30.0181
      vertex 1.51454 21.5 9.98189
      vertex 0 21.5 38.8
    endloop
  endfacet
  facet normal 0 1 0
    outer loop
      vertex 0 21.5 0
      vertex 1.51454 21.5 9.98189
      vertex 1.5 21.5 9.76
    endloop
  endfacet
  facet normal 0 1 0
    outer loop
      vertex 3.42189 21.5 8.07454
      vertex 0 21.5 0
      vertex 3.2 21.5 8.06
    endloop
  endfacet
  facet normal 0 1 0
    outer loop
      vertex 1.51454 21.5 9.98189
      vertex 0 21.5 0
      vertex 0 21.5 38.8
    endloop
  endfacet
  facet normal 0 1 0
    outer loop
      vertex 1.51454 21.5 9.53811
      vertex 0 21.5 0
      vertex 1.5 21.5 9.76
    endloop
  endfacet
  facet normal 0 1 0
    outer loop
      vertex 1.55793 21.5 9.32001
      vertex 0 21.5 0
      vertex 1.51454 21.5 9.53811
    endloop
  endfacet
  facet normal 0 1 0
    outer loop
      vertex 1.62941 21.5 9.10944
      vertex 0 21.5 0
      vertex 1.55793 21.5 9.32001
    endloop
  endfacet
  facet normal 0 1 0
    outer loop
      vertex 1.72776 21.5 8.91
      vertex 0 21.5 0
      vertex 1.62941 21.5 9.10944
    endloop
  endfacet
  facet normal 0 1 0
    outer loop
      vertex 1.8513 21.5 8.72511
      vertex 0 21.5 0
      vertex 1.72776 21.5 8.91
    endloop
  endfacet
  facet normal 0 1 0
    outer loop
      vertex 1.99792 21.5 8.55792
      vertex 0 21.5 0
      vertex 1.8513 21.5 8.72511
    endloop
  endfacet
  facet normal 0 1 0
    outer loop
      vertex 2.16511 21.5 8.4113
      vertex 0 21.5 0
      vertex 1.99792 21.5 8.55792
    endloop
  endfacet
  facet normal 0 1 0
    outer loop
      vertex 2.35 21.5 8.28776
      vertex 0 21.5 0
      vertex 2.16511 21.5 8.4113
    endloop
  endfacet
  facet normal 0 1 0
    outer loop
      vertex 2.54944 21.5 8.18941
      vertex 0 21.5 0
      vertex 2.35 21.5 8.28776
    endloop
  endfacet
  facet normal 0 1 0
    outer loop
      vertex 2.76001 21.5 8.11793
      vertex 0 21.5 0
      vertex 2.54944 21.5 8.18941
    endloop
  endfacet
  facet normal 0 1 0
    outer loop
      vertex 2.97811 21.5 8.07454
      vertex 0 21.5 0
      vertex 2.76001 21.5 8.11793
    endloop
  endfacet
  facet normal 0 1 0
    outer loop
      vertex 3.2 21.5 8.06
      vertex 0 21.5 0
      vertex 2.97811 21.5 8.07454
    endloop
  endfacet
  facet normal 0 -1 0
    outer loop
      vertex 4.7 19 27.6419
      vertex 4.7 19 12.3581
      vertex 5.02628 19 27.8599
    endloop
  endfacet
  facet normal 0 -1 0
    outer loop
      vertex 37.4 19 18.624
      vertex 55.2084 19 12.7343
      vertex 55.6 19 12.76
    endloop
  endfacet
  facet normal 0 -1 0
    outer loop
      vertex 5.02628 19 12.1401
      vertex 5.02628 19 27.8599
      vertex 4.7 19 12.3581
    endloop
  endfacet
  facet normal 0 -1 0
    outer loop
      vertex 37.4 19 18.624
      vertex 54.8235 19 12.6578
      vertex 55.2084 19 12.7343
    endloop
  endfacet
  facet normal 0 -1 0
    outer loop
      vertex 5.02628 19 27.8599
      vertex 5.02628 19 12.1401
      vertex 21.4 19 18.624
    endloop
  endfacet
  facet normal 0 -1 0
    outer loop
      vertex 37.4 19 18.624
      vertex 54.452 19 12.5316
      vertex 54.8235 19 12.6578
    endloop
  endfacet
  facet normal 0 -1 0
    outer loop
      vertex 5.32132 19 11.8813
      vertex 21.4 19 18.624
      vertex 5.02628 19 12.1401
    endloop
  endfacet
  facet normal 0 -1 0
    outer loop
      vertex 37.4 19 18.624
      vertex 54.1 19 12.3581
      vertex 54.452 19 12.5316
    endloop
  endfacet
  facet normal 0 -1 0
    outer loop
      vertex 5.58006 19 11.5863
      vertex 21.4 19 18.624
      vertex 5.32132 19 11.8813
    endloop
  endfacet
  facet normal 0 -1 0
    outer loop
      vertex 37.4 19 18.624
      vertex 53.7737 19 12.1401
      vertex 54.1 19 12.3581
    endloop
  endfacet
  facet normal 0 -1 0
    outer loop
      vertex 5.79808 19 11.26
      vertex 21.4 19 18.624
      vertex 5.58006 19 11.5863
    endloop
  endfacet
  facet normal 0 -1 0
    outer loop
      vertex 37.4 19 18.624
      vertex 53.4787 19 11.8813
      vertex 53.7737 19 12.1401
    endloop
  endfacet
  facet normal 0 -1 0
    outer loop
      vertex 5.97164 19 10.908
      vertex 21.4 19 18.624
      vertex 5.79808 19 11.26
    endloop
  endfacet
  facet normal 0 -1 0
    outer loop
      vertex 37.4 19 18.624
      vertex 53.2199 19 11.5863
      vertex 53.4787 19 11.8813
    endloop
  endfacet
  facet normal 0 -1 0
    outer loop
      vertex 6.09778 19 10.5365
      vertex 21.4 19 18.624
      vertex 5.97164 19 10.908
    endloop
  endfacet
  facet normal 0 -1 0
    outer loop
      vertex 37.4 19 18.624
      vertex 53.0019 19 11.26
      vertex 53.2199 19 11.5863
    endloop
  endfacet
  facet normal 0 -1 0
    outer loop
      vertex 6.17433 19 10.1516
      vertex 21.4 19 18.624
      vertex 6.09778 19 10.5365
    endloop
  endfacet
  facet normal 0 -1 0
    outer loop
      vertex 37.4 19 18.624
      vertex 52.8284 19 10.908
      vertex 53.0019 19 11.26
    endloop
  endfacet
  facet normal 0 -1 0
    outer loop
      vertex 6.2 19 9.76
      vertex 21.4 19 18.624
      vertex 6.17433 19 10.1516
    endloop
  endfacet
  facet normal 0 -1 0
    outer loop
      vertex 37.4 19 18.624
      vertex 52.7022 19 10.5365
      vertex 52.8284 19 10.908
    endloop
  endfacet
  facet normal 0 -1 0
    outer loop
      vertex 6.17433 19 9.36842
      vertex 21.4 19 18.624
      vertex 6.2 19 9.76
    endloop
  endfacet
  facet normal 0 -1 0
    outer loop
      vertex 37.4 19 18.624
      vertex 52.6257 19 10.1516
      vertex 52.7022 19 10.5365
    endloop
  endfacet
  facet normal 0 -1 0
    outer loop
      vertex 6.09778 19 8.98354
      vertex 21.4 19 18.624
      vertex 6.17433 19 9.36842
    endloop
  endfacet
  facet normal 0 -1 0
    outer loop
      vertex 37.4 19 18.624
      vertex 52.6 19 9.76
      vertex 52.6257 19 10.1516
    endloop
  endfacet
  facet normal 0 -1 0
    outer loop
      vertex 5.97164 19 8.61195
      vertex 21.4 19 18.624
      vertex 6.09778 19 8.98354
    endloop
  endfacet
  facet normal 0 -1 0
    outer loop
      vertex 37.4 19 18.624
      vertex 52.6257 19 9.36842
      vertex 52.6 19 9.76
    endloop
  endfacet
  facet normal 0 -1 0
    outer loop
      vertex 5.79808 19 8.26
      vertex 21.4 19 18.624
      vertex 5.97164 19 8.61195
    endloop
  endfacet
  facet normal 0 -1 0
    outer loop
      vertex 37.4 19 18.624
      vertex 52.7022 19 8.98354
      vertex 52.6257 19 9.36842
    endloop
  endfacet
  facet normal 0 -1 0
    outer loop
      vertex 5.58006 19 7.93372
      vertex 21.4 19 18.624
      vertex 5.79808 19 8.26
    endloop
  endfacet
  facet normal 0 -1 0
    outer loop
      vertex 37.4 19 18.624
      vertex 52.8284 19 8.61195
      vertex 52.7022 19 8.98354
    endloop
  endfacet
  facet normal 0 -1 -0
    outer loop
      vertex 21.4 19 18.624
      vertex 5.58006 19 7.93372
      vertex 37.4 19 18.624
    endloop
  endfacet
  facet normal 0 -1 0
    outer loop
      vertex 37.4 19 18.624
      vertex 53.0019 19 8.26
      vertex 52.8284 19 8.61195
    endloop
  endfacet
  facet normal 0 -1 0
    outer loop
      vertex 53.2199 19 7.93372
      vertex 37.4 19 18.624
      vertex 5.58006 19 7.93372
    endloop
  endfacet
  facet normal 0 -1 0
    outer loop
      vertex 37.4 19 18.624
      vertex 53.2199 19 7.93372
      vertex 53.0019 19 8.26
    endloop
  endfacet
  facet normal 0 -1 0
    outer loop
      vertex 5.32132 19 7.63868
      vertex 53.2199 19 7.93372
      vertex 5.58006 19 7.93372
    endloop
  endfacet
  facet normal 0 -1 0
    outer loop
      vertex 5.32132 19 7.63868
      vertex 53.4787 19 7.63868
      vertex 53.2199 19 7.93372
    endloop
  endfacet
  facet normal 0 -1 0
    outer loop
      vertex 0 19 0
      vertex 5.32132 19 7.63868
      vertex 5.02628 19 7.37994
    endloop
  endfacet
  facet normal 0 -1 -0
    outer loop
      vertex 5.32132 19 7.63868
      vertex 0 19 0
      vertex 53.4787 19 7.63868
    endloop
  endfacet
  facet normal 0 -1 0
    outer loop
      vertex 0 19 0
      vertex 5.02628 19 7.37994
      vertex 4.7 19 7.16192
    endloop
  endfacet
  facet normal 0 -1 0
    outer loop
      vertex 58.8 19 0
      vertex 53.4787 19 7.63868
      vertex 0 19 0
    endloop
  endfacet
  facet normal 0 -1 0
    outer loop
      vertex 0 19 0
      vertex 4.7 19 7.16192
      vertex 4.34805 19 6.98836
    endloop
  endfacet
  facet normal 0 -1 0
    outer loop
      vertex 53.4787 19 7.63868
      vertex 58.8 19 0
      vertex 53.7737 19 7.37994
    endloop
  endfacet
  facet normal 0 -1 0
    outer loop
      vertex 0 19 0
      vertex 4.34805 19 6.98836
      vertex 3.97646 19 6.86222
    endloop
  endfacet
  facet normal 0 -1 0
    outer loop
      vertex 53.7737 19 7.37994
      vertex 58.8 19 0
      vertex 54.1 19 7.16192
    endloop
  endfacet
  facet normal 0 -1 0
    outer loop
      vertex 0 19 0
      vertex 3.97646 19 6.86222
      vertex 3.59158 19 6.78567
    endloop
  endfacet
  facet normal 0 -1 0
    outer loop
      vertex 54.1 19 7.16192
      vertex 58.8 19 0
      vertex 54.452 19 6.98836
    endloop
  endfacet
  facet normal 0 -1 0
    outer loop
      vertex 0 19 0
      vertex 3.59158 19 6.78567
      vertex 3.2 19 6.76
    endloop
  endfacet
  facet normal 0 -1 0
    outer loop
      vertex 54.452 19 6.98836
      vertex 58.8 19 0
      vertex 54.8235 19 6.86222
    endloop
  endfacet
  facet normal 0 -1 0
    outer loop
      vertex 4.34805 19 33.0116
      vertex 0 19 38.8
      vertex 3.97646 19 33.1378
    endloop
  endfacet
  facet normal 0 -1 0
    outer loop
      vertex 58.8 19 38.8
      vertex 55.2084 19 33.2143
      vertex 55.6 19 33.24
    endloop
  endfacet
  facet normal 0 -1 0
    outer loop
      vertex 4.7 19 32.8381
      vertex 0 19 38.8
      vertex 4.34805 19 33.0116
    endloop
  endfacet
  facet normal 0 -1 0
    outer loop
      vertex 58.8 19 38.8
      vertex 54.8235 19 33.1378
      vertex 55.2084 19 33.2143
    endloop
  endfacet
  facet normal 0 -1 0
    outer loop
      vertex 5.02628 19 32.6201
      vertex 0 19 38.8
      vertex 4.7 19 32.8381
    endloop
  endfacet
  facet normal 0 -1 0
    outer loop
      vertex 58.8 19 38.8
      vertex 54.452 19 33.0116
      vertex 54.8235 19 33.1378
    endloop
  endfacet
  facet normal 0 -1 0
    outer loop
      vertex 5.32132 19 32.3613
      vertex 0 19 38.8
      vertex 5.02628 19 32.6201
    endloop
  endfacet
  facet normal 0 -1 0
    outer loop
      vertex 58.8 19 38.8
      vertex 54.1 19 32.8381
      vertex 54.452 19 33.0116
    endloop
  endfacet
  facet normal 0 -1 0
    outer loop
      vertex 0 19 38.8
      vertex 5.32132 19 32.3613
      vertex 58.8 19 38.8
    endloop
  endfacet
  facet normal 0 -1 0
    outer loop
      vertex 58.8 19 38.8
      vertex 53.7737 19 32.6201
      vertex 54.1 19 32.8381
    endloop
  endfacet
  facet normal 0 -1 0
    outer loop
      vertex 53.4787 19 32.3613
      vertex 58.8 19 38.8
      vertex 5.32132 19 32.3613
    endloop
  endfacet
  facet normal 0 -1 0
    outer loop
      vertex 58.8 19 38.8
      vertex 53.4787 19 32.3613
      vertex 53.7737 19 32.6201
    endloop
  endfacet
  facet normal 0 -1 0
    outer loop
      vertex 21.4 19 23.624
      vertex 5.32132 19 32.3613
      vertex 5.58006 19 32.0663
    endloop
  endfacet
  facet normal 0 -1 0
    outer loop
      vertex 5.32132 19 32.3613
      vertex 21.4 19 23.624
      vertex 53.4787 19 32.3613
    endloop
  endfacet
  facet normal 0 -1 0
    outer loop
      vertex 21.4 19 23.624
      vertex 5.58006 19 32.0663
      vertex 5.79808 19 31.74
    endloop
  endfacet
  facet normal 0 -1 0
    outer loop
      vertex 37.4 19 23.624
      vertex 53.4787 19 32.3613
      vertex 21.4 19 23.624
    endloop
  endfacet
  facet normal 0 -1 0
    outer loop
      vertex 21.4 19 23.624
      vertex 5.79808 19 31.74
      vertex 5.97164 19 31.3881
    endloop
  endfacet
  facet normal 0 -1 0
    outer loop
      vertex 53.4787 19 32.3613
      vertex 37.4 19 23.624
      vertex 53.2199 19 32.0663
    endloop
  endfacet
  facet normal 0 -1 0
    outer loop
      vertex 21.4 19 23.624
      vertex 5.97164 19 31.3881
      vertex 6.09778 19 31.0165
    endloop
  endfacet
  facet normal 0 -1 0
    outer loop
      vertex 53.2199 19 32.0663
      vertex 37.4 19 23.624
      vertex 53.0019 19 31.74
    endloop
  endfacet
  facet normal 0 -1 0
    outer loop
      vertex 21.4 19 23.624
      vertex 6.09778 19 31.0165
      vertex 6.17433 19 30.6316
    endloop
  endfacet
  facet normal 0 -1 0
    outer loop
      vertex 53.0019 19 31.74
      vertex 37.4 19 23.624
      vertex 52.8284 19 31.3881
    endloop
  endfacet
  facet normal 0 -1 0
    outer loop
      vertex 21.4 19 23.624
      vertex 6.17433 19 30.6316
      vertex 6.2 19 30.24
    endloop
  endfacet
  facet normal 0 -1 0
    outer loop
      vertex 52.8284 19 31.3881
      vertex 37.4 19 23.624
      vertex 52.7022 19 31.0165
    endloop
  endfacet
  facet normal 0 -1 0
    outer loop
      vertex 21.4 19 23.624
      vertex 6.2 19 30.24
      vertex 6.17433 19 29.8484
    endloop
  endfacet
  facet normal 0 -1 0
    outer loop
      vertex 52.7022 19 31.0165
      vertex 37.4 19 23.624
      vertex 52.6257 19 30.6316
    endloop
  endfacet
  facet normal 0 -1 0
    outer loop
      vertex 21.4 19 23.624
      vertex 6.17433 19 29.8484
      vertex 6.09778 19 29.4635
    endloop
  endfacet
  facet normal 0 -1 0
    outer loop
      vertex 52.6257 19 30.6316
      vertex 37.4 19 23.624
      vertex 52.6 19 30.24
    endloop
  endfacet
  facet normal 0 -1 0
    outer loop
      vertex 21.4 19 23.624
      vertex 6.09778 19 29.4635
      vertex 5.97164 19 29.092
    endloop
  endfacet
  facet normal 0 -1 -0
    outer loop
      vertex 52.6 19 30.24
      vertex 37.4 19 23.624
      vertex 52.6257 19 29.8484
    endloop
  endfacet
  facet normal 0 -1 0
    outer loop
      vertex 21.4 19 23.624
      vertex 5.97164 19 29.092
      vertex 5.79808 19 28.74
    endloop
  endfacet
  facet normal 0 -1 -0
    outer loop
      vertex 52.6257 19 29.8484
      vertex 37.4 19 23.624
      vertex 52.7022 19 29.4635
    endloop
  endfacet
  facet normal 0 -1 0
    outer loop
      vertex 21.4 19 23.624
      vertex 5.79808 19 28.74
      vertex 5.58006 19 28.4137
    endloop
  endfacet
  facet normal 0 -1 -0
    outer loop
      vertex 52.7022 19 29.4635
      vertex 37.4 19 23.624
      vertex 52.8284 19 29.092
    endloop
  endfacet
  facet normal 0 -1 0
    outer loop
      vertex 21.4 19 23.624
      vertex 5.58006 19 28.4137
      vertex 5.32132 19 28.1187
    endloop
  endfacet
  facet normal 0 -1 -0
    outer loop
      vertex 52.8284 19 29.092
      vertex 37.4 19 23.624
      vertex 53.0019 19 28.74
    endloop
  endfacet
  facet normal 0 -1 0
    outer loop
      vertex 21.4 19 18.624
      vertex 5.32132 19 28.1187
      vertex 5.02628 19 27.8599
    endloop
  endfacet
  facet normal 0 -1 -0
    outer loop
      vertex 53.0019 19 28.74
      vertex 37.4 19 23.624
      vertex 53.2199 19 28.4137
    endloop
  endfacet
  facet normal 0 -1 0
    outer loop
      vertex 3.97646 19 27.3422
      vertex 3.97646 19 12.6578
      vertex 4.34805 19 27.4684
    endloop
  endfacet
  facet normal 0 -1 -0
    outer loop
      vertex 53.2199 19 28.4137
      vertex 37.4 19 23.624
      vertex 53.4787 19 28.1187
    endloop
  endfacet
  facet normal 0 -1 0
    outer loop
      vertex 3.97646 19 12.6578
      vertex 3.97646 19 27.3422
      vertex 3.59158 19 12.7343
    endloop
  endfacet
  facet normal 0 -1 0
    outer loop
      vertex 37.4 19 18.624
      vertex 53.4787 19 28.1187
      vertex 37.4 19 23.624
    endloop
  endfacet
  facet normal 0 -1 0
    outer loop
      vertex 3.59158 19 27.2657
      vertex 3.59158 19 12.7343
      vertex 3.97646 19 27.3422
    endloop
  endfacet
  facet normal 0 -1 -0
    outer loop
      vertex 53.4787 19 28.1187
      vertex 37.4 19 18.624
      vertex 53.7737 19 27.8599
    endloop
  endfacet
  facet normal 0 -1 0
    outer loop
      vertex 3.59158 19 12.7343
      vertex 3.59158 19 27.2657
      vertex 3.2 19 12.76
    endloop
  endfacet
  facet normal 0 -1 0
    outer loop
      vertex 55.6 19 12.76
      vertex 53.7737 19 27.8599
      vertex 37.4 19 18.624
    endloop
  endfacet
  facet normal 0 -1 0
    outer loop
      vertex 3.2 19 12.76
      vertex 3.59158 19 27.2657
      vertex 3.2 19 27.24
    endloop
  endfacet
  facet normal 0 -1 0
    outer loop
      vertex 53.7737 19 27.8599
      vertex 55.6 19 12.76
      vertex 54.1 19 27.6419
    endloop
  endfacet
  facet normal 0 -1 0
    outer loop
      vertex 3.59158 19 33.2143
      vertex 0 19 38.8
      vertex 3.2 19 33.24
    endloop
  endfacet
  facet normal 0 -1 0
    outer loop
      vertex 0 19 38.8
      vertex 2.80842 19 33.2143
      vertex 3.2 19 33.24
    endloop
  endfacet
  facet normal 0 -1 0
    outer loop
      vertex 0 19 38.8
      vertex 2.42354 19 33.1378
      vertex 2.80842 19 33.2143
    endloop
  endfacet
  facet normal 0 -1 0
    outer loop
      vertex 0 19 38.8
      vertex 2.05195 19 33.0116
      vertex 2.42354 19 33.1378
    endloop
  endfacet
  facet normal 0 -1 0
    outer loop
      vertex 0 19 38.8
      vertex 1.7 19 32.8381
      vertex 2.05195 19 33.0116
    endloop
  endfacet
  facet normal 0 -1 0
    outer loop
      vertex 0 19 38.8
      vertex 1.37372 19 32.6201
      vertex 1.7 19 32.8381
    endloop
  endfacet
  facet normal 0 -1 0
    outer loop
      vertex 0 19 38.8
      vertex 1.07868 19 32.3613
      vertex 1.37372 19 32.6201
    endloop
  endfacet
  facet normal 0 -1 0
    outer loop
      vertex 0 19 38.8
      vertex 0.819941 19 32.0663
      vertex 1.07868 19 32.3613
    endloop
  endfacet
  facet normal 0 -1 0
    outer loop
      vertex 0 19 38.8
      vertex 0.601924 19 31.74
      vertex 0.819941 19 32.0663
    endloop
  endfacet
  facet normal 0 -1 0
    outer loop
      vertex 0 19 38.8
      vertex 0.428362 19 31.3881
      vertex 0.601924 19 31.74
    endloop
  endfacet
  facet normal 0 -1 0
    outer loop
      vertex 0 19 38.8
      vertex 0.302223 19 31.0165
      vertex 0.428362 19 31.3881
    endloop
  endfacet
  facet normal 0 -1 0
    outer loop
      vertex 0 19 38.8
      vertex 0.225666 19 30.6316
      vertex 0.302223 19 31.0165
    endloop
  endfacet
  facet normal 0 -1 0
    outer loop
      vertex 0 19 38.8
      vertex 0.2 19 30.24
      vertex 0.225666 19 30.6316
    endloop
  endfacet
  facet normal 0 -1 0
    outer loop
      vertex 54.1 19 27.6419
      vertex 55.6 19 12.76
      vertex 54.452 19 27.4684
    endloop
  endfacet
  facet normal 0 -1 0
    outer loop
      vertex 3.2 19 12.76
      vertex 3.2 19 27.24
      vertex 2.80842 19 27.2657
    endloop
  endfacet
  facet normal 0 -1 0
    outer loop
      vertex 5.32132 19 28.1187
      vertex 21.4 19 18.624
      vertex 21.4 19 23.624
    endloop
  endfacet
  facet normal 0 -1 0
    outer loop
      vertex 2.80842 19 12.7343
      vertex 2.80842 19 27.2657
      vertex 2.42354 19 27.3422
    endloop
  endfacet
  facet normal 0 -1 0
    outer loop
      vertex 2.42354 19 12.6578
      vertex 2.42354 19 27.3422
      vertex 2.05195 19 27.4684
    endloop
  endfacet
  facet normal 0 -1 0
    outer loop
      vertex 4.34805 19 27.4684
      vertex 4.34805 19 12.5316
      vertex 4.7 19 27.6419
    endloop
  endfacet
  facet normal 0 -1 0
    outer loop
      vertex 4.34805 19 12.5316
      vertex 4.34805 19 27.4684
      vertex 3.97646 19 12.6578
    endloop
  endfacet
  facet normal 0 -1 0
    outer loop
      vertex 2.05195 19 12.5316
      vertex 2.05195 19 27.4684
      vertex 1.7 19 27.6419
    endloop
  endfacet
  facet normal 0 -1 0
    outer loop
      vertex 1.7 19 12.3581
      vertex 1.7 19 27.6419
      vertex 1.37372 19 27.8599
    endloop
  endfacet
  facet normal 0 -1 0
    outer loop
      vertex 1.37372 19 12.1401
      vertex 1.37372 19 27.8599
      vertex 1.07868 19 28.1187
    endloop
  endfacet
  facet normal 0 -1 0
    outer loop
      vertex 1.07868 19 11.8813
      vertex 1.07868 19 28.1187
      vertex 0.819941 19 28.4137
    endloop
  endfacet
  facet normal 0 -1 0
    outer loop
      vertex 0.819941 19 11.5863
      vertex 0.819941 19 28.4137
      vertex 0.601924 19 28.74
    endloop
  endfacet
  facet normal 0 -1 0
    outer loop
      vertex 0.601924 19 11.26
      vertex 0.601924 19 28.74
      vertex 0.428362 19 29.092
    endloop
  endfacet
  facet normal 0 -1 0
    outer loop
      vertex 0.428362 19 10.908
      vertex 0.428362 19 29.092
      vertex 0.302223 19 29.4635
    endloop
  endfacet
  facet normal 0 -1 0
    outer loop
      vertex 0.302223 19 10.5365
      vertex 0.302223 19 29.4635
      vertex 0.225666 19 29.8484
    endloop
  endfacet
  facet normal 0 -1 0
    outer loop
      vertex 2.80842 19 27.2657
      vertex 2.80842 19 12.7343
      vertex 3.2 19 12.76
    endloop
  endfacet
  facet normal 0 -1 0
    outer loop
      vertex 2.42354 19 27.3422
      vertex 2.42354 19 12.6578
      vertex 2.80842 19 12.7343
    endloop
  endfacet
  facet normal 0 -1 0
    outer loop
      vertex 2.05195 19 27.4684
      vertex 2.05195 19 12.5316
      vertex 2.42354 19 12.6578
    endloop
  endfacet
  facet normal 0 -1 0
    outer loop
      vertex 1.7 19 27.6419
      vertex 1.7 19 12.3581
      vertex 2.05195 19 12.5316
    endloop
  endfacet
  facet normal 0 -1 0
    outer loop
      vertex 1.37372 19 27.8599
      vertex 1.37372 19 12.1401
      vertex 1.7 19 12.3581
    endloop
  endfacet
  facet normal 0 -1 0
    outer loop
      vertex 0.225666 19 10.1516
      vertex 0.225666 19 29.8484
      vertex 0.2 19 30.24
    endloop
  endfacet
  facet normal 0 -1 0
    outer loop
      vertex 1.07868 19 28.1187
      vertex 1.07868 19 11.8813
      vertex 1.37372 19 12.1401
    endloop
  endfacet
  facet normal 0 -1 0
    outer loop
      vertex 0.819941 19 28.4137
      vertex 0.819941 19 11.5863
      vertex 1.07868 19 11.8813
    endloop
  endfacet
  facet normal 0 -1 0
    outer loop
      vertex 0.601924 19 28.74
      vertex 0.601924 19 11.26
      vertex 0.819941 19 11.5863
    endloop
  endfacet
  facet normal 0 -1 0
    outer loop
      vertex 0.2 19 9.76
      vertex 0.2 19 30.24
      vertex 0 19 38.8
    endloop
  endfacet
  facet normal 0 -1 0
    outer loop
      vertex 0.428362 19 29.092
      vertex 0.428362 19 10.908
      vertex 0.601924 19 11.26
    endloop
  endfacet
  facet normal 0 -1 0
    outer loop
      vertex 0.302223 19 29.4635
      vertex 0.302223 19 10.5365
      vertex 0.428362 19 10.908
    endloop
  endfacet
  facet normal 0 -1 0
    outer loop
      vertex 0.225666 19 29.8484
      vertex 0.225666 19 10.1516
      vertex 0.302223 19 10.5365
    endloop
  endfacet
  facet normal 0 -1 0
    outer loop
      vertex 0.2 19 30.24
      vertex 0.2 19 9.76
      vertex 0.225666 19 10.1516
    endloop
  endfacet
  facet normal 0 -1 0
    outer loop
      vertex 54.8235 19 6.86222
      vertex 58.8 19 0
      vertex 55.2084 19 6.78567
    endloop
  endfacet
  facet normal 0 -1 -0
    outer loop
      vertex 2.80842 19 6.78567
      vertex 0 19 0
      vertex 3.2 19 6.76
    endloop
  endfacet
  facet normal 0 -1 -0
    outer loop
      vertex 2.42354 19 6.86222
      vertex 0 19 0
      vertex 2.80842 19 6.78567
    endloop
  endfacet
  facet normal 0 -1 -0
    outer loop
      vertex 2.05195 19 6.98836
      vertex 0 19 0
      vertex 2.42354 19 6.86222
    endloop
  endfacet
  facet normal 0 -1 -0
    outer loop
      vertex 1.7 19 7.16192
      vertex 0 19 0
      vertex 2.05195 19 6.98836
    endloop
  endfacet
  facet normal 0 -1 -0
    outer loop
      vertex 1.37372 19 7.37994
      vertex 0 19 0
      vertex 1.7 19 7.16192
    endloop
  endfacet
  facet normal 0 -1 -0
    outer loop
      vertex 1.07868 19 7.63868
      vertex 0 19 0
      vertex 1.37372 19 7.37994
    endloop
  endfacet
  facet normal 0 -1 -0
    outer loop
      vertex 0.819941 19 7.93372
      vertex 0 19 0
      vertex 1.07868 19 7.63868
    endloop
  endfacet
  facet normal 0 -1 -0
    outer loop
      vertex 0.601924 19 8.26
      vertex 0 19 0
      vertex 0.819941 19 7.93372
    endloop
  endfacet
  facet normal 0 -1 -0
    outer loop
      vertex 0.428362 19 8.61195
      vertex 0 19 0
      vertex 0.601924 19 8.26
    endloop
  endfacet
  facet normal 0 -1 -0
    outer loop
      vertex 0.302223 19 8.98354
      vertex 0 19 0
      vertex 0.428362 19 8.61195
    endloop
  endfacet
  facet normal 0 -1 -0
    outer loop
      vertex 0.225666 19 9.36842
      vertex 0 19 0
      vertex 0.302223 19 8.98354
    endloop
  endfacet
  facet normal 0 -1 -0
    outer loop
      vertex 0.2 19 9.76
      vertex 0 19 0
      vertex 0.225666 19 9.36842
    endloop
  endfacet
  facet normal 0 -1 0
    outer loop
      vertex 0 19 0
      vertex 0.2 19 9.76
      vertex 0 19 38.8
    endloop
  endfacet
  facet normal 0 -1 0
    outer loop
      vertex 3.97646 19 33.1378
      vertex 0 19 38.8
      vertex 3.59158 19 33.2143
    endloop
  endfacet
  facet normal 0 -1 0
    outer loop
      vertex 55.9916 19 33.2143
      vertex 58.8 19 38.8
      vertex 55.6 19 33.24
    endloop
  endfacet
  facet normal 0 -1 0
    outer loop
      vertex 56.3765 19 33.1378
      vertex 58.8 19 38.8
      vertex 55.9916 19 33.2143
    endloop
  endfacet
  facet normal 0 -1 0
    outer loop
      vertex 56.7481 19 33.0116
      vertex 58.8 19 38.8
      vertex 56.3765 19 33.1378
    endloop
  endfacet
  facet normal 0 -1 0
    outer loop
      vertex 57.1 19 32.8381
      vertex 58.8 19 38.8
      vertex 56.7481 19 33.0116
    endloop
  endfacet
  facet normal 0 -1 0
    outer loop
      vertex 57.4263 19 32.6201
      vertex 58.8 19 38.8
      vertex 57.1 19 32.8381
    endloop
  endfacet
  facet normal 0 -1 0
    outer loop
      vertex 57.7213 19 32.3613
      vertex 58.8 19 38.8
      vertex 57.4263 19 32.6201
    endloop
  endfacet
  facet normal 0 -1 0
    outer loop
      vertex 57.9801 19 32.0663
      vertex 58.8 19 38.8
      vertex 57.7213 19 32.3613
    endloop
  endfacet
  facet normal 0 -1 0
    outer loop
      vertex 58.1981 19 31.74
      vertex 58.8 19 38.8
      vertex 57.9801 19 32.0663
    endloop
  endfacet
  facet normal 0 -1 0
    outer loop
      vertex 58.3716 19 31.3881
      vertex 58.8 19 38.8
      vertex 58.1981 19 31.74
    endloop
  endfacet
  facet normal 0 -1 0
    outer loop
      vertex 58.4978 19 31.0165
      vertex 58.8 19 38.8
      vertex 58.3716 19 31.3881
    endloop
  endfacet
  facet normal 0 -1 0
    outer loop
      vertex 58.5743 19 30.6316
      vertex 58.8 19 38.8
      vertex 58.4978 19 31.0165
    endloop
  endfacet
  facet normal 0 -1 0
    outer loop
      vertex 58.6 19 30.24
      vertex 58.8 19 38.8
      vertex 58.5743 19 30.6316
    endloop
  endfacet
  facet normal 0 -1 0
    outer loop
      vertex 54.452 19 27.4684
      vertex 55.6 19 12.76
      vertex 54.8235 19 27.3422
    endloop
  endfacet
  facet normal 0 -1 0
    outer loop
      vertex 54.8235 19 27.3422
      vertex 55.6 19 12.76
      vertex 55.2084 19 27.2657
    endloop
  endfacet
  facet normal 0 -1 0
    outer loop
      vertex 55.2084 19 27.2657
      vertex 55.6 19 12.76
      vertex 55.6 19 27.24
    endloop
  endfacet
  facet normal 0 -1 0
    outer loop
      vertex 55.6 19 27.24
      vertex 55.6 19 12.76
      vertex 55.9916 19 27.2657
    endloop
  endfacet
  facet normal 0 -1 0
    outer loop
      vertex 55.9916 19 12.7343
      vertex 55.9916 19 27.2657
      vertex 55.6 19 12.76
    endloop
  endfacet
  facet normal 0 -1 0
    outer loop
      vertex 4.7 19 12.3581
      vertex 4.7 19 27.6419
      vertex 4.34805 19 12.5316
    endloop
  endfacet
  facet normal 0 -1 0
    outer loop
      vertex 55.9916 19 27.2657
      vertex 55.9916 19 12.7343
      vertex 56.3765 19 27.3422
    endloop
  endfacet
  facet normal 0 -1 0
    outer loop
      vertex 56.3765 19 12.6578
      vertex 56.3765 19 27.3422
      vertex 55.9916 19 12.7343
    endloop
  endfacet
  facet normal 0 -1 0
    outer loop
      vertex 56.3765 19 27.3422
      vertex 56.3765 19 12.6578
      vertex 56.7481 19 27.4684
    endloop
  endfacet
  facet normal 0 -1 0
    outer loop
      vertex 56.7481 19 12.5316
      vertex 56.7481 19 27.4684
      vertex 56.3765 19 12.6578
    endloop
  endfacet
  facet normal 0 -1 0
    outer loop
      vertex 56.7481 19 27.4684
      vertex 56.7481 19 12.5316
      vertex 57.1 19 27.6419
    endloop
  endfacet
  facet normal 0 -1 0
    outer loop
      vertex 57.1 19 12.3581
      vertex 57.1 19 27.6419
      vertex 56.7481 19 12.5316
    endloop
  endfacet
  facet normal 0 -1 0
    outer loop
      vertex 57.1 19 27.6419
      vertex 57.1 19 12.3581
      vertex 57.4263 19 27.8599
    endloop
  endfacet
  facet normal 0 -1 0
    outer loop
      vertex 57.4263 19 12.1401
      vertex 57.4263 19 27.8599
      vertex 57.1 19 12.3581
    endloop
  endfacet
  facet normal 0 -1 0
    outer loop
      vertex 57.4263 19 27.8599
      vertex 57.4263 19 12.1401
      vertex 57.7213 19 28.1187
    endloop
  endfacet
  facet normal 0 -1 0
    outer loop
      vertex 57.7213 19 11.8813
      vertex 57.7213 19 28.1187
      vertex 57.4263 19 12.1401
    endloop
  endfacet
  facet normal 0 -1 0
    outer loop
      vertex 57.7213 19 28.1187
      vertex 57.7213 19 11.8813
      vertex 57.9801 19 28.4137
    endloop
  endfacet
  facet normal 0 -1 0
    outer loop
      vertex 57.9801 19 11.5863
      vertex 57.9801 19 28.4137
      vertex 57.7213 19 11.8813
    endloop
  endfacet
  facet normal 0 -1 0
    outer loop
      vertex 57.9801 19 28.4137
      vertex 57.9801 19 11.5863
      vertex 58.1981 19 28.74
    endloop
  endfacet
  facet normal 0 -1 0
    outer loop
      vertex 58.1981 19 11.26
      vertex 58.1981 19 28.74
      vertex 57.9801 19 11.5863
    endloop
  endfacet
  facet normal 0 -1 0
    outer loop
      vertex 58.1981 19 28.74
      vertex 58.1981 19 11.26
      vertex 58.3716 19 29.092
    endloop
  endfacet
  facet normal 0 -1 0
    outer loop
      vertex 58.3716 19 10.908
      vertex 58.3716 19 29.092
      vertex 58.1981 19 11.26
    endloop
  endfacet
  facet normal 0 -1 0
    outer loop
      vertex 58.3716 19 29.092
      vertex 58.3716 19 10.908
      vertex 58.4978 19 29.4635
    endloop
  endfacet
  facet normal 0 -1 0
    outer loop
      vertex 58.4978 19 10.5365
      vertex 58.4978 19 29.4635
      vertex 58.3716 19 10.908
    endloop
  endfacet
  facet normal 0 -1 0
    outer loop
      vertex 58.4978 19 29.4635
      vertex 58.4978 19 10.5365
      vertex 58.5743 19 29.8484
    endloop
  endfacet
  facet normal 0 -1 0
    outer loop
      vertex 58.5743 19 10.1516
      vertex 58.5743 19 29.8484
      vertex 58.4978 19 10.5365
    endloop
  endfacet
  facet normal 0 -1 0
    outer loop
      vertex 58.5743 19 29.8484
      vertex 58.5743 19 10.1516
      vertex 58.6 19 30.24
    endloop
  endfacet
  facet normal 0 -1 0
    outer loop
      vertex 58.6 19 9.76
      vertex 58.6 19 30.24
      vertex 58.5743 19 10.1516
    endloop
  endfacet
  facet normal 0 -1 0
    outer loop
      vertex 58.6 19 30.24
      vertex 58.6 19 9.76
      vertex 58.8 19 38.8
    endloop
  endfacet
  facet normal 0 -1 0
    outer loop
      vertex 55.2084 19 6.78567
      vertex 58.8 19 0
      vertex 55.6 19 6.76
    endloop
  endfacet
  facet normal 0 -1 0
    outer loop
      vertex 58.6 19 9.76
      vertex 58.8 19 0
      vertex 58.8 19 38.8
    endloop
  endfacet
  facet normal 0 -1 0
    outer loop
      vertex 58.5743 19 9.36842
      vertex 58.8 19 0
      vertex 58.6 19 9.76
    endloop
  endfacet
  facet normal 0 -1 0
    outer loop
      vertex 58.4978 19 8.98354
      vertex 58.8 19 0
      vertex 58.5743 19 9.36842
    endloop
  endfacet
  facet normal 0 -1 0
    outer loop
      vertex 58.3716 19 8.61195
      vertex 58.8 19 0
      vertex 58.4978 19 8.98354
    endloop
  endfacet
  facet normal 0 -1 0
    outer loop
      vertex 58.1981 19 8.26
      vertex 58.8 19 0
      vertex 58.3716 19 8.61195
    endloop
  endfacet
  facet normal 0 -1 0
    outer loop
      vertex 57.9801 19 7.93372
      vertex 58.8 19 0
      vertex 58.1981 19 8.26
    endloop
  endfacet
  facet normal 0 -1 0
    outer loop
      vertex 57.7213 19 7.63868
      vertex 58.8 19 0
      vertex 57.9801 19 7.93372
    endloop
  endfacet
  facet normal 0 -1 0
    outer loop
      vertex 57.4263 19 7.37994
      vertex 58.8 19 0
      vertex 57.7213 19 7.63868
    endloop
  endfacet
  facet normal 0 -1 0
    outer loop
      vertex 57.1 19 7.16192
      vertex 58.8 19 0
      vertex 57.4263 19 7.37994
    endloop
  endfacet
  facet normal 0 -1 0
    outer loop
      vertex 56.7481 19 6.98836
      vertex 58.8 19 0
      vertex 57.1 19 7.16192
    endloop
  endfacet
  facet normal 0 -1 0
    outer loop
      vertex 56.3765 19 6.86222
      vertex 58.8 19 0
      vertex 56.7481 19 6.98836
    endloop
  endfacet
  facet normal 0 -1 0
    outer loop
      vertex 55.9916 19 6.78567
      vertex 58.8 19 0
      vertex 56.3765 19 6.86222
    endloop
  endfacet
  facet normal 0 -1 0
    outer loop
      vertex 55.6 19 6.76
      vertex 58.8 19 0
      vertex 55.9916 19 6.78567
    endloop
  endfacet
  facet normal -1 0 0
    outer loop
      vertex 37.4 19 18.624
      vertex 37.4 21.5 23.624
      vertex 37.4 21.5 18.624
    endloop
  endfacet
  facet normal -1 -0 0
    outer loop
      vertex 37.4 21.5 23.624
      vertex 37.4 19 18.624
      vertex 37.4 19 23.624
    endloop
  endfacet
  facet normal 0 0 -1
    outer loop
      vertex 21.4 19 23.624
      vertex 37.4 21.5 23.624
      vertex 37.4 19 23.624
    endloop
  endfacet
  facet normal -0 0 -1
    outer loop
      vertex 37.4 21.5 23.624
      vertex 21.4 19 23.624
      vertex 21.4 21.5 23.624
    endloop
  endfacet
  facet normal -0 0 1
    outer loop
      vertex 21.4 21.5 18.624
      vertex 37.4 19 18.624
      vertex 37.4 21.5 18.624
    endloop
  endfacet
  facet normal 0 0 1
    outer loop
      vertex 37.4 19 18.624
      vertex 21.4 21.5 18.624
      vertex 21.4 19 18.624
    endloop
  endfacet
  facet normal 1 -0 0
    outer loop
      vertex 21.4 19 23.624
      vertex 21.4 21.5 18.624
      vertex 21.4 21.5 23.624
    endloop
  endfacet
  facet normal 1 0 0
    outer loop
      vertex 21.4 21.5 18.624
      vertex 21.4 19 23.624
      vertex 21.4 19 18.624
    endloop
  endfacet
endsolid OpenSCAD_Model
