solid OpenSCAD_Model
  facet normal 0.980785 0.195091 0
    outer loop
      vertex 3.79767 0.599999 4
      vertex 3.71881 0.996453 2
      vertex 3.71881 0.996453 4
    endloop
  endfacet
  facet normal 0.980783 0.195102 -0
    outer loop
      vertex 3.81706 0.502525 2
      vertex 3.79767 0.599999 4
      vertex 3.81706 0.502525 4
    endloop
  endfacet
  facet normal 0.980785 0.195093 4.40246e-07
    outer loop
      vertex 3.79767 0.599999 4
      vertex 3.81706 0.502525 2
      vertex 3.71881 0.996453 2
    endloop
  endfacet
  facet normal 0.997859 0.0654086 0
    outer loop
      vertex 3.85 0 4
      vertex 3.81706 0.502525 2
      vertex 3.81706 0.502525 4
    endloop
  endfacet
  facet normal 0.997859 0.0654086 0
    outer loop
      vertex 3.81706 0.502525 2
      vertex 3.85 0 4
      vertex 3.85 0 2
    endloop
  endfacet
  facet normal 0.321425 0.946935 -0
    outer loop
      vertex 1.47333 3.55694 2
      vertex 0.996453 3.71881 4
      vertex 1.47333 3.55694 4
    endloop
  endfacet
  facet normal 0.321425 0.946935 0
    outer loop
      vertex 0.996453 3.71881 4
      vertex 1.47333 3.55694 2
      vertex 0.996453 3.71881 2
    endloop
  endfacet
  facet normal 0.195091 0.980785 -0
    outer loop
      vertex 0.996453 3.71881 2
      vertex 0.599999 3.79767 4
      vertex 0.996453 3.71881 4
    endloop
  endfacet
  facet normal 0.195093 0.980785 4.40246e-07
    outer loop
      vertex 0.502525 3.81706 2
      vertex 0.599999 3.79767 4
      vertex 0.996453 3.71881 2
    endloop
  endfacet
  facet normal 0.195102 0.980783 0
    outer loop
      vertex 0.599999 3.79767 4
      vertex 0.502525 3.81706 2
      vertex 0.502525 3.81706 4
    endloop
  endfacet
  facet normal 0.0654086 -0.997859 0
    outer loop
      vertex 0 -3.85 2
      vertex 0.502525 -3.81706 4
      vertex 0 -3.85 4
    endloop
  endfacet
  facet normal 0.0654086 -0.997859 0
    outer loop
      vertex 0.502525 -3.81706 4
      vertex 0 -3.85 2
      vertex 0.502525 -3.81706 2
    endloop
  endfacet
  facet normal -0.751839 -0.659346 0
    outer loop
      vertex -2.72236 -2.72236 2
      vertex -3.05441 -2.34373 4
      vertex -3.05441 -2.34373 2
    endloop
  endfacet
  facet normal -0.751839 -0.659346 0
    outer loop
      vertex -3.05441 -2.34373 4
      vertex -2.72236 -2.72236 2
      vertex -2.72236 -2.72236 4
    endloop
  endfacet
  facet normal 0.946935 -0.321425 0
    outer loop
      vertex 3.55694 -1.47333 4
      vertex 3.71881 -0.996453 2
      vertex 3.71881 -0.996453 4
    endloop
  endfacet
  facet normal 0.946935 -0.321425 0
    outer loop
      vertex 3.71881 -0.996453 2
      vertex 3.55694 -1.47333 4
      vertex 3.55694 -1.47333 2
    endloop
  endfacet
  facet normal -0.896872 0.44229 0
    outer loop
      vertex -3.55694 1.47333 2
      vertex -3.3342 1.925 4
      vertex -3.3342 1.925 2
    endloop
  endfacet
  facet normal -0.896872 0.44229 0
    outer loop
      vertex -3.3342 1.925 4
      vertex -3.55694 1.47333 2
      vertex -3.55694 1.47333 4
    endloop
  endfacet
  facet normal -0.980783 -0.195102 0
    outer loop
      vertex -3.81706 -0.502525 2
      vertex -3.79767 -0.599999 4
      vertex -3.81706 -0.502525 4
    endloop
  endfacet
  facet normal -0.980785 -0.195093 4.40246e-07
    outer loop
      vertex -3.71881 -0.996453 2
      vertex -3.79767 -0.599999 4
      vertex -3.81706 -0.502525 2
    endloop
  endfacet
  facet normal -0.980785 -0.195091 0
    outer loop
      vertex -3.79767 -0.599999 4
      vertex -3.71881 -0.996453 2
      vertex -3.71881 -0.996453 4
    endloop
  endfacet
  facet normal -0.946935 -0.321425 0
    outer loop
      vertex -3.55694 -1.47333 2
      vertex -3.71881 -0.996453 4
      vertex -3.71881 -0.996453 2
    endloop
  endfacet
  facet normal -0.946935 -0.321425 0
    outer loop
      vertex -3.71881 -0.996453 4
      vertex -3.55694 -1.47333 2
      vertex -3.55694 -1.47333 4
    endloop
  endfacet
  facet normal -0.896872 -0.44229 0
    outer loop
      vertex -3.3342 -1.925 2
      vertex -3.55694 -1.47333 4
      vertex -3.55694 -1.47333 2
    endloop
  endfacet
  facet normal -0.896872 -0.44229 0
    outer loop
      vertex -3.55694 -1.47333 4
      vertex -3.3342 -1.925 2
      vertex -3.3342 -1.925 4
    endloop
  endfacet
  facet normal -0.831466 0.555575 0
    outer loop
      vertex -3.3342 1.925 2
      vertex -3.05441 2.34373 4
      vertex -3.05441 2.34373 2
    endloop
  endfacet
  facet normal -0.831466 0.555575 0
    outer loop
      vertex -3.05441 2.34373 4
      vertex -3.3342 1.925 2
      vertex -3.3342 1.925 4
    endloop
  endfacet
  facet normal -0.195091 -0.980785 0
    outer loop
      vertex -0.996453 -3.71881 2
      vertex -0.599999 -3.79767 4
      vertex -0.996453 -3.71881 4
    endloop
  endfacet
  facet normal -0.195093 -0.980785 4.40246e-07
    outer loop
      vertex -0.502525 -3.81706 2
      vertex -0.599999 -3.79767 4
      vertex -0.996453 -3.71881 2
    endloop
  endfacet
  facet normal -0.195102 -0.980783 0
    outer loop
      vertex -0.599999 -3.79767 4
      vertex -0.502525 -3.81706 2
      vertex -0.502525 -3.81706 4
    endloop
  endfacet
  facet normal 0.997859 -0.0654086 0
    outer loop
      vertex 3.81706 -0.502525 4
      vertex 3.85 0 2
      vertex 3.85 0 4
    endloop
  endfacet
  facet normal 0.997859 -0.0654086 0
    outer loop
      vertex 3.85 0 2
      vertex 3.81706 -0.502525 4
      vertex 3.81706 -0.502525 2
    endloop
  endfacet
  facet normal -0.0654086 -0.997859 0
    outer loop
      vertex -0.502525 -3.81706 2
      vertex 0 -3.85 4
      vertex -0.502525 -3.81706 4
    endloop
  endfacet
  facet normal -0.0654086 -0.997859 -0
    outer loop
      vertex 0 -3.85 4
      vertex -0.502525 -3.81706 2
      vertex 0 -3.85 2
    endloop
  endfacet
  facet normal -0.751839 0.659346 0
    outer loop
      vertex -3.05441 2.34373 2
      vertex -2.72236 2.72236 4
      vertex -2.72236 2.72236 2
    endloop
  endfacet
  facet normal -0.751839 0.659346 0
    outer loop
      vertex -2.72236 2.72236 4
      vertex -3.05441 2.34373 2
      vertex -3.05441 2.34373 4
    endloop
  endfacet
  facet normal 0 0 -1
    outer loop
      vertex 3.79767 0.599999 4
      vertex 5.20508 0.685262 4
      vertex 5.21067 0.599999 4
    endloop
  endfacet
  facet normal -0 0 -1
    outer loop
      vertex 5.20508 0.685262 4
      vertex 3.79767 0.599999 4
      vertex 5.07111 1.3588 4
    endloop
  endfacet
  facet normal -0 0 -1
    outer loop
      vertex 5.07111 1.3588 4
      vertex 3.71881 0.996453 4
      vertex 4.85037 2.00909 4
    endloop
  endfacet
  facet normal 0 0 -1
    outer loop
      vertex 3.55694 1.47333 4
      vertex 4.85037 2.00909 4
      vertex 3.71881 0.996453 4
    endloop
  endfacet
  facet normal 0 0 -1
    outer loop
      vertex 5.07111 1.3588 4
      vertex 3.79767 0.599999 4
      vertex 3.71881 0.996453 4
    endloop
  endfacet
  facet normal -0 0 -1
    outer loop
      vertex 4.85037 2.00909 4
      vertex 3.55694 1.47333 4
      vertex 4.54663 2.625 4
    endloop
  endfacet
  facet normal 0 0 -1
    outer loop
      vertex 3.3342 1.925 4
      vertex 4.54663 2.625 4
      vertex 3.55694 1.47333 4
    endloop
  endfacet
  facet normal -0 0 -1
    outer loop
      vertex 4.54663 2.625 4
      vertex 3.3342 1.925 4
      vertex 4.1651 3.196 4
    endloop
  endfacet
  facet normal 0 0 -1
    outer loop
      vertex 3.05441 2.34373 4
      vertex 4.1651 3.196 4
      vertex 3.3342 1.925 4
    endloop
  endfacet
  facet normal -0 0 -1
    outer loop
      vertex 4.1651 3.196 4
      vertex 3.05441 2.34373 4
      vertex 3.71231 3.71231 4
    endloop
  endfacet
  facet normal 0 0 -1
    outer loop
      vertex 2.72236 2.72236 4
      vertex 3.71231 3.71231 4
      vertex 3.05441 2.34373 4
    endloop
  endfacet
  facet normal -0 0 -1
    outer loop
      vertex 3.71231 3.71231 4
      vertex 2.72236 2.72236 4
      vertex 3.196 4.1651 4
    endloop
  endfacet
  facet normal 0 0 -1
    outer loop
      vertex 2.34373 3.05441 4
      vertex 3.196 4.1651 4
      vertex 2.72236 2.72236 4
    endloop
  endfacet
  facet normal -0 0 -1
    outer loop
      vertex 3.196 4.1651 4
      vertex 2.34373 3.05441 4
      vertex 2.625 4.54663 4
    endloop
  endfacet
  facet normal 0 0 -1
    outer loop
      vertex 1.925 3.3342 4
      vertex 2.625 4.54663 4
      vertex 2.34373 3.05441 4
    endloop
  endfacet
  facet normal -0 0 -1
    outer loop
      vertex 2.625 4.54663 4
      vertex 1.925 3.3342 4
      vertex 2.00909 4.85037 4
    endloop
  endfacet
  facet normal 0 0 -1
    outer loop
      vertex 1.47333 3.55694 4
      vertex 2.00909 4.85037 4
      vertex 1.925 3.3342 4
    endloop
  endfacet
  facet normal 0 0 -1
    outer loop
      vertex 1.47333 3.55694 4
      vertex 1.3588 5.07111 4
      vertex 2.00909 4.85037 4
    endloop
  endfacet
  facet normal 0 0 -1
    outer loop
      vertex 0.996453 3.71881 4
      vertex 1.3588 5.07111 4
      vertex 1.47333 3.55694 4
    endloop
  endfacet
  facet normal 0 0 -1
    outer loop
      vertex 0.599999 3.79767 4
      vertex 1.3588 5.07111 4
      vertex 0.996453 3.71881 4
    endloop
  endfacet
  facet normal -0 0 -1
    outer loop
      vertex 1.3588 5.07111 4
      vertex 0.599999 3.79767 4
      vertex 0.685262 5.20508 4
    endloop
  endfacet
  facet normal -0 0 -1
    outer loop
      vertex 0.685262 5.20508 4
      vertex 0.599999 3.79767 4
      vertex 0.599999 5.21067 4
    endloop
  endfacet
  facet normal 0 0 -1
    outer loop
      vertex -0.685262 -5.20508 4
      vertex -0.599999 -3.79767 4
      vertex -0.599999 -5.21067 4
    endloop
  endfacet
  facet normal 0 0 -1
    outer loop
      vertex -1.3588 -5.07111 4
      vertex -0.599999 -3.79767 4
      vertex -0.685262 -5.20508 4
    endloop
  endfacet
  facet normal -0 0 -1
    outer loop
      vertex -0.599999 -3.79767 4
      vertex -1.3588 -5.07111 4
      vertex -0.996453 -3.71881 4
    endloop
  endfacet
  facet normal 0 0 -1
    outer loop
      vertex -1.3588 -5.07111 4
      vertex -1.47333 -3.55694 4
      vertex -0.996453 -3.71881 4
    endloop
  endfacet
  facet normal 0 0 -1
    outer loop
      vertex -2.00909 -4.85037 4
      vertex -1.47333 -3.55694 4
      vertex -1.3588 -5.07111 4
    endloop
  endfacet
  facet normal -0 0 -1
    outer loop
      vertex -1.47333 -3.55694 4
      vertex -2.00909 -4.85037 4
      vertex -1.925 -3.3342 4
    endloop
  endfacet
  facet normal 0 0 -1
    outer loop
      vertex -2.625 -4.54663 4
      vertex -1.925 -3.3342 4
      vertex -2.00909 -4.85037 4
    endloop
  endfacet
  facet normal -0 0 -1
    outer loop
      vertex -1.925 -3.3342 4
      vertex -2.625 -4.54663 4
      vertex -2.34373 -3.05441 4
    endloop
  endfacet
  facet normal 0 0 -1
    outer loop
      vertex -3.196 -4.1651 4
      vertex -2.34373 -3.05441 4
      vertex -2.625 -4.54663 4
    endloop
  endfacet
  facet normal -0 0 -1
    outer loop
      vertex -2.34373 -3.05441 4
      vertex -3.196 -4.1651 4
      vertex -2.72236 -2.72236 4
    endloop
  endfacet
  facet normal 0 0 -1
    outer loop
      vertex -3.71231 -3.71231 4
      vertex -2.72236 -2.72236 4
      vertex -3.196 -4.1651 4
    endloop
  endfacet
  facet normal -0 0 -1
    outer loop
      vertex -2.72236 -2.72236 4
      vertex -3.71231 -3.71231 4
      vertex -3.05441 -2.34373 4
    endloop
  endfacet
  facet normal 0 0 -1
    outer loop
      vertex -4.1651 -3.196 4
      vertex -3.05441 -2.34373 4
      vertex -3.71231 -3.71231 4
    endloop
  endfacet
  facet normal -0 0 -1
    outer loop
      vertex -3.05441 -2.34373 4
      vertex -4.1651 -3.196 4
      vertex -3.3342 -1.925 4
    endloop
  endfacet
  facet normal 0 0 -1
    outer loop
      vertex -4.54663 -2.625 4
      vertex -3.3342 -1.925 4
      vertex -4.1651 -3.196 4
    endloop
  endfacet
  facet normal -0 0 -1
    outer loop
      vertex -3.3342 -1.925 4
      vertex -4.54663 -2.625 4
      vertex -3.55694 -1.47333 4
    endloop
  endfacet
  facet normal 0 0 -1
    outer loop
      vertex -4.85037 -2.00909 4
      vertex -3.55694 -1.47333 4
      vertex -4.54663 -2.625 4
    endloop
  endfacet
  facet normal -0 0 -1
    outer loop
      vertex -3.55694 -1.47333 4
      vertex -4.85037 -2.00909 4
      vertex -3.71881 -0.996453 4
    endloop
  endfacet
  facet normal 0 0 -1
    outer loop
      vertex -5.07111 -1.3588 4
      vertex -3.71881 -0.996453 4
      vertex -4.85037 -2.00909 4
    endloop
  endfacet
  facet normal -0 0 -1
    outer loop
      vertex -3.71881 -0.996453 4
      vertex -5.07111 -1.3588 4
      vertex -3.79767 -0.599999 4
    endloop
  endfacet
  facet normal 0 0 -1
    outer loop
      vertex -5.20508 -0.685262 4
      vertex -3.79767 -0.599999 4
      vertex -5.07111 -1.3588 4
    endloop
  endfacet
  facet normal -0 0 -1
    outer loop
      vertex -3.79767 -0.599999 4
      vertex -5.20508 -0.685262 4
      vertex -5.21067 -0.599999 4
    endloop
  endfacet
  facet normal 0 0 -1
    outer loop
      vertex 3.79767 -0.599999 4
      vertex 5.20508 -0.685262 4
      vertex 5.07111 -1.3588 4
    endloop
  endfacet
  facet normal 0 0 -1
    outer loop
      vertex 3.71881 -0.996453 4
      vertex 5.07111 -1.3588 4
      vertex 4.85037 -2.00909 4
    endloop
  endfacet
  facet normal 0 0 -1
    outer loop
      vertex 3.55694 -1.47333 4
      vertex 4.85037 -2.00909 4
      vertex 4.54663 -2.625 4
    endloop
  endfacet
  facet normal 0 0 -1
    outer loop
      vertex 3.3342 -1.925 4
      vertex 4.54663 -2.625 4
      vertex 4.1651 -3.196 4
    endloop
  endfacet
  facet normal 0 0 -1
    outer loop
      vertex 4.85037 -2.00909 4
      vertex 3.55694 -1.47333 4
      vertex 3.71881 -0.996453 4
    endloop
  endfacet
  facet normal 0 0 -1
    outer loop
      vertex 5.20508 -0.685262 4
      vertex 3.79767 -0.599999 4
      vertex 5.21067 -0.599999 4
    endloop
  endfacet
  facet normal 0 0 -1
    outer loop
      vertex 3.05441 -2.34373 4
      vertex 4.1651 -3.196 4
      vertex 3.71231 -3.71231 4
    endloop
  endfacet
  facet normal 0 -0 -1
    outer loop
      vertex 3.79767 -0.599999 4
      vertex 5.07111 -1.3588 4
      vertex 3.71881 -0.996453 4
    endloop
  endfacet
  facet normal 0 0 -1
    outer loop
      vertex 4.54663 -2.625 4
      vertex 3.3342 -1.925 4
      vertex 3.55694 -1.47333 4
    endloop
  endfacet
  facet normal 0 0 -1
    outer loop
      vertex 2.72236 -2.72236 4
      vertex 3.71231 -3.71231 4
      vertex 3.196 -4.1651 4
    endloop
  endfacet
  facet normal 0 0 -1
    outer loop
      vertex 4.1651 -3.196 4
      vertex 3.05441 -2.34373 4
      vertex 3.3342 -1.925 4
    endloop
  endfacet
  facet normal 0 0 -1
    outer loop
      vertex 3.71231 -3.71231 4
      vertex 2.72236 -2.72236 4
      vertex 3.05441 -2.34373 4
    endloop
  endfacet
  facet normal 0 0 -1
    outer loop
      vertex 2.34373 -3.05441 4
      vertex 3.196 -4.1651 4
      vertex 2.625 -4.54663 4
    endloop
  endfacet
  facet normal 0 0 -1
    outer loop
      vertex 3.196 -4.1651 4
      vertex 2.34373 -3.05441 4
      vertex 2.72236 -2.72236 4
    endloop
  endfacet
  facet normal 0 0 -1
    outer loop
      vertex 1.925 -3.3342 4
      vertex 2.625 -4.54663 4
      vertex 2.00909 -4.85037 4
    endloop
  endfacet
  facet normal 0 0 -1
    outer loop
      vertex 2.625 -4.54663 4
      vertex 1.925 -3.3342 4
      vertex 2.34373 -3.05441 4
    endloop
  endfacet
  facet normal 0 0 -1
    outer loop
      vertex 2.00909 -4.85037 4
      vertex 1.47333 -3.55694 4
      vertex 1.925 -3.3342 4
    endloop
  endfacet
  facet normal 0 0 -1
    outer loop
      vertex 1.3588 -5.07111 4
      vertex 1.47333 -3.55694 4
      vertex 2.00909 -4.85037 4
    endloop
  endfacet
  facet normal 0 0 -1
    outer loop
      vertex 1.3588 -5.07111 4
      vertex 0.996453 -3.71881 4
      vertex 1.47333 -3.55694 4
    endloop
  endfacet
  facet normal 0 0 -1
    outer loop
      vertex 0.599999 -3.79767 4
      vertex 1.3588 -5.07111 4
      vertex 0.685262 -5.20508 4
    endloop
  endfacet
  facet normal 0 0 -1
    outer loop
      vertex 0.599999 -3.79767 4
      vertex 0.685262 -5.20508 4
      vertex 0.599999 -5.21067 4
    endloop
  endfacet
  facet normal 0 0 -1
    outer loop
      vertex 1.3588 -5.07111 4
      vertex 0.599999 -3.79767 4
      vertex 0.996453 -3.71881 4
    endloop
  endfacet
  facet normal 0 0 -1
    outer loop
      vertex -0.599999 3.79767 4
      vertex -0.685262 5.20508 4
      vertex -0.599999 5.21067 4
    endloop
  endfacet
  facet normal 0 0 -1
    outer loop
      vertex -1.3588 5.07111 4
      vertex -0.599999 3.79767 4
      vertex -0.996453 3.71881 4
    endloop
  endfacet
  facet normal 0 0 -1
    outer loop
      vertex -0.599999 3.79767 4
      vertex -1.3588 5.07111 4
      vertex -0.685262 5.20508 4
    endloop
  endfacet
  facet normal 0 0 -1
    outer loop
      vertex -1.47333 3.55694 4
      vertex -1.3588 5.07111 4
      vertex -0.996453 3.71881 4
    endloop
  endfacet
  facet normal 0 0 -1
    outer loop
      vertex -2.00909 4.85037 4
      vertex -1.47333 3.55694 4
      vertex -1.925 3.3342 4
    endloop
  endfacet
  facet normal 0 0 -1
    outer loop
      vertex -1.47333 3.55694 4
      vertex -2.00909 4.85037 4
      vertex -1.3588 5.07111 4
    endloop
  endfacet
  facet normal 0 0 -1
    outer loop
      vertex -2.625 4.54663 4
      vertex -1.925 3.3342 4
      vertex -2.34373 3.05441 4
    endloop
  endfacet
  facet normal 0 0 -1
    outer loop
      vertex -1.925 3.3342 4
      vertex -2.625 4.54663 4
      vertex -2.00909 4.85037 4
    endloop
  endfacet
  facet normal 0 0 -1
    outer loop
      vertex -3.196 4.1651 4
      vertex -2.34373 3.05441 4
      vertex -2.72236 2.72236 4
    endloop
  endfacet
  facet normal 0 0 -1
    outer loop
      vertex -3.71231 3.71231 4
      vertex -2.72236 2.72236 4
      vertex -3.05441 2.34373 4
    endloop
  endfacet
  facet normal 0 0 -1
    outer loop
      vertex -2.34373 3.05441 4
      vertex -3.196 4.1651 4
      vertex -2.625 4.54663 4
    endloop
  endfacet
  facet normal 0 0 -1
    outer loop
      vertex -4.1651 3.196 4
      vertex -3.05441 2.34373 4
      vertex -3.3342 1.925 4
    endloop
  endfacet
  facet normal 0 0 -1
    outer loop
      vertex -4.54663 2.625 4
      vertex -3.3342 1.925 4
      vertex -3.55694 1.47333 4
    endloop
  endfacet
  facet normal 0 0 -1
    outer loop
      vertex -2.72236 2.72236 4
      vertex -3.71231 3.71231 4
      vertex -3.196 4.1651 4
    endloop
  endfacet
  facet normal 0 0 -1
    outer loop
      vertex -4.85037 2.00909 4
      vertex -3.55694 1.47333 4
      vertex -3.71881 0.996453 4
    endloop
  endfacet
  facet normal 0 0 -1
    outer loop
      vertex -5.07111 1.3588 4
      vertex -3.71881 0.996453 4
      vertex -3.79767 0.599999 4
    endloop
  endfacet
  facet normal 0 0 -1
    outer loop
      vertex -3.05441 2.34373 4
      vertex -4.1651 3.196 4
      vertex -3.71231 3.71231 4
    endloop
  endfacet
  facet normal 0 0 -1
    outer loop
      vertex -3.3342 1.925 4
      vertex -4.54663 2.625 4
      vertex -4.1651 3.196 4
    endloop
  endfacet
  facet normal 0 0 -1
    outer loop
      vertex -3.55694 1.47333 4
      vertex -4.85037 2.00909 4
      vertex -4.54663 2.625 4
    endloop
  endfacet
  facet normal 0 0 -1
    outer loop
      vertex -3.71881 0.996453 4
      vertex -5.07111 1.3588 4
      vertex -4.85037 2.00909 4
    endloop
  endfacet
  facet normal 0 0 -1
    outer loop
      vertex -3.79767 0.599999 4
      vertex -5.20508 0.685262 4
      vertex -5.07111 1.3588 4
    endloop
  endfacet
  facet normal 0 -0 -1
    outer loop
      vertex -5.20508 0.685262 4
      vertex -3.79767 0.599999 4
      vertex -5.21067 0.599999 4
    endloop
  endfacet
  facet normal 0 0 1
    outer loop
      vertex 0.42421 3.2222 4
      vertex 0.599999 3.79767 4
      vertex 0.502525 3.81706 4
    endloop
  endfacet
  facet normal 0 0 1
    outer loop
      vertex 0.599999 3.79767 4
      vertex 0.42421 3.2222 4
      vertex 0.599999 3.18723 4
    endloop
  endfacet
  facet normal 0 0 1
    outer loop
      vertex 0 3.85 4
      vertex 0.42421 3.2222 4
      vertex 0.502525 3.81706 4
    endloop
  endfacet
  facet normal 0 0 1
    outer loop
      vertex 0 3.85 4
      vertex 0 3.25 4
      vertex 0.42421 3.2222 4
    endloop
  endfacet
  facet normal 0 0 1
    outer loop
      vertex 0 3.85 4
      vertex -0.42421 3.2222 4
      vertex 0 3.25 4
    endloop
  endfacet
  facet normal -0 0 1
    outer loop
      vertex -0.502525 3.81706 4
      vertex -0.42421 3.2222 4
      vertex 0 3.85 4
    endloop
  endfacet
  facet normal -0 0 1
    outer loop
      vertex -0.599999 3.79767 4
      vertex -0.42421 3.2222 4
      vertex -0.502525 3.81706 4
    endloop
  endfacet
  facet normal 0 0 1
    outer loop
      vertex -0.42421 3.2222 4
      vertex -0.599999 3.79767 4
      vertex -0.599999 3.18723 4
    endloop
  endfacet
  facet normal -0 0 1
    outer loop
      vertex 0.42421 -3.2222 4
      vertex 0.599999 -3.79767 4
      vertex 0.599999 -3.18723 4
    endloop
  endfacet
  facet normal 0 0 1
    outer loop
      vertex 0.599999 -3.79767 4
      vertex 0.42421 -3.2222 4
      vertex 0.502525 -3.81706 4
    endloop
  endfacet
  facet normal -0 0 1
    outer loop
      vertex 0 -3.25 4
      vertex 0.502525 -3.81706 4
      vertex 0.42421 -3.2222 4
    endloop
  endfacet
  facet normal 0 0 1
    outer loop
      vertex 0 -3.25 4
      vertex 0 -3.85 4
      vertex 0.502525 -3.81706 4
    endloop
  endfacet
  facet normal 0 0 1
    outer loop
      vertex -0.42421 -3.2222 4
      vertex 0 -3.85 4
      vertex 0 -3.25 4
    endloop
  endfacet
  facet normal 0 0 1
    outer loop
      vertex -0.42421 -3.2222 4
      vertex -0.502525 -3.81706 4
      vertex 0 -3.85 4
    endloop
  endfacet
  facet normal 0 0 1
    outer loop
      vertex -0.599999 -3.79767 4
      vertex -0.42421 -3.2222 4
      vertex -0.599999 -3.18723 4
    endloop
  endfacet
  facet normal 0 0 1
    outer loop
      vertex -0.42421 -3.2222 4
      vertex -0.599999 -3.79767 4
      vertex -0.502525 -3.81706 4
    endloop
  endfacet
  facet normal -0 0 1
    outer loop
      vertex -3.81706 0.502525 4
      vertex -3.2222 0.42421 4
      vertex -3.79767 0.599999 4
    endloop
  endfacet
  facet normal -0 0 1
    outer loop
      vertex -3.79767 0.599999 4
      vertex -3.2222 0.42421 4
      vertex -3.18723 0.599999 4
    endloop
  endfacet
  facet normal 0 0 1
    outer loop
      vertex -3.2222 0.42421 4
      vertex -3.81706 0.502525 4
      vertex -3.25 0 4
    endloop
  endfacet
  facet normal 0 0 1
    outer loop
      vertex -3.85 0 4
      vertex -3.25 0 4
      vertex -3.81706 0.502525 4
    endloop
  endfacet
  facet normal 0 0 1
    outer loop
      vertex -3.25 0 4
      vertex -3.85 0 4
      vertex -3.2222 -0.42421 4
    endloop
  endfacet
  facet normal 0 -0 1
    outer loop
      vertex -3.81706 -0.502525 4
      vertex -3.2222 -0.42421 4
      vertex -3.85 0 4
    endloop
  endfacet
  facet normal 0 -0 1
    outer loop
      vertex -3.79767 -0.599999 4
      vertex -3.2222 -0.42421 4
      vertex -3.81706 -0.502525 4
    endloop
  endfacet
  facet normal 0 0 1
    outer loop
      vertex -3.2222 -0.42421 4
      vertex -3.79767 -0.599999 4
      vertex -3.18723 -0.599999 4
    endloop
  endfacet
  facet normal 0 0 1
    outer loop
      vertex 3.25 0 4
      vertex 3.85 0 4
      vertex 3.81706 0.502525 4
    endloop
  endfacet
  facet normal 0 0 1
    outer loop
      vertex 3.2222 0.42421 4
      vertex 3.81706 0.502525 4
      vertex 3.79767 0.599999 4
    endloop
  endfacet
  facet normal 0 0 1
    outer loop
      vertex 3.85 0 4
      vertex 3.25 0 4
      vertex 3.81706 -0.502525 4
    endloop
  endfacet
  facet normal -0 0 1
    outer loop
      vertex 3.2222 -0.42421 4
      vertex 3.81706 -0.502525 4
      vertex 3.25 0 4
    endloop
  endfacet
  facet normal 0 0 1
    outer loop
      vertex 3.81706 0.502525 4
      vertex 3.2222 0.42421 4
      vertex 3.25 0 4
    endloop
  endfacet
  facet normal 0 -0 1
    outer loop
      vertex 3.2222 0.42421 4
      vertex 3.79767 0.599999 4
      vertex 3.18723 0.599999 4
    endloop
  endfacet
  facet normal 0 0 1
    outer loop
      vertex 3.81706 -0.502525 4
      vertex 3.2222 -0.42421 4
      vertex 3.79767 -0.599999 4
    endloop
  endfacet
  facet normal 0 0 1
    outer loop
      vertex 3.79767 -0.599999 4
      vertex 3.2222 -0.42421 4
      vertex 3.18723 -0.599999 4
    endloop
  endfacet
  facet normal -0.831466 -0.555575 0
    outer loop
      vertex -3.05441 -2.34373 2
      vertex -3.3342 -1.925 4
      vertex -3.3342 -1.925 2
    endloop
  endfacet
  facet normal -0.831466 -0.555575 0
    outer loop
      vertex -3.3342 -1.925 4
      vertex -3.05441 -2.34373 2
      vertex -3.05441 -2.34373 4
    endloop
  endfacet
  facet normal 0.555575 -0.831466 0
    outer loop
      vertex 1.925 -3.3342 2
      vertex 2.34373 -3.05441 4
      vertex 1.925 -3.3342 4
    endloop
  endfacet
  facet normal 0.555575 -0.831466 0
    outer loop
      vertex 2.34373 -3.05441 4
      vertex 1.925 -3.3342 2
      vertex 2.34373 -3.05441 2
    endloop
  endfacet
  facet normal 0.831466 -0.555575 0
    outer loop
      vertex 3.05441 -2.34373 4
      vertex 3.3342 -1.925 2
      vertex 3.3342 -1.925 4
    endloop
  endfacet
  facet normal 0.831466 -0.555575 0
    outer loop
      vertex 3.3342 -1.925 2
      vertex 3.05441 -2.34373 4
      vertex 3.05441 -2.34373 2
    endloop
  endfacet
  facet normal 0.896872 -0.44229 0
    outer loop
      vertex 3.3342 -1.925 4
      vertex 3.55694 -1.47333 2
      vertex 3.55694 -1.47333 4
    endloop
  endfacet
  facet normal 0.896872 -0.44229 0
    outer loop
      vertex 3.55694 -1.47333 2
      vertex 3.3342 -1.925 4
      vertex 3.3342 -1.925 2
    endloop
  endfacet
  facet normal -0.555575 -0.831466 0
    outer loop
      vertex -2.34373 -3.05441 2
      vertex -1.925 -3.3342 4
      vertex -2.34373 -3.05441 4
    endloop
  endfacet
  facet normal -0.555575 -0.831466 -0
    outer loop
      vertex -1.925 -3.3342 4
      vertex -2.34373 -3.05441 2
      vertex -1.925 -3.3342 2
    endloop
  endfacet
  facet normal 0.195102 -0.980783 0
    outer loop
      vertex 0.502525 -3.81706 2
      vertex 0.599999 -3.79767 4
      vertex 0.502525 -3.81706 4
    endloop
  endfacet
  facet normal 0.195093 -0.980785 4.40246e-07
    outer loop
      vertex 0.996453 -3.71881 2
      vertex 0.599999 -3.79767 4
      vertex 0.502525 -3.81706 2
    endloop
  endfacet
  facet normal 0.195091 -0.980785 0
    outer loop
      vertex 0.599999 -3.79767 4
      vertex 0.996453 -3.71881 2
      vertex 0.996453 -3.71881 4
    endloop
  endfacet
  facet normal -0.555575 0.831466 0
    outer loop
      vertex -1.925 3.3342 2
      vertex -2.34373 3.05441 4
      vertex -1.925 3.3342 4
    endloop
  endfacet
  facet normal -0.555575 0.831466 0
    outer loop
      vertex -2.34373 3.05441 4
      vertex -1.925 3.3342 2
      vertex -2.34373 3.05441 2
    endloop
  endfacet
  facet normal 0.751839 -0.659346 0
    outer loop
      vertex 2.72236 -2.72236 4
      vertex 3.05441 -2.34373 2
      vertex 3.05441 -2.34373 4
    endloop
  endfacet
  facet normal 0.751839 -0.659346 0
    outer loop
      vertex 3.05441 -2.34373 2
      vertex 2.72236 -2.72236 4
      vertex 2.72236 -2.72236 2
    endloop
  endfacet
  facet normal 0.831466 0.555575 0
    outer loop
      vertex 3.3342 1.925 4
      vertex 3.05441 2.34373 2
      vertex 3.05441 2.34373 4
    endloop
  endfacet
  facet normal 0.831466 0.555575 0
    outer loop
      vertex 3.05441 2.34373 2
      vertex 3.3342 1.925 4
      vertex 3.3342 1.925 2
    endloop
  endfacet
  facet normal -0.321425 -0.946935 0
    outer loop
      vertex -1.47333 -3.55694 2
      vertex -0.996453 -3.71881 4
      vertex -1.47333 -3.55694 4
    endloop
  endfacet
  facet normal -0.321425 -0.946935 -0
    outer loop
      vertex -0.996453 -3.71881 4
      vertex -1.47333 -3.55694 2
      vertex -0.996453 -3.71881 2
    endloop
  endfacet
  facet normal 0.751839 0.659346 0
    outer loop
      vertex 3.05441 2.34373 4
      vertex 2.72236 2.72236 2
      vertex 2.72236 2.72236 4
    endloop
  endfacet
  facet normal 0.751839 0.659346 0
    outer loop
      vertex 2.72236 2.72236 2
      vertex 3.05441 2.34373 4
      vertex 3.05441 2.34373 2
    endloop
  endfacet
  facet normal 0.896872 0.44229 0
    outer loop
      vertex 3.55694 1.47333 4
      vertex 3.3342 1.925 2
      vertex 3.3342 1.925 4
    endloop
  endfacet
  facet normal 0.896872 0.44229 0
    outer loop
      vertex 3.3342 1.925 2
      vertex 3.55694 1.47333 4
      vertex 3.55694 1.47333 2
    endloop
  endfacet
  facet normal -0.997859 0.0654086 0
    outer loop
      vertex -3.85 0 2
      vertex -3.81706 0.502525 4
      vertex -3.81706 0.502525 2
    endloop
  endfacet
  facet normal -0.997859 0.0654086 0
    outer loop
      vertex -3.81706 0.502525 4
      vertex -3.85 0 2
      vertex -3.85 0 4
    endloop
  endfacet
  facet normal 0.555575 0.831466 -0
    outer loop
      vertex 2.34373 3.05441 2
      vertex 1.925 3.3342 4
      vertex 2.34373 3.05441 4
    endloop
  endfacet
  facet normal 0.555575 0.831466 0
    outer loop
      vertex 1.925 3.3342 4
      vertex 2.34373 3.05441 2
      vertex 1.925 3.3342 2
    endloop
  endfacet
  facet normal -0.980785 0.195091 0
    outer loop
      vertex -3.71881 0.996453 2
      vertex -3.79767 0.599999 4
      vertex -3.71881 0.996453 4
    endloop
  endfacet
  facet normal -0.980785 0.195093 4.40246e-07
    outer loop
      vertex -3.81706 0.502525 2
      vertex -3.79767 0.599999 4
      vertex -3.71881 0.996453 2
    endloop
  endfacet
  facet normal -0.980783 0.195102 0
    outer loop
      vertex -3.79767 0.599999 4
      vertex -3.81706 0.502525 2
      vertex -3.81706 0.502525 4
    endloop
  endfacet
  facet normal -0.195102 0.980783 0
    outer loop
      vertex -0.502525 3.81706 2
      vertex -0.599999 3.79767 4
      vertex -0.502525 3.81706 4
    endloop
  endfacet
  facet normal -0.195093 0.980785 4.40246e-07
    outer loop
      vertex -0.996453 3.71881 2
      vertex -0.599999 3.79767 4
      vertex -0.502525 3.81706 2
    endloop
  endfacet
  facet normal -0.195091 0.980785 0
    outer loop
      vertex -0.599999 3.79767 4
      vertex -0.996453 3.71881 2
      vertex -0.996453 3.71881 4
    endloop
  endfacet
  facet normal -0.44229 0.896872 0
    outer loop
      vertex -1.47333 3.55694 2
      vertex -1.925 3.3342 4
      vertex -1.47333 3.55694 4
    endloop
  endfacet
  facet normal -0.44229 0.896872 0
    outer loop
      vertex -1.925 3.3342 4
      vertex -1.47333 3.55694 2
      vertex -1.925 3.3342 2
    endloop
  endfacet
  facet normal 0.321425 -0.946935 0
    outer loop
      vertex 0.996453 -3.71881 2
      vertex 1.47333 -3.55694 4
      vertex 0.996453 -3.71881 4
    endloop
  endfacet
  facet normal 0.321425 -0.946935 0
    outer loop
      vertex 1.47333 -3.55694 4
      vertex 0.996453 -3.71881 2
      vertex 1.47333 -3.55694 2
    endloop
  endfacet
  facet normal 0.980783 -0.195102 0
    outer loop
      vertex 3.79767 -0.599999 4
      vertex 3.81706 -0.502525 2
      vertex 3.81706 -0.502525 4
    endloop
  endfacet
  facet normal 0.980785 -0.195091 0
    outer loop
      vertex 3.71881 -0.996453 2
      vertex 3.79767 -0.599999 4
      vertex 3.71881 -0.996453 4
    endloop
  endfacet
  facet normal 0.980785 -0.195093 4.40246e-07
    outer loop
      vertex 3.79767 -0.599999 4
      vertex 3.71881 -0.996453 2
      vertex 3.81706 -0.502525 2
    endloop
  endfacet
  facet normal 0.44229 -0.896872 0
    outer loop
      vertex 1.47333 -3.55694 2
      vertex 1.925 -3.3342 4
      vertex 1.47333 -3.55694 4
    endloop
  endfacet
  facet normal 0.44229 -0.896872 0
    outer loop
      vertex 1.925 -3.3342 4
      vertex 1.47333 -3.55694 2
      vertex 1.925 -3.3342 2
    endloop
  endfacet
  facet normal -0.321425 0.946935 0
    outer loop
      vertex -0.996453 3.71881 2
      vertex -1.47333 3.55694 4
      vertex -0.996453 3.71881 4
    endloop
  endfacet
  facet normal -0.321425 0.946935 0
    outer loop
      vertex -1.47333 3.55694 4
      vertex -0.996453 3.71881 2
      vertex -1.47333 3.55694 2
    endloop
  endfacet
  facet normal -0.44229 -0.896872 0
    outer loop
      vertex -1.925 -3.3342 2
      vertex -1.47333 -3.55694 4
      vertex -1.925 -3.3342 4
    endloop
  endfacet
  facet normal -0.44229 -0.896872 -0
    outer loop
      vertex -1.47333 -3.55694 4
      vertex -1.925 -3.3342 2
      vertex -1.47333 -3.55694 2
    endloop
  endfacet
  facet normal 0.44229 0.896872 -0
    outer loop
      vertex 1.925 3.3342 2
      vertex 1.47333 3.55694 4
      vertex 1.925 3.3342 4
    endloop
  endfacet
  facet normal 0.44229 0.896872 0
    outer loop
      vertex 1.47333 3.55694 4
      vertex 1.925 3.3342 2
      vertex 1.47333 3.55694 2
    endloop
  endfacet
  facet normal -0.946935 0.321425 0
    outer loop
      vertex -3.71881 0.996453 2
      vertex -3.55694 1.47333 4
      vertex -3.55694 1.47333 2
    endloop
  endfacet
  facet normal -0.946935 0.321425 0
    outer loop
      vertex -3.55694 1.47333 4
      vertex -3.71881 0.996453 2
      vertex -3.71881 0.996453 4
    endloop
  endfacet
  facet normal 0.946935 0.321425 0
    outer loop
      vertex 3.71881 0.996453 4
      vertex 3.55694 1.47333 2
      vertex 3.55694 1.47333 4
    endloop
  endfacet
  facet normal 0.946935 0.321425 0
    outer loop
      vertex 3.55694 1.47333 2
      vertex 3.71881 0.996453 4
      vertex 3.71881 0.996453 2
    endloop
  endfacet
  facet normal -0.659346 0.751839 0
    outer loop
      vertex -2.34373 3.05441 2
      vertex -2.72236 2.72236 4
      vertex -2.34373 3.05441 4
    endloop
  endfacet
  facet normal -0.659346 0.751839 0
    outer loop
      vertex -2.72236 2.72236 4
      vertex -2.34373 3.05441 2
      vertex -2.72236 2.72236 2
    endloop
  endfacet
  facet normal -0.659346 -0.751839 0
    outer loop
      vertex -2.72236 -2.72236 2
      vertex -2.34373 -3.05441 4
      vertex -2.72236 -2.72236 4
    endloop
  endfacet
  facet normal -0.659346 -0.751839 -0
    outer loop
      vertex -2.34373 -3.05441 4
      vertex -2.72236 -2.72236 2
      vertex -2.34373 -3.05441 2
    endloop
  endfacet
  facet normal -0.0654086 0.997859 0
    outer loop
      vertex 0 3.85 2
      vertex -0.502525 3.81706 4
      vertex 0 3.85 4
    endloop
  endfacet
  facet normal -0.0654086 0.997859 0
    outer loop
      vertex -0.502525 3.81706 4
      vertex 0 3.85 2
      vertex -0.502525 3.81706 2
    endloop
  endfacet
  facet normal 0.0654086 0.997859 -0
    outer loop
      vertex 0.502525 3.81706 2
      vertex 0 3.85 4
      vertex 0.502525 3.81706 4
    endloop
  endfacet
  facet normal 0.0654086 0.997859 0
    outer loop
      vertex 0 3.85 4
      vertex 0.502525 3.81706 2
      vertex 0 3.85 2
    endloop
  endfacet
  facet normal 0.659346 0.751839 -0
    outer loop
      vertex 2.72236 2.72236 2
      vertex 2.34373 3.05441 4
      vertex 2.72236 2.72236 4
    endloop
  endfacet
  facet normal 0.659346 0.751839 0
    outer loop
      vertex 2.34373 3.05441 4
      vertex 2.72236 2.72236 2
      vertex 2.34373 3.05441 2
    endloop
  endfacet
  facet normal -0.997859 -0.0654086 0
    outer loop
      vertex -3.81706 -0.502525 2
      vertex -3.85 0 4
      vertex -3.85 0 2
    endloop
  endfacet
  facet normal -0.997859 -0.0654086 0
    outer loop
      vertex -3.85 0 4
      vertex -3.81706 -0.502525 2
      vertex -3.81706 -0.502525 4
    endloop
  endfacet
  facet normal 0.659346 -0.751839 0
    outer loop
      vertex 2.34373 -3.05441 2
      vertex 2.72236 -2.72236 4
      vertex 2.34373 -3.05441 4
    endloop
  endfacet
  facet normal 0.659346 -0.751839 0
    outer loop
      vertex 2.72236 -2.72236 4
      vertex 2.34373 -3.05441 2
      vertex 2.72236 -2.72236 2
    endloop
  endfacet
  facet normal 0 0 -1
    outer loop
      vertex 4.61207 -0.578666 0
      vertex 7 0 0
      vertex 6.94011 -0.913683 0
    endloop
  endfacet
  facet normal 0 0 -1
    outer loop
      vertex 4.49708 -1.17571 0
      vertex 6.94011 -0.913683 0
      vertex 6.76148 -1.81173 0
    endloop
  endfacet
  facet normal -0 0 -1
    outer loop
      vertex 7 0 0
      vertex 4.61207 -0.578666 0
      vertex 4.65 0 0
    endloop
  endfacet
  facet normal 0 0 -1
    outer loop
      vertex 4.48245 -1.23035 0
      vertex 6.76148 -1.81173 0
      vertex 6.46716 -2.67878 0
    endloop
  endfacet
  facet normal 0 0 -1
    outer loop
      vertex 7 0 0
      vertex 4.61207 0.578666 0
      vertex 6.94011 0.913683 0
    endloop
  endfacet
  facet normal 0 0 -1
    outer loop
      vertex 4.28351 -1.8049 0
      vertex 6.46716 -2.67878 0
      vertex 6.06218 -3.5 0
    endloop
  endfacet
  facet normal 0 0 -1
    outer loop
      vertex 4.61022 0.606946 0
      vertex 6.94011 0.913683 0
      vertex 4.61207 0.578666 0
    endloop
  endfacet
  facet normal 0 0 -1
    outer loop
      vertex 4.01127 -2.34857 0
      vertex 6.06218 -3.5 0
      vertex 5.55347 -4.26133 0
    endloop
  endfacet
  facet normal 0 0 -1
    outer loop
      vertex 4.49708 1.17571 0
      vertex 6.94011 0.913683 0
      vertex 4.61022 0.606946 0
    endloop
  endfacet
  facet normal 0 0 -1
    outer loop
      vertex 3.30673 -3.26674 0
      vertex 5.55347 -4.26133 0
      vertex 4.94975 -4.94975 0
    endloop
  endfacet
  facet normal 0 0 -1
    outer loop
      vertex 6.94011 0.913683 0
      vertex 4.49708 1.17571 0
      vertex 6.76148 1.81173 0
    endloop
  endfacet
  facet normal 0 0 -1
    outer loop
      vertex 4.49156 1.20351 0
      vertex 6.76148 1.81173 0
      vertex 4.49708 1.17571 0
    endloop
  endfacet
  facet normal 0 0 -1
    outer loop
      vertex 4.61207 0.578666 0
      vertex 7 0 0
      vertex 4.65 0 0
    endloop
  endfacet
  facet normal 0 0 -1
    outer loop
      vertex 6.94011 -0.913683 0
      vertex 4.61022 -0.606946 0
      vertex 4.61207 -0.578666 0
    endloop
  endfacet
  facet normal -0 0 -1
    outer loop
      vertex 6.94011 -0.913683 0
      vertex 4.49708 -1.17571 0
      vertex 4.61022 -0.606946 0
    endloop
  endfacet
  facet normal 0 0 -1
    outer loop
      vertex 6.76148 -1.81173 0
      vertex 4.49156 -1.20351 0
      vertex 4.49708 -1.17571 0
    endloop
  endfacet
  facet normal 0 0 -1
    outer loop
      vertex 6.76148 -1.81173 0
      vertex 4.48245 -1.23035 0
      vertex 4.49156 -1.20351 0
    endloop
  endfacet
  facet normal 0 0 -1
    outer loop
      vertex 6.46716 -2.67878 0
      vertex 4.29604 -1.77948 0
      vertex 4.48245 -1.23035 0
    endloop
  endfacet
  facet normal 0 0 -1
    outer loop
      vertex 6.46716 -2.67878 0
      vertex 4.28351 -1.8049 0
      vertex 4.29604 -1.77948 0
    endloop
  endfacet
  facet normal 0 0 -1
    outer loop
      vertex 3.26674 -3.30673 0
      vertex 4.94975 -4.94975 0
      vertex 4.26133 -5.55347 0
    endloop
  endfacet
  facet normal 0 0 -1
    outer loop
      vertex 6.06218 -3.5 0
      vertex 4.02702 -2.325 0
      vertex 4.28351 -1.8049 0
    endloop
  endfacet
  facet normal 0 0 -1
    outer loop
      vertex 6.06218 -3.5 0
      vertex 4.01127 -2.34857 0
      vertex 4.02702 -2.325 0
    endloop
  endfacet
  facet normal 0 0 -1
    outer loop
      vertex 5.55347 -4.26133 0
      vertex 3.68909 -2.83074 0
      vertex 4.01127 -2.34857 0
    endloop
  endfacet
  facet normal 0 0 -1
    outer loop
      vertex 2.34857 -4.01127 0
      vertex 4.26133 -5.55347 0
      vertex 3.5 -6.06218 0
    endloop
  endfacet
  facet normal 0 0 -1
    outer loop
      vertex 5.55347 -4.26133 0
      vertex 3.30673 -3.26674 0
      vertex 3.68909 -2.83074 0
    endloop
  endfacet
  facet normal 0 0 -1
    outer loop
      vertex 4.94975 -4.94975 0
      vertex 3.28805 -3.28805 0
      vertex 3.30673 -3.26674 0
    endloop
  endfacet
  facet normal 0 0 -1
    outer loop
      vertex 4.94975 -4.94975 0
      vertex 3.26674 -3.30673 0
      vertex 3.28805 -3.28805 0
    endloop
  endfacet
  facet normal 0 0 -1
    outer loop
      vertex 4.26133 -5.55347 0
      vertex 2.83074 -3.68909 0
      vertex 3.26674 -3.30673 0
    endloop
  endfacet
  facet normal 0 0 -1
    outer loop
      vertex 1.8049 -4.28351 0
      vertex 3.5 -6.06218 0
      vertex 2.67878 -6.46716 0
    endloop
  endfacet
  facet normal 0 0 -1
    outer loop
      vertex 4.26133 -5.55347 0
      vertex 2.34857 -4.01127 0
      vertex 2.83074 -3.68909 0
    endloop
  endfacet
  facet normal 0 0 -1
    outer loop
      vertex 3.5 -6.06218 0
      vertex 2.325 -4.02702 0
      vertex 2.34857 -4.01127 0
    endloop
  endfacet
  facet normal 0 0 -1
    outer loop
      vertex 1.23035 -4.48245 0
      vertex 2.67878 -6.46716 0
      vertex 1.81173 -6.76148 0
    endloop
  endfacet
  facet normal 0 0 -1
    outer loop
      vertex 3.5 -6.06218 0
      vertex 1.8049 -4.28351 0
      vertex 2.325 -4.02702 0
    endloop
  endfacet
  facet normal 0 0 -1
    outer loop
      vertex 2.67878 -6.46716 0
      vertex 1.77948 -4.29604 0
      vertex 1.8049 -4.28351 0
    endloop
  endfacet
  facet normal 0 0 -1
    outer loop
      vertex 2.67878 -6.46716 0
      vertex 1.23035 -4.48245 0
      vertex 1.77948 -4.29604 0
    endloop
  endfacet
  facet normal 0 0 -1
    outer loop
      vertex 1.81173 -6.76148 0
      vertex 1.20351 -4.49156 0
      vertex 1.23035 -4.48245 0
    endloop
  endfacet
  facet normal 0 0 -1
    outer loop
      vertex 1.81173 -6.76148 0
      vertex 1.17571 -4.49708 0
      vertex 1.20351 -4.49156 0
    endloop
  endfacet
  facet normal 0 0 -1
    outer loop
      vertex 0.913683 -6.94011 0
      vertex 1.17571 -4.49708 0
      vertex 1.81173 -6.76148 0
    endloop
  endfacet
  facet normal 0 0 -1
    outer loop
      vertex 0.913683 -6.94011 0
      vertex 0.606946 -4.61022 0
      vertex 1.17571 -4.49708 0
    endloop
  endfacet
  facet normal 0 0 -1
    outer loop
      vertex 0.913683 -6.94011 0
      vertex 0.578666 -4.61207 0
      vertex 0.606946 -4.61022 0
    endloop
  endfacet
  facet normal 0 0 -1
    outer loop
      vertex 0 -7 0
      vertex 0.578666 -4.61207 0
      vertex 0.913683 -6.94011 0
    endloop
  endfacet
  facet normal 0 0 -1
    outer loop
      vertex 0 -7 0
      vertex 0 -4.65 0
      vertex 0.578666 -4.61207 0
    endloop
  endfacet
  facet normal 0 0 -1
    outer loop
      vertex 0 -7 0
      vertex -0.578666 -4.61207 0
      vertex 0 -4.65 0
    endloop
  endfacet
  facet normal 0 0 -1
    outer loop
      vertex -0.913683 -6.94011 0
      vertex -0.578666 -4.61207 0
      vertex 0 -7 0
    endloop
  endfacet
  facet normal -0 0 -1
    outer loop
      vertex -0.578666 -4.61207 0
      vertex -0.913683 -6.94011 0
      vertex -0.606946 -4.61022 0
    endloop
  endfacet
  facet normal 0 0 -1
    outer loop
      vertex -0.913683 -6.94011 0
      vertex -1.17571 -4.49708 0
      vertex -0.606946 -4.61022 0
    endloop
  endfacet
  facet normal 0 0 -1
    outer loop
      vertex -1.81173 -6.76148 0
      vertex -1.17571 -4.49708 0
      vertex -0.913683 -6.94011 0
    endloop
  endfacet
  facet normal -0 0 -1
    outer loop
      vertex -1.17571 -4.49708 0
      vertex -1.81173 -6.76148 0
      vertex -1.20351 -4.49156 0
    endloop
  endfacet
  facet normal -0 0 -1
    outer loop
      vertex -1.20351 -4.49156 0
      vertex -1.81173 -6.76148 0
      vertex -1.23035 -4.48245 0
    endloop
  endfacet
  facet normal 0 0 -1
    outer loop
      vertex -2.67878 -6.46716 0
      vertex -1.23035 -4.48245 0
      vertex -1.81173 -6.76148 0
    endloop
  endfacet
  facet normal -0 0 -1
    outer loop
      vertex -1.23035 -4.48245 0
      vertex -2.67878 -6.46716 0
      vertex -1.77948 -4.29604 0
    endloop
  endfacet
  facet normal -0 0 -1
    outer loop
      vertex -1.77948 -4.29604 0
      vertex -2.67878 -6.46716 0
      vertex -1.8049 -4.28351 0
    endloop
  endfacet
  facet normal 0 0 -1
    outer loop
      vertex -3.5 -6.06218 0
      vertex -1.8049 -4.28351 0
      vertex -2.67878 -6.46716 0
    endloop
  endfacet
  facet normal -0 0 -1
    outer loop
      vertex -1.8049 -4.28351 0
      vertex -3.5 -6.06218 0
      vertex -2.325 -4.02702 0
    endloop
  endfacet
  facet normal -0 0 -1
    outer loop
      vertex -2.325 -4.02702 0
      vertex -3.5 -6.06218 0
      vertex -2.34857 -4.01127 0
    endloop
  endfacet
  facet normal 0 0 -1
    outer loop
      vertex -4.26133 -5.55347 0
      vertex -2.34857 -4.01127 0
      vertex -3.5 -6.06218 0
    endloop
  endfacet
  facet normal -0 0 -1
    outer loop
      vertex -2.34857 -4.01127 0
      vertex -4.26133 -5.55347 0
      vertex -2.83074 -3.68909 0
    endloop
  endfacet
  facet normal -0 0 -1
    outer loop
      vertex -2.83074 -3.68909 0
      vertex -4.26133 -5.55347 0
      vertex -3.26674 -3.30673 0
    endloop
  endfacet
  facet normal 0 0 -1
    outer loop
      vertex -4.94975 -4.94975 0
      vertex -3.26674 -3.30673 0
      vertex -4.26133 -5.55347 0
    endloop
  endfacet
  facet normal -0 0 -1
    outer loop
      vertex -3.26674 -3.30673 0
      vertex -4.94975 -4.94975 0
      vertex -3.28805 -3.28805 0
    endloop
  endfacet
  facet normal -0 0 -1
    outer loop
      vertex -3.28805 -3.28805 0
      vertex -4.94975 -4.94975 0
      vertex -3.30673 -3.26674 0
    endloop
  endfacet
  facet normal 0 0 -1
    outer loop
      vertex -5.55347 -4.26133 0
      vertex -3.30673 -3.26674 0
      vertex -4.94975 -4.94975 0
    endloop
  endfacet
  facet normal -0 0 -1
    outer loop
      vertex -3.30673 -3.26674 0
      vertex -5.55347 -4.26133 0
      vertex -3.68909 -2.83074 0
    endloop
  endfacet
  facet normal -0 0 -1
    outer loop
      vertex -3.68909 -2.83074 0
      vertex -5.55347 -4.26133 0
      vertex -4.01127 -2.34857 0
    endloop
  endfacet
  facet normal 0 0 -1
    outer loop
      vertex -6.06218 -3.5 0
      vertex -4.01127 -2.34857 0
      vertex -5.55347 -4.26133 0
    endloop
  endfacet
  facet normal -0 0 -1
    outer loop
      vertex -4.01127 -2.34857 0
      vertex -6.06218 -3.5 0
      vertex -4.02702 -2.325 0
    endloop
  endfacet
  facet normal -0 0 -1
    outer loop
      vertex -4.02702 -2.325 0
      vertex -6.06218 -3.5 0
      vertex -4.28351 -1.8049 0
    endloop
  endfacet
  facet normal 0 0 -1
    outer loop
      vertex -6.46716 -2.67878 0
      vertex -4.28351 -1.8049 0
      vertex -6.06218 -3.5 0
    endloop
  endfacet
  facet normal -0 0 -1
    outer loop
      vertex -4.28351 -1.8049 0
      vertex -6.46716 -2.67878 0
      vertex -4.29604 -1.77948 0
    endloop
  endfacet
  facet normal 0 0 -1
    outer loop
      vertex -6.94011 -0.913683 0
      vertex -4.61207 -0.578666 0
      vertex -4.61022 -0.606946 0
    endloop
  endfacet
  facet normal 0 0 -1
    outer loop
      vertex -6.76148 -1.81173 0
      vertex -4.48245 -1.23035 0
      vertex -6.46716 -2.67878 0
    endloop
  endfacet
  facet normal -0 0 -1
    outer loop
      vertex -4.29604 -1.77948 0
      vertex -6.46716 -2.67878 0
      vertex -4.48245 -1.23035 0
    endloop
  endfacet
  facet normal 0 0 -1
    outer loop
      vertex 4.48245 1.23035 0
      vertex 6.76148 1.81173 0
      vertex 4.49156 1.20351 0
    endloop
  endfacet
  facet normal -0 0 -1
    outer loop
      vertex 6.76148 1.81173 0
      vertex 4.48245 1.23035 0
      vertex 6.46716 2.67878 0
    endloop
  endfacet
  facet normal 0 0 -1
    outer loop
      vertex 4.29604 1.77948 0
      vertex 6.46716 2.67878 0
      vertex 4.48245 1.23035 0
    endloop
  endfacet
  facet normal 0 0 -1
    outer loop
      vertex 4.28351 1.8049 0
      vertex 6.46716 2.67878 0
      vertex 4.29604 1.77948 0
    endloop
  endfacet
  facet normal -0 0 -1
    outer loop
      vertex 6.46716 2.67878 0
      vertex 4.28351 1.8049 0
      vertex 6.06218 3.5 0
    endloop
  endfacet
  facet normal 0 0 -1
    outer loop
      vertex 4.02702 2.325 0
      vertex 6.06218 3.5 0
      vertex 4.28351 1.8049 0
    endloop
  endfacet
  facet normal 0 0 -1
    outer loop
      vertex 4.01127 2.34857 0
      vertex 6.06218 3.5 0
      vertex 4.02702 2.325 0
    endloop
  endfacet
  facet normal -0 0 -1
    outer loop
      vertex 6.06218 3.5 0
      vertex 4.01127 2.34857 0
      vertex 5.55347 4.26133 0
    endloop
  endfacet
  facet normal 0 0 -1
    outer loop
      vertex 3.68909 2.83074 0
      vertex 5.55347 4.26133 0
      vertex 4.01127 2.34857 0
    endloop
  endfacet
  facet normal 0 0 -1
    outer loop
      vertex 3.30673 3.26674 0
      vertex 5.55347 4.26133 0
      vertex 3.68909 2.83074 0
    endloop
  endfacet
  facet normal -0 0 -1
    outer loop
      vertex 5.55347 4.26133 0
      vertex 3.30673 3.26674 0
      vertex 4.94975 4.94975 0
    endloop
  endfacet
  facet normal 0 0 -1
    outer loop
      vertex 3.28805 3.28805 0
      vertex 4.94975 4.94975 0
      vertex 3.30673 3.26674 0
    endloop
  endfacet
  facet normal 0 0 -1
    outer loop
      vertex 3.26674 3.30673 0
      vertex 4.94975 4.94975 0
      vertex 3.28805 3.28805 0
    endloop
  endfacet
  facet normal -0 0 -1
    outer loop
      vertex 4.94975 4.94975 0
      vertex 3.26674 3.30673 0
      vertex 4.26133 5.55347 0
    endloop
  endfacet
  facet normal 0 0 -1
    outer loop
      vertex 2.83074 3.68909 0
      vertex 4.26133 5.55347 0
      vertex 3.26674 3.30673 0
    endloop
  endfacet
  facet normal 0 0 -1
    outer loop
      vertex 2.34857 4.01127 0
      vertex 4.26133 5.55347 0
      vertex 2.83074 3.68909 0
    endloop
  endfacet
  facet normal -0 0 -1
    outer loop
      vertex 4.26133 5.55347 0
      vertex 2.34857 4.01127 0
      vertex 3.5 6.06218 0
    endloop
  endfacet
  facet normal 0 0 -1
    outer loop
      vertex 2.325 4.02702 0
      vertex 3.5 6.06218 0
      vertex 2.34857 4.01127 0
    endloop
  endfacet
  facet normal 0 0 -1
    outer loop
      vertex 1.8049 4.28351 0
      vertex 3.5 6.06218 0
      vertex 2.325 4.02702 0
    endloop
  endfacet
  facet normal -0 0 -1
    outer loop
      vertex 3.5 6.06218 0
      vertex 1.8049 4.28351 0
      vertex 2.67878 6.46716 0
    endloop
  endfacet
  facet normal 0 0 -1
    outer loop
      vertex 1.77948 4.29604 0
      vertex 2.67878 6.46716 0
      vertex 1.8049 4.28351 0
    endloop
  endfacet
  facet normal 0 0 -1
    outer loop
      vertex 1.23035 4.48245 0
      vertex 2.67878 6.46716 0
      vertex 1.77948 4.29604 0
    endloop
  endfacet
  facet normal -0 0 -1
    outer loop
      vertex 2.67878 6.46716 0
      vertex 1.23035 4.48245 0
      vertex 1.81173 6.76148 0
    endloop
  endfacet
  facet normal 0 0 -1
    outer loop
      vertex 1.20351 4.49156 0
      vertex 1.81173 6.76148 0
      vertex 1.23035 4.48245 0
    endloop
  endfacet
  facet normal 0 0 -1
    outer loop
      vertex 1.17571 4.49708 0
      vertex 1.81173 6.76148 0
      vertex 1.20351 4.49156 0
    endloop
  endfacet
  facet normal 0 0 -1
    outer loop
      vertex 1.17571 4.49708 0
      vertex 0.913683 6.94011 0
      vertex 1.81173 6.76148 0
    endloop
  endfacet
  facet normal 0 0 -1
    outer loop
      vertex 0.606946 4.61022 0
      vertex 0.913683 6.94011 0
      vertex 1.17571 4.49708 0
    endloop
  endfacet
  facet normal 0 0 -1
    outer loop
      vertex 0.578666 4.61207 0
      vertex 0.913683 6.94011 0
      vertex 0.606946 4.61022 0
    endloop
  endfacet
  facet normal 0 0 -1
    outer loop
      vertex 0 7 0
      vertex 0.578666 4.61207 0
      vertex 0 4.65 0
    endloop
  endfacet
  facet normal 0 0 -1
    outer loop
      vertex 0.578666 4.61207 0
      vertex 0 7 0
      vertex 0.913683 6.94011 0
    endloop
  endfacet
  facet normal 0 0 -1
    outer loop
      vertex -0.578666 4.61207 0
      vertex 0 7 0
      vertex 0 4.65 0
    endloop
  endfacet
  facet normal 0 0 -1
    outer loop
      vertex -0.913683 6.94011 0
      vertex -0.578666 4.61207 0
      vertex -0.606946 4.61022 0
    endloop
  endfacet
  facet normal 0 0 -1
    outer loop
      vertex -0.578666 4.61207 0
      vertex -0.913683 6.94011 0
      vertex 0 7 0
    endloop
  endfacet
  facet normal 0 0 -1
    outer loop
      vertex -1.17571 4.49708 0
      vertex -0.913683 6.94011 0
      vertex -0.606946 4.61022 0
    endloop
  endfacet
  facet normal 0 0 -1
    outer loop
      vertex -1.81173 6.76148 0
      vertex -1.17571 4.49708 0
      vertex -1.20351 4.49156 0
    endloop
  endfacet
  facet normal 0 0 -1
    outer loop
      vertex -1.81173 6.76148 0
      vertex -1.20351 4.49156 0
      vertex -1.23035 4.48245 0
    endloop
  endfacet
  facet normal 0 0 -1
    outer loop
      vertex -2.67878 6.46716 0
      vertex -1.23035 4.48245 0
      vertex -1.77948 4.29604 0
    endloop
  endfacet
  facet normal 0 0 -1
    outer loop
      vertex -2.67878 6.46716 0
      vertex -1.77948 4.29604 0
      vertex -1.8049 4.28351 0
    endloop
  endfacet
  facet normal 0 0 -1
    outer loop
      vertex -1.17571 4.49708 0
      vertex -1.81173 6.76148 0
      vertex -0.913683 6.94011 0
    endloop
  endfacet
  facet normal 0 0 -1
    outer loop
      vertex -3.5 6.06218 0
      vertex -1.8049 4.28351 0
      vertex -2.325 4.02702 0
    endloop
  endfacet
  facet normal 0 0 -1
    outer loop
      vertex -3.5 6.06218 0
      vertex -2.325 4.02702 0
      vertex -2.34857 4.01127 0
    endloop
  endfacet
  facet normal 0 0 -1
    outer loop
      vertex -1.23035 4.48245 0
      vertex -2.67878 6.46716 0
      vertex -1.81173 6.76148 0
    endloop
  endfacet
  facet normal 0 0 -1
    outer loop
      vertex -4.26133 5.55347 0
      vertex -2.34857 4.01127 0
      vertex -2.83074 3.68909 0
    endloop
  endfacet
  facet normal 0 0 -1
    outer loop
      vertex -4.26133 5.55347 0
      vertex -2.83074 3.68909 0
      vertex -3.26674 3.30673 0
    endloop
  endfacet
  facet normal 0 0 -1
    outer loop
      vertex -4.94975 4.94975 0
      vertex -3.26674 3.30673 0
      vertex -3.28805 3.28805 0
    endloop
  endfacet
  facet normal 0 0 -1
    outer loop
      vertex -4.94975 4.94975 0
      vertex -3.28805 3.28805 0
      vertex -3.30673 3.26674 0
    endloop
  endfacet
  facet normal 0 0 -1
    outer loop
      vertex -1.8049 4.28351 0
      vertex -3.5 6.06218 0
      vertex -2.67878 6.46716 0
    endloop
  endfacet
  facet normal 0 0 -1
    outer loop
      vertex -5.55347 4.26133 0
      vertex -3.30673 3.26674 0
      vertex -3.68909 2.83074 0
    endloop
  endfacet
  facet normal 0 0 -1
    outer loop
      vertex -5.55347 4.26133 0
      vertex -3.68909 2.83074 0
      vertex -4.01127 2.34857 0
    endloop
  endfacet
  facet normal 0 0 -1
    outer loop
      vertex -6.06218 3.5 0
      vertex -4.01127 2.34857 0
      vertex -4.02702 2.325 0
    endloop
  endfacet
  facet normal 0 0 -1
    outer loop
      vertex -2.34857 4.01127 0
      vertex -4.26133 5.55347 0
      vertex -3.5 6.06218 0
    endloop
  endfacet
  facet normal 0 0 -1
    outer loop
      vertex -6.06218 3.5 0
      vertex -4.02702 2.325 0
      vertex -4.28351 1.8049 0
    endloop
  endfacet
  facet normal 0 0 -1
    outer loop
      vertex -6.46716 2.67878 0
      vertex -4.28351 1.8049 0
      vertex -4.29604 1.77948 0
    endloop
  endfacet
  facet normal 0 0 -1
    outer loop
      vertex -6.46716 2.67878 0
      vertex -4.29604 1.77948 0
      vertex -4.48245 1.23035 0
    endloop
  endfacet
  facet normal 0 0 -1
    outer loop
      vertex -6.76148 1.81173 0
      vertex -4.48245 1.23035 0
      vertex -4.49156 1.20351 0
    endloop
  endfacet
  facet normal 0 0 -1
    outer loop
      vertex -6.76148 1.81173 0
      vertex -4.49156 1.20351 0
      vertex -4.49708 1.17571 0
    endloop
  endfacet
  facet normal 0 0 -1
    outer loop
      vertex -6.94011 0.913683 0
      vertex -4.49708 1.17571 0
      vertex -4.61022 0.606946 0
    endloop
  endfacet
  facet normal 0 0 -1
    outer loop
      vertex -7 0 0
      vertex -4.61207 0.578666 0
      vertex -4.65 0 0
    endloop
  endfacet
  facet normal 0 0 -1
    outer loop
      vertex -3.26674 3.30673 0
      vertex -4.94975 4.94975 0
      vertex -4.26133 5.55347 0
    endloop
  endfacet
  facet normal 0 0 -1
    outer loop
      vertex -4.61207 0.578666 0
      vertex -6.94011 0.913683 0
      vertex -4.61022 0.606946 0
    endloop
  endfacet
  facet normal -0 0 -1
    outer loop
      vertex -4.48245 -1.23035 0
      vertex -6.76148 -1.81173 0
      vertex -4.49156 -1.20351 0
    endloop
  endfacet
  facet normal -0 0 -1
    outer loop
      vertex -4.49156 -1.20351 0
      vertex -6.76148 -1.81173 0
      vertex -4.49708 -1.17571 0
    endloop
  endfacet
  facet normal 0 0 -1
    outer loop
      vertex -3.30673 3.26674 0
      vertex -5.55347 4.26133 0
      vertex -4.94975 4.94975 0
    endloop
  endfacet
  facet normal 0 0 -1
    outer loop
      vertex -6.94011 -0.913683 0
      vertex -4.49708 -1.17571 0
      vertex -6.76148 -1.81173 0
    endloop
  endfacet
  facet normal 0 0 -1
    outer loop
      vertex -4.01127 2.34857 0
      vertex -6.06218 3.5 0
      vertex -5.55347 4.26133 0
    endloop
  endfacet
  facet normal 0 0 -1
    outer loop
      vertex -4.49708 -1.17571 0
      vertex -6.94011 -0.913683 0
      vertex -4.61022 -0.606946 0
    endloop
  endfacet
  facet normal 0 0 -1
    outer loop
      vertex -4.28351 1.8049 0
      vertex -6.46716 2.67878 0
      vertex -6.06218 3.5 0
    endloop
  endfacet
  facet normal 0 0 -1
    outer loop
      vertex -7 0 0
      vertex -4.61207 -0.578666 0
      vertex -6.94011 -0.913683 0
    endloop
  endfacet
  facet normal 0 0 -1
    outer loop
      vertex -4.48245 1.23035 0
      vertex -6.76148 1.81173 0
      vertex -6.46716 2.67878 0
    endloop
  endfacet
  facet normal 0 0 -1
    outer loop
      vertex -4.61207 -0.578666 0
      vertex -7 0 0
      vertex -4.65 0 0
    endloop
  endfacet
  facet normal -0 0 -1
    outer loop
      vertex -4.49708 1.17571 0
      vertex -6.94011 0.913683 0
      vertex -6.76148 1.81173 0
    endloop
  endfacet
  facet normal -0 0 -1
    outer loop
      vertex -4.61207 0.578666 0
      vertex -7 0 0
      vertex -6.94011 0.913683 0
    endloop
  endfacet
  facet normal 0.0654075 -0.997859 0
    outer loop
      vertex 0 -7 0
      vertex 0.913683 -6.94011 2
      vertex 0 -7 2
    endloop
  endfacet
  facet normal 0.0654075 -0.997859 0
    outer loop
      vertex 0.913683 -6.94011 2
      vertex 0 -7 0
      vertex 0.913683 -6.94011 0
    endloop
  endfacet
  facet normal 0.980786 0.195088 0
    outer loop
      vertex 6.94011 0.913683 2
      vertex 6.76148 1.81173 0
      vertex 6.76148 1.81173 2
    endloop
  endfacet
  facet normal 0.980786 0.195088 0
    outer loop
      vertex 6.76148 1.81173 0
      vertex 6.94011 0.913683 2
      vertex 6.94011 0.913683 0
    endloop
  endfacet
  facet normal 0.997859 0.0654075 0
    outer loop
      vertex 7 0 2
      vertex 6.94011 0.913683 0
      vertex 6.94011 0.913683 2
    endloop
  endfacet
  facet normal 0.997859 0.0654075 0
    outer loop
      vertex 6.94011 0.913683 0
      vertex 7 0 2
      vertex 7 0 0
    endloop
  endfacet
  facet normal 0.831467 -0.555574 0
    outer loop
      vertex 5.55347 -4.26133 2
      vertex 6.06218 -3.5 0
      vertex 6.06218 -3.5 2
    endloop
  endfacet
  facet normal 0.831467 -0.555574 0
    outer loop
      vertex 6.06218 -3.5 0
      vertex 5.55347 -4.26133 2
      vertex 5.55347 -4.26133 0
    endloop
  endfacet
  facet normal 0.997859 -0.0654075 0
    outer loop
      vertex 6.94011 -0.913683 2
      vertex 7 0 0
      vertex 7 0 2
    endloop
  endfacet
  facet normal 0.997859 -0.0654075 0
    outer loop
      vertex 7 0 0
      vertex 6.94011 -0.913683 2
      vertex 6.94011 -0.913683 0
    endloop
  endfacet
  facet normal 0.831467 0.555574 0
    outer loop
      vertex 6.06218 3.5 2
      vertex 5.55347 4.26133 0
      vertex 5.55347 4.26133 2
    endloop
  endfacet
  facet normal 0.831467 0.555574 0
    outer loop
      vertex 5.55347 4.26133 0
      vertex 6.06218 3.5 2
      vertex 6.06218 3.5 0
    endloop
  endfacet
  facet normal 0.751844 0.659341 0
    outer loop
      vertex 5.55347 4.26133 2
      vertex 4.94975 4.94975 0
      vertex 4.94975 4.94975 2
    endloop
  endfacet
  facet normal 0.751844 0.659341 0
    outer loop
      vertex 4.94975 4.94975 0
      vertex 5.55347 4.26133 2
      vertex 5.55347 4.26133 0
    endloop
  endfacet
  facet normal 0.896873 -0.442288 0
    outer loop
      vertex 6.06218 -3.5 2
      vertex 6.46716 -2.67878 0
      vertex 6.46716 -2.67878 2
    endloop
  endfacet
  facet normal 0.896873 -0.442288 0
    outer loop
      vertex 6.46716 -2.67878 0
      vertex 6.06218 -3.5 2
      vertex 6.06218 -3.5 0
    endloop
  endfacet
  facet normal 0.659341 0.751844 -0
    outer loop
      vertex 4.94975 4.94975 0
      vertex 4.26133 5.55347 2
      vertex 4.94975 4.94975 2
    endloop
  endfacet
  facet normal 0.659341 0.751844 0
    outer loop
      vertex 4.26133 5.55347 2
      vertex 4.94975 4.94975 0
      vertex 4.26133 5.55347 0
    endloop
  endfacet
  facet normal 0.442288 -0.896873 0
    outer loop
      vertex 2.67878 -6.46716 0
      vertex 3.5 -6.06218 2
      vertex 2.67878 -6.46716 2
    endloop
  endfacet
  facet normal 0.442288 -0.896873 0
    outer loop
      vertex 3.5 -6.06218 2
      vertex 2.67878 -6.46716 0
      vertex 3.5 -6.06218 0
    endloop
  endfacet
  facet normal -0.659341 0.751844 0
    outer loop
      vertex -4.26133 5.55347 0
      vertex -4.94975 4.94975 2
      vertex -4.26133 5.55347 2
    endloop
  endfacet
  facet normal -0.659341 0.751844 0
    outer loop
      vertex -4.94975 4.94975 2
      vertex -4.26133 5.55347 0
      vertex -4.94975 4.94975 0
    endloop
  endfacet
  facet normal 0.659341 -0.751844 0
    outer loop
      vertex 4.26133 -5.55347 0
      vertex 4.94975 -4.94975 2
      vertex 4.26133 -5.55347 2
    endloop
  endfacet
  facet normal 0.659341 -0.751844 0
    outer loop
      vertex 4.94975 -4.94975 2
      vertex 4.26133 -5.55347 0
      vertex 4.94975 -4.94975 0
    endloop
  endfacet
  facet normal -0.555574 -0.831467 0
    outer loop
      vertex -4.26133 -5.55347 0
      vertex -3.5 -6.06218 2
      vertex -4.26133 -5.55347 2
    endloop
  endfacet
  facet normal -0.555574 -0.831467 -0
    outer loop
      vertex -3.5 -6.06218 2
      vertex -4.26133 -5.55347 0
      vertex -3.5 -6.06218 0
    endloop
  endfacet
  facet normal -0.555574 0.831467 0
    outer loop
      vertex -3.5 6.06218 0
      vertex -4.26133 5.55347 2
      vertex -3.5 6.06218 2
    endloop
  endfacet
  facet normal -0.555574 0.831467 0
    outer loop
      vertex -4.26133 5.55347 2
      vertex -3.5 6.06218 0
      vertex -4.26133 5.55347 0
    endloop
  endfacet
  facet normal -0.321436 -0.946931 0
    outer loop
      vertex -2.67878 -6.46716 0
      vertex -1.81173 -6.76148 2
      vertex -2.67878 -6.46716 2
    endloop
  endfacet
  facet normal -0.321436 -0.946931 -0
    outer loop
      vertex -1.81173 -6.76148 2
      vertex -2.67878 -6.46716 0
      vertex -1.81173 -6.76148 0
    endloop
  endfacet
  facet normal -0.997859 0.0654075 0
    outer loop
      vertex -7 0 0
      vertex -6.94011 0.913683 2
      vertex -6.94011 0.913683 0
    endloop
  endfacet
  facet normal -0.997859 0.0654075 0
    outer loop
      vertex -6.94011 0.913683 2
      vertex -7 0 0
      vertex -7 0 2
    endloop
  endfacet
  facet normal 0.442288 0.896873 -0
    outer loop
      vertex 3.5 6.06218 0
      vertex 2.67878 6.46716 2
      vertex 3.5 6.06218 2
    endloop
  endfacet
  facet normal 0.442288 0.896873 0
    outer loop
      vertex 2.67878 6.46716 2
      vertex 3.5 6.06218 0
      vertex 2.67878 6.46716 0
    endloop
  endfacet
  facet normal 0.195088 -0.980786 0
    outer loop
      vertex 0.913683 -6.94011 0
      vertex 1.81173 -6.76148 2
      vertex 0.913683 -6.94011 2
    endloop
  endfacet
  facet normal 0.195088 -0.980786 0
    outer loop
      vertex 1.81173 -6.76148 2
      vertex 0.913683 -6.94011 0
      vertex 1.81173 -6.76148 0
    endloop
  endfacet
  facet normal -0.751844 0.659341 0
    outer loop
      vertex -5.55347 4.26133 0
      vertex -4.94975 4.94975 2
      vertex -4.94975 4.94975 0
    endloop
  endfacet
  facet normal -0.751844 0.659341 0
    outer loop
      vertex -4.94975 4.94975 2
      vertex -5.55347 4.26133 0
      vertex -5.55347 4.26133 2
    endloop
  endfacet
  facet normal 0.0654075 0.997859 -0
    outer loop
      vertex 0.913683 6.94011 0
      vertex 0 7 2
      vertex 0.913683 6.94011 2
    endloop
  endfacet
  facet normal 0.0654075 0.997859 0
    outer loop
      vertex 0 7 2
      vertex 0.913683 6.94011 0
      vertex 0 7 0
    endloop
  endfacet
  facet normal -0.831467 -0.555574 0
    outer loop
      vertex -5.55347 -4.26133 0
      vertex -6.06218 -3.5 2
      vertex -6.06218 -3.5 0
    endloop
  endfacet
  facet normal -0.831467 -0.555574 0
    outer loop
      vertex -6.06218 -3.5 2
      vertex -5.55347 -4.26133 0
      vertex -5.55347 -4.26133 2
    endloop
  endfacet
  facet normal -0.442288 0.896873 0
    outer loop
      vertex -2.67878 6.46716 0
      vertex -3.5 6.06218 2
      vertex -2.67878 6.46716 2
    endloop
  endfacet
  facet normal -0.442288 0.896873 0
    outer loop
      vertex -3.5 6.06218 2
      vertex -2.67878 6.46716 0
      vertex -3.5 6.06218 0
    endloop
  endfacet
  facet normal 0.946931 -0.321436 0
    outer loop
      vertex 6.46716 -2.67878 2
      vertex 6.76148 -1.81173 0
      vertex 6.76148 -1.81173 2
    endloop
  endfacet
  facet normal 0.946931 -0.321436 0
    outer loop
      vertex 6.76148 -1.81173 0
      vertex 6.46716 -2.67878 2
      vertex 6.46716 -2.67878 0
    endloop
  endfacet
  facet normal -0.442288 -0.896873 0
    outer loop
      vertex -3.5 -6.06218 0
      vertex -2.67878 -6.46716 2
      vertex -3.5 -6.06218 2
    endloop
  endfacet
  facet normal -0.442288 -0.896873 -0
    outer loop
      vertex -2.67878 -6.46716 2
      vertex -3.5 -6.06218 0
      vertex -2.67878 -6.46716 0
    endloop
  endfacet
  facet normal -0.980786 0.195088 0
    outer loop
      vertex -6.94011 0.913683 0
      vertex -6.76148 1.81173 2
      vertex -6.76148 1.81173 0
    endloop
  endfacet
  facet normal -0.980786 0.195088 0
    outer loop
      vertex -6.76148 1.81173 2
      vertex -6.94011 0.913683 0
      vertex -6.94011 0.913683 2
    endloop
  endfacet
  facet normal -0.659341 -0.751844 0
    outer loop
      vertex -4.94975 -4.94975 0
      vertex -4.26133 -5.55347 2
      vertex -4.94975 -4.94975 2
    endloop
  endfacet
  facet normal -0.659341 -0.751844 -0
    outer loop
      vertex -4.26133 -5.55347 2
      vertex -4.94975 -4.94975 0
      vertex -4.26133 -5.55347 0
    endloop
  endfacet
  facet normal 0.321436 -0.946931 0
    outer loop
      vertex 1.81173 -6.76148 0
      vertex 2.67878 -6.46716 2
      vertex 1.81173 -6.76148 2
    endloop
  endfacet
  facet normal 0.321436 -0.946931 0
    outer loop
      vertex 2.67878 -6.46716 2
      vertex 1.81173 -6.76148 0
      vertex 2.67878 -6.46716 0
    endloop
  endfacet
  facet normal 0 0 1
    outer loop
      vertex 3.85 0 2
      vertex 7 0 2
      vertex 6.94011 0.913683 2
    endloop
  endfacet
  facet normal 0 0 1
    outer loop
      vertex 3.81706 0.502525 2
      vertex 6.94011 0.913683 2
      vertex 6.76148 1.81173 2
    endloop
  endfacet
  facet normal 0 0 1
    outer loop
      vertex 7 0 2
      vertex 3.85 0 2
      vertex 6.94011 -0.913683 2
    endloop
  endfacet
  facet normal 0 0 1
    outer loop
      vertex 3.71881 0.996453 2
      vertex 6.76148 1.81173 2
      vertex 6.46716 2.67878 2
    endloop
  endfacet
  facet normal -0 0 1
    outer loop
      vertex 3.81706 -0.502525 2
      vertex 6.94011 -0.913683 2
      vertex 3.85 0 2
    endloop
  endfacet
  facet normal 0 0 1
    outer loop
      vertex 3.55694 1.47333 2
      vertex 6.46716 2.67878 2
      vertex 6.06218 3.5 2
    endloop
  endfacet
  facet normal 0 0 1
    outer loop
      vertex 6.94011 -0.913683 2
      vertex 3.81706 -0.502525 2
      vertex 6.76148 -1.81173 2
    endloop
  endfacet
  facet normal 0 0 1
    outer loop
      vertex 3.3342 1.925 2
      vertex 6.06218 3.5 2
      vertex 5.55347 4.26133 2
    endloop
  endfacet
  facet normal -0 0 1
    outer loop
      vertex 3.71881 -0.996453 2
      vertex 6.76148 -1.81173 2
      vertex 3.81706 -0.502525 2
    endloop
  endfacet
  facet normal 0 0 1
    outer loop
      vertex 3.05441 2.34373 2
      vertex 5.55347 4.26133 2
      vertex 4.94975 4.94975 2
    endloop
  endfacet
  facet normal 0 0 1
    outer loop
      vertex 6.76148 -1.81173 2
      vertex 3.71881 -0.996453 2
      vertex 6.46716 -2.67878 2
    endloop
  endfacet
  facet normal 0 0 1
    outer loop
      vertex 2.72236 2.72236 2
      vertex 4.94975 4.94975 2
      vertex 4.26133 5.55347 2
    endloop
  endfacet
  facet normal -0 0 1
    outer loop
      vertex 3.55694 -1.47333 2
      vertex 6.46716 -2.67878 2
      vertex 3.71881 -0.996453 2
    endloop
  endfacet
  facet normal 0 0 1
    outer loop
      vertex 6.46716 -2.67878 2
      vertex 3.55694 -1.47333 2
      vertex 6.06218 -3.5 2
    endloop
  endfacet
  facet normal 0 0 1
    outer loop
      vertex 6.94011 0.913683 2
      vertex 3.81706 0.502525 2
      vertex 3.85 0 2
    endloop
  endfacet
  facet normal 0 0 1
    outer loop
      vertex 6.76148 1.81173 2
      vertex 3.71881 0.996453 2
      vertex 3.81706 0.502525 2
    endloop
  endfacet
  facet normal 0 0 1
    outer loop
      vertex 6.46716 2.67878 2
      vertex 3.55694 1.47333 2
      vertex 3.71881 0.996453 2
    endloop
  endfacet
  facet normal 0 0 1
    outer loop
      vertex 2.34373 3.05441 2
      vertex 4.26133 5.55347 2
      vertex 3.5 6.06218 2
    endloop
  endfacet
  facet normal 0 0 1
    outer loop
      vertex 6.06218 3.5 2
      vertex 3.3342 1.925 2
      vertex 3.55694 1.47333 2
    endloop
  endfacet
  facet normal 0 0 1
    outer loop
      vertex 5.55347 4.26133 2
      vertex 3.05441 2.34373 2
      vertex 3.3342 1.925 2
    endloop
  endfacet
  facet normal 0 0 1
    outer loop
      vertex 4.94975 4.94975 2
      vertex 2.72236 2.72236 2
      vertex 3.05441 2.34373 2
    endloop
  endfacet
  facet normal 0 0 1
    outer loop
      vertex 1.925 3.3342 2
      vertex 3.5 6.06218 2
      vertex 2.67878 6.46716 2
    endloop
  endfacet
  facet normal 0 0 1
    outer loop
      vertex 4.26133 5.55347 2
      vertex 2.34373 3.05441 2
      vertex 2.72236 2.72236 2
    endloop
  endfacet
  facet normal 0 0 1
    outer loop
      vertex 3.5 6.06218 2
      vertex 1.925 3.3342 2
      vertex 2.34373 3.05441 2
    endloop
  endfacet
  facet normal 0 0 1
    outer loop
      vertex 1.47333 3.55694 2
      vertex 2.67878 6.46716 2
      vertex 1.81173 6.76148 2
    endloop
  endfacet
  facet normal 0 0 1
    outer loop
      vertex 2.67878 6.46716 2
      vertex 1.47333 3.55694 2
      vertex 1.925 3.3342 2
    endloop
  endfacet
  facet normal 0 0 1
    outer loop
      vertex 1.81173 6.76148 2
      vertex 0.996453 3.71881 2
      vertex 1.47333 3.55694 2
    endloop
  endfacet
  facet normal 0 0 1
    outer loop
      vertex 0.913683 6.94011 2
      vertex 0.996453 3.71881 2
      vertex 1.81173 6.76148 2
    endloop
  endfacet
  facet normal 0 0 1
    outer loop
      vertex 0.913683 6.94011 2
      vertex 0.502525 3.81706 2
      vertex 0.996453 3.71881 2
    endloop
  endfacet
  facet normal 0 0 1
    outer loop
      vertex 0 7 2
      vertex 0.502525 3.81706 2
      vertex 0.913683 6.94011 2
    endloop
  endfacet
  facet normal 0 0 1
    outer loop
      vertex 0 7 2
      vertex 0 3.85 2
      vertex 0.502525 3.81706 2
    endloop
  endfacet
  facet normal 0 0 1
    outer loop
      vertex 0 7 2
      vertex -0.502525 3.81706 2
      vertex 0 3.85 2
    endloop
  endfacet
  facet normal -0 0 1
    outer loop
      vertex -0.913683 6.94011 2
      vertex -0.502525 3.81706 2
      vertex 0 7 2
    endloop
  endfacet
  facet normal 0 0 1
    outer loop
      vertex -0.913683 6.94011 2
      vertex -0.996453 3.71881 2
      vertex -0.502525 3.81706 2
    endloop
  endfacet
  facet normal -0 0 1
    outer loop
      vertex -1.81173 6.76148 2
      vertex -0.996453 3.71881 2
      vertex -0.913683 6.94011 2
    endloop
  endfacet
  facet normal 0 0 1
    outer loop
      vertex -0.996453 3.71881 2
      vertex -1.81173 6.76148 2
      vertex -1.47333 3.55694 2
    endloop
  endfacet
  facet normal -0 0 1
    outer loop
      vertex -2.67878 6.46716 2
      vertex -1.47333 3.55694 2
      vertex -1.81173 6.76148 2
    endloop
  endfacet
  facet normal 0 0 1
    outer loop
      vertex -1.47333 3.55694 2
      vertex -2.67878 6.46716 2
      vertex -1.925 3.3342 2
    endloop
  endfacet
  facet normal -0 0 1
    outer loop
      vertex -3.5 6.06218 2
      vertex -1.925 3.3342 2
      vertex -2.67878 6.46716 2
    endloop
  endfacet
  facet normal 0 0 1
    outer loop
      vertex -1.925 3.3342 2
      vertex -3.5 6.06218 2
      vertex -2.34373 3.05441 2
    endloop
  endfacet
  facet normal -0 0 1
    outer loop
      vertex -4.26133 5.55347 2
      vertex -2.34373 3.05441 2
      vertex -3.5 6.06218 2
    endloop
  endfacet
  facet normal 0 0 1
    outer loop
      vertex -2.34373 3.05441 2
      vertex -4.26133 5.55347 2
      vertex -2.72236 2.72236 2
    endloop
  endfacet
  facet normal -0 0 1
    outer loop
      vertex -4.94975 4.94975 2
      vertex -2.72236 2.72236 2
      vertex -4.26133 5.55347 2
    endloop
  endfacet
  facet normal 0 0 1
    outer loop
      vertex -2.72236 2.72236 2
      vertex -4.94975 4.94975 2
      vertex -3.05441 2.34373 2
    endloop
  endfacet
  facet normal -0 0 1
    outer loop
      vertex -5.55347 4.26133 2
      vertex -3.05441 2.34373 2
      vertex -4.94975 4.94975 2
    endloop
  endfacet
  facet normal 0 0 1
    outer loop
      vertex -3.05441 2.34373 2
      vertex -5.55347 4.26133 2
      vertex -3.3342 1.925 2
    endloop
  endfacet
  facet normal -0 0 1
    outer loop
      vertex -6.06218 3.5 2
      vertex -3.3342 1.925 2
      vertex -5.55347 4.26133 2
    endloop
  endfacet
  facet normal 0 0 1
    outer loop
      vertex -3.3342 1.925 2
      vertex -6.06218 3.5 2
      vertex -3.55694 1.47333 2
    endloop
  endfacet
  facet normal -0 0 1
    outer loop
      vertex 3.3342 -1.925 2
      vertex 6.06218 -3.5 2
      vertex 3.55694 -1.47333 2
    endloop
  endfacet
  facet normal 0 0 1
    outer loop
      vertex 6.06218 -3.5 2
      vertex 3.3342 -1.925 2
      vertex 5.55347 -4.26133 2
    endloop
  endfacet
  facet normal -0 0 1
    outer loop
      vertex 3.05441 -2.34373 2
      vertex 5.55347 -4.26133 2
      vertex 3.3342 -1.925 2
    endloop
  endfacet
  facet normal 0 0 1
    outer loop
      vertex 5.55347 -4.26133 2
      vertex 3.05441 -2.34373 2
      vertex 4.94975 -4.94975 2
    endloop
  endfacet
  facet normal -0 0 1
    outer loop
      vertex 2.72236 -2.72236 2
      vertex 4.94975 -4.94975 2
      vertex 3.05441 -2.34373 2
    endloop
  endfacet
  facet normal 0 0 1
    outer loop
      vertex 4.94975 -4.94975 2
      vertex 2.72236 -2.72236 2
      vertex 4.26133 -5.55347 2
    endloop
  endfacet
  facet normal -0 0 1
    outer loop
      vertex 2.34373 -3.05441 2
      vertex 4.26133 -5.55347 2
      vertex 2.72236 -2.72236 2
    endloop
  endfacet
  facet normal 0 0 1
    outer loop
      vertex 4.26133 -5.55347 2
      vertex 2.34373 -3.05441 2
      vertex 3.5 -6.06218 2
    endloop
  endfacet
  facet normal -0 0 1
    outer loop
      vertex 1.925 -3.3342 2
      vertex 3.5 -6.06218 2
      vertex 2.34373 -3.05441 2
    endloop
  endfacet
  facet normal 0 0 1
    outer loop
      vertex 3.5 -6.06218 2
      vertex 1.925 -3.3342 2
      vertex 2.67878 -6.46716 2
    endloop
  endfacet
  facet normal -0 0 1
    outer loop
      vertex 1.47333 -3.55694 2
      vertex 2.67878 -6.46716 2
      vertex 1.925 -3.3342 2
    endloop
  endfacet
  facet normal 0 0 1
    outer loop
      vertex 2.67878 -6.46716 2
      vertex 1.47333 -3.55694 2
      vertex 1.81173 -6.76148 2
    endloop
  endfacet
  facet normal -0 0 1
    outer loop
      vertex 0.996453 -3.71881 2
      vertex 1.81173 -6.76148 2
      vertex 1.47333 -3.55694 2
    endloop
  endfacet
  facet normal 0 0 1
    outer loop
      vertex 0.996453 -3.71881 2
      vertex 0.913683 -6.94011 2
      vertex 1.81173 -6.76148 2
    endloop
  endfacet
  facet normal -0 0 1
    outer loop
      vertex 0.502525 -3.81706 2
      vertex 0.913683 -6.94011 2
      vertex 0.996453 -3.71881 2
    endloop
  endfacet
  facet normal -0 0 1
    outer loop
      vertex 0 -3.85 2
      vertex 0.913683 -6.94011 2
      vertex 0.502525 -3.81706 2
    endloop
  endfacet
  facet normal 0 0 1
    outer loop
      vertex 0 -3.85 2
      vertex 0 -7 2
      vertex 0.913683 -6.94011 2
    endloop
  endfacet
  facet normal 0 0 1
    outer loop
      vertex -0.502525 -3.81706 2
      vertex 0 -7 2
      vertex 0 -3.85 2
    endloop
  endfacet
  facet normal 0 0 1
    outer loop
      vertex -0.502525 -3.81706 2
      vertex -0.913683 -6.94011 2
      vertex 0 -7 2
    endloop
  endfacet
  facet normal 0 0 1
    outer loop
      vertex -0.996453 -3.71881 2
      vertex -0.913683 -6.94011 2
      vertex -0.502525 -3.81706 2
    endloop
  endfacet
  facet normal 0 0 1
    outer loop
      vertex -1.81173 -6.76148 2
      vertex -0.996453 -3.71881 2
      vertex -1.47333 -3.55694 2
    endloop
  endfacet
  facet normal 0 0 1
    outer loop
      vertex -0.996453 -3.71881 2
      vertex -1.81173 -6.76148 2
      vertex -0.913683 -6.94011 2
    endloop
  endfacet
  facet normal 0 0 1
    outer loop
      vertex -2.67878 -6.46716 2
      vertex -1.47333 -3.55694 2
      vertex -1.925 -3.3342 2
    endloop
  endfacet
  facet normal 0 0 1
    outer loop
      vertex -3.5 -6.06218 2
      vertex -1.925 -3.3342 2
      vertex -2.34373 -3.05441 2
    endloop
  endfacet
  facet normal 0 0 1
    outer loop
      vertex -1.47333 -3.55694 2
      vertex -2.67878 -6.46716 2
      vertex -1.81173 -6.76148 2
    endloop
  endfacet
  facet normal 0 0 1
    outer loop
      vertex -4.26133 -5.55347 2
      vertex -2.34373 -3.05441 2
      vertex -2.72236 -2.72236 2
    endloop
  endfacet
  facet normal 0 0 1
    outer loop
      vertex -4.94975 -4.94975 2
      vertex -2.72236 -2.72236 2
      vertex -3.05441 -2.34373 2
    endloop
  endfacet
  facet normal 0 0 1
    outer loop
      vertex -5.55347 -4.26133 2
      vertex -3.05441 -2.34373 2
      vertex -3.3342 -1.925 2
    endloop
  endfacet
  facet normal 0 0 1
    outer loop
      vertex -1.925 -3.3342 2
      vertex -3.5 -6.06218 2
      vertex -2.67878 -6.46716 2
    endloop
  endfacet
  facet normal 0 0 1
    outer loop
      vertex -6.06218 -3.5 2
      vertex -3.3342 -1.925 2
      vertex -3.55694 -1.47333 2
    endloop
  endfacet
  facet normal 0 0 1
    outer loop
      vertex -6.46716 -2.67878 2
      vertex -3.55694 -1.47333 2
      vertex -3.71881 -0.996453 2
    endloop
  endfacet
  facet normal 0 0 1
    outer loop
      vertex -6.76148 -1.81173 2
      vertex -3.71881 -0.996453 2
      vertex -3.81706 -0.502525 2
    endloop
  endfacet
  facet normal 0 0 1
    outer loop
      vertex -6.94011 -0.913683 2
      vertex -3.81706 -0.502525 2
      vertex -3.85 0 2
    endloop
  endfacet
  facet normal -0 0 1
    outer loop
      vertex -6.46716 2.67878 2
      vertex -3.55694 1.47333 2
      vertex -6.06218 3.5 2
    endloop
  endfacet
  facet normal 0 0 1
    outer loop
      vertex -2.34373 -3.05441 2
      vertex -4.26133 -5.55347 2
      vertex -3.5 -6.06218 2
    endloop
  endfacet
  facet normal 0 0 1
    outer loop
      vertex -3.55694 1.47333 2
      vertex -6.46716 2.67878 2
      vertex -3.71881 0.996453 2
    endloop
  endfacet
  facet normal 0 0 1
    outer loop
      vertex -2.72236 -2.72236 2
      vertex -4.94975 -4.94975 2
      vertex -4.26133 -5.55347 2
    endloop
  endfacet
  facet normal -0 0 1
    outer loop
      vertex -6.76148 1.81173 2
      vertex -3.71881 0.996453 2
      vertex -6.46716 2.67878 2
    endloop
  endfacet
  facet normal 0 0 1
    outer loop
      vertex -3.05441 -2.34373 2
      vertex -5.55347 -4.26133 2
      vertex -4.94975 -4.94975 2
    endloop
  endfacet
  facet normal 0 0 1
    outer loop
      vertex -3.71881 0.996453 2
      vertex -6.76148 1.81173 2
      vertex -3.81706 0.502525 2
    endloop
  endfacet
  facet normal 0 0 1
    outer loop
      vertex -3.3342 -1.925 2
      vertex -6.06218 -3.5 2
      vertex -5.55347 -4.26133 2
    endloop
  endfacet
  facet normal -0 0 1
    outer loop
      vertex -6.94011 0.913683 2
      vertex -3.81706 0.502525 2
      vertex -6.76148 1.81173 2
    endloop
  endfacet
  facet normal 0 0 1
    outer loop
      vertex -3.55694 -1.47333 2
      vertex -6.46716 -2.67878 2
      vertex -6.06218 -3.5 2
    endloop
  endfacet
  facet normal 0 0 1
    outer loop
      vertex -3.81706 0.502525 2
      vertex -6.94011 0.913683 2
      vertex -3.85 0 2
    endloop
  endfacet
  facet normal 0 0 1
    outer loop
      vertex -3.71881 -0.996453 2
      vertex -6.76148 -1.81173 2
      vertex -6.46716 -2.67878 2
    endloop
  endfacet
  facet normal 0 0 1
    outer loop
      vertex -7 0 2
      vertex -3.85 0 2
      vertex -6.94011 0.913683 2
    endloop
  endfacet
  facet normal 0 0 1
    outer loop
      vertex -3.81706 -0.502525 2
      vertex -6.94011 -0.913683 2
      vertex -6.76148 -1.81173 2
    endloop
  endfacet
  facet normal 0 0 1
    outer loop
      vertex -3.85 0 2
      vertex -7 0 2
      vertex -6.94011 -0.913683 2
    endloop
  endfacet
  facet normal -0.980786 -0.195088 0
    outer loop
      vertex -6.76148 -1.81173 0
      vertex -6.94011 -0.913683 2
      vertex -6.94011 -0.913683 0
    endloop
  endfacet
  facet normal -0.980786 -0.195088 0
    outer loop
      vertex -6.94011 -0.913683 2
      vertex -6.76148 -1.81173 0
      vertex -6.76148 -1.81173 2
    endloop
  endfacet
  facet normal 0.896873 0.442288 0
    outer loop
      vertex 6.46716 2.67878 2
      vertex 6.06218 3.5 0
      vertex 6.06218 3.5 2
    endloop
  endfacet
  facet normal 0.896873 0.442288 0
    outer loop
      vertex 6.06218 3.5 0
      vertex 6.46716 2.67878 2
      vertex 6.46716 2.67878 0
    endloop
  endfacet
  facet normal 0.555574 -0.831467 0
    outer loop
      vertex 3.5 -6.06218 0
      vertex 4.26133 -5.55347 2
      vertex 3.5 -6.06218 2
    endloop
  endfacet
  facet normal 0.555574 -0.831467 0
    outer loop
      vertex 4.26133 -5.55347 2
      vertex 3.5 -6.06218 0
      vertex 4.26133 -5.55347 0
    endloop
  endfacet
  facet normal 0.751844 -0.659341 0
    outer loop
      vertex 4.94975 -4.94975 2
      vertex 5.55347 -4.26133 0
      vertex 5.55347 -4.26133 2
    endloop
  endfacet
  facet normal 0.751844 -0.659341 0
    outer loop
      vertex 5.55347 -4.26133 0
      vertex 4.94975 -4.94975 2
      vertex 4.94975 -4.94975 0
    endloop
  endfacet
  facet normal 0.980786 -0.195088 0
    outer loop
      vertex 6.76148 -1.81173 2
      vertex 6.94011 -0.913683 0
      vertex 6.94011 -0.913683 2
    endloop
  endfacet
  facet normal 0.980786 -0.195088 0
    outer loop
      vertex 6.94011 -0.913683 0
      vertex 6.76148 -1.81173 2
      vertex 6.76148 -1.81173 0
    endloop
  endfacet
  facet normal -0.0654075 0.997859 0
    outer loop
      vertex 0 7 0
      vertex -0.913683 6.94011 2
      vertex 0 7 2
    endloop
  endfacet
  facet normal -0.0654075 0.997859 0
    outer loop
      vertex -0.913683 6.94011 2
      vertex 0 7 0
      vertex -0.913683 6.94011 0
    endloop
  endfacet
  facet normal 0.195088 0.980786 -0
    outer loop
      vertex 1.81173 6.76148 0
      vertex 0.913683 6.94011 2
      vertex 1.81173 6.76148 2
    endloop
  endfacet
  facet normal 0.195088 0.980786 0
    outer loop
      vertex 0.913683 6.94011 2
      vertex 1.81173 6.76148 0
      vertex 0.913683 6.94011 0
    endloop
  endfacet
  facet normal -0.896873 -0.442288 0
    outer loop
      vertex -6.06218 -3.5 0
      vertex -6.46716 -2.67878 2
      vertex -6.46716 -2.67878 0
    endloop
  endfacet
  facet normal -0.896873 -0.442288 0
    outer loop
      vertex -6.46716 -2.67878 2
      vertex -6.06218 -3.5 0
      vertex -6.06218 -3.5 2
    endloop
  endfacet
  facet normal -0.946931 -0.321436 0
    outer loop
      vertex -6.46716 -2.67878 0
      vertex -6.76148 -1.81173 2
      vertex -6.76148 -1.81173 0
    endloop
  endfacet
  facet normal -0.946931 -0.321436 0
    outer loop
      vertex -6.76148 -1.81173 2
      vertex -6.46716 -2.67878 0
      vertex -6.46716 -2.67878 2
    endloop
  endfacet
  facet normal 0.555574 0.831467 -0
    outer loop
      vertex 4.26133 5.55347 0
      vertex 3.5 6.06218 2
      vertex 4.26133 5.55347 2
    endloop
  endfacet
  facet normal 0.555574 0.831467 0
    outer loop
      vertex 3.5 6.06218 2
      vertex 4.26133 5.55347 0
      vertex 3.5 6.06218 0
    endloop
  endfacet
  facet normal -0.896873 0.442288 0
    outer loop
      vertex -6.46716 2.67878 0
      vertex -6.06218 3.5 2
      vertex -6.06218 3.5 0
    endloop
  endfacet
  facet normal -0.896873 0.442288 0
    outer loop
      vertex -6.06218 3.5 2
      vertex -6.46716 2.67878 0
      vertex -6.46716 2.67878 2
    endloop
  endfacet
  facet normal 0.946931 0.321436 0
    outer loop
      vertex 6.76148 1.81173 2
      vertex 6.46716 2.67878 0
      vertex 6.46716 2.67878 2
    endloop
  endfacet
  facet normal 0.946931 0.321436 0
    outer loop
      vertex 6.46716 2.67878 0
      vertex 6.76148 1.81173 2
      vertex 6.76148 1.81173 0
    endloop
  endfacet
  facet normal -0.997859 -0.0654075 0
    outer loop
      vertex -6.94011 -0.913683 0
      vertex -7 0 2
      vertex -7 0 0
    endloop
  endfacet
  facet normal -0.997859 -0.0654075 0
    outer loop
      vertex -7 0 2
      vertex -6.94011 -0.913683 0
      vertex -6.94011 -0.913683 2
    endloop
  endfacet
  facet normal -0.321436 0.946931 0
    outer loop
      vertex -1.81173 6.76148 0
      vertex -2.67878 6.46716 2
      vertex -1.81173 6.76148 2
    endloop
  endfacet
  facet normal -0.321436 0.946931 0
    outer loop
      vertex -2.67878 6.46716 2
      vertex -1.81173 6.76148 0
      vertex -2.67878 6.46716 0
    endloop
  endfacet
  facet normal -0.946931 0.321436 0
    outer loop
      vertex -6.76148 1.81173 0
      vertex -6.46716 2.67878 2
      vertex -6.46716 2.67878 0
    endloop
  endfacet
  facet normal -0.946931 0.321436 0
    outer loop
      vertex -6.46716 2.67878 2
      vertex -6.76148 1.81173 0
      vertex -6.76148 1.81173 2
    endloop
  endfacet
  facet normal -0.195088 0.980786 0
    outer loop
      vertex -0.913683 6.94011 0
      vertex -1.81173 6.76148 2
      vertex -0.913683 6.94011 2
    endloop
  endfacet
  facet normal -0.195088 0.980786 0
    outer loop
      vertex -1.81173 6.76148 2
      vertex -0.913683 6.94011 0
      vertex -1.81173 6.76148 0
    endloop
  endfacet
  facet normal -0.0654075 -0.997859 0
    outer loop
      vertex -0.913683 -6.94011 0
      vertex 0 -7 2
      vertex -0.913683 -6.94011 2
    endloop
  endfacet
  facet normal -0.0654075 -0.997859 -0
    outer loop
      vertex 0 -7 2
      vertex -0.913683 -6.94011 0
      vertex 0 -7 0
    endloop
  endfacet
  facet normal -0.751844 -0.659341 0
    outer loop
      vertex -4.94975 -4.94975 0
      vertex -5.55347 -4.26133 2
      vertex -5.55347 -4.26133 0
    endloop
  endfacet
  facet normal -0.751844 -0.659341 0
    outer loop
      vertex -5.55347 -4.26133 2
      vertex -4.94975 -4.94975 0
      vertex -4.94975 -4.94975 2
    endloop
  endfacet
  facet normal -0.195088 -0.980786 0
    outer loop
      vertex -1.81173 -6.76148 0
      vertex -0.913683 -6.94011 2
      vertex -1.81173 -6.76148 2
    endloop
  endfacet
  facet normal -0.195088 -0.980786 -0
    outer loop
      vertex -0.913683 -6.94011 2
      vertex -1.81173 -6.76148 0
      vertex -0.913683 -6.94011 0
    endloop
  endfacet
  facet normal 0.321436 0.946931 -0
    outer loop
      vertex 2.67878 6.46716 0
      vertex 1.81173 6.76148 2
      vertex 2.67878 6.46716 2
    endloop
  endfacet
  facet normal 0.321436 0.946931 0
    outer loop
      vertex 1.81173 6.76148 2
      vertex 2.67878 6.46716 0
      vertex 1.81173 6.76148 0
    endloop
  endfacet
  facet normal -0.831467 0.555574 0
    outer loop
      vertex -6.06218 3.5 0
      vertex -5.55347 4.26133 2
      vertex -5.55347 4.26133 0
    endloop
  endfacet
  facet normal -0.831467 0.555574 0
    outer loop
      vertex -5.55347 4.26133 2
      vertex -6.06218 3.5 0
      vertex -6.06218 3.5 2
    endloop
  endfacet
  facet normal 0.980787 0.195083 0
    outer loop
      vertex 5.20508 0.685262 10
      vertex 5.07111 1.3588 4
      vertex 5.07111 1.3588 10
    endloop
  endfacet
  facet normal 0.980787 0.195083 0
    outer loop
      vertex 5.07111 1.3588 4
      vertex 5.20508 0.685262 10
      vertex 5.20508 0.685262 4
    endloop
  endfacet
  facet normal 0.997858 0.0654214 0
    outer loop
      vertex 5.21067 0.599999 10
      vertex 5.20508 0.685262 4
      vertex 5.20508 0.685262 10
    endloop
  endfacet
  facet normal 0.997858 0.0654214 0
    outer loop
      vertex 5.20508 0.685262 4
      vertex 5.21067 0.599999 10
      vertex 5.21067 0.599999 4
    endloop
  endfacet
  facet normal 0.321435 0.946932 -0
    outer loop
      vertex 2.00909 4.85037 4
      vertex 1.3588 5.07111 10
      vertex 2.00909 4.85037 10
    endloop
  endfacet
  facet normal 0.321435 0.946932 0
    outer loop
      vertex 1.3588 5.07111 10
      vertex 2.00909 4.85037 4
      vertex 1.3588 5.07111 4
    endloop
  endfacet
  facet normal 0.55557 -0.83147 0
    outer loop
      vertex 2.625 -4.54663 4
      vertex 3.196 -4.1651 10
      vertex 2.625 -4.54663 10
    endloop
  endfacet
  facet normal 0.55557 -0.83147 0
    outer loop
      vertex 3.196 -4.1651 10
      vertex 2.625 -4.54663 4
      vertex 3.196 -4.1651 4
    endloop
  endfacet
  facet normal 0.659344 0.751841 -0
    outer loop
      vertex 3.71231 3.71231 4
      vertex 3.196 4.1651 10
      vertex 3.71231 3.71231 10
    endloop
  endfacet
  facet normal 0.659344 0.751841 0
    outer loop
      vertex 3.196 4.1651 10
      vertex 3.71231 3.71231 4
      vertex 3.196 4.1651 4
    endloop
  endfacet
  facet normal -0.195083 -0.980787 0
    outer loop
      vertex -1.3588 -5.07111 4
      vertex -0.685262 -5.20508 10
      vertex -1.3588 -5.07111 10
    endloop
  endfacet
  facet normal -0.195083 -0.980787 -0
    outer loop
      vertex -0.685262 -5.20508 10
      vertex -1.3588 -5.07111 4
      vertex -0.685262 -5.20508 4
    endloop
  endfacet
  facet normal 0.751841 -0.659344 0
    outer loop
      vertex 3.71231 -3.71231 10
      vertex 4.1651 -3.196 4
      vertex 4.1651 -3.196 10
    endloop
  endfacet
  facet normal 0.751841 -0.659344 0
    outer loop
      vertex 4.1651 -3.196 4
      vertex 3.71231 -3.71231 10
      vertex 3.71231 -3.71231 4
    endloop
  endfacet
  facet normal -0.946932 0.321435 0
    outer loop
      vertex -5.07111 1.3588 4
      vertex -4.85037 2.00909 10
      vertex -4.85037 2.00909 4
    endloop
  endfacet
  facet normal -0.946932 0.321435 0
    outer loop
      vertex -4.85037 2.00909 10
      vertex -5.07111 1.3588 4
      vertex -5.07111 1.3588 10
    endloop
  endfacet
  facet normal 0.0654214 0.997858 -0
    outer loop
      vertex 0.685262 5.20508 4
      vertex 0.599999 5.21067 10
      vertex 0.685262 5.20508 10
    endloop
  endfacet
  facet normal 0.0654214 0.997858 0
    outer loop
      vertex 0.599999 5.21067 10
      vertex 0.685262 5.20508 4
      vertex 0.599999 5.21067 4
    endloop
  endfacet
  facet normal -0.321435 0.946932 0
    outer loop
      vertex -1.3588 5.07111 4
      vertex -2.00909 4.85037 10
      vertex -1.3588 5.07111 10
    endloop
  endfacet
  facet normal -0.321435 0.946932 0
    outer loop
      vertex -2.00909 4.85037 10
      vertex -1.3588 5.07111 4
      vertex -2.00909 4.85037 4
    endloop
  endfacet
  facet normal -0.997858 -0.0654214 0
    outer loop
      vertex -5.20508 -0.685262 4
      vertex -5.21067 -0.599999 10
      vertex -5.21067 -0.599999 4
    endloop
  endfacet
  facet normal -0.997858 -0.0654214 0
    outer loop
      vertex -5.21067 -0.599999 10
      vertex -5.20508 -0.685262 4
      vertex -5.20508 -0.685262 10
    endloop
  endfacet
  facet normal -0.0654214 -0.997858 0
    outer loop
      vertex -0.685262 -5.20508 4
      vertex -0.599999 -5.21067 10
      vertex -0.685262 -5.20508 10
    endloop
  endfacet
  facet normal -0.0654214 -0.997858 -0
    outer loop
      vertex -0.599999 -5.21067 10
      vertex -0.685262 -5.20508 4
      vertex -0.599999 -5.21067 4
    endloop
  endfacet
  facet normal 0.997858 -0.0654214 0
    outer loop
      vertex 5.20508 -0.685262 10
      vertex 5.21067 -0.599999 4
      vertex 5.21067 -0.599999 10
    endloop
  endfacet
  facet normal 0.997858 -0.0654214 0
    outer loop
      vertex 5.21067 -0.599999 4
      vertex 5.20508 -0.685262 10
      vertex 5.20508 -0.685262 4
    endloop
  endfacet
  facet normal 0.751841 0.659344 0
    outer loop
      vertex 4.1651 3.196 10
      vertex 3.71231 3.71231 4
      vertex 3.71231 3.71231 10
    endloop
  endfacet
  facet normal 0.751841 0.659344 0
    outer loop
      vertex 3.71231 3.71231 4
      vertex 4.1651 3.196 10
      vertex 4.1651 3.196 4
    endloop
  endfacet
  facet normal -0.946932 -0.321435 0
    outer loop
      vertex -4.85037 -2.00909 4
      vertex -5.07111 -1.3588 10
      vertex -5.07111 -1.3588 4
    endloop
  endfacet
  facet normal -0.946932 -0.321435 0
    outer loop
      vertex -5.07111 -1.3588 10
      vertex -4.85037 -2.00909 4
      vertex -4.85037 -2.00909 10
    endloop
  endfacet
  facet normal -0.980787 -0.195083 0
    outer loop
      vertex -5.07111 -1.3588 4
      vertex -5.20508 -0.685262 10
      vertex -5.20508 -0.685262 4
    endloop
  endfacet
  facet normal -0.980787 -0.195083 0
    outer loop
      vertex -5.20508 -0.685262 10
      vertex -5.07111 -1.3588 4
      vertex -5.07111 -1.3588 10
    endloop
  endfacet
  facet normal 0.195083 0.980787 -0
    outer loop
      vertex 1.3588 5.07111 4
      vertex 0.685262 5.20508 10
      vertex 1.3588 5.07111 10
    endloop
  endfacet
  facet normal 0.195083 0.980787 0
    outer loop
      vertex 0.685262 5.20508 10
      vertex 1.3588 5.07111 4
      vertex 0.685262 5.20508 4
    endloop
  endfacet
  facet normal -0.751841 -0.659344 0
    outer loop
      vertex -3.71231 -3.71231 4
      vertex -4.1651 -3.196 10
      vertex -4.1651 -3.196 4
    endloop
  endfacet
  facet normal -0.751841 -0.659344 0
    outer loop
      vertex -4.1651 -3.196 10
      vertex -3.71231 -3.71231 4
      vertex -3.71231 -3.71231 10
    endloop
  endfacet
  facet normal -0.659344 0.751841 0
    outer loop
      vertex -3.196 4.1651 4
      vertex -3.71231 3.71231 10
      vertex -3.196 4.1651 10
    endloop
  endfacet
  facet normal -0.659344 0.751841 0
    outer loop
      vertex -3.71231 3.71231 10
      vertex -3.196 4.1651 4
      vertex -3.71231 3.71231 4
    endloop
  endfacet
  facet normal -0.896869 0.442297 0
    outer loop
      vertex -4.85037 2.00909 4
      vertex -4.54663 2.625 10
      vertex -4.54663 2.625 4
    endloop
  endfacet
  facet normal -0.896869 0.442297 0
    outer loop
      vertex -4.54663 2.625 10
      vertex -4.85037 2.00909 4
      vertex -4.85037 2.00909 10
    endloop
  endfacet
  facet normal 0.83147 -0.55557 0
    outer loop
      vertex 4.1651 -3.196 10
      vertex 4.54663 -2.625 4
      vertex 4.54663 -2.625 10
    endloop
  endfacet
  facet normal 0.83147 -0.55557 0
    outer loop
      vertex 4.54663 -2.625 4
      vertex 4.1651 -3.196 10
      vertex 4.1651 -3.196 4
    endloop
  endfacet
  facet normal 0.83147 0.55557 0
    outer loop
      vertex 4.54663 2.625 10
      vertex 4.1651 3.196 4
      vertex 4.1651 3.196 10
    endloop
  endfacet
  facet normal 0.83147 0.55557 0
    outer loop
      vertex 4.1651 3.196 4
      vertex 4.54663 2.625 10
      vertex 4.54663 2.625 4
    endloop
  endfacet
  facet normal -0.751841 0.659344 0
    outer loop
      vertex -4.1651 3.196 4
      vertex -3.71231 3.71231 10
      vertex -3.71231 3.71231 4
    endloop
  endfacet
  facet normal -0.751841 0.659344 0
    outer loop
      vertex -3.71231 3.71231 10
      vertex -4.1651 3.196 4
      vertex -4.1651 3.196 10
    endloop
  endfacet
  facet normal 0.659344 -0.751841 0
    outer loop
      vertex 3.196 -4.1651 4
      vertex 3.71231 -3.71231 10
      vertex 3.196 -4.1651 10
    endloop
  endfacet
  facet normal 0.659344 -0.751841 0
    outer loop
      vertex 3.71231 -3.71231 10
      vertex 3.196 -4.1651 4
      vertex 3.71231 -3.71231 4
    endloop
  endfacet
  facet normal -0.83147 -0.55557 0
    outer loop
      vertex -4.1651 -3.196 4
      vertex -4.54663 -2.625 10
      vertex -4.54663 -2.625 4
    endloop
  endfacet
  facet normal -0.83147 -0.55557 0
    outer loop
      vertex -4.54663 -2.625 10
      vertex -4.1651 -3.196 4
      vertex -4.1651 -3.196 10
    endloop
  endfacet
  facet normal -0.195083 0.980787 0
    outer loop
      vertex -0.685262 5.20508 4
      vertex -1.3588 5.07111 10
      vertex -0.685262 5.20508 10
    endloop
  endfacet
  facet normal -0.195083 0.980787 0
    outer loop
      vertex -1.3588 5.07111 10
      vertex -0.685262 5.20508 4
      vertex -1.3588 5.07111 4
    endloop
  endfacet
  facet normal 0.946932 -0.321435 0
    outer loop
      vertex 4.85037 -2.00909 10
      vertex 5.07111 -1.3588 4
      vertex 5.07111 -1.3588 10
    endloop
  endfacet
  facet normal 0.946932 -0.321435 0
    outer loop
      vertex 5.07111 -1.3588 4
      vertex 4.85037 -2.00909 10
      vertex 4.85037 -2.00909 4
    endloop
  endfacet
  facet normal 0.442297 0.896869 -0
    outer loop
      vertex 2.625 4.54663 4
      vertex 2.00909 4.85037 10
      vertex 2.625 4.54663 10
    endloop
  endfacet
  facet normal 0.442297 0.896869 0
    outer loop
      vertex 2.00909 4.85037 10
      vertex 2.625 4.54663 4
      vertex 2.00909 4.85037 4
    endloop
  endfacet
  facet normal -0.0654214 0.997858 0
    outer loop
      vertex -0.599999 5.21067 4
      vertex -0.685262 5.20508 10
      vertex -0.599999 5.21067 10
    endloop
  endfacet
  facet normal -0.0654214 0.997858 0
    outer loop
      vertex -0.685262 5.20508 10
      vertex -0.599999 5.21067 4
      vertex -0.685262 5.20508 4
    endloop
  endfacet
  facet normal 0.0654214 -0.997858 0
    outer loop
      vertex 0.599999 -5.21067 4
      vertex 0.685262 -5.20508 10
      vertex 0.599999 -5.21067 10
    endloop
  endfacet
  facet normal 0.0654214 -0.997858 0
    outer loop
      vertex 0.685262 -5.20508 10
      vertex 0.599999 -5.21067 4
      vertex 0.685262 -5.20508 4
    endloop
  endfacet
  facet normal 0.55557 0.83147 -0
    outer loop
      vertex 3.196 4.1651 4
      vertex 2.625 4.54663 10
      vertex 3.196 4.1651 10
    endloop
  endfacet
  facet normal 0.55557 0.83147 0
    outer loop
      vertex 2.625 4.54663 10
      vertex 3.196 4.1651 4
      vertex 2.625 4.54663 4
    endloop
  endfacet
  facet normal -0.896869 -0.442297 0
    outer loop
      vertex -4.54663 -2.625 4
      vertex -4.85037 -2.00909 10
      vertex -4.85037 -2.00909 4
    endloop
  endfacet
  facet normal -0.896869 -0.442297 0
    outer loop
      vertex -4.85037 -2.00909 10
      vertex -4.54663 -2.625 4
      vertex -4.54663 -2.625 10
    endloop
  endfacet
  facet normal -0.659344 -0.751841 0
    outer loop
      vertex -3.71231 -3.71231 4
      vertex -3.196 -4.1651 10
      vertex -3.71231 -3.71231 10
    endloop
  endfacet
  facet normal -0.659344 -0.751841 -0
    outer loop
      vertex -3.196 -4.1651 10
      vertex -3.71231 -3.71231 4
      vertex -3.196 -4.1651 4
    endloop
  endfacet
  facet normal -0.980787 0.195083 0
    outer loop
      vertex -5.20508 0.685262 4
      vertex -5.07111 1.3588 10
      vertex -5.07111 1.3588 4
    endloop
  endfacet
  facet normal -0.980787 0.195083 0
    outer loop
      vertex -5.07111 1.3588 10
      vertex -5.20508 0.685262 4
      vertex -5.20508 0.685262 10
    endloop
  endfacet
  facet normal 0.896869 0.442297 0
    outer loop
      vertex 4.85037 2.00909 10
      vertex 4.54663 2.625 4
      vertex 4.54663 2.625 10
    endloop
  endfacet
  facet normal 0.896869 0.442297 0
    outer loop
      vertex 4.54663 2.625 4
      vertex 4.85037 2.00909 10
      vertex 4.85037 2.00909 4
    endloop
  endfacet
  facet normal 0.195083 -0.980787 0
    outer loop
      vertex 0.685262 -5.20508 4
      vertex 1.3588 -5.07111 10
      vertex 0.685262 -5.20508 10
    endloop
  endfacet
  facet normal 0.195083 -0.980787 0
    outer loop
      vertex 1.3588 -5.07111 10
      vertex 0.685262 -5.20508 4
      vertex 1.3588 -5.07111 4
    endloop
  endfacet
  facet normal 0.896869 -0.442297 0
    outer loop
      vertex 4.54663 -2.625 10
      vertex 4.85037 -2.00909 4
      vertex 4.85037 -2.00909 10
    endloop
  endfacet
  facet normal 0.896869 -0.442297 0
    outer loop
      vertex 4.85037 -2.00909 4
      vertex 4.54663 -2.625 10
      vertex 4.54663 -2.625 4
    endloop
  endfacet
  facet normal 0.980787 -0.195083 0
    outer loop
      vertex 5.07111 -1.3588 10
      vertex 5.20508 -0.685262 4
      vertex 5.20508 -0.685262 10
    endloop
  endfacet
  facet normal 0.980787 -0.195083 0
    outer loop
      vertex 5.20508 -0.685262 4
      vertex 5.07111 -1.3588 10
      vertex 5.07111 -1.3588 4
    endloop
  endfacet
  facet normal -0.55557 0.83147 0
    outer loop
      vertex -2.625 4.54663 4
      vertex -3.196 4.1651 10
      vertex -2.625 4.54663 10
    endloop
  endfacet
  facet normal -0.55557 0.83147 0
    outer loop
      vertex -3.196 4.1651 10
      vertex -2.625 4.54663 4
      vertex -3.196 4.1651 4
    endloop
  endfacet
  facet normal 0.946932 0.321435 0
    outer loop
      vertex 5.07111 1.3588 10
      vertex 4.85037 2.00909 4
      vertex 4.85037 2.00909 10
    endloop
  endfacet
  facet normal 0.946932 0.321435 0
    outer loop
      vertex 4.85037 2.00909 4
      vertex 5.07111 1.3588 10
      vertex 5.07111 1.3588 4
    endloop
  endfacet
  facet normal 0.321435 -0.946932 0
    outer loop
      vertex 1.3588 -5.07111 4
      vertex 2.00909 -4.85037 10
      vertex 1.3588 -5.07111 10
    endloop
  endfacet
  facet normal 0.321435 -0.946932 0
    outer loop
      vertex 2.00909 -4.85037 10
      vertex 1.3588 -5.07111 4
      vertex 2.00909 -4.85037 4
    endloop
  endfacet
  facet normal 0.442297 -0.896869 0
    outer loop
      vertex 2.00909 -4.85037 4
      vertex 2.625 -4.54663 10
      vertex 2.00909 -4.85037 10
    endloop
  endfacet
  facet normal 0.442297 -0.896869 0
    outer loop
      vertex 2.625 -4.54663 10
      vertex 2.00909 -4.85037 4
      vertex 2.625 -4.54663 4
    endloop
  endfacet
  facet normal -0.997858 0.0654214 0
    outer loop
      vertex -5.21067 0.599999 4
      vertex -5.20508 0.685262 10
      vertex -5.20508 0.685262 4
    endloop
  endfacet
  facet normal -0.997858 0.0654214 0
    outer loop
      vertex -5.20508 0.685262 10
      vertex -5.21067 0.599999 4
      vertex -5.21067 0.599999 10
    endloop
  endfacet
  facet normal -0.321435 -0.946932 0
    outer loop
      vertex -2.00909 -4.85037 4
      vertex -1.3588 -5.07111 10
      vertex -2.00909 -4.85037 10
    endloop
  endfacet
  facet normal -0.321435 -0.946932 -0
    outer loop
      vertex -1.3588 -5.07111 10
      vertex -2.00909 -4.85037 4
      vertex -1.3588 -5.07111 4
    endloop
  endfacet
  facet normal -0.442297 0.896869 0
    outer loop
      vertex -2.00909 4.85037 4
      vertex -2.625 4.54663 10
      vertex -2.00909 4.85037 10
    endloop
  endfacet
  facet normal -0.442297 0.896869 0
    outer loop
      vertex -2.625 4.54663 10
      vertex -2.00909 4.85037 4
      vertex -2.625 4.54663 4
    endloop
  endfacet
  facet normal -0.83147 0.55557 0
    outer loop
      vertex -4.54663 2.625 4
      vertex -4.1651 3.196 10
      vertex -4.1651 3.196 4
    endloop
  endfacet
  facet normal -0.83147 0.55557 0
    outer loop
      vertex -4.1651 3.196 10
      vertex -4.54663 2.625 4
      vertex -4.54663 2.625 10
    endloop
  endfacet
  facet normal -0.442297 -0.896869 0
    outer loop
      vertex -2.625 -4.54663 4
      vertex -2.00909 -4.85037 10
      vertex -2.625 -4.54663 10
    endloop
  endfacet
  facet normal -0.442297 -0.896869 -0
    outer loop
      vertex -2.00909 -4.85037 10
      vertex -2.625 -4.54663 4
      vertex -2.00909 -4.85037 4
    endloop
  endfacet
  facet normal -0.55557 -0.83147 0
    outer loop
      vertex -3.196 -4.1651 4
      vertex -2.625 -4.54663 10
      vertex -3.196 -4.1651 10
    endloop
  endfacet
  facet normal -0.55557 -0.83147 -0
    outer loop
      vertex -2.625 -4.54663 10
      vertex -3.196 -4.1651 4
      vertex -2.625 -4.54663 4
    endloop
  endfacet
  facet normal -0 0 1
    outer loop
      vertex 4.50278 1.17907 10
      vertex 5.20508 0.685262 10
      vertex 5.07111 1.3588 10
    endloop
  endfacet
  facet normal 0 0 1
    outer loop
      vertex 4.48905 1.23029 10
      vertex 5.07111 1.3588 10
      vertex 4.85037 2.00909 10
    endloop
  endfacet
  facet normal 0 -0 1
    outer loop
      vertex 4.50278 1.17907 10
      vertex 5.07111 1.3588 10
      vertex 4.49759 1.20513 10
    endloop
  endfacet
  facet normal 0 0 1
    outer loop
      vertex 5.21067 0.599999 10
      vertex 4.61642 0.607762 10
      vertex 4.61692 0.599999 10
    endloop
  endfacet
  facet normal 0 0 1
    outer loop
      vertex 4.29006 1.8057 10
      vertex 4.85037 2.00909 10
      vertex 4.54663 2.625 10
    endloop
  endfacet
  facet normal 0 0 1
    outer loop
      vertex 5.20508 0.685262 10
      vertex 4.61642 0.607762 10
      vertex 5.21067 0.599999 10
    endloop
  endfacet
  facet normal 0 0 1
    outer loop
      vertex 5.20508 0.685262 10
      vertex 4.50278 1.17907 10
      vertex 4.61642 0.607762 10
    endloop
  endfacet
  facet normal 0 0 1
    outer loop
      vertex 5.07111 1.3588 10
      vertex 4.48905 1.23029 10
      vertex 4.49759 1.20513 10
    endloop
  endfacet
  facet normal 0 0 1
    outer loop
      vertex 4.85037 2.00909 10
      vertex 4.30181 1.78187 10
      vertex 4.48905 1.23029 10
    endloop
  endfacet
  facet normal 0 0 1
    outer loop
      vertex 4.85037 2.00909 10
      vertex 4.29006 1.8057 10
      vertex 4.30181 1.78187 10
    endloop
  endfacet
  facet normal 0 0 1
    outer loop
      vertex 4.01767 2.35022 10
      vertex 4.54663 2.625 10
      vertex 4.1651 3.196 10
    endloop
  endfacet
  facet normal 0 0 1
    outer loop
      vertex 4.54663 2.625 10
      vertex 4.03243 2.32813 10
      vertex 4.29006 1.8057 10
    endloop
  endfacet
  facet normal 0 0 1
    outer loop
      vertex 4.54663 2.625 10
      vertex 4.01767 2.35022 10
      vertex 4.03243 2.32813 10
    endloop
  endfacet
  facet normal -0 0 1
    outer loop
      vertex 3.30998 3.27249 10
      vertex 4.1651 3.196 10
      vertex 3.71231 3.71231 10
    endloop
  endfacet
  facet normal 0 0 1
    outer loop
      vertex 4.1651 3.196 10
      vertex 3.69405 2.83454 10
      vertex 4.01767 2.35022 10
    endloop
  endfacet
  facet normal 0 0 1
    outer loop
      vertex 4.1651 3.196 10
      vertex 3.30998 3.27249 10
      vertex 3.69405 2.83454 10
    endloop
  endfacet
  facet normal 0 0 1
    outer loop
      vertex 3.71231 3.71231 10
      vertex 3.29247 3.29247 10
      vertex 3.30998 3.27249 10
    endloop
  endfacet
  facet normal 0 0 1
    outer loop
      vertex 3.71231 3.71231 10
      vertex 3.27249 3.30998 10
      vertex 3.29247 3.29247 10
    endloop
  endfacet
  facet normal 0 0 1
    outer loop
      vertex 3.196 4.1651 10
      vertex 3.27249 3.30998 10
      vertex 3.71231 3.71231 10
    endloop
  endfacet
  facet normal 0 0 1
    outer loop
      vertex 3.196 4.1651 10
      vertex 2.83454 3.69405 10
      vertex 3.27249 3.30998 10
    endloop
  endfacet
  facet normal 0 0 1
    outer loop
      vertex 2.35022 4.01767 10
      vertex 3.196 4.1651 10
      vertex 2.625 4.54663 10
    endloop
  endfacet
  facet normal 0 0 1
    outer loop
      vertex 3.196 4.1651 10
      vertex 2.35022 4.01767 10
      vertex 2.83454 3.69405 10
    endloop
  endfacet
  facet normal 0 0 1
    outer loop
      vertex 2.625 4.54663 10
      vertex 2.32813 4.03243 10
      vertex 2.35022 4.01767 10
    endloop
  endfacet
  facet normal 0 0 1
    outer loop
      vertex 1.8057 4.29006 10
      vertex 2.625 4.54663 10
      vertex 2.00909 4.85037 10
    endloop
  endfacet
  facet normal 0 0 1
    outer loop
      vertex 2.625 4.54663 10
      vertex 1.8057 4.29006 10
      vertex 2.32813 4.03243 10
    endloop
  endfacet
  facet normal 0 0 1
    outer loop
      vertex 2.00909 4.85037 10
      vertex 1.78187 4.30181 10
      vertex 1.8057 4.29006 10
    endloop
  endfacet
  facet normal 0 0 1
    outer loop
      vertex 1.23029 4.48905 10
      vertex 2.00909 4.85037 10
      vertex 1.3588 5.07111 10
    endloop
  endfacet
  facet normal 0 0 1
    outer loop
      vertex 2.00909 4.85037 10
      vertex 1.23029 4.48905 10
      vertex 1.78187 4.30181 10
    endloop
  endfacet
  facet normal 0 0 1
    outer loop
      vertex 1.3588 5.07111 10
      vertex 1.20513 4.49759 10
      vertex 1.23029 4.48905 10
    endloop
  endfacet
  facet normal 0 0 1
    outer loop
      vertex 1.3588 5.07111 10
      vertex 1.17907 4.50278 10
      vertex 1.20513 4.49759 10
    endloop
  endfacet
  facet normal 0 0 1
    outer loop
      vertex 0.685262 5.20508 10
      vertex 1.17907 4.50278 10
      vertex 1.3588 5.07111 10
    endloop
  endfacet
  facet normal 0 0 1
    outer loop
      vertex 0.685262 5.20508 10
      vertex 0.607762 4.61642 10
      vertex 1.17907 4.50278 10
    endloop
  endfacet
  facet normal 0 0 1
    outer loop
      vertex 0.599999 5.21067 10
      vertex 0.607762 4.61642 10
      vertex 0.685262 5.20508 10
    endloop
  endfacet
  facet normal 0 0 1
    outer loop
      vertex 0.607762 4.61642 10
      vertex 0.599999 5.21067 10
      vertex 0.599999 4.61692 10
    endloop
  endfacet
  facet normal -0 0 1
    outer loop
      vertex 4.61642 -0.607762 10
      vertex 5.20508 -0.685262 10
      vertex 5.21067 -0.599999 10
    endloop
  endfacet
  facet normal 0 0 1
    outer loop
      vertex 4.50278 -1.17907 10
      vertex 5.20508 -0.685262 10
      vertex 4.61642 -0.607762 10
    endloop
  endfacet
  facet normal 0 0 1
    outer loop
      vertex 4.61642 -0.607762 10
      vertex 5.21067 -0.599999 10
      vertex 4.61692 -0.599999 10
    endloop
  endfacet
  facet normal 0 0 1
    outer loop
      vertex 5.20508 -0.685262 10
      vertex 4.50278 -1.17907 10
      vertex 5.07111 -1.3588 10
    endloop
  endfacet
  facet normal 0 0 1
    outer loop
      vertex 5.07111 -1.3588 10
      vertex 4.50278 -1.17907 10
      vertex 4.49759 -1.20513 10
    endloop
  endfacet
  facet normal -0 0 1
    outer loop
      vertex 4.48905 -1.23029 10
      vertex 5.07111 -1.3588 10
      vertex 4.49759 -1.20513 10
    endloop
  endfacet
  facet normal 0 0 1
    outer loop
      vertex 5.07111 -1.3588 10
      vertex 4.48905 -1.23029 10
      vertex 4.85037 -2.00909 10
    endloop
  endfacet
  facet normal -0 0 1
    outer loop
      vertex 4.30181 -1.78187 10
      vertex 4.85037 -2.00909 10
      vertex 4.48905 -1.23029 10
    endloop
  endfacet
  facet normal -0 0 1
    outer loop
      vertex 4.29006 -1.8057 10
      vertex 4.85037 -2.00909 10
      vertex 4.30181 -1.78187 10
    endloop
  endfacet
  facet normal 0 0 1
    outer loop
      vertex 4.85037 -2.00909 10
      vertex 4.29006 -1.8057 10
      vertex 4.54663 -2.625 10
    endloop
  endfacet
  facet normal -0 0 1
    outer loop
      vertex 4.03243 -2.32813 10
      vertex 4.54663 -2.625 10
      vertex 4.29006 -1.8057 10
    endloop
  endfacet
  facet normal -0 0 1
    outer loop
      vertex 4.01767 -2.35022 10
      vertex 4.54663 -2.625 10
      vertex 4.03243 -2.32813 10
    endloop
  endfacet
  facet normal 0 0 1
    outer loop
      vertex 4.54663 -2.625 10
      vertex 4.01767 -2.35022 10
      vertex 4.1651 -3.196 10
    endloop
  endfacet
  facet normal -0 0 1
    outer loop
      vertex 3.69405 -2.83454 10
      vertex 4.1651 -3.196 10
      vertex 4.01767 -2.35022 10
    endloop
  endfacet
  facet normal 0 0 1
    outer loop
      vertex 3.30998 -3.27249 10
      vertex 4.1651 -3.196 10
      vertex 3.69405 -2.83454 10
    endloop
  endfacet
  facet normal 0 0 1
    outer loop
      vertex 4.1651 -3.196 10
      vertex 3.30998 -3.27249 10
      vertex 3.71231 -3.71231 10
    endloop
  endfacet
  facet normal -0 0 1
    outer loop
      vertex 3.29247 -3.29247 10
      vertex 3.71231 -3.71231 10
      vertex 3.30998 -3.27249 10
    endloop
  endfacet
  facet normal -0 0 1
    outer loop
      vertex 3.27249 -3.30998 10
      vertex 3.71231 -3.71231 10
      vertex 3.29247 -3.29247 10
    endloop
  endfacet
  facet normal 0 0 1
    outer loop
      vertex 3.27249 -3.30998 10
      vertex 3.196 -4.1651 10
      vertex 3.71231 -3.71231 10
    endloop
  endfacet
  facet normal -0 0 1
    outer loop
      vertex 2.83454 -3.69405 10
      vertex 3.196 -4.1651 10
      vertex 3.27249 -3.30998 10
    endloop
  endfacet
  facet normal -0 0 1
    outer loop
      vertex 2.35022 -4.01767 10
      vertex 3.196 -4.1651 10
      vertex 2.83454 -3.69405 10
    endloop
  endfacet
  facet normal 0 0 1
    outer loop
      vertex 3.196 -4.1651 10
      vertex 2.35022 -4.01767 10
      vertex 2.625 -4.54663 10
    endloop
  endfacet
  facet normal -0 0 1
    outer loop
      vertex 2.32813 -4.03243 10
      vertex 2.625 -4.54663 10
      vertex 2.35022 -4.01767 10
    endloop
  endfacet
  facet normal -0 0 1
    outer loop
      vertex 1.8057 -4.29006 10
      vertex 2.625 -4.54663 10
      vertex 2.32813 -4.03243 10
    endloop
  endfacet
  facet normal 0 0 1
    outer loop
      vertex 2.625 -4.54663 10
      vertex 1.8057 -4.29006 10
      vertex 2.00909 -4.85037 10
    endloop
  endfacet
  facet normal -0 0 1
    outer loop
      vertex 1.78187 -4.30181 10
      vertex 2.00909 -4.85037 10
      vertex 1.8057 -4.29006 10
    endloop
  endfacet
  facet normal -0 0 1
    outer loop
      vertex 1.23029 -4.48905 10
      vertex 2.00909 -4.85037 10
      vertex 1.78187 -4.30181 10
    endloop
  endfacet
  facet normal 0 0 1
    outer loop
      vertex 2.00909 -4.85037 10
      vertex 1.23029 -4.48905 10
      vertex 1.3588 -5.07111 10
    endloop
  endfacet
  facet normal -0 0 1
    outer loop
      vertex 1.20513 -4.49759 10
      vertex 1.3588 -5.07111 10
      vertex 1.23029 -4.48905 10
    endloop
  endfacet
  facet normal -0 0 1
    outer loop
      vertex 1.17907 -4.50278 10
      vertex 1.3588 -5.07111 10
      vertex 1.20513 -4.49759 10
    endloop
  endfacet
  facet normal 0 0 1
    outer loop
      vertex 1.17907 -4.50278 10
      vertex 0.685262 -5.20508 10
      vertex 1.3588 -5.07111 10
    endloop
  endfacet
  facet normal -0 0 1
    outer loop
      vertex 0.607762 -4.61642 10
      vertex 0.685262 -5.20508 10
      vertex 1.17907 -4.50278 10
    endloop
  endfacet
  facet normal -0 0 1
    outer loop
      vertex 0.599999 -4.61692 10
      vertex 0.685262 -5.20508 10
      vertex 0.607762 -4.61642 10
    endloop
  endfacet
  facet normal 0 0 1
    outer loop
      vertex 0.685262 -5.20508 10
      vertex 0.599999 -4.61692 10
      vertex 0.599999 -5.21067 10
    endloop
  endfacet
  facet normal 0 0 1
    outer loop
      vertex -0.607762 -4.61642 10
      vertex -0.599999 -5.21067 10
      vertex -0.599999 -4.61692 10
    endloop
  endfacet
  facet normal 0 0 1
    outer loop
      vertex -0.607762 -4.61642 10
      vertex -0.685262 -5.20508 10
      vertex -0.599999 -5.21067 10
    endloop
  endfacet
  facet normal 0 0 1
    outer loop
      vertex -1.17907 -4.50278 10
      vertex -0.685262 -5.20508 10
      vertex -0.607762 -4.61642 10
    endloop
  endfacet
  facet normal 0 0 1
    outer loop
      vertex -1.3588 -5.07111 10
      vertex -1.17907 -4.50278 10
      vertex -1.20513 -4.49759 10
    endloop
  endfacet
  facet normal 0 0 1
    outer loop
      vertex -1.3588 -5.07111 10
      vertex -1.20513 -4.49759 10
      vertex -1.23029 -4.48905 10
    endloop
  endfacet
  facet normal 0 0 1
    outer loop
      vertex -1.17907 -4.50278 10
      vertex -1.3588 -5.07111 10
      vertex -0.685262 -5.20508 10
    endloop
  endfacet
  facet normal 0 0 1
    outer loop
      vertex -2.00909 -4.85037 10
      vertex -1.23029 -4.48905 10
      vertex -1.78187 -4.30181 10
    endloop
  endfacet
  facet normal 0 0 1
    outer loop
      vertex -2.00909 -4.85037 10
      vertex -1.78187 -4.30181 10
      vertex -1.8057 -4.29006 10
    endloop
  endfacet
  facet normal 0 0 1
    outer loop
      vertex -1.23029 -4.48905 10
      vertex -2.00909 -4.85037 10
      vertex -1.3588 -5.07111 10
    endloop
  endfacet
  facet normal 0 0 1
    outer loop
      vertex -2.625 -4.54663 10
      vertex -1.8057 -4.29006 10
      vertex -2.32813 -4.03243 10
    endloop
  endfacet
  facet normal 0 0 1
    outer loop
      vertex -2.625 -4.54663 10
      vertex -2.32813 -4.03243 10
      vertex -2.35022 -4.01767 10
    endloop
  endfacet
  facet normal 0 0 1
    outer loop
      vertex -1.8057 -4.29006 10
      vertex -2.625 -4.54663 10
      vertex -2.00909 -4.85037 10
    endloop
  endfacet
  facet normal 0 0 1
    outer loop
      vertex -3.196 -4.1651 10
      vertex -2.35022 -4.01767 10
      vertex -2.83454 -3.69405 10
    endloop
  endfacet
  facet normal 0 0 1
    outer loop
      vertex -2.35022 -4.01767 10
      vertex -3.196 -4.1651 10
      vertex -2.625 -4.54663 10
    endloop
  endfacet
  facet normal 0 0 1
    outer loop
      vertex -3.27249 -3.30998 10
      vertex -3.196 -4.1651 10
      vertex -2.83454 -3.69405 10
    endloop
  endfacet
  facet normal 0 0 1
    outer loop
      vertex -3.71231 -3.71231 10
      vertex -3.27249 -3.30998 10
      vertex -3.29247 -3.29247 10
    endloop
  endfacet
  facet normal 0 0 1
    outer loop
      vertex -3.71231 -3.71231 10
      vertex -3.29247 -3.29247 10
      vertex -3.30998 -3.27249 10
    endloop
  endfacet
  facet normal -0 0 1
    outer loop
      vertex -4.1651 -3.196 10
      vertex -3.30998 -3.27249 10
      vertex -3.69405 -2.83454 10
    endloop
  endfacet
  facet normal 0 0 1
    outer loop
      vertex -3.27249 -3.30998 10
      vertex -3.71231 -3.71231 10
      vertex -3.196 -4.1651 10
    endloop
  endfacet
  facet normal 0 0 1
    outer loop
      vertex -4.1651 -3.196 10
      vertex -3.69405 -2.83454 10
      vertex -4.01767 -2.35022 10
    endloop
  endfacet
  facet normal 0 0 1
    outer loop
      vertex -4.54663 -2.625 10
      vertex -4.01767 -2.35022 10
      vertex -4.03243 -2.32813 10
    endloop
  endfacet
  facet normal 0 0 1
    outer loop
      vertex -3.30998 -3.27249 10
      vertex -4.1651 -3.196 10
      vertex -3.71231 -3.71231 10
    endloop
  endfacet
  facet normal 0 0 1
    outer loop
      vertex -4.54663 -2.625 10
      vertex -4.03243 -2.32813 10
      vertex -4.29006 -1.8057 10
    endloop
  endfacet
  facet normal 0 0 1
    outer loop
      vertex -4.85037 -2.00909 10
      vertex -4.29006 -1.8057 10
      vertex -4.30181 -1.78187 10
    endloop
  endfacet
  facet normal 0 0 1
    outer loop
      vertex -4.85037 -2.00909 10
      vertex -4.30181 -1.78187 10
      vertex -4.48905 -1.23029 10
    endloop
  endfacet
  facet normal 0 0 1
    outer loop
      vertex -5.07111 -1.3588 10
      vertex -4.48905 -1.23029 10
      vertex -4.49759 -1.20513 10
    endloop
  endfacet
  facet normal 0 0 1
    outer loop
      vertex -5.07111 -1.3588 10
      vertex -4.49759 -1.20513 10
      vertex -4.50278 -1.17907 10
    endloop
  endfacet
  facet normal 0 0 1
    outer loop
      vertex -4.01767 -2.35022 10
      vertex -4.54663 -2.625 10
      vertex -4.1651 -3.196 10
    endloop
  endfacet
  facet normal -0 0 1
    outer loop
      vertex -5.20508 -0.685262 10
      vertex -4.50278 -1.17907 10
      vertex -4.61642 -0.607762 10
    endloop
  endfacet
  facet normal 0 0 1
    outer loop
      vertex -5.20508 -0.685262 10
      vertex -4.61642 -0.607762 10
      vertex -4.61692 -0.599999 10
    endloop
  endfacet
  facet normal 0 0 1
    outer loop
      vertex -4.29006 -1.8057 10
      vertex -4.85037 -2.00909 10
      vertex -4.54663 -2.625 10
    endloop
  endfacet
  facet normal 0 0 1
    outer loop
      vertex -4.48905 -1.23029 10
      vertex -5.07111 -1.3588 10
      vertex -4.85037 -2.00909 10
    endloop
  endfacet
  facet normal 0 0 1
    outer loop
      vertex -4.50278 -1.17907 10
      vertex -5.20508 -0.685262 10
      vertex -5.07111 -1.3588 10
    endloop
  endfacet
  facet normal 0 -0 1
    outer loop
      vertex -5.20508 -0.685262 10
      vertex -4.61692 -0.599999 10
      vertex -5.21067 -0.599999 10
    endloop
  endfacet
  facet normal 0 0 1
    outer loop
      vertex -0.599999 5.21067 10
      vertex -0.607762 4.61642 10
      vertex -0.599999 4.61692 10
    endloop
  endfacet
  facet normal -0 0 1
    outer loop
      vertex -0.685262 5.20508 10
      vertex -0.607762 4.61642 10
      vertex -0.599999 5.21067 10
    endloop
  endfacet
  facet normal 0 0 1
    outer loop
      vertex -0.685262 5.20508 10
      vertex -1.17907 4.50278 10
      vertex -0.607762 4.61642 10
    endloop
  endfacet
  facet normal -0 0 1
    outer loop
      vertex -1.3588 5.07111 10
      vertex -1.17907 4.50278 10
      vertex -0.685262 5.20508 10
    endloop
  endfacet
  facet normal 0 0 1
    outer loop
      vertex -1.17907 4.50278 10
      vertex -1.3588 5.07111 10
      vertex -1.20513 4.49759 10
    endloop
  endfacet
  facet normal 0 0 1
    outer loop
      vertex -1.20513 4.49759 10
      vertex -1.3588 5.07111 10
      vertex -1.23029 4.48905 10
    endloop
  endfacet
  facet normal -0 0 1
    outer loop
      vertex -2.00909 4.85037 10
      vertex -1.23029 4.48905 10
      vertex -1.3588 5.07111 10
    endloop
  endfacet
  facet normal 0 0 1
    outer loop
      vertex -1.23029 4.48905 10
      vertex -2.00909 4.85037 10
      vertex -1.78187 4.30181 10
    endloop
  endfacet
  facet normal 0 0 1
    outer loop
      vertex -1.78187 4.30181 10
      vertex -2.00909 4.85037 10
      vertex -1.8057 4.29006 10
    endloop
  endfacet
  facet normal -0 0 1
    outer loop
      vertex -2.625 4.54663 10
      vertex -1.8057 4.29006 10
      vertex -2.00909 4.85037 10
    endloop
  endfacet
  facet normal 0 0 1
    outer loop
      vertex -1.8057 4.29006 10
      vertex -2.625 4.54663 10
      vertex -2.32813 4.03243 10
    endloop
  endfacet
  facet normal 0 0 1
    outer loop
      vertex -2.32813 4.03243 10
      vertex -2.625 4.54663 10
      vertex -2.35022 4.01767 10
    endloop
  endfacet
  facet normal -0 0 1
    outer loop
      vertex -3.196 4.1651 10
      vertex -2.35022 4.01767 10
      vertex -2.625 4.54663 10
    endloop
  endfacet
  facet normal 0 0 1
    outer loop
      vertex -2.35022 4.01767 10
      vertex -3.196 4.1651 10
      vertex -2.83454 3.69405 10
    endloop
  endfacet
  facet normal 0 0 1
    outer loop
      vertex -3.196 4.1651 10
      vertex -3.27249 3.30998 10
      vertex -2.83454 3.69405 10
    endloop
  endfacet
  facet normal -0 0 1
    outer loop
      vertex -3.71231 3.71231 10
      vertex -3.27249 3.30998 10
      vertex -3.196 4.1651 10
    endloop
  endfacet
  facet normal 0 0 1
    outer loop
      vertex -3.27249 3.30998 10
      vertex -3.71231 3.71231 10
      vertex -3.29247 3.29247 10
    endloop
  endfacet
  facet normal 0 0 1
    outer loop
      vertex -3.29247 3.29247 10
      vertex -3.71231 3.71231 10
      vertex -3.30998 3.27249 10
    endloop
  endfacet
  facet normal 0 0 1
    outer loop
      vertex -4.1651 3.196 10
      vertex -3.30998 3.27249 10
      vertex -3.71231 3.71231 10
    endloop
  endfacet
  facet normal 0 0 1
    outer loop
      vertex -3.30998 3.27249 10
      vertex -4.1651 3.196 10
      vertex -3.69405 2.83454 10
    endloop
  endfacet
  facet normal 0 0 1
    outer loop
      vertex -3.69405 2.83454 10
      vertex -4.1651 3.196 10
      vertex -4.01767 2.35022 10
    endloop
  endfacet
  facet normal -0 0 1
    outer loop
      vertex -4.54663 2.625 10
      vertex -4.01767 2.35022 10
      vertex -4.1651 3.196 10
    endloop
  endfacet
  facet normal 0 0 1
    outer loop
      vertex -4.01767 2.35022 10
      vertex -4.54663 2.625 10
      vertex -4.03243 2.32813 10
    endloop
  endfacet
  facet normal 0 0 1
    outer loop
      vertex -4.03243 2.32813 10
      vertex -4.54663 2.625 10
      vertex -4.29006 1.8057 10
    endloop
  endfacet
  facet normal -0 0 1
    outer loop
      vertex -4.85037 2.00909 10
      vertex -4.29006 1.8057 10
      vertex -4.54663 2.625 10
    endloop
  endfacet
  facet normal 0 0 1
    outer loop
      vertex -4.29006 1.8057 10
      vertex -4.85037 2.00909 10
      vertex -4.30181 1.78187 10
    endloop
  endfacet
  facet normal 0 0 1
    outer loop
      vertex -4.30181 1.78187 10
      vertex -4.85037 2.00909 10
      vertex -4.48905 1.23029 10
    endloop
  endfacet
  facet normal -0 0 1
    outer loop
      vertex -5.07111 1.3588 10
      vertex -4.48905 1.23029 10
      vertex -4.85037 2.00909 10
    endloop
  endfacet
  facet normal 0 0 1
    outer loop
      vertex -4.48905 1.23029 10
      vertex -5.07111 1.3588 10
      vertex -4.49759 1.20513 10
    endloop
  endfacet
  facet normal 0 0 1
    outer loop
      vertex -4.49759 1.20513 10
      vertex -5.07111 1.3588 10
      vertex -4.50278 1.17907 10
    endloop
  endfacet
  facet normal 0 0 1
    outer loop
      vertex -5.20508 0.685262 10
      vertex -4.50278 1.17907 10
      vertex -5.07111 1.3588 10
    endloop
  endfacet
  facet normal 0 0 1
    outer loop
      vertex -4.50278 1.17907 10
      vertex -5.20508 0.685262 10
      vertex -4.61642 0.607762 10
    endloop
  endfacet
  facet normal 0 0 1
    outer loop
      vertex -4.61642 0.607762 10
      vertex -5.20508 0.685262 10
      vertex -4.61692 0.599999 10
    endloop
  endfacet
  facet normal 0 0 1
    outer loop
      vertex -4.61692 0.599999 10
      vertex -5.20508 0.685262 10
      vertex -5.21067 0.599999 10
    endloop
  endfacet
  facet normal -1 0 0
    outer loop
      vertex 0.599999 -3.79767 4
      vertex 0.599999 -3.18723 8.5
      vertex 0.599999 -3.18723 4
    endloop
  endfacet
  facet normal -1 0 0
    outer loop
      vertex 0.599999 -5.21067 4
      vertex 0.599999 -3.18723 8.5
      vertex 0.599999 -3.79767 4
    endloop
  endfacet
  facet normal -1 -0 0
    outer loop
      vertex 0.599999 -3.18723 8.5
      vertex 0.599999 -5.21067 4
      vertex 0.599999 -3.52041 8.84932
    endloop
  endfacet
  facet normal -1 0 0
    outer loop
      vertex 0.599999 -5.21067 10
      vertex 0.599999 -3.52041 8.84932
      vertex 0.599999 -5.21067 4
    endloop
  endfacet
  facet normal -1 0 0
    outer loop
      vertex 0.599999 -3.52041 8.84932
      vertex 0.599999 -5.21067 10
      vertex 0.599999 -4.55745 9.93656
    endloop
  endfacet
  facet normal -1 0 0
    outer loop
      vertex 0.599999 -4.55745 9.93656
      vertex 0.599999 -5.21067 10
      vertex 0.599999 -4.61692 10
    endloop
  endfacet
  facet normal -1 0 0
    outer loop
      vertex 0.599999 3.52041 8.84932
      vertex 0.599999 5.21067 10
      vertex 0.599999 5.21067 4
    endloop
  endfacet
  facet normal -1 -0 0
    outer loop
      vertex 0.599999 5.21067 10
      vertex 0.599999 4.55745 9.93656
      vertex 0.599999 4.61692 10
    endloop
  endfacet
  facet normal -1 0 0
    outer loop
      vertex 0.599999 3.18723 8.5
      vertex 0.599999 5.21067 4
      vertex 0.599999 3.79767 4
    endloop
  endfacet
  facet normal -1 0 0
    outer loop
      vertex 0.599999 5.21067 10
      vertex 0.599999 3.52041 8.84932
      vertex 0.599999 4.55745 9.93656
    endloop
  endfacet
  facet normal -1 0 0
    outer loop
      vertex 0.599999 3.18723 8.5
      vertex 0.599999 3.79767 4
      vertex 0.599999 3.18723 4
    endloop
  endfacet
  facet normal -1 0 0
    outer loop
      vertex 0.599999 5.21067 4
      vertex 0.599999 3.18723 8.5
      vertex 0.599999 3.52041 8.84932
    endloop
  endfacet
  facet normal 1 0 0
    outer loop
      vertex -0.599999 4.55745 9.93656
      vertex -0.599999 5.21067 10
      vertex -0.599999 4.61692 10
    endloop
  endfacet
  facet normal 1 0 0
    outer loop
      vertex -0.599999 3.52041 8.84932
      vertex -0.599999 5.21067 10
      vertex -0.599999 4.55745 9.93656
    endloop
  endfacet
  facet normal 1 0 0
    outer loop
      vertex -0.599999 5.21067 10
      vertex -0.599999 3.52041 8.84932
      vertex -0.599999 5.21067 4
    endloop
  endfacet
  facet normal 1 -0 0
    outer loop
      vertex -0.599999 3.18723 8.5
      vertex -0.599999 5.21067 4
      vertex -0.599999 3.52041 8.84932
    endloop
  endfacet
  facet normal 1 0 0
    outer loop
      vertex -0.599999 5.21067 4
      vertex -0.599999 3.18723 8.5
      vertex -0.599999 3.79767 4
    endloop
  endfacet
  facet normal 1 0 0
    outer loop
      vertex -0.599999 3.79767 4
      vertex -0.599999 3.18723 8.5
      vertex -0.599999 3.18723 4
    endloop
  endfacet
  facet normal 1 0 0
    outer loop
      vertex -0.599999 -5.21067 4
      vertex -0.599999 -3.18723 8.5
      vertex -0.599999 -3.52041 8.84932
    endloop
  endfacet
  facet normal 1 0 0
    outer loop
      vertex -0.599999 -3.18723 8.5
      vertex -0.599999 -3.79767 4
      vertex -0.599999 -3.18723 4
    endloop
  endfacet
  facet normal 1 0 0
    outer loop
      vertex -0.599999 -5.21067 10
      vertex -0.599999 -3.52041 8.84932
      vertex -0.599999 -4.55745 9.93656
    endloop
  endfacet
  facet normal 1 -0 0
    outer loop
      vertex -0.599999 -5.21067 10
      vertex -0.599999 -4.55745 9.93656
      vertex -0.599999 -4.61692 10
    endloop
  endfacet
  facet normal 1 0 0
    outer loop
      vertex -0.599999 -3.52041 8.84932
      vertex -0.599999 -5.21067 10
      vertex -0.599999 -5.21067 4
    endloop
  endfacet
  facet normal 1 0 0
    outer loop
      vertex -0.599999 -3.18723 8.5
      vertex -0.599999 -5.21067 4
      vertex -0.599999 -3.79767 4
    endloop
  endfacet
  facet normal 0 -1 0
    outer loop
      vertex 4.55745 0.599999 9.93656
      vertex 5.21067 0.599999 10
      vertex 4.61692 0.599999 10
    endloop
  endfacet
  facet normal 0 -1 0
    outer loop
      vertex 3.52041 0.599999 8.84932
      vertex 5.21067 0.599999 10
      vertex 4.55745 0.599999 9.93656
    endloop
  endfacet
  facet normal 0 -1 0
    outer loop
      vertex 5.21067 0.599999 4
      vertex 3.52041 0.599999 8.84932
      vertex 3.18723 0.599999 8.5
    endloop
  endfacet
  facet normal 0 -1 0
    outer loop
      vertex 3.79767 0.599999 4
      vertex 3.18723 0.599999 8.5
      vertex 3.18723 0.599999 4
    endloop
  endfacet
  facet normal 0 -1 0
    outer loop
      vertex 5.21067 0.599999 4
      vertex 3.18723 0.599999 8.5
      vertex 3.79767 0.599999 4
    endloop
  endfacet
  facet normal 0 -1 0
    outer loop
      vertex 3.52041 0.599999 8.84932
      vertex 5.21067 0.599999 4
      vertex 5.21067 0.599999 10
    endloop
  endfacet
  facet normal 0 1 0
    outer loop
      vertex 5.21067 -0.599999 10
      vertex 4.55745 -0.599999 9.93656
      vertex 4.61692 -0.599999 10
    endloop
  endfacet
  facet normal 0 1 0
    outer loop
      vertex 5.21067 -0.599999 10
      vertex 3.52041 -0.599999 8.84932
      vertex 4.55745 -0.599999 9.93656
    endloop
  endfacet
  facet normal 0 1 -0
    outer loop
      vertex 5.21067 -0.599999 4
      vertex 3.52041 -0.599999 8.84932
      vertex 5.21067 -0.599999 10
    endloop
  endfacet
  facet normal 0 1 0
    outer loop
      vertex 3.52041 -0.599999 8.84932
      vertex 5.21067 -0.599999 4
      vertex 3.18723 -0.599999 8.5
    endloop
  endfacet
  facet normal 0 1 -0
    outer loop
      vertex 3.79767 -0.599999 4
      vertex 3.18723 -0.599999 8.5
      vertex 5.21067 -0.599999 4
    endloop
  endfacet
  facet normal 0 1 0
    outer loop
      vertex 3.18723 -0.599999 8.5
      vertex 3.79767 -0.599999 4
      vertex 3.18723 -0.599999 4
    endloop
  endfacet
  facet normal 0 1 0
    outer loop
      vertex -4.55745 -0.599999 9.93656
      vertex -5.21067 -0.599999 10
      vertex -4.61692 -0.599999 10
    endloop
  endfacet
  facet normal 0 1 0
    outer loop
      vertex -3.52041 -0.599999 8.84932
      vertex -5.21067 -0.599999 10
      vertex -4.55745 -0.599999 9.93656
    endloop
  endfacet
  facet normal 0 1 0
    outer loop
      vertex -5.21067 -0.599999 4
      vertex -3.52041 -0.599999 8.84932
      vertex -3.18723 -0.599999 8.5
    endloop
  endfacet
  facet normal 0 1 0
    outer loop
      vertex -3.79767 -0.599999 4
      vertex -3.18723 -0.599999 8.5
      vertex -3.18723 -0.599999 4
    endloop
  endfacet
  facet normal 0 1 0
    outer loop
      vertex -5.21067 -0.599999 4
      vertex -3.18723 -0.599999 8.5
      vertex -3.79767 -0.599999 4
    endloop
  endfacet
  facet normal 0 1 0
    outer loop
      vertex -3.52041 -0.599999 8.84932
      vertex -5.21067 -0.599999 4
      vertex -5.21067 -0.599999 10
    endloop
  endfacet
  facet normal 0 -1 0
    outer loop
      vertex -5.21067 0.599999 10
      vertex -4.55745 0.599999 9.93656
      vertex -4.61692 0.599999 10
    endloop
  endfacet
  facet normal 0 -1 0
    outer loop
      vertex -5.21067 0.599999 10
      vertex -3.52041 0.599999 8.84932
      vertex -4.55745 0.599999 9.93656
    endloop
  endfacet
  facet normal 0 -1 0
    outer loop
      vertex -5.21067 0.599999 4
      vertex -3.52041 0.599999 8.84932
      vertex -5.21067 0.599999 10
    endloop
  endfacet
  facet normal 0 -1 -0
    outer loop
      vertex -3.52041 0.599999 8.84932
      vertex -5.21067 0.599999 4
      vertex -3.18723 0.599999 8.5
    endloop
  endfacet
  facet normal 0 -1 0
    outer loop
      vertex -3.79767 0.599999 4
      vertex -3.18723 0.599999 8.5
      vertex -5.21067 0.599999 4
    endloop
  endfacet
  facet normal 0 -1 -0
    outer loop
      vertex -3.18723 0.599999 8.5
      vertex -3.79767 0.599999 4
      vertex -3.18723 0.599999 4
    endloop
  endfacet
  facet normal -0.980786 -0.195089 0
    outer loop
      vertex 3.13926 0.841162 1.4
      vertex 3.18723 0.599999 4
      vertex 3.13926 0.841162 8.5
    endloop
  endfacet
  facet normal -0.980784 -0.195097 -7.88716e-07
    outer loop
      vertex 3.2222 0.42421 1.4
      vertex 3.18723 0.599999 4
      vertex 3.13926 0.841162 1.4
    endloop
  endfacet
  facet normal -0.980782 -0.195109 0
    outer loop
      vertex 3.18723 0.599999 4
      vertex 3.2222 0.42421 1.4
      vertex 3.2222 0.42421 4
    endloop
  endfacet
  facet normal -0.980786 -0.195089 0
    outer loop
      vertex 3.13926 0.841162 8.5
      vertex 3.18723 0.599999 4
      vertex 3.18723 0.599999 8.5
    endloop
  endfacet
  facet normal -0.99786 -0.0653933 0
    outer loop
      vertex 3.25 0 1.4
      vertex 3.2222 0.42421 4
      vertex 3.2222 0.42421 1.4
    endloop
  endfacet
  facet normal -0.99786 -0.0653933 0
    outer loop
      vertex 3.2222 0.42421 4
      vertex 3.25 0 1.4
      vertex 3.25 0 4
    endloop
  endfacet
  facet normal -0.94693 -0.321439 0
    outer loop
      vertex 3.13926 0.841162 1.4
      vertex 3.00261 1.24372 8.5
      vertex 3.00261 1.24372 1.4
    endloop
  endfacet
  facet normal -0.94693 -0.321439 0
    outer loop
      vertex 3.00261 1.24372 8.5
      vertex 3.13926 0.841162 1.4
      vertex 3.13926 0.841162 8.5
    endloop
  endfacet
  facet normal -0.896869 -0.442295 0
    outer loop
      vertex 3.00261 1.24372 1.4
      vertex 2.81458 1.625 8.5
      vertex 2.81458 1.625 1.4
    endloop
  endfacet
  facet normal -0.896869 -0.442295 0
    outer loop
      vertex 2.81458 1.625 8.5
      vertex 3.00261 1.24372 1.4
      vertex 3.00261 1.24372 8.5
    endloop
  endfacet
  facet normal -0.831471 -0.555568 0
    outer loop
      vertex 2.81458 1.625 1.4
      vertex 2.5784 1.97847 8.5
      vertex 2.5784 1.97847 1.4
    endloop
  endfacet
  facet normal -0.831471 -0.555568 0
    outer loop
      vertex 2.5784 1.97847 8.5
      vertex 2.81458 1.625 1.4
      vertex 2.81458 1.625 8.5
    endloop
  endfacet
  facet normal 0.442295 -0.896869 0
    outer loop
      vertex -1.625 2.81458 1.4
      vertex -1.24372 3.00261 8.5
      vertex -1.625 2.81458 8.5
    endloop
  endfacet
  facet normal 0.442295 -0.896869 0
    outer loop
      vertex -1.24372 3.00261 8.5
      vertex -1.625 2.81458 1.4
      vertex -1.24372 3.00261 1.4
    endloop
  endfacet
  facet normal -0.659335 -0.751849 0
    outer loop
      vertex 1.97847 2.5784 1.4
      vertex 2.2981 2.2981 8.5
      vertex 1.97847 2.5784 8.5
    endloop
  endfacet
  facet normal -0.659335 -0.751849 -0
    outer loop
      vertex 2.2981 2.2981 8.5
      vertex 1.97847 2.5784 1.4
      vertex 2.2981 2.2981 1.4
    endloop
  endfacet
  facet normal 0.0653933 -0.99786 0
    outer loop
      vertex -0.42421 3.2222 1.4
      vertex 0 3.25 4
      vertex -0.42421 3.2222 4
    endloop
  endfacet
  facet normal 0.0653933 -0.99786 0
    outer loop
      vertex 0 3.25 4
      vertex -0.42421 3.2222 1.4
      vertex 0 3.25 1.4
    endloop
  endfacet
  facet normal -0.0653933 0.99786 0
    outer loop
      vertex 0.42421 -3.2222 1.4
      vertex 0 -3.25 4
      vertex 0.42421 -3.2222 4
    endloop
  endfacet
  facet normal -0.0653933 0.99786 0
    outer loop
      vertex 0 -3.25 4
      vertex 0.42421 -3.2222 1.4
      vertex 0 -3.25 1.4
    endloop
  endfacet
  facet normal -0.442295 -0.896869 0
    outer loop
      vertex 1.24372 3.00261 1.4
      vertex 1.625 2.81458 8.5
      vertex 1.24372 3.00261 8.5
    endloop
  endfacet
  facet normal -0.442295 -0.896869 -0
    outer loop
      vertex 1.625 2.81458 8.5
      vertex 1.24372 3.00261 1.4
      vertex 1.625 2.81458 1.4
    endloop
  endfacet
  facet normal -0.751849 -0.659335 0
    outer loop
      vertex 2.5784 1.97847 1.4
      vertex 2.2981 2.2981 8.5
      vertex 2.2981 2.2981 1.4
    endloop
  endfacet
  facet normal -0.751849 -0.659335 0
    outer loop
      vertex 2.2981 2.2981 8.5
      vertex 2.5784 1.97847 1.4
      vertex 2.5784 1.97847 8.5
    endloop
  endfacet
  facet normal -0.980782 0.195109 0
    outer loop
      vertex 3.2222 -0.42421 1.4
      vertex 3.18723 -0.599999 4
      vertex 3.2222 -0.42421 4
    endloop
  endfacet
  facet normal -0.980784 0.195097 -7.88716e-07
    outer loop
      vertex 3.13926 -0.841162 1.4
      vertex 3.18723 -0.599999 4
      vertex 3.2222 -0.42421 1.4
    endloop
  endfacet
  facet normal -0.980786 0.195089 0
    outer loop
      vertex 3.13926 -0.841162 8.5
      vertex 3.18723 -0.599999 4
      vertex 3.13926 -0.841162 1.4
    endloop
  endfacet
  facet normal -0.980786 0.195089 0
    outer loop
      vertex 3.18723 -0.599999 4
      vertex 3.13926 -0.841162 8.5
      vertex 3.18723 -0.599999 8.5
    endloop
  endfacet
  facet normal -0.555568 0.831471 0
    outer loop
      vertex 1.97847 -2.5784 1.4
      vertex 1.625 -2.81458 8.5
      vertex 1.97847 -2.5784 8.5
    endloop
  endfacet
  facet normal -0.555568 0.831471 0
    outer loop
      vertex 1.625 -2.81458 8.5
      vertex 1.97847 -2.5784 1.4
      vertex 1.625 -2.81458 1.4
    endloop
  endfacet
  facet normal 0.99786 -0.0653933 0
    outer loop
      vertex -3.25 0 4
      vertex -3.2222 0.42421 1.4
      vertex -3.2222 0.42421 4
    endloop
  endfacet
  facet normal 0.99786 -0.0653933 0
    outer loop
      vertex -3.2222 0.42421 1.4
      vertex -3.25 0 4
      vertex -3.25 0 1.4
    endloop
  endfacet
  facet normal 0.659335 -0.751849 0
    outer loop
      vertex -2.2981 2.2981 1.4
      vertex -1.97847 2.5784 8.5
      vertex -2.2981 2.2981 8.5
    endloop
  endfacet
  facet normal 0.659335 -0.751849 0
    outer loop
      vertex -1.97847 2.5784 8.5
      vertex -2.2981 2.2981 1.4
      vertex -1.97847 2.5784 1.4
    endloop
  endfacet
  facet normal 0.659335 0.751849 -0
    outer loop
      vertex -1.97847 -2.5784 1.4
      vertex -2.2981 -2.2981 8.5
      vertex -1.97847 -2.5784 8.5
    endloop
  endfacet
  facet normal 0.659335 0.751849 0
    outer loop
      vertex -2.2981 -2.2981 8.5
      vertex -1.97847 -2.5784 1.4
      vertex -2.2981 -2.2981 1.4
    endloop
  endfacet
  facet normal -0.831471 0.555568 0
    outer loop
      vertex 2.5784 -1.97847 1.4
      vertex 2.81458 -1.625 8.5
      vertex 2.81458 -1.625 1.4
    endloop
  endfacet
  facet normal -0.831471 0.555568 0
    outer loop
      vertex 2.81458 -1.625 8.5
      vertex 2.5784 -1.97847 1.4
      vertex 2.5784 -1.97847 8.5
    endloop
  endfacet
  facet normal 0.195109 0.980782 0
    outer loop
      vertex -0.42421 -3.2222 4
      vertex -0.42421 -3.2222 1.4
      vertex -0.599999 -3.18723 4
    endloop
  endfacet
  facet normal 0.195089 0.980786 -0
    outer loop
      vertex -0.599999 -3.18723 4
      vertex -0.841162 -3.13926 8.5
      vertex -0.599999 -3.18723 8.5
    endloop
  endfacet
  facet normal 0.195089 0.980786 0
    outer loop
      vertex -0.599999 -3.18723 4
      vertex -0.841162 -3.13926 1.4
      vertex -0.841162 -3.13926 8.5
    endloop
  endfacet
  facet normal 0.195097 0.980784 -7.88716e-07
    outer loop
      vertex -0.841162 -3.13926 1.4
      vertex -0.599999 -3.18723 4
      vertex -0.42421 -3.2222 1.4
    endloop
  endfacet
  facet normal -0.751849 0.659335 0
    outer loop
      vertex 2.2981 -2.2981 1.4
      vertex 2.5784 -1.97847 8.5
      vertex 2.5784 -1.97847 1.4
    endloop
  endfacet
  facet normal -0.751849 0.659335 0
    outer loop
      vertex 2.5784 -1.97847 8.5
      vertex 2.2981 -2.2981 1.4
      vertex 2.2981 -2.2981 8.5
    endloop
  endfacet
  facet normal 0.980786 -0.195089 0
    outer loop
      vertex -3.18723 0.599999 4
      vertex -3.13926 0.841162 8.5
      vertex -3.18723 0.599999 8.5
    endloop
  endfacet
  facet normal 0.980786 -0.195089 0
    outer loop
      vertex -3.13926 0.841162 8.5
      vertex -3.18723 0.599999 4
      vertex -3.13926 0.841162 1.4
    endloop
  endfacet
  facet normal 0.980782 -0.195109 0
    outer loop
      vertex -3.2222 0.42421 1.4
      vertex -3.18723 0.599999 4
      vertex -3.2222 0.42421 4
    endloop
  endfacet
  facet normal 0.980784 -0.195097 -7.88716e-07
    outer loop
      vertex -3.18723 0.599999 4
      vertex -3.2222 0.42421 1.4
      vertex -3.13926 0.841162 1.4
    endloop
  endfacet
  facet normal -0.94693 0.321439 0
    outer loop
      vertex 3.00261 -1.24372 1.4
      vertex 3.13926 -0.841162 8.5
      vertex 3.13926 -0.841162 1.4
    endloop
  endfacet
  facet normal -0.94693 0.321439 0
    outer loop
      vertex 3.13926 -0.841162 8.5
      vertex 3.00261 -1.24372 1.4
      vertex 3.00261 -1.24372 8.5
    endloop
  endfacet
  facet normal -0.555568 -0.831471 0
    outer loop
      vertex 1.625 2.81458 1.4
      vertex 1.97847 2.5784 8.5
      vertex 1.625 2.81458 8.5
    endloop
  endfacet
  facet normal -0.555568 -0.831471 -0
    outer loop
      vertex 1.97847 2.5784 8.5
      vertex 1.625 2.81458 1.4
      vertex 1.97847 2.5784 1.4
    endloop
  endfacet
  facet normal 0.321439 0.94693 -0
    outer loop
      vertex -0.841162 -3.13926 1.4
      vertex -1.24372 -3.00261 8.5
      vertex -0.841162 -3.13926 8.5
    endloop
  endfacet
  facet normal 0.321439 0.94693 0
    outer loop
      vertex -1.24372 -3.00261 8.5
      vertex -0.841162 -3.13926 1.4
      vertex -1.24372 -3.00261 1.4
    endloop
  endfacet
  facet normal -0.321439 -0.94693 0
    outer loop
      vertex 0.841162 3.13926 1.4
      vertex 1.24372 3.00261 8.5
      vertex 0.841162 3.13926 8.5
    endloop
  endfacet
  facet normal -0.321439 -0.94693 -0
    outer loop
      vertex 1.24372 3.00261 8.5
      vertex 0.841162 3.13926 1.4
      vertex 1.24372 3.00261 1.4
    endloop
  endfacet
  facet normal 0.751849 -0.659335 0
    outer loop
      vertex -2.5784 1.97847 8.5
      vertex -2.2981 2.2981 1.4
      vertex -2.2981 2.2981 8.5
    endloop
  endfacet
  facet normal 0.751849 -0.659335 0
    outer loop
      vertex -2.2981 2.2981 1.4
      vertex -2.5784 1.97847 8.5
      vertex -2.5784 1.97847 1.4
    endloop
  endfacet
  facet normal -0.896869 0.442295 0
    outer loop
      vertex 2.81458 -1.625 1.4
      vertex 3.00261 -1.24372 8.5
      vertex 3.00261 -1.24372 1.4
    endloop
  endfacet
  facet normal -0.896869 0.442295 0
    outer loop
      vertex 3.00261 -1.24372 8.5
      vertex 2.81458 -1.625 1.4
      vertex 2.81458 -1.625 8.5
    endloop
  endfacet
  facet normal 0.99786 0.0653933 0
    outer loop
      vertex -3.2222 -0.42421 4
      vertex -3.25 0 1.4
      vertex -3.25 0 4
    endloop
  endfacet
  facet normal 0.99786 0.0653933 0
    outer loop
      vertex -3.25 0 1.4
      vertex -3.2222 -0.42421 4
      vertex -3.2222 -0.42421 1.4
    endloop
  endfacet
  facet normal 0.751849 0.659335 0
    outer loop
      vertex -2.2981 -2.2981 8.5
      vertex -2.5784 -1.97847 1.4
      vertex -2.5784 -1.97847 8.5
    endloop
  endfacet
  facet normal 0.751849 0.659335 0
    outer loop
      vertex -2.5784 -1.97847 1.4
      vertex -2.2981 -2.2981 8.5
      vertex -2.2981 -2.2981 1.4
    endloop
  endfacet
  facet normal 0.321439 -0.94693 0
    outer loop
      vertex -1.24372 3.00261 1.4
      vertex -0.841162 3.13926 8.5
      vertex -1.24372 3.00261 8.5
    endloop
  endfacet
  facet normal 0.321439 -0.94693 0
    outer loop
      vertex -0.841162 3.13926 8.5
      vertex -1.24372 3.00261 1.4
      vertex -0.841162 3.13926 1.4
    endloop
  endfacet
  facet normal 0.94693 0.321439 0
    outer loop
      vertex -3.00261 -1.24372 8.5
      vertex -3.13926 -0.841162 1.4
      vertex -3.13926 -0.841162 8.5
    endloop
  endfacet
  facet normal 0.94693 0.321439 0
    outer loop
      vertex -3.13926 -0.841162 1.4
      vertex -3.00261 -1.24372 8.5
      vertex -3.00261 -1.24372 1.4
    endloop
  endfacet
  facet normal 0.896869 -0.442295 0
    outer loop
      vertex -3.00261 1.24372 8.5
      vertex -2.81458 1.625 1.4
      vertex -2.81458 1.625 8.5
    endloop
  endfacet
  facet normal 0.896869 -0.442295 0
    outer loop
      vertex -2.81458 1.625 1.4
      vertex -3.00261 1.24372 8.5
      vertex -3.00261 1.24372 1.4
    endloop
  endfacet
  facet normal -0.0653933 -0.99786 0
    outer loop
      vertex 0 3.25 1.4
      vertex 0.42421 3.2222 4
      vertex 0 3.25 4
    endloop
  endfacet
  facet normal -0.0653933 -0.99786 -0
    outer loop
      vertex 0.42421 3.2222 4
      vertex 0 3.25 1.4
      vertex 0.42421 3.2222 1.4
    endloop
  endfacet
  facet normal -0.99786 0.0653933 0
    outer loop
      vertex 3.2222 -0.42421 1.4
      vertex 3.25 0 4
      vertex 3.25 0 1.4
    endloop
  endfacet
  facet normal -0.99786 0.0653933 0
    outer loop
      vertex 3.25 0 4
      vertex 3.2222 -0.42421 1.4
      vertex 3.2222 -0.42421 4
    endloop
  endfacet
  facet normal -0.321439 0.94693 0
    outer loop
      vertex 1.24372 -3.00261 1.4
      vertex 0.841162 -3.13926 8.5
      vertex 1.24372 -3.00261 8.5
    endloop
  endfacet
  facet normal -0.321439 0.94693 0
    outer loop
      vertex 0.841162 -3.13926 8.5
      vertex 1.24372 -3.00261 1.4
      vertex 0.841162 -3.13926 1.4
    endloop
  endfacet
  facet normal 0.195089 -0.980786 0
    outer loop
      vertex -0.841162 3.13926 8.5
      vertex -0.599999 3.18723 4
      vertex -0.599999 3.18723 8.5
    endloop
  endfacet
  facet normal 0.195089 -0.980786 0
    outer loop
      vertex -0.841162 3.13926 1.4
      vertex -0.599999 3.18723 4
      vertex -0.841162 3.13926 8.5
    endloop
  endfacet
  facet normal 0.195097 -0.980784 -7.88716e-07
    outer loop
      vertex -0.42421 3.2222 1.4
      vertex -0.599999 3.18723 4
      vertex -0.841162 3.13926 1.4
    endloop
  endfacet
  facet normal 0.195109 -0.980782 0
    outer loop
      vertex -0.599999 3.18723 4
      vertex -0.42421 3.2222 1.4
      vertex -0.42421 3.2222 4
    endloop
  endfacet
  facet normal 0.555568 -0.831471 0
    outer loop
      vertex -1.97847 2.5784 1.4
      vertex -1.625 2.81458 8.5
      vertex -1.97847 2.5784 8.5
    endloop
  endfacet
  facet normal 0.555568 -0.831471 0
    outer loop
      vertex -1.625 2.81458 8.5
      vertex -1.97847 2.5784 1.4
      vertex -1.625 2.81458 1.4
    endloop
  endfacet
  facet normal 0.0653933 0.99786 -0
    outer loop
      vertex 0 -3.25 1.4
      vertex -0.42421 -3.2222 4
      vertex 0 -3.25 4
    endloop
  endfacet
  facet normal 0.0653933 0.99786 0
    outer loop
      vertex -0.42421 -3.2222 4
      vertex 0 -3.25 1.4
      vertex -0.42421 -3.2222 1.4
    endloop
  endfacet
  facet normal 0.94693 -0.321439 0
    outer loop
      vertex -3.13926 0.841162 8.5
      vertex -3.00261 1.24372 1.4
      vertex -3.00261 1.24372 8.5
    endloop
  endfacet
  facet normal 0.94693 -0.321439 0
    outer loop
      vertex -3.00261 1.24372 1.4
      vertex -3.13926 0.841162 8.5
      vertex -3.13926 0.841162 1.4
    endloop
  endfacet
  facet normal 0.980786 0.195089 0
    outer loop
      vertex -3.18723 -0.599999 8.5
      vertex -3.13926 -0.841162 8.5
      vertex -3.18723 -0.599999 4
    endloop
  endfacet
  facet normal 0.980782 0.195109 0
    outer loop
      vertex -3.18723 -0.599999 4
      vertex -3.2222 -0.42421 1.4
      vertex -3.2222 -0.42421 4
    endloop
  endfacet
  facet normal 0.980784 0.195097 -7.88716e-07
    outer loop
      vertex -3.18723 -0.599999 4
      vertex -3.13926 -0.841162 1.4
      vertex -3.2222 -0.42421 1.4
    endloop
  endfacet
  facet normal 0.980786 0.195089 -0
    outer loop
      vertex -3.13926 -0.841162 1.4
      vertex -3.18723 -0.599999 4
      vertex -3.13926 -0.841162 8.5
    endloop
  endfacet
  facet normal 0.831471 -0.555568 0
    outer loop
      vertex -2.81458 1.625 8.5
      vertex -2.5784 1.97847 1.4
      vertex -2.5784 1.97847 8.5
    endloop
  endfacet
  facet normal 0.831471 -0.555568 0
    outer loop
      vertex -2.5784 1.97847 1.4
      vertex -2.81458 1.625 8.5
      vertex -2.81458 1.625 1.4
    endloop
  endfacet
  facet normal -0.195089 0.980786 0
    outer loop
      vertex 0.841162 -3.13926 8.5
      vertex 0.599999 -3.18723 4
      vertex 0.599999 -3.18723 8.5
    endloop
  endfacet
  facet normal -0.195089 0.980786 0
    outer loop
      vertex 0.841162 -3.13926 1.4
      vertex 0.599999 -3.18723 4
      vertex 0.841162 -3.13926 8.5
    endloop
  endfacet
  facet normal -0.195097 0.980784 -7.88716e-07
    outer loop
      vertex 0.42421 -3.2222 1.4
      vertex 0.599999 -3.18723 4
      vertex 0.841162 -3.13926 1.4
    endloop
  endfacet
  facet normal -0.195109 0.980782 0
    outer loop
      vertex 0.599999 -3.18723 4
      vertex 0.42421 -3.2222 1.4
      vertex 0.42421 -3.2222 4
    endloop
  endfacet
  facet normal -0.195109 -0.980782 -0
    outer loop
      vertex 0.42421 3.2222 4
      vertex 0.42421 3.2222 1.4
      vertex 0.599999 3.18723 4
    endloop
  endfacet
  facet normal -0.195089 -0.980786 0
    outer loop
      vertex 0.599999 3.18723 4
      vertex 0.841162 3.13926 8.5
      vertex 0.599999 3.18723 8.5
    endloop
  endfacet
  facet normal -0.195089 -0.980786 0
    outer loop
      vertex 0.599999 3.18723 4
      vertex 0.841162 3.13926 1.4
      vertex 0.841162 3.13926 8.5
    endloop
  endfacet
  facet normal -0.195097 -0.980784 -7.88716e-07
    outer loop
      vertex 0.841162 3.13926 1.4
      vertex 0.599999 3.18723 4
      vertex 0.42421 3.2222 1.4
    endloop
  endfacet
  facet normal 0.896869 0.442295 0
    outer loop
      vertex -2.81458 -1.625 8.5
      vertex -3.00261 -1.24372 1.4
      vertex -3.00261 -1.24372 8.5
    endloop
  endfacet
  facet normal 0.896869 0.442295 0
    outer loop
      vertex -3.00261 -1.24372 1.4
      vertex -2.81458 -1.625 8.5
      vertex -2.81458 -1.625 1.4
    endloop
  endfacet
  facet normal -0.442295 0.896869 0
    outer loop
      vertex 1.625 -2.81458 1.4
      vertex 1.24372 -3.00261 8.5
      vertex 1.625 -2.81458 8.5
    endloop
  endfacet
  facet normal -0.442295 0.896869 0
    outer loop
      vertex 1.24372 -3.00261 8.5
      vertex 1.625 -2.81458 1.4
      vertex 1.24372 -3.00261 1.4
    endloop
  endfacet
  facet normal 0.555568 0.831471 -0
    outer loop
      vertex -1.625 -2.81458 1.4
      vertex -1.97847 -2.5784 8.5
      vertex -1.625 -2.81458 8.5
    endloop
  endfacet
  facet normal 0.555568 0.831471 0
    outer loop
      vertex -1.97847 -2.5784 8.5
      vertex -1.625 -2.81458 1.4
      vertex -1.97847 -2.5784 1.4
    endloop
  endfacet
  facet normal 0.442295 0.896869 -0
    outer loop
      vertex -1.24372 -3.00261 1.4
      vertex -1.625 -2.81458 8.5
      vertex -1.24372 -3.00261 8.5
    endloop
  endfacet
  facet normal 0.442295 0.896869 0
    outer loop
      vertex -1.625 -2.81458 8.5
      vertex -1.24372 -3.00261 1.4
      vertex -1.625 -2.81458 1.4
    endloop
  endfacet
  facet normal -0.659335 0.751849 0
    outer loop
      vertex 2.2981 -2.2981 1.4
      vertex 1.97847 -2.5784 8.5
      vertex 2.2981 -2.2981 8.5
    endloop
  endfacet
  facet normal -0.659335 0.751849 0
    outer loop
      vertex 1.97847 -2.5784 8.5
      vertex 2.2981 -2.2981 1.4
      vertex 1.97847 -2.5784 1.4
    endloop
  endfacet
  facet normal 0.831471 0.555568 0
    outer loop
      vertex -2.5784 -1.97847 8.5
      vertex -2.81458 -1.625 1.4
      vertex -2.81458 -1.625 8.5
    endloop
  endfacet
  facet normal 0.831471 0.555568 0
    outer loop
      vertex -2.81458 -1.625 1.4
      vertex -2.5784 -1.97847 8.5
      vertex -2.5784 -1.97847 1.4
    endloop
  endfacet
  facet normal -0.706348 -0.0462992 -0.706348
    outer loop
      vertex 4.61207 0.578666 0
      vertex 4.65 0 0
      vertex 3.25 0 1.4
    endloop
  endfacet
  facet normal 0.532202 0.466726 -0.706348
    outer loop
      vertex -2.5784 -1.97847 1.4
      vertex -3.30673 -3.26674 0
      vertex -3.68909 -2.83074 0
    endloop
  endfacet
  facet normal 0.706351 -0.0462897 -0.706347
    outer loop
      vertex -4.61207 0.578666 0
      vertex -3.2222 0.42421 1.4
      vertex -3.25 0 1.4
    endloop
  endfacet
  facet normal 0.706358 -0.046208 -0.706345
    outer loop
      vertex -3.2222 0.42421 1.4
      vertex -4.61207 0.578666 0
      vertex -4.61022 0.606946 0
    endloop
  endfacet
  facet normal -0.313085 -0.634861 -0.70635
    outer loop
      vertex 1.8049 4.28351 0
      vertex 2.325 4.02702 0
      vertex 1.625 2.81458 1.4
    endloop
  endfacet
  facet normal 0.0462897 0.706351 -0.706347
    outer loop
      vertex -0.578666 -4.61207 0
      vertex -0.42421 -3.2222 1.4
      vertex 0 -3.25 1.4
    endloop
  endfacet
  facet normal 0.046208 0.706358 -0.706345
    outer loop
      vertex -0.42421 -3.2222 1.4
      vertex -0.578666 -4.61207 0
      vertex -0.606946 -4.61022 0
    endloop
  endfacet
  facet normal 0.532208 -0.466721 -0.706347
    outer loop
      vertex -3.30673 3.26674 0
      vertex -2.2981 2.2981 1.4
      vertex -2.5784 1.97847 1.4
    endloop
  endfacet
  facet normal 0.532308 -0.466612 -0.706344
    outer loop
      vertex -2.2981 2.2981 1.4
      vertex -3.30673 3.26674 0
      vertex -3.28805 3.28805 0
    endloop
  endfacet
  facet normal -0.588565 0.393272 -0.706348
    outer loop
      vertex 4.01127 -2.34857 0
      vertex 3.68909 -2.83074 0
      vertex 2.5784 -1.97847 1.4
    endloop
  endfacet
  facet normal -0.227514 0.670303 -0.70635
    outer loop
      vertex 0.841162 -3.13926 1.4
      vertex 1.23035 -4.48245 0
      vertex 1.20351 -4.49156 0
    endloop
  endfacet
  facet normal -0.227535 0.670297 -0.70635
    outer loop
      vertex 1.23035 -4.48245 0
      vertex 0.841162 -3.13926 1.4
      vertex 1.24372 -3.00261 1.4
    endloop
  endfacet
  facet normal 0.706358 0.046208 -0.706345
    outer loop
      vertex -4.61207 -0.578666 0
      vertex -3.2222 -0.42421 1.4
      vertex -4.61022 -0.606946 0
    endloop
  endfacet
  facet normal 0.706351 0.0462897 -0.706347
    outer loop
      vertex -3.2222 -0.42421 1.4
      vertex -4.61207 -0.578666 0
      vertex -3.25 0 1.4
    endloop
  endfacet
  facet normal -0.532202 -0.466726 -0.706348
    outer loop
      vertex 3.30673 3.26674 0
      vertex 3.68909 2.83074 0
      vertex 2.5784 1.97847 1.4
    endloop
  endfacet
  facet normal 0.0462992 0.706348 -0.706348
    outer loop
      vertex 0 -3.25 1.4
      vertex 0 -4.65 0
      vertex -0.578666 -4.61207 0
    endloop
  endfacet
  facet normal -0.046208 -0.706358 -0.706345
    outer loop
      vertex 0.42421 3.2222 1.4
      vertex 0.578666 4.61207 0
      vertex 0.606946 4.61022 0
    endloop
  endfacet
  facet normal -0.0462897 -0.706351 -0.706347
    outer loop
      vertex 0.578666 4.61207 0
      vertex 0.42421 3.2222 1.4
      vertex 0 3.25 1.4
    endloop
  endfacet
  facet normal -0.393267 -0.588568 -0.706349
    outer loop
      vertex 1.625 2.81458 1.4
      vertex 2.34857 4.01127 0
      vertex 1.97847 2.5784 1.4
    endloop
  endfacet
  facet normal -0.393286 -0.588555 -0.706349
    outer loop
      vertex 2.34857 4.01127 0
      vertex 1.625 2.81458 1.4
      vertex 2.325 4.02702 0
    endloop
  endfacet
  facet normal -0.137864 -0.694316 -0.706342
    outer loop
      vertex 0.841162 3.13926 1.4
      vertex 1.17571 4.49708 0
      vertex 1.20351 4.49156 0
    endloop
  endfacet
  facet normal -0.138103 -0.694263 -0.706347
    outer loop
      vertex 1.17571 4.49708 0
      vertex 0.841162 3.13926 1.4
      vertex 0.42421 3.2222 1.4
    endloop
  endfacet
  facet normal -0.706348 0.0462992 -0.706348
    outer loop
      vertex 4.65 0 0
      vertex 4.61207 -0.578666 0
      vertex 3.25 0 1.4
    endloop
  endfacet
  facet normal -0.312963 0.634917 -0.706353
    outer loop
      vertex 1.24372 -3.00261 1.4
      vertex 1.8049 -4.28351 0
      vertex 1.77948 -4.29604 0
    endloop
  endfacet
  facet normal -0.313084 0.634861 -0.70635
    outer loop
      vertex 1.8049 -4.28351 0
      vertex 1.24372 -3.00261 1.4
      vertex 1.625 -2.81458 1.4
    endloop
  endfacet
  facet normal -0.706351 -0.0462897 -0.706347
    outer loop
      vertex 3.2222 0.42421 1.4
      vertex 4.61207 0.578666 0
      vertex 3.25 0 1.4
    endloop
  endfacet
  facet normal -0.706358 -0.046208 -0.706345
    outer loop
      vertex 4.61207 0.578666 0
      vertex 3.2222 0.42421 1.4
      vertex 4.61022 0.606946 0
    endloop
  endfacet
  facet normal -0.313084 -0.634861 -0.70635
    outer loop
      vertex 1.24372 3.00261 1.4
      vertex 1.8049 4.28351 0
      vertex 1.625 2.81458 1.4
    endloop
  endfacet
  facet normal -0.312963 -0.634917 -0.706353
    outer loop
      vertex 1.8049 4.28351 0
      vertex 1.24372 3.00261 1.4
      vertex 1.77948 4.29604 0
    endloop
  endfacet
  facet normal -0.532308 0.466612 -0.706344
    outer loop
      vertex 2.2981 -2.2981 1.4
      vertex 3.30673 -3.26674 0
      vertex 3.28805 -3.28805 0
    endloop
  endfacet
  facet normal -0.532208 0.466721 -0.706347
    outer loop
      vertex 3.30673 -3.26674 0
      vertex 2.2981 -2.2981 1.4
      vertex 2.5784 -1.97847 1.4
    endloop
  endfacet
  facet normal 0.227514 0.670303 -0.70635
    outer loop
      vertex -1.23035 -4.48245 0
      vertex -0.841162 -3.13926 1.4
      vertex -1.20351 -4.49156 0
    endloop
  endfacet
  facet normal 0.227535 0.670297 -0.70635
    outer loop
      vertex -0.841162 -3.13926 1.4
      vertex -1.23035 -4.48245 0
      vertex -1.24372 -3.00261 1.4
    endloop
  endfacet
  facet normal -0.670296 0.227541 -0.706349
    outer loop
      vertex 4.48245 -1.23035 0
      vertex 4.29604 -1.77948 0
      vertex 3.00261 -1.24372 1.4
    endloop
  endfacet
  facet normal -0.670296 -0.227541 -0.706349
    outer loop
      vertex 4.29604 1.77948 0
      vertex 4.48245 1.23035 0
      vertex 3.00261 1.24372 1.4
    endloop
  endfacet
  facet normal -0.466726 0.532202 -0.706348
    outer loop
      vertex 3.26674 -3.30673 0
      vertex 2.83074 -3.68909 0
      vertex 1.97847 -2.5784 1.4
    endloop
  endfacet
  facet normal 0.588565 0.393272 -0.706348
    outer loop
      vertex -2.5784 -1.97847 1.4
      vertex -3.68909 -2.83074 0
      vertex -4.01127 -2.34857 0
    endloop
  endfacet
  facet normal 0.0462992 -0.706348 -0.706348
    outer loop
      vertex 0 4.65 0
      vertex 0 3.25 1.4
      vertex -0.578666 4.61207 0
    endloop
  endfacet
  facet normal -0.466726 -0.532202 -0.706348
    outer loop
      vertex 2.83074 3.68909 0
      vertex 3.26674 3.30673 0
      vertex 1.97847 2.5784 1.4
    endloop
  endfacet
  facet normal -0.393272 -0.588565 -0.706348
    outer loop
      vertex 2.34857 4.01127 0
      vertex 2.83074 3.68909 0
      vertex 1.97847 2.5784 1.4
    endloop
  endfacet
  facet normal 0.706348 -0.0462992 -0.706348
    outer loop
      vertex -4.61207 0.578666 0
      vertex -3.25 0 1.4
      vertex -4.65 0 0
    endloop
  endfacet
  facet normal -0.588565 -0.393272 -0.706348
    outer loop
      vertex 3.68909 2.83074 0
      vertex 4.01127 2.34857 0
      vertex 2.5784 1.97847 1.4
    endloop
  endfacet
  facet normal -0.532202 0.466726 -0.706348
    outer loop
      vertex 3.68909 -2.83074 0
      vertex 3.30673 -3.26674 0
      vertex 2.5784 -1.97847 1.4
    endloop
  endfacet
  facet normal -0.138104 -0.694262 -0.706348
    outer loop
      vertex 0.606946 4.61022 0
      vertex 1.17571 4.49708 0
      vertex 0.42421 3.2222 1.4
    endloop
  endfacet
  facet normal -0.393286 0.588555 -0.706349
    outer loop
      vertex 1.625 -2.81458 1.4
      vertex 2.34857 -4.01127 0
      vertex 2.325 -4.02702 0
    endloop
  endfacet
  facet normal -0.393267 0.588568 -0.706349
    outer loop
      vertex 2.34857 -4.01127 0
      vertex 1.625 -2.81458 1.4
      vertex 1.97847 -2.5784 1.4
    endloop
  endfacet
  facet normal -0.670303 -0.227514 -0.70635
    outer loop
      vertex 3.13926 0.841162 1.4
      vertex 4.48245 1.23035 0
      vertex 4.49156 1.20351 0
    endloop
  endfacet
  facet normal -0.670297 -0.227535 -0.70635
    outer loop
      vertex 4.48245 1.23035 0
      vertex 3.13926 0.841162 1.4
      vertex 3.00261 1.24372 1.4
    endloop
  endfacet
  facet normal -0.227535 -0.670297 -0.70635
    outer loop
      vertex 0.841162 3.13926 1.4
      vertex 1.23035 4.48245 0
      vertex 1.24372 3.00261 1.4
    endloop
  endfacet
  facet normal -0.227514 -0.670303 -0.70635
    outer loop
      vertex 1.23035 4.48245 0
      vertex 0.841162 3.13926 1.4
      vertex 1.20351 4.49156 0
    endloop
  endfacet
  facet normal 0.694262 0.138104 -0.706348
    outer loop
      vertex -3.2222 -0.42421 1.4
      vertex -4.49708 -1.17571 0
      vertex -4.61022 -0.606946 0
    endloop
  endfacet
  facet normal 0.227541 -0.670296 -0.706349
    outer loop
      vertex -1.23035 4.48245 0
      vertex -1.24372 3.00261 1.4
      vertex -1.77948 4.29604 0
    endloop
  endfacet
  facet normal -0.466612 0.532308 -0.706344
    outer loop
      vertex 3.26674 -3.30673 0
      vertex 2.2981 -2.2981 1.4
      vertex 3.28805 -3.28805 0
    endloop
  endfacet
  facet normal -0.466721 0.532208 -0.706347
    outer loop
      vertex 2.2981 -2.2981 1.4
      vertex 3.26674 -3.30673 0
      vertex 1.97847 -2.5784 1.4
    endloop
  endfacet
  facet normal 0.670296 -0.227541 -0.706349
    outer loop
      vertex -4.29604 1.77948 0
      vertex -3.00261 1.24372 1.4
      vertex -4.48245 1.23035 0
    endloop
  endfacet
  facet normal 0.466721 0.532208 -0.706347
    outer loop
      vertex -3.26674 -3.30673 0
      vertex -2.2981 -2.2981 1.4
      vertex -1.97847 -2.5784 1.4
    endloop
  endfacet
  facet normal 0.466612 0.532308 -0.706344
    outer loop
      vertex -2.2981 -2.2981 1.4
      vertex -3.26674 -3.30673 0
      vertex -3.28805 -3.28805 0
    endloop
  endfacet
  facet normal 0.0462897 -0.706351 -0.706347
    outer loop
      vertex -0.42421 3.2222 1.4
      vertex -0.578666 4.61207 0
      vertex 0 3.25 1.4
    endloop
  endfacet
  facet normal 0.046208 -0.706358 -0.706345
    outer loop
      vertex -0.578666 4.61207 0
      vertex -0.42421 3.2222 1.4
      vertex -0.606946 4.61022 0
    endloop
  endfacet
  facet normal -0.0462992 0.706348 -0.706348
    outer loop
      vertex 0 -3.25 1.4
      vertex 0.578666 -4.61207 0
      vertex 0 -4.65 0
    endloop
  endfacet
  facet normal 0.393267 -0.588568 -0.706349
    outer loop
      vertex -2.34857 4.01127 0
      vertex -1.625 2.81458 1.4
      vertex -1.97847 2.5784 1.4
    endloop
  endfacet
  facet normal 0.393286 -0.588555 -0.706349
    outer loop
      vertex -1.625 2.81458 1.4
      vertex -2.34857 4.01127 0
      vertex -2.325 4.02702 0
    endloop
  endfacet
  facet normal 0.694316 0.137864 -0.706342
    outer loop
      vertex -4.49708 -1.17571 0
      vertex -3.13926 -0.841162 1.4
      vertex -4.49156 -1.20351 0
    endloop
  endfacet
  facet normal 0.694263 0.138103 -0.706347
    outer loop
      vertex -3.13926 -0.841162 1.4
      vertex -4.49708 -1.17571 0
      vertex -3.2222 -0.42421 1.4
    endloop
  endfacet
  facet normal 0.634861 0.313085 -0.70635
    outer loop
      vertex -2.81458 -1.625 1.4
      vertex -4.02702 -2.325 0
      vertex -4.28351 -1.8049 0
    endloop
  endfacet
  facet normal 0.393272 -0.588565 -0.706348
    outer loop
      vertex -2.34857 4.01127 0
      vertex -1.97847 2.5784 1.4
      vertex -2.83074 3.68909 0
    endloop
  endfacet
  facet normal -0.0462992 -0.706348 -0.706348
    outer loop
      vertex 0 4.65 0
      vertex 0.578666 4.61207 0
      vertex 0 3.25 1.4
    endloop
  endfacet
  facet normal -0.694263 -0.138103 -0.706347
    outer loop
      vertex 3.13926 0.841162 1.4
      vertex 4.49708 1.17571 0
      vertex 3.2222 0.42421 1.4
    endloop
  endfacet
  facet normal -0.694316 -0.137864 -0.706342
    outer loop
      vertex 4.49708 1.17571 0
      vertex 3.13926 0.841162 1.4
      vertex 4.49156 1.20351 0
    endloop
  endfacet
  facet normal 0.588565 -0.393272 -0.706348
    outer loop
      vertex -3.68909 2.83074 0
      vertex -2.5784 1.97847 1.4
      vertex -4.01127 2.34857 0
    endloop
  endfacet
  facet normal 0.227514 -0.670303 -0.70635
    outer loop
      vertex -0.841162 3.13926 1.4
      vertex -1.23035 4.48245 0
      vertex -1.20351 4.49156 0
    endloop
  endfacet
  facet normal 0.227535 -0.670297 -0.70635
    outer loop
      vertex -1.23035 4.48245 0
      vertex -0.841162 3.13926 1.4
      vertex -1.24372 3.00261 1.4
    endloop
  endfacet
  facet normal 0.706348 0.0462992 -0.706348
    outer loop
      vertex -3.25 0 1.4
      vertex -4.61207 -0.578666 0
      vertex -4.65 0 0
    endloop
  endfacet
  facet normal -0.313085 0.634861 -0.70635
    outer loop
      vertex 2.325 -4.02702 0
      vertex 1.8049 -4.28351 0
      vertex 1.625 -2.81458 1.4
    endloop
  endfacet
  facet normal -0.670303 0.227514 -0.70635
    outer loop
      vertex 4.48245 -1.23035 0
      vertex 3.13926 -0.841162 1.4
      vertex 4.49156 -1.20351 0
    endloop
  endfacet
  facet normal -0.670297 0.227535 -0.70635
    outer loop
      vertex 3.13926 -0.841162 1.4
      vertex 4.48245 -1.23035 0
      vertex 3.00261 -1.24372 1.4
    endloop
  endfacet
  facet normal 0.532202 -0.466726 -0.706348
    outer loop
      vertex -3.30673 3.26674 0
      vertex -2.5784 1.97847 1.4
      vertex -3.68909 2.83074 0
    endloop
  endfacet
  facet normal -0.634861 0.313085 -0.70635
    outer loop
      vertex 4.28351 -1.8049 0
      vertex 4.02702 -2.325 0
      vertex 2.81458 -1.625 1.4
    endloop
  endfacet
  facet normal -0.634917 -0.312963 -0.706353
    outer loop
      vertex 3.00261 1.24372 1.4
      vertex 4.28351 1.8049 0
      vertex 4.29604 1.77948 0
    endloop
  endfacet
  facet normal -0.634861 -0.313084 -0.70635
    outer loop
      vertex 4.28351 1.8049 0
      vertex 3.00261 1.24372 1.4
      vertex 2.81458 1.625 1.4
    endloop
  endfacet
  facet normal -0.588555 -0.393286 -0.706349
    outer loop
      vertex 2.81458 1.625 1.4
      vertex 4.01127 2.34857 0
      vertex 4.02702 2.325 0
    endloop
  endfacet
  facet normal -0.588568 -0.393267 -0.706349
    outer loop
      vertex 4.01127 2.34857 0
      vertex 2.81458 1.625 1.4
      vertex 2.5784 1.97847 1.4
    endloop
  endfacet
  facet normal 0.393272 0.588565 -0.706348
    outer loop
      vertex -1.97847 -2.5784 1.4
      vertex -2.34857 -4.01127 0
      vertex -2.83074 -3.68909 0
    endloop
  endfacet
  facet normal -0.227541 -0.670296 -0.706349
    outer loop
      vertex 1.77948 4.29604 0
      vertex 1.24372 3.00261 1.4
      vertex 1.23035 4.48245 0
    endloop
  endfacet
  facet normal -0.046208 0.706358 -0.706345
    outer loop
      vertex 0.578666 -4.61207 0
      vertex 0.42421 -3.2222 1.4
      vertex 0.606946 -4.61022 0
    endloop
  endfacet
  facet normal -0.0462897 0.706351 -0.706347
    outer loop
      vertex 0.42421 -3.2222 1.4
      vertex 0.578666 -4.61207 0
      vertex 0 -3.25 1.4
    endloop
  endfacet
  facet normal 0.313084 -0.634861 -0.70635
    outer loop
      vertex -1.8049 4.28351 0
      vertex -1.24372 3.00261 1.4
      vertex -1.625 2.81458 1.4
    endloop
  endfacet
  facet normal 0.312963 -0.634917 -0.706353
    outer loop
      vertex -1.24372 3.00261 1.4
      vertex -1.8049 4.28351 0
      vertex -1.77948 4.29604 0
    endloop
  endfacet
  facet normal -0.694316 0.137864 -0.706342
    outer loop
      vertex 3.13926 -0.841162 1.4
      vertex 4.49708 -1.17571 0
      vertex 4.49156 -1.20351 0
    endloop
  endfacet
  facet normal -0.694263 0.138103 -0.706347
    outer loop
      vertex 4.49708 -1.17571 0
      vertex 3.13926 -0.841162 1.4
      vertex 3.2222 -0.42421 1.4
    endloop
  endfacet
  facet normal -0.694262 -0.138104 -0.706348
    outer loop
      vertex 4.49708 1.17571 0
      vertex 4.61022 0.606946 0
      vertex 3.2222 0.42421 1.4
    endloop
  endfacet
  facet normal 0.227541 0.670296 -0.706349
    outer loop
      vertex -1.24372 -3.00261 1.4
      vertex -1.23035 -4.48245 0
      vertex -1.77948 -4.29604 0
    endloop
  endfacet
  facet normal -0.634861 -0.313085 -0.70635
    outer loop
      vertex 4.02702 2.325 0
      vertex 4.28351 1.8049 0
      vertex 2.81458 1.625 1.4
    endloop
  endfacet
  facet normal -0.532208 -0.466721 -0.706347
    outer loop
      vertex 2.2981 2.2981 1.4
      vertex 3.30673 3.26674 0
      vertex 2.5784 1.97847 1.4
    endloop
  endfacet
  facet normal -0.532308 -0.466612 -0.706344
    outer loop
      vertex 3.30673 3.26674 0
      vertex 2.2981 2.2981 1.4
      vertex 3.28805 3.28805 0
    endloop
  endfacet
  facet normal -0.466612 -0.532308 -0.706344
    outer loop
      vertex 2.2981 2.2981 1.4
      vertex 3.26674 3.30673 0
      vertex 3.28805 3.28805 0
    endloop
  endfacet
  facet normal -0.466721 -0.532208 -0.706347
    outer loop
      vertex 3.26674 3.30673 0
      vertex 2.2981 2.2981 1.4
      vertex 1.97847 2.5784 1.4
    endloop
  endfacet
  facet normal 0.138104 -0.694262 -0.706348
    outer loop
      vertex -0.606946 4.61022 0
      vertex -0.42421 3.2222 1.4
      vertex -1.17571 4.49708 0
    endloop
  endfacet
  facet normal -0.706358 0.046208 -0.706345
    outer loop
      vertex 3.2222 -0.42421 1.4
      vertex 4.61207 -0.578666 0
      vertex 4.61022 -0.606946 0
    endloop
  endfacet
  facet normal -0.706351 0.0462897 -0.706347
    outer loop
      vertex 4.61207 -0.578666 0
      vertex 3.2222 -0.42421 1.4
      vertex 3.25 0 1.4
    endloop
  endfacet
  facet normal 0.532308 0.466612 -0.706344
    outer loop
      vertex -3.30673 -3.26674 0
      vertex -2.2981 -2.2981 1.4
      vertex -3.28805 -3.28805 0
    endloop
  endfacet
  facet normal 0.532208 0.466721 -0.706347
    outer loop
      vertex -2.2981 -2.2981 1.4
      vertex -3.30673 -3.26674 0
      vertex -2.5784 -1.97847 1.4
    endloop
  endfacet
  facet normal -0.694262 0.138104 -0.706348
    outer loop
      vertex 4.61022 -0.606946 0
      vertex 4.49708 -1.17571 0
      vertex 3.2222 -0.42421 1.4
    endloop
  endfacet
  facet normal 0.313085 0.634861 -0.70635
    outer loop
      vertex -1.625 -2.81458 1.4
      vertex -1.8049 -4.28351 0
      vertex -2.325 -4.02702 0
    endloop
  endfacet
  facet normal 0.466726 -0.532202 -0.706348
    outer loop
      vertex -2.83074 3.68909 0
      vertex -1.97847 2.5784 1.4
      vertex -3.26674 3.30673 0
    endloop
  endfacet
  facet normal 0.138103 -0.694263 -0.706347
    outer loop
      vertex -0.841162 3.13926 1.4
      vertex -1.17571 4.49708 0
      vertex -0.42421 3.2222 1.4
    endloop
  endfacet
  facet normal 0.137864 -0.694316 -0.706342
    outer loop
      vertex -1.17571 4.49708 0
      vertex -0.841162 3.13926 1.4
      vertex -1.20351 4.49156 0
    endloop
  endfacet
  facet normal 0.588568 -0.393267 -0.706349
    outer loop
      vertex -2.81458 1.625 1.4
      vertex -4.01127 2.34857 0
      vertex -2.5784 1.97847 1.4
    endloop
  endfacet
  facet normal 0.588555 -0.393286 -0.706349
    outer loop
      vertex -4.01127 2.34857 0
      vertex -2.81458 1.625 1.4
      vertex -4.02702 2.325 0
    endloop
  endfacet
  facet normal -0.393272 0.588565 -0.706348
    outer loop
      vertex 2.83074 -3.68909 0
      vertex 2.34857 -4.01127 0
      vertex 1.97847 -2.5784 1.4
    endloop
  endfacet
  facet normal -0.137864 0.694316 -0.706342
    outer loop
      vertex 1.17571 -4.49708 0
      vertex 0.841162 -3.13926 1.4
      vertex 1.20351 -4.49156 0
    endloop
  endfacet
  facet normal -0.138103 0.694263 -0.706347
    outer loop
      vertex 0.841162 -3.13926 1.4
      vertex 1.17571 -4.49708 0
      vertex 0.42421 -3.2222 1.4
    endloop
  endfacet
  facet normal -0.138104 0.694262 -0.706348
    outer loop
      vertex 1.17571 -4.49708 0
      vertex 0.606946 -4.61022 0
      vertex 0.42421 -3.2222 1.4
    endloop
  endfacet
  facet normal 0.634861 -0.313085 -0.70635
    outer loop
      vertex -4.02702 2.325 0
      vertex -2.81458 1.625 1.4
      vertex -4.28351 1.8049 0
    endloop
  endfacet
  facet normal 0.634861 -0.313084 -0.70635
    outer loop
      vertex -3.00261 1.24372 1.4
      vertex -4.28351 1.8049 0
      vertex -2.81458 1.625 1.4
    endloop
  endfacet
  facet normal 0.634917 -0.312963 -0.706353
    outer loop
      vertex -4.28351 1.8049 0
      vertex -3.00261 1.24372 1.4
      vertex -4.29604 1.77948 0
    endloop
  endfacet
  facet normal -0.588555 0.393286 -0.706349
    outer loop
      vertex 4.01127 -2.34857 0
      vertex 2.81458 -1.625 1.4
      vertex 4.02702 -2.325 0
    endloop
  endfacet
  facet normal -0.588568 0.393267 -0.706349
    outer loop
      vertex 2.81458 -1.625 1.4
      vertex 4.01127 -2.34857 0
      vertex 2.5784 -1.97847 1.4
    endloop
  endfacet
  facet normal 0.313085 -0.634861 -0.70635
    outer loop
      vertex -1.8049 4.28351 0
      vertex -1.625 2.81458 1.4
      vertex -2.325 4.02702 0
    endloop
  endfacet
  facet normal 0.694262 -0.138104 -0.706348
    outer loop
      vertex -4.49708 1.17571 0
      vertex -3.2222 0.42421 1.4
      vertex -4.61022 0.606946 0
    endloop
  endfacet
  facet normal 0.466721 -0.532208 -0.706347
    outer loop
      vertex -2.2981 2.2981 1.4
      vertex -3.26674 3.30673 0
      vertex -1.97847 2.5784 1.4
    endloop
  endfacet
  facet normal 0.466612 -0.532308 -0.706344
    outer loop
      vertex -3.26674 3.30673 0
      vertex -2.2981 2.2981 1.4
      vertex -3.28805 3.28805 0
    endloop
  endfacet
  facet normal 0.670296 0.227541 -0.706349
    outer loop
      vertex -3.00261 -1.24372 1.4
      vertex -4.29604 -1.77948 0
      vertex -4.48245 -1.23035 0
    endloop
  endfacet
  facet normal 0.670297 0.227535 -0.70635
    outer loop
      vertex -4.48245 -1.23035 0
      vertex -3.13926 -0.841162 1.4
      vertex -3.00261 -1.24372 1.4
    endloop
  endfacet
  facet normal 0.670303 0.227514 -0.70635
    outer loop
      vertex -3.13926 -0.841162 1.4
      vertex -4.48245 -1.23035 0
      vertex -4.49156 -1.20351 0
    endloop
  endfacet
  facet normal -0.634917 0.312963 -0.706353
    outer loop
      vertex 4.28351 -1.8049 0
      vertex 3.00261 -1.24372 1.4
      vertex 4.29604 -1.77948 0
    endloop
  endfacet
  facet normal -0.634861 0.313084 -0.70635
    outer loop
      vertex 3.00261 -1.24372 1.4
      vertex 4.28351 -1.8049 0
      vertex 2.81458 -1.625 1.4
    endloop
  endfacet
  facet normal 0.138104 0.694262 -0.706348
    outer loop
      vertex -0.42421 -3.2222 1.4
      vertex -0.606946 -4.61022 0
      vertex -1.17571 -4.49708 0
    endloop
  endfacet
  facet normal 0.312963 0.634917 -0.706353
    outer loop
      vertex -1.8049 -4.28351 0
      vertex -1.24372 -3.00261 1.4
      vertex -1.77948 -4.29604 0
    endloop
  endfacet
  facet normal 0.313084 0.634861 -0.70635
    outer loop
      vertex -1.24372 -3.00261 1.4
      vertex -1.8049 -4.28351 0
      vertex -1.625 -2.81458 1.4
    endloop
  endfacet
  facet normal 0.588568 0.393267 -0.706349
    outer loop
      vertex -4.01127 -2.34857 0
      vertex -2.81458 -1.625 1.4
      vertex -2.5784 -1.97847 1.4
    endloop
  endfacet
  facet normal 0.588555 0.393286 -0.706349
    outer loop
      vertex -2.81458 -1.625 1.4
      vertex -4.01127 -2.34857 0
      vertex -4.02702 -2.325 0
    endloop
  endfacet
  facet normal 0.634861 0.313084 -0.70635
    outer loop
      vertex -4.28351 -1.8049 0
      vertex -3.00261 -1.24372 1.4
      vertex -2.81458 -1.625 1.4
    endloop
  endfacet
  facet normal 0.634917 0.312963 -0.706353
    outer loop
      vertex -3.00261 -1.24372 1.4
      vertex -4.28351 -1.8049 0
      vertex -4.29604 -1.77948 0
    endloop
  endfacet
  facet normal 0.670297 -0.227535 -0.70635
    outer loop
      vertex -3.13926 0.841162 1.4
      vertex -4.48245 1.23035 0
      vertex -3.00261 1.24372 1.4
    endloop
  endfacet
  facet normal 0.670303 -0.227514 -0.70635
    outer loop
      vertex -4.48245 1.23035 0
      vertex -3.13926 0.841162 1.4
      vertex -4.49156 1.20351 0
    endloop
  endfacet
  facet normal 0.694263 -0.138103 -0.706347
    outer loop
      vertex -4.49708 1.17571 0
      vertex -3.13926 0.841162 1.4
      vertex -3.2222 0.42421 1.4
    endloop
  endfacet
  facet normal 0.694316 -0.137864 -0.706342
    outer loop
      vertex -3.13926 0.841162 1.4
      vertex -4.49708 1.17571 0
      vertex -4.49156 1.20351 0
    endloop
  endfacet
  facet normal -0.227541 0.670296 -0.706349
    outer loop
      vertex 1.24372 -3.00261 1.4
      vertex 1.77948 -4.29604 0
      vertex 1.23035 -4.48245 0
    endloop
  endfacet
  facet normal 0.138103 0.694263 -0.706347
    outer loop
      vertex -1.17571 -4.49708 0
      vertex -0.841162 -3.13926 1.4
      vertex -0.42421 -3.2222 1.4
    endloop
  endfacet
  facet normal 0.137864 0.694316 -0.706342
    outer loop
      vertex -0.841162 -3.13926 1.4
      vertex -1.17571 -4.49708 0
      vertex -1.20351 -4.49156 0
    endloop
  endfacet
  facet normal 0.393286 0.588555 -0.706349
    outer loop
      vertex -2.34857 -4.01127 0
      vertex -1.625 -2.81458 1.4
      vertex -2.325 -4.02702 0
    endloop
  endfacet
  facet normal 0.393267 0.588568 -0.706349
    outer loop
      vertex -1.625 -2.81458 1.4
      vertex -2.34857 -4.01127 0
      vertex -1.97847 -2.5784 1.4
    endloop
  endfacet
  facet normal 0.466726 0.532202 -0.706348
    outer loop
      vertex -1.97847 -2.5784 1.4
      vertex -2.83074 -3.68909 0
      vertex -3.26674 -3.30673 0
    endloop
  endfacet
  facet normal 0.654959 -0.322985 0.683161
    outer loop
      vertex -2.81458 1.625 8.5
      vertex -4.03243 2.32813 10
      vertex -4.29006 1.8057 10
    endloop
  endfacet
  facet normal 0.549046 -0.481498 0.68316
    outer loop
      vertex -2.5784 1.97847 8.5
      vertex -3.30998 3.27249 10
      vertex -3.69405 2.83454 10
    endloop
  endfacet
  facet normal 0.322985 0.654959 0.683161
    outer loop
      vertex -1.8057 -4.29006 10
      vertex -1.625 -2.81458 8.5
      vertex -2.32813 -4.03243 10
    endloop
  endfacet
  facet normal -0.728762 -0.0469382 0.683157
    outer loop
      vertex 4.61692 0.599999 10
      vertex 4.61642 0.607762 10
      vertex 4.55745 0.599999 9.93656
    endloop
  endfacet
  facet normal -0.607192 0.405722 0.68316
    outer loop
      vertex 3.69405 -2.83454 10
      vertex 4.01767 -2.35022 10
      vertex 2.5784 -1.97847 8.5
    endloop
  endfacet
  facet normal 0.405722 0.607192 0.68316
    outer loop
      vertex -2.35022 -4.01767 10
      vertex -1.97847 -2.5784 8.5
      vertex -2.83454 -3.69405 10
    endloop
  endfacet
  facet normal 0.716172 -0.14263 0.683195
    outer loop
      vertex -3.52041 0.599999 8.84932
      vertex -4.49759 1.20513 10
      vertex -4.50278 1.17907 10
    endloop
  endfacet
  facet normal 0.716241 -0.142451 0.683159
    outer loop
      vertex -4.49759 1.20513 10
      vertex -3.52041 0.599999 8.84932
      vertex -3.13926 0.841162 8.5
    endloop
  endfacet
  facet normal 0.716245 -0.142469 0.683151
    outer loop
      vertex -3.13926 0.841162 8.5
      vertex -3.52041 0.599999 8.84932
      vertex -3.18723 0.599999 8.5
    endloop
  endfacet
  facet normal 0.549046 0.481498 0.68316
    outer loop
      vertex -3.30998 -3.27249 10
      vertex -2.5784 -1.97847 8.5
      vertex -3.69405 -2.83454 10
    endloop
  endfacet
  facet normal 0.481493 0.549053 0.683158
    outer loop
      vertex -2.2981 -2.2981 8.5
      vertex -3.27249 -3.30998 10
      vertex -1.97847 -2.5784 8.5
    endloop
  endfacet
  facet normal 0.481318 0.549213 0.683153
    outer loop
      vertex -3.27249 -3.30998 10
      vertex -2.2981 -2.2981 8.5
      vertex -3.29247 -3.29247 10
    endloop
  endfacet
  facet normal -0.691512 -0.234742 0.683159
    outer loop
      vertex 4.48905 1.23029 10
      vertex 4.30181 1.78187 10
      vertex 3.00261 1.24372 8.5
    endloop
  endfacet
  facet normal -0.481498 0.549046 0.68316
    outer loop
      vertex 2.83454 -3.69405 10
      vertex 3.27249 -3.30998 10
      vertex 1.97847 -2.5784 8.5
    endloop
  endfacet
  facet normal 0.607192 -0.405722 0.68316
    outer loop
      vertex -2.5784 1.97847 8.5
      vertex -3.69405 2.83454 10
      vertex -4.01767 2.35022 10
    endloop
  endfacet
  facet normal -0.716234 0.142463 0.683164
    outer loop
      vertex 4.50278 -1.17907 10
      vertex 4.55745 -0.599999 9.93656
      vertex 3.52041 -0.599999 8.84932
    endloop
  endfacet
  facet normal -0.716215 0.142464 0.683184
    outer loop
      vertex 4.55745 -0.599999 9.93656
      vertex 4.50278 -1.17907 10
      vertex 4.61642 -0.607762 10
    endloop
  endfacet
  facet normal -0.607196 0.405713 0.683162
    outer loop
      vertex 2.81458 -1.625 8.5
      vertex 4.01767 -2.35022 10
      vertex 4.03243 -2.32813 10
    endloop
  endfacet
  facet normal -0.607196 0.405713 0.683162
    outer loop
      vertex 4.01767 -2.35022 10
      vertex 2.81458 -1.625 8.5
      vertex 2.5784 -1.97847 8.5
    endloop
  endfacet
  facet normal -0.142464 -0.716215 0.683184
    outer loop
      vertex 0.599999 4.55745 9.93656
      vertex 1.17907 4.50278 10
      vertex 0.607762 4.61642 10
    endloop
  endfacet
  facet normal -0.142463 -0.716234 0.683164
    outer loop
      vertex 1.17907 4.50278 10
      vertex 0.599999 4.55745 9.93656
      vertex 0.599999 3.52041 8.84932
    endloop
  endfacet
  facet normal -0.0469382 0.728762 0.683157
    outer loop
      vertex 0.607762 -4.61642 10
      vertex 0.599999 -4.55745 9.93656
      vertex 0.599999 -4.61692 10
    endloop
  endfacet
  facet normal -0.234742 0.691512 0.683159
    outer loop
      vertex 1.78187 -4.30181 10
      vertex 1.24372 -3.00261 8.5
      vertex 1.23029 -4.48905 10
    endloop
  endfacet
  facet normal 0.716215 0.142464 0.683184
    outer loop
      vertex -4.50278 -1.17907 10
      vertex -4.55745 -0.599999 9.93656
      vertex -4.61642 -0.607762 10
    endloop
  endfacet
  facet normal 0.716234 0.142463 0.683164
    outer loop
      vertex -4.55745 -0.599999 9.93656
      vertex -4.50278 -1.17907 10
      vertex -3.52041 -0.599999 8.84932
    endloop
  endfacet
  facet normal 0.142464 -0.716215 0.683184
    outer loop
      vertex -1.17907 4.50278 10
      vertex -0.599999 4.55745 9.93656
      vertex -0.607762 4.61642 10
    endloop
  endfacet
  facet normal 0.142463 -0.716234 0.683164
    outer loop
      vertex -0.599999 4.55745 9.93656
      vertex -1.17907 4.50278 10
      vertex -0.599999 3.52041 8.84932
    endloop
  endfacet
  facet normal -0.322995 0.654956 0.68316
    outer loop
      vertex 1.24372 -3.00261 8.5
      vertex 1.8057 -4.29006 10
      vertex 1.625 -2.81458 8.5
    endloop
  endfacet
  facet normal -0.322953 0.654976 0.683161
    outer loop
      vertex 1.8057 -4.29006 10
      vertex 1.24372 -3.00261 8.5
      vertex 1.78187 -4.30181 10
    endloop
  endfacet
  facet normal 0.716245 0.142469 0.683151
    outer loop
      vertex -3.52041 -0.599999 8.84932
      vertex -3.13926 -0.841162 8.5
      vertex -3.18723 -0.599999 8.5
    endloop
  endfacet
  facet normal 0.716172 0.14263 0.683195
    outer loop
      vertex -4.49759 -1.20513 10
      vertex -3.52041 -0.599999 8.84932
      vertex -4.50278 -1.17907 10
    endloop
  endfacet
  facet normal 0.716241 0.142451 0.683159
    outer loop
      vertex -3.52041 -0.599999 8.84932
      vertex -4.49759 -1.20513 10
      vertex -3.13926 -0.841162 8.5
    endloop
  endfacet
  facet normal 0.728762 -0.0469382 0.683157
    outer loop
      vertex -4.55745 0.599999 9.93656
      vertex -4.61642 0.607762 10
      vertex -4.61692 0.599999 10
    endloop
  endfacet
  facet normal 0.322995 0.654956 0.68316
    outer loop
      vertex -1.8057 -4.29006 10
      vertex -1.24372 -3.00261 8.5
      vertex -1.625 -2.81458 8.5
    endloop
  endfacet
  facet normal 0.322953 0.654976 0.683161
    outer loop
      vertex -1.24372 -3.00261 8.5
      vertex -1.8057 -4.29006 10
      vertex -1.78187 -4.30181 10
    endloop
  endfacet
  facet normal -0.728762 0.0469382 0.683157
    outer loop
      vertex 4.61642 -0.607762 10
      vertex 4.61692 -0.599999 10
      vertex 4.55745 -0.599999 9.93656
    endloop
  endfacet
  facet normal -0.405713 0.607196 0.683162
    outer loop
      vertex 1.625 -2.81458 8.5
      vertex 2.35022 -4.01767 10
      vertex 1.97847 -2.5784 8.5
    endloop
  endfacet
  facet normal -0.405713 0.607196 0.683162
    outer loop
      vertex 2.35022 -4.01767 10
      vertex 1.625 -2.81458 8.5
      vertex 2.32813 -4.03243 10
    endloop
  endfacet
  facet normal -0.549213 -0.481318 0.683153
    outer loop
      vertex 2.2981 2.2981 8.5
      vertex 3.30998 3.27249 10
      vertex 3.29247 3.29247 10
    endloop
  endfacet
  facet normal -0.549053 -0.481493 0.683158
    outer loop
      vertex 3.30998 3.27249 10
      vertex 2.2981 2.2981 8.5
      vertex 2.5784 1.97847 8.5
    endloop
  endfacet
  facet normal -0.691512 0.234742 0.683159
    outer loop
      vertex 4.30181 -1.78187 10
      vertex 4.48905 -1.23029 10
      vertex 3.00261 -1.24372 8.5
    endloop
  endfacet
  facet normal 0.481498 0.549046 0.68316
    outer loop
      vertex -2.83454 -3.69405 10
      vertex -1.97847 -2.5784 8.5
      vertex -3.27249 -3.30998 10
    endloop
  endfacet
  facet normal 0.405713 0.607196 0.683162
    outer loop
      vertex -2.35022 -4.01767 10
      vertex -1.625 -2.81458 8.5
      vertex -1.97847 -2.5784 8.5
    endloop
  endfacet
  facet normal 0.405713 0.607196 0.683162
    outer loop
      vertex -1.625 -2.81458 8.5
      vertex -2.35022 -4.01767 10
      vertex -2.32813 -4.03243 10
    endloop
  endfacet
  facet normal 0.607196 0.405713 0.683162
    outer loop
      vertex -2.81458 -1.625 8.5
      vertex -4.01767 -2.35022 10
      vertex -2.5784 -1.97847 8.5
    endloop
  endfacet
  facet normal 0.607196 0.405713 0.683162
    outer loop
      vertex -4.01767 -2.35022 10
      vertex -2.81458 -1.625 8.5
      vertex -4.03243 -2.32813 10
    endloop
  endfacet
  facet normal 0.607196 -0.405713 0.683162
    outer loop
      vertex -4.01767 2.35022 10
      vertex -2.81458 1.625 8.5
      vertex -2.5784 1.97847 8.5
    endloop
  endfacet
  facet normal 0.607196 -0.405713 0.683162
    outer loop
      vertex -2.81458 1.625 8.5
      vertex -4.01767 2.35022 10
      vertex -4.03243 2.32813 10
    endloop
  endfacet
  facet normal 0.691516 -0.23472 0.683163
    outer loop
      vertex -4.49759 1.20513 10
      vertex -3.00261 1.24372 8.5
      vertex -4.48905 1.23029 10
    endloop
  endfacet
  facet normal 0.691513 -0.234737 0.68316
    outer loop
      vertex -3.00261 1.24372 8.5
      vertex -4.49759 1.20513 10
      vertex -3.13926 0.841162 8.5
    endloop
  endfacet
  facet normal 0.607192 0.405722 0.68316
    outer loop
      vertex -3.69405 -2.83454 10
      vertex -2.5784 -1.97847 8.5
      vertex -4.01767 -2.35022 10
    endloop
  endfacet
  facet normal 0.549213 -0.481318 0.683153
    outer loop
      vertex -3.30998 3.27249 10
      vertex -2.2981 2.2981 8.5
      vertex -3.29247 3.29247 10
    endloop
  endfacet
  facet normal 0.549053 -0.481493 0.683158
    outer loop
      vertex -2.2981 2.2981 8.5
      vertex -3.30998 3.27249 10
      vertex -2.5784 1.97847 8.5
    endloop
  endfacet
  facet normal 0.654956 0.322995 0.68316
    outer loop
      vertex -3.00261 -1.24372 8.5
      vertex -4.29006 -1.8057 10
      vertex -2.81458 -1.625 8.5
    endloop
  endfacet
  facet normal 0.654976 0.322953 0.683161
    outer loop
      vertex -4.29006 -1.8057 10
      vertex -3.00261 -1.24372 8.5
      vertex -4.30181 -1.78187 10
    endloop
  endfacet
  facet normal 0.691512 -0.234742 0.683159
    outer loop
      vertex -3.00261 1.24372 8.5
      vertex -4.30181 1.78187 10
      vertex -4.48905 1.23029 10
    endloop
  endfacet
  facet normal -0.322985 0.654959 0.683161
    outer loop
      vertex 1.8057 -4.29006 10
      vertex 2.32813 -4.03243 10
      vertex 1.625 -2.81458 8.5
    endloop
  endfacet
  facet normal 0.234742 -0.691512 0.683159
    outer loop
      vertex -1.24372 3.00261 8.5
      vertex -1.23029 4.48905 10
      vertex -1.78187 4.30181 10
    endloop
  endfacet
  facet normal -0.691513 0.234737 0.68316
    outer loop
      vertex 3.00261 -1.24372 8.5
      vertex 4.49759 -1.20513 10
      vertex 3.13926 -0.841162 8.5
    endloop
  endfacet
  facet normal -0.691516 0.23472 0.683163
    outer loop
      vertex 4.49759 -1.20513 10
      vertex 3.00261 -1.24372 8.5
      vertex 4.48905 -1.23029 10
    endloop
  endfacet
  facet normal 0.0469382 0.728762 0.683157
    outer loop
      vertex -0.599999 -4.61692 10
      vertex -0.599999 -4.55745 9.93656
      vertex -0.607762 -4.61642 10
    endloop
  endfacet
  facet normal 0.716215 -0.142464 0.683184
    outer loop
      vertex -4.55745 0.599999 9.93656
      vertex -4.50278 1.17907 10
      vertex -4.61642 0.607762 10
    endloop
  endfacet
  facet normal 0.716234 -0.142463 0.683164
    outer loop
      vertex -4.50278 1.17907 10
      vertex -4.55745 0.599999 9.93656
      vertex -3.52041 0.599999 8.84932
    endloop
  endfacet
  facet normal -0.691516 -0.23472 0.683163
    outer loop
      vertex 3.00261 1.24372 8.5
      vertex 4.49759 1.20513 10
      vertex 4.48905 1.23029 10
    endloop
  endfacet
  facet normal -0.691513 -0.234737 0.68316
    outer loop
      vertex 4.49759 1.20513 10
      vertex 3.00261 1.24372 8.5
      vertex 3.13926 0.841162 8.5
    endloop
  endfacet
  facet normal -0.142464 0.716215 0.683184
    outer loop
      vertex 1.17907 -4.50278 10
      vertex 0.599999 -4.55745 9.93656
      vertex 0.607762 -4.61642 10
    endloop
  endfacet
  facet normal -0.142463 0.716234 0.683164
    outer loop
      vertex 0.599999 -4.55745 9.93656
      vertex 1.17907 -4.50278 10
      vertex 0.599999 -3.52041 8.84932
    endloop
  endfacet
  facet normal -0.607192 -0.405722 0.68316
    outer loop
      vertex 4.01767 2.35022 10
      vertex 3.69405 2.83454 10
      vertex 2.5784 1.97847 8.5
    endloop
  endfacet
  facet normal 0.549053 0.481493 0.683158
    outer loop
      vertex -3.30998 -3.27249 10
      vertex -2.2981 -2.2981 8.5
      vertex -2.5784 -1.97847 8.5
    endloop
  endfacet
  facet normal 0.549213 0.481318 0.683153
    outer loop
      vertex -2.2981 -2.2981 8.5
      vertex -3.30998 -3.27249 10
      vertex -3.29247 -3.29247 10
    endloop
  endfacet
  facet normal 0.654959 0.322985 0.683161
    outer loop
      vertex -4.03243 -2.32813 10
      vertex -2.81458 -1.625 8.5
      vertex -4.29006 -1.8057 10
    endloop
  endfacet
  facet normal -0.654976 0.322953 0.683161
    outer loop
      vertex 3.00261 -1.24372 8.5
      vertex 4.29006 -1.8057 10
      vertex 4.30181 -1.78187 10
    endloop
  endfacet
  facet normal -0.654956 0.322995 0.68316
    outer loop
      vertex 4.29006 -1.8057 10
      vertex 3.00261 -1.24372 8.5
      vertex 2.81458 -1.625 8.5
    endloop
  endfacet
  facet normal -0.14263 0.716172 0.683195
    outer loop
      vertex 1.20513 -4.49759 10
      vertex 0.599999 -3.52041 8.84932
      vertex 1.17907 -4.50278 10
    endloop
  endfacet
  facet normal -0.142451 0.716241 0.683159
    outer loop
      vertex 0.841162 -3.13926 8.5
      vertex 0.599999 -3.52041 8.84932
      vertex 1.20513 -4.49759 10
    endloop
  endfacet
  facet normal -0.142469 0.716245 0.683151
    outer loop
      vertex 0.599999 -3.52041 8.84932
      vertex 0.841162 -3.13926 8.5
      vertex 0.599999 -3.18723 8.5
    endloop
  endfacet
  facet normal -0.234742 -0.691512 0.683159
    outer loop
      vertex 1.24372 3.00261 8.5
      vertex 1.78187 4.30181 10
      vertex 1.23029 4.48905 10
    endloop
  endfacet
  facet normal -0.716234 -0.142463 0.683164
    outer loop
      vertex 4.55745 0.599999 9.93656
      vertex 4.50278 1.17907 10
      vertex 3.52041 0.599999 8.84932
    endloop
  endfacet
  facet normal -0.716215 -0.142464 0.683184
    outer loop
      vertex 4.50278 1.17907 10
      vertex 4.55745 0.599999 9.93656
      vertex 4.61642 0.607762 10
    endloop
  endfacet
  facet normal -0.549053 0.481493 0.683158
    outer loop
      vertex 2.2981 -2.2981 8.5
      vertex 3.30998 -3.27249 10
      vertex 2.5784 -1.97847 8.5
    endloop
  endfacet
  facet normal -0.549213 0.481318 0.683153
    outer loop
      vertex 3.30998 -3.27249 10
      vertex 2.2981 -2.2981 8.5
      vertex 3.29247 -3.29247 10
    endloop
  endfacet
  facet normal -0.23472 0.691516 0.683163
    outer loop
      vertex 1.24372 -3.00261 8.5
      vertex 1.20513 -4.49759 10
      vertex 1.23029 -4.48905 10
    endloop
  endfacet
  facet normal -0.234737 0.691513 0.68316
    outer loop
      vertex 1.20513 -4.49759 10
      vertex 1.24372 -3.00261 8.5
      vertex 0.841162 -3.13926 8.5
    endloop
  endfacet
  facet normal -0.607196 -0.405713 0.683162
    outer loop
      vertex 4.01767 2.35022 10
      vertex 2.81458 1.625 8.5
      vertex 4.03243 2.32813 10
    endloop
  endfacet
  facet normal -0.607196 -0.405713 0.683162
    outer loop
      vertex 2.81458 1.625 8.5
      vertex 4.01767 2.35022 10
      vertex 2.5784 1.97847 8.5
    endloop
  endfacet
  facet normal -0.716245 0.142469 0.683151
    outer loop
      vertex 3.13926 -0.841162 8.5
      vertex 3.52041 -0.599999 8.84932
      vertex 3.18723 -0.599999 8.5
    endloop
  endfacet
  facet normal -0.716241 0.142451 0.683159
    outer loop
      vertex 4.49759 -1.20513 10
      vertex 3.52041 -0.599999 8.84932
      vertex 3.13926 -0.841162 8.5
    endloop
  endfacet
  facet normal -0.716172 0.14263 0.683195
    outer loop
      vertex 3.52041 -0.599999 8.84932
      vertex 4.49759 -1.20513 10
      vertex 4.50278 -1.17907 10
    endloop
  endfacet
  facet normal -0.549046 0.481498 0.68316
    outer loop
      vertex 3.30998 -3.27249 10
      vertex 3.69405 -2.83454 10
      vertex 2.5784 -1.97847 8.5
    endloop
  endfacet
  facet normal 0.691516 0.23472 0.683163
    outer loop
      vertex -3.00261 -1.24372 8.5
      vertex -4.49759 -1.20513 10
      vertex -4.48905 -1.23029 10
    endloop
  endfacet
  facet normal 0.691513 0.234737 0.68316
    outer loop
      vertex -4.49759 -1.20513 10
      vertex -3.00261 -1.24372 8.5
      vertex -3.13926 -0.841162 8.5
    endloop
  endfacet
  facet normal -0.654959 -0.322985 0.683161
    outer loop
      vertex 4.29006 1.8057 10
      vertex 4.03243 2.32813 10
      vertex 2.81458 1.625 8.5
    endloop
  endfacet
  facet normal 0.691512 0.234742 0.683159
    outer loop
      vertex -4.30181 -1.78187 10
      vertex -3.00261 -1.24372 8.5
      vertex -4.48905 -1.23029 10
    endloop
  endfacet
  facet normal -0.481498 -0.549046 0.68316
    outer loop
      vertex 3.27249 3.30998 10
      vertex 2.83454 3.69405 10
      vertex 1.97847 2.5784 8.5
    endloop
  endfacet
  facet normal -0.234737 -0.691513 0.68316
    outer loop
      vertex 1.24372 3.00261 8.5
      vertex 1.20513 4.49759 10
      vertex 0.841162 3.13926 8.5
    endloop
  endfacet
  facet normal -0.23472 -0.691516 0.683163
    outer loop
      vertex 1.20513 4.49759 10
      vertex 1.24372 3.00261 8.5
      vertex 1.23029 4.48905 10
    endloop
  endfacet
  facet normal 0.728762 0.0469382 0.683157
    outer loop
      vertex -4.61642 -0.607762 10
      vertex -4.55745 -0.599999 9.93656
      vertex -4.61692 -0.599999 10
    endloop
  endfacet
  facet normal -0.0469382 -0.728762 0.683157
    outer loop
      vertex 0.607762 4.61642 10
      vertex 0.599999 4.61692 10
      vertex 0.599999 4.55745 9.93656
    endloop
  endfacet
  facet normal 0.23472 -0.691516 0.683163
    outer loop
      vertex -1.24372 3.00261 8.5
      vertex -1.20513 4.49759 10
      vertex -1.23029 4.48905 10
    endloop
  endfacet
  facet normal 0.234737 -0.691513 0.68316
    outer loop
      vertex -1.20513 4.49759 10
      vertex -1.24372 3.00261 8.5
      vertex -0.841162 3.13926 8.5
    endloop
  endfacet
  facet normal -0.549046 -0.481498 0.68316
    outer loop
      vertex 3.69405 2.83454 10
      vertex 3.30998 3.27249 10
      vertex 2.5784 1.97847 8.5
    endloop
  endfacet
  facet normal 0.654956 -0.322995 0.68316
    outer loop
      vertex -4.29006 1.8057 10
      vertex -3.00261 1.24372 8.5
      vertex -2.81458 1.625 8.5
    endloop
  endfacet
  facet normal 0.654976 -0.322953 0.683161
    outer loop
      vertex -3.00261 1.24372 8.5
      vertex -4.29006 1.8057 10
      vertex -4.30181 1.78187 10
    endloop
  endfacet
  facet normal 0.142464 0.716215 0.683184
    outer loop
      vertex -0.599999 -4.55745 9.93656
      vertex -1.17907 -4.50278 10
      vertex -0.607762 -4.61642 10
    endloop
  endfacet
  facet normal 0.142463 0.716234 0.683164
    outer loop
      vertex -1.17907 -4.50278 10
      vertex -0.599999 -4.55745 9.93656
      vertex -0.599999 -3.52041 8.84932
    endloop
  endfacet
  facet normal 0.0469382 -0.728762 0.683157
    outer loop
      vertex -0.599999 4.55745 9.93656
      vertex -0.599999 4.61692 10
      vertex -0.607762 4.61642 10
    endloop
  endfacet
  facet normal 0.405713 -0.607196 0.683162
    outer loop
      vertex -2.35022 4.01767 10
      vertex -1.625 2.81458 8.5
      vertex -2.32813 4.03243 10
    endloop
  endfacet
  facet normal 0.405713 -0.607196 0.683162
    outer loop
      vertex -1.625 2.81458 8.5
      vertex -2.35022 4.01767 10
      vertex -1.97847 2.5784 8.5
    endloop
  endfacet
  facet normal 0.322985 -0.654959 0.683161
    outer loop
      vertex -1.625 2.81458 8.5
      vertex -1.8057 4.29006 10
      vertex -2.32813 4.03243 10
    endloop
  endfacet
  facet normal -0.716241 -0.142451 0.683159
    outer loop
      vertex 3.52041 0.599999 8.84932
      vertex 4.49759 1.20513 10
      vertex 3.13926 0.841162 8.5
    endloop
  endfacet
  facet normal -0.716245 -0.142469 0.683151
    outer loop
      vertex 3.52041 0.599999 8.84932
      vertex 3.13926 0.841162 8.5
      vertex 3.18723 0.599999 8.5
    endloop
  endfacet
  facet normal -0.716172 -0.14263 0.683195
    outer loop
      vertex 4.49759 1.20513 10
      vertex 3.52041 0.599999 8.84932
      vertex 4.50278 1.17907 10
    endloop
  endfacet
  facet normal -0.654959 0.322985 0.683161
    outer loop
      vertex 4.03243 -2.32813 10
      vertex 4.29006 -1.8057 10
      vertex 2.81458 -1.625 8.5
    endloop
  endfacet
  facet normal -0.481318 0.549213 0.683153
    outer loop
      vertex 2.2981 -2.2981 8.5
      vertex 3.27249 -3.30998 10
      vertex 3.29247 -3.29247 10
    endloop
  endfacet
  facet normal -0.481493 0.549053 0.683158
    outer loop
      vertex 3.27249 -3.30998 10
      vertex 2.2981 -2.2981 8.5
      vertex 1.97847 -2.5784 8.5
    endloop
  endfacet
  facet normal -0.405722 0.607192 0.68316
    outer loop
      vertex 2.35022 -4.01767 10
      vertex 2.83454 -3.69405 10
      vertex 1.97847 -2.5784 8.5
    endloop
  endfacet
  facet normal -0.654976 -0.322953 0.683161
    outer loop
      vertex 4.29006 1.8057 10
      vertex 3.00261 1.24372 8.5
      vertex 4.30181 1.78187 10
    endloop
  endfacet
  facet normal -0.654956 -0.322995 0.68316
    outer loop
      vertex 3.00261 1.24372 8.5
      vertex 4.29006 1.8057 10
      vertex 2.81458 1.625 8.5
    endloop
  endfacet
  facet normal -0.322953 -0.654976 0.683161
    outer loop
      vertex 1.24372 3.00261 8.5
      vertex 1.8057 4.29006 10
      vertex 1.78187 4.30181 10
    endloop
  endfacet
  facet normal -0.322995 -0.654956 0.68316
    outer loop
      vertex 1.8057 4.29006 10
      vertex 1.24372 3.00261 8.5
      vertex 1.625 2.81458 8.5
    endloop
  endfacet
  facet normal 0.322953 -0.654976 0.683161
    outer loop
      vertex -1.8057 4.29006 10
      vertex -1.24372 3.00261 8.5
      vertex -1.78187 4.30181 10
    endloop
  endfacet
  facet normal 0.322995 -0.654956 0.68316
    outer loop
      vertex -1.24372 3.00261 8.5
      vertex -1.8057 4.29006 10
      vertex -1.625 2.81458 8.5
    endloop
  endfacet
  facet normal 0.14263 -0.716172 0.683195
    outer loop
      vertex -1.20513 4.49759 10
      vertex -0.599999 3.52041 8.84932
      vertex -1.17907 4.50278 10
    endloop
  endfacet
  facet normal 0.142451 -0.716241 0.683159
    outer loop
      vertex -0.841162 3.13926 8.5
      vertex -0.599999 3.52041 8.84932
      vertex -1.20513 4.49759 10
    endloop
  endfacet
  facet normal 0.142469 -0.716245 0.683151
    outer loop
      vertex -0.599999 3.52041 8.84932
      vertex -0.841162 3.13926 8.5
      vertex -0.599999 3.18723 8.5
    endloop
  endfacet
  facet normal 0.234742 0.691512 0.683159
    outer loop
      vertex -1.23029 -4.48905 10
      vertex -1.24372 -3.00261 8.5
      vertex -1.78187 -4.30181 10
    endloop
  endfacet
  facet normal -0.14263 -0.716172 0.683195
    outer loop
      vertex 0.599999 3.52041 8.84932
      vertex 1.20513 4.49759 10
      vertex 1.17907 4.50278 10
    endloop
  endfacet
  facet normal -0.142469 -0.716245 0.683151
    outer loop
      vertex 0.841162 3.13926 8.5
      vertex 0.599999 3.52041 8.84932
      vertex 0.599999 3.18723 8.5
    endloop
  endfacet
  facet normal -0.142451 -0.716241 0.683159
    outer loop
      vertex 0.599999 3.52041 8.84932
      vertex 0.841162 3.13926 8.5
      vertex 1.20513 4.49759 10
    endloop
  endfacet
  facet normal 0.405722 -0.607192 0.68316
    outer loop
      vertex -1.97847 2.5784 8.5
      vertex -2.35022 4.01767 10
      vertex -2.83454 3.69405 10
    endloop
  endfacet
  facet normal 0.481498 -0.549046 0.68316
    outer loop
      vertex -1.97847 2.5784 8.5
      vertex -2.83454 3.69405 10
      vertex -3.27249 3.30998 10
    endloop
  endfacet
  facet normal 0.481493 -0.549053 0.683158
    outer loop
      vertex -3.27249 3.30998 10
      vertex -2.2981 2.2981 8.5
      vertex -1.97847 2.5784 8.5
    endloop
  endfacet
  facet normal 0.481318 -0.549213 0.683153
    outer loop
      vertex -2.2981 2.2981 8.5
      vertex -3.27249 3.30998 10
      vertex -3.29247 3.29247 10
    endloop
  endfacet
  facet normal -0.322985 -0.654959 0.683161
    outer loop
      vertex 2.32813 4.03243 10
      vertex 1.8057 4.29006 10
      vertex 1.625 2.81458 8.5
    endloop
  endfacet
  facet normal -0.405722 -0.607192 0.68316
    outer loop
      vertex 2.83454 3.69405 10
      vertex 2.35022 4.01767 10
      vertex 1.97847 2.5784 8.5
    endloop
  endfacet
  facet normal -0.481318 -0.549213 0.683153
    outer loop
      vertex 3.27249 3.30998 10
      vertex 2.2981 2.2981 8.5
      vertex 3.29247 3.29247 10
    endloop
  endfacet
  facet normal -0.481493 -0.549053 0.683158
    outer loop
      vertex 2.2981 2.2981 8.5
      vertex 3.27249 3.30998 10
      vertex 1.97847 2.5784 8.5
    endloop
  endfacet
  facet normal 0.14263 0.716172 0.683195
    outer loop
      vertex -0.599999 -3.52041 8.84932
      vertex -1.20513 -4.49759 10
      vertex -1.17907 -4.50278 10
    endloop
  endfacet
  facet normal 0.142469 0.716245 0.683151
    outer loop
      vertex -0.841162 -3.13926 8.5
      vertex -0.599999 -3.52041 8.84932
      vertex -0.599999 -3.18723 8.5
    endloop
  endfacet
  facet normal 0.142451 0.716241 0.683159
    outer loop
      vertex -0.599999 -3.52041 8.84932
      vertex -0.841162 -3.13926 8.5
      vertex -1.20513 -4.49759 10
    endloop
  endfacet
  facet normal 0.234737 0.691513 0.68316
    outer loop
      vertex -1.24372 -3.00261 8.5
      vertex -1.20513 -4.49759 10
      vertex -0.841162 -3.13926 8.5
    endloop
  endfacet
  facet normal 0.23472 0.691516 0.683163
    outer loop
      vertex -1.20513 -4.49759 10
      vertex -1.24372 -3.00261 8.5
      vertex -1.23029 -4.48905 10
    endloop
  endfacet
  facet normal -0.405713 -0.607196 0.683162
    outer loop
      vertex 1.625 2.81458 8.5
      vertex 2.35022 4.01767 10
      vertex 2.32813 4.03243 10
    endloop
  endfacet
  facet normal -0.405713 -0.607196 0.683162
    outer loop
      vertex 2.35022 4.01767 10
      vertex 1.625 2.81458 8.5
      vertex 1.97847 2.5784 8.5
    endloop
  endfacet
endsolid OpenSCAD_Model
