solid OpenSCAD_Model
  facet normal 1 -0 0
    outer loop
      vertex 36 0 3
      vertex 36 20 0
      vertex 36 20 3
    endloop
  endfacet
  facet normal 1 0 0
    outer loop
      vertex 36 20 0
      vertex 36 0 3
      vertex 36 0 0
    endloop
  endfacet
  facet normal -0 0 1
    outer loop
      vertex 0 20 3
      vertex 3.5 0 3
      vertex 3.5 20 3
    endloop
  endfacet
  facet normal 0 0 1
    outer loop
      vertex 3.5 0 3
      vertex 0 20 3
      vertex 0 0 3
    endloop
  endfacet
  facet normal -0 0 1
    outer loop
      vertex 32.5 20 3
      vertex 36 0 3
      vertex 36 20 3
    endloop
  endfacet
  facet normal 0 0 1
    outer loop
      vertex 36 0 3
      vertex 32.5 20 3
      vertex 32.5 0 3
    endloop
  endfacet
  facet normal -0 0 1
    outer loop
      vertex 19.6918 -2.16663 3
      vertex 22.9759 -2.49009 3
      vertex 23 -2 3
    endloop
  endfacet
  facet normal 0 0 1
    outer loop
      vertex 22.9759 -2.49009 3
      vertex 19.6918 -2.16663 3
      vertex 22.9039 -2.97545 3
    endloop
  endfacet
  facet normal 0 0 1
    outer loop
      vertex 22.9039 -2.97545 3
      vertex 19.6673 -2.33165 3
      vertex 22.7847 -3.45142 3
    endloop
  endfacet
  facet normal -0 0 1
    outer loop
      vertex 19.6268 -2.49348 3
      vertex 22.7847 -3.45142 3
      vertex 19.6673 -2.33165 3
    endloop
  endfacet
  facet normal -0 0 1
    outer loop
      vertex 19.5706 -2.65056 3
      vertex 22.6194 -3.91342 3
      vertex 19.6268 -2.49348 3
    endloop
  endfacet
  facet normal 0 0 1
    outer loop
      vertex 22.6194 -3.91342 3
      vertex 19.5706 -2.65056 3
      vertex 22.4096 -4.35698 3
    endloop
  endfacet
  facet normal 0 0 1
    outer loop
      vertex 22.4096 -4.35698 3
      vertex 19.4993 -2.80137 3
      vertex 22.1573 -4.77785 3
    endloop
  endfacet
  facet normal -0 0 1
    outer loop
      vertex 19.4135 -2.94447 3
      vertex 22.1573 -4.77785 3
      vertex 19.4993 -2.80137 3
    endloop
  endfacet
  facet normal -0 0 1
    outer loop
      vertex 19.3141 -3.07847 3
      vertex 21.8651 -5.17197 3
      vertex 19.4135 -2.94447 3
    endloop
  endfacet
  facet normal 0 0 1
    outer loop
      vertex 21.8651 -5.17197 3
      vertex 19.3141 -3.07847 3
      vertex 21.5355 -5.53553 3
    endloop
  endfacet
  facet normal 0 0 1
    outer loop
      vertex 21.5355 -5.53553 3
      vertex 19.2021 -3.20208 3
      vertex 21.172 -5.86505 3
    endloop
  endfacet
  facet normal 0 0 1
    outer loop
      vertex 19.6918 -2.16663 3
      vertex 23 -2 3
      vertex 19.7 -2 3
    endloop
  endfacet
  facet normal 0 0 1
    outer loop
      vertex 22.9039 -2.97545 3
      vertex 19.6918 -2.16663 3
      vertex 19.6673 -2.33165 3
    endloop
  endfacet
  facet normal 0 0 1
    outer loop
      vertex 22.7847 -3.45142 3
      vertex 19.6268 -2.49348 3
      vertex 22.6194 -3.91342 3
    endloop
  endfacet
  facet normal -0 0 1
    outer loop
      vertex 19.4993 -2.80137 3
      vertex 22.4096 -4.35698 3
      vertex 19.5706 -2.65056 3
    endloop
  endfacet
  facet normal 0 0 1
    outer loop
      vertex 22.1573 -4.77785 3
      vertex 19.4135 -2.94447 3
      vertex 21.8651 -5.17197 3
    endloop
  endfacet
  facet normal -0 0 1
    outer loop
      vertex 19.2021 -3.20208 3
      vertex 21.5355 -5.53553 3
      vertex 19.3141 -3.07847 3
    endloop
  endfacet
  facet normal -0 0 1
    outer loop
      vertex 19.0785 -3.31412 3
      vertex 21.172 -5.86505 3
      vertex 19.2021 -3.20208 3
    endloop
  endfacet
  facet normal 0 0 1
    outer loop
      vertex 21.172 -5.86505 3
      vertex 19.0785 -3.31412 3
      vertex 20.7779 -6.15735 3
    endloop
  endfacet
  facet normal -0 0 1
    outer loop
      vertex 18.9445 -3.4135 3
      vertex 20.7779 -6.15735 3
      vertex 19.0785 -3.31412 3
    endloop
  endfacet
  facet normal 0 0 1
    outer loop
      vertex 20.7779 -6.15735 3
      vertex 18.9445 -3.4135 3
      vertex 20.357 -6.40961 3
    endloop
  endfacet
  facet normal -0 0 1
    outer loop
      vertex 18.8014 -3.49927 3
      vertex 20.357 -6.40961 3
      vertex 18.9445 -3.4135 3
    endloop
  endfacet
  facet normal 0 0 1
    outer loop
      vertex 20.357 -6.40961 3
      vertex 18.8014 -3.49927 3
      vertex 19.9134 -6.6194 3
    endloop
  endfacet
  facet normal -0 0 1
    outer loop
      vertex 18.6506 -3.57059 3
      vertex 19.9134 -6.6194 3
      vertex 18.8014 -3.49927 3
    endloop
  endfacet
  facet normal 0 0 1
    outer loop
      vertex 19.9134 -6.6194 3
      vertex 18.6506 -3.57059 3
      vertex 19.4514 -6.7847 3
    endloop
  endfacet
  facet normal -0 0 1
    outer loop
      vertex 18.4935 -3.6268 3
      vertex 19.4514 -6.7847 3
      vertex 18.6506 -3.57059 3
    endloop
  endfacet
  facet normal 0 0 1
    outer loop
      vertex 19.4514 -6.7847 3
      vertex 18.4935 -3.6268 3
      vertex 18.9755 -6.90393 3
    endloop
  endfacet
  facet normal -0 0 1
    outer loop
      vertex 18.3317 -3.66733 3
      vertex 18.9755 -6.90393 3
      vertex 18.4935 -3.6268 3
    endloop
  endfacet
  facet normal 0 0 1
    outer loop
      vertex 18.9755 -6.90393 3
      vertex 18.3317 -3.66733 3
      vertex 18.4901 -6.97592 3
    endloop
  endfacet
  facet normal -0 0 1
    outer loop
      vertex 18.1666 -3.69181 3
      vertex 18.4901 -6.97592 3
      vertex 18.3317 -3.66733 3
    endloop
  endfacet
  facet normal -0 0 1
    outer loop
      vertex 18 -3.7 3
      vertex 18.4901 -6.97592 3
      vertex 18.1666 -3.69181 3
    endloop
  endfacet
  facet normal 0 0 1
    outer loop
      vertex 18 -3.7 3
      vertex 18 -7 3
      vertex 18.4901 -6.97592 3
    endloop
  endfacet
  facet normal 0 0 1
    outer loop
      vertex 17.8334 -3.69181 3
      vertex 18 -7 3
      vertex 18 -3.7 3
    endloop
  endfacet
  facet normal 0 0 1
    outer loop
      vertex 17.5099 -6.97592 3
      vertex 17.8334 -3.69181 3
      vertex 17.6683 -3.66733 3
    endloop
  endfacet
  facet normal 0 0 1
    outer loop
      vertex 17.8334 -3.69181 3
      vertex 17.5099 -6.97592 3
      vertex 18 -7 3
    endloop
  endfacet
  facet normal 0 0 1
    outer loop
      vertex 17.0245 -6.90393 3
      vertex 17.6683 -3.66733 3
      vertex 17.5065 -3.6268 3
    endloop
  endfacet
  facet normal 0 0 1
    outer loop
      vertex 16.5486 -6.7847 3
      vertex 17.5065 -3.6268 3
      vertex 17.3494 -3.57059 3
    endloop
  endfacet
  facet normal 0 0 1
    outer loop
      vertex 16.0866 -6.6194 3
      vertex 17.3494 -3.57059 3
      vertex 17.1986 -3.49927 3
    endloop
  endfacet
  facet normal 0 0 1
    outer loop
      vertex 15.643 -6.40961 3
      vertex 17.1986 -3.49927 3
      vertex 17.0555 -3.4135 3
    endloop
  endfacet
  facet normal 0 0 1
    outer loop
      vertex 17.6683 -3.66733 3
      vertex 17.0245 -6.90393 3
      vertex 17.5099 -6.97592 3
    endloop
  endfacet
  facet normal 0 0 1
    outer loop
      vertex 15.2221 -6.15735 3
      vertex 17.0555 -3.4135 3
      vertex 16.9215 -3.31412 3
    endloop
  endfacet
  facet normal 0 0 1
    outer loop
      vertex 14.828 -5.86505 3
      vertex 16.9215 -3.31412 3
      vertex 16.7979 -3.20208 3
    endloop
  endfacet
  facet normal 0 0 1
    outer loop
      vertex 14.4645 -5.53553 3
      vertex 16.7979 -3.20208 3
      vertex 16.6859 -3.07847 3
    endloop
  endfacet
  facet normal 0 0 1
    outer loop
      vertex 14.1349 -5.17197 3
      vertex 16.6859 -3.07847 3
      vertex 16.5865 -2.94447 3
    endloop
  endfacet
  facet normal 0 0 1
    outer loop
      vertex 17.5065 -3.6268 3
      vertex 16.5486 -6.7847 3
      vertex 17.0245 -6.90393 3
    endloop
  endfacet
  facet normal 0 0 1
    outer loop
      vertex 13.8427 -4.77785 3
      vertex 16.5865 -2.94447 3
      vertex 16.5007 -2.80137 3
    endloop
  endfacet
  facet normal 0 0 1
    outer loop
      vertex 13.5904 -4.35698 3
      vertex 16.5007 -2.80137 3
      vertex 16.4294 -2.65056 3
    endloop
  endfacet
  facet normal 0 0 1
    outer loop
      vertex 13.3806 -3.91342 3
      vertex 16.4294 -2.65056 3
      vertex 16.3732 -2.49348 3
    endloop
  endfacet
  facet normal 0 0 1
    outer loop
      vertex 13.2153 -3.45142 3
      vertex 16.3732 -2.49348 3
      vertex 16.3327 -2.33165 3
    endloop
  endfacet
  facet normal 0 0 1
    outer loop
      vertex 13.0961 -2.97545 3
      vertex 16.3327 -2.33165 3
      vertex 16.3082 -2.16663 3
    endloop
  endfacet
  facet normal 0 0 1
    outer loop
      vertex 17.3494 -3.57059 3
      vertex 16.0866 -6.6194 3
      vertex 16.5486 -6.7847 3
    endloop
  endfacet
  facet normal 0 0 1
    outer loop
      vertex 13.0241 -2.49009 3
      vertex 16.3082 -2.16663 3
      vertex 16.3 -2 3
    endloop
  endfacet
  facet normal 0 0 1
    outer loop
      vertex 17.1986 -3.49927 3
      vertex 15.643 -6.40961 3
      vertex 16.0866 -6.6194 3
    endloop
  endfacet
  facet normal 0 0 1
    outer loop
      vertex 17.0555 -3.4135 3
      vertex 15.2221 -6.15735 3
      vertex 15.643 -6.40961 3
    endloop
  endfacet
  facet normal 0 0 1
    outer loop
      vertex 16.9215 -3.31412 3
      vertex 14.828 -5.86505 3
      vertex 15.2221 -6.15735 3
    endloop
  endfacet
  facet normal 0 0 1
    outer loop
      vertex 16.7979 -3.20208 3
      vertex 14.4645 -5.53553 3
      vertex 14.828 -5.86505 3
    endloop
  endfacet
  facet normal 0 0 1
    outer loop
      vertex 16.6859 -3.07847 3
      vertex 14.1349 -5.17197 3
      vertex 14.4645 -5.53553 3
    endloop
  endfacet
  facet normal 0 0 1
    outer loop
      vertex 16.5865 -2.94447 3
      vertex 13.8427 -4.77785 3
      vertex 14.1349 -5.17197 3
    endloop
  endfacet
  facet normal 0 0 1
    outer loop
      vertex 16.5007 -2.80137 3
      vertex 13.5904 -4.35698 3
      vertex 13.8427 -4.77785 3
    endloop
  endfacet
  facet normal 0 0 1
    outer loop
      vertex 16.4294 -2.65056 3
      vertex 13.3806 -3.91342 3
      vertex 13.5904 -4.35698 3
    endloop
  endfacet
  facet normal 0 0 1
    outer loop
      vertex 16.3732 -2.49348 3
      vertex 13.2153 -3.45142 3
      vertex 13.3806 -3.91342 3
    endloop
  endfacet
  facet normal 0 0 1
    outer loop
      vertex 16.3327 -2.33165 3
      vertex 13.0961 -2.97545 3
      vertex 13.2153 -3.45142 3
    endloop
  endfacet
  facet normal 0 0 1
    outer loop
      vertex 16.3082 -2.16663 3
      vertex 13.0241 -2.49009 3
      vertex 13.0961 -2.97545 3
    endloop
  endfacet
  facet normal 0 -0 1
    outer loop
      vertex 13.0241 -2.49009 3
      vertex 16.3 -2 3
      vertex 13 -2 3
    endloop
  endfacet
  facet normal -0 0 1
    outer loop
      vertex 14.828 25.8651 3
      vertex 15 24.4011 3
      vertex 15.2221 26.1573 3
    endloop
  endfacet
  facet normal -0 0 1
    outer loop
      vertex 14.4645 25.5355 3
      vertex 15 24.4011 3
      vertex 14.828 25.8651 3
    endloop
  endfacet
  facet normal -0 0 1
    outer loop
      vertex 14.1349 25.172 3
      vertex 15 24.4011 3
      vertex 14.4645 25.5355 3
    endloop
  endfacet
  facet normal -0 0 1
    outer loop
      vertex 13.8427 24.7779 3
      vertex 15 24.4011 3
      vertex 14.1349 25.172 3
    endloop
  endfacet
  facet normal 0 0 1
    outer loop
      vertex 15 24.4011 3
      vertex 13.8427 24.7779 3
      vertex 13.6168 24.4011 3
    endloop
  endfacet
  facet normal 0 0 1
    outer loop
      vertex 21 24.4011 3
      vertex 22.1573 24.7779 3
      vertex 21.8651 25.172 3
    endloop
  endfacet
  facet normal 0 0 1
    outer loop
      vertex 21 24.4011 3
      vertex 21.8651 25.172 3
      vertex 21.5355 25.5355 3
    endloop
  endfacet
  facet normal 0 0 1
    outer loop
      vertex 21 24.4011 3
      vertex 21.5355 25.5355 3
      vertex 21.172 25.8651 3
    endloop
  endfacet
  facet normal 0 0 1
    outer loop
      vertex 22.1573 24.7779 3
      vertex 21 24.4011 3
      vertex 22.3832 24.4011 3
    endloop
  endfacet
  facet normal 0 0 1
    outer loop
      vertex 20.7779 26.1573 3
      vertex 21 24.4011 3
      vertex 21.172 25.8651 3
    endloop
  endfacet
  facet normal 0 0 1
    outer loop
      vertex 20.357 26.4096 3
      vertex 21 24.4011 3
      vertex 20.7779 26.1573 3
    endloop
  endfacet
  facet normal 0 0 1
    outer loop
      vertex 19.9134 26.6194 3
      vertex 21 24.4011 3
      vertex 20.357 26.4096 3
    endloop
  endfacet
  facet normal 0 0 1
    outer loop
      vertex 19.4514 26.7847 3
      vertex 21 24.4011 3
      vertex 19.9134 26.6194 3
    endloop
  endfacet
  facet normal 0 0 1
    outer loop
      vertex 18.9755 26.9039 3
      vertex 21 24.4011 3
      vertex 19.4514 26.7847 3
    endloop
  endfacet
  facet normal 0 0 1
    outer loop
      vertex 21 24.4011 3
      vertex 18.9755 26.9039 3
      vertex 21 24.2995 3
    endloop
  endfacet
  facet normal 0 0 1
    outer loop
      vertex 18.4901 26.9759 3
      vertex 21 24.2995 3
      vertex 18.9755 26.9039 3
    endloop
  endfacet
  facet normal 0 0 1
    outer loop
      vertex 18 27 3
      vertex 21 24.2995 3
      vertex 18.4901 26.9759 3
    endloop
  endfacet
  facet normal 0 0 1
    outer loop
      vertex 15 24.2995 3
      vertex 18 27 3
      vertex 17.5099 26.9759 3
    endloop
  endfacet
  facet normal 0 0 1
    outer loop
      vertex 15 24.2995 3
      vertex 17.5099 26.9759 3
      vertex 17.0245 26.9039 3
    endloop
  endfacet
  facet normal 0 0 1
    outer loop
      vertex 15 24.4011 3
      vertex 17.0245 26.9039 3
      vertex 16.5486 26.7847 3
    endloop
  endfacet
  facet normal 0 0 1
    outer loop
      vertex 15 24.4011 3
      vertex 16.5486 26.7847 3
      vertex 16.0866 26.6194 3
    endloop
  endfacet
  facet normal 0 0 1
    outer loop
      vertex 15 24.4011 3
      vertex 16.0866 26.6194 3
      vertex 15.643 26.4096 3
    endloop
  endfacet
  facet normal 0 0 1
    outer loop
      vertex 15 24.4011 3
      vertex 15.643 26.4096 3
      vertex 15.2221 26.1573 3
    endloop
  endfacet
  facet normal 0 0 1
    outer loop
      vertex 17.0245 26.9039 3
      vertex 15 24.4011 3
      vertex 15 24.2995 3
    endloop
  endfacet
  facet normal 0 0 1
    outer loop
      vertex 18 27 3
      vertex 15 24.2995 3
      vertex 21 24.2995 3
    endloop
  endfacet
  facet normal 0 0 1
    outer loop
      vertex 11.3324 9.51754 3
      vertex 16.3082 14.1666 3
      vertex 13.4216 20 3
    endloop
  endfacet
  facet normal 0 0 1
    outer loop
      vertex 16.3082 14.1666 3
      vertex 11.3324 9.51754 3
      vertex 16.3 14 3
    endloop
  endfacet
  facet normal -0 -0 1
    outer loop
      vertex 11.4287 8.85785 3
      vertex 16.3 6 3
      vertex 11.3324 9.51754 3
    endloop
  endfacet
  facet normal 0 0 1
    outer loop
      vertex 16.3 6 3
      vertex 15.436 3.89964 3
      vertex 16.0551 3.67471 3
    endloop
  endfacet
  facet normal 0 0 1
    outer loop
      vertex 13 22 3
      vertex 16.3 22 3
      vertex 16.3082 22.1666 3
    endloop
  endfacet
  facet normal 0 0 1
    outer loop
      vertex 16.3 6 3
      vertex 14.8416 4.18509 3
      vertex 15.436 3.89964 3
    endloop
  endfacet
  facet normal 0 0 1
    outer loop
      vertex 16.3 6 3
      vertex 14.2777 4.52833 3
      vertex 14.8416 4.18509 3
    endloop
  endfacet
  facet normal 0 0 1
    outer loop
      vertex 13.0515 22.6749 3
      vertex 16.3082 22.1666 3
      vertex 16.3327 22.3317 3
    endloop
  endfacet
  facet normal 0 0 1
    outer loop
      vertex 16.3 14 3
      vertex 11.3324 9.51754 3
      vertex 16.3 6 3
    endloop
  endfacet
  facet normal 0 0 1
    outer loop
      vertex 13.0515 22.6749 3
      vertex 16.3327 22.3317 3
      vertex 16.3732 22.4935 3
    endloop
  endfacet
  facet normal 0 0 1
    outer loop
      vertex 13.0515 22.6749 3
      vertex 16.3732 22.4935 3
      vertex 16.4294 22.6506 3
    endloop
  endfacet
  facet normal -0 0 1
    outer loop
      vertex 13.0515 22.6749 3
      vertex 16.4294 22.6506 3
      vertex 16.4409 22.6749 3
    endloop
  endfacet
  facet normal 0 0 1
    outer loop
      vertex 16.3 22 3
      vertex 13.3806 20.0866 3
      vertex 13.4216 20 3
    endloop
  endfacet
  facet normal 0 0 1
    outer loop
      vertex 16.3 22 3
      vertex 13.2153 20.5486 3
      vertex 13.3806 20.0866 3
    endloop
  endfacet
  facet normal 0 0 1
    outer loop
      vertex 16.3 22 3
      vertex 13.0961 21.0245 3
      vertex 13.2153 20.5486 3
    endloop
  endfacet
  facet normal 0 0 1
    outer loop
      vertex 16.3082 22.1666 3
      vertex 13.0515 22.6749 3
      vertex 13.0241 22.4901 3
    endloop
  endfacet
  facet normal 0 0 1
    outer loop
      vertex 16.3082 22.1666 3
      vertex 13.0241 22.4901 3
      vertex 13 22 3
    endloop
  endfacet
  facet normal 0 0 1
    outer loop
      vertex 16.3 22 3
      vertex 13.0241 21.5099 3
      vertex 13.0961 21.0245 3
    endloop
  endfacet
  facet normal 0 0 1
    outer loop
      vertex 16.3 22 3
      vertex 13 22 3
      vertex 13.0241 21.5099 3
    endloop
  endfacet
  facet normal -0 0 1
    outer loop
      vertex 19.6673 13.6683 3
      vertex 24.6676 9.51754 3
      vertex 19.6918 13.8334 3
    endloop
  endfacet
  facet normal 0 0 1
    outer loop
      vertex 24.6676 9.51754 3
      vertex 19.6918 6.16663 3
      vertex 19.7 6 3
    endloop
  endfacet
  facet normal -0 0 1
    outer loop
      vertex 19.6268 13.5065 3
      vertex 24.6676 9.51754 3
      vertex 19.6673 13.6683 3
    endloop
  endfacet
  facet normal 0 0 1
    outer loop
      vertex 24.6676 9.51754 3
      vertex 19.6673 6.33165 3
      vertex 19.6918 6.16663 3
    endloop
  endfacet
  facet normal -0 0 1
    outer loop
      vertex 19.5706 13.3494 3
      vertex 24.6676 9.51754 3
      vertex 19.6268 13.5065 3
    endloop
  endfacet
  facet normal 0 0 1
    outer loop
      vertex 24.6676 9.51754 3
      vertex 19.6268 6.49348 3
      vertex 19.6673 6.33165 3
    endloop
  endfacet
  facet normal -0 0 1
    outer loop
      vertex 19.4993 13.1986 3
      vertex 24.6676 9.51754 3
      vertex 19.5706 13.3494 3
    endloop
  endfacet
  facet normal 0 0 1
    outer loop
      vertex 24.6676 9.51754 3
      vertex 19.5706 6.65056 3
      vertex 19.6268 6.49348 3
    endloop
  endfacet
  facet normal -0 0 1
    outer loop
      vertex 19.4135 13.0555 3
      vertex 24.6676 9.51754 3
      vertex 19.4993 13.1986 3
    endloop
  endfacet
  facet normal 0 0 1
    outer loop
      vertex 24.6676 9.51754 3
      vertex 19.4993 6.80137 3
      vertex 19.5706 6.65056 3
    endloop
  endfacet
  facet normal -0 0 1
    outer loop
      vertex 19.3141 12.9215 3
      vertex 24.6676 9.51754 3
      vertex 19.4135 13.0555 3
    endloop
  endfacet
  facet normal 0 0 1
    outer loop
      vertex 24.6676 9.51754 3
      vertex 19.4135 6.94447 3
      vertex 19.4993 6.80137 3
    endloop
  endfacet
  facet normal -0 0 1
    outer loop
      vertex 19.2021 12.7979 3
      vertex 24.6676 9.51754 3
      vertex 19.3141 12.9215 3
    endloop
  endfacet
  facet normal 0 0 1
    outer loop
      vertex 24.6676 9.51754 3
      vertex 19.3141 7.07847 3
      vertex 19.4135 6.94447 3
    endloop
  endfacet
  facet normal -0 0 1
    outer loop
      vertex 19.0785 12.6859 3
      vertex 24.6676 9.51754 3
      vertex 19.2021 12.7979 3
    endloop
  endfacet
  facet normal 0 0 1
    outer loop
      vertex 24.6676 9.51754 3
      vertex 19.2021 7.20208 3
      vertex 19.3141 7.07847 3
    endloop
  endfacet
  facet normal 0 0 1
    outer loop
      vertex 19.0785 7.31412 3
      vertex 24.6676 9.51754 3
      vertex 19.0785 12.6859 3
    endloop
  endfacet
  facet normal 0 0 1
    outer loop
      vertex 24.6676 9.51754 3
      vertex 19.0785 7.31412 3
      vertex 19.2021 7.20208 3
    endloop
  endfacet
  facet normal -0 0 1
    outer loop
      vertex 18.9445 12.5865 3
      vertex 19.0785 7.31412 3
      vertex 19.0785 12.6859 3
    endloop
  endfacet
  facet normal 0 0 1
    outer loop
      vertex 18.9445 12.5865 3
      vertex 18.9445 7.4135 3
      vertex 19.0785 7.31412 3
    endloop
  endfacet
  facet normal -0 0 1
    outer loop
      vertex 18.8014 12.5007 3
      vertex 18.9445 7.4135 3
      vertex 18.9445 12.5865 3
    endloop
  endfacet
  facet normal 0 0 1
    outer loop
      vertex 18.8014 12.5007 3
      vertex 18.8014 7.49927 3
      vertex 18.9445 7.4135 3
    endloop
  endfacet
  facet normal -0 0 1
    outer loop
      vertex 18.6506 12.4294 3
      vertex 18.8014 7.49927 3
      vertex 18.8014 12.5007 3
    endloop
  endfacet
  facet normal 0 0 1
    outer loop
      vertex 18.6506 12.4294 3
      vertex 18.6506 7.57059 3
      vertex 18.8014 7.49927 3
    endloop
  endfacet
  facet normal -0 0 1
    outer loop
      vertex 18.4935 12.3732 3
      vertex 18.6506 7.57059 3
      vertex 18.6506 12.4294 3
    endloop
  endfacet
  facet normal 0 0 1
    outer loop
      vertex 18.4935 12.3732 3
      vertex 18.4935 7.6268 3
      vertex 18.6506 7.57059 3
    endloop
  endfacet
  facet normal -0 0 1
    outer loop
      vertex 18.3317 12.3327 3
      vertex 18.4935 7.6268 3
      vertex 18.4935 12.3732 3
    endloop
  endfacet
  facet normal 0 0 1
    outer loop
      vertex 18.3317 12.3327 3
      vertex 18.3317 7.66733 3
      vertex 18.4935 7.6268 3
    endloop
  endfacet
  facet normal -0 0 1
    outer loop
      vertex 18.1666 12.3082 3
      vertex 18.3317 7.66733 3
      vertex 18.3317 12.3327 3
    endloop
  endfacet
  facet normal 0 0 1
    outer loop
      vertex 18.1666 12.3082 3
      vertex 18.1666 7.69181 3
      vertex 18.3317 7.66733 3
    endloop
  endfacet
  facet normal -0 0 1
    outer loop
      vertex 18 12.3 3
      vertex 18.1666 7.69181 3
      vertex 18.1666 12.3082 3
    endloop
  endfacet
  facet normal 0 0 1
    outer loop
      vertex 18 12.3 3
      vertex 18 7.7 3
      vertex 18.1666 7.69181 3
    endloop
  endfacet
  facet normal 0 0 1
    outer loop
      vertex 17.8334 12.3082 3
      vertex 18 7.7 3
      vertex 18 12.3 3
    endloop
  endfacet
  facet normal 0 0 1
    outer loop
      vertex 17.8334 12.3082 3
      vertex 17.8334 7.69181 3
      vertex 18 7.7 3
    endloop
  endfacet
  facet normal 0 0 1
    outer loop
      vertex 17.6683 12.3327 3
      vertex 17.8334 7.69181 3
      vertex 17.8334 12.3082 3
    endloop
  endfacet
  facet normal 0 0 1
    outer loop
      vertex 17.6683 12.3327 3
      vertex 17.6683 7.66733 3
      vertex 17.8334 7.69181 3
    endloop
  endfacet
  facet normal 0 0 1
    outer loop
      vertex 17.5065 12.3732 3
      vertex 17.6683 7.66733 3
      vertex 17.6683 12.3327 3
    endloop
  endfacet
  facet normal 0 0 1
    outer loop
      vertex 17.5065 12.3732 3
      vertex 17.5065 7.6268 3
      vertex 17.6683 7.66733 3
    endloop
  endfacet
  facet normal 0 0 1
    outer loop
      vertex 17.3494 12.4294 3
      vertex 17.5065 7.6268 3
      vertex 17.5065 12.3732 3
    endloop
  endfacet
  facet normal 0 0 1
    outer loop
      vertex 17.3494 12.4294 3
      vertex 17.3494 7.57059 3
      vertex 17.5065 7.6268 3
    endloop
  endfacet
  facet normal 0 0 1
    outer loop
      vertex 17.1986 12.5007 3
      vertex 17.3494 7.57059 3
      vertex 17.3494 12.4294 3
    endloop
  endfacet
  facet normal 0 0 1
    outer loop
      vertex 17.1986 12.5007 3
      vertex 17.1986 7.49927 3
      vertex 17.3494 7.57059 3
    endloop
  endfacet
  facet normal 0 0 1
    outer loop
      vertex 17.0555 12.5865 3
      vertex 17.1986 7.49927 3
      vertex 17.1986 12.5007 3
    endloop
  endfacet
  facet normal 0 0 1
    outer loop
      vertex 17.0555 12.5865 3
      vertex 17.0555 7.4135 3
      vertex 17.1986 7.49927 3
    endloop
  endfacet
  facet normal 0 0 1
    outer loop
      vertex 16.9215 12.6859 3
      vertex 17.0555 7.4135 3
      vertex 17.0555 12.5865 3
    endloop
  endfacet
  facet normal 0 0 1
    outer loop
      vertex 16.9215 12.6859 3
      vertex 16.9215 7.31412 3
      vertex 17.0555 7.4135 3
    endloop
  endfacet
  facet normal 0 0 1
    outer loop
      vertex 16.7979 12.7979 3
      vertex 16.9215 7.31412 3
      vertex 16.9215 12.6859 3
    endloop
  endfacet
  facet normal 0 0 1
    outer loop
      vertex 16.7979 12.7979 3
      vertex 16.7979 7.20208 3
      vertex 16.9215 7.31412 3
    endloop
  endfacet
  facet normal 0 0 1
    outer loop
      vertex 16.6859 12.9215 3
      vertex 16.7979 7.20208 3
      vertex 16.7979 12.7979 3
    endloop
  endfacet
  facet normal 0 0 1
    outer loop
      vertex 16.6859 12.9215 3
      vertex 16.6859 7.07847 3
      vertex 16.7979 7.20208 3
    endloop
  endfacet
  facet normal 0 0 1
    outer loop
      vertex 16.5865 13.0555 3
      vertex 16.6859 7.07847 3
      vertex 16.6859 12.9215 3
    endloop
  endfacet
  facet normal 0 0 1
    outer loop
      vertex 16.5865 13.0555 3
      vertex 16.5865 6.94447 3
      vertex 16.6859 7.07847 3
    endloop
  endfacet
  facet normal 0 0 1
    outer loop
      vertex 16.5007 13.1986 3
      vertex 16.5865 6.94447 3
      vertex 16.5865 13.0555 3
    endloop
  endfacet
  facet normal 0 0 1
    outer loop
      vertex 16.5007 13.1986 3
      vertex 16.5007 6.80137 3
      vertex 16.5865 6.94447 3
    endloop
  endfacet
  facet normal 0 0 1
    outer loop
      vertex 16.4294 13.3494 3
      vertex 16.5007 6.80137 3
      vertex 16.5007 13.1986 3
    endloop
  endfacet
  facet normal 0 0 1
    outer loop
      vertex 16.4294 13.3494 3
      vertex 16.4294 6.65056 3
      vertex 16.5007 6.80137 3
    endloop
  endfacet
  facet normal 0 0 1
    outer loop
      vertex 16.3732 13.5065 3
      vertex 16.4294 6.65056 3
      vertex 16.4294 13.3494 3
    endloop
  endfacet
  facet normal 0 0 1
    outer loop
      vertex 16.3732 13.5065 3
      vertex 16.3732 6.49348 3
      vertex 16.4294 6.65056 3
    endloop
  endfacet
  facet normal 0 0 1
    outer loop
      vertex 16.3327 13.6683 3
      vertex 16.3732 6.49348 3
      vertex 16.3732 13.5065 3
    endloop
  endfacet
  facet normal 0 0 1
    outer loop
      vertex 16.3327 13.6683 3
      vertex 16.3327 6.33165 3
      vertex 16.3732 6.49348 3
    endloop
  endfacet
  facet normal 0 0 1
    outer loop
      vertex 16.3082 13.8334 3
      vertex 16.3327 6.33165 3
      vertex 16.3327 13.6683 3
    endloop
  endfacet
  facet normal 0 0 1
    outer loop
      vertex 16.3082 13.8334 3
      vertex 16.3082 6.16663 3
      vertex 16.3327 6.33165 3
    endloop
  endfacet
  facet normal 0 0 1
    outer loop
      vertex 16.3 14 3
      vertex 16.3082 6.16663 3
      vertex 16.3082 13.8334 3
    endloop
  endfacet
  facet normal 0 0 1
    outer loop
      vertex 16.3082 6.16663 3
      vertex 16.3 14 3
      vertex 16.3 6 3
    endloop
  endfacet
  facet normal 0 0 1
    outer loop
      vertex 22.7847 20.5486 3
      vertex 19.6268 21.5065 3
      vertex 22.6194 20.0866 3
    endloop
  endfacet
  facet normal 0 0 1
    outer loop
      vertex 22.5784 20 3
      vertex 19.6918 14.1666 3
      vertex 19.7 14 3
    endloop
  endfacet
  facet normal -0 0 1
    outer loop
      vertex 19.5706 21.3494 3
      vertex 22.6194 20.0866 3
      vertex 19.6268 21.5065 3
    endloop
  endfacet
  facet normal 0 0 1
    outer loop
      vertex 22.5784 20 3
      vertex 19.6673 14.3317 3
      vertex 19.6918 14.1666 3
    endloop
  endfacet
  facet normal 0 0 1
    outer loop
      vertex 22.6194 20.0866 3
      vertex 19.5706 21.3494 3
      vertex 22.5784 20 3
    endloop
  endfacet
  facet normal 0 0 1
    outer loop
      vertex 22.5784 20 3
      vertex 19.6268 14.4935 3
      vertex 19.6673 14.3317 3
    endloop
  endfacet
  facet normal -0 0 1
    outer loop
      vertex 19.4993 21.1986 3
      vertex 22.5784 20 3
      vertex 19.5706 21.3494 3
    endloop
  endfacet
  facet normal 0 0 1
    outer loop
      vertex 22.5784 20 3
      vertex 19.5706 14.6506 3
      vertex 19.6268 14.4935 3
    endloop
  endfacet
  facet normal -0 0 1
    outer loop
      vertex 19.4135 21.0555 3
      vertex 22.5784 20 3
      vertex 19.4993 21.1986 3
    endloop
  endfacet
  facet normal 0 0 1
    outer loop
      vertex 22.5784 20 3
      vertex 19.4993 14.8014 3
      vertex 19.5706 14.6506 3
    endloop
  endfacet
  facet normal -0 0 1
    outer loop
      vertex 19.3141 20.9215 3
      vertex 22.5784 20 3
      vertex 19.4135 21.0555 3
    endloop
  endfacet
  facet normal 0 0 1
    outer loop
      vertex 22.5784 20 3
      vertex 19.4135 14.9445 3
      vertex 19.4993 14.8014 3
    endloop
  endfacet
  facet normal -0 0 1
    outer loop
      vertex 19.2021 20.7979 3
      vertex 22.5784 20 3
      vertex 19.3141 20.9215 3
    endloop
  endfacet
  facet normal 0 0 1
    outer loop
      vertex 22.5784 20 3
      vertex 19.3141 15.0785 3
      vertex 19.4135 14.9445 3
    endloop
  endfacet
  facet normal -0 0 1
    outer loop
      vertex 19.0785 20.6859 3
      vertex 22.5784 20 3
      vertex 19.2021 20.7979 3
    endloop
  endfacet
  facet normal 0 0 1
    outer loop
      vertex 22.5784 20 3
      vertex 19.2021 15.2021 3
      vertex 19.3141 15.0785 3
    endloop
  endfacet
  facet normal -0 0 1
    outer loop
      vertex 18.9445 20.5865 3
      vertex 22.5784 20 3
      vertex 19.0785 20.6859 3
    endloop
  endfacet
  facet normal 0 0 1
    outer loop
      vertex 22.5784 20 3
      vertex 19.0785 15.3141 3
      vertex 19.2021 15.2021 3
    endloop
  endfacet
  facet normal 0 0 1
    outer loop
      vertex 18.9445 15.4135 3
      vertex 22.5784 20 3
      vertex 18.9445 20.5865 3
    endloop
  endfacet
  facet normal 0 0 1
    outer loop
      vertex 22.5784 20 3
      vertex 18.9445 15.4135 3
      vertex 19.0785 15.3141 3
    endloop
  endfacet
  facet normal -0 0 1
    outer loop
      vertex 18.8014 20.5007 3
      vertex 18.9445 15.4135 3
      vertex 18.9445 20.5865 3
    endloop
  endfacet
  facet normal 0 0 1
    outer loop
      vertex 18.8014 20.5007 3
      vertex 18.8014 15.4993 3
      vertex 18.9445 15.4135 3
    endloop
  endfacet
  facet normal -0 0 1
    outer loop
      vertex 18.6506 20.4294 3
      vertex 18.8014 15.4993 3
      vertex 18.8014 20.5007 3
    endloop
  endfacet
  facet normal 0 0 1
    outer loop
      vertex 18.6506 20.4294 3
      vertex 18.6506 15.5706 3
      vertex 18.8014 15.4993 3
    endloop
  endfacet
  facet normal -0 0 1
    outer loop
      vertex 18.4935 20.3732 3
      vertex 18.6506 15.5706 3
      vertex 18.6506 20.4294 3
    endloop
  endfacet
  facet normal 0 0 1
    outer loop
      vertex 18.4935 20.3732 3
      vertex 18.4935 15.6268 3
      vertex 18.6506 15.5706 3
    endloop
  endfacet
  facet normal -0 0 1
    outer loop
      vertex 18.3317 20.3327 3
      vertex 18.4935 15.6268 3
      vertex 18.4935 20.3732 3
    endloop
  endfacet
  facet normal 0 0 1
    outer loop
      vertex 18.3317 20.3327 3
      vertex 18.3317 15.6673 3
      vertex 18.4935 15.6268 3
    endloop
  endfacet
  facet normal -0 0 1
    outer loop
      vertex 18.1666 20.3082 3
      vertex 18.3317 15.6673 3
      vertex 18.3317 20.3327 3
    endloop
  endfacet
  facet normal 0 0 1
    outer loop
      vertex 18.1666 20.3082 3
      vertex 18.1666 15.6918 3
      vertex 18.3317 15.6673 3
    endloop
  endfacet
  facet normal -0 0 1
    outer loop
      vertex 18 20.3 3
      vertex 18.1666 15.6918 3
      vertex 18.1666 20.3082 3
    endloop
  endfacet
  facet normal 0 0 1
    outer loop
      vertex 18 20.3 3
      vertex 18 15.7 3
      vertex 18.1666 15.6918 3
    endloop
  endfacet
  facet normal 0 0 1
    outer loop
      vertex 17.8334 20.3082 3
      vertex 18 15.7 3
      vertex 18 20.3 3
    endloop
  endfacet
  facet normal 0 0 1
    outer loop
      vertex 17.8334 20.3082 3
      vertex 17.8334 15.6918 3
      vertex 18 15.7 3
    endloop
  endfacet
  facet normal 0 0 1
    outer loop
      vertex 17.6683 20.3327 3
      vertex 17.8334 15.6918 3
      vertex 17.8334 20.3082 3
    endloop
  endfacet
  facet normal 0 0 1
    outer loop
      vertex 17.6683 20.3327 3
      vertex 17.6683 15.6673 3
      vertex 17.8334 15.6918 3
    endloop
  endfacet
  facet normal 0 0 1
    outer loop
      vertex 17.5065 20.3732 3
      vertex 17.6683 15.6673 3
      vertex 17.6683 20.3327 3
    endloop
  endfacet
  facet normal 0 0 1
    outer loop
      vertex 17.5065 20.3732 3
      vertex 17.5065 15.6268 3
      vertex 17.6683 15.6673 3
    endloop
  endfacet
  facet normal 0 0 1
    outer loop
      vertex 17.3494 20.4294 3
      vertex 17.5065 15.6268 3
      vertex 17.5065 20.3732 3
    endloop
  endfacet
  facet normal 0 0 1
    outer loop
      vertex 17.3494 20.4294 3
      vertex 17.3494 15.5706 3
      vertex 17.5065 15.6268 3
    endloop
  endfacet
  facet normal 0 0 1
    outer loop
      vertex 17.1986 20.5007 3
      vertex 17.3494 15.5706 3
      vertex 17.3494 20.4294 3
    endloop
  endfacet
  facet normal 0 0 1
    outer loop
      vertex 17.1986 20.5007 3
      vertex 17.1986 15.4993 3
      vertex 17.3494 15.5706 3
    endloop
  endfacet
  facet normal 0 0 1
    outer loop
      vertex 17.0555 20.5865 3
      vertex 17.1986 15.4993 3
      vertex 17.1986 20.5007 3
    endloop
  endfacet
  facet normal 0 0 1
    outer loop
      vertex 17.0555 20.5865 3
      vertex 17.0555 15.4135 3
      vertex 17.1986 15.4993 3
    endloop
  endfacet
  facet normal 0 0 1
    outer loop
      vertex 13.4216 20 3
      vertex 17.0555 20.5865 3
      vertex 16.9215 20.6859 3
    endloop
  endfacet
  facet normal 0 0 1
    outer loop
      vertex 17.0555 20.5865 3
      vertex 13.4216 20 3
      vertex 17.0555 15.4135 3
    endloop
  endfacet
  facet normal 0 0 1
    outer loop
      vertex 13.4216 20 3
      vertex 16.9215 20.6859 3
      vertex 16.7979 20.7979 3
    endloop
  endfacet
  facet normal 0 0 1
    outer loop
      vertex 17.0555 15.4135 3
      vertex 13.4216 20 3
      vertex 16.9215 15.3141 3
    endloop
  endfacet
  facet normal 0 0 1
    outer loop
      vertex 13.4216 20 3
      vertex 16.7979 20.7979 3
      vertex 16.6859 20.9215 3
    endloop
  endfacet
  facet normal 0 0 1
    outer loop
      vertex 16.9215 15.3141 3
      vertex 13.4216 20 3
      vertex 16.7979 15.2021 3
    endloop
  endfacet
  facet normal 0 0 1
    outer loop
      vertex 13.4216 20 3
      vertex 16.6859 20.9215 3
      vertex 16.5865 21.0555 3
    endloop
  endfacet
  facet normal 0 0 1
    outer loop
      vertex 16.7979 15.2021 3
      vertex 13.4216 20 3
      vertex 16.6859 15.0785 3
    endloop
  endfacet
  facet normal 0 0 1
    outer loop
      vertex 13.4216 20 3
      vertex 16.5865 21.0555 3
      vertex 16.5007 21.1986 3
    endloop
  endfacet
  facet normal 0 0 1
    outer loop
      vertex 16.6859 15.0785 3
      vertex 13.4216 20 3
      vertex 16.5865 14.9445 3
    endloop
  endfacet
  facet normal 0 0 1
    outer loop
      vertex 13.4216 20 3
      vertex 16.5007 21.1986 3
      vertex 16.4294 21.3494 3
    endloop
  endfacet
  facet normal 0 0 1
    outer loop
      vertex 16.5865 14.9445 3
      vertex 13.4216 20 3
      vertex 16.5007 14.8014 3
    endloop
  endfacet
  facet normal 0 0 1
    outer loop
      vertex 13.4216 20 3
      vertex 16.4294 21.3494 3
      vertex 16.3732 21.5065 3
    endloop
  endfacet
  facet normal 0 0 1
    outer loop
      vertex 16.5007 14.8014 3
      vertex 13.4216 20 3
      vertex 16.4294 14.6506 3
    endloop
  endfacet
  facet normal 0 0 1
    outer loop
      vertex 13.4216 20 3
      vertex 16.3732 21.5065 3
      vertex 16.3327 21.6683 3
    endloop
  endfacet
  facet normal 0 0 1
    outer loop
      vertex 16.4294 14.6506 3
      vertex 13.4216 20 3
      vertex 16.3732 14.4935 3
    endloop
  endfacet
  facet normal 0 0 1
    outer loop
      vertex 13.4216 20 3
      vertex 16.3327 21.6683 3
      vertex 16.3082 21.8334 3
    endloop
  endfacet
  facet normal 0 0 1
    outer loop
      vertex 16.3732 14.4935 3
      vertex 13.4216 20 3
      vertex 16.3327 14.3317 3
    endloop
  endfacet
  facet normal 0 0 1
    outer loop
      vertex 13.4216 20 3
      vertex 16.3082 21.8334 3
      vertex 16.3 22 3
    endloop
  endfacet
  facet normal 0 0 1
    outer loop
      vertex 16.3327 14.3317 3
      vertex 13.4216 20 3
      vertex 16.3082 14.1666 3
    endloop
  endfacet
  facet normal 0 0 1
    outer loop
      vertex 19.7 22 3
      vertex 23 22 3
      vertex 22.9759 22.4901 3
    endloop
  endfacet
  facet normal 0 0 1
    outer loop
      vertex 19.6918 22.1666 3
      vertex 22.9759 22.4901 3
      vertex 22.9485 22.6749 3
    endloop
  endfacet
  facet normal 0 0 1
    outer loop
      vertex 23 22 3
      vertex 19.7 22 3
      vertex 22.9759 21.5099 3
    endloop
  endfacet
  facet normal -0 0 1
    outer loop
      vertex 19.6918 21.8334 3
      vertex 22.9759 21.5099 3
      vertex 19.7 22 3
    endloop
  endfacet
  facet normal 0 0 1
    outer loop
      vertex 22.9759 21.5099 3
      vertex 19.6918 21.8334 3
      vertex 22.9039 21.0245 3
    endloop
  endfacet
  facet normal -0 0 1
    outer loop
      vertex 19.6673 21.6683 3
      vertex 22.9039 21.0245 3
      vertex 19.6918 21.8334 3
    endloop
  endfacet
  facet normal 0 0 1
    outer loop
      vertex 24.6676 9.51754 3
      vertex 21.7223 4.52833 3
      vertex 22.2504 4.92605 3
    endloop
  endfacet
  facet normal -0 0 1
    outer loop
      vertex 19.6918 13.8334 3
      vertex 24.6676 9.51754 3
      vertex 19.7 14 3
    endloop
  endfacet
  facet normal 0 0 1
    outer loop
      vertex 24.6676 9.51754 3
      vertex 19.7 6 3
      vertex 21.7223 4.52833 3
    endloop
  endfacet
  facet normal -0 0 1
    outer loop
      vertex 19.6918 5.83337 3
      vertex 21.7223 4.52833 3
      vertex 19.7 6 3
    endloop
  endfacet
  facet normal 0 0 1
    outer loop
      vertex 22.9039 21.0245 3
      vertex 19.6673 21.6683 3
      vertex 22.7847 20.5486 3
    endloop
  endfacet
  facet normal -0 0 1
    outer loop
      vertex 19.6268 21.5065 3
      vertex 22.7847 20.5486 3
      vertex 19.6673 21.6683 3
    endloop
  endfacet
  facet normal 0 0 1
    outer loop
      vertex 22.9759 22.4901 3
      vertex 19.6918 22.1666 3
      vertex 19.7 22 3
    endloop
  endfacet
  facet normal 0 0 1
    outer loop
      vertex 22.9485 22.6749 3
      vertex 19.6673 22.3317 3
      vertex 19.6918 22.1666 3
    endloop
  endfacet
  facet normal 0 0 1
    outer loop
      vertex 22.9485 22.6749 3
      vertex 19.6268 22.4935 3
      vertex 19.6673 22.3317 3
    endloop
  endfacet
  facet normal 0 0 1
    outer loop
      vertex 22.9485 22.6749 3
      vertex 19.5706 22.6506 3
      vertex 19.6268 22.4935 3
    endloop
  endfacet
  facet normal 0 -0 1
    outer loop
      vertex 19.5706 22.6506 3
      vertex 22.9485 22.6749 3
      vertex 19.5591 22.6749 3
    endloop
  endfacet
  facet normal 0 0 1
    outer loop
      vertex 30.8 20 3
      vertex 24.6676 9.51754 3
      vertex 30.8 9.51754 3
    endloop
  endfacet
  facet normal 0 0 1
    outer loop
      vertex 24.6676 9.51754 3
      vertex 24.4115 8.21021 3
      vertex 24.5713 8.85785 3
    endloop
  endfacet
  facet normal 0 0 1
    outer loop
      vertex 24.6676 9.51754 3
      vertex 24.19 7.58159 3
      vertex 24.4115 8.21021 3
    endloop
  endfacet
  facet normal 0 0 1
    outer loop
      vertex 24.6676 9.51754 3
      vertex 23.9089 6.97804 3
      vertex 24.19 7.58159 3
    endloop
  endfacet
  facet normal 0 0 1
    outer loop
      vertex 24.6676 9.51754 3
      vertex 23.5708 6.40538 3
      vertex 23.9089 6.97804 3
    endloop
  endfacet
  facet normal 0 0 1
    outer loop
      vertex 24.6676 9.51754 3
      vertex 23.1792 5.86911 3
      vertex 23.5708 6.40538 3
    endloop
  endfacet
  facet normal 0 0 1
    outer loop
      vertex 24.6676 9.51754 3
      vertex 22.7376 5.37442 3
      vertex 23.1792 5.86911 3
    endloop
  endfacet
  facet normal -0 0 1
    outer loop
      vertex 22.5784 20 3
      vertex 24.6676 9.51754 3
      vertex 30.8 20 3
    endloop
  endfacet
  facet normal -0 0 1
    outer loop
      vertex 19.7 14 3
      vertex 24.6676 9.51754 3
      vertex 22.5784 20 3
    endloop
  endfacet
  facet normal 0 0 1
    outer loop
      vertex 24.6676 9.51754 3
      vertex 22.2504 4.92605 3
      vertex 22.7376 5.37442 3
    endloop
  endfacet
  facet normal -0 0 1
    outer loop
      vertex 19.6673 5.66835 3
      vertex 21.7223 4.52833 3
      vertex 19.6918 5.83337 3
    endloop
  endfacet
  facet normal 0 0 1
    outer loop
      vertex 21.7223 4.52833 3
      vertex 19.6673 5.66835 3
      vertex 21.1584 4.18509 3
    endloop
  endfacet
  facet normal -0 0 1
    outer loop
      vertex 19.6268 5.50652 3
      vertex 21.1584 4.18509 3
      vertex 19.6673 5.66835 3
    endloop
  endfacet
  facet normal -0 0 1
    outer loop
      vertex 19.5706 5.34944 3
      vertex 21.1584 4.18509 3
      vertex 19.6268 5.50652 3
    endloop
  endfacet
  facet normal 0 0 1
    outer loop
      vertex 21.1584 4.18509 3
      vertex 19.5706 5.34944 3
      vertex 20.564 3.89964 3
    endloop
  endfacet
  facet normal -0 0 1
    outer loop
      vertex 19.4993 5.19862 3
      vertex 20.564 3.89964 3
      vertex 19.5706 5.34944 3
    endloop
  endfacet
  facet normal -0 0 1
    outer loop
      vertex 19.4135 5.05553 3
      vertex 20.564 3.89964 3
      vertex 19.4993 5.19862 3
    endloop
  endfacet
  facet normal -0 0 1
    outer loop
      vertex 19.3141 4.92153 3
      vertex 20.564 3.89964 3
      vertex 19.4135 5.05553 3
    endloop
  endfacet
  facet normal 0 0 1
    outer loop
      vertex 20.564 3.89964 3
      vertex 19.3141 4.92153 3
      vertex 19.9449 3.67471 3
    endloop
  endfacet
  facet normal -0 0 1
    outer loop
      vertex 19.2021 4.79792 3
      vertex 19.9449 3.67471 3
      vertex 19.3141 4.92153 3
    endloop
  endfacet
  facet normal -0 0 1
    outer loop
      vertex 19.0785 4.68588 3
      vertex 19.9449 3.67471 3
      vertex 19.2021 4.79792 3
    endloop
  endfacet
  facet normal 0 0 1
    outer loop
      vertex 19.9449 3.67471 3
      vertex 19.0785 4.68588 3
      vertex 19.3071 3.51249 3
    endloop
  endfacet
  facet normal -0 0 1
    outer loop
      vertex 18.9445 4.5865 3
      vertex 19.3071 3.51249 3
      vertex 19.0785 4.68588 3
    endloop
  endfacet
  facet normal -0 0 1
    outer loop
      vertex 18.8014 4.50073 3
      vertex 19.3071 3.51249 3
      vertex 18.9445 4.5865 3
    endloop
  endfacet
  facet normal -0 0 1
    outer loop
      vertex 18.6506 4.4294 3
      vertex 19.3071 3.51249 3
      vertex 18.8014 4.50073 3
    endloop
  endfacet
  facet normal 0 0 1
    outer loop
      vertex 19.3071 3.51249 3
      vertex 18.6506 4.4294 3
      vertex 18.6567 3.41452 3
    endloop
  endfacet
  facet normal -0 0 1
    outer loop
      vertex 18.4935 4.3732 3
      vertex 18.6567 3.41452 3
      vertex 18.6506 4.4294 3
    endloop
  endfacet
  facet normal -0 0 1
    outer loop
      vertex 18.3317 4.33266 3
      vertex 18.6567 3.41452 3
      vertex 18.4935 4.3732 3
    endloop
  endfacet
  facet normal -0 0 1
    outer loop
      vertex 18.1666 4.30819 3
      vertex 18.6567 3.41452 3
      vertex 18.3317 4.33266 3
    endloop
  endfacet
  facet normal 0 0 1
    outer loop
      vertex 18 3.38176 3
      vertex 18.1666 4.30819 3
      vertex 18 4.3 3
    endloop
  endfacet
  facet normal 0 0 1
    outer loop
      vertex 18.1666 4.30819 3
      vertex 18 3.38176 3
      vertex 18.6567 3.41452 3
    endloop
  endfacet
  facet normal 0 0 1
    outer loop
      vertex 17.8334 4.30819 3
      vertex 18 3.38176 3
      vertex 18 4.3 3
    endloop
  endfacet
  facet normal 0 0 1
    outer loop
      vertex 17.3433 3.41452 3
      vertex 17.8334 4.30819 3
      vertex 17.6683 4.33266 3
    endloop
  endfacet
  facet normal 0 0 1
    outer loop
      vertex 17.3433 3.41452 3
      vertex 17.6683 4.33266 3
      vertex 17.5065 4.3732 3
    endloop
  endfacet
  facet normal 0 0 1
    outer loop
      vertex 17.3433 3.41452 3
      vertex 17.5065 4.3732 3
      vertex 17.3494 4.4294 3
    endloop
  endfacet
  facet normal 0 0 1
    outer loop
      vertex 17.8334 4.30819 3
      vertex 17.3433 3.41452 3
      vertex 18 3.38176 3
    endloop
  endfacet
  facet normal 0 0 1
    outer loop
      vertex 16.6929 3.51249 3
      vertex 17.3494 4.4294 3
      vertex 17.1986 4.50073 3
    endloop
  endfacet
  facet normal 0 0 1
    outer loop
      vertex 16.6929 3.51249 3
      vertex 17.1986 4.50073 3
      vertex 17.0555 4.5865 3
    endloop
  endfacet
  facet normal 0 0 1
    outer loop
      vertex 16.6929 3.51249 3
      vertex 17.0555 4.5865 3
      vertex 16.9215 4.68588 3
    endloop
  endfacet
  facet normal 0 0 1
    outer loop
      vertex 16.0551 3.67471 3
      vertex 16.9215 4.68588 3
      vertex 16.7979 4.79792 3
    endloop
  endfacet
  facet normal 0 0 1
    outer loop
      vertex 17.3494 4.4294 3
      vertex 16.6929 3.51249 3
      vertex 17.3433 3.41452 3
    endloop
  endfacet
  facet normal 0 0 1
    outer loop
      vertex 16.0551 3.67471 3
      vertex 16.7979 4.79792 3
      vertex 16.6859 4.92153 3
    endloop
  endfacet
  facet normal 0 0 1
    outer loop
      vertex 16.0551 3.67471 3
      vertex 16.6859 4.92153 3
      vertex 16.5865 5.05553 3
    endloop
  endfacet
  facet normal 0 0 1
    outer loop
      vertex 16.0551 3.67471 3
      vertex 16.5865 5.05553 3
      vertex 16.5007 5.19862 3
    endloop
  endfacet
  facet normal 0 0 1
    outer loop
      vertex 16.0551 3.67471 3
      vertex 16.5007 5.19862 3
      vertex 16.4294 5.34944 3
    endloop
  endfacet
  facet normal 0 0 1
    outer loop
      vertex 16.0551 3.67471 3
      vertex 16.4294 5.34944 3
      vertex 16.3732 5.50652 3
    endloop
  endfacet
  facet normal 0 0 1
    outer loop
      vertex 16.0551 3.67471 3
      vertex 16.3732 5.50652 3
      vertex 16.3327 5.66835 3
    endloop
  endfacet
  facet normal 0 0 1
    outer loop
      vertex 16.9215 4.68588 3
      vertex 16.0551 3.67471 3
      vertex 16.6929 3.51249 3
    endloop
  endfacet
  facet normal 0 0 1
    outer loop
      vertex 16.3082 5.83337 3
      vertex 16.0551 3.67471 3
      vertex 16.3327 5.66835 3
    endloop
  endfacet
  facet normal 0 0 1
    outer loop
      vertex 16.0551 3.67471 3
      vertex 16.3082 5.83337 3
      vertex 16.3 6 3
    endloop
  endfacet
  facet normal 0 0 1
    outer loop
      vertex 16.3 6 3
      vertex 13.7496 4.92605 3
      vertex 14.2777 4.52833 3
    endloop
  endfacet
  facet normal 0 0 1
    outer loop
      vertex 16.3 6 3
      vertex 13.2624 5.37442 3
      vertex 13.7496 4.92605 3
    endloop
  endfacet
  facet normal 0 0 1
    outer loop
      vertex 16.3 6 3
      vertex 12.8208 5.86911 3
      vertex 13.2624 5.37442 3
    endloop
  endfacet
  facet normal 0 0 1
    outer loop
      vertex 16.3 6 3
      vertex 12.4292 6.40538 3
      vertex 12.8208 5.86911 3
    endloop
  endfacet
  facet normal 0 0 1
    outer loop
      vertex 16.3 6 3
      vertex 12.0911 6.97804 3
      vertex 12.4292 6.40538 3
    endloop
  endfacet
  facet normal 0 0 1
    outer loop
      vertex 16.3 6 3
      vertex 11.81 7.58159 3
      vertex 12.0911 6.97804 3
    endloop
  endfacet
  facet normal 0 0 1
    outer loop
      vertex 16.3 6 3
      vertex 11.5885 8.21021 3
      vertex 11.81 7.58159 3
    endloop
  endfacet
  facet normal 0 0 1
    outer loop
      vertex 16.3 6 3
      vertex 11.4287 8.85785 3
      vertex 11.5885 8.21021 3
    endloop
  endfacet
  facet normal -0 0 1
    outer loop
      vertex 5.5 20 3
      vertex 11.3324 9.51754 3
      vertex 13.4216 20 3
    endloop
  endfacet
  facet normal 0 0 1
    outer loop
      vertex 11.3324 9.51754 3
      vertex 5.5 20 3
      vertex 5.5 9.51754 3
    endloop
  endfacet
  facet normal 0 0 1
    outer loop
      vertex 8.5947 3.94818 3
      vertex 8.5947 3.72922 3
      vertex 8.6 3.8387 3
    endloop
  endfacet
  facet normal 0 0 1
    outer loop
      vertex 8.57886 4.05661 3
      vertex 8.5947 3.72922 3
      vertex 8.5947 3.94818 3
    endloop
  endfacet
  facet normal 0 0 1
    outer loop
      vertex 8.57886 4.05661 3
      vertex 8.57886 3.62079 3
      vertex 8.5947 3.72922 3
    endloop
  endfacet
  facet normal 0 0 1
    outer loop
      vertex 8.55263 4.16294 3
      vertex 8.57886 3.62079 3
      vertex 8.57886 4.05661 3
    endloop
  endfacet
  facet normal 0 0 1
    outer loop
      vertex 8.55263 4.16294 3
      vertex 8.55263 3.51446 3
      vertex 8.57886 3.62079 3
    endloop
  endfacet
  facet normal 0 0 1
    outer loop
      vertex 8.51627 4.26615 3
      vertex 8.55263 3.51446 3
      vertex 8.55263 4.16294 3
    endloop
  endfacet
  facet normal 0 0 1
    outer loop
      vertex 8.51627 4.26615 3
      vertex 8.51627 3.41126 3
      vertex 8.55263 3.51446 3
    endloop
  endfacet
  facet normal 0 0 1
    outer loop
      vertex 8.47011 4.36524 3
      vertex 8.51627 3.41126 3
      vertex 8.51627 4.26615 3
    endloop
  endfacet
  facet normal 0 0 1
    outer loop
      vertex 8.47011 4.36524 3
      vertex 8.47011 3.31217 3
      vertex 8.51627 3.41126 3
    endloop
  endfacet
  facet normal 0 0 1
    outer loop
      vertex 8.41462 4.45926 3
      vertex 8.47011 3.31217 3
      vertex 8.47011 4.36524 3
    endloop
  endfacet
  facet normal 0 0 1
    outer loop
      vertex 8.41462 4.45926 3
      vertex 8.41462 3.21815 3
      vertex 8.47011 3.31217 3
    endloop
  endfacet
  facet normal 0 0 1
    outer loop
      vertex 8.35031 4.5473 3
      vertex 8.41462 3.21815 3
      vertex 8.41462 4.45926 3
    endloop
  endfacet
  facet normal 0 0 1
    outer loop
      vertex 8.35031 4.5473 3
      vertex 8.35031 3.1301 3
      vertex 8.41462 3.21815 3
    endloop
  endfacet
  facet normal 0 0 1
    outer loop
      vertex 8.27782 4.62852 3
      vertex 8.35031 3.1301 3
      vertex 8.35031 4.5473 3
    endloop
  endfacet
  facet normal 0 0 1
    outer loop
      vertex 8.27782 4.62852 3
      vertex 8.27782 3.04889 3
      vertex 8.35031 3.1301 3
    endloop
  endfacet
  facet normal 0 0 1
    outer loop
      vertex 8.19783 4.70213 3
      vertex 8.27782 3.04889 3
      vertex 8.27782 4.62852 3
    endloop
  endfacet
  facet normal 0 0 1
    outer loop
      vertex 8.19783 4.70213 3
      vertex 8.19783 2.97527 3
      vertex 8.27782 3.04889 3
    endloop
  endfacet
  facet normal 0 0 1
    outer loop
      vertex 8.11113 4.76743 3
      vertex 8.19783 2.97527 3
      vertex 8.19783 4.70213 3
    endloop
  endfacet
  facet normal 0 0 1
    outer loop
      vertex 8.11113 4.76743 3
      vertex 8.11113 2.90998 3
      vertex 8.19783 2.97527 3
    endloop
  endfacet
  facet normal 0 0 1
    outer loop
      vertex 8.01854 4.82378 3
      vertex 8.11113 2.90998 3
      vertex 8.11113 4.76743 3
    endloop
  endfacet
  facet normal 0 0 1
    outer loop
      vertex 8.01854 4.82378 3
      vertex 8.01854 2.85362 3
      vertex 8.11113 2.90998 3
    endloop
  endfacet
  facet normal 0 0 1
    outer loop
      vertex 7.92095 4.87065 3
      vertex 8.01854 2.85362 3
      vertex 8.01854 4.82378 3
    endloop
  endfacet
  facet normal 0 0 1
    outer loop
      vertex 7.92095 4.87065 3
      vertex 7.92095 2.80676 3
      vertex 8.01854 2.85362 3
    endloop
  endfacet
  facet normal 0 0 1
    outer loop
      vertex 7.81931 4.90758 3
      vertex 7.92095 2.80676 3
      vertex 7.92095 4.87065 3
    endloop
  endfacet
  facet normal 0 0 1
    outer loop
      vertex 7.81931 4.90758 3
      vertex 7.81931 2.76983 3
      vertex 7.92095 2.80676 3
    endloop
  endfacet
  facet normal 0 0 1
    outer loop
      vertex 7.7146 4.93421 3
      vertex 7.81931 2.76983 3
      vertex 7.81931 4.90758 3
    endloop
  endfacet
  facet normal 0 0 1
    outer loop
      vertex 7.7146 4.93421 3
      vertex 7.7146 2.7432 3
      vertex 7.81931 2.76983 3
    endloop
  endfacet
  facet normal 0 0 1
    outer loop
      vertex 7.60782 4.95029 3
      vertex 7.7146 2.7432 3
      vertex 7.7146 4.93421 3
    endloop
  endfacet
  facet normal 0 0 1
    outer loop
      vertex 7.60782 4.95029 3
      vertex 7.60782 2.72711 3
      vertex 7.7146 2.7432 3
    endloop
  endfacet
  facet normal 0 0 1
    outer loop
      vertex 7.5 4.95567 3
      vertex 7.60782 2.72711 3
      vertex 7.60782 4.95029 3
    endloop
  endfacet
  facet normal 0 0 1
    outer loop
      vertex 7.5 4.95567 3
      vertex 7.5 2.72173 3
      vertex 7.60782 2.72711 3
    endloop
  endfacet
  facet normal -0 0 1
    outer loop
      vertex 7.39218 4.95029 3
      vertex 7.5 2.72173 3
      vertex 7.5 4.95567 3
    endloop
  endfacet
  facet normal 0 0 1
    outer loop
      vertex 7.39218 4.95029 3
      vertex 7.39218 2.72711 3
      vertex 7.5 2.72173 3
    endloop
  endfacet
  facet normal -0 0 1
    outer loop
      vertex 7.2854 4.93421 3
      vertex 7.39218 2.72711 3
      vertex 7.39218 4.95029 3
    endloop
  endfacet
  facet normal 0 0 1
    outer loop
      vertex 7.2854 4.93421 3
      vertex 7.2854 2.7432 3
      vertex 7.39218 2.72711 3
    endloop
  endfacet
  facet normal -0 0 1
    outer loop
      vertex 7.18069 4.90758 3
      vertex 7.2854 2.7432 3
      vertex 7.2854 4.93421 3
    endloop
  endfacet
  facet normal 0 0 1
    outer loop
      vertex 7.18069 4.90758 3
      vertex 7.18069 2.76983 3
      vertex 7.2854 2.7432 3
    endloop
  endfacet
  facet normal -0 0 1
    outer loop
      vertex 7.07905 4.87065 3
      vertex 7.18069 2.76983 3
      vertex 7.18069 4.90758 3
    endloop
  endfacet
  facet normal 0 0 1
    outer loop
      vertex 7.07905 4.87065 3
      vertex 7.07905 2.80676 3
      vertex 7.18069 2.76983 3
    endloop
  endfacet
  facet normal -0 0 1
    outer loop
      vertex 6.98146 4.82378 3
      vertex 7.07905 2.80676 3
      vertex 7.07905 4.87065 3
    endloop
  endfacet
  facet normal 0 0 1
    outer loop
      vertex 6.98146 4.82378 3
      vertex 6.98146 2.85362 3
      vertex 7.07905 2.80676 3
    endloop
  endfacet
  facet normal -0 0 1
    outer loop
      vertex 6.88887 4.76743 3
      vertex 6.98146 2.85362 3
      vertex 6.98146 4.82378 3
    endloop
  endfacet
  facet normal 0 0 1
    outer loop
      vertex 6.88887 4.76743 3
      vertex 6.88887 2.90998 3
      vertex 6.98146 2.85362 3
    endloop
  endfacet
  facet normal -0 0 1
    outer loop
      vertex 6.80217 4.70213 3
      vertex 6.88887 2.90998 3
      vertex 6.88887 4.76743 3
    endloop
  endfacet
  facet normal 0 0 1
    outer loop
      vertex 6.80217 4.70213 3
      vertex 6.80217 2.97527 3
      vertex 6.88887 2.90998 3
    endloop
  endfacet
  facet normal -0 0 1
    outer loop
      vertex 6.72218 4.62852 3
      vertex 6.80217 2.97527 3
      vertex 6.80217 4.70213 3
    endloop
  endfacet
  facet normal 0 0 1
    outer loop
      vertex 6.72218 4.62852 3
      vertex 6.72218 3.04889 3
      vertex 6.80217 2.97527 3
    endloop
  endfacet
  facet normal -0 0 1
    outer loop
      vertex 6.64969 4.5473 3
      vertex 6.72218 3.04889 3
      vertex 6.72218 4.62852 3
    endloop
  endfacet
  facet normal 0 0 1
    outer loop
      vertex 6.64969 4.5473 3
      vertex 6.64969 3.1301 3
      vertex 6.72218 3.04889 3
    endloop
  endfacet
  facet normal -0 0 1
    outer loop
      vertex 6.58538 4.45926 3
      vertex 6.64969 3.1301 3
      vertex 6.64969 4.5473 3
    endloop
  endfacet
  facet normal 0 0 1
    outer loop
      vertex 6.58538 4.45926 3
      vertex 6.58538 3.21815 3
      vertex 6.64969 3.1301 3
    endloop
  endfacet
  facet normal -0 0 1
    outer loop
      vertex 6.52989 4.36524 3
      vertex 6.58538 3.21815 3
      vertex 6.58538 4.45926 3
    endloop
  endfacet
  facet normal 0 0 1
    outer loop
      vertex 6.52989 4.36524 3
      vertex 6.52989 3.31217 3
      vertex 6.58538 3.21815 3
    endloop
  endfacet
  facet normal -0 0 1
    outer loop
      vertex 6.48373 4.26615 3
      vertex 6.52989 3.31217 3
      vertex 6.52989 4.36524 3
    endloop
  endfacet
  facet normal 0 0 1
    outer loop
      vertex 6.48373 4.26615 3
      vertex 6.48373 3.41126 3
      vertex 6.52989 3.31217 3
    endloop
  endfacet
  facet normal -0 0 1
    outer loop
      vertex 6.44736 4.16294 3
      vertex 6.48373 3.41126 3
      vertex 6.48373 4.26615 3
    endloop
  endfacet
  facet normal 0 0 1
    outer loop
      vertex 6.44736 4.16294 3
      vertex 6.44736 3.51446 3
      vertex 6.48373 3.41126 3
    endloop
  endfacet
  facet normal -0 0 1
    outer loop
      vertex 6.42114 4.05661 3
      vertex 6.44736 3.51446 3
      vertex 6.44736 4.16294 3
    endloop
  endfacet
  facet normal 0 0 1
    outer loop
      vertex 6.42114 4.05661 3
      vertex 6.42114 3.62079 3
      vertex 6.44736 3.51446 3
    endloop
  endfacet
  facet normal -0 0 1
    outer loop
      vertex 6.4053 3.94818 3
      vertex 6.42114 3.62079 3
      vertex 6.42114 4.05661 3
    endloop
  endfacet
  facet normal 0 0 1
    outer loop
      vertex 6.4053 3.94818 3
      vertex 6.4053 3.72922 3
      vertex 6.42114 3.62079 3
    endloop
  endfacet
  facet normal 0 -0 1
    outer loop
      vertex 6.4053 3.72922 3
      vertex 6.4053 3.94818 3
      vertex 6.4 3.8387 3
    endloop
  endfacet
  facet normal 0 0 1
    outer loop
      vertex 29.5947 3.94818 3
      vertex 29.5947 3.72922 3
      vertex 29.6 3.8387 3
    endloop
  endfacet
  facet normal 0 0 1
    outer loop
      vertex 29.5789 4.05661 3
      vertex 29.5947 3.72922 3
      vertex 29.5947 3.94818 3
    endloop
  endfacet
  facet normal 0 0 1
    outer loop
      vertex 29.5789 4.05661 3
      vertex 29.5789 3.62079 3
      vertex 29.5947 3.72922 3
    endloop
  endfacet
  facet normal 0 0 1
    outer loop
      vertex 29.5526 4.16294 3
      vertex 29.5789 3.62079 3
      vertex 29.5789 4.05661 3
    endloop
  endfacet
  facet normal 0 0 1
    outer loop
      vertex 29.5526 4.16294 3
      vertex 29.5526 3.51446 3
      vertex 29.5789 3.62079 3
    endloop
  endfacet
  facet normal 0 0 1
    outer loop
      vertex 29.5163 4.26615 3
      vertex 29.5526 3.51446 3
      vertex 29.5526 4.16294 3
    endloop
  endfacet
  facet normal 0 0 1
    outer loop
      vertex 29.5163 4.26615 3
      vertex 29.5163 3.41126 3
      vertex 29.5526 3.51446 3
    endloop
  endfacet
  facet normal 0 0 1
    outer loop
      vertex 29.4701 4.36524 3
      vertex 29.5163 3.41126 3
      vertex 29.5163 4.26615 3
    endloop
  endfacet
  facet normal 0 0 1
    outer loop
      vertex 29.4701 4.36524 3
      vertex 29.4701 3.31217 3
      vertex 29.5163 3.41126 3
    endloop
  endfacet
  facet normal 0 0 1
    outer loop
      vertex 29.4146 4.45926 3
      vertex 29.4701 3.31217 3
      vertex 29.4701 4.36524 3
    endloop
  endfacet
  facet normal 0 0 1
    outer loop
      vertex 29.4146 4.45926 3
      vertex 29.4146 3.21815 3
      vertex 29.4701 3.31217 3
    endloop
  endfacet
  facet normal 0 0 1
    outer loop
      vertex 29.3503 4.5473 3
      vertex 29.4146 3.21815 3
      vertex 29.4146 4.45926 3
    endloop
  endfacet
  facet normal 0 0 1
    outer loop
      vertex 29.3503 4.5473 3
      vertex 29.3503 3.1301 3
      vertex 29.4146 3.21815 3
    endloop
  endfacet
  facet normal 0 0 1
    outer loop
      vertex 29.2778 4.62852 3
      vertex 29.3503 3.1301 3
      vertex 29.3503 4.5473 3
    endloop
  endfacet
  facet normal 0 0 1
    outer loop
      vertex 29.2778 4.62852 3
      vertex 29.2778 3.04889 3
      vertex 29.3503 3.1301 3
    endloop
  endfacet
  facet normal 0 0 1
    outer loop
      vertex 29.1978 4.70213 3
      vertex 29.2778 3.04889 3
      vertex 29.2778 4.62852 3
    endloop
  endfacet
  facet normal 0 0 1
    outer loop
      vertex 29.1978 4.70213 3
      vertex 29.1978 2.97527 3
      vertex 29.2778 3.04889 3
    endloop
  endfacet
  facet normal 0 0 1
    outer loop
      vertex 29.1111 4.76743 3
      vertex 29.1978 2.97527 3
      vertex 29.1978 4.70213 3
    endloop
  endfacet
  facet normal 0 0 1
    outer loop
      vertex 29.1111 4.76743 3
      vertex 29.1111 2.90998 3
      vertex 29.1978 2.97527 3
    endloop
  endfacet
  facet normal 0 0 1
    outer loop
      vertex 29.0185 4.82378 3
      vertex 29.1111 2.90998 3
      vertex 29.1111 4.76743 3
    endloop
  endfacet
  facet normal 0 0 1
    outer loop
      vertex 29.0185 4.82378 3
      vertex 29.0185 2.85362 3
      vertex 29.1111 2.90998 3
    endloop
  endfacet
  facet normal 0 0 1
    outer loop
      vertex 28.921 4.87065 3
      vertex 29.0185 2.85362 3
      vertex 29.0185 4.82378 3
    endloop
  endfacet
  facet normal 0 0 1
    outer loop
      vertex 28.921 4.87065 3
      vertex 28.921 2.80676 3
      vertex 29.0185 2.85362 3
    endloop
  endfacet
  facet normal 0 0 1
    outer loop
      vertex 28.8193 4.90758 3
      vertex 28.921 2.80676 3
      vertex 28.921 4.87065 3
    endloop
  endfacet
  facet normal 0 0 1
    outer loop
      vertex 28.8193 4.90758 3
      vertex 28.8193 2.76983 3
      vertex 28.921 2.80676 3
    endloop
  endfacet
  facet normal 0 0 1
    outer loop
      vertex 28.7146 4.93421 3
      vertex 28.8193 2.76983 3
      vertex 28.8193 4.90758 3
    endloop
  endfacet
  facet normal 0 0 1
    outer loop
      vertex 28.7146 4.93421 3
      vertex 28.7146 2.7432 3
      vertex 28.8193 2.76983 3
    endloop
  endfacet
  facet normal 0 0 1
    outer loop
      vertex 28.6078 4.95029 3
      vertex 28.7146 2.7432 3
      vertex 28.7146 4.93421 3
    endloop
  endfacet
  facet normal 0 0 1
    outer loop
      vertex 28.6078 4.95029 3
      vertex 28.6078 2.72711 3
      vertex 28.7146 2.7432 3
    endloop
  endfacet
  facet normal 0 0 1
    outer loop
      vertex 28.5 4.95567 3
      vertex 28.6078 2.72711 3
      vertex 28.6078 4.95029 3
    endloop
  endfacet
  facet normal 0 0 1
    outer loop
      vertex 28.5 4.95567 3
      vertex 28.5 2.72173 3
      vertex 28.6078 2.72711 3
    endloop
  endfacet
  facet normal -0 0 1
    outer loop
      vertex 28.3922 4.95029 3
      vertex 28.5 2.72173 3
      vertex 28.5 4.95567 3
    endloop
  endfacet
  facet normal 0 0 1
    outer loop
      vertex 28.3922 4.95029 3
      vertex 28.3922 2.72711 3
      vertex 28.5 2.72173 3
    endloop
  endfacet
  facet normal -0 0 1
    outer loop
      vertex 28.2854 4.93421 3
      vertex 28.3922 2.72711 3
      vertex 28.3922 4.95029 3
    endloop
  endfacet
  facet normal 0 0 1
    outer loop
      vertex 28.2854 4.93421 3
      vertex 28.2854 2.7432 3
      vertex 28.3922 2.72711 3
    endloop
  endfacet
  facet normal -0 0 1
    outer loop
      vertex 28.1807 4.90758 3
      vertex 28.2854 2.7432 3
      vertex 28.2854 4.93421 3
    endloop
  endfacet
  facet normal 0 0 1
    outer loop
      vertex 28.1807 4.90758 3
      vertex 28.1807 2.76983 3
      vertex 28.2854 2.7432 3
    endloop
  endfacet
  facet normal -0 0 1
    outer loop
      vertex 28.079 4.87065 3
      vertex 28.1807 2.76983 3
      vertex 28.1807 4.90758 3
    endloop
  endfacet
  facet normal 0 0 1
    outer loop
      vertex 28.079 4.87065 3
      vertex 28.079 2.80676 3
      vertex 28.1807 2.76983 3
    endloop
  endfacet
  facet normal -0 0 1
    outer loop
      vertex 27.9815 4.82378 3
      vertex 28.079 2.80676 3
      vertex 28.079 4.87065 3
    endloop
  endfacet
  facet normal 0 0 1
    outer loop
      vertex 27.9815 4.82378 3
      vertex 27.9815 2.85362 3
      vertex 28.079 2.80676 3
    endloop
  endfacet
  facet normal -0 0 1
    outer loop
      vertex 27.8889 4.76743 3
      vertex 27.9815 2.85362 3
      vertex 27.9815 4.82378 3
    endloop
  endfacet
  facet normal 0 0 1
    outer loop
      vertex 27.8889 4.76743 3
      vertex 27.8889 2.90998 3
      vertex 27.9815 2.85362 3
    endloop
  endfacet
  facet normal -0 0 1
    outer loop
      vertex 27.8022 4.70213 3
      vertex 27.8889 2.90998 3
      vertex 27.8889 4.76743 3
    endloop
  endfacet
  facet normal 0 0 1
    outer loop
      vertex 27.8022 4.70213 3
      vertex 27.8022 2.97527 3
      vertex 27.8889 2.90998 3
    endloop
  endfacet
  facet normal -0 0 1
    outer loop
      vertex 27.7222 4.62852 3
      vertex 27.8022 2.97527 3
      vertex 27.8022 4.70213 3
    endloop
  endfacet
  facet normal 0 0 1
    outer loop
      vertex 27.7222 4.62852 3
      vertex 27.7222 3.04889 3
      vertex 27.8022 2.97527 3
    endloop
  endfacet
  facet normal -0 0 1
    outer loop
      vertex 27.6497 4.5473 3
      vertex 27.7222 3.04889 3
      vertex 27.7222 4.62852 3
    endloop
  endfacet
  facet normal 0 0 1
    outer loop
      vertex 27.6497 4.5473 3
      vertex 27.6497 3.1301 3
      vertex 27.7222 3.04889 3
    endloop
  endfacet
  facet normal -0 0 1
    outer loop
      vertex 27.5854 4.45926 3
      vertex 27.6497 3.1301 3
      vertex 27.6497 4.5473 3
    endloop
  endfacet
  facet normal 0 0 1
    outer loop
      vertex 27.5854 4.45926 3
      vertex 27.5854 3.21815 3
      vertex 27.6497 3.1301 3
    endloop
  endfacet
  facet normal -0 0 1
    outer loop
      vertex 27.5299 4.36524 3
      vertex 27.5854 3.21815 3
      vertex 27.5854 4.45926 3
    endloop
  endfacet
  facet normal 0 0 1
    outer loop
      vertex 27.5299 4.36524 3
      vertex 27.5299 3.31217 3
      vertex 27.5854 3.21815 3
    endloop
  endfacet
  facet normal -0 0 1
    outer loop
      vertex 27.4837 4.26615 3
      vertex 27.5299 3.31217 3
      vertex 27.5299 4.36524 3
    endloop
  endfacet
  facet normal 0 0 1
    outer loop
      vertex 27.4837 4.26615 3
      vertex 27.4837 3.41126 3
      vertex 27.5299 3.31217 3
    endloop
  endfacet
  facet normal -0 0 1
    outer loop
      vertex 27.4474 4.16294 3
      vertex 27.4837 3.41126 3
      vertex 27.4837 4.26615 3
    endloop
  endfacet
  facet normal 0 0 1
    outer loop
      vertex 27.4474 4.16294 3
      vertex 27.4474 3.51446 3
      vertex 27.4837 3.41126 3
    endloop
  endfacet
  facet normal -0 0 1
    outer loop
      vertex 27.4211 4.05661 3
      vertex 27.4474 3.51446 3
      vertex 27.4474 4.16294 3
    endloop
  endfacet
  facet normal 0 0 1
    outer loop
      vertex 27.4211 4.05661 3
      vertex 27.4211 3.62079 3
      vertex 27.4474 3.51446 3
    endloop
  endfacet
  facet normal -0 0 1
    outer loop
      vertex 27.4053 3.94818 3
      vertex 27.4211 3.62079 3
      vertex 27.4211 4.05661 3
    endloop
  endfacet
  facet normal 0 0 1
    outer loop
      vertex 27.4053 3.94818 3
      vertex 27.4053 3.72922 3
      vertex 27.4211 3.62079 3
    endloop
  endfacet
  facet normal 0 -0 1
    outer loop
      vertex 27.4053 3.72922 3
      vertex 27.4053 3.94818 3
      vertex 27.4 3.8387 3
    endloop
  endfacet
  facet normal 0 0 -1
    outer loop
      vertex 19.7 -2 0
      vertex 23 -2 0
      vertex 22.9759 -2.49009 0
    endloop
  endfacet
  facet normal 0 0 -1
    outer loop
      vertex 19.6918 -2.16663 0
      vertex 22.9759 -2.49009 0
      vertex 22.9039 -2.97545 0
    endloop
  endfacet
  facet normal 0 0 -1
    outer loop
      vertex 23 -2 0
      vertex 19.7 -2 0
      vertex 22.9759 -1.50991 0
    endloop
  endfacet
  facet normal 0 0 -1
    outer loop
      vertex 19.6673 -2.33165 0
      vertex 22.9039 -2.97545 0
      vertex 22.7847 -3.45142 0
    endloop
  endfacet
  facet normal 0 0 -1
    outer loop
      vertex 19.6918 -1.83337 0
      vertex 22.9759 -1.50991 0
      vertex 19.7 -2 0
    endloop
  endfacet
  facet normal 0 0 -1
    outer loop
      vertex 19.6268 -2.49348 0
      vertex 22.7847 -3.45142 0
      vertex 22.6194 -3.91342 0
    endloop
  endfacet
  facet normal -0 0 -1
    outer loop
      vertex 22.9759 -1.50991 0
      vertex 19.6918 -1.83337 0
      vertex 22.9039 -1.02455 0
    endloop
  endfacet
  facet normal 0 0 -1
    outer loop
      vertex 19.6673 -1.66835 0
      vertex 22.9039 -1.02455 0
      vertex 19.6918 -1.83337 0
    endloop
  endfacet
  facet normal 0 0 -1
    outer loop
      vertex 19.5706 -2.65056 0
      vertex 22.6194 -3.91342 0
      vertex 22.4096 -4.35698 0
    endloop
  endfacet
  facet normal 0 0 -1
    outer loop
      vertex 36 0 0
      vertex 32.5 15.0138 0
      vertex 36 20 0
    endloop
  endfacet
  facet normal 0 0 -1
    outer loop
      vertex 36 0 0
      vertex 29.011 15.0138 0
      vertex 32.5 15.0138 0
    endloop
  endfacet
  facet normal 0 0 -1
    outer loop
      vertex 29.011 15.0138 0
      vertex 28.8193 17.0714 0
      vertex 28.921 17.0345 0
    endloop
  endfacet
  facet normal 0 0 -1
    outer loop
      vertex 29.011 15.0138 0
      vertex 28.7146 17.0981 0
      vertex 28.8193 17.0714 0
    endloop
  endfacet
  facet normal 0 0 -1
    outer loop
      vertex 29.011 15.0138 0
      vertex 28.6078 17.1141 0
      vertex 28.7146 17.0981 0
    endloop
  endfacet
  facet normal 0 0 -1
    outer loop
      vertex 29.011 15.0138 0
      vertex 28.5 17.1195 0
      vertex 28.6078 17.1141 0
    endloop
  endfacet
  facet normal 0 0 -1
    outer loop
      vertex 29.011 15.0138 0
      vertex 28.3922 17.1141 0
      vertex 28.5 17.1195 0
    endloop
  endfacet
  facet normal 0 0 -1
    outer loop
      vertex 29.011 15.0138 0
      vertex 28.2854 17.0981 0
      vertex 28.3922 17.1141 0
    endloop
  endfacet
  facet normal 0 0 -1
    outer loop
      vertex 29.011 15.0138 0
      vertex 28.1807 17.0714 0
      vertex 28.2854 17.0981 0
    endloop
  endfacet
  facet normal 0 0 -1
    outer loop
      vertex 29.011 15.0138 0
      vertex 28.079 17.0345 0
      vertex 28.1807 17.0714 0
    endloop
  endfacet
  facet normal 0 0 -1
    outer loop
      vertex 27.8889 15.0738 0
      vertex 29.011 15.0138 0
      vertex 27.989 15.0138 0
    endloop
  endfacet
  facet normal 0 0 -1
    outer loop
      vertex 22.5784 0 0
      vertex 29.011 15.0138 0
      vertex 36 0 0
    endloop
  endfacet
  facet normal -0 0 -1
    outer loop
      vertex 29.011 15.0138 0
      vertex 22.5784 0 0
      vertex 27.989 15.0138 0
    endloop
  endfacet
  facet normal 0 0 -1
    outer loop
      vertex 19.4993 -2.80137 0
      vertex 22.4096 -4.35698 0
      vertex 22.1573 -4.77785 0
    endloop
  endfacet
  facet normal 0 0 -1
    outer loop
      vertex 19.6918 6.16663 0
      vertex 27.989 15.0138 0
      vertex 22.5784 0 0
    endloop
  endfacet
  facet normal 0 0 -1
    outer loop
      vertex 22.9759 -2.49009 0
      vertex 19.6918 -2.16663 0
      vertex 19.7 -2 0
    endloop
  endfacet
  facet normal 0 0 -1
    outer loop
      vertex 19.4135 -2.94447 0
      vertex 22.1573 -4.77785 0
      vertex 21.8651 -5.17197 0
    endloop
  endfacet
  facet normal 0 0 -1
    outer loop
      vertex 19.6918 6.16663 0
      vertex 22.5784 0 0
      vertex 19.7 6 0
    endloop
  endfacet
  facet normal 0 0 -1
    outer loop
      vertex 19.3141 -3.07847 0
      vertex 21.8651 -5.17197 0
      vertex 21.5355 -5.53553 0
    endloop
  endfacet
  facet normal 0 0 -1
    outer loop
      vertex 19.2021 -3.20208 0
      vertex 21.5355 -5.53553 0
      vertex 21.172 -5.86505 0
    endloop
  endfacet
  facet normal 0 0 -1
    outer loop
      vertex 22.5784 0 0
      vertex 19.6918 5.83337 0
      vertex 19.7 6 0
    endloop
  endfacet
  facet normal 0 0 -1
    outer loop
      vertex 19.0785 -3.31412 0
      vertex 21.172 -5.86505 0
      vertex 20.7779 -6.15735 0
    endloop
  endfacet
  facet normal 0 0 -1
    outer loop
      vertex 19.6268 6.49348 0
      vertex 27.989 15.0138 0
      vertex 19.6673 6.33165 0
    endloop
  endfacet
  facet normal 0 0 -1
    outer loop
      vertex 18.9445 -3.4135 0
      vertex 20.7779 -6.15735 0
      vertex 20.357 -6.40961 0
    endloop
  endfacet
  facet normal 0 0 -1
    outer loop
      vertex 19.5706 6.65056 0
      vertex 27.989 15.0138 0
      vertex 19.6268 6.49348 0
    endloop
  endfacet
  facet normal 0 0 -1
    outer loop
      vertex 18.8014 -3.49927 0
      vertex 20.357 -6.40961 0
      vertex 19.9134 -6.6194 0
    endloop
  endfacet
  facet normal 0 0 -1
    outer loop
      vertex 19.6268 -1.50652 0
      vertex 22.7847 -0.548576 0
      vertex 19.6673 -1.66835 0
    endloop
  endfacet
  facet normal 0 0 -1
    outer loop
      vertex 19.4993 6.80137 0
      vertex 27.989 15.0138 0
      vertex 19.5706 6.65056 0
    endloop
  endfacet
  facet normal -0 0 -1
    outer loop
      vertex 27.989 15.0138 0
      vertex 19.4993 6.80137 0
      vertex 22.1195 15.0138 0
    endloop
  endfacet
  facet normal 0 0 -1
    outer loop
      vertex 19.6268 14.4935 0
      vertex 21.1584 15.6562 0
      vertex 19.6673 14.3317 0
    endloop
  endfacet
  facet normal 0 0 -1
    outer loop
      vertex 19.5706 14.6506 0
      vertex 21.1584 15.6562 0
      vertex 19.6268 14.4935 0
    endloop
  endfacet
  facet normal -0 0 -1
    outer loop
      vertex 21.1584 15.6562 0
      vertex 19.5706 14.6506 0
      vertex 20.564 15.9416 0
    endloop
  endfacet
  facet normal 0 0 -1
    outer loop
      vertex 19.4993 14.8014 0
      vertex 20.564 15.9416 0
      vertex 19.5706 14.6506 0
    endloop
  endfacet
  facet normal 0 0 -1
    outer loop
      vertex 19.4135 14.9445 0
      vertex 20.564 15.9416 0
      vertex 19.4993 14.8014 0
    endloop
  endfacet
  facet normal -0 0 -1
    outer loop
      vertex 20.564 15.9416 0
      vertex 19.4135 14.9445 0
      vertex 19.9449 16.1665 0
    endloop
  endfacet
  facet normal 0 0 -1
    outer loop
      vertex 19.3141 15.0785 0
      vertex 19.9449 16.1665 0
      vertex 19.4135 14.9445 0
    endloop
  endfacet
  facet normal 0 0 -1
    outer loop
      vertex 19.2021 15.2021 0
      vertex 19.9449 16.1665 0
      vertex 19.3141 15.0785 0
    endloop
  endfacet
  facet normal 0 0 -1
    outer loop
      vertex 19.0785 15.3141 0
      vertex 19.9449 16.1665 0
      vertex 19.2021 15.2021 0
    endloop
  endfacet
  facet normal -0 0 -1
    outer loop
      vertex 19.9449 16.1665 0
      vertex 19.0785 15.3141 0
      vertex 19.3071 16.3288 0
    endloop
  endfacet
  facet normal 0 0 -1
    outer loop
      vertex 18.9445 15.4135 0
      vertex 19.3071 16.3288 0
      vertex 19.0785 15.3141 0
    endloop
  endfacet
  facet normal 0 0 -1
    outer loop
      vertex 18.8014 15.4993 0
      vertex 19.3071 16.3288 0
      vertex 18.9445 15.4135 0
    endloop
  endfacet
  facet normal 0 0 -1
    outer loop
      vertex 18.6506 15.5706 0
      vertex 19.3071 16.3288 0
      vertex 18.8014 15.4993 0
    endloop
  endfacet
  facet normal -0 0 -1
    outer loop
      vertex 19.3071 16.3288 0
      vertex 18.6506 15.5706 0
      vertex 18.6567 16.4267 0
    endloop
  endfacet
  facet normal 0 0 -1
    outer loop
      vertex 18.4935 15.6268 0
      vertex 18.6567 16.4267 0
      vertex 18.6506 15.5706 0
    endloop
  endfacet
  facet normal 0 0 -1
    outer loop
      vertex 18.3317 15.6673 0
      vertex 18.6567 16.4267 0
      vertex 18.4935 15.6268 0
    endloop
  endfacet
  facet normal 0 0 -1
    outer loop
      vertex 18.1666 15.6918 0
      vertex 18.6567 16.4267 0
      vertex 18.3317 15.6673 0
    endloop
  endfacet
  facet normal 0 0 -1
    outer loop
      vertex 18 16.4595 0
      vertex 18.1666 15.6918 0
      vertex 18 15.7 0
    endloop
  endfacet
  facet normal 0 0 -1
    outer loop
      vertex 18.1666 15.6918 0
      vertex 18 16.4595 0
      vertex 18.6567 16.4267 0
    endloop
  endfacet
  facet normal 0 0 -1
    outer loop
      vertex 17.8334 15.6918 0
      vertex 18 16.4595 0
      vertex 18 15.7 0
    endloop
  endfacet
  facet normal 0 0 -1
    outer loop
      vertex 17.6683 15.6673 0
      vertex 18 16.4595 0
      vertex 17.8334 15.6918 0
    endloop
  endfacet
  facet normal 0 0 -1
    outer loop
      vertex 17.3433 16.4267 0
      vertex 17.6683 15.6673 0
      vertex 17.5065 15.6268 0
    endloop
  endfacet
  facet normal 0 0 -1
    outer loop
      vertex 17.3433 16.4267 0
      vertex 17.5065 15.6268 0
      vertex 17.3494 15.5706 0
    endloop
  endfacet
  facet normal 0 0 -1
    outer loop
      vertex 17.6683 15.6673 0
      vertex 17.3433 16.4267 0
      vertex 18 16.4595 0
    endloop
  endfacet
  facet normal 0 0 -1
    outer loop
      vertex 16.6929 16.3288 0
      vertex 17.3494 15.5706 0
      vertex 17.1986 15.4993 0
    endloop
  endfacet
  facet normal 0 0 -1
    outer loop
      vertex 16.6929 16.3288 0
      vertex 17.1986 15.4993 0
      vertex 17.0555 15.4135 0
    endloop
  endfacet
  facet normal 0 0 -1
    outer loop
      vertex 16.6929 16.3288 0
      vertex 17.0555 15.4135 0
      vertex 16.9215 15.3141 0
    endloop
  endfacet
  facet normal 0 0 -1
    outer loop
      vertex 16.0551 16.1665 0
      vertex 16.9215 15.3141 0
      vertex 16.7979 15.2021 0
    endloop
  endfacet
  facet normal 0 0 -1
    outer loop
      vertex 17.3494 15.5706 0
      vertex 16.6929 16.3288 0
      vertex 17.3433 16.4267 0
    endloop
  endfacet
  facet normal 0 0 -1
    outer loop
      vertex 16.0551 16.1665 0
      vertex 16.7979 15.2021 0
      vertex 16.6859 15.0785 0
    endloop
  endfacet
  facet normal 0 0 -1
    outer loop
      vertex 16.0551 16.1665 0
      vertex 16.6859 15.0785 0
      vertex 16.5865 14.9445 0
    endloop
  endfacet
  facet normal 0 0 -1
    outer loop
      vertex 16.0551 16.1665 0
      vertex 16.5865 14.9445 0
      vertex 16.5007 14.8014 0
    endloop
  endfacet
  facet normal 0 0 -1
    outer loop
      vertex 16.0551 16.1665 0
      vertex 16.5007 14.8014 0
      vertex 16.4294 14.6506 0
    endloop
  endfacet
  facet normal 0 0 -1
    outer loop
      vertex 16.0551 16.1665 0
      vertex 16.4294 14.6506 0
      vertex 16.3732 14.4935 0
    endloop
  endfacet
  facet normal 0 0 -1
    outer loop
      vertex 16.0551 16.1665 0
      vertex 16.3732 14.4935 0
      vertex 16.3327 14.3317 0
    endloop
  endfacet
  facet normal 0 0 -1
    outer loop
      vertex 16.9215 15.3141 0
      vertex 16.0551 16.1665 0
      vertex 16.6929 16.3288 0
    endloop
  endfacet
  facet normal 0 0 -1
    outer loop
      vertex 16.3082 14.1666 0
      vertex 16.0551 16.1665 0
      vertex 16.3327 14.3317 0
    endloop
  endfacet
  facet normal 0 0 -1
    outer loop
      vertex 16.3 14 0
      vertex 16.0551 16.1665 0
      vertex 16.3082 14.1666 0
    endloop
  endfacet
  facet normal 0 0 -1
    outer loop
      vertex 16.3082 13.8334 0
      vertex 16.0551 16.1665 0
      vertex 16.3 14 0
    endloop
  endfacet
  facet normal 0 0 -1
    outer loop
      vertex 13.4216 0 0
      vertex 16.0866 -6.6194 0
      vertex 15.643 -6.40961 0
    endloop
  endfacet
  facet normal 0 0 -1
    outer loop
      vertex 8.01098 15.0138 0
      vertex 16.3 6 0
      vertex 13.4216 0 0
    endloop
  endfacet
  facet normal 0 0 -1
    outer loop
      vertex 13.4216 0 0
      vertex 15.643 -6.40961 0
      vertex 15.2221 -6.15735 0
    endloop
  endfacet
  facet normal 0 -0 -1
    outer loop
      vertex 14.2777 15.3129 0
      vertex 16.3 6 0
      vertex 13.8805 15.0138 0
    endloop
  endfacet
  facet normal 0 0 -1
    outer loop
      vertex 13.4216 0 0
      vertex 15.2221 -6.15735 0
      vertex 14.828 -5.86505 0
    endloop
  endfacet
  facet normal 0 0 -1
    outer loop
      vertex 13.4216 0 0
      vertex 14.828 -5.86505 0
      vertex 14.4645 -5.53553 0
    endloop
  endfacet
  facet normal 0 0 -1
    outer loop
      vertex 16.3 6 0
      vertex 15.436 15.9416 0
      vertex 16.0551 16.1665 0
    endloop
  endfacet
  facet normal 0 0 -1
    outer loop
      vertex 13.4216 0 0
      vertex 14.4645 -5.53553 0
      vertex 14.1349 -5.17197 0
    endloop
  endfacet
  facet normal 0 0 -1
    outer loop
      vertex 16.3 6 0
      vertex 14.8416 15.6562 0
      vertex 15.436 15.9416 0
    endloop
  endfacet
  facet normal 0 0 -1
    outer loop
      vertex 13.4216 0 0
      vertex 14.1349 -5.17197 0
      vertex 13.8427 -4.77785 0
    endloop
  endfacet
  facet normal 0 0 -1
    outer loop
      vertex 13.4216 0 0
      vertex 13.8427 -4.77785 0
      vertex 13.5904 -4.35698 0
    endloop
  endfacet
  facet normal 0 0 -1
    outer loop
      vertex 16.3 6 0
      vertex 14.2777 15.3129 0
      vertex 14.8416 15.6562 0
    endloop
  endfacet
  facet normal 0 0 -1
    outer loop
      vertex 16.3 6 0
      vertex 8.01098 15.0138 0
      vertex 13.8805 15.0138 0
    endloop
  endfacet
  facet normal 0 0 -1
    outer loop
      vertex 8.01098 15.0138 0
      vertex 7.81931 17.0714 0
      vertex 7.92095 17.0345 0
    endloop
  endfacet
  facet normal 0 0 -1
    outer loop
      vertex 8.01098 15.0138 0
      vertex 7.7146 17.0981 0
      vertex 7.81931 17.0714 0
    endloop
  endfacet
  facet normal 0 0 -1
    outer loop
      vertex 8.01098 15.0138 0
      vertex 7.60782 17.1141 0
      vertex 7.7146 17.0981 0
    endloop
  endfacet
  facet normal 0 0 -1
    outer loop
      vertex 8.01098 15.0138 0
      vertex 7.5 17.1195 0
      vertex 7.60782 17.1141 0
    endloop
  endfacet
  facet normal 0 0 -1
    outer loop
      vertex 8.01098 15.0138 0
      vertex 7.39218 17.1141 0
      vertex 7.5 17.1195 0
    endloop
  endfacet
  facet normal 0 0 -1
    outer loop
      vertex 8.01098 15.0138 0
      vertex 7.2854 17.0981 0
      vertex 7.39218 17.1141 0
    endloop
  endfacet
  facet normal 0 0 -1
    outer loop
      vertex 8.01098 15.0138 0
      vertex 7.18069 17.0714 0
      vertex 7.2854 17.0981 0
    endloop
  endfacet
  facet normal 0 0 -1
    outer loop
      vertex 6.98902 15.0138 0
      vertex 8.01098 15.0138 0
      vertex 13.4216 0 0
    endloop
  endfacet
  facet normal 0 0 -1
    outer loop
      vertex 8.01098 15.0138 0
      vertex 6.98902 15.0138 0
      vertex 7.18069 17.0714 0
    endloop
  endfacet
  facet normal 0 0 -1
    outer loop
      vertex 7.18069 17.0714 0
      vertex 6.98902 15.0138 0
      vertex 7.07905 17.0345 0
    endloop
  endfacet
  facet normal 0 0 -1
    outer loop
      vertex 0 0 0
      vertex 6.98902 15.0138 0
      vertex 13.4216 0 0
    endloop
  endfacet
  facet normal -0 0 -1
    outer loop
      vertex 6.98902 15.0138 0
      vertex 0 0 0
      vertex 3.5 15.0138 0
    endloop
  endfacet
  facet normal 0 0 -1
    outer loop
      vertex 0 20 0
      vertex 3.5 15.0138 0
      vertex 0 0 0
    endloop
  endfacet
  facet normal 0 0 -1
    outer loop
      vertex 3.5 15.0138 0
      vertex 0 20 0
      vertex 3.5 20 0
    endloop
  endfacet
  facet normal -0 0 -1
    outer loop
      vertex 36 20 0
      vertex 32.5 15.0138 0
      vertex 32.5 20 0
    endloop
  endfacet
  facet normal 0 0 -1
    outer loop
      vertex 29.5947 15.8931 0
      vertex 29.5947 16.112 0
      vertex 29.6 16.0026 0
    endloop
  endfacet
  facet normal 0 0 -1
    outer loop
      vertex 29.5789 15.7846 0
      vertex 29.5947 16.112 0
      vertex 29.5947 15.8931 0
    endloop
  endfacet
  facet normal 0 0 -1
    outer loop
      vertex 29.5789 15.7846 0
      vertex 29.5789 16.2205 0
      vertex 29.5947 16.112 0
    endloop
  endfacet
  facet normal 0 0 -1
    outer loop
      vertex 29.5526 15.6783 0
      vertex 29.5789 16.2205 0
      vertex 29.5789 15.7846 0
    endloop
  endfacet
  facet normal 0 0 -1
    outer loop
      vertex 29.5526 15.6783 0
      vertex 29.5526 16.3268 0
      vertex 29.5789 16.2205 0
    endloop
  endfacet
  facet normal 0 0 -1
    outer loop
      vertex 29.5163 15.5751 0
      vertex 29.5526 16.3268 0
      vertex 29.5526 15.6783 0
    endloop
  endfacet
  facet normal 0 0 -1
    outer loop
      vertex 29.5163 15.5751 0
      vertex 29.5163 16.43 0
      vertex 29.5526 16.3268 0
    endloop
  endfacet
  facet normal 0 0 -1
    outer loop
      vertex 29.4701 15.476 0
      vertex 29.5163 16.43 0
      vertex 29.5163 15.5751 0
    endloop
  endfacet
  facet normal 0 0 -1
    outer loop
      vertex 29.4701 15.476 0
      vertex 29.4701 16.5291 0
      vertex 29.5163 16.43 0
    endloop
  endfacet
  facet normal 0 0 -1
    outer loop
      vertex 29.4146 15.382 0
      vertex 29.4701 16.5291 0
      vertex 29.4701 15.476 0
    endloop
  endfacet
  facet normal 0 0 -1
    outer loop
      vertex 29.4146 15.382 0
      vertex 29.4146 16.6231 0
      vertex 29.4701 16.5291 0
    endloop
  endfacet
  facet normal 0 0 -1
    outer loop
      vertex 29.3503 15.294 0
      vertex 29.4146 16.6231 0
      vertex 29.4146 15.382 0
    endloop
  endfacet
  facet normal 0 0 -1
    outer loop
      vertex 29.3503 15.294 0
      vertex 29.3503 16.7112 0
      vertex 29.4146 16.6231 0
    endloop
  endfacet
  facet normal 0 0 -1
    outer loop
      vertex 29.2778 15.2127 0
      vertex 29.3503 16.7112 0
      vertex 29.3503 15.294 0
    endloop
  endfacet
  facet normal 0 0 -1
    outer loop
      vertex 29.2778 15.2127 0
      vertex 29.2778 16.7924 0
      vertex 29.3503 16.7112 0
    endloop
  endfacet
  facet normal 0 0 -1
    outer loop
      vertex 29.1978 15.1391 0
      vertex 29.2778 16.7924 0
      vertex 29.2778 15.2127 0
    endloop
  endfacet
  facet normal 0 0 -1
    outer loop
      vertex 29.1978 15.1391 0
      vertex 29.1978 16.866 0
      vertex 29.2778 16.7924 0
    endloop
  endfacet
  facet normal 0 0 -1
    outer loop
      vertex 29.1111 15.0738 0
      vertex 29.1978 16.866 0
      vertex 29.1978 15.1391 0
    endloop
  endfacet
  facet normal 0 0 -1
    outer loop
      vertex 29.1111 15.0738 0
      vertex 29.1111 16.9313 0
      vertex 29.1978 16.866 0
    endloop
  endfacet
  facet normal 0 0 -1
    outer loop
      vertex 29.011 15.0138 0
      vertex 29.1111 15.0738 0
      vertex 29.0185 15.0175 0
    endloop
  endfacet
  facet normal -0 0 -1
    outer loop
      vertex 29.1111 15.0738 0
      vertex 29.011 15.0138 0
      vertex 29.1111 16.9313 0
    endloop
  endfacet
  facet normal -0 0 -1
    outer loop
      vertex 29.1111 16.9313 0
      vertex 29.011 15.0138 0
      vertex 29.0185 16.9876 0
    endloop
  endfacet
  facet normal -0 0 -1
    outer loop
      vertex 29.0185 16.9876 0
      vertex 29.011 15.0138 0
      vertex 28.921 17.0345 0
    endloop
  endfacet
  facet normal 0 0 -1
    outer loop
      vertex 27.8889 15.0738 0
      vertex 27.989 15.0138 0
      vertex 27.9815 15.0175 0
    endloop
  endfacet
  facet normal 0 0 -1
    outer loop
      vertex 29.011 15.0138 0
      vertex 27.9815 16.9876 0
      vertex 28.079 17.0345 0
    endloop
  endfacet
  facet normal 0 0 -1
    outer loop
      vertex 27.8022 15.1391 0
      vertex 29.011 15.0138 0
      vertex 27.8889 15.0738 0
    endloop
  endfacet
  facet normal 0 0 -1
    outer loop
      vertex 29.011 15.0138 0
      vertex 27.8889 16.9313 0
      vertex 27.9815 16.9876 0
    endloop
  endfacet
  facet normal 0 0 -1
    outer loop
      vertex 27.7222 15.2127 0
      vertex 29.011 15.0138 0
      vertex 27.8022 15.1391 0
    endloop
  endfacet
  facet normal 0 0 -1
    outer loop
      vertex 29.011 15.0138 0
      vertex 27.8022 16.866 0
      vertex 27.8889 16.9313 0
    endloop
  endfacet
  facet normal 0 0 -1
    outer loop
      vertex 27.6497 15.294 0
      vertex 29.011 15.0138 0
      vertex 27.7222 15.2127 0
    endloop
  endfacet
  facet normal 0 0 -1
    outer loop
      vertex 29.011 15.0138 0
      vertex 27.7222 16.7924 0
      vertex 27.8022 16.866 0
    endloop
  endfacet
  facet normal 0 0 -1
    outer loop
      vertex 27.5854 15.382 0
      vertex 29.011 15.0138 0
      vertex 27.6497 15.294 0
    endloop
  endfacet
  facet normal 0 0 -1
    outer loop
      vertex 29.011 15.0138 0
      vertex 27.6497 16.7112 0
      vertex 27.7222 16.7924 0
    endloop
  endfacet
  facet normal 0 0 -1
    outer loop
      vertex 27.5299 15.476 0
      vertex 29.011 15.0138 0
      vertex 27.5854 15.382 0
    endloop
  endfacet
  facet normal 0 0 -1
    outer loop
      vertex 29.011 15.0138 0
      vertex 27.5854 16.6231 0
      vertex 27.6497 16.7112 0
    endloop
  endfacet
  facet normal 0 0 -1
    outer loop
      vertex 27.4837 15.5751 0
      vertex 29.011 15.0138 0
      vertex 27.5299 15.476 0
    endloop
  endfacet
  facet normal 0 0 -1
    outer loop
      vertex 29.011 15.0138 0
      vertex 27.5299 16.5291 0
      vertex 27.5854 16.6231 0
    endloop
  endfacet
  facet normal 0 0 -1
    outer loop
      vertex 29.011 15.0138 0
      vertex 27.4837 15.5751 0
      vertex 27.5299 16.5291 0
    endloop
  endfacet
  facet normal 0 0 -1
    outer loop
      vertex 27.4837 15.5751 0
      vertex 27.4837 16.43 0
      vertex 27.5299 16.5291 0
    endloop
  endfacet
  facet normal 0 0 -1
    outer loop
      vertex 27.4474 15.6783 0
      vertex 27.4837 16.43 0
      vertex 27.4837 15.5751 0
    endloop
  endfacet
  facet normal 0 0 -1
    outer loop
      vertex 27.4474 15.6783 0
      vertex 27.4474 16.3268 0
      vertex 27.4837 16.43 0
    endloop
  endfacet
  facet normal 0 0 -1
    outer loop
      vertex 27.4211 15.7846 0
      vertex 27.4474 16.3268 0
      vertex 27.4474 15.6783 0
    endloop
  endfacet
  facet normal 0 0 -1
    outer loop
      vertex 27.4211 15.7846 0
      vertex 27.4211 16.2205 0
      vertex 27.4474 16.3268 0
    endloop
  endfacet
  facet normal 0 0 -1
    outer loop
      vertex 27.4053 15.8931 0
      vertex 27.4211 16.2205 0
      vertex 27.4211 15.7846 0
    endloop
  endfacet
  facet normal 0 0 -1
    outer loop
      vertex 27.4053 15.8931 0
      vertex 27.4053 16.112 0
      vertex 27.4211 16.2205 0
    endloop
  endfacet
  facet normal 0 -0 -1
    outer loop
      vertex 27.4053 16.112 0
      vertex 27.4053 15.8931 0
      vertex 27.4 16.0026 0
    endloop
  endfacet
  facet normal 0 0 -1
    outer loop
      vertex 13.3806 -3.91342 0
      vertex 13.4216 0 0
      vertex 13.5904 -4.35698 0
    endloop
  endfacet
  facet normal 0 0 -1
    outer loop
      vertex 13.2153 -3.45142 0
      vertex 13.4216 0 0
      vertex 13.3806 -3.91342 0
    endloop
  endfacet
  facet normal 0 0 -1
    outer loop
      vertex 13.2153 -0.548576 0
      vertex 13.4216 0 0
      vertex 13.2153 -3.45142 0
    endloop
  endfacet
  facet normal 0 0 -1
    outer loop
      vertex 13.4216 0 0
      vertex 13.2153 -0.548576 0
      vertex 13.3806 -0.0865822 0
    endloop
  endfacet
  facet normal 0 0 -1
    outer loop
      vertex 13.0961 -2.97545 0
      vertex 13.2153 -0.548576 0
      vertex 13.2153 -3.45142 0
    endloop
  endfacet
  facet normal 0 0 -1
    outer loop
      vertex 13.0961 -2.97545 0
      vertex 13.0961 -1.02455 0
      vertex 13.2153 -0.548576 0
    endloop
  endfacet
  facet normal 0 0 -1
    outer loop
      vertex 13.0241 -2.49009 0
      vertex 13.0961 -1.02455 0
      vertex 13.0961 -2.97545 0
    endloop
  endfacet
  facet normal 0 0 -1
    outer loop
      vertex 13.0241 -2.49009 0
      vertex 13.0241 -1.50991 0
      vertex 13.0961 -1.02455 0
    endloop
  endfacet
  facet normal 0 -0 -1
    outer loop
      vertex 13.0241 -1.50991 0
      vertex 13.0241 -2.49009 0
      vertex 13 -2 0
    endloop
  endfacet
  facet normal 0 0 -1
    outer loop
      vertex 8.5947 15.8931 0
      vertex 8.5947 16.112 0
      vertex 8.6 16.0026 0
    endloop
  endfacet
  facet normal 0 0 -1
    outer loop
      vertex 8.57886 15.7846 0
      vertex 8.5947 16.112 0
      vertex 8.5947 15.8931 0
    endloop
  endfacet
  facet normal 0 0 -1
    outer loop
      vertex 8.57886 15.7846 0
      vertex 8.57886 16.2205 0
      vertex 8.5947 16.112 0
    endloop
  endfacet
  facet normal 0 0 -1
    outer loop
      vertex 8.55263 15.6783 0
      vertex 8.57886 16.2205 0
      vertex 8.57886 15.7846 0
    endloop
  endfacet
  facet normal 0 0 -1
    outer loop
      vertex 8.55263 15.6783 0
      vertex 8.55263 16.3268 0
      vertex 8.57886 16.2205 0
    endloop
  endfacet
  facet normal 0 0 -1
    outer loop
      vertex 8.51627 15.5751 0
      vertex 8.55263 16.3268 0
      vertex 8.55263 15.6783 0
    endloop
  endfacet
  facet normal 0 0 -1
    outer loop
      vertex 8.51627 15.5751 0
      vertex 8.51627 16.43 0
      vertex 8.55263 16.3268 0
    endloop
  endfacet
  facet normal 0 0 -1
    outer loop
      vertex 8.47011 15.476 0
      vertex 8.51627 16.43 0
      vertex 8.51627 15.5751 0
    endloop
  endfacet
  facet normal 0 0 -1
    outer loop
      vertex 8.47011 15.476 0
      vertex 8.47011 16.5291 0
      vertex 8.51627 16.43 0
    endloop
  endfacet
  facet normal 0 0 -1
    outer loop
      vertex 8.41462 15.382 0
      vertex 8.47011 16.5291 0
      vertex 8.47011 15.476 0
    endloop
  endfacet
  facet normal 0 0 -1
    outer loop
      vertex 8.41462 15.382 0
      vertex 8.41462 16.6231 0
      vertex 8.47011 16.5291 0
    endloop
  endfacet
  facet normal 0 0 -1
    outer loop
      vertex 8.35031 15.294 0
      vertex 8.41462 16.6231 0
      vertex 8.41462 15.382 0
    endloop
  endfacet
  facet normal 0 0 -1
    outer loop
      vertex 8.35031 15.294 0
      vertex 8.35031 16.7112 0
      vertex 8.41462 16.6231 0
    endloop
  endfacet
  facet normal 0 0 -1
    outer loop
      vertex 8.27782 15.2127 0
      vertex 8.35031 16.7112 0
      vertex 8.35031 15.294 0
    endloop
  endfacet
  facet normal 0 0 -1
    outer loop
      vertex 8.27782 15.2127 0
      vertex 8.27782 16.7924 0
      vertex 8.35031 16.7112 0
    endloop
  endfacet
  facet normal 0 0 -1
    outer loop
      vertex 8.19783 15.1391 0
      vertex 8.27782 16.7924 0
      vertex 8.27782 15.2127 0
    endloop
  endfacet
  facet normal 0 0 -1
    outer loop
      vertex 8.19783 15.1391 0
      vertex 8.19783 16.866 0
      vertex 8.27782 16.7924 0
    endloop
  endfacet
  facet normal 0 0 -1
    outer loop
      vertex 8.11113 15.0738 0
      vertex 8.19783 16.866 0
      vertex 8.19783 15.1391 0
    endloop
  endfacet
  facet normal 0 0 -1
    outer loop
      vertex 8.11113 15.0738 0
      vertex 8.11113 16.9313 0
      vertex 8.19783 16.866 0
    endloop
  endfacet
  facet normal 0 0 -1
    outer loop
      vertex 8.01098 15.0138 0
      vertex 8.11113 15.0738 0
      vertex 8.01854 15.0175 0
    endloop
  endfacet
  facet normal -0 0 -1
    outer loop
      vertex 8.11113 15.0738 0
      vertex 8.01098 15.0138 0
      vertex 8.11113 16.9313 0
    endloop
  endfacet
  facet normal -0 0 -1
    outer loop
      vertex 8.11113 16.9313 0
      vertex 8.01098 15.0138 0
      vertex 8.01854 16.9876 0
    endloop
  endfacet
  facet normal -0 0 -1
    outer loop
      vertex 8.01854 16.9876 0
      vertex 8.01098 15.0138 0
      vertex 7.92095 17.0345 0
    endloop
  endfacet
  facet normal 0 0 -1
    outer loop
      vertex 6.88887 15.0738 0
      vertex 6.98902 15.0138 0
      vertex 6.98146 15.0175 0
    endloop
  endfacet
  facet normal 0 0 -1
    outer loop
      vertex 6.98902 15.0138 0
      vertex 6.98146 16.9876 0
      vertex 7.07905 17.0345 0
    endloop
  endfacet
  facet normal 0 0 -1
    outer loop
      vertex 6.98902 15.0138 0
      vertex 6.88887 15.0738 0
      vertex 6.98146 16.9876 0
    endloop
  endfacet
  facet normal 0 0 -1
    outer loop
      vertex 6.88887 15.0738 0
      vertex 6.88887 16.9313 0
      vertex 6.98146 16.9876 0
    endloop
  endfacet
  facet normal 0 0 -1
    outer loop
      vertex 6.80217 15.1391 0
      vertex 6.88887 16.9313 0
      vertex 6.88887 15.0738 0
    endloop
  endfacet
  facet normal 0 0 -1
    outer loop
      vertex 6.80217 15.1391 0
      vertex 6.80217 16.866 0
      vertex 6.88887 16.9313 0
    endloop
  endfacet
  facet normal 0 0 -1
    outer loop
      vertex 6.72218 15.2127 0
      vertex 6.80217 16.866 0
      vertex 6.80217 15.1391 0
    endloop
  endfacet
  facet normal 0 0 -1
    outer loop
      vertex 6.72218 15.2127 0
      vertex 6.72218 16.7924 0
      vertex 6.80217 16.866 0
    endloop
  endfacet
  facet normal 0 0 -1
    outer loop
      vertex 6.64969 15.294 0
      vertex 6.72218 16.7924 0
      vertex 6.72218 15.2127 0
    endloop
  endfacet
  facet normal 0 0 -1
    outer loop
      vertex 6.64969 15.294 0
      vertex 6.64969 16.7112 0
      vertex 6.72218 16.7924 0
    endloop
  endfacet
  facet normal 0 0 -1
    outer loop
      vertex 6.58538 15.382 0
      vertex 6.64969 16.7112 0
      vertex 6.64969 15.294 0
    endloop
  endfacet
  facet normal 0 0 -1
    outer loop
      vertex 6.58538 15.382 0
      vertex 6.58538 16.6231 0
      vertex 6.64969 16.7112 0
    endloop
  endfacet
  facet normal 0 0 -1
    outer loop
      vertex 6.52989 15.476 0
      vertex 6.58538 16.6231 0
      vertex 6.58538 15.382 0
    endloop
  endfacet
  facet normal 0 0 -1
    outer loop
      vertex 6.52989 15.476 0
      vertex 6.52989 16.5291 0
      vertex 6.58538 16.6231 0
    endloop
  endfacet
  facet normal 0 0 -1
    outer loop
      vertex 6.48373 15.5751 0
      vertex 6.52989 16.5291 0
      vertex 6.52989 15.476 0
    endloop
  endfacet
  facet normal 0 0 -1
    outer loop
      vertex 6.48373 15.5751 0
      vertex 6.48373 16.43 0
      vertex 6.52989 16.5291 0
    endloop
  endfacet
  facet normal 0 0 -1
    outer loop
      vertex 6.44736 15.6783 0
      vertex 6.48373 16.43 0
      vertex 6.48373 15.5751 0
    endloop
  endfacet
  facet normal 0 0 -1
    outer loop
      vertex 6.44736 15.6783 0
      vertex 6.44736 16.3268 0
      vertex 6.48373 16.43 0
    endloop
  endfacet
  facet normal 0 0 -1
    outer loop
      vertex 6.42114 15.7846 0
      vertex 6.44736 16.3268 0
      vertex 6.44736 15.6783 0
    endloop
  endfacet
  facet normal 0 0 -1
    outer loop
      vertex 6.42114 15.7846 0
      vertex 6.42114 16.2205 0
      vertex 6.44736 16.3268 0
    endloop
  endfacet
  facet normal 0 0 -1
    outer loop
      vertex 6.4053 15.8931 0
      vertex 6.42114 16.2205 0
      vertex 6.42114 15.7846 0
    endloop
  endfacet
  facet normal 0 0 -1
    outer loop
      vertex 6.4053 15.8931 0
      vertex 6.4053 16.112 0
      vertex 6.42114 16.2205 0
    endloop
  endfacet
  facet normal 0 -0 -1
    outer loop
      vertex 6.4053 16.112 0
      vertex 6.4053 15.8931 0
      vertex 6.4 16.0026 0
    endloop
  endfacet
  facet normal 0 0 -1
    outer loop
      vertex 19.6673 14.3317 0
      vertex 21.7223 15.3129 0
      vertex 19.6918 14.1666 0
    endloop
  endfacet
  facet normal -0 0 -1
    outer loop
      vertex 21.7223 15.3129 0
      vertex 19.6673 14.3317 0
      vertex 21.1584 15.6562 0
    endloop
  endfacet
  facet normal 0 0 -1
    outer loop
      vertex 19.4135 6.94447 0
      vertex 22.1195 15.0138 0
      vertex 19.4993 6.80137 0
    endloop
  endfacet
  facet normal 0 0 -1
    outer loop
      vertex 19.6918 14.1666 0
      vertex 21.7223 15.3129 0
      vertex 19.7 14 0
    endloop
  endfacet
  facet normal 0 -0 -1
    outer loop
      vertex 19.7 14 0
      vertex 22.1195 15.0138 0
      vertex 19.6918 13.8334 0
    endloop
  endfacet
  facet normal -0 0 -1
    outer loop
      vertex 22.1195 15.0138 0
      vertex 19.7 14 0
      vertex 21.7223 15.3129 0
    endloop
  endfacet
  facet normal 0 -0 -1
    outer loop
      vertex 19.6673 13.6683 0
      vertex 22.1195 15.0138 0
      vertex 19.6268 13.5065 0
    endloop
  endfacet
  facet normal 0 -0 -1
    outer loop
      vertex 19.6918 13.8334 0
      vertex 22.1195 15.0138 0
      vertex 19.6673 13.6683 0
    endloop
  endfacet
  facet normal 0 -0 -1
    outer loop
      vertex 19.5706 13.3494 0
      vertex 22.1195 15.0138 0
      vertex 19.4993 13.1986 0
    endloop
  endfacet
  facet normal 0 -0 -1
    outer loop
      vertex 19.6268 13.5065 0
      vertex 22.1195 15.0138 0
      vertex 19.5706 13.3494 0
    endloop
  endfacet
  facet normal 0 0 -1
    outer loop
      vertex 19.4135 13.0555 0
      vertex 22.1195 15.0138 0
      vertex 19.4135 6.94447 0
    endloop
  endfacet
  facet normal 0 0 -1
    outer loop
      vertex 22.1195 15.0138 0
      vertex 19.4135 13.0555 0
      vertex 19.4993 13.1986 0
    endloop
  endfacet
  facet normal 0 0 -1
    outer loop
      vertex 19.3141 7.07847 0
      vertex 19.4135 13.0555 0
      vertex 19.4135 6.94447 0
    endloop
  endfacet
  facet normal 0 0 -1
    outer loop
      vertex 19.3141 7.07847 0
      vertex 19.3141 12.9215 0
      vertex 19.4135 13.0555 0
    endloop
  endfacet
  facet normal 0 0 -1
    outer loop
      vertex 19.2021 7.20208 0
      vertex 19.3141 12.9215 0
      vertex 19.3141 7.07847 0
    endloop
  endfacet
  facet normal 0 0 -1
    outer loop
      vertex 19.2021 7.20208 0
      vertex 19.2021 12.7979 0
      vertex 19.3141 12.9215 0
    endloop
  endfacet
  facet normal 0 0 -1
    outer loop
      vertex 19.0785 7.31412 0
      vertex 19.2021 12.7979 0
      vertex 19.2021 7.20208 0
    endloop
  endfacet
  facet normal 0 0 -1
    outer loop
      vertex 19.0785 7.31412 0
      vertex 19.0785 12.6859 0
      vertex 19.2021 12.7979 0
    endloop
  endfacet
  facet normal 0 0 -1
    outer loop
      vertex 18.9445 7.4135 0
      vertex 19.0785 12.6859 0
      vertex 19.0785 7.31412 0
    endloop
  endfacet
  facet normal 0 0 -1
    outer loop
      vertex 18.9445 7.4135 0
      vertex 18.9445 12.5865 0
      vertex 19.0785 12.6859 0
    endloop
  endfacet
  facet normal 0 0 -1
    outer loop
      vertex 18.8014 7.49927 0
      vertex 18.9445 12.5865 0
      vertex 18.9445 7.4135 0
    endloop
  endfacet
  facet normal 0 0 -1
    outer loop
      vertex 18.8014 7.49927 0
      vertex 18.8014 12.5007 0
      vertex 18.9445 12.5865 0
    endloop
  endfacet
  facet normal 0 0 -1
    outer loop
      vertex 18.6506 7.57059 0
      vertex 18.8014 12.5007 0
      vertex 18.8014 7.49927 0
    endloop
  endfacet
  facet normal 0 0 -1
    outer loop
      vertex 18.6506 7.57059 0
      vertex 18.6506 12.4294 0
      vertex 18.8014 12.5007 0
    endloop
  endfacet
  facet normal 0 0 -1
    outer loop
      vertex 18.4935 7.6268 0
      vertex 18.6506 12.4294 0
      vertex 18.6506 7.57059 0
    endloop
  endfacet
  facet normal 0 0 -1
    outer loop
      vertex 18.4935 7.6268 0
      vertex 18.4935 12.3732 0
      vertex 18.6506 12.4294 0
    endloop
  endfacet
  facet normal 0 0 -1
    outer loop
      vertex 18.3317 7.66733 0
      vertex 18.4935 12.3732 0
      vertex 18.4935 7.6268 0
    endloop
  endfacet
  facet normal 0 0 -1
    outer loop
      vertex 18.3317 7.66733 0
      vertex 18.3317 12.3327 0
      vertex 18.4935 12.3732 0
    endloop
  endfacet
  facet normal 0 0 -1
    outer loop
      vertex 18.1666 7.69181 0
      vertex 18.3317 12.3327 0
      vertex 18.3317 7.66733 0
    endloop
  endfacet
  facet normal 0 0 -1
    outer loop
      vertex 18.1666 7.69181 0
      vertex 18.1666 12.3082 0
      vertex 18.3317 12.3327 0
    endloop
  endfacet
  facet normal 0 0 -1
    outer loop
      vertex 18 7.7 0
      vertex 18.1666 12.3082 0
      vertex 18.1666 7.69181 0
    endloop
  endfacet
  facet normal 0 0 -1
    outer loop
      vertex 18 7.7 0
      vertex 18 12.3 0
      vertex 18.1666 12.3082 0
    endloop
  endfacet
  facet normal 0 0 -1
    outer loop
      vertex 17.8334 7.69181 0
      vertex 18 12.3 0
      vertex 18 7.7 0
    endloop
  endfacet
  facet normal 0 0 -1
    outer loop
      vertex 17.8334 7.69181 0
      vertex 17.8334 12.3082 0
      vertex 18 12.3 0
    endloop
  endfacet
  facet normal 0 0 -1
    outer loop
      vertex 17.6683 7.66733 0
      vertex 17.8334 12.3082 0
      vertex 17.8334 7.69181 0
    endloop
  endfacet
  facet normal 0 0 -1
    outer loop
      vertex 17.6683 7.66733 0
      vertex 17.6683 12.3327 0
      vertex 17.8334 12.3082 0
    endloop
  endfacet
  facet normal 0 0 -1
    outer loop
      vertex 17.5065 7.6268 0
      vertex 17.6683 12.3327 0
      vertex 17.6683 7.66733 0
    endloop
  endfacet
  facet normal 0 0 -1
    outer loop
      vertex 17.5065 7.6268 0
      vertex 17.5065 12.3732 0
      vertex 17.6683 12.3327 0
    endloop
  endfacet
  facet normal 0 0 -1
    outer loop
      vertex 17.3494 7.57059 0
      vertex 17.5065 12.3732 0
      vertex 17.5065 7.6268 0
    endloop
  endfacet
  facet normal 0 0 -1
    outer loop
      vertex 17.3494 7.57059 0
      vertex 17.3494 12.4294 0
      vertex 17.5065 12.3732 0
    endloop
  endfacet
  facet normal 0 0 -1
    outer loop
      vertex 17.1986 7.49927 0
      vertex 17.3494 12.4294 0
      vertex 17.3494 7.57059 0
    endloop
  endfacet
  facet normal 0 0 -1
    outer loop
      vertex 17.1986 7.49927 0
      vertex 17.1986 12.5007 0
      vertex 17.3494 12.4294 0
    endloop
  endfacet
  facet normal 0 0 -1
    outer loop
      vertex 17.0555 7.4135 0
      vertex 17.1986 12.5007 0
      vertex 17.1986 7.49927 0
    endloop
  endfacet
  facet normal 0 0 -1
    outer loop
      vertex 17.0555 7.4135 0
      vertex 17.0555 12.5865 0
      vertex 17.1986 12.5007 0
    endloop
  endfacet
  facet normal 0 0 -1
    outer loop
      vertex 16.9215 7.31412 0
      vertex 17.0555 12.5865 0
      vertex 17.0555 7.4135 0
    endloop
  endfacet
  facet normal 0 0 -1
    outer loop
      vertex 16.9215 7.31412 0
      vertex 16.9215 12.6859 0
      vertex 17.0555 12.5865 0
    endloop
  endfacet
  facet normal 0 0 -1
    outer loop
      vertex 16.7979 7.20208 0
      vertex 16.9215 12.6859 0
      vertex 16.9215 7.31412 0
    endloop
  endfacet
  facet normal 0 0 -1
    outer loop
      vertex 16.7979 7.20208 0
      vertex 16.7979 12.7979 0
      vertex 16.9215 12.6859 0
    endloop
  endfacet
  facet normal 0 0 -1
    outer loop
      vertex 16.6859 7.07847 0
      vertex 16.7979 12.7979 0
      vertex 16.7979 7.20208 0
    endloop
  endfacet
  facet normal 0 0 -1
    outer loop
      vertex 16.6859 7.07847 0
      vertex 16.6859 12.9215 0
      vertex 16.7979 12.7979 0
    endloop
  endfacet
  facet normal 0 0 -1
    outer loop
      vertex 16.5865 6.94447 0
      vertex 16.6859 12.9215 0
      vertex 16.6859 7.07847 0
    endloop
  endfacet
  facet normal 0 0 -1
    outer loop
      vertex 16.5865 6.94447 0
      vertex 16.5865 13.0555 0
      vertex 16.6859 12.9215 0
    endloop
  endfacet
  facet normal 0 0 -1
    outer loop
      vertex 16.5007 6.80137 0
      vertex 16.5865 13.0555 0
      vertex 16.5865 6.94447 0
    endloop
  endfacet
  facet normal 0 0 -1
    outer loop
      vertex 16.5007 6.80137 0
      vertex 16.5007 13.1986 0
      vertex 16.5865 13.0555 0
    endloop
  endfacet
  facet normal 0 0 -1
    outer loop
      vertex 16.4294 6.65056 0
      vertex 16.5007 13.1986 0
      vertex 16.5007 6.80137 0
    endloop
  endfacet
  facet normal 0 0 -1
    outer loop
      vertex 16.4294 6.65056 0
      vertex 16.4294 13.3494 0
      vertex 16.5007 13.1986 0
    endloop
  endfacet
  facet normal 0 0 -1
    outer loop
      vertex 16.3732 6.49348 0
      vertex 16.4294 13.3494 0
      vertex 16.4294 6.65056 0
    endloop
  endfacet
  facet normal 0 0 -1
    outer loop
      vertex 16.3732 6.49348 0
      vertex 16.3732 13.5065 0
      vertex 16.4294 13.3494 0
    endloop
  endfacet
  facet normal 0 0 -1
    outer loop
      vertex 16.3327 6.33165 0
      vertex 16.3732 13.5065 0
      vertex 16.3732 6.49348 0
    endloop
  endfacet
  facet normal 0 0 -1
    outer loop
      vertex 16.3327 6.33165 0
      vertex 16.3327 13.6683 0
      vertex 16.3732 13.5065 0
    endloop
  endfacet
  facet normal 0 0 -1
    outer loop
      vertex 16.3082 6.16663 0
      vertex 16.3327 13.6683 0
      vertex 16.3327 6.33165 0
    endloop
  endfacet
  facet normal 0 0 -1
    outer loop
      vertex 16.3082 6.16663 0
      vertex 16.3082 13.8334 0
      vertex 16.3327 13.6683 0
    endloop
  endfacet
  facet normal 0 0 -1
    outer loop
      vertex 16.0551 16.1665 0
      vertex 16.3082 6.16663 0
      vertex 16.3 6 0
    endloop
  endfacet
  facet normal 0 0 -1
    outer loop
      vertex 16.3082 6.16663 0
      vertex 16.0551 16.1665 0
      vertex 16.3082 13.8334 0
    endloop
  endfacet
  facet normal -0 0 -1
    outer loop
      vertex 22.7847 -0.548576 0
      vertex 19.6268 -1.50652 0
      vertex 22.6194 -0.0865822 0
    endloop
  endfacet
  facet normal 0 0 -1
    outer loop
      vertex 19.6673 6.33165 0
      vertex 27.989 15.0138 0
      vertex 19.6918 6.16663 0
    endloop
  endfacet
  facet normal 0 0 -1
    outer loop
      vertex 19.5706 -1.34944 0
      vertex 22.6194 -0.0865822 0
      vertex 19.6268 -1.50652 0
    endloop
  endfacet
  facet normal 0 0 -1
    outer loop
      vertex 22.5784 0 0
      vertex 19.6673 5.66835 0
      vertex 19.6918 5.83337 0
    endloop
  endfacet
  facet normal -0 0 -1
    outer loop
      vertex 22.6194 -0.0865822 0
      vertex 19.5706 -1.34944 0
      vertex 22.5784 0 0
    endloop
  endfacet
  facet normal 0 0 -1
    outer loop
      vertex 22.5784 0 0
      vertex 19.6268 5.50652 0
      vertex 19.6673 5.66835 0
    endloop
  endfacet
  facet normal 0 0 -1
    outer loop
      vertex 19.4993 -1.19862 0
      vertex 22.5784 0 0
      vertex 19.5706 -1.34944 0
    endloop
  endfacet
  facet normal 0 0 -1
    outer loop
      vertex 22.5784 0 0
      vertex 19.5706 5.34944 0
      vertex 19.6268 5.50652 0
    endloop
  endfacet
  facet normal 0 0 -1
    outer loop
      vertex 19.4135 -1.05553 0
      vertex 22.5784 0 0
      vertex 19.4993 -1.19862 0
    endloop
  endfacet
  facet normal 0 0 -1
    outer loop
      vertex 22.5784 0 0
      vertex 19.4993 5.19862 0
      vertex 19.5706 5.34944 0
    endloop
  endfacet
  facet normal 0 0 -1
    outer loop
      vertex 19.3141 -0.921531 0
      vertex 22.5784 0 0
      vertex 19.4135 -1.05553 0
    endloop
  endfacet
  facet normal 0 0 -1
    outer loop
      vertex 22.5784 0 0
      vertex 19.4135 5.05553 0
      vertex 19.4993 5.19862 0
    endloop
  endfacet
  facet normal 0 0 -1
    outer loop
      vertex 19.2021 -0.797918 0
      vertex 22.5784 0 0
      vertex 19.3141 -0.921531 0
    endloop
  endfacet
  facet normal 0 0 -1
    outer loop
      vertex 22.5784 0 0
      vertex 19.3141 4.92153 0
      vertex 19.4135 5.05553 0
    endloop
  endfacet
  facet normal 0 0 -1
    outer loop
      vertex 19.0785 -0.685882 0
      vertex 22.5784 0 0
      vertex 19.2021 -0.797918 0
    endloop
  endfacet
  facet normal 0 0 -1
    outer loop
      vertex 22.5784 0 0
      vertex 19.2021 4.79792 0
      vertex 19.3141 4.92153 0
    endloop
  endfacet
  facet normal 0 0 -1
    outer loop
      vertex 18.9445 -0.586501 0
      vertex 22.5784 0 0
      vertex 19.0785 -0.685882 0
    endloop
  endfacet
  facet normal 0 0 -1
    outer loop
      vertex 22.5784 0 0
      vertex 19.0785 4.68588 0
      vertex 19.2021 4.79792 0
    endloop
  endfacet
  facet normal 0 0 -1
    outer loop
      vertex 18.9445 4.5865 0
      vertex 22.5784 0 0
      vertex 18.9445 -0.586501 0
    endloop
  endfacet
  facet normal 0 0 -1
    outer loop
      vertex 22.5784 0 0
      vertex 18.9445 4.5865 0
      vertex 19.0785 4.68588 0
    endloop
  endfacet
  facet normal 0 0 -1
    outer loop
      vertex 18.8014 -0.500733 0
      vertex 18.9445 4.5865 0
      vertex 18.9445 -0.586501 0
    endloop
  endfacet
  facet normal 0 0 -1
    outer loop
      vertex 18.8014 -0.500733 0
      vertex 18.8014 4.50073 0
      vertex 18.9445 4.5865 0
    endloop
  endfacet
  facet normal 0 0 -1
    outer loop
      vertex 18.6506 -0.429404 0
      vertex 18.8014 4.50073 0
      vertex 18.8014 -0.500733 0
    endloop
  endfacet
  facet normal 0 0 -1
    outer loop
      vertex 18.6506 -0.429404 0
      vertex 18.6506 4.4294 0
      vertex 18.8014 4.50073 0
    endloop
  endfacet
  facet normal 0 0 -1
    outer loop
      vertex 18.4935 -0.373201 0
      vertex 18.6506 4.4294 0
      vertex 18.6506 -0.429404 0
    endloop
  endfacet
  facet normal 0 0 -1
    outer loop
      vertex 18.4935 -0.373201 0
      vertex 18.4935 4.3732 0
      vertex 18.6506 4.4294 0
    endloop
  endfacet
  facet normal 0 0 -1
    outer loop
      vertex 18.3317 -0.332664 0
      vertex 18.4935 4.3732 0
      vertex 18.4935 -0.373201 0
    endloop
  endfacet
  facet normal 0 0 -1
    outer loop
      vertex 18.3317 -0.332664 0
      vertex 18.3317 4.33266 0
      vertex 18.4935 4.3732 0
    endloop
  endfacet
  facet normal 0 0 -1
    outer loop
      vertex 18.1666 -0.308186 0
      vertex 18.3317 4.33266 0
      vertex 18.3317 -0.332664 0
    endloop
  endfacet
  facet normal 0 0 -1
    outer loop
      vertex 18.1666 -0.308186 0
      vertex 18.1666 4.30819 0
      vertex 18.3317 4.33266 0
    endloop
  endfacet
  facet normal 0 0 -1
    outer loop
      vertex 18 -0.299999 0
      vertex 18.1666 4.30819 0
      vertex 18.1666 -0.308186 0
    endloop
  endfacet
  facet normal 0 0 -1
    outer loop
      vertex 18 -0.299999 0
      vertex 18 4.3 0
      vertex 18.1666 4.30819 0
    endloop
  endfacet
  facet normal 0 0 -1
    outer loop
      vertex 17.8334 -0.308186 0
      vertex 18 4.3 0
      vertex 18 -0.299999 0
    endloop
  endfacet
  facet normal 0 0 -1
    outer loop
      vertex 17.8334 -0.308186 0
      vertex 17.8334 4.30819 0
      vertex 18 4.3 0
    endloop
  endfacet
  facet normal 0 0 -1
    outer loop
      vertex 17.6683 -0.332664 0
      vertex 17.8334 4.30819 0
      vertex 17.8334 -0.308186 0
    endloop
  endfacet
  facet normal 0 0 -1
    outer loop
      vertex 17.6683 -0.332664 0
      vertex 17.6683 4.33266 0
      vertex 17.8334 4.30819 0
    endloop
  endfacet
  facet normal 0 0 -1
    outer loop
      vertex 17.5065 -0.373201 0
      vertex 17.6683 4.33266 0
      vertex 17.6683 -0.332664 0
    endloop
  endfacet
  facet normal 0 0 -1
    outer loop
      vertex 17.5065 -0.373201 0
      vertex 17.5065 4.3732 0
      vertex 17.6683 4.33266 0
    endloop
  endfacet
  facet normal 0 0 -1
    outer loop
      vertex 17.3494 -0.429404 0
      vertex 17.5065 4.3732 0
      vertex 17.5065 -0.373201 0
    endloop
  endfacet
  facet normal 0 0 -1
    outer loop
      vertex 17.3494 -0.429404 0
      vertex 17.3494 4.4294 0
      vertex 17.5065 4.3732 0
    endloop
  endfacet
  facet normal 0 0 -1
    outer loop
      vertex 17.1986 -0.500733 0
      vertex 17.3494 4.4294 0
      vertex 17.3494 -0.429404 0
    endloop
  endfacet
  facet normal 0 0 -1
    outer loop
      vertex 17.1986 -0.500733 0
      vertex 17.1986 4.50073 0
      vertex 17.3494 4.4294 0
    endloop
  endfacet
  facet normal 0 0 -1
    outer loop
      vertex 17.0555 -0.586501 0
      vertex 17.1986 4.50073 0
      vertex 17.1986 -0.500733 0
    endloop
  endfacet
  facet normal 0 0 -1
    outer loop
      vertex 17.0555 -0.586501 0
      vertex 17.0555 4.5865 0
      vertex 17.1986 4.50073 0
    endloop
  endfacet
  facet normal 0 0 -1
    outer loop
      vertex 13.4216 0 0
      vertex 17.0555 -0.586501 0
      vertex 16.9215 -0.685882 0
    endloop
  endfacet
  facet normal 0 0 -1
    outer loop
      vertex 17.0555 -0.586501 0
      vertex 13.4216 0 0
      vertex 17.0555 4.5865 0
    endloop
  endfacet
  facet normal 0 0 -1
    outer loop
      vertex 13.4216 0 0
      vertex 16.9215 -0.685882 0
      vertex 16.7979 -0.797918 0
    endloop
  endfacet
  facet normal -0 0 -1
    outer loop
      vertex 17.0555 4.5865 0
      vertex 13.4216 0 0
      vertex 16.9215 4.68588 0
    endloop
  endfacet
  facet normal 0 0 -1
    outer loop
      vertex 13.4216 0 0
      vertex 16.7979 -0.797918 0
      vertex 16.6859 -0.921531 0
    endloop
  endfacet
  facet normal -0 0 -1
    outer loop
      vertex 16.9215 4.68588 0
      vertex 13.4216 0 0
      vertex 16.7979 4.79792 0
    endloop
  endfacet
  facet normal 0 0 -1
    outer loop
      vertex 13.4216 0 0
      vertex 16.6859 -0.921531 0
      vertex 16.5865 -1.05553 0
    endloop
  endfacet
  facet normal -0 0 -1
    outer loop
      vertex 16.7979 4.79792 0
      vertex 13.4216 0 0
      vertex 16.6859 4.92153 0
    endloop
  endfacet
  facet normal 0 0 -1
    outer loop
      vertex 13.4216 0 0
      vertex 16.5865 -1.05553 0
      vertex 16.5007 -1.19862 0
    endloop
  endfacet
  facet normal -0 0 -1
    outer loop
      vertex 16.6859 4.92153 0
      vertex 13.4216 0 0
      vertex 16.5865 5.05553 0
    endloop
  endfacet
  facet normal 0 0 -1
    outer loop
      vertex 13.4216 0 0
      vertex 16.5007 -1.19862 0
      vertex 16.4294 -1.34944 0
    endloop
  endfacet
  facet normal -0 0 -1
    outer loop
      vertex 16.5865 5.05553 0
      vertex 13.4216 0 0
      vertex 16.5007 5.19862 0
    endloop
  endfacet
  facet normal 0 0 -1
    outer loop
      vertex 13.4216 0 0
      vertex 16.4294 -1.34944 0
      vertex 16.3732 -1.50652 0
    endloop
  endfacet
  facet normal -0 0 -1
    outer loop
      vertex 16.5007 5.19862 0
      vertex 13.4216 0 0
      vertex 16.4294 5.34944 0
    endloop
  endfacet
  facet normal 0 0 -1
    outer loop
      vertex 13.4216 0 0
      vertex 16.3732 -1.50652 0
      vertex 16.3327 -1.66835 0
    endloop
  endfacet
  facet normal -0 0 -1
    outer loop
      vertex 16.4294 5.34944 0
      vertex 13.4216 0 0
      vertex 16.3732 5.50652 0
    endloop
  endfacet
  facet normal 0 0 -1
    outer loop
      vertex 13.4216 0 0
      vertex 16.3327 -1.66835 0
      vertex 16.3082 -1.83337 0
    endloop
  endfacet
  facet normal -0 0 -1
    outer loop
      vertex 16.3732 5.50652 0
      vertex 13.4216 0 0
      vertex 16.3327 5.66835 0
    endloop
  endfacet
  facet normal 0 0 -1
    outer loop
      vertex 13.4216 0 0
      vertex 16.3082 -1.83337 0
      vertex 16.3 -2 0
    endloop
  endfacet
  facet normal -0 0 -1
    outer loop
      vertex 16.3327 5.66835 0
      vertex 13.4216 0 0
      vertex 16.3082 5.83337 0
    endloop
  endfacet
  facet normal -0 0 -1
    outer loop
      vertex 22.9039 -1.02455 0
      vertex 19.6673 -1.66835 0
      vertex 22.7847 -0.548576 0
    endloop
  endfacet
  facet normal 0 0 -1
    outer loop
      vertex 22.9039 -2.97545 0
      vertex 19.6673 -2.33165 0
      vertex 19.6918 -2.16663 0
    endloop
  endfacet
  facet normal 0 0 -1
    outer loop
      vertex 22.7847 -3.45142 0
      vertex 19.6268 -2.49348 0
      vertex 19.6673 -2.33165 0
    endloop
  endfacet
  facet normal 0 0 -1
    outer loop
      vertex 22.6194 -3.91342 0
      vertex 19.5706 -2.65056 0
      vertex 19.6268 -2.49348 0
    endloop
  endfacet
  facet normal 0 0 -1
    outer loop
      vertex 22.4096 -4.35698 0
      vertex 19.4993 -2.80137 0
      vertex 19.5706 -2.65056 0
    endloop
  endfacet
  facet normal 0 0 -1
    outer loop
      vertex 18.6506 -3.57059 0
      vertex 19.9134 -6.6194 0
      vertex 19.4514 -6.7847 0
    endloop
  endfacet
  facet normal 0 0 -1
    outer loop
      vertex 22.1573 -4.77785 0
      vertex 19.4135 -2.94447 0
      vertex 19.4993 -2.80137 0
    endloop
  endfacet
  facet normal 0 0 -1
    outer loop
      vertex 21.8651 -5.17197 0
      vertex 19.3141 -3.07847 0
      vertex 19.4135 -2.94447 0
    endloop
  endfacet
  facet normal 0 0 -1
    outer loop
      vertex 21.5355 -5.53553 0
      vertex 19.2021 -3.20208 0
      vertex 19.3141 -3.07847 0
    endloop
  endfacet
  facet normal 0 0 -1
    outer loop
      vertex 21.172 -5.86505 0
      vertex 19.0785 -3.31412 0
      vertex 19.2021 -3.20208 0
    endloop
  endfacet
  facet normal 0 0 -1
    outer loop
      vertex 18.4935 -3.6268 0
      vertex 19.4514 -6.7847 0
      vertex 18.9755 -6.90393 0
    endloop
  endfacet
  facet normal 0 0 -1
    outer loop
      vertex 20.7779 -6.15735 0
      vertex 18.9445 -3.4135 0
      vertex 19.0785 -3.31412 0
    endloop
  endfacet
  facet normal 0 0 -1
    outer loop
      vertex 20.357 -6.40961 0
      vertex 18.8014 -3.49927 0
      vertex 18.9445 -3.4135 0
    endloop
  endfacet
  facet normal 0 0 -1
    outer loop
      vertex 19.9134 -6.6194 0
      vertex 18.6506 -3.57059 0
      vertex 18.8014 -3.49927 0
    endloop
  endfacet
  facet normal 0 0 -1
    outer loop
      vertex 19.4514 -6.7847 0
      vertex 18.4935 -3.6268 0
      vertex 18.6506 -3.57059 0
    endloop
  endfacet
  facet normal 0 0 -1
    outer loop
      vertex 18.3317 -3.66733 0
      vertex 18.9755 -6.90393 0
      vertex 18.4901 -6.97592 0
    endloop
  endfacet
  facet normal 0 0 -1
    outer loop
      vertex 18.9755 -6.90393 0
      vertex 18.3317 -3.66733 0
      vertex 18.4935 -3.6268 0
    endloop
  endfacet
  facet normal 0 0 -1
    outer loop
      vertex 18.4901 -6.97592 0
      vertex 18.1666 -3.69181 0
      vertex 18.3317 -3.66733 0
    endloop
  endfacet
  facet normal 0 0 -1
    outer loop
      vertex 18 -7 0
      vertex 18.1666 -3.69181 0
      vertex 18.4901 -6.97592 0
    endloop
  endfacet
  facet normal 0 0 -1
    outer loop
      vertex 18 -7 0
      vertex 18 -3.7 0
      vertex 18.1666 -3.69181 0
    endloop
  endfacet
  facet normal 0 0 -1
    outer loop
      vertex 18 -7 0
      vertex 17.8334 -3.69181 0
      vertex 18 -3.7 0
    endloop
  endfacet
  facet normal 0 0 -1
    outer loop
      vertex 17.5099 -6.97592 0
      vertex 17.8334 -3.69181 0
      vertex 18 -7 0
    endloop
  endfacet
  facet normal -0 0 -1
    outer loop
      vertex 17.8334 -3.69181 0
      vertex 17.5099 -6.97592 0
      vertex 17.6683 -3.66733 0
    endloop
  endfacet
  facet normal 0 0 -1
    outer loop
      vertex 17.0245 -6.90393 0
      vertex 17.6683 -3.66733 0
      vertex 17.5099 -6.97592 0
    endloop
  endfacet
  facet normal -0 0 -1
    outer loop
      vertex 17.6683 -3.66733 0
      vertex 17.0245 -6.90393 0
      vertex 17.5065 -3.6268 0
    endloop
  endfacet
  facet normal 0 0 -1
    outer loop
      vertex 16.5486 -6.7847 0
      vertex 17.5065 -3.6268 0
      vertex 17.0245 -6.90393 0
    endloop
  endfacet
  facet normal -0 0 -1
    outer loop
      vertex 17.5065 -3.6268 0
      vertex 16.5486 -6.7847 0
      vertex 17.3494 -3.57059 0
    endloop
  endfacet
  facet normal 0 0 -1
    outer loop
      vertex 16.0866 -6.6194 0
      vertex 17.3494 -3.57059 0
      vertex 16.5486 -6.7847 0
    endloop
  endfacet
  facet normal -0 0 -1
    outer loop
      vertex 17.3494 -3.57059 0
      vertex 16.0866 -6.6194 0
      vertex 17.1986 -3.49927 0
    endloop
  endfacet
  facet normal -0 0 -1
    outer loop
      vertex 17.1986 -3.49927 0
      vertex 16.0866 -6.6194 0
      vertex 17.0555 -3.4135 0
    endloop
  endfacet
  facet normal -0 0 -1
    outer loop
      vertex 17.0555 -3.4135 0
      vertex 16.0866 -6.6194 0
      vertex 16.9215 -3.31412 0
    endloop
  endfacet
  facet normal -0 0 -1
    outer loop
      vertex 16.9215 -3.31412 0
      vertex 16.0866 -6.6194 0
      vertex 16.7979 -3.20208 0
    endloop
  endfacet
  facet normal -0 0 -1
    outer loop
      vertex 16.7979 -3.20208 0
      vertex 16.0866 -6.6194 0
      vertex 16.6859 -3.07847 0
    endloop
  endfacet
  facet normal -0 0 -1
    outer loop
      vertex 16.6859 -3.07847 0
      vertex 16.0866 -6.6194 0
      vertex 16.5865 -2.94447 0
    endloop
  endfacet
  facet normal -0 0 -1
    outer loop
      vertex 16.5865 -2.94447 0
      vertex 16.0866 -6.6194 0
      vertex 16.5007 -2.80137 0
    endloop
  endfacet
  facet normal -0 0 -1
    outer loop
      vertex 16.5007 -2.80137 0
      vertex 16.0866 -6.6194 0
      vertex 16.4294 -2.65056 0
    endloop
  endfacet
  facet normal 0 0 -1
    outer loop
      vertex 13.4216 0 0
      vertex 16.4294 -2.65056 0
      vertex 16.0866 -6.6194 0
    endloop
  endfacet
  facet normal 0 0 -1
    outer loop
      vertex 16.4294 -2.65056 0
      vertex 13.4216 0 0
      vertex 16.3732 -2.49348 0
    endloop
  endfacet
  facet normal 0 0 -1
    outer loop
      vertex 16.3082 -2.16663 0
      vertex 13.4216 0 0
      vertex 16.3 -2 0
    endloop
  endfacet
  facet normal -0 0 -1
    outer loop
      vertex 16.3082 5.83337 0
      vertex 13.4216 0 0
      vertex 16.3 6 0
    endloop
  endfacet
  facet normal 0 0 -1
    outer loop
      vertex 16.3327 -2.33165 0
      vertex 13.4216 0 0
      vertex 16.3082 -2.16663 0
    endloop
  endfacet
  facet normal 0 0 -1
    outer loop
      vertex 16.3732 -2.49348 0
      vertex 13.4216 0 0
      vertex 16.3327 -2.33165 0
    endloop
  endfacet
  facet normal 0 0 -1
    outer loop
      vertex 22.6342 23.8721 0
      vertex 22.4096 24.357 0
      vertex 22.6194 23.9134 0
    endloop
  endfacet
  facet normal 0 0 -1
    outer loop
      vertex 22.6342 23.8721 0
      vertex 22.1573 24.7779 0
      vertex 22.4096 24.357 0
    endloop
  endfacet
  facet normal 0 0 -1
    outer loop
      vertex 22.6342 23.8721 0
      vertex 21.8651 25.172 0
      vertex 22.1573 24.7779 0
    endloop
  endfacet
  facet normal 0 0 -1
    outer loop
      vertex 22.6342 23.8721 0
      vertex 21.5355 25.5355 0
      vertex 21.8651 25.172 0
    endloop
  endfacet
  facet normal 0 0 -1
    outer loop
      vertex 22.6342 23.8721 0
      vertex 21.172 25.8651 0
      vertex 21.5355 25.5355 0
    endloop
  endfacet
  facet normal 0 0 -1
    outer loop
      vertex 22.6342 23.8721 0
      vertex 20.7779 26.1573 0
      vertex 21.172 25.8651 0
    endloop
  endfacet
  facet normal 0 0 -1
    outer loop
      vertex 22.6342 23.8721 0
      vertex 20.357 26.4096 0
      vertex 20.7779 26.1573 0
    endloop
  endfacet
  facet normal 0 0 -1
    outer loop
      vertex 22.6342 23.8721 0
      vertex 19.9134 26.6194 0
      vertex 20.357 26.4096 0
    endloop
  endfacet
  facet normal 0 0 -1
    outer loop
      vertex 22.6342 23.8721 0
      vertex 19.4514 26.7847 0
      vertex 19.9134 26.6194 0
    endloop
  endfacet
  facet normal 0 0 -1
    outer loop
      vertex 22.6342 23.8721 0
      vertex 18.9755 26.9039 0
      vertex 19.4514 26.7847 0
    endloop
  endfacet
  facet normal 0 0 -1
    outer loop
      vertex 22.6342 23.8721 0
      vertex 18.4901 26.9759 0
      vertex 18.9755 26.9039 0
    endloop
  endfacet
  facet normal 0 0 -1
    outer loop
      vertex 22.6342 23.8721 0
      vertex 18 27 0
      vertex 18.4901 26.9759 0
    endloop
  endfacet
  facet normal 0 0 -1
    outer loop
      vertex 22.6342 23.8721 0
      vertex 17.5099 26.9759 0
      vertex 18 27 0
    endloop
  endfacet
  facet normal 0 0 -1
    outer loop
      vertex 22.6342 23.8721 0
      vertex 17.0245 26.9039 0
      vertex 17.5099 26.9759 0
    endloop
  endfacet
  facet normal 0 0 -1
    outer loop
      vertex 22.6342 23.8721 0
      vertex 16.5486 26.7847 0
      vertex 17.0245 26.9039 0
    endloop
  endfacet
  facet normal 0 0 -1
    outer loop
      vertex 22.6342 23.8721 0
      vertex 16.0866 26.6194 0
      vertex 16.5486 26.7847 0
    endloop
  endfacet
  facet normal 0 0 -1
    outer loop
      vertex 22.6342 23.8721 0
      vertex 15.643 26.4096 0
      vertex 16.0866 26.6194 0
    endloop
  endfacet
  facet normal 0 0 -1
    outer loop
      vertex 22.6342 23.8721 0
      vertex 15.2221 26.1573 0
      vertex 15.643 26.4096 0
    endloop
  endfacet
  facet normal 0 0 -1
    outer loop
      vertex 22.6342 23.8721 0
      vertex 14.828 25.8651 0
      vertex 15.2221 26.1573 0
    endloop
  endfacet
  facet normal 0 0 -1
    outer loop
      vertex 22.6342 23.8721 0
      vertex 14.4645 25.5355 0
      vertex 14.828 25.8651 0
    endloop
  endfacet
  facet normal 0 0 -1
    outer loop
      vertex 22.6342 23.8721 0
      vertex 14.1349 25.172 0
      vertex 14.4645 25.5355 0
    endloop
  endfacet
  facet normal 0 0 -1
    outer loop
      vertex 22.6342 23.8721 0
      vertex 13.8427 24.7779 0
      vertex 14.1349 25.172 0
    endloop
  endfacet
  facet normal 0 0 -1
    outer loop
      vertex 22.6342 23.8721 0
      vertex 13.5904 24.357 0
      vertex 13.8427 24.7779 0
    endloop
  endfacet
  facet normal 0 0 -1
    outer loop
      vertex 13.3658 23.8721 0
      vertex 13.5904 24.357 0
      vertex 22.6342 23.8721 0
    endloop
  endfacet
  facet normal 0 0 -1
    outer loop
      vertex 13.5904 24.357 0
      vertex 13.3658 23.8721 0
      vertex 13.3806 23.9134 0
    endloop
  endfacet
  facet normal -1 0 0
    outer loop
      vertex 0 0 0
      vertex 0 20 3
      vertex 0 20 0
    endloop
  endfacet
  facet normal -1 -0 0
    outer loop
      vertex 0 20 3
      vertex 0 0 0
      vertex 0 0 3
    endloop
  endfacet
  facet normal 0 1 -0
    outer loop
      vertex 3.5 20 0
      vertex 0 20 3
      vertex 3.5 20 3
    endloop
  endfacet
  facet normal 0 1 0
    outer loop
      vertex 0 20 3
      vertex 3.5 20 0
      vertex 0 20 0
    endloop
  endfacet
  facet normal 0 1 -0
    outer loop
      vertex 36 20 0
      vertex 32.5 20 3
      vertex 36 20 3
    endloop
  endfacet
  facet normal 0 1 0
    outer loop
      vertex 32.5 20 3
      vertex 36 20 0
      vertex 32.5 20 0
    endloop
  endfacet
  facet normal 0 1 -0
    outer loop
      vertex 13.4216 20 1.15166
      vertex 5.5 20 3
      vertex 13.4216 20 3
    endloop
  endfacet
  facet normal 0 1 0
    outer loop
      vertex 5.5 20 3
      vertex 13.4216 20 1.15166
      vertex 5.5 20 1.15166
    endloop
  endfacet
  facet normal 0 1 -0
    outer loop
      vertex 30.8 20 1.15166
      vertex 22.5784 20 3
      vertex 30.8 20 3
    endloop
  endfacet
  facet normal 0 1 0
    outer loop
      vertex 22.5784 20 3
      vertex 30.8 20 1.15166
      vertex 22.5784 20 1.15166
    endloop
  endfacet
  facet normal 0 -1 0
    outer loop
      vertex 0 0 3
      vertex 3.5 0 2.64735
      vertex 3.5 0 3
    endloop
  endfacet
  facet normal 0 -1 0
    outer loop
      vertex 0 0 0
      vertex 3.5 0 2.64735
      vertex 0 0 3
    endloop
  endfacet
  facet normal 0 -1 0
    outer loop
      vertex 13.4216 0 0
      vertex 3.5 0 2.64735
      vertex 0 0 0
    endloop
  endfacet
  facet normal 0 -1 0
    outer loop
      vertex 3.5 0 2.64735
      vertex 13.4216 0 0
      vertex 13.4216 0 2.64735
    endloop
  endfacet
  facet normal 0 -1 0
    outer loop
      vertex 22.5784 0 2.64735
      vertex 22.5784 0 0
      vertex 32.5 0 2.64735
    endloop
  endfacet
  facet normal 0 -1 0
    outer loop
      vertex 32.5 0 2.64735
      vertex 36 0 3
      vertex 32.5 0 3
    endloop
  endfacet
  facet normal 0 -1 0
    outer loop
      vertex 36 0 0
      vertex 32.5 0 2.64735
      vertex 22.5784 0 0
    endloop
  endfacet
  facet normal 0 -1 0
    outer loop
      vertex 32.5 0 2.64735
      vertex 36 0 0
      vertex 36 0 3
    endloop
  endfacet
  facet normal 0.336879 -0.941548 0
    outer loop
      vertex 19.4514 -6.7847 0
      vertex 19.9134 -6.6194 3
      vertex 19.4514 -6.7847 3
    endloop
  endfacet
  facet normal 0.336879 -0.941548 0
    outer loop
      vertex 19.9134 -6.6194 3
      vertex 19.4514 -6.7847 0
      vertex 19.9134 -6.6194 0
    endloop
  endfacet
  facet normal 0.989175 0.146738 -0
    outer loop
      vertex 22.9759 -1.50991 0
      vertex 22.9039 -1.02455 2.828
      vertex 22.9759 -1.50991 2.91358
    endloop
  endfacet
  facet normal 0.989175 0.146738 0
    outer loop
      vertex 22.9039 -1.02455 2.828
      vertex 22.9759 -1.50991 0
      vertex 22.9039 -1.02455 0
    endloop
  endfacet
  facet normal 0.998793 0.0491153 -0
    outer loop
      vertex 23 -2 0
      vertex 22.9759 -1.50991 2.91358
      vertex 23 -2 3
    endloop
  endfacet
  facet normal 0.998793 0.0491153 0
    outer loop
      vertex 22.9759 -1.50991 2.91358
      vertex 23 -2 0
      vertex 22.9759 -1.50991 0
    endloop
  endfacet
  facet normal 0.970043 0.242932 -0
    outer loop
      vertex 22.9039 -1.02455 0
      vertex 22.7847 -0.548576 2.74407
      vertex 22.9039 -1.02455 2.828
    endloop
  endfacet
  facet normal 0.970043 0.242932 0
    outer loop
      vertex 22.7847 -0.548576 2.74407
      vertex 22.9039 -1.02455 0
      vertex 22.7847 -0.548576 0
    endloop
  endfacet
  facet normal -0.146706 -0.98918 0
    outer loop
      vertex 17.0245 -6.90393 0
      vertex 17.5099 -6.97592 3
      vertex 17.0245 -6.90393 3
    endloop
  endfacet
  facet normal -0.146706 -0.98918 -0
    outer loop
      vertex 17.5099 -6.97592 3
      vertex 17.0245 -6.90393 0
      vertex 17.5099 -6.97592 0
    endloop
  endfacet
  facet normal -0.941548 -0.336879 0
    outer loop
      vertex 13.3806 -3.91342 0
      vertex 13.2153 -3.45142 3
      vertex 13.2153 -3.45142 0
    endloop
  endfacet
  facet normal -0.941548 -0.336879 0
    outer loop
      vertex 13.2153 -3.45142 3
      vertex 13.3806 -3.91342 0
      vertex 13.3806 -3.91342 3
    endloop
  endfacet
  facet normal -0.998793 0.0491153 0
    outer loop
      vertex 13 -2 0
      vertex 13.0241 -1.50991 2.91358
      vertex 13.0241 -1.50991 0
    endloop
  endfacet
  facet normal -0.998793 0.0491153 0
    outer loop
      vertex 13.0241 -1.50991 2.91358
      vertex 13 -2 0
      vertex 13 -2 3
    endloop
  endfacet
  facet normal 0.998793 -0.0491153 0
    outer loop
      vertex 22.9759 -2.49009 3
      vertex 23 -2 0
      vertex 23 -2 3
    endloop
  endfacet
  facet normal 0.998793 -0.0491153 0
    outer loop
      vertex 23 -2 0
      vertex 22.9759 -2.49009 3
      vertex 22.9759 -2.49009 0
    endloop
  endfacet
  facet normal -0.803304 -0.595569 0
    outer loop
      vertex 14.1349 -5.17197 0
      vertex 13.8427 -4.77785 3
      vertex 13.8427 -4.77785 0
    endloop
  endfacet
  facet normal -0.803304 -0.595569 0
    outer loop
      vertex 13.8427 -4.77785 3
      vertex 14.1349 -5.17197 0
      vertex 14.1349 -5.17197 3
    endloop
  endfacet
  facet normal 0.514076 -0.857745 0
    outer loop
      vertex 20.357 -6.40961 0
      vertex 20.7779 -6.15735 3
      vertex 20.357 -6.40961 3
    endloop
  endfacet
  facet normal 0.514076 -0.857745 0
    outer loop
      vertex 20.7779 -6.15735 3
      vertex 20.357 -6.40961 0
      vertex 20.7779 -6.15735 0
    endloop
  endfacet
  facet normal 0.427526 -0.904003 0
    outer loop
      vertex 19.9134 -6.6194 0
      vertex 20.357 -6.40961 3
      vertex 19.9134 -6.6194 3
    endloop
  endfacet
  facet normal 0.427526 -0.904003 0
    outer loop
      vertex 20.357 -6.40961 3
      vertex 19.9134 -6.6194 0
      vertex 20.357 -6.40961 0
    endloop
  endfacet
  facet normal 0.803304 -0.595569 0
    outer loop
      vertex 21.8651 -5.17197 3
      vertex 22.1573 -4.77785 0
      vertex 22.1573 -4.77785 3
    endloop
  endfacet
  facet normal 0.803304 -0.595569 0
    outer loop
      vertex 22.1573 -4.77785 0
      vertex 21.8651 -5.17197 3
      vertex 21.8651 -5.17197 0
    endloop
  endfacet
  facet normal -0.970043 0.242932 0
    outer loop
      vertex 13.0961 -1.02455 0
      vertex 13.2153 -0.548576 2.74407
      vertex 13.2153 -0.548576 0
    endloop
  endfacet
  facet normal -0.970043 0.242932 0
    outer loop
      vertex 13.2153 -0.548576 2.74407
      vertex 13.0961 -1.02455 0
      vertex 13.0961 -1.02455 2.828
    endloop
  endfacet
  facet normal -0.740861 -0.671658 0
    outer loop
      vertex 14.4645 -5.53553 0
      vertex 14.1349 -5.17197 3
      vertex 14.1349 -5.17197 0
    endloop
  endfacet
  facet normal -0.740861 -0.671658 0
    outer loop
      vertex 14.1349 -5.17197 3
      vertex 14.4645 -5.53553 0
      vertex 14.4645 -5.53553 3
    endloop
  endfacet
  facet normal 0.243025 -0.97002 0
    outer loop
      vertex 18.9755 -6.90393 0
      vertex 19.4514 -6.7847 3
      vertex 18.9755 -6.90393 3
    endloop
  endfacet
  facet normal 0.243025 -0.97002 0
    outer loop
      vertex 19.4514 -6.7847 3
      vertex 18.9755 -6.90393 0
      vertex 19.4514 -6.7847 0
    endloop
  endfacet
  facet normal -0.941547 0.336883 0
    outer loop
      vertex 13.2153 -0.548576 0
      vertex 13.3806 -0.0865822 2.66261
      vertex 13.3806 -0.0865822 0
    endloop
  endfacet
  facet normal -0.941547 0.336883 0
    outer loop
      vertex 13.3806 -0.0865822 2.66261
      vertex 13.2153 -0.548576 0
      vertex 13.2153 -0.548576 2.74407
    endloop
  endfacet
  facet normal -0.243025 -0.97002 0
    outer loop
      vertex 16.5486 -6.7847 0
      vertex 17.0245 -6.90393 3
      vertex 16.5486 -6.7847 3
    endloop
  endfacet
  facet normal -0.243025 -0.97002 -0
    outer loop
      vertex 17.0245 -6.90393 3
      vertex 16.5486 -6.7847 0
      vertex 17.0245 -6.90393 0
    endloop
  endfacet
  facet normal -0.989175 0.146738 0
    outer loop
      vertex 13.0241 -1.50991 0
      vertex 13.0961 -1.02455 2.828
      vertex 13.0961 -1.02455 0
    endloop
  endfacet
  facet normal -0.989175 0.146738 0
    outer loop
      vertex 13.0961 -1.02455 2.828
      vertex 13.0241 -1.50991 0
      vertex 13.0241 -1.50991 2.91358
    endloop
  endfacet
  facet normal 0.90398 -0.427575 0
    outer loop
      vertex 22.4096 -4.35698 3
      vertex 22.6194 -3.91342 0
      vertex 22.6194 -3.91342 3
    endloop
  endfacet
  facet normal 0.90398 -0.427575 0
    outer loop
      vertex 22.6194 -3.91342 0
      vertex 22.4096 -4.35698 3
      vertex 22.4096 -4.35698 0
    endloop
  endfacet
  facet normal 0.903789 0.427979 -0
    outer loop
      vertex 22.6194 -0.0865822 0
      vertex 22.5784 0 2.64735
      vertex 22.6194 -0.0865822 2.66261
    endloop
  endfacet
  facet normal 0.903789 0.427979 0
    outer loop
      vertex 22.5784 0 2.64735
      vertex 22.6194 -0.0865822 0
      vertex 22.5784 0 0
    endloop
  endfacet
  facet normal 0.671629 -0.740887 0
    outer loop
      vertex 21.172 -5.86505 0
      vertex 21.5355 -5.53553 3
      vertex 21.172 -5.86505 3
    endloop
  endfacet
  facet normal 0.671629 -0.740887 0
    outer loop
      vertex 21.5355 -5.53553 3
      vertex 21.172 -5.86505 0
      vertex 21.5355 -5.53553 0
    endloop
  endfacet
  facet normal 0.941547 0.336883 -0
    outer loop
      vertex 22.7847 -0.548576 0
      vertex 22.6194 -0.0865822 2.66261
      vertex 22.7847 -0.548576 2.74407
    endloop
  endfacet
  facet normal 0.941547 0.336883 0
    outer loop
      vertex 22.6194 -0.0865822 2.66261
      vertex 22.7847 -0.548576 0
      vertex 22.6194 -0.0865822 0
    endloop
  endfacet
  facet normal 0.0490736 -0.998795 0
    outer loop
      vertex 18 -7 0
      vertex 18.4901 -6.97592 3
      vertex 18 -7 3
    endloop
  endfacet
  facet normal 0.0490736 -0.998795 0
    outer loop
      vertex 18.4901 -6.97592 3
      vertex 18 -7 0
      vertex 18.4901 -6.97592 0
    endloop
  endfacet
  facet normal -0.514076 -0.857745 0
    outer loop
      vertex 15.2221 -6.15735 0
      vertex 15.643 -6.40961 3
      vertex 15.2221 -6.15735 3
    endloop
  endfacet
  facet normal -0.514076 -0.857745 -0
    outer loop
      vertex 15.643 -6.40961 3
      vertex 15.2221 -6.15735 0
      vertex 15.643 -6.40961 0
    endloop
  endfacet
  facet normal 0.970043 -0.242934 0
    outer loop
      vertex 22.7847 -3.45142 3
      vertex 22.9039 -2.97545 0
      vertex 22.9039 -2.97545 3
    endloop
  endfacet
  facet normal 0.970043 -0.242934 0
    outer loop
      vertex 22.9039 -2.97545 0
      vertex 22.7847 -3.45142 3
      vertex 22.7847 -3.45142 0
    endloop
  endfacet
  facet normal -0.90398 -0.427575 0
    outer loop
      vertex 13.5904 -4.35698 0
      vertex 13.3806 -3.91342 3
      vertex 13.3806 -3.91342 0
    endloop
  endfacet
  facet normal -0.90398 -0.427575 0
    outer loop
      vertex 13.3806 -3.91342 3
      vertex 13.5904 -4.35698 0
      vertex 13.5904 -4.35698 3
    endloop
  endfacet
  facet normal 0.989175 -0.146738 0
    outer loop
      vertex 22.9039 -2.97545 3
      vertex 22.9759 -2.49009 0
      vertex 22.9759 -2.49009 3
    endloop
  endfacet
  facet normal 0.989175 -0.146738 0
    outer loop
      vertex 22.9759 -2.49009 0
      vertex 22.9039 -2.97545 3
      vertex 22.9039 -2.97545 0
    endloop
  endfacet
  facet normal 0.740861 -0.671658 0
    outer loop
      vertex 21.5355 -5.53553 3
      vertex 21.8651 -5.17197 0
      vertex 21.8651 -5.17197 3
    endloop
  endfacet
  facet normal 0.740861 -0.671658 0
    outer loop
      vertex 21.8651 -5.17197 0
      vertex 21.5355 -5.53553 3
      vertex 21.5355 -5.53553 0
    endloop
  endfacet
  facet normal 0.941548 -0.336879 0
    outer loop
      vertex 22.6194 -3.91342 3
      vertex 22.7847 -3.45142 0
      vertex 22.7847 -3.45142 3
    endloop
  endfacet
  facet normal 0.941548 -0.336879 0
    outer loop
      vertex 22.7847 -3.45142 0
      vertex 22.6194 -3.91342 3
      vertex 22.6194 -3.91342 0
    endloop
  endfacet
  facet normal -0.989175 -0.146738 0
    outer loop
      vertex 13.0961 -2.97545 0
      vertex 13.0241 -2.49009 3
      vertex 13.0241 -2.49009 0
    endloop
  endfacet
  facet normal -0.989175 -0.146738 0
    outer loop
      vertex 13.0241 -2.49009 3
      vertex 13.0961 -2.97545 0
      vertex 13.0961 -2.97545 3
    endloop
  endfacet
  facet normal 0.857692 -0.514163 0
    outer loop
      vertex 22.1573 -4.77785 3
      vertex 22.4096 -4.35698 0
      vertex 22.4096 -4.35698 3
    endloop
  endfacet
  facet normal 0.857692 -0.514163 0
    outer loop
      vertex 22.4096 -4.35698 0
      vertex 22.1573 -4.77785 3
      vertex 22.1573 -4.77785 0
    endloop
  endfacet
  facet normal -0.427526 -0.904003 0
    outer loop
      vertex 15.643 -6.40961 0
      vertex 16.0866 -6.6194 3
      vertex 15.643 -6.40961 3
    endloop
  endfacet
  facet normal -0.427526 -0.904003 -0
    outer loop
      vertex 16.0866 -6.6194 3
      vertex 15.643 -6.40961 0
      vertex 16.0866 -6.6194 0
    endloop
  endfacet
  facet normal 0.146706 -0.98918 0
    outer loop
      vertex 18.4901 -6.97592 0
      vertex 18.9755 -6.90393 3
      vertex 18.4901 -6.97592 3
    endloop
  endfacet
  facet normal 0.146706 -0.98918 0
    outer loop
      vertex 18.9755 -6.90393 3
      vertex 18.4901 -6.97592 0
      vertex 18.9755 -6.90393 0
    endloop
  endfacet
  facet normal -0.857692 -0.514163 0
    outer loop
      vertex 13.8427 -4.77785 0
      vertex 13.5904 -4.35698 3
      vertex 13.5904 -4.35698 0
    endloop
  endfacet
  facet normal -0.857692 -0.514163 0
    outer loop
      vertex 13.5904 -4.35698 3
      vertex 13.8427 -4.77785 0
      vertex 13.8427 -4.77785 3
    endloop
  endfacet
  facet normal -0.970043 -0.242934 0
    outer loop
      vertex 13.2153 -3.45142 0
      vertex 13.0961 -2.97545 3
      vertex 13.0961 -2.97545 0
    endloop
  endfacet
  facet normal -0.970043 -0.242934 0
    outer loop
      vertex 13.0961 -2.97545 3
      vertex 13.2153 -3.45142 0
      vertex 13.2153 -3.45142 3
    endloop
  endfacet
  facet normal 0.59572 -0.803192 0
    outer loop
      vertex 20.7779 -6.15735 0
      vertex 21.172 -5.86505 3
      vertex 20.7779 -6.15735 3
    endloop
  endfacet
  facet normal 0.59572 -0.803192 0
    outer loop
      vertex 21.172 -5.86505 3
      vertex 20.7779 -6.15735 0
      vertex 21.172 -5.86505 0
    endloop
  endfacet
  facet normal -0.903789 0.427979 0
    outer loop
      vertex 13.3806 -0.0865822 0
      vertex 13.4216 0 2.64735
      vertex 13.4216 0 0
    endloop
  endfacet
  facet normal -0.903789 0.427979 0
    outer loop
      vertex 13.4216 0 2.64735
      vertex 13.3806 -0.0865822 0
      vertex 13.3806 -0.0865822 2.66261
    endloop
  endfacet
  facet normal -0.0490736 -0.998795 0
    outer loop
      vertex 17.5099 -6.97592 0
      vertex 18 -7 3
      vertex 17.5099 -6.97592 3
    endloop
  endfacet
  facet normal -0.0490736 -0.998795 -0
    outer loop
      vertex 18 -7 3
      vertex 17.5099 -6.97592 0
      vertex 18 -7 0
    endloop
  endfacet
  facet normal -0.998793 -0.0491153 0
    outer loop
      vertex 13.0241 -2.49009 0
      vertex 13 -2 3
      vertex 13 -2 0
    endloop
  endfacet
  facet normal -0.998793 -0.0491153 0
    outer loop
      vertex 13 -2 3
      vertex 13.0241 -2.49009 0
      vertex 13.0241 -2.49009 3
    endloop
  endfacet
  facet normal -0.671629 -0.740887 0
    outer loop
      vertex 14.4645 -5.53553 0
      vertex 14.828 -5.86505 3
      vertex 14.4645 -5.53553 3
    endloop
  endfacet
  facet normal -0.671629 -0.740887 -0
    outer loop
      vertex 14.828 -5.86505 3
      vertex 14.4645 -5.53553 0
      vertex 14.828 -5.86505 0
    endloop
  endfacet
  facet normal -0.336879 -0.941548 0
    outer loop
      vertex 16.0866 -6.6194 0
      vertex 16.5486 -6.7847 3
      vertex 16.0866 -6.6194 3
    endloop
  endfacet
  facet normal -0.336879 -0.941548 -0
    outer loop
      vertex 16.5486 -6.7847 3
      vertex 16.0866 -6.6194 0
      vertex 16.5486 -6.7847 0
    endloop
  endfacet
  facet normal -0.59572 -0.803192 0
    outer loop
      vertex 14.828 -5.86505 0
      vertex 15.2221 -6.15735 3
      vertex 14.828 -5.86505 3
    endloop
  endfacet
  facet normal -0.59572 -0.803192 -0
    outer loop
      vertex 15.2221 -6.15735 3
      vertex 14.828 -5.86505 0
      vertex 15.2221 -6.15735 0
    endloop
  endfacet
  facet normal 0.989186 0.146665 -0
    outer loop
      vertex 22.9759 22.4901 1.95206
      vertex 22.9485 22.6749 3
      vertex 22.9759 22.4901 3
    endloop
  endfacet
  facet normal 0.998793 0.0491143 0
    outer loop
      vertex 23 22 3
      vertex 22.9759 22.4901 1.95206
      vertex 22.9759 22.4901 3
    endloop
  endfacet
  facet normal 0.998793 0.0491143 0
    outer loop
      vertex 22.9759 22.4901 1.95206
      vertex 23 22 3
      vertex 23 22 0.799006
    endloop
  endfacet
  facet normal 0.998789 0.049197 -3.52344e-05
    outer loop
      vertex 22.9759 22.4901 1.95206
      vertex 23 22 0.799006
      vertex 22.9863 22.2781 0.749965
    endloop
  endfacet
  facet normal -0.989186 0.146665 0
    outer loop
      vertex 13.0515 22.6749 3
      vertex 13.0241 22.4901 1.95206
      vertex 13.0241 22.4901 3
    endloop
  endfacet
  facet normal 0.336879 0.941548 -0
    outer loop
      vertex 19.9134 26.6194 0
      vertex 19.4514 26.7847 3
      vertex 19.9134 26.6194 3
    endloop
  endfacet
  facet normal 0.336879 0.941548 0
    outer loop
      vertex 19.4514 26.7847 3
      vertex 19.9134 26.6194 0
      vertex 19.4514 26.7847 0
    endloop
  endfacet
  facet normal -0.514136 0.857709 0
    outer loop
      vertex 15.643 26.4096 0
      vertex 15.2221 26.1573 3
      vertex 15.643 26.4096 3
    endloop
  endfacet
  facet normal -0.514136 0.857709 0
    outer loop
      vertex 15.2221 26.1573 3
      vertex 15.643 26.4096 0
      vertex 15.2221 26.1573 0
    endloop
  endfacet
  facet normal -0.903823 -0.427907 0
    outer loop
      vertex 13.4216 20 1.15166
      vertex 13.3806 20.0866 3
      vertex 13.3806 20.0866 1.13639
    endloop
  endfacet
  facet normal -0.903823 -0.427907 0
    outer loop
      vertex 13.3806 20.0866 3
      vertex 13.4216 20 1.15166
      vertex 13.4216 20 3
    endloop
  endfacet
  facet normal -0.242967 0.970034 0
    outer loop
      vertex 17.0245 26.9039 0
      vertex 16.5486 26.7847 3
      vertex 17.0245 26.9039 3
    endloop
  endfacet
  facet normal -0.242967 0.970034 0
    outer loop
      vertex 16.5486 26.7847 3
      vertex 17.0245 26.9039 0
      vertex 16.5486 26.7847 0
    endloop
  endfacet
  facet normal 0.146726 0.989177 -0
    outer loop
      vertex 18.9755 26.9039 0
      vertex 18.4901 26.9759 3
      vertex 18.9755 26.9039 3
    endloop
  endfacet
  facet normal 0.146726 0.989177 0
    outer loop
      vertex 18.4901 26.9759 3
      vertex 18.9755 26.9039 0
      vertex 18.4901 26.9759 0
    endloop
  endfacet
  facet normal -0.595588 0.80329 0
    outer loop
      vertex 15.2221 26.1573 0
      vertex 14.828 25.8651 3
      vertex 15.2221 26.1573 3
    endloop
  endfacet
  facet normal -0.595588 0.80329 0
    outer loop
      vertex 14.828 25.8651 3
      vertex 15.2221 26.1573 0
      vertex 14.828 25.8651 0
    endloop
  endfacet
  facet normal -0.80329 0.595588 0
    outer loop
      vertex 13.8427 24.7779 0
      vertex 14.1349 25.172 3
      vertex 14.1349 25.172 0
    endloop
  endfacet
  facet normal -0.80329 0.595588 0
    outer loop
      vertex 14.1349 25.172 3
      vertex 13.8427 24.7779 0
      vertex 13.8427 24.7779 3
    endloop
  endfacet
  facet normal 0.989177 -0.146726 0
    outer loop
      vertex 22.9039 21.0245 0.971004
      vertex 22.9759 21.5099 3
      vertex 22.9039 21.0245 3
    endloop
  endfacet
  facet normal 0.989177 -0.146726 0
    outer loop
      vertex 22.9759 21.5099 3
      vertex 22.9039 21.0245 0.971004
      vertex 22.9759 21.5099 0.885421
    endloop
  endfacet
  facet normal -0.94138 0.337347 0
    outer loop
      vertex 13.3806 23.9134 0
      vertex 13.3658 23.8721 0
      vertex 13.3806 23.9134 0.234257
    endloop
  endfacet
  facet normal 0.427543 0.903995 -0
    outer loop
      vertex 20.357 26.4096 0
      vertex 19.9134 26.6194 3
      vertex 20.357 26.4096 3
    endloop
  endfacet
  facet normal 0.427543 0.903995 0
    outer loop
      vertex 19.9134 26.6194 3
      vertex 20.357 26.4096 0
      vertex 19.9134 26.6194 0
    endloop
  endfacet
  facet normal -0.941548 -0.336879 0
    outer loop
      vertex 13.3806 20.0866 1.13639
      vertex 13.2153 20.5486 3
      vertex 13.2153 20.5486 1.05493
    endloop
  endfacet
  facet normal -0.941548 -0.336879 0
    outer loop
      vertex 13.2153 20.5486 3
      vertex 13.3806 20.0866 1.13639
      vertex 13.3806 20.0866 3
    endloop
  endfacet
  facet normal 0.970034 -0.242967 0
    outer loop
      vertex 22.7847 20.5486 1.05493
      vertex 22.9039 21.0245 3
      vertex 22.7847 20.5486 3
    endloop
  endfacet
  facet normal 0.970034 -0.242967 0
    outer loop
      vertex 22.9039 21.0245 3
      vertex 22.7847 20.5486 1.05493
      vertex 22.9039 21.0245 0.971004
    endloop
  endfacet
  facet normal -0.0491143 0.998793 0
    outer loop
      vertex 18 27 0
      vertex 17.5099 26.9759 3
      vertex 18 27 3
    endloop
  endfacet
  facet normal -0.0491143 0.998793 0
    outer loop
      vertex 17.5099 26.9759 3
      vertex 18 27 0
      vertex 17.5099 26.9759 0
    endloop
  endfacet
  facet normal -0.427543 0.903995 0
    outer loop
      vertex 16.0866 26.6194 0
      vertex 15.643 26.4096 3
      vertex 16.0866 26.6194 3
    endloop
  endfacet
  facet normal -0.427543 0.903995 0
    outer loop
      vertex 15.643 26.4096 3
      vertex 16.0866 26.6194 0
      vertex 15.643 26.4096 0
    endloop
  endfacet
  facet normal -0.671719 0.740806 0
    outer loop
      vertex 14.828 25.8651 0
      vertex 14.4645 25.5355 3
      vertex 14.828 25.8651 3
    endloop
  endfacet
  facet normal -0.671719 0.740806 0
    outer loop
      vertex 14.4645 25.5355 3
      vertex 14.828 25.8651 0
      vertex 14.4645 25.5355 0
    endloop
  endfacet
  facet normal -0.336879 0.941548 0
    outer loop
      vertex 16.5486 26.7847 0
      vertex 16.0866 26.6194 3
      vertex 16.5486 26.7847 3
    endloop
  endfacet
  facet normal -0.336879 0.941548 0
    outer loop
      vertex 16.0866 26.6194 3
      vertex 16.5486 26.7847 0
      vertex 16.0866 26.6194 0
    endloop
  endfacet
  facet normal 0.80329 0.595588 0
    outer loop
      vertex 22.1573 24.7779 3
      vertex 21.8651 25.172 0
      vertex 21.8651 25.172 3
    endloop
  endfacet
  facet normal 0.80329 0.595588 0
    outer loop
      vertex 21.8651 25.172 0
      vertex 22.1573 24.7779 3
      vertex 22.1573 24.7779 0
    endloop
  endfacet
  facet normal -0.857709 0.514136 0
    outer loop
      vertex 13.5904 24.357 2.74985
      vertex 13.8427 24.7779 3
      vertex 13.8427 24.7779 0
    endloop
  endfacet
  facet normal -0.857709 0.514136 0
    outer loop
      vertex 13.5904 24.357 2.74985
      vertex 13.8427 24.7779 0
      vertex 13.5904 24.357 0
    endloop
  endfacet
  facet normal -0.857674 0.514194 -0.000133488
    outer loop
      vertex 13.8427 24.7779 3
      vertex 13.5904 24.357 2.74985
      vertex 13.6168 24.4011 3
    endloop
  endfacet
  facet normal 0.998793 -0.0491143 0
    outer loop
      vertex 22.9759 21.5099 0.885421
      vertex 23 22 3
      vertex 22.9759 21.5099 3
    endloop
  endfacet
  facet normal 0.998793 -0.0491143 0
    outer loop
      vertex 23 22 3
      vertex 22.9759 21.5099 0.885421
      vertex 23 22 0.799006
    endloop
  endfacet
  facet normal 0.903823 -0.427907 0
    outer loop
      vertex 22.5784 20 1.15166
      vertex 22.6194 20.0866 3
      vertex 22.5784 20 3
    endloop
  endfacet
  facet normal 0.903823 -0.427907 0
    outer loop
      vertex 22.6194 20.0866 3
      vertex 22.5784 20 1.15166
      vertex 22.6194 20.0866 1.13639
    endloop
  endfacet
  facet normal 0.857674 0.514194 -0.000133488
    outer loop
      vertex 22.4096 24.357 2.74985
      vertex 22.1573 24.7779 3
      vertex 22.3832 24.4011 3
    endloop
  endfacet
  facet normal 0.857709 0.514136 0
    outer loop
      vertex 22.1573 24.7779 3
      vertex 22.4096 24.357 2.74985
      vertex 22.1573 24.7779 0
    endloop
  endfacet
  facet normal 0.857709 0.514136 0
    outer loop
      vertex 22.1573 24.7779 0
      vertex 22.4096 24.357 2.74985
      vertex 22.4096 24.357 0
    endloop
  endfacet
  facet normal 0.595588 0.80329 -0
    outer loop
      vertex 21.172 25.8651 0
      vertex 20.7779 26.1573 3
      vertex 21.172 25.8651 3
    endloop
  endfacet
  facet normal 0.595588 0.80329 0
    outer loop
      vertex 20.7779 26.1573 3
      vertex 21.172 25.8651 0
      vertex 20.7779 26.1573 0
    endloop
  endfacet
  facet normal 0.514136 0.857709 -0
    outer loop
      vertex 20.7779 26.1573 0
      vertex 20.357 26.4096 3
      vertex 20.7779 26.1573 3
    endloop
  endfacet
  facet normal 0.514136 0.857709 0
    outer loop
      vertex 20.357 26.4096 3
      vertex 20.7779 26.1573 0
      vertex 20.357 26.4096 0
    endloop
  endfacet
  facet normal 0.94138 0.337347 0
    outer loop
      vertex 22.6342 23.8721 0
      vertex 22.6194 23.9134 0
      vertex 22.6194 23.9134 0.234257
    endloop
  endfacet
  facet normal -0.998793 -0.0491143 0
    outer loop
      vertex 13.0241 21.5099 0.885421
      vertex 13 22 3
      vertex 13 22 0.799006
    endloop
  endfacet
  facet normal -0.998793 -0.0491143 0
    outer loop
      vertex 13 22 3
      vertex 13.0241 21.5099 0.885421
      vertex 13.0241 21.5099 3
    endloop
  endfacet
  facet normal 0.941548 -0.336879 0
    outer loop
      vertex 22.6194 20.0866 1.13639
      vertex 22.7847 20.5486 3
      vertex 22.6194 20.0866 3
    endloop
  endfacet
  facet normal 0.941548 -0.336879 0
    outer loop
      vertex 22.7847 20.5486 3
      vertex 22.6194 20.0866 1.13639
      vertex 22.7847 20.5486 1.05493
    endloop
  endfacet
  facet normal 0.740806 0.671719 0
    outer loop
      vertex 21.8651 25.172 3
      vertex 21.5355 25.5355 0
      vertex 21.5355 25.5355 3
    endloop
  endfacet
  facet normal 0.740806 0.671719 0
    outer loop
      vertex 21.5355 25.5355 0
      vertex 21.8651 25.172 3
      vertex 21.8651 25.172 0
    endloop
  endfacet
  facet normal 0.0491143 0.998793 -0
    outer loop
      vertex 18.4901 26.9759 0
      vertex 18 27 3
      vertex 18.4901 26.9759 3
    endloop
  endfacet
  facet normal 0.0491143 0.998793 0
    outer loop
      vertex 18 27 3
      vertex 18.4901 26.9759 0
      vertex 18 27 0
    endloop
  endfacet
  facet normal 0.903995 0.427543 0
    outer loop
      vertex 22.6194 23.9134 0.234257
      vertex 22.4096 24.357 0
      vertex 22.4096 24.357 2.74985
    endloop
  endfacet
  facet normal 0.903995 0.427543 0
    outer loop
      vertex 22.4096 24.357 0
      vertex 22.6194 23.9134 0.234257
      vertex 22.6194 23.9134 0
    endloop
  endfacet
  facet normal -0.740806 0.671719 0
    outer loop
      vertex 14.1349 25.172 0
      vertex 14.4645 25.5355 3
      vertex 14.4645 25.5355 0
    endloop
  endfacet
  facet normal -0.740806 0.671719 0
    outer loop
      vertex 14.4645 25.5355 3
      vertex 14.1349 25.172 0
      vertex 14.1349 25.172 3
    endloop
  endfacet
  facet normal 0.671719 0.740806 -0
    outer loop
      vertex 21.5355 25.5355 0
      vertex 21.172 25.8651 3
      vertex 21.5355 25.5355 3
    endloop
  endfacet
  facet normal 0.671719 0.740806 0
    outer loop
      vertex 21.172 25.8651 3
      vertex 21.5355 25.5355 0
      vertex 21.172 25.8651 0
    endloop
  endfacet
  facet normal -0.146726 0.989177 0
    outer loop
      vertex 17.5099 26.9759 0
      vertex 17.0245 26.9039 3
      vertex 17.5099 26.9759 3
    endloop
  endfacet
  facet normal -0.146726 0.989177 0
    outer loop
      vertex 17.0245 26.9039 3
      vertex 17.5099 26.9759 0
      vertex 17.0245 26.9039 0
    endloop
  endfacet
  facet normal -0.903995 0.427543 0
    outer loop
      vertex 13.3806 23.9134 0.234257
      vertex 13.5904 24.357 0
      vertex 13.3806 23.9134 0
    endloop
  endfacet
  facet normal -0.903995 0.427543 0
    outer loop
      vertex 13.5904 24.357 0
      vertex 13.3806 23.9134 0.234257
      vertex 13.5904 24.357 2.74985
    endloop
  endfacet
  facet normal 0.242967 0.970034 -0
    outer loop
      vertex 19.4514 26.7847 0
      vertex 18.9755 26.9039 3
      vertex 19.4514 26.7847 3
    endloop
  endfacet
  facet normal 0.242967 0.970034 0
    outer loop
      vertex 18.9755 26.9039 3
      vertex 19.4514 26.7847 0
      vertex 18.9755 26.9039 0
    endloop
  endfacet
  facet normal -0.970034 -0.242967 0
    outer loop
      vertex 13.2153 20.5486 1.05493
      vertex 13.0961 21.0245 3
      vertex 13.0961 21.0245 0.971004
    endloop
  endfacet
  facet normal -0.970034 -0.242967 0
    outer loop
      vertex 13.0961 21.0245 3
      vertex 13.2153 20.5486 1.05493
      vertex 13.2153 20.5486 3
    endloop
  endfacet
  facet normal -0.989177 -0.146726 0
    outer loop
      vertex 13.0961 21.0245 0.971004
      vertex 13.0241 21.5099 3
      vertex 13.0241 21.5099 0.885421
    endloop
  endfacet
  facet normal -0.989177 -0.146726 0
    outer loop
      vertex 13.0241 21.5099 3
      vertex 13.0961 21.0245 0.971004
      vertex 13.0961 21.0245 3
    endloop
  endfacet
  facet normal -0.998789 0.049197 -3.52344e-05
    outer loop
      vertex 13 22 0.799006
      vertex 13.0241 22.4901 1.95206
      vertex 13.0137 22.2781 0.749965
    endloop
  endfacet
  facet normal -0.998793 0.0491143 0
    outer loop
      vertex 13 22 3
      vertex 13.0241 22.4901 1.95206
      vertex 13 22 0.799006
    endloop
  endfacet
  facet normal -0.998793 0.0491143 0
    outer loop
      vertex 13.0241 22.4901 1.95206
      vertex 13 22 3
      vertex 13.0241 22.4901 3
    endloop
  endfacet
  facet normal -0.67161 0.740905 0
    outer loop
      vertex 19.2021 -3.20208 0
      vertex 19.0785 -3.31412 3
      vertex 19.2021 -3.20208 3
    endloop
  endfacet
  facet normal -0.67161 0.740905 0
    outer loop
      vertex 19.0785 -3.31412 3
      vertex 19.2021 -3.20208 0
      vertex 19.0785 -3.31412 0
    endloop
  endfacet
  facet normal -0.989158 -0.146857 0
    outer loop
      vertex 19.6918 -1.83337 0
      vertex 19.6673 -1.66835 2.94152
      vertex 19.6673 -1.66835 0
    endloop
  endfacet
  facet normal -0.989158 -0.146857 0
    outer loop
      vertex 19.6673 -1.66835 2.94152
      vertex 19.6918 -1.83337 0
      vertex 19.6918 -1.83337 2.97062
    endloop
  endfacet
  facet normal -0.998791 -0.0491513 0
    outer loop
      vertex 19.7 -2 0
      vertex 19.6918 -1.83337 2.97062
      vertex 19.6918 -1.83337 0
    endloop
  endfacet
  facet normal -0.998791 -0.0491513 0
    outer loop
      vertex 19.6918 -1.83337 2.97062
      vertex 19.7 -2 0
      vertex 19.7 -2 3
    endloop
  endfacet
  facet normal -0.970083 -0.242775 0
    outer loop
      vertex 19.6673 -1.66835 0
      vertex 19.6268 -1.50652 2.91299
      vertex 19.6268 -1.50652 0
    endloop
  endfacet
  facet normal -0.970083 -0.242775 0
    outer loop
      vertex 19.6268 -1.50652 2.91299
      vertex 19.6673 -1.66835 0
      vertex 19.6673 -1.66835 2.94152
    endloop
  endfacet
  facet normal -0.42754 0.903996 0
    outer loop
      vertex 18.8014 -3.49927 0
      vertex 18.6506 -3.57059 3
      vertex 18.8014 -3.49927 3
    endloop
  endfacet
  facet normal -0.42754 0.903996 0
    outer loop
      vertex 18.6506 -3.57059 3
      vertex 18.8014 -3.49927 0
      vertex 18.6506 -3.57059 0
    endloop
  endfacet
  facet normal 0.0490824 -0.998795 0
    outer loop
      vertex 17.8334 -0.308186 0
      vertex 18 -0.299999 2.70024
      vertex 17.8334 -0.308186 2.70169
    endloop
  endfacet
  facet normal 0.0490824 -0.998795 0
    outer loop
      vertex 18 -0.299999 2.70024
      vertex 17.8334 -0.308186 0
      vertex 18 -0.299999 0
    endloop
  endfacet
  facet normal 0.427584 -0.903976 0
    outer loop
      vertex 17.1986 -0.500733 0
      vertex 17.3494 -0.429404 2.72306
      vertex 17.1986 -0.500733 2.73564
    endloop
  endfacet
  facet normal 0.427584 -0.903976 0
    outer loop
      vertex 17.3494 -0.429404 2.72306
      vertex 17.1986 -0.500733 0
      vertex 17.3494 -0.429404 0
    endloop
  endfacet
  facet normal -0.741059 -0.671439 0
    outer loop
      vertex 19.3141 -0.921531 0
      vertex 19.2021 -0.797918 2.78804
      vertex 19.2021 -0.797918 0
    endloop
  endfacet
  facet normal -0.741059 -0.671439 0
    outer loop
      vertex 19.2021 -0.797918 2.78804
      vertex 19.3141 -0.921531 0
      vertex 19.3141 -0.921531 2.80984
    endloop
  endfacet
  facet normal 0.14667 0.989185 -0
    outer loop
      vertex 17.8334 -3.69181 0
      vertex 17.6683 -3.66733 3
      vertex 17.8334 -3.69181 3
    endloop
  endfacet
  facet normal 0.14667 0.989185 0
    outer loop
      vertex 17.6683 -3.66733 3
      vertex 17.8334 -3.69181 0
      vertex 17.6683 -3.66733 0
    endloop
  endfacet
  facet normal -0.427584 -0.903976 0
    outer loop
      vertex 18.8014 -0.500733 0
      vertex 18.6506 -0.429404 2.72306
      vertex 18.6506 -0.429404 0
    endloop
  endfacet
  facet normal -0.427584 -0.903976 0
    outer loop
      vertex 18.6506 -0.429404 2.72306
      vertex 18.8014 -0.500733 0
      vertex 18.8014 -0.500733 2.73564
    endloop
  endfacet
  facet normal 0.146659 -0.989187 0
    outer loop
      vertex 17.6683 -0.332664 0
      vertex 17.8334 -0.308186 2.70169
      vertex 17.6683 -0.332664 2.706
    endloop
  endfacet
  facet normal 0.146659 -0.989187 0
    outer loop
      vertex 17.8334 -0.308186 2.70169
      vertex 17.6683 -0.332664 0
      vertex 17.8334 -0.308186 0
    endloop
  endfacet
  facet normal -0.242987 0.97003 0
    outer loop
      vertex 18.4935 -3.6268 0
      vertex 18.3317 -3.66733 3
      vertex 18.4935 -3.6268 3
    endloop
  endfacet
  facet normal -0.242987 0.97003 0
    outer loop
      vertex 18.3317 -3.66733 3
      vertex 18.4935 -3.6268 0
      vertex 18.3317 -3.66733 0
    endloop
  endfacet
  facet normal 0.595699 -0.803208 0
    outer loop
      vertex 16.9215 -0.685882 0
      vertex 17.0555 -0.586501 2.75076
      vertex 16.9215 -0.685882 2.76829
    endloop
  endfacet
  facet normal 0.595699 -0.803208 0
    outer loop
      vertex 17.0555 -0.586501 2.75076
      vertex 16.9215 -0.685882 0
      vertex 17.0555 -0.586501 0
    endloop
  endfacet
  facet normal 0.904065 -0.427396 0
    outer loop
      vertex 16.4294 -1.34944 0
      vertex 16.5007 -1.19862 2.8587
      vertex 16.4294 -1.34944 2.88529
    endloop
  endfacet
  facet normal 0.904065 -0.427396 0
    outer loop
      vertex 16.5007 -1.19862 2.8587
      vertex 16.4294 -1.34944 0
      vertex 16.5007 -1.19862 0
    endloop
  endfacet
  facet normal 0.42754 0.903996 -0
    outer loop
      vertex 17.3494 -3.57059 0
      vertex 17.1986 -3.49927 3
      vertex 17.3494 -3.57059 3
    endloop
  endfacet
  facet normal 0.42754 0.903996 0
    outer loop
      vertex 17.1986 -3.49927 3
      vertex 17.3494 -3.57059 0
      vertex 17.1986 -3.49927 0
    endloop
  endfacet
  facet normal -0.336883 0.941546 0
    outer loop
      vertex 18.6506 -3.57059 0
      vertex 18.4935 -3.6268 3
      vertex 18.6506 -3.57059 3
    endloop
  endfacet
  facet normal -0.336883 0.941546 0
    outer loop
      vertex 18.4935 -3.6268 3
      vertex 18.6506 -3.57059 0
      vertex 18.4935 -3.6268 0
    endloop
  endfacet
  facet normal 0.595695 0.803211 -0
    outer loop
      vertex 17.0555 -3.4135 0
      vertex 16.9215 -3.31412 3
      vertex 17.0555 -3.4135 3
    endloop
  endfacet
  facet normal 0.595695 0.803211 0
    outer loop
      vertex 16.9215 -3.31412 3
      vertex 17.0555 -3.4135 0
      vertex 16.9215 -3.31412 0
    endloop
  endfacet
  facet normal 0.904054 0.427419 0
    outer loop
      vertex 16.5007 -2.80137 3
      vertex 16.4294 -2.65056 0
      vertex 16.4294 -2.65056 3
    endloop
  endfacet
  facet normal 0.904054 0.427419 0
    outer loop
      vertex 16.4294 -2.65056 0
      vertex 16.5007 -2.80137 3
      vertex 16.5007 -2.80137 0
    endloop
  endfacet
  facet normal -0.51409 -0.857736 0
    outer loop
      vertex 18.9445 -0.586501 0
      vertex 18.8014 -0.500733 2.73564
      vertex 18.8014 -0.500733 0
    endloop
  endfacet
  facet normal -0.51409 -0.857736 0
    outer loop
      vertex 18.8014 -0.500733 2.73564
      vertex 18.9445 -0.586501 0
      vertex 18.9445 -0.586501 2.75076
    endloop
  endfacet
  facet normal -0.595695 0.803211 0
    outer loop
      vertex 19.0785 -3.31412 0
      vertex 18.9445 -3.4135 3
      vertex 19.0785 -3.31412 3
    endloop
  endfacet
  facet normal -0.595695 0.803211 0
    outer loop
      vertex 18.9445 -3.4135 3
      vertex 19.0785 -3.31412 0
      vertex 18.9445 -3.4135 0
    endloop
  endfacet
  facet normal 0.998791 0.0491513 0
    outer loop
      vertex 16.3082 -2.16663 3
      vertex 16.3 -2 0
      vertex 16.3 -2 3
    endloop
  endfacet
  facet normal 0.998791 0.0491513 0
    outer loop
      vertex 16.3 -2 0
      vertex 16.3082 -2.16663 3
      vertex 16.3082 -2.16663 0
    endloop
  endfacet
  facet normal 0.336883 0.941546 -0
    outer loop
      vertex 17.5065 -3.6268 0
      vertex 17.3494 -3.57059 3
      vertex 17.5065 -3.6268 3
    endloop
  endfacet
  facet normal 0.336883 0.941546 0
    outer loop
      vertex 17.3494 -3.57059 3
      vertex 17.5065 -3.6268 0
      vertex 17.3494 -3.57059 0
    endloop
  endfacet
  facet normal -0.595699 -0.803208 0
    outer loop
      vertex 19.0785 -0.685882 0
      vertex 18.9445 -0.586501 2.75076
      vertex 18.9445 -0.586501 0
    endloop
  endfacet
  facet normal -0.595699 -0.803208 0
    outer loop
      vertex 18.9445 -0.586501 2.75076
      vertex 19.0785 -0.685882 0
      vertex 19.0785 -0.685882 2.76829
    endloop
  endfacet
  facet normal -0.970083 0.242775 0
    outer loop
      vertex 19.6268 -2.49348 0
      vertex 19.6673 -2.33165 3
      vertex 19.6673 -2.33165 0
    endloop
  endfacet
  facet normal -0.970083 0.242775 0
    outer loop
      vertex 19.6673 -2.33165 3
      vertex 19.6268 -2.49348 0
      vertex 19.6268 -2.49348 3
    endloop
  endfacet
  facet normal 0.941552 0.336868 0
    outer loop
      vertex 16.4294 -2.65056 3
      vertex 16.3732 -2.49348 0
      vertex 16.3732 -2.49348 3
    endloop
  endfacet
  facet normal 0.941552 0.336868 0
    outer loop
      vertex 16.3732 -2.49348 0
      vertex 16.4294 -2.65056 3
      vertex 16.4294 -2.65056 0
    endloop
  endfacet
  facet normal -0.243026 -0.97002 0
    outer loop
      vertex 18.4935 -0.373201 0
      vertex 18.3317 -0.332664 2.706
      vertex 18.3317 -0.332664 0
    endloop
  endfacet
  facet normal -0.243026 -0.97002 0
    outer loop
      vertex 18.3317 -0.332664 2.706
      vertex 18.4935 -0.373201 0
      vertex 18.4935 -0.373201 2.71315
    endloop
  endfacet
  facet normal 0.741059 -0.671439 0
    outer loop
      vertex 16.6859 -0.921531 0
      vertex 16.7979 -0.797918 2.78804
      vertex 16.6859 -0.921531 2.80984
    endloop
  endfacet
  facet normal 0.741059 -0.671439 0
    outer loop
      vertex 16.7979 -0.797918 2.78804
      vertex 16.6859 -0.921531 0
      vertex 16.7979 -0.797918 0
    endloop
  endfacet
  facet normal -0.0491004 0.998794 0
    outer loop
      vertex 18.1666 -3.69181 0
      vertex 18 -3.7 3
      vertex 18.1666 -3.69181 3
    endloop
  endfacet
  facet normal -0.0491004 0.998794 0
    outer loop
      vertex 18 -3.7 3
      vertex 18.1666 -3.69181 0
      vertex 18 -3.7 0
    endloop
  endfacet
  facet normal -0.803151 -0.595775 0
    outer loop
      vertex 19.4135 -1.05553 0
      vertex 19.3141 -0.921531 2.80984
      vertex 19.3141 -0.921531 0
    endloop
  endfacet
  facet normal -0.803151 -0.595775 0
    outer loop
      vertex 19.3141 -0.921531 2.80984
      vertex 19.4135 -1.05553 0
      vertex 19.4135 -1.05553 2.83346
    endloop
  endfacet
  facet normal 0.970083 0.242775 0
    outer loop
      vertex 16.3732 -2.49348 3
      vertex 16.3327 -2.33165 0
      vertex 16.3327 -2.33165 3
    endloop
  endfacet
  facet normal 0.970083 0.242775 0
    outer loop
      vertex 16.3327 -2.33165 0
      vertex 16.3732 -2.49348 3
      vertex 16.3732 -2.49348 0
    endloop
  endfacet
  facet normal -0.989158 0.146857 0
    outer loop
      vertex 19.6673 -2.33165 0
      vertex 19.6918 -2.16663 3
      vertex 19.6918 -2.16663 0
    endloop
  endfacet
  facet normal -0.989158 0.146857 0
    outer loop
      vertex 19.6918 -2.16663 3
      vertex 19.6673 -2.33165 0
      vertex 19.6673 -2.33165 3
    endloop
  endfacet
  facet normal -0.514099 0.857731 0
    outer loop
      vertex 18.9445 -3.4135 0
      vertex 18.8014 -3.49927 3
      vertex 18.9445 -3.4135 3
    endloop
  endfacet
  facet normal -0.514099 0.857731 0
    outer loop
      vertex 18.8014 -3.49927 3
      vertex 18.9445 -3.4135 0
      vertex 18.8014 -3.49927 0
    endloop
  endfacet
  facet normal 0.941552 -0.336868 0
    outer loop
      vertex 16.3732 -1.50652 0
      vertex 16.4294 -1.34944 2.88529
      vertex 16.3732 -1.50652 2.91299
    endloop
  endfacet
  facet normal 0.941552 -0.336868 0
    outer loop
      vertex 16.4294 -1.34944 2.88529
      vertex 16.3732 -1.50652 0
      vertex 16.4294 -1.34944 0
    endloop
  endfacet
  facet normal -0.671597 -0.740917 0
    outer loop
      vertex 19.2021 -0.797918 0
      vertex 19.0785 -0.685882 2.76829
      vertex 19.0785 -0.685882 0
    endloop
  endfacet
  facet normal -0.671597 -0.740917 0
    outer loop
      vertex 19.0785 -0.685882 2.76829
      vertex 19.2021 -0.797918 0
      vertex 19.2021 -0.797918 2.78804
    endloop
  endfacet
  facet normal 0.989158 -0.146857 0
    outer loop
      vertex 16.3082 -1.83337 0
      vertex 16.3327 -1.66835 2.94152
      vertex 16.3082 -1.83337 2.97062
    endloop
  endfacet
  facet normal 0.989158 -0.146857 0
    outer loop
      vertex 16.3327 -1.66835 2.94152
      vertex 16.3082 -1.83337 0
      vertex 16.3327 -1.66835 0
    endloop
  endfacet
  facet normal -0.904054 0.427419 0
    outer loop
      vertex 19.4993 -2.80137 0
      vertex 19.5706 -2.65056 3
      vertex 19.5706 -2.65056 0
    endloop
  endfacet
  facet normal -0.904054 0.427419 0
    outer loop
      vertex 19.5706 -2.65056 3
      vertex 19.4993 -2.80137 0
      vertex 19.4993 -2.80137 3
    endloop
  endfacet
  facet normal -0.998791 0.0491513 0
    outer loop
      vertex 19.6918 -2.16663 0
      vertex 19.7 -2 3
      vertex 19.7 -2 0
    endloop
  endfacet
  facet normal -0.998791 0.0491513 0
    outer loop
      vertex 19.7 -2 3
      vertex 19.6918 -2.16663 0
      vertex 19.6918 -2.16663 3
    endloop
  endfacet
  facet normal -0.14667 0.989185 0
    outer loop
      vertex 18.3317 -3.66733 0
      vertex 18.1666 -3.69181 3
      vertex 18.3317 -3.66733 3
    endloop
  endfacet
  facet normal -0.14667 0.989185 0
    outer loop
      vertex 18.1666 -3.69181 3
      vertex 18.3317 -3.66733 0
      vertex 18.1666 -3.69181 0
    endloop
  endfacet
  facet normal -0.941552 -0.336868 0
    outer loop
      vertex 19.6268 -1.50652 0
      vertex 19.5706 -1.34944 2.88529
      vertex 19.5706 -1.34944 0
    endloop
  endfacet
  facet normal -0.941552 -0.336868 0
    outer loop
      vertex 19.5706 -1.34944 2.88529
      vertex 19.6268 -1.50652 0
      vertex 19.6268 -1.50652 2.91299
    endloop
  endfacet
  facet normal -0.803154 0.595772 0
    outer loop
      vertex 19.3141 -3.07847 0
      vertex 19.4135 -2.94447 3
      vertex 19.4135 -2.94447 0
    endloop
  endfacet
  facet normal -0.803154 0.595772 0
    outer loop
      vertex 19.4135 -2.94447 3
      vertex 19.3141 -3.07847 0
      vertex 19.3141 -3.07847 3
    endloop
  endfacet
  facet normal -0.857652 0.514231 0
    outer loop
      vertex 19.4135 -2.94447 0
      vertex 19.4993 -2.80137 3
      vertex 19.4993 -2.80137 0
    endloop
  endfacet
  facet normal -0.857652 0.514231 0
    outer loop
      vertex 19.4993 -2.80137 3
      vertex 19.4135 -2.94447 0
      vertex 19.4135 -2.94447 3
    endloop
  endfacet
  facet normal 0.243026 -0.97002 0
    outer loop
      vertex 17.5065 -0.373201 0
      vertex 17.6683 -0.332664 2.706
      vertex 17.5065 -0.373201 2.71315
    endloop
  endfacet
  facet normal 0.243026 -0.97002 0
    outer loop
      vertex 17.6683 -0.332664 2.706
      vertex 17.5065 -0.373201 0
      vertex 17.6683 -0.332664 0
    endloop
  endfacet
  facet normal -0.941552 0.336868 0
    outer loop
      vertex 19.5706 -2.65056 0
      vertex 19.6268 -2.49348 3
      vertex 19.6268 -2.49348 0
    endloop
  endfacet
  facet normal -0.941552 0.336868 0
    outer loop
      vertex 19.6268 -2.49348 3
      vertex 19.5706 -2.65056 0
      vertex 19.5706 -2.65056 3
    endloop
  endfacet
  facet normal -0.0490824 -0.998795 0
    outer loop
      vertex 18 -0.299999 0
      vertex 18.1666 -0.308186 2.70169
      vertex 18 -0.299999 2.70024
    endloop
  endfacet
  facet normal -0.0490824 -0.998795 -0
    outer loop
      vertex 18.1666 -0.308186 2.70169
      vertex 18 -0.299999 0
      vertex 18.1666 -0.308186 0
    endloop
  endfacet
  facet normal 0.51409 -0.857736 0
    outer loop
      vertex 17.0555 -0.586501 0
      vertex 17.1986 -0.500733 2.73564
      vertex 17.0555 -0.586501 2.75076
    endloop
  endfacet
  facet normal 0.51409 -0.857736 0
    outer loop
      vertex 17.1986 -0.500733 2.73564
      vertex 17.0555 -0.586501 0
      vertex 17.1986 -0.500733 0
    endloop
  endfacet
  facet normal -0.904065 -0.427396 0
    outer loop
      vertex 19.5706 -1.34944 0
      vertex 19.4993 -1.19862 2.8587
      vertex 19.4993 -1.19862 0
    endloop
  endfacet
  facet normal -0.904065 -0.427396 0
    outer loop
      vertex 19.4993 -1.19862 2.8587
      vertex 19.5706 -1.34944 0
      vertex 19.5706 -1.34944 2.88529
    endloop
  endfacet
  facet normal -0.146659 -0.989187 0
    outer loop
      vertex 18.3317 -0.332664 0
      vertex 18.1666 -0.308186 2.70169
      vertex 18.1666 -0.308186 0
    endloop
  endfacet
  facet normal -0.146659 -0.989187 0
    outer loop
      vertex 18.1666 -0.308186 2.70169
      vertex 18.3317 -0.332664 0
      vertex 18.3317 -0.332664 2.706
    endloop
  endfacet
  facet normal 0.242987 0.97003 -0
    outer loop
      vertex 17.6683 -3.66733 0
      vertex 17.5065 -3.6268 3
      vertex 17.6683 -3.66733 3
    endloop
  endfacet
  facet normal 0.242987 0.97003 0
    outer loop
      vertex 17.5065 -3.6268 3
      vertex 17.6683 -3.66733 0
      vertex 17.5065 -3.6268 0
    endloop
  endfacet
  facet normal 0.857652 0.514231 0
    outer loop
      vertex 16.5865 -2.94447 3
      vertex 16.5007 -2.80137 0
      vertex 16.5007 -2.80137 3
    endloop
  endfacet
  facet normal 0.857652 0.514231 0
    outer loop
      vertex 16.5007 -2.80137 0
      vertex 16.5865 -2.94447 3
      vertex 16.5865 -2.94447 0
    endloop
  endfacet
  facet normal -0.857636 -0.514258 0
    outer loop
      vertex 19.4993 -1.19862 0
      vertex 19.4135 -1.05553 2.83346
      vertex 19.4135 -1.05553 0
    endloop
  endfacet
  facet normal -0.857636 -0.514258 0
    outer loop
      vertex 19.4135 -1.05553 2.83346
      vertex 19.4993 -1.19862 0
      vertex 19.4993 -1.19862 2.8587
    endloop
  endfacet
  facet normal 0.336846 -0.94156 0
    outer loop
      vertex 17.3494 -0.429404 0
      vertex 17.5065 -0.373201 2.71315
      vertex 17.3494 -0.429404 2.72306
    endloop
  endfacet
  facet normal 0.336846 -0.94156 0
    outer loop
      vertex 17.5065 -0.373201 2.71315
      vertex 17.3494 -0.429404 0
      vertex 17.5065 -0.373201 0
    endloop
  endfacet
  facet normal 0.741051 0.671448 0
    outer loop
      vertex 16.7979 -3.20208 3
      vertex 16.6859 -3.07847 0
      vertex 16.6859 -3.07847 3
    endloop
  endfacet
  facet normal 0.741051 0.671448 0
    outer loop
      vertex 16.6859 -3.07847 0
      vertex 16.7979 -3.20208 3
      vertex 16.7979 -3.20208 0
    endloop
  endfacet
  facet normal 0.671597 -0.740917 0
    outer loop
      vertex 16.7979 -0.797918 0
      vertex 16.9215 -0.685882 2.76829
      vertex 16.7979 -0.797918 2.78804
    endloop
  endfacet
  facet normal 0.671597 -0.740917 0
    outer loop
      vertex 16.9215 -0.685882 2.76829
      vertex 16.7979 -0.797918 0
      vertex 16.9215 -0.685882 0
    endloop
  endfacet
  facet normal -0.336846 -0.94156 0
    outer loop
      vertex 18.6506 -0.429404 0
      vertex 18.4935 -0.373201 2.71315
      vertex 18.4935 -0.373201 0
    endloop
  endfacet
  facet normal -0.336846 -0.94156 0
    outer loop
      vertex 18.4935 -0.373201 2.71315
      vertex 18.6506 -0.429404 0
      vertex 18.6506 -0.429404 2.72306
    endloop
  endfacet
  facet normal 0.514099 0.857731 -0
    outer loop
      vertex 17.1986 -3.49927 0
      vertex 17.0555 -3.4135 3
      vertex 17.1986 -3.49927 3
    endloop
  endfacet
  facet normal 0.514099 0.857731 0
    outer loop
      vertex 17.0555 -3.4135 3
      vertex 17.1986 -3.49927 0
      vertex 17.0555 -3.4135 0
    endloop
  endfacet
  facet normal 0.970083 -0.242775 0
    outer loop
      vertex 16.3327 -1.66835 0
      vertex 16.3732 -1.50652 2.91299
      vertex 16.3327 -1.66835 2.94152
    endloop
  endfacet
  facet normal 0.970083 -0.242775 0
    outer loop
      vertex 16.3732 -1.50652 2.91299
      vertex 16.3327 -1.66835 0
      vertex 16.3732 -1.50652 0
    endloop
  endfacet
  facet normal 0.803154 0.595772 0
    outer loop
      vertex 16.6859 -3.07847 3
      vertex 16.5865 -2.94447 0
      vertex 16.5865 -2.94447 3
    endloop
  endfacet
  facet normal 0.803154 0.595772 0
    outer loop
      vertex 16.5865 -2.94447 0
      vertex 16.6859 -3.07847 3
      vertex 16.6859 -3.07847 0
    endloop
  endfacet
  facet normal 0.989158 0.146857 0
    outer loop
      vertex 16.3327 -2.33165 3
      vertex 16.3082 -2.16663 0
      vertex 16.3082 -2.16663 3
    endloop
  endfacet
  facet normal 0.989158 0.146857 0
    outer loop
      vertex 16.3082 -2.16663 0
      vertex 16.3327 -2.33165 3
      vertex 16.3327 -2.33165 0
    endloop
  endfacet
  facet normal 0.67161 0.740905 -0
    outer loop
      vertex 16.9215 -3.31412 0
      vertex 16.7979 -3.20208 3
      vertex 16.9215 -3.31412 3
    endloop
  endfacet
  facet normal 0.67161 0.740905 0
    outer loop
      vertex 16.7979 -3.20208 3
      vertex 16.9215 -3.31412 0
      vertex 16.7979 -3.20208 0
    endloop
  endfacet
  facet normal 0.803151 -0.595775 0
    outer loop
      vertex 16.5865 -1.05553 0
      vertex 16.6859 -0.921531 2.80984
      vertex 16.5865 -1.05553 2.83346
    endloop
  endfacet
  facet normal 0.803151 -0.595775 0
    outer loop
      vertex 16.6859 -0.921531 2.80984
      vertex 16.5865 -1.05553 0
      vertex 16.6859 -0.921531 0
    endloop
  endfacet
  facet normal 0.857636 -0.514258 0
    outer loop
      vertex 16.5007 -1.19862 0
      vertex 16.5865 -1.05553 2.83346
      vertex 16.5007 -1.19862 2.8587
    endloop
  endfacet
  facet normal 0.857636 -0.514258 0
    outer loop
      vertex 16.5865 -1.05553 2.83346
      vertex 16.5007 -1.19862 0
      vertex 16.5865 -1.05553 0
    endloop
  endfacet
  facet normal 0.0491004 0.998794 -0
    outer loop
      vertex 18 -3.7 0
      vertex 17.8334 -3.69181 3
      vertex 18 -3.7 3
    endloop
  endfacet
  facet normal 0.0491004 0.998794 0
    outer loop
      vertex 17.8334 -3.69181 3
      vertex 18 -3.7 0
      vertex 17.8334 -3.69181 0
    endloop
  endfacet
  facet normal 0.998791 -0.0491513 0
    outer loop
      vertex 16.3 -2 0
      vertex 16.3082 -1.83337 2.97062
      vertex 16.3 -2 3
    endloop
  endfacet
  facet normal 0.998791 -0.0491513 0
    outer loop
      vertex 16.3082 -1.83337 2.97062
      vertex 16.3 -2 0
      vertex 16.3082 -1.83337 0
    endloop
  endfacet
  facet normal -0.741051 0.671448 0
    outer loop
      vertex 19.2021 -3.20208 0
      vertex 19.3141 -3.07847 3
      vertex 19.3141 -3.07847 0
    endloop
  endfacet
  facet normal -0.741051 0.671448 0
    outer loop
      vertex 19.3141 -3.07847 3
      vertex 19.2021 -3.20208 0
      vertex 19.2021 -3.20208 3
    endloop
  endfacet
  facet normal 0.903889 -0.427767 0
    outer loop
      vertex 16.4409 22.6749 3
      vertex 16.4294 22.6506 3
      vertex 16.4294 22.6506 2.86216
    endloop
  endfacet
  facet normal -0.989222 -0.146425 -0.000215403
    outer loop
      vertex 19.6918 22.1666 0.769625
      vertex 19.6673 22.3317 1.05354
      vertex 19.6753 22.2781 0.749965
    endloop
  endfacet
  facet normal -0.989168 -0.146788 -0
    outer loop
      vertex 19.6918 22.1666 3
      vertex 19.6673 22.3317 1.05354
      vertex 19.6918 22.1666 0.769625
    endloop
  endfacet
  facet normal -0.989168 -0.146788 0
    outer loop
      vertex 19.6673 22.3317 1.05354
      vertex 19.6918 22.1666 3
      vertex 19.6673 22.3317 3
    endloop
  endfacet
  facet normal -0.998791 -0.0491602 0
    outer loop
      vertex 19.7 22 0.799006
      vertex 19.6918 22.1666 3
      vertex 19.6918 22.1666 0.769625
    endloop
  endfacet
  facet normal -0.998791 -0.0491602 0
    outer loop
      vertex 19.6918 22.1666 3
      vertex 19.7 22 0.799006
      vertex 19.7 22 3
    endloop
  endfacet
  facet normal -0.970072 -0.242818 -0
    outer loop
      vertex 19.6673 22.3317 3
      vertex 19.6268 22.4935 1.97133
      vertex 19.6673 22.3317 1.05354
    endloop
  endfacet
  facet normal -0.970072 -0.242818 0
    outer loop
      vertex 19.6268 22.4935 1.97133
      vertex 19.6673 22.3317 3
      vertex 19.6268 22.4935 3
    endloop
  endfacet
  facet normal -0.514231 0.857652 0
    outer loop
      vertex 18.9445 20.5865 3
      vertex 18.8014 20.5007 1.06337
      vertex 18.8014 20.5007 3
    endloop
  endfacet
  facet normal -0.514231 0.857652 0
    outer loop
      vertex 18.8014 20.5007 1.06337
      vertex 18.9445 20.5865 3
      vertex 18.9445 20.5865 1.04824
    endloop
  endfacet
  facet normal -0.998791 0.0491602 0
    outer loop
      vertex 19.6918 21.8334 0.828387
      vertex 19.7 22 3
      vertex 19.7 22 0.799006
    endloop
  endfacet
  facet normal -0.998791 0.0491602 0
    outer loop
      vertex 19.7 22 3
      vertex 19.6918 21.8334 0.828387
      vertex 19.6918 21.8334 3
    endloop
  endfacet
  facet normal 0.427442 0.904043 -0
    outer loop
      vertex 17.3494 20.4294 1.07594
      vertex 17.1986 20.5007 3
      vertex 17.3494 20.4294 3
    endloop
  endfacet
  facet normal 0.427442 0.904043 0
    outer loop
      vertex 17.1986 20.5007 3
      vertex 17.3494 20.4294 1.07594
      vertex 17.1986 20.5007 1.06337
    endloop
  endfacet
  facet normal 0.989168 0.146788 -0
    outer loop
      vertex 16.3327 21.6683 0.857485
      vertex 16.3082 21.8334 3
      vertex 16.3327 21.6683 3
    endloop
  endfacet
  facet normal 0.989168 0.146788 0
    outer loop
      vertex 16.3082 21.8334 3
      vertex 16.3327 21.6683 0.857485
      vertex 16.3082 21.8334 0.828387
    endloop
  endfacet
  facet normal -0.671478 0.741024 0
    outer loop
      vertex 19.2021 20.7979 3
      vertex 19.0785 20.6859 1.03072
      vertex 19.0785 20.6859 3
    endloop
  endfacet
  facet normal -0.671478 0.741024 0
    outer loop
      vertex 19.0785 20.6859 1.03072
      vertex 19.2021 20.7979 3
      vertex 19.2021 20.7979 1.01097
    endloop
  endfacet
  facet normal -0.970072 0.242818 0
    outer loop
      vertex 19.6268 21.5065 0.88602
      vertex 19.6673 21.6683 3
      vertex 19.6673 21.6683 0.857485
    endloop
  endfacet
  facet normal -0.970072 0.242818 0
    outer loop
      vertex 19.6673 21.6683 3
      vertex 19.6268 21.5065 0.88602
      vertex 19.6268 21.5065 3
    endloop
  endfacet
  facet normal -0.242818 0.970072 0
    outer loop
      vertex 18.4935 20.3732 3
      vertex 18.3317 20.3327 1.093
      vertex 18.3317 20.3327 3
    endloop
  endfacet
  facet normal -0.242818 0.970072 0
    outer loop
      vertex 18.3317 20.3327 1.093
      vertex 18.4935 20.3732 3
      vertex 18.4935 20.3732 1.08585
    endloop
  endfacet
  facet normal 0.989168 -0.146788 0
    outer loop
      vertex 16.3082 22.1666 3
      vertex 16.3327 22.3317 1.05354
      vertex 16.3327 22.3317 3
    endloop
  endfacet
  facet normal 0.989168 -0.146788 0
    outer loop
      vertex 16.3327 22.3317 1.05354
      vertex 16.3082 22.1666 3
      vertex 16.3082 22.1666 0.769625
    endloop
  endfacet
  facet normal 0.989222 -0.146425 -0.000215403
    outer loop
      vertex 16.3327 22.3317 1.05354
      vertex 16.3082 22.1666 0.769625
      vertex 16.3247 22.2781 0.749965
    endloop
  endfacet
  facet normal -0.941566 -0.33683 -0
    outer loop
      vertex 19.6268 22.4935 3
      vertex 19.5706 22.6506 2.86216
      vertex 19.6268 22.4935 1.97133
    endloop
  endfacet
  facet normal -0.941566 -0.33683 0
    outer loop
      vertex 19.5706 22.6506 2.86216
      vertex 19.6268 22.4935 3
      vertex 19.5706 22.6506 3
    endloop
  endfacet
  facet normal 0.514231 0.857652 -0
    outer loop
      vertex 17.1986 20.5007 1.06337
      vertex 17.0555 20.5865 3
      vertex 17.1986 20.5007 3
    endloop
  endfacet
  facet normal 0.514231 0.857652 0
    outer loop
      vertex 17.0555 20.5865 3
      vertex 17.1986 20.5007 1.06337
      vertex 17.0555 20.5865 1.04824
    endloop
  endfacet
  facet normal 0.970072 -0.242818 0
    outer loop
      vertex 16.3327 22.3317 3
      vertex 16.3732 22.4935 1.97133
      vertex 16.3732 22.4935 3
    endloop
  endfacet
  facet normal 0.970072 -0.242818 0
    outer loop
      vertex 16.3732 22.4935 1.97133
      vertex 16.3327 22.3317 3
      vertex 16.3327 22.3317 1.05354
    endloop
  endfacet
  facet normal -0.803154 0.595772 0
    outer loop
      vertex 19.3141 20.9215 0.989169
      vertex 19.4135 21.0555 3
      vertex 19.4135 21.0555 0.965541
    endloop
  endfacet
  facet normal -0.803154 0.595772 0
    outer loop
      vertex 19.4135 21.0555 3
      vertex 19.3141 20.9215 0.989169
      vertex 19.3141 20.9215 3
    endloop
  endfacet
  facet normal 0.595772 0.803154 -0
    outer loop
      vertex 17.0555 20.5865 1.04824
      vertex 16.9215 20.6859 3
      vertex 17.0555 20.5865 3
    endloop
  endfacet
  facet normal 0.595772 0.803154 0
    outer loop
      vertex 16.9215 20.6859 3
      vertex 17.0555 20.5865 1.04824
      vertex 16.9215 20.6859 1.03072
    endloop
  endfacet
  facet normal 0.33683 0.941566 -0
    outer loop
      vertex 17.5065 20.3732 1.08585
      vertex 17.3494 20.4294 3
      vertex 17.5065 20.3732 3
    endloop
  endfacet
  facet normal 0.33683 0.941566 0
    outer loop
      vertex 17.3494 20.4294 3
      vertex 17.5065 20.3732 1.08585
      vertex 17.3494 20.4294 1.07594
    endloop
  endfacet
  facet normal 0.741024 0.671478 -0
    outer loop
      vertex 16.7979 20.7979 1.01097
      vertex 16.6859 20.9215 3
      vertex 16.7979 20.7979 3
    endloop
  endfacet
  facet normal 0.741024 0.671478 0
    outer loop
      vertex 16.6859 20.9215 3
      vertex 16.7979 20.7979 1.01097
      vertex 16.6859 20.9215 0.989169
    endloop
  endfacet
  facet normal 0.904043 0.427442 -0
    outer loop
      vertex 16.5007 21.1986 0.94031
      vertex 16.4294 21.3494 3
      vertex 16.5007 21.1986 3
    endloop
  endfacet
  facet normal 0.904043 0.427442 0
    outer loop
      vertex 16.4294 21.3494 3
      vertex 16.5007 21.1986 0.94031
      vertex 16.4294 21.3494 0.913717
    endloop
  endfacet
  facet normal 0.941566 0.33683 -0
    outer loop
      vertex 16.4294 21.3494 0.913717
      vertex 16.3732 21.5065 3
      vertex 16.4294 21.3494 3
    endloop
  endfacet
  facet normal 0.941566 0.33683 0
    outer loop
      vertex 16.3732 21.5065 3
      vertex 16.4294 21.3494 0.913717
      vertex 16.3732 21.5065 0.88602
    endloop
  endfacet
  facet normal -0.903889 -0.427767 0
    outer loop
      vertex 19.5706 22.6506 2.86216
      vertex 19.5706 22.6506 3
      vertex 19.5591 22.6749 3
    endloop
  endfacet
  facet normal 0.970072 0.242818 -0
    outer loop
      vertex 16.3732 21.5065 0.88602
      vertex 16.3327 21.6683 3
      vertex 16.3732 21.5065 3
    endloop
  endfacet
  facet normal 0.970072 0.242818 0
    outer loop
      vertex 16.3327 21.6683 3
      vertex 16.3732 21.5065 0.88602
      vertex 16.3327 21.6683 0.857485
    endloop
  endfacet
  facet normal 0.146788 0.989168 -0
    outer loop
      vertex 17.8334 20.3082 1.09732
      vertex 17.6683 20.3327 3
      vertex 17.8334 20.3082 3
    endloop
  endfacet
  facet normal 0.146788 0.989168 0
    outer loop
      vertex 17.6683 20.3327 3
      vertex 17.8334 20.3082 1.09732
      vertex 17.6683 20.3327 1.093
    endloop
  endfacet
  facet normal -0.741024 0.671478 0
    outer loop
      vertex 19.2021 20.7979 1.01097
      vertex 19.3141 20.9215 3
      vertex 19.3141 20.9215 0.989169
    endloop
  endfacet
  facet normal -0.741024 0.671478 0
    outer loop
      vertex 19.3141 20.9215 3
      vertex 19.2021 20.7979 1.01097
      vertex 19.2021 20.7979 3
    endloop
  endfacet
  facet normal -0.146788 0.989168 0
    outer loop
      vertex 18.3317 20.3327 3
      vertex 18.1666 20.3082 1.09732
      vertex 18.1666 20.3082 3
    endloop
  endfacet
  facet normal -0.146788 0.989168 0
    outer loop
      vertex 18.1666 20.3082 1.09732
      vertex 18.3317 20.3327 3
      vertex 18.3317 20.3327 1.093
    endloop
  endfacet
  facet normal 0.857652 0.514231 -0
    outer loop
      vertex 16.5865 21.0555 0.965541
      vertex 16.5007 21.1986 3
      vertex 16.5865 21.0555 3
    endloop
  endfacet
  facet normal 0.857652 0.514231 0
    outer loop
      vertex 16.5007 21.1986 3
      vertex 16.5865 21.0555 0.965541
      vertex 16.5007 21.1986 0.94031
    endloop
  endfacet
  facet normal 0.941566 -0.33683 0
    outer loop
      vertex 16.3732 22.4935 3
      vertex 16.4294 22.6506 2.86216
      vertex 16.4294 22.6506 3
    endloop
  endfacet
  facet normal 0.941566 -0.33683 0
    outer loop
      vertex 16.4294 22.6506 2.86216
      vertex 16.3732 22.4935 3
      vertex 16.3732 22.4935 1.97133
    endloop
  endfacet
  facet normal -0.427442 0.904043 0
    outer loop
      vertex 18.8014 20.5007 3
      vertex 18.6506 20.4294 1.07594
      vertex 18.6506 20.4294 3
    endloop
  endfacet
  facet normal -0.427442 0.904043 0
    outer loop
      vertex 18.6506 20.4294 1.07594
      vertex 18.8014 20.5007 3
      vertex 18.8014 20.5007 1.06337
    endloop
  endfacet
  facet normal -0.989168 0.146788 0
    outer loop
      vertex 19.6673 21.6683 0.857485
      vertex 19.6918 21.8334 3
      vertex 19.6918 21.8334 0.828387
    endloop
  endfacet
  facet normal -0.989168 0.146788 0
    outer loop
      vertex 19.6918 21.8334 3
      vertex 19.6673 21.6683 0.857485
      vertex 19.6673 21.6683 3
    endloop
  endfacet
  facet normal 0.0491602 0.998791 -0
    outer loop
      vertex 18 20.3 1.09876
      vertex 17.8334 20.3082 3
      vertex 18 20.3 3
    endloop
  endfacet
  facet normal 0.0491602 0.998791 0
    outer loop
      vertex 17.8334 20.3082 3
      vertex 18 20.3 1.09876
      vertex 17.8334 20.3082 1.09732
    endloop
  endfacet
  facet normal -0.904043 0.427442 0
    outer loop
      vertex 19.4993 21.1986 0.94031
      vertex 19.5706 21.3494 3
      vertex 19.5706 21.3494 0.913717
    endloop
  endfacet
  facet normal -0.904043 0.427442 0
    outer loop
      vertex 19.5706 21.3494 3
      vertex 19.4993 21.1986 0.94031
      vertex 19.4993 21.1986 3
    endloop
  endfacet
  facet normal -0.0491602 0.998791 0
    outer loop
      vertex 18.1666 20.3082 3
      vertex 18 20.3 1.09876
      vertex 18 20.3 3
    endloop
  endfacet
  facet normal -0.0491602 0.998791 0
    outer loop
      vertex 18 20.3 1.09876
      vertex 18.1666 20.3082 3
      vertex 18.1666 20.3082 1.09732
    endloop
  endfacet
  facet normal 0.671478 0.741024 -0
    outer loop
      vertex 16.9215 20.6859 1.03072
      vertex 16.7979 20.7979 3
      vertex 16.9215 20.6859 3
    endloop
  endfacet
  facet normal 0.671478 0.741024 0
    outer loop
      vertex 16.7979 20.7979 3
      vertex 16.9215 20.6859 1.03072
      vertex 16.7979 20.7979 1.01097
    endloop
  endfacet
  facet normal -0.941566 0.33683 0
    outer loop
      vertex 19.5706 21.3494 0.913717
      vertex 19.6268 21.5065 3
      vertex 19.6268 21.5065 0.88602
    endloop
  endfacet
  facet normal -0.941566 0.33683 0
    outer loop
      vertex 19.6268 21.5065 3
      vertex 19.5706 21.3494 0.913717
      vertex 19.5706 21.3494 3
    endloop
  endfacet
  facet normal 0.242818 0.970072 -0
    outer loop
      vertex 17.6683 20.3327 1.093
      vertex 17.5065 20.3732 3
      vertex 17.6683 20.3327 3
    endloop
  endfacet
  facet normal 0.242818 0.970072 0
    outer loop
      vertex 17.5065 20.3732 3
      vertex 17.6683 20.3327 1.093
      vertex 17.5065 20.3732 1.08585
    endloop
  endfacet
  facet normal -0.595772 0.803154 0
    outer loop
      vertex 19.0785 20.6859 3
      vertex 18.9445 20.5865 1.04824
      vertex 18.9445 20.5865 3
    endloop
  endfacet
  facet normal -0.595772 0.803154 0
    outer loop
      vertex 18.9445 20.5865 1.04824
      vertex 19.0785 20.6859 3
      vertex 19.0785 20.6859 1.03072
    endloop
  endfacet
  facet normal -0.857652 0.514231 0
    outer loop
      vertex 19.4135 21.0555 0.965541
      vertex 19.4993 21.1986 3
      vertex 19.4993 21.1986 0.94031
    endloop
  endfacet
  facet normal -0.857652 0.514231 0
    outer loop
      vertex 19.4993 21.1986 3
      vertex 19.4135 21.0555 0.965541
      vertex 19.4135 21.0555 3
    endloop
  endfacet
  facet normal 0.803154 0.595772 -0
    outer loop
      vertex 16.6859 20.9215 0.989169
      vertex 16.5865 21.0555 3
      vertex 16.6859 20.9215 3
    endloop
  endfacet
  facet normal 0.803154 0.595772 0
    outer loop
      vertex 16.5865 21.0555 3
      vertex 16.6859 20.9215 0.989169
      vertex 16.5865 21.0555 0.965541
    endloop
  endfacet
  facet normal -0.33683 0.941566 0
    outer loop
      vertex 18.6506 20.4294 3
      vertex 18.4935 20.3732 1.08585
      vertex 18.4935 20.3732 3
    endloop
  endfacet
  facet normal -0.33683 0.941566 0
    outer loop
      vertex 18.4935 20.3732 1.08585
      vertex 18.6506 20.4294 3
      vertex 18.6506 20.4294 1.07594
    endloop
  endfacet
  facet normal 0.998791 -0.0491602 0
    outer loop
      vertex 16.3 22 0.799006
      vertex 16.3082 22.1666 3
      vertex 16.3 22 3
    endloop
  endfacet
  facet normal 0.998791 -0.0491602 0
    outer loop
      vertex 16.3082 22.1666 3
      vertex 16.3 22 0.799006
      vertex 16.3082 22.1666 0.769625
    endloop
  endfacet
  facet normal 0.998791 0.0491602 -0
    outer loop
      vertex 16.3082 21.8334 0.828387
      vertex 16.3 22 3
      vertex 16.3082 21.8334 3
    endloop
  endfacet
  facet normal 0.998791 0.0491602 0
    outer loop
      vertex 16.3 22 3
      vertex 16.3082 21.8334 0.828387
      vertex 16.3 22 0.799006
    endloop
  endfacet
  facet normal 0.904054 -0.427419 0
    outer loop
      vertex 16.4294 6.65056 3
      vertex 16.5007 6.80137 0
      vertex 16.5007 6.80137 3
    endloop
  endfacet
  facet normal 0.904054 -0.427419 0
    outer loop
      vertex 16.5007 6.80137 0
      vertex 16.4294 6.65056 3
      vertex 16.4294 6.65056 0
    endloop
  endfacet
  facet normal -0.989158 -0.146857 0
    outer loop
      vertex 19.6918 6.16663 0
      vertex 19.6673 6.33165 3
      vertex 19.6673 6.33165 0
    endloop
  endfacet
  facet normal -0.989158 -0.146857 0
    outer loop
      vertex 19.6673 6.33165 3
      vertex 19.6918 6.16663 0
      vertex 19.6918 6.16663 3
    endloop
  endfacet
  facet normal -0.998791 -0.0491513 0
    outer loop
      vertex 19.7 6 0
      vertex 19.6918 6.16663 3
      vertex 19.6918 6.16663 0
    endloop
  endfacet
  facet normal -0.998791 -0.0491513 0
    outer loop
      vertex 19.6918 6.16663 3
      vertex 19.7 6 0
      vertex 19.7 6 3
    endloop
  endfacet
  facet normal -0.970083 -0.242775 0
    outer loop
      vertex 19.6673 6.33165 0
      vertex 19.6268 6.49348 3
      vertex 19.6268 6.49348 0
    endloop
  endfacet
  facet normal -0.970083 -0.242775 0
    outer loop
      vertex 19.6268 6.49348 3
      vertex 19.6673 6.33165 0
      vertex 19.6673 6.33165 3
    endloop
  endfacet
  facet normal -0.14667 -0.989185 0
    outer loop
      vertex 18.1666 7.69181 0
      vertex 18.3317 7.66733 3
      vertex 18.1666 7.69181 3
    endloop
  endfacet
  facet normal -0.14667 -0.989185 -0
    outer loop
      vertex 18.3317 7.66733 3
      vertex 18.1666 7.69181 0
      vertex 18.3317 7.66733 0
    endloop
  endfacet
  facet normal 0.14667 -0.989185 0
    outer loop
      vertex 17.6683 7.66733 0
      vertex 17.8334 7.69181 3
      vertex 17.6683 7.66733 3
    endloop
  endfacet
  facet normal 0.14667 -0.989185 0
    outer loop
      vertex 17.8334 7.69181 3
      vertex 17.6683 7.66733 0
      vertex 17.8334 7.69181 0
    endloop
  endfacet
  facet normal -0.803154 -0.595772 0
    outer loop
      vertex 19.4135 6.94447 0
      vertex 19.3141 7.07847 3
      vertex 19.3141 7.07847 0
    endloop
  endfacet
  facet normal -0.803154 -0.595772 0
    outer loop
      vertex 19.3141 7.07847 3
      vertex 19.4135 6.94447 0
      vertex 19.4135 6.94447 3
    endloop
  endfacet
  facet normal -0.514099 0.857731 0
    outer loop
      vertex 18.9445 4.5865 0
      vertex 18.8014 4.50073 3
      vertex 18.9445 4.5865 3
    endloop
  endfacet
  facet normal -0.514099 0.857731 0
    outer loop
      vertex 18.8014 4.50073 3
      vertex 18.9445 4.5865 0
      vertex 18.8014 4.50073 0
    endloop
  endfacet
  facet normal -0.595695 -0.803211 0
    outer loop
      vertex 18.9445 7.4135 0
      vertex 19.0785 7.31412 3
      vertex 18.9445 7.4135 3
    endloop
  endfacet
  facet normal -0.595695 -0.803211 -0
    outer loop
      vertex 19.0785 7.31412 3
      vertex 18.9445 7.4135 0
      vertex 19.0785 7.31412 0
    endloop
  endfacet
  facet normal -0.998791 0.0491513 0
    outer loop
      vertex 19.6918 5.83337 0
      vertex 19.7 6 3
      vertex 19.7 6 0
    endloop
  endfacet
  facet normal -0.998791 0.0491513 0
    outer loop
      vertex 19.7 6 3
      vertex 19.6918 5.83337 0
      vertex 19.6918 5.83337 3
    endloop
  endfacet
  facet normal 0.242987 -0.97003 0
    outer loop
      vertex 17.5065 7.6268 0
      vertex 17.6683 7.66733 3
      vertex 17.5065 7.6268 3
    endloop
  endfacet
  facet normal 0.242987 -0.97003 0
    outer loop
      vertex 17.6683 7.66733 3
      vertex 17.5065 7.6268 0
      vertex 17.6683 7.66733 0
    endloop
  endfacet
  facet normal 0.803154 -0.595772 0
    outer loop
      vertex 16.5865 6.94447 3
      vertex 16.6859 7.07847 0
      vertex 16.6859 7.07847 3
    endloop
  endfacet
  facet normal 0.803154 -0.595772 0
    outer loop
      vertex 16.6859 7.07847 0
      vertex 16.5865 6.94447 3
      vertex 16.5865 6.94447 0
    endloop
  endfacet
  facet normal 0.427589 0.903973 -0
    outer loop
      vertex 17.3494 4.4294 0
      vertex 17.1986 4.50073 3
      vertex 17.3494 4.4294 3
    endloop
  endfacet
  facet normal 0.427589 0.903973 0
    outer loop
      vertex 17.1986 4.50073 3
      vertex 17.3494 4.4294 0
      vertex 17.1986 4.50073 0
    endloop
  endfacet
  facet normal -0.42754 -0.903996 0
    outer loop
      vertex 18.6506 7.57059 0
      vertex 18.8014 7.49927 3
      vertex 18.6506 7.57059 3
    endloop
  endfacet
  facet normal -0.42754 -0.903996 -0
    outer loop
      vertex 18.8014 7.49927 3
      vertex 18.6506 7.57059 0
      vertex 18.8014 7.49927 0
    endloop
  endfacet
  facet normal 0.989158 0.146857 0
    outer loop
      vertex 16.3327 5.66835 3
      vertex 16.3082 5.83337 0
      vertex 16.3082 5.83337 3
    endloop
  endfacet
  facet normal 0.989158 0.146857 0
    outer loop
      vertex 16.3082 5.83337 0
      vertex 16.3327 5.66835 3
      vertex 16.3327 5.66835 0
    endloop
  endfacet
  facet normal -0.67161 0.740905 0
    outer loop
      vertex 19.2021 4.79792 0
      vertex 19.0785 4.68588 3
      vertex 19.2021 4.79792 3
    endloop
  endfacet
  facet normal -0.67161 0.740905 0
    outer loop
      vertex 19.0785 4.68588 3
      vertex 19.2021 4.79792 0
      vertex 19.0785 4.68588 0
    endloop
  endfacet
  facet normal 0.42754 -0.903996 0
    outer loop
      vertex 17.1986 7.49927 0
      vertex 17.3494 7.57059 3
      vertex 17.1986 7.49927 3
    endloop
  endfacet
  facet normal 0.42754 -0.903996 0
    outer loop
      vertex 17.3494 7.57059 3
      vertex 17.1986 7.49927 0
      vertex 17.3494 7.57059 0
    endloop
  endfacet
  facet normal -0.970083 0.242775 0
    outer loop
      vertex 19.6268 5.50652 0
      vertex 19.6673 5.66835 3
      vertex 19.6673 5.66835 0
    endloop
  endfacet
  facet normal -0.970083 0.242775 0
    outer loop
      vertex 19.6673 5.66835 3
      vertex 19.6268 5.50652 0
      vertex 19.6268 5.50652 3
    endloop
  endfacet
  facet normal -0.243043 0.970015 0
    outer loop
      vertex 18.4935 4.3732 0
      vertex 18.3317 4.33266 3
      vertex 18.4935 4.3732 3
    endloop
  endfacet
  facet normal -0.243043 0.970015 0
    outer loop
      vertex 18.3317 4.33266 3
      vertex 18.4935 4.3732 0
      vertex 18.3317 4.33266 0
    endloop
  endfacet
  facet normal 0.989158 -0.146857 0
    outer loop
      vertex 16.3082 6.16663 3
      vertex 16.3327 6.33165 0
      vertex 16.3327 6.33165 3
    endloop
  endfacet
  facet normal 0.989158 -0.146857 0
    outer loop
      vertex 16.3327 6.33165 0
      vertex 16.3082 6.16663 3
      vertex 16.3082 6.16663 0
    endloop
  endfacet
  facet normal 0.514099 0.857731 -0
    outer loop
      vertex 17.1986 4.50073 0
      vertex 17.0555 4.5865 3
      vertex 17.1986 4.50073 3
    endloop
  endfacet
  facet normal 0.514099 0.857731 0
    outer loop
      vertex 17.0555 4.5865 3
      vertex 17.1986 4.50073 0
      vertex 17.0555 4.5865 0
    endloop
  endfacet
  facet normal 0.970083 -0.242775 0
    outer loop
      vertex 16.3327 6.33165 3
      vertex 16.3732 6.49348 0
      vertex 16.3732 6.49348 3
    endloop
  endfacet
  facet normal 0.970083 -0.242775 0
    outer loop
      vertex 16.3732 6.49348 0
      vertex 16.3327 6.33165 3
      vertex 16.3327 6.33165 0
    endloop
  endfacet
  facet normal -0.803154 0.595772 0
    outer loop
      vertex 19.3141 4.92153 0
      vertex 19.4135 5.05553 3
      vertex 19.4135 5.05553 0
    endloop
  endfacet
  facet normal -0.803154 0.595772 0
    outer loop
      vertex 19.4135 5.05553 3
      vertex 19.3141 4.92153 0
      vertex 19.3141 4.92153 3
    endloop
  endfacet
  facet normal 0.595695 0.803211 -0
    outer loop
      vertex 17.0555 4.5865 0
      vertex 16.9215 4.68588 3
      vertex 17.0555 4.5865 3
    endloop
  endfacet
  facet normal 0.595695 0.803211 0
    outer loop
      vertex 16.9215 4.68588 3
      vertex 17.0555 4.5865 0
      vertex 16.9215 4.68588 0
    endloop
  endfacet
  facet normal 0.33683 0.941566 -0
    outer loop
      vertex 17.5065 4.3732 0
      vertex 17.3494 4.4294 3
      vertex 17.5065 4.3732 3
    endloop
  endfacet
  facet normal 0.33683 0.941566 0
    outer loop
      vertex 17.3494 4.4294 3
      vertex 17.5065 4.3732 0
      vertex 17.3494 4.4294 0
    endloop
  endfacet
  facet normal -0.336883 -0.941546 0
    outer loop
      vertex 18.4935 7.6268 0
      vertex 18.6506 7.57059 3
      vertex 18.4935 7.6268 3
    endloop
  endfacet
  facet normal -0.336883 -0.941546 -0
    outer loop
      vertex 18.6506 7.57059 3
      vertex 18.4935 7.6268 0
      vertex 18.6506 7.57059 0
    endloop
  endfacet
  facet normal 0.741051 0.671448 0
    outer loop
      vertex 16.7979 4.79792 3
      vertex 16.6859 4.92153 0
      vertex 16.6859 4.92153 3
    endloop
  endfacet
  facet normal 0.741051 0.671448 0
    outer loop
      vertex 16.6859 4.92153 0
      vertex 16.7979 4.79792 3
      vertex 16.7979 4.79792 0
    endloop
  endfacet
  facet normal -0.514099 -0.857731 0
    outer loop
      vertex 18.8014 7.49927 0
      vertex 18.9445 7.4135 3
      vertex 18.8014 7.49927 3
    endloop
  endfacet
  facet normal -0.514099 -0.857731 -0
    outer loop
      vertex 18.9445 7.4135 3
      vertex 18.8014 7.49927 0
      vertex 18.9445 7.4135 0
    endloop
  endfacet
  facet normal 0.336883 -0.941546 0
    outer loop
      vertex 17.3494 7.57059 0
      vertex 17.5065 7.6268 3
      vertex 17.3494 7.57059 3
    endloop
  endfacet
  facet normal 0.336883 -0.941546 0
    outer loop
      vertex 17.5065 7.6268 3
      vertex 17.3494 7.57059 0
      vertex 17.5065 7.6268 0
    endloop
  endfacet
  facet normal 0.904065 0.427396 0
    outer loop
      vertex 16.5007 5.19862 3
      vertex 16.4294 5.34944 0
      vertex 16.4294 5.34944 3
    endloop
  endfacet
  facet normal 0.904065 0.427396 0
    outer loop
      vertex 16.4294 5.34944 0
      vertex 16.5007 5.19862 3
      vertex 16.5007 5.19862 0
    endloop
  endfacet
  facet normal 0.941552 0.336868 0
    outer loop
      vertex 16.4294 5.34944 3
      vertex 16.3732 5.50652 0
      vertex 16.3732 5.50652 3
    endloop
  endfacet
  facet normal 0.941552 0.336868 0
    outer loop
      vertex 16.3732 5.50652 0
      vertex 16.4294 5.34944 3
      vertex 16.4294 5.34944 0
    endloop
  endfacet
  facet normal -0.904054 -0.427419 0
    outer loop
      vertex 19.5706 6.65056 0
      vertex 19.4993 6.80137 3
      vertex 19.4993 6.80137 0
    endloop
  endfacet
  facet normal -0.904054 -0.427419 0
    outer loop
      vertex 19.4993 6.80137 3
      vertex 19.5706 6.65056 0
      vertex 19.5706 6.65056 3
    endloop
  endfacet
  facet normal 0.970083 0.242775 0
    outer loop
      vertex 16.3732 5.50652 3
      vertex 16.3327 5.66835 0
      vertex 16.3327 5.66835 3
    endloop
  endfacet
  facet normal 0.970083 0.242775 0
    outer loop
      vertex 16.3327 5.66835 0
      vertex 16.3732 5.50652 3
      vertex 16.3732 5.50652 0
    endloop
  endfacet
  facet normal 0.595695 -0.803211 0
    outer loop
      vertex 16.9215 7.31412 0
      vertex 17.0555 7.4135 3
      vertex 16.9215 7.31412 3
    endloop
  endfacet
  facet normal 0.595695 -0.803211 0
    outer loop
      vertex 17.0555 7.4135 3
      vertex 16.9215 7.31412 0
      vertex 17.0555 7.4135 0
    endloop
  endfacet
  facet normal 0.67161 0.740905 -0
    outer loop
      vertex 16.9215 4.68588 0
      vertex 16.7979 4.79792 3
      vertex 16.9215 4.68588 3
    endloop
  endfacet
  facet normal 0.67161 0.740905 0
    outer loop
      vertex 16.7979 4.79792 3
      vertex 16.9215 4.68588 0
      vertex 16.7979 4.79792 0
    endloop
  endfacet
  facet normal 0.146612 0.989194 -0
    outer loop
      vertex 17.8334 4.30819 0
      vertex 17.6683 4.33266 3
      vertex 17.8334 4.30819 3
    endloop
  endfacet
  facet normal 0.146612 0.989194 0
    outer loop
      vertex 17.6683 4.33266 3
      vertex 17.8334 4.30819 0
      vertex 17.6683 4.33266 0
    endloop
  endfacet
  facet normal -0.741051 0.671448 0
    outer loop
      vertex 19.2021 4.79792 0
      vertex 19.3141 4.92153 3
      vertex 19.3141 4.92153 0
    endloop
  endfacet
  facet normal -0.741051 0.671448 0
    outer loop
      vertex 19.3141 4.92153 3
      vertex 19.2021 4.79792 0
      vertex 19.2021 4.79792 3
    endloop
  endfacet
  facet normal -0.146612 0.989194 0
    outer loop
      vertex 18.3317 4.33266 0
      vertex 18.1666 4.30819 3
      vertex 18.3317 4.33266 3
    endloop
  endfacet
  facet normal -0.146612 0.989194 0
    outer loop
      vertex 18.1666 4.30819 3
      vertex 18.3317 4.33266 0
      vertex 18.1666 4.30819 0
    endloop
  endfacet
  facet normal 0.514099 -0.857731 0
    outer loop
      vertex 17.0555 7.4135 0
      vertex 17.1986 7.49927 3
      vertex 17.0555 7.4135 3
    endloop
  endfacet
  facet normal 0.514099 -0.857731 0
    outer loop
      vertex 17.1986 7.49927 3
      vertex 17.0555 7.4135 0
      vertex 17.1986 7.49927 0
    endloop
  endfacet
  facet normal -0.0491004 -0.998794 0
    outer loop
      vertex 18 7.7 0
      vertex 18.1666 7.69181 3
      vertex 18 7.7 3
    endloop
  endfacet
  facet normal -0.0491004 -0.998794 -0
    outer loop
      vertex 18.1666 7.69181 3
      vertex 18 7.7 0
      vertex 18.1666 7.69181 0
    endloop
  endfacet
  facet normal 0.857636 0.514258 0
    outer loop
      vertex 16.5865 5.05553 3
      vertex 16.5007 5.19862 0
      vertex 16.5007 5.19862 3
    endloop
  endfacet
  facet normal 0.857636 0.514258 0
    outer loop
      vertex 16.5007 5.19862 0
      vertex 16.5865 5.05553 3
      vertex 16.5865 5.05553 0
    endloop
  endfacet
  facet normal -0.941552 -0.336868 0
    outer loop
      vertex 19.6268 6.49348 0
      vertex 19.5706 6.65056 3
      vertex 19.5706 6.65056 0
    endloop
  endfacet
  facet normal -0.941552 -0.336868 0
    outer loop
      vertex 19.5706 6.65056 3
      vertex 19.6268 6.49348 0
      vertex 19.6268 6.49348 3
    endloop
  endfacet
  facet normal -0.242987 -0.97003 0
    outer loop
      vertex 18.3317 7.66733 0
      vertex 18.4935 7.6268 3
      vertex 18.3317 7.66733 3
    endloop
  endfacet
  facet normal -0.242987 -0.97003 -0
    outer loop
      vertex 18.4935 7.6268 3
      vertex 18.3317 7.66733 0
      vertex 18.4935 7.6268 0
    endloop
  endfacet
  facet normal 0.941552 -0.336868 0
    outer loop
      vertex 16.3732 6.49348 3
      vertex 16.4294 6.65056 0
      vertex 16.4294 6.65056 3
    endloop
  endfacet
  facet normal 0.941552 -0.336868 0
    outer loop
      vertex 16.4294 6.65056 0
      vertex 16.3732 6.49348 3
      vertex 16.3732 6.49348 0
    endloop
  endfacet
  facet normal -0.67161 -0.740905 0
    outer loop
      vertex 19.0785 7.31412 0
      vertex 19.2021 7.20208 3
      vertex 19.0785 7.31412 3
    endloop
  endfacet
  facet normal -0.67161 -0.740905 -0
    outer loop
      vertex 19.2021 7.20208 3
      vertex 19.0785 7.31412 0
      vertex 19.2021 7.20208 0
    endloop
  endfacet
  facet normal 0.0491004 -0.998794 0
    outer loop
      vertex 17.8334 7.69181 0
      vertex 18 7.7 3
      vertex 17.8334 7.69181 3
    endloop
  endfacet
  facet normal 0.0491004 -0.998794 0
    outer loop
      vertex 18 7.7 3
      vertex 17.8334 7.69181 0
      vertex 18 7.7 0
    endloop
  endfacet
  facet normal -0.427589 0.903973 0
    outer loop
      vertex 18.8014 4.50073 0
      vertex 18.6506 4.4294 3
      vertex 18.8014 4.50073 3
    endloop
  endfacet
  facet normal -0.427589 0.903973 0
    outer loop
      vertex 18.6506 4.4294 3
      vertex 18.8014 4.50073 0
      vertex 18.6506 4.4294 0
    endloop
  endfacet
  facet normal -0.989158 0.146857 0
    outer loop
      vertex 19.6673 5.66835 0
      vertex 19.6918 5.83337 3
      vertex 19.6918 5.83337 0
    endloop
  endfacet
  facet normal -0.989158 0.146857 0
    outer loop
      vertex 19.6918 5.83337 3
      vertex 19.6673 5.66835 0
      vertex 19.6673 5.66835 3
    endloop
  endfacet
  facet normal -0.857652 -0.514231 0
    outer loop
      vertex 19.4993 6.80137 0
      vertex 19.4135 6.94447 3
      vertex 19.4135 6.94447 0
    endloop
  endfacet
  facet normal -0.857652 -0.514231 0
    outer loop
      vertex 19.4135 6.94447 3
      vertex 19.4993 6.80137 0
      vertex 19.4993 6.80137 3
    endloop
  endfacet
  facet normal 0.0491004 0.998794 -0
    outer loop
      vertex 18 4.3 0
      vertex 17.8334 4.30819 3
      vertex 18 4.3 3
    endloop
  endfacet
  facet normal 0.0491004 0.998794 0
    outer loop
      vertex 17.8334 4.30819 3
      vertex 18 4.3 0
      vertex 17.8334 4.30819 0
    endloop
  endfacet
  facet normal 0.67161 -0.740905 0
    outer loop
      vertex 16.7979 7.20208 0
      vertex 16.9215 7.31412 3
      vertex 16.7979 7.20208 3
    endloop
  endfacet
  facet normal 0.67161 -0.740905 0
    outer loop
      vertex 16.9215 7.31412 3
      vertex 16.7979 7.20208 0
      vertex 16.9215 7.31412 0
    endloop
  endfacet
  facet normal 0.741051 -0.671448 0
    outer loop
      vertex 16.6859 7.07847 3
      vertex 16.7979 7.20208 0
      vertex 16.7979 7.20208 3
    endloop
  endfacet
  facet normal 0.741051 -0.671448 0
    outer loop
      vertex 16.7979 7.20208 0
      vertex 16.6859 7.07847 3
      vertex 16.6859 7.07847 0
    endloop
  endfacet
  facet normal -0.904065 0.427396 0
    outer loop
      vertex 19.4993 5.19862 0
      vertex 19.5706 5.34944 3
      vertex 19.5706 5.34944 0
    endloop
  endfacet
  facet normal -0.904065 0.427396 0
    outer loop
      vertex 19.5706 5.34944 3
      vertex 19.4993 5.19862 0
      vertex 19.4993 5.19862 3
    endloop
  endfacet
  facet normal -0.0491004 0.998794 0
    outer loop
      vertex 18.1666 4.30819 0
      vertex 18 4.3 3
      vertex 18.1666 4.30819 3
    endloop
  endfacet
  facet normal -0.0491004 0.998794 0
    outer loop
      vertex 18 4.3 3
      vertex 18.1666 4.30819 0
      vertex 18 4.3 0
    endloop
  endfacet
  facet normal -0.941552 0.336868 0
    outer loop
      vertex 19.5706 5.34944 0
      vertex 19.6268 5.50652 3
      vertex 19.6268 5.50652 0
    endloop
  endfacet
  facet normal -0.941552 0.336868 0
    outer loop
      vertex 19.6268 5.50652 3
      vertex 19.5706 5.34944 0
      vertex 19.5706 5.34944 3
    endloop
  endfacet
  facet normal -0.741051 -0.671448 0
    outer loop
      vertex 19.3141 7.07847 0
      vertex 19.2021 7.20208 3
      vertex 19.2021 7.20208 0
    endloop
  endfacet
  facet normal -0.741051 -0.671448 0
    outer loop
      vertex 19.2021 7.20208 3
      vertex 19.3141 7.07847 0
      vertex 19.3141 7.07847 3
    endloop
  endfacet
  facet normal 0.243043 0.970015 -0
    outer loop
      vertex 17.6683 4.33266 0
      vertex 17.5065 4.3732 3
      vertex 17.6683 4.33266 3
    endloop
  endfacet
  facet normal 0.243043 0.970015 0
    outer loop
      vertex 17.5065 4.3732 3
      vertex 17.6683 4.33266 0
      vertex 17.5065 4.3732 0
    endloop
  endfacet
  facet normal -0.595695 0.803211 0
    outer loop
      vertex 19.0785 4.68588 0
      vertex 18.9445 4.5865 3
      vertex 19.0785 4.68588 3
    endloop
  endfacet
  facet normal -0.595695 0.803211 0
    outer loop
      vertex 18.9445 4.5865 3
      vertex 19.0785 4.68588 0
      vertex 18.9445 4.5865 0
    endloop
  endfacet
  facet normal -0.857636 0.514258 0
    outer loop
      vertex 19.4135 5.05553 0
      vertex 19.4993 5.19862 3
      vertex 19.4993 5.19862 0
    endloop
  endfacet
  facet normal -0.857636 0.514258 0
    outer loop
      vertex 19.4993 5.19862 3
      vertex 19.4135 5.05553 0
      vertex 19.4135 5.05553 3
    endloop
  endfacet
  facet normal 0.803154 0.595772 0
    outer loop
      vertex 16.6859 4.92153 3
      vertex 16.5865 5.05553 0
      vertex 16.5865 5.05553 3
    endloop
  endfacet
  facet normal 0.803154 0.595772 0
    outer loop
      vertex 16.5865 5.05553 0
      vertex 16.6859 4.92153 3
      vertex 16.6859 4.92153 0
    endloop
  endfacet
  facet normal 0.857652 -0.514231 0
    outer loop
      vertex 16.5007 6.80137 3
      vertex 16.5865 6.94447 0
      vertex 16.5865 6.94447 3
    endloop
  endfacet
  facet normal 0.857652 -0.514231 0
    outer loop
      vertex 16.5865 6.94447 0
      vertex 16.5007 6.80137 3
      vertex 16.5007 6.80137 0
    endloop
  endfacet
  facet normal -0.33683 0.941566 0
    outer loop
      vertex 18.6506 4.4294 0
      vertex 18.4935 4.3732 3
      vertex 18.6506 4.4294 3
    endloop
  endfacet
  facet normal -0.33683 0.941566 0
    outer loop
      vertex 18.4935 4.3732 3
      vertex 18.6506 4.4294 0
      vertex 18.4935 4.3732 0
    endloop
  endfacet
  facet normal 0.998791 -0.0491513 0
    outer loop
      vertex 16.3 6 3
      vertex 16.3082 6.16663 0
      vertex 16.3082 6.16663 3
    endloop
  endfacet
  facet normal 0.998791 -0.0491513 0
    outer loop
      vertex 16.3082 6.16663 0
      vertex 16.3 6 3
      vertex 16.3 6 0
    endloop
  endfacet
  facet normal 0.998791 0.0491513 0
    outer loop
      vertex 16.3082 5.83337 3
      vertex 16.3 6 0
      vertex 16.3 6 3
    endloop
  endfacet
  facet normal 0.998791 0.0491513 0
    outer loop
      vertex 16.3 6 0
      vertex 16.3082 5.83337 3
      vertex 16.3082 5.83337 0
    endloop
  endfacet
  facet normal 0.904043 -0.427442 0
    outer loop
      vertex 16.4294 14.6506 3
      vertex 16.5007 14.8014 0
      vertex 16.5007 14.8014 3
    endloop
  endfacet
  facet normal 0.904043 -0.427442 0
    outer loop
      vertex 16.5007 14.8014 0
      vertex 16.4294 14.6506 3
      vertex 16.4294 14.6506 0
    endloop
  endfacet
  facet normal -0.989168 -0.146788 0
    outer loop
      vertex 19.6918 14.1666 0
      vertex 19.6673 14.3317 3
      vertex 19.6673 14.3317 0
    endloop
  endfacet
  facet normal -0.989168 -0.146788 0
    outer loop
      vertex 19.6673 14.3317 3
      vertex 19.6918 14.1666 0
      vertex 19.6918 14.1666 3
    endloop
  endfacet
  facet normal -0.998791 -0.0491602 0
    outer loop
      vertex 19.7 14 0
      vertex 19.6918 14.1666 3
      vertex 19.6918 14.1666 0
    endloop
  endfacet
  facet normal -0.998791 -0.0491602 0
    outer loop
      vertex 19.6918 14.1666 3
      vertex 19.7 14 0
      vertex 19.7 14 3
    endloop
  endfacet
  facet normal -0.970072 -0.242818 0
    outer loop
      vertex 19.6673 14.3317 0
      vertex 19.6268 14.4935 3
      vertex 19.6268 14.4935 0
    endloop
  endfacet
  facet normal -0.970072 -0.242818 0
    outer loop
      vertex 19.6268 14.4935 3
      vertex 19.6673 14.3317 0
      vertex 19.6673 14.3317 3
    endloop
  endfacet
  facet normal -0.146788 -0.989168 0
    outer loop
      vertex 18.1666 15.6918 0
      vertex 18.3317 15.6673 3
      vertex 18.1666 15.6918 3
    endloop
  endfacet
  facet normal -0.146788 -0.989168 -0
    outer loop
      vertex 18.3317 15.6673 3
      vertex 18.1666 15.6918 0
      vertex 18.3317 15.6673 0
    endloop
  endfacet
  facet normal 0.146788 -0.989168 0
    outer loop
      vertex 17.6683 15.6673 0
      vertex 17.8334 15.6918 3
      vertex 17.6683 15.6673 3
    endloop
  endfacet
  facet normal 0.146788 -0.989168 0
    outer loop
      vertex 17.8334 15.6918 3
      vertex 17.6683 15.6673 0
      vertex 17.8334 15.6918 0
    endloop
  endfacet
  facet normal -0.803154 -0.595772 0
    outer loop
      vertex 19.4135 14.9445 0
      vertex 19.3141 15.0785 3
      vertex 19.3141 15.0785 0
    endloop
  endfacet
  facet normal -0.803154 -0.595772 0
    outer loop
      vertex 19.3141 15.0785 3
      vertex 19.4135 14.9445 0
      vertex 19.4135 14.9445 3
    endloop
  endfacet
  facet normal -0.514231 0.857652 0
    outer loop
      vertex 18.9445 12.5865 0
      vertex 18.8014 12.5007 3
      vertex 18.9445 12.5865 3
    endloop
  endfacet
  facet normal -0.514231 0.857652 0
    outer loop
      vertex 18.8014 12.5007 3
      vertex 18.9445 12.5865 0
      vertex 18.8014 12.5007 0
    endloop
  endfacet
  facet normal -0.595772 -0.803154 0
    outer loop
      vertex 18.9445 15.4135 0
      vertex 19.0785 15.3141 3
      vertex 18.9445 15.4135 3
    endloop
  endfacet
  facet normal -0.595772 -0.803154 -0
    outer loop
      vertex 19.0785 15.3141 3
      vertex 18.9445 15.4135 0
      vertex 19.0785 15.3141 0
    endloop
  endfacet
  facet normal -0.998791 0.0491602 0
    outer loop
      vertex 19.6918 13.8334 0
      vertex 19.7 14 3
      vertex 19.7 14 0
    endloop
  endfacet
  facet normal -0.998791 0.0491602 0
    outer loop
      vertex 19.7 14 3
      vertex 19.6918 13.8334 0
      vertex 19.6918 13.8334 3
    endloop
  endfacet
  facet normal 0.242818 -0.970072 0
    outer loop
      vertex 17.5065 15.6268 0
      vertex 17.6683 15.6673 3
      vertex 17.5065 15.6268 3
    endloop
  endfacet
  facet normal 0.242818 -0.970072 0
    outer loop
      vertex 17.6683 15.6673 3
      vertex 17.5065 15.6268 0
      vertex 17.6683 15.6673 0
    endloop
  endfacet
  facet normal 0.427442 0.904043 -0
    outer loop
      vertex 17.3494 12.4294 0
      vertex 17.1986 12.5007 3
      vertex 17.3494 12.4294 3
    endloop
  endfacet
  facet normal 0.427442 0.904043 0
    outer loop
      vertex 17.1986 12.5007 3
      vertex 17.3494 12.4294 0
      vertex 17.1986 12.5007 0
    endloop
  endfacet
  facet normal -0.427442 -0.904043 0
    outer loop
      vertex 18.6506 15.5706 0
      vertex 18.8014 15.4993 3
      vertex 18.6506 15.5706 3
    endloop
  endfacet
  facet normal -0.427442 -0.904043 -0
    outer loop
      vertex 18.8014 15.4993 3
      vertex 18.6506 15.5706 0
      vertex 18.8014 15.4993 0
    endloop
  endfacet
  facet normal 0.989168 0.146788 0
    outer loop
      vertex 16.3327 13.6683 3
      vertex 16.3082 13.8334 0
      vertex 16.3082 13.8334 3
    endloop
  endfacet
  facet normal 0.989168 0.146788 0
    outer loop
      vertex 16.3082 13.8334 0
      vertex 16.3327 13.6683 3
      vertex 16.3327 13.6683 0
    endloop
  endfacet
  facet normal -0.671478 0.741024 0
    outer loop
      vertex 19.2021 12.7979 0
      vertex 19.0785 12.6859 3
      vertex 19.2021 12.7979 3
    endloop
  endfacet
  facet normal -0.671478 0.741024 0
    outer loop
      vertex 19.0785 12.6859 3
      vertex 19.2021 12.7979 0
      vertex 19.0785 12.6859 0
    endloop
  endfacet
  facet normal 0.427442 -0.904043 0
    outer loop
      vertex 17.1986 15.4993 0
      vertex 17.3494 15.5706 3
      vertex 17.1986 15.4993 3
    endloop
  endfacet
  facet normal 0.427442 -0.904043 0
    outer loop
      vertex 17.3494 15.5706 3
      vertex 17.1986 15.4993 0
      vertex 17.3494 15.5706 0
    endloop
  endfacet
  facet normal -0.970072 0.242818 0
    outer loop
      vertex 19.6268 13.5065 0
      vertex 19.6673 13.6683 3
      vertex 19.6673 13.6683 0
    endloop
  endfacet
  facet normal -0.970072 0.242818 0
    outer loop
      vertex 19.6673 13.6683 3
      vertex 19.6268 13.5065 0
      vertex 19.6268 13.5065 3
    endloop
  endfacet
  facet normal -0.242818 0.970072 0
    outer loop
      vertex 18.4935 12.3732 0
      vertex 18.3317 12.3327 3
      vertex 18.4935 12.3732 3
    endloop
  endfacet
  facet normal -0.242818 0.970072 0
    outer loop
      vertex 18.3317 12.3327 3
      vertex 18.4935 12.3732 0
      vertex 18.3317 12.3327 0
    endloop
  endfacet
  facet normal 0.989168 -0.146788 0
    outer loop
      vertex 16.3082 14.1666 3
      vertex 16.3327 14.3317 0
      vertex 16.3327 14.3317 3
    endloop
  endfacet
  facet normal 0.989168 -0.146788 0
    outer loop
      vertex 16.3327 14.3317 0
      vertex 16.3082 14.1666 3
      vertex 16.3082 14.1666 0
    endloop
  endfacet
  facet normal -0.941566 -0.33683 0
    outer loop
      vertex 19.6268 14.4935 0
      vertex 19.5706 14.6506 3
      vertex 19.5706 14.6506 0
    endloop
  endfacet
  facet normal -0.941566 -0.33683 0
    outer loop
      vertex 19.5706 14.6506 3
      vertex 19.6268 14.4935 0
      vertex 19.6268 14.4935 3
    endloop
  endfacet
  facet normal 0.514231 0.857652 -0
    outer loop
      vertex 17.1986 12.5007 0
      vertex 17.0555 12.5865 3
      vertex 17.1986 12.5007 3
    endloop
  endfacet
  facet normal 0.514231 0.857652 0
    outer loop
      vertex 17.0555 12.5865 3
      vertex 17.1986 12.5007 0
      vertex 17.0555 12.5865 0
    endloop
  endfacet
  facet normal 0.970072 -0.242818 0
    outer loop
      vertex 16.3327 14.3317 3
      vertex 16.3732 14.4935 0
      vertex 16.3732 14.4935 3
    endloop
  endfacet
  facet normal 0.970072 -0.242818 0
    outer loop
      vertex 16.3732 14.4935 0
      vertex 16.3327 14.3317 3
      vertex 16.3327 14.3317 0
    endloop
  endfacet
  facet normal -0.803154 0.595772 0
    outer loop
      vertex 19.3141 12.9215 0
      vertex 19.4135 13.0555 3
      vertex 19.4135 13.0555 0
    endloop
  endfacet
  facet normal -0.803154 0.595772 0
    outer loop
      vertex 19.4135 13.0555 3
      vertex 19.3141 12.9215 0
      vertex 19.3141 12.9215 3
    endloop
  endfacet
  facet normal 0.595772 0.803154 -0
    outer loop
      vertex 17.0555 12.5865 0
      vertex 16.9215 12.6859 3
      vertex 17.0555 12.5865 3
    endloop
  endfacet
  facet normal 0.595772 0.803154 0
    outer loop
      vertex 16.9215 12.6859 3
      vertex 17.0555 12.5865 0
      vertex 16.9215 12.6859 0
    endloop
  endfacet
  facet normal 0.33683 0.941566 -0
    outer loop
      vertex 17.5065 12.3732 0
      vertex 17.3494 12.4294 3
      vertex 17.5065 12.3732 3
    endloop
  endfacet
  facet normal 0.33683 0.941566 0
    outer loop
      vertex 17.3494 12.4294 3
      vertex 17.5065 12.3732 0
      vertex 17.3494 12.4294 0
    endloop
  endfacet
  facet normal -0.33683 -0.941566 0
    outer loop
      vertex 18.4935 15.6268 0
      vertex 18.6506 15.5706 3
      vertex 18.4935 15.6268 3
    endloop
  endfacet
  facet normal -0.33683 -0.941566 -0
    outer loop
      vertex 18.6506 15.5706 3
      vertex 18.4935 15.6268 0
      vertex 18.6506 15.5706 0
    endloop
  endfacet
  facet normal 0.741024 0.671478 0
    outer loop
      vertex 16.7979 12.7979 3
      vertex 16.6859 12.9215 0
      vertex 16.6859 12.9215 3
    endloop
  endfacet
  facet normal 0.741024 0.671478 0
    outer loop
      vertex 16.6859 12.9215 0
      vertex 16.7979 12.7979 3
      vertex 16.7979 12.7979 0
    endloop
  endfacet
  facet normal -0.514231 -0.857652 0
    outer loop
      vertex 18.8014 15.4993 0
      vertex 18.9445 15.4135 3
      vertex 18.8014 15.4993 3
    endloop
  endfacet
  facet normal -0.514231 -0.857652 -0
    outer loop
      vertex 18.9445 15.4135 3
      vertex 18.8014 15.4993 0
      vertex 18.9445 15.4135 0
    endloop
  endfacet
  facet normal 0.33683 -0.941566 0
    outer loop
      vertex 17.3494 15.5706 0
      vertex 17.5065 15.6268 3
      vertex 17.3494 15.5706 3
    endloop
  endfacet
  facet normal 0.33683 -0.941566 0
    outer loop
      vertex 17.5065 15.6268 3
      vertex 17.3494 15.5706 0
      vertex 17.5065 15.6268 0
    endloop
  endfacet
  facet normal 0.904043 0.427442 0
    outer loop
      vertex 16.5007 13.1986 3
      vertex 16.4294 13.3494 0
      vertex 16.4294 13.3494 3
    endloop
  endfacet
  facet normal 0.904043 0.427442 0
    outer loop
      vertex 16.4294 13.3494 0
      vertex 16.5007 13.1986 3
      vertex 16.5007 13.1986 0
    endloop
  endfacet
  facet normal 0.941566 0.33683 0
    outer loop
      vertex 16.4294 13.3494 3
      vertex 16.3732 13.5065 0
      vertex 16.3732 13.5065 3
    endloop
  endfacet
  facet normal 0.941566 0.33683 0
    outer loop
      vertex 16.3732 13.5065 0
      vertex 16.4294 13.3494 3
      vertex 16.4294 13.3494 0
    endloop
  endfacet
  facet normal -0.904043 -0.427442 0
    outer loop
      vertex 19.5706 14.6506 0
      vertex 19.4993 14.8014 3
      vertex 19.4993 14.8014 0
    endloop
  endfacet
  facet normal -0.904043 -0.427442 0
    outer loop
      vertex 19.4993 14.8014 3
      vertex 19.5706 14.6506 0
      vertex 19.5706 14.6506 3
    endloop
  endfacet
  facet normal 0.970072 0.242818 0
    outer loop
      vertex 16.3732 13.5065 3
      vertex 16.3327 13.6683 0
      vertex 16.3327 13.6683 3
    endloop
  endfacet
  facet normal 0.970072 0.242818 0
    outer loop
      vertex 16.3327 13.6683 0
      vertex 16.3732 13.5065 3
      vertex 16.3732 13.5065 0
    endloop
  endfacet
  facet normal 0.595772 -0.803154 0
    outer loop
      vertex 16.9215 15.3141 0
      vertex 17.0555 15.4135 3
      vertex 16.9215 15.3141 3
    endloop
  endfacet
  facet normal 0.595772 -0.803154 0
    outer loop
      vertex 17.0555 15.4135 3
      vertex 16.9215 15.3141 0
      vertex 17.0555 15.4135 0
    endloop
  endfacet
  facet normal 0.146788 0.989168 -0
    outer loop
      vertex 17.8334 12.3082 0
      vertex 17.6683 12.3327 3
      vertex 17.8334 12.3082 3
    endloop
  endfacet
  facet normal 0.146788 0.989168 0
    outer loop
      vertex 17.6683 12.3327 3
      vertex 17.8334 12.3082 0
      vertex 17.6683 12.3327 0
    endloop
  endfacet
  facet normal -0.741024 0.671478 0
    outer loop
      vertex 19.2021 12.7979 0
      vertex 19.3141 12.9215 3
      vertex 19.3141 12.9215 0
    endloop
  endfacet
  facet normal -0.741024 0.671478 0
    outer loop
      vertex 19.3141 12.9215 3
      vertex 19.2021 12.7979 0
      vertex 19.2021 12.7979 3
    endloop
  endfacet
  facet normal -0.146788 0.989168 0
    outer loop
      vertex 18.3317 12.3327 0
      vertex 18.1666 12.3082 3
      vertex 18.3317 12.3327 3
    endloop
  endfacet
  facet normal -0.146788 0.989168 0
    outer loop
      vertex 18.1666 12.3082 3
      vertex 18.3317 12.3327 0
      vertex 18.1666 12.3082 0
    endloop
  endfacet
  facet normal 0.514231 -0.857652 0
    outer loop
      vertex 17.0555 15.4135 0
      vertex 17.1986 15.4993 3
      vertex 17.0555 15.4135 3
    endloop
  endfacet
  facet normal 0.514231 -0.857652 0
    outer loop
      vertex 17.1986 15.4993 3
      vertex 17.0555 15.4135 0
      vertex 17.1986 15.4993 0
    endloop
  endfacet
  facet normal -0.0491602 -0.998791 0
    outer loop
      vertex 18 15.7 0
      vertex 18.1666 15.6918 3
      vertex 18 15.7 3
    endloop
  endfacet
  facet normal -0.0491602 -0.998791 -0
    outer loop
      vertex 18.1666 15.6918 3
      vertex 18 15.7 0
      vertex 18.1666 15.6918 0
    endloop
  endfacet
  facet normal 0.857652 0.514231 0
    outer loop
      vertex 16.5865 13.0555 3
      vertex 16.5007 13.1986 0
      vertex 16.5007 13.1986 3
    endloop
  endfacet
  facet normal 0.857652 0.514231 0
    outer loop
      vertex 16.5007 13.1986 0
      vertex 16.5865 13.0555 3
      vertex 16.5865 13.0555 0
    endloop
  endfacet
  facet normal -0.857652 0.514231 0
    outer loop
      vertex 19.4135 13.0555 0
      vertex 19.4993 13.1986 3
      vertex 19.4993 13.1986 0
    endloop
  endfacet
  facet normal -0.857652 0.514231 0
    outer loop
      vertex 19.4993 13.1986 3
      vertex 19.4135 13.0555 0
      vertex 19.4135 13.0555 3
    endloop
  endfacet
  facet normal -0.242818 -0.970072 0
    outer loop
      vertex 18.3317 15.6673 0
      vertex 18.4935 15.6268 3
      vertex 18.3317 15.6673 3
    endloop
  endfacet
  facet normal -0.242818 -0.970072 -0
    outer loop
      vertex 18.4935 15.6268 3
      vertex 18.3317 15.6673 0
      vertex 18.4935 15.6268 0
    endloop
  endfacet
  facet normal 0.941566 -0.33683 0
    outer loop
      vertex 16.3732 14.4935 3
      vertex 16.4294 14.6506 0
      vertex 16.4294 14.6506 3
    endloop
  endfacet
  facet normal 0.941566 -0.33683 0
    outer loop
      vertex 16.4294 14.6506 0
      vertex 16.3732 14.4935 3
      vertex 16.3732 14.4935 0
    endloop
  endfacet
  facet normal -0.671478 -0.741024 0
    outer loop
      vertex 19.0785 15.3141 0
      vertex 19.2021 15.2021 3
      vertex 19.0785 15.3141 3
    endloop
  endfacet
  facet normal -0.671478 -0.741024 -0
    outer loop
      vertex 19.2021 15.2021 3
      vertex 19.0785 15.3141 0
      vertex 19.2021 15.2021 0
    endloop
  endfacet
  facet normal 0.0491602 -0.998791 0
    outer loop
      vertex 17.8334 15.6918 0
      vertex 18 15.7 3
      vertex 17.8334 15.6918 3
    endloop
  endfacet
  facet normal 0.0491602 -0.998791 0
    outer loop
      vertex 18 15.7 3
      vertex 17.8334 15.6918 0
      vertex 18 15.7 0
    endloop
  endfacet
  facet normal -0.427442 0.904043 0
    outer loop
      vertex 18.8014 12.5007 0
      vertex 18.6506 12.4294 3
      vertex 18.8014 12.5007 3
    endloop
  endfacet
  facet normal -0.427442 0.904043 0
    outer loop
      vertex 18.6506 12.4294 3
      vertex 18.8014 12.5007 0
      vertex 18.6506 12.4294 0
    endloop
  endfacet
  facet normal -0.989168 0.146788 0
    outer loop
      vertex 19.6673 13.6683 0
      vertex 19.6918 13.8334 3
      vertex 19.6918 13.8334 0
    endloop
  endfacet
  facet normal -0.989168 0.146788 0
    outer loop
      vertex 19.6918 13.8334 3
      vertex 19.6673 13.6683 0
      vertex 19.6673 13.6683 3
    endloop
  endfacet
  facet normal -0.857652 -0.514231 0
    outer loop
      vertex 19.4993 14.8014 0
      vertex 19.4135 14.9445 3
      vertex 19.4135 14.9445 0
    endloop
  endfacet
  facet normal -0.857652 -0.514231 0
    outer loop
      vertex 19.4135 14.9445 3
      vertex 19.4993 14.8014 0
      vertex 19.4993 14.8014 3
    endloop
  endfacet
  facet normal 0.0491602 0.998791 -0
    outer loop
      vertex 18 12.3 0
      vertex 17.8334 12.3082 3
      vertex 18 12.3 3
    endloop
  endfacet
  facet normal 0.0491602 0.998791 0
    outer loop
      vertex 17.8334 12.3082 3
      vertex 18 12.3 0
      vertex 17.8334 12.3082 0
    endloop
  endfacet
  facet normal 0.671478 -0.741024 0
    outer loop
      vertex 16.7979 15.2021 0
      vertex 16.9215 15.3141 3
      vertex 16.7979 15.2021 3
    endloop
  endfacet
  facet normal 0.671478 -0.741024 0
    outer loop
      vertex 16.9215 15.3141 3
      vertex 16.7979 15.2021 0
      vertex 16.9215 15.3141 0
    endloop
  endfacet
  facet normal 0.741024 -0.671478 0
    outer loop
      vertex 16.6859 15.0785 3
      vertex 16.7979 15.2021 0
      vertex 16.7979 15.2021 3
    endloop
  endfacet
  facet normal 0.741024 -0.671478 0
    outer loop
      vertex 16.7979 15.2021 0
      vertex 16.6859 15.0785 3
      vertex 16.6859 15.0785 0
    endloop
  endfacet
  facet normal -0.904043 0.427442 0
    outer loop
      vertex 19.4993 13.1986 0
      vertex 19.5706 13.3494 3
      vertex 19.5706 13.3494 0
    endloop
  endfacet
  facet normal -0.904043 0.427442 0
    outer loop
      vertex 19.5706 13.3494 3
      vertex 19.4993 13.1986 0
      vertex 19.4993 13.1986 3
    endloop
  endfacet
  facet normal -0.0491602 0.998791 0
    outer loop
      vertex 18.1666 12.3082 0
      vertex 18 12.3 3
      vertex 18.1666 12.3082 3
    endloop
  endfacet
  facet normal -0.0491602 0.998791 0
    outer loop
      vertex 18 12.3 3
      vertex 18.1666 12.3082 0
      vertex 18 12.3 0
    endloop
  endfacet
  facet normal 0.671478 0.741024 -0
    outer loop
      vertex 16.9215 12.6859 0
      vertex 16.7979 12.7979 3
      vertex 16.9215 12.6859 3
    endloop
  endfacet
  facet normal 0.671478 0.741024 0
    outer loop
      vertex 16.7979 12.7979 3
      vertex 16.9215 12.6859 0
      vertex 16.7979 12.7979 0
    endloop
  endfacet
  facet normal -0.941566 0.33683 0
    outer loop
      vertex 19.5706 13.3494 0
      vertex 19.6268 13.5065 3
      vertex 19.6268 13.5065 0
    endloop
  endfacet
  facet normal -0.941566 0.33683 0
    outer loop
      vertex 19.6268 13.5065 3
      vertex 19.5706 13.3494 0
      vertex 19.5706 13.3494 3
    endloop
  endfacet
  facet normal -0.741024 -0.671478 0
    outer loop
      vertex 19.3141 15.0785 0
      vertex 19.2021 15.2021 3
      vertex 19.2021 15.2021 0
    endloop
  endfacet
  facet normal -0.741024 -0.671478 0
    outer loop
      vertex 19.2021 15.2021 3
      vertex 19.3141 15.0785 0
      vertex 19.3141 15.0785 3
    endloop
  endfacet
  facet normal 0.242818 0.970072 -0
    outer loop
      vertex 17.6683 12.3327 0
      vertex 17.5065 12.3732 3
      vertex 17.6683 12.3327 3
    endloop
  endfacet
  facet normal 0.242818 0.970072 0
    outer loop
      vertex 17.5065 12.3732 3
      vertex 17.6683 12.3327 0
      vertex 17.5065 12.3732 0
    endloop
  endfacet
  facet normal -0.595772 0.803154 0
    outer loop
      vertex 19.0785 12.6859 0
      vertex 18.9445 12.5865 3
      vertex 19.0785 12.6859 3
    endloop
  endfacet
  facet normal -0.595772 0.803154 0
    outer loop
      vertex 18.9445 12.5865 3
      vertex 19.0785 12.6859 0
      vertex 18.9445 12.5865 0
    endloop
  endfacet
  facet normal 0.803154 0.595772 0
    outer loop
      vertex 16.6859 12.9215 3
      vertex 16.5865 13.0555 0
      vertex 16.5865 13.0555 3
    endloop
  endfacet
  facet normal 0.803154 0.595772 0
    outer loop
      vertex 16.5865 13.0555 0
      vertex 16.6859 12.9215 3
      vertex 16.6859 12.9215 0
    endloop
  endfacet
  facet normal 0.857652 -0.514231 0
    outer loop
      vertex 16.5007 14.8014 3
      vertex 16.5865 14.9445 0
      vertex 16.5865 14.9445 3
    endloop
  endfacet
  facet normal 0.857652 -0.514231 0
    outer loop
      vertex 16.5865 14.9445 0
      vertex 16.5007 14.8014 3
      vertex 16.5007 14.8014 0
    endloop
  endfacet
  facet normal -0.33683 0.941566 0
    outer loop
      vertex 18.6506 12.4294 0
      vertex 18.4935 12.3732 3
      vertex 18.6506 12.4294 3
    endloop
  endfacet
  facet normal -0.33683 0.941566 0
    outer loop
      vertex 18.4935 12.3732 3
      vertex 18.6506 12.4294 0
      vertex 18.4935 12.3732 0
    endloop
  endfacet
  facet normal 0.998791 -0.0491602 0
    outer loop
      vertex 16.3 14 3
      vertex 16.3082 14.1666 0
      vertex 16.3082 14.1666 3
    endloop
  endfacet
  facet normal 0.998791 -0.0491602 0
    outer loop
      vertex 16.3082 14.1666 0
      vertex 16.3 14 3
      vertex 16.3 14 0
    endloop
  endfacet
  facet normal 0.998791 0.0491602 0
    outer loop
      vertex 16.3082 13.8334 3
      vertex 16.3 14 0
      vertex 16.3 14 3
    endloop
  endfacet
  facet normal 0.998791 0.0491602 0
    outer loop
      vertex 16.3 14 0
      vertex 16.3082 13.8334 3
      vertex 16.3082 13.8334 0
    endloop
  endfacet
  facet normal 0.803154 -0.595772 0
    outer loop
      vertex 16.5865 14.9445 3
      vertex 16.6859 15.0785 0
      vertex 16.6859 15.0785 3
    endloop
  endfacet
  facet normal 0.803154 -0.595772 0
    outer loop
      vertex 16.6859 15.0785 0
      vertex 16.5865 14.9445 3
      vertex 16.5865 14.9445 0
    endloop
  endfacet
  facet normal 0.336857 0.927251 -0.1635
    outer loop
      vertex 7.18069 2.76983 3
      vertex 7.07905 3.00911 4.14761
      vertex 7.18069 2.9733 4.15393
    endloop
  endfacet
  facet normal 0.336903 0.927236 -0.163493
    outer loop
      vertex 7.07905 3.00911 4.14761
      vertex 7.18069 2.76983 3
      vertex 7.07905 2.80676 3
    endloop
  endfacet
  facet normal -0.989176 -0.144503 0.0254803
    outer loop
      vertex 8.57886 4.05661 3
      vertex 8.5947 4.11612 3.95242
      vertex 8.57886 4.22128 3.93387
    endloop
  endfacet
  facet normal -0.989176 -0.144504 0.0254803
    outer loop
      vertex 8.5947 4.11612 3.95242
      vertex 8.57886 4.05661 3
      vertex 8.5947 3.94818 3
    endloop
  endfacet
  facet normal -0.998794 -0.0483519 0.00852588
    outer loop
      vertex 8.5947 3.94818 3
      vertex 8.6 4.00994 3.97114
      vertex 8.5947 4.11612 3.95242
    endloop
  endfacet
  facet normal -0.998794 -0.0483523 0.0085259
    outer loop
      vertex 8.6 4.00994 3.97114
      vertex 8.5947 3.94818 3
      vertex 8.6 3.8387 3
    endloop
  endfacet
  facet normal -0.970028 -0.239301 0.042195
    outer loop
      vertex 8.55263 4.16294 3
      vertex 8.57886 4.22128 3.93387
      vertex 8.55263 4.3244 3.91569
    endloop
  endfacet
  facet normal -0.97003 -0.239292 0.0421945
    outer loop
      vertex 8.57886 4.22128 3.93387
      vertex 8.55263 4.16294 3
      vertex 8.57886 4.05661 3
    endloop
  endfacet
  facet normal 0.989176 -0.144503 0.0254803
    outer loop
      vertex 6.4053 4.11612 3.95242
      vertex 6.42114 4.05661 3
      vertex 6.42114 4.22128 3.93387
    endloop
  endfacet
  facet normal 0.989176 -0.144504 0.0254803
    outer loop
      vertex 6.42114 4.05661 3
      vertex 6.4053 4.11612 3.95242
      vertex 6.4053 3.94818 3
    endloop
  endfacet
  facet normal 0.242973 0.955296 -0.168443
    outer loop
      vertex 7.2854 2.7432 3
      vertex 7.18069 2.9733 4.15393
      vertex 7.2854 2.94747 4.15848
    endloop
  endfacet
  facet normal 0.242953 0.955301 -0.168446
    outer loop
      vertex 7.18069 2.9733 4.15393
      vertex 7.2854 2.7432 3
      vertex 7.18069 2.76983 3
    endloop
  endfacet
  facet normal -0.336903 -0.927237 0.163488
    outer loop
      vertex 7.92095 4.87065 3
      vertex 7.81931 5.04658 3.78835
      vertex 7.81931 4.90758 3
    endloop
  endfacet
  facet normal -0.336857 -0.927252 0.163497
    outer loop
      vertex 7.81931 5.04658 3.78835
      vertex 7.92095 4.87065 3
      vertex 7.92095 5.01077 3.79467
    endloop
  endfacet
  facet normal 0.514152 -0.844669 0.148934
    outer loop
      vertex 6.88887 4.76743 3
      vertex 6.98146 4.96532 3.80268
      vertex 6.88887 4.91066 3.81232
    endloop
  endfacet
  facet normal 0.514086 -0.844707 0.148951
    outer loop
      vertex 6.98146 4.96532 3.80268
      vertex 6.88887 4.76743 3
      vertex 6.98146 4.82378 3
    endloop
  endfacet
  facet normal 0.903963 0.421115 -0.0742508
    outer loop
      vertex 6.52989 3.49928 4.06118
      vertex 6.48373 3.41126 3
      vertex 6.48373 3.59538 4.04424
    endloop
  endfacet
  facet normal 0.903968 0.421104 -0.0742501
    outer loop
      vertex 6.48373 3.41126 3
      vertex 6.52989 3.49928 4.06118
      vertex 6.52989 3.31217 3
    endloop
  endfacet
  facet normal 0.242973 -0.955298 0.168436
    outer loop
      vertex 7.18069 4.90758 3
      vertex 7.2854 5.07241 3.7838
      vertex 7.18069 5.04658 3.78835
    endloop
  endfacet
  facet normal 0.242954 -0.955302 0.168439
    outer loop
      vertex 7.2854 5.07241 3.7838
      vertex 7.18069 4.90758 3
      vertex 7.2854 4.93421 3
    endloop
  endfacet
  facet normal 0.857747 0.506262 -0.0892655
    outer loop
      vertex 6.58538 3.4081 4.07726
      vertex 6.52989 3.31217 3
      vertex 6.52989 3.49928 4.06118
    endloop
  endfacet
  facet normal 0.857758 0.506243 -0.0892644
    outer loop
      vertex 6.52989 3.31217 3
      vertex 6.58538 3.4081 4.07726
      vertex 6.58538 3.21815 3
    endloop
  endfacet
  facet normal -0.242953 0.955301 -0.168446
    outer loop
      vertex 7.7146 2.7432 3
      vertex 7.81931 2.9733 4.15393
      vertex 7.81931 2.76983 3
    endloop
  endfacet
  facet normal -0.242973 0.955296 -0.168443
    outer loop
      vertex 7.81931 2.9733 4.15393
      vertex 7.7146 2.7432 3
      vertex 7.7146 2.94747 4.15848
    endloop
  endfacet
  facet normal 0.595738 0.790977 -0.139469
    outer loop
      vertex 6.88887 2.90998 3
      vertex 6.80217 3.17255 4.11879
      vertex 6.88887 3.10922 4.12996
    endloop
  endfacet
  facet normal 0.595681 0.791018 -0.139483
    outer loop
      vertex 6.80217 3.17255 4.11879
      vertex 6.88887 2.90998 3
      vertex 6.80217 2.97527 3
    endloop
  endfacet
  facet normal -0.514154 0.844668 -0.148936
    outer loop
      vertex 8.01854 2.85362 3
      vertex 8.11113 3.10922 4.12996
      vertex 8.11113 2.90998 3
    endloop
  endfacet
  facet normal -0.514085 0.844707 -0.14895
    outer loop
      vertex 8.11113 3.10922 4.12996
      vertex 8.01854 2.85362 3
      vertex 8.01854 3.05457 4.1396
    endloop
  endfacet
  facet normal -0.803194 0.586667 -0.103445
    outer loop
      vertex 8.41462 3.21815 3
      vertex 8.35031 3.32271 4.09232
      vertex 8.41462 3.4081 4.07726
    endloop
  endfacet
  facet normal -0.803208 0.586648 -0.103444
    outer loop
      vertex 8.35031 3.32271 4.09232
      vertex 8.41462 3.21815 3
      vertex 8.35031 3.1301 3
    endloop
  endfacet
  facet normal -0.146698 -0.974154 0.171769
    outer loop
      vertex 7.7146 4.93421 3
      vertex 7.60782 5.08801 3.78105
      vertex 7.60782 4.95029 3
    endloop
  endfacet
  facet normal -0.146742 -0.974148 0.171762
    outer loop
      vertex 7.60782 5.08801 3.78105
      vertex 7.7146 4.93421 3
      vertex 7.7146 5.07241 3.7838
    endloop
  endfacet
  facet normal 0.595727 -0.790985 0.13947
    outer loop
      vertex 6.80217 4.70213 3
      vertex 6.88887 4.91066 3.81232
      vertex 6.80217 4.84733 3.82348
    endloop
  endfacet
  facet normal 0.595741 -0.790976 0.139467
    outer loop
      vertex 6.88887 4.91066 3.81232
      vertex 6.80217 4.70213 3
      vertex 6.88887 4.76743 3
    endloop
  endfacet
  facet normal 0.803194 -0.586667 0.103445
    outer loop
      vertex 6.58538 4.61178 3.86502
      vertex 6.64969 4.5473 3
      vertex 6.64969 4.69717 3.84996
    endloop
  endfacet
  facet normal 0.803177 -0.586691 0.103445
    outer loop
      vertex 6.64969 4.5473 3
      vertex 6.58538 4.61178 3.86502
      vertex 6.58538 4.45926 3
    endloop
  endfacet
  facet normal -0.989176 0.144505 -0.0254803
    outer loop
      vertex 8.5947 3.72922 3
      vertex 8.57886 3.7986 4.0084
      vertex 8.5947 3.90376 3.98986
    endloop
  endfacet
  facet normal -0.989176 0.144504 -0.0254802
    outer loop
      vertex 8.57886 3.7986 4.0084
      vertex 8.5947 3.72922 3
      vertex 8.57886 3.62079 3
    endloop
  endfacet
  facet normal 0.941541 -0.331781 0.0585024
    outer loop
      vertex 6.44736 4.3244 3.91569
      vertex 6.48373 4.26615 3
      vertex 6.48373 4.4245 3.89804
    endloop
  endfacet
  facet normal 0.941538 -0.331787 0.0585027
    outer loop
      vertex 6.48373 4.26615 3
      vertex 6.44736 4.3244 3.91569
      vertex 6.44736 4.16294 3
    endloop
  endfacet
  facet normal -0.427565 -0.890251 0.156973
    outer loop
      vertex 8.01854 4.82378 3
      vertex 7.92095 5.01077 3.79467
      vertex 7.92095 4.87065 3
    endloop
  endfacet
  facet normal -0.427508 -0.890276 0.156986
    outer loop
      vertex 7.92095 5.01077 3.79467
      vertex 8.01854 4.82378 3
      vertex 8.01854 4.96532 3.80268
    endloop
  endfacet
  facet normal 0.941541 0.331781 -0.0585033
    outer loop
      vertex 6.48373 3.59538 4.04424
      vertex 6.44736 3.51446 3
      vertex 6.44736 3.69548 4.02659
    endloop
  endfacet
  facet normal 0.941528 0.331816 -0.0585056
    outer loop
      vertex 6.44736 3.51446 3
      vertex 6.48373 3.59538 4.04424
      vertex 6.48373 3.41126 3
    endloop
  endfacet
  facet normal -0.970029 0.239297 -0.042195
    outer loop
      vertex 8.57886 3.62079 3
      vertex 8.55263 3.69548 4.02659
      vertex 8.57886 3.7986 4.0084
    endloop
  endfacet
  facet normal -0.97003 0.239292 -0.0421946
    outer loop
      vertex 8.55263 3.69548 4.02659
      vertex 8.57886 3.62079 3
      vertex 8.55263 3.51446 3
    endloop
  endfacet
  facet normal 0.0491009 -0.98362 0.173438
    outer loop
      vertex 7.39218 4.95029 3
      vertex 7.5 5.09323 3.78013
      vertex 7.39218 5.08801 3.78105
    endloop
  endfacet
  facet normal 0.0490807 -0.98362 0.173441
    outer loop
      vertex 7.5 5.09323 3.78013
      vertex 7.39218 4.95029 3
      vertex 7.5 4.95567 3
    endloop
  endfacet
  facet normal 0.427508 -0.890276 0.156986
    outer loop
      vertex 6.98146 4.82378 3
      vertex 7.07905 5.01077 3.79467
      vertex 6.98146 4.96532 3.80268
    endloop
  endfacet
  facet normal 0.427565 -0.890251 0.156973
    outer loop
      vertex 7.07905 5.01077 3.79467
      vertex 6.98146 4.82378 3
      vertex 7.07905 4.87065 3
    endloop
  endfacet
  facet normal 0.671523 -0.729727 0.128669
    outer loop
      vertex 6.72218 4.62852 3
      vertex 6.80217 4.84733 3.82348
      vertex 6.72218 4.77594 3.83607
    endloop
  endfacet
  facet normal 0.671523 -0.729726 0.128669
    outer loop
      vertex 6.80217 4.84733 3.82348
      vertex 6.72218 4.62852 3
      vertex 6.80217 4.70213 3
    endloop
  endfacet
  facet normal -0.336903 0.927236 -0.163493
    outer loop
      vertex 7.81931 2.76983 3
      vertex 7.92095 3.00911 4.14761
      vertex 7.92095 2.80676 3
    endloop
  endfacet
  facet normal -0.336857 0.927251 -0.1635
    outer loop
      vertex 7.92095 3.00911 4.14761
      vertex 7.81931 2.76983 3
      vertex 7.81931 2.9733 4.15393
    endloop
  endfacet
  facet normal 0.336857 -0.927252 0.163497
    outer loop
      vertex 7.07905 4.87065 3
      vertex 7.18069 5.04658 3.78835
      vertex 7.07905 5.01077 3.79467
    endloop
  endfacet
  facet normal 0.336903 -0.927237 0.163488
    outer loop
      vertex 7.18069 5.04658 3.78835
      vertex 7.07905 4.87065 3
      vertex 7.18069 4.90758 3
    endloop
  endfacet
  facet normal -0.803194 -0.586667 0.103445
    outer loop
      vertex 8.35031 4.5473 3
      vertex 8.41462 4.61178 3.86502
      vertex 8.35031 4.69717 3.84996
    endloop
  endfacet
  facet normal -0.803177 -0.586691 0.103445
    outer loop
      vertex 8.41462 4.61178 3.86502
      vertex 8.35031 4.5473 3
      vertex 8.41462 4.45926 3
    endloop
  endfacet
  facet normal 0.857747 -0.506263 0.089264
    outer loop
      vertex 6.52989 4.5206 3.8811
      vertex 6.58538 4.45926 3
      vertex 6.58538 4.61178 3.86502
    endloop
  endfacet
  facet normal 0.857758 -0.506244 0.0892634
    outer loop
      vertex 6.58538 4.45926 3
      vertex 6.52989 4.5206 3.8811
      vertex 6.52989 4.36524 3
    endloop
  endfacet
  facet normal -0.998794 0.0483519 -0.00852583
    outer loop
      vertex 8.6 3.8387 3
      vertex 8.5947 3.90376 3.98986
      vertex 8.6 4.00994 3.97114
    endloop
  endfacet
  facet normal -0.998794 0.0483523 -0.00852586
    outer loop
      vertex 8.5947 3.90376 3.98986
      vertex 8.6 3.8387 3
      vertex 8.5947 3.72922 3
    endloop
  endfacet
  facet normal -0.903963 0.421115 -0.0742508
    outer loop
      vertex 8.51627 3.41126 3
      vertex 8.47011 3.49928 4.06118
      vertex 8.51627 3.59538 4.04424
    endloop
  endfacet
  facet normal -0.903968 0.421104 -0.0742501
    outer loop
      vertex 8.47011 3.49928 4.06118
      vertex 8.51627 3.41126 3
      vertex 8.47011 3.31217 3
    endloop
  endfacet
  facet normal -0.857747 -0.506263 0.089264
    outer loop
      vertex 8.41462 4.45926 3
      vertex 8.47011 4.5206 3.8811
      vertex 8.41462 4.61178 3.86502
    endloop
  endfacet
  facet normal -0.857758 -0.506244 0.0892634
    outer loop
      vertex 8.47011 4.5206 3.8811
      vertex 8.41462 4.45926 3
      vertex 8.47011 4.36524 3
    endloop
  endfacet
  facet normal 0.671523 0.729726 -0.128675
    outer loop
      vertex 6.80217 2.97527 3
      vertex 6.72218 3.24394 4.1062
      vertex 6.80217 3.17255 4.11879
    endloop
  endfacet
  facet normal 0.671574 0.729682 -0.128661
    outer loop
      vertex 6.72218 3.24394 4.1062
      vertex 6.80217 2.97527 3
      vertex 6.72218 3.04889 3
    endloop
  endfacet
  facet normal -0.595741 -0.790976 0.139467
    outer loop
      vertex 8.19783 4.70213 3
      vertex 8.11113 4.91066 3.81232
      vertex 8.11113 4.76743 3
    endloop
  endfacet
  facet normal -0.595727 -0.790985 0.13947
    outer loop
      vertex 8.11113 4.91066 3.81232
      vertex 8.19783 4.70213 3
      vertex 8.19783 4.84733 3.82348
    endloop
  endfacet
  facet normal 0.514085 0.844707 -0.14895
    outer loop
      vertex 6.98146 2.85362 3
      vertex 6.88887 3.10922 4.12996
      vertex 6.98146 3.05457 4.1396
    endloop
  endfacet
  facet normal 0.514154 0.844668 -0.148936
    outer loop
      vertex 6.88887 3.10922 4.12996
      vertex 6.98146 2.85362 3
      vertex 6.88887 2.90998 3
    endloop
  endfacet
  facet normal -0.514086 -0.844707 0.148951
    outer loop
      vertex 8.11113 4.76743 3
      vertex 8.01854 4.96532 3.80268
      vertex 8.01854 4.82378 3
    endloop
  endfacet
  facet normal -0.514152 -0.844669 0.148934
    outer loop
      vertex 8.01854 4.96532 3.80268
      vertex 8.11113 4.76743 3
      vertex 8.11113 4.91066 3.81232
    endloop
  endfacet
  facet normal -0.146787 0.974141 -0.171766
    outer loop
      vertex 7.60782 2.72711 3
      vertex 7.7146 2.94747 4.15848
      vertex 7.7146 2.7432 3
    endloop
  endfacet
  facet normal -0.146742 0.974147 -0.171772
    outer loop
      vertex 7.7146 2.94747 4.15848
      vertex 7.60782 2.72711 3
      vertex 7.60782 2.93187 4.16123
    endloop
  endfacet
  facet normal -0.94157 -0.3317 0.0584882
    outer loop
      vertex 8.51627 4.26615 3
      vertex 8.55263 4.3244 3.91569
      vertex 8.51627 4.4245 3.89804
    endloop
  endfacet
  facet normal -0.941568 -0.331706 0.0584885
    outer loop
      vertex 8.55263 4.3244 3.91569
      vertex 8.51627 4.26615 3
      vertex 8.55263 4.16294 3
    endloop
  endfacet
  facet normal -0.857747 0.506262 -0.0892655
    outer loop
      vertex 8.47011 3.31217 3
      vertex 8.41462 3.4081 4.07726
      vertex 8.47011 3.49928 4.06118
    endloop
  endfacet
  facet normal -0.857758 0.506243 -0.0892644
    outer loop
      vertex 8.41462 3.4081 4.07726
      vertex 8.47011 3.31217 3
      vertex 8.41462 3.21815 3
    endloop
  endfacet
  facet normal 0.998794 0.0483519 -0.00852583
    outer loop
      vertex 6.4053 3.90376 3.98986
      vertex 6.4 3.8387 3
      vertex 6.4 4.00994 3.97114
    endloop
  endfacet
  facet normal 0.998794 0.0483523 -0.00852586
    outer loop
      vertex 6.4 3.8387 3
      vertex 6.4053 3.90376 3.98986
      vertex 6.4053 3.72922 3
    endloop
  endfacet
  facet normal -0.94157 0.3317 -0.0584891
    outer loop
      vertex 8.55263 3.51446 3
      vertex 8.51627 3.59538 4.04424
      vertex 8.55263 3.69548 4.02659
    endloop
  endfacet
  facet normal -0.941558 0.331735 -0.0584914
    outer loop
      vertex 8.51627 3.59538 4.04424
      vertex 8.55263 3.51446 3
      vertex 8.51627 3.41126 3
    endloop
  endfacet
  facet normal -0.740972 -0.661334 0.11661
    outer loop
      vertex 8.27782 4.62852 3
      vertex 8.35031 4.69717 3.84996
      vertex 8.27782 4.77594 3.83607
    endloop
  endfacet
  facet normal -0.740975 -0.661331 0.11661
    outer loop
      vertex 8.35031 4.69717 3.84996
      vertex 8.27782 4.62852 3
      vertex 8.35031 4.5473 3
    endloop
  endfacet
  facet normal -0.0491009 -0.983619 0.173441
    outer loop
      vertex 7.5 4.95567 3
      vertex 7.60782 5.08801 3.78105
      vertex 7.5 5.09323 3.78013
    endloop
  endfacet
  facet normal -0.0490807 -0.983621 0.173439
    outer loop
      vertex 7.60782 5.08801 3.78105
      vertex 7.5 4.95567 3
      vertex 7.60782 4.95029 3
    endloop
  endfacet
  facet normal -0.903963 -0.421114 0.074253
    outer loop
      vertex 8.47011 4.36524 3
      vertex 8.51627 4.4245 3.89804
      vertex 8.47011 4.5206 3.8811
    endloop
  endfacet
  facet normal -0.903968 -0.421104 0.0742526
    outer loop
      vertex 8.51627 4.4245 3.89804
      vertex 8.47011 4.36524 3
      vertex 8.51627 4.26615 3
    endloop
  endfacet
  facet normal 0.146742 0.974147 -0.171772
    outer loop
      vertex 7.39218 2.72711 3
      vertex 7.2854 2.94747 4.15848
      vertex 7.39218 2.93187 4.16123
    endloop
  endfacet
  facet normal 0.146787 0.974141 -0.171766
    outer loop
      vertex 7.2854 2.94747 4.15848
      vertex 7.39218 2.72711 3
      vertex 7.2854 2.7432 3
    endloop
  endfacet
  facet normal -0.671574 0.729682 -0.128661
    outer loop
      vertex 8.19783 2.97527 3
      vertex 8.27782 3.24394 4.1062
      vertex 8.27782 3.04889 3
    endloop
  endfacet
  facet normal -0.671523 0.729726 -0.128675
    outer loop
      vertex 8.27782 3.24394 4.1062
      vertex 8.19783 2.97527 3
      vertex 8.19783 3.17255 4.11879
    endloop
  endfacet
  facet normal 0.0491009 0.98362 -0.17344
    outer loop
      vertex 7.5 2.72173 3
      vertex 7.39218 2.93187 4.16123
      vertex 7.5 2.92665 4.16215
    endloop
  endfacet
  facet normal 0.0490807 0.98362 -0.173442
    outer loop
      vertex 7.39218 2.93187 4.16123
      vertex 7.5 2.72173 3
      vertex 7.39218 2.72711 3
    endloop
  endfacet
  facet normal 0.740972 -0.661334 0.11661
    outer loop
      vertex 6.64969 4.69717 3.84996
      vertex 6.72218 4.62852 3
      vertex 6.72218 4.77594 3.83607
    endloop
  endfacet
  facet normal 0.740975 -0.661331 0.11661
    outer loop
      vertex 6.72218 4.62852 3
      vertex 6.64969 4.69717 3.84996
      vertex 6.64969 4.5473 3
    endloop
  endfacet
  facet normal -0.671523 -0.729726 0.128669
    outer loop
      vertex 8.27782 4.62852 3
      vertex 8.19783 4.84733 3.82348
      vertex 8.19783 4.70213 3
    endloop
  endfacet
  facet normal -0.671523 -0.729727 0.128669
    outer loop
      vertex 8.19783 4.84733 3.82348
      vertex 8.27782 4.62852 3
      vertex 8.27782 4.77594 3.83607
    endloop
  endfacet
  facet normal 0.146742 -0.974148 0.171762
    outer loop
      vertex 7.2854 4.93421 3
      vertex 7.39218 5.08801 3.78105
      vertex 7.2854 5.07241 3.7838
    endloop
  endfacet
  facet normal 0.146698 -0.974154 0.171769
    outer loop
      vertex 7.39218 5.08801 3.78105
      vertex 7.2854 4.93421 3
      vertex 7.39218 4.95029 3
    endloop
  endfacet
  facet normal 0.903963 -0.421114 0.074253
    outer loop
      vertex 6.48373 4.4245 3.89804
      vertex 6.52989 4.36524 3
      vertex 6.52989 4.5206 3.8811
    endloop
  endfacet
  facet normal 0.903968 -0.421104 0.0742526
    outer loop
      vertex 6.52989 4.36524 3
      vertex 6.48373 4.4245 3.89804
      vertex 6.48373 4.26615 3
    endloop
  endfacet
  facet normal 0.97005 -0.239215 0.0421799
    outer loop
      vertex 6.42114 4.22128 3.93387
      vertex 6.44736 4.16294 3
      vertex 6.44736 4.3244 3.91569
    endloop
  endfacet
  facet normal 0.970052 -0.239206 0.0421794
    outer loop
      vertex 6.44736 4.16294 3
      vertex 6.42114 4.22128 3.93387
      vertex 6.42114 4.05661 3
    endloop
  endfacet
  facet normal -0.242954 -0.955302 0.168439
    outer loop
      vertex 7.81931 4.90758 3
      vertex 7.7146 5.07241 3.7838
      vertex 7.7146 4.93421 3
    endloop
  endfacet
  facet normal -0.242973 -0.955298 0.168436
    outer loop
      vertex 7.7146 5.07241 3.7838
      vertex 7.81931 4.90758 3
      vertex 7.81931 5.04658 3.78835
    endloop
  endfacet
  facet normal 0.970051 0.239211 -0.0421799
    outer loop
      vertex 6.44736 3.69548 4.02659
      vertex 6.42114 3.62079 3
      vertex 6.42114 3.7986 4.0084
    endloop
  endfacet
  facet normal 0.970052 0.239206 -0.0421795
    outer loop
      vertex 6.42114 3.62079 3
      vertex 6.44736 3.69548 4.02659
      vertex 6.44736 3.51446 3
    endloop
  endfacet
  facet normal 0.427583 0.890243 -0.15697
    outer loop
      vertex 7.07905 2.80676 3
      vertex 6.98146 3.05457 4.1396
      vertex 7.07905 3.00911 4.14761
    endloop
  endfacet
  facet normal 0.42749 0.890285 -0.156987
    outer loop
      vertex 6.98146 3.05457 4.1396
      vertex 7.07905 2.80676 3
      vertex 6.98146 2.85362 3
    endloop
  endfacet
  facet normal 0.740964 0.661342 -0.116615
    outer loop
      vertex 6.72218 3.24394 4.1062
      vertex 6.64969 3.1301 3
      vertex 6.64969 3.32271 4.09232
    endloop
  endfacet
  facet normal 0.740934 0.661375 -0.116617
    outer loop
      vertex 6.64969 3.1301 3
      vertex 6.72218 3.24394 4.1062
      vertex 6.72218 3.04889 3
    endloop
  endfacet
  facet normal -0.42749 0.890285 -0.156987
    outer loop
      vertex 7.92095 2.80676 3
      vertex 8.01854 3.05457 4.1396
      vertex 8.01854 2.85362 3
    endloop
  endfacet
  facet normal -0.427583 0.890243 -0.15697
    outer loop
      vertex 8.01854 3.05457 4.1396
      vertex 7.92095 2.80676 3
      vertex 7.92095 3.00911 4.14761
    endloop
  endfacet
  facet normal -0.0491009 0.983619 -0.173442
    outer loop
      vertex 7.60782 2.72711 3
      vertex 7.5 2.92665 4.16215
      vertex 7.60782 2.93187 4.16123
    endloop
  endfacet
  facet normal -0.0490807 0.983621 -0.17344
    outer loop
      vertex 7.5 2.92665 4.16215
      vertex 7.60782 2.72711 3
      vertex 7.5 2.72173 3
    endloop
  endfacet
  facet normal 0.989176 0.144505 -0.0254803
    outer loop
      vertex 6.42114 3.7986 4.0084
      vertex 6.4053 3.72922 3
      vertex 6.4053 3.90376 3.98986
    endloop
  endfacet
  facet normal 0.989176 0.144504 -0.0254802
    outer loop
      vertex 6.4053 3.72922 3
      vertex 6.42114 3.7986 4.0084
      vertex 6.42114 3.62079 3
    endloop
  endfacet
  facet normal -0.595681 0.791018 -0.139483
    outer loop
      vertex 8.11113 2.90998 3
      vertex 8.19783 3.17255 4.11879
      vertex 8.19783 2.97527 3
    endloop
  endfacet
  facet normal -0.595738 0.790977 -0.139469
    outer loop
      vertex 8.19783 3.17255 4.11879
      vertex 8.11113 2.90998 3
      vertex 8.11113 3.10922 4.12996
    endloop
  endfacet
  facet normal 0.803194 0.586667 -0.103445
    outer loop
      vertex 6.64969 3.32271 4.09232
      vertex 6.58538 3.21815 3
      vertex 6.58538 3.4081 4.07726
    endloop
  endfacet
  facet normal 0.803208 0.586648 -0.103444
    outer loop
      vertex 6.58538 3.21815 3
      vertex 6.64969 3.32271 4.09232
      vertex 6.64969 3.1301 3
    endloop
  endfacet
  facet normal 0.998794 -0.0483519 0.00852588
    outer loop
      vertex 6.4 4.00994 3.97114
      vertex 6.4053 3.94818 3
      vertex 6.4053 4.11612 3.95242
    endloop
  endfacet
  facet normal 0.998794 -0.0483523 0.0085259
    outer loop
      vertex 6.4053 3.94818 3
      vertex 6.4 4.00994 3.97114
      vertex 6.4 3.8387 3
    endloop
  endfacet
  facet normal -0.740964 0.661342 -0.116615
    outer loop
      vertex 8.35031 3.1301 3
      vertex 8.27782 3.24394 4.1062
      vertex 8.35031 3.32271 4.09232
    endloop
  endfacet
  facet normal -0.740934 0.661375 -0.116617
    outer loop
      vertex 8.27782 3.24394 4.1062
      vertex 8.35031 3.1301 3
      vertex 8.27782 3.04889 3
    endloop
  endfacet
  facet normal -0.98919 -0.144413 0.025475
    outer loop
      vertex 8.57886 16.1841 -0.206344
      vertex 8.5947 16.112 0
      vertex 8.57886 16.2205 0
    endloop
  endfacet
  facet normal -0.989184 -0.144454 0.02546
    outer loop
      vertex 8.5947 16.112 0
      vertex 8.57886 16.1841 -0.206344
      vertex 8.5947 16.0789 -0.187802
    endloop
  endfacet
  facet normal -0.998792 -0.0483876 0.00852828
    outer loop
      vertex 8.5947 16.0789 -0.187802
      vertex 8.6 16.0026 0
      vertex 8.5947 16.112 0
    endloop
  endfacet
  facet normal -0.998794 -0.0483386 0.00854822
    outer loop
      vertex 8.6 16.0026 0
      vertex 8.5947 16.0789 -0.187802
      vertex 8.6 15.9727 -0.169079
    endloop
  endfacet
  facet normal -0.970014 -0.239355 0.0422153
    outer loop
      vertex 8.55263 16.2872 -0.224527
      vertex 8.57886 16.2205 0
      vertex 8.55263 16.3268 0
    endloop
  endfacet
  facet normal -0.970018 -0.239339 0.0422205
    outer loop
      vertex 8.57886 16.2205 0
      vertex 8.55263 16.2872 -0.224527
      vertex 8.57886 16.1841 -0.206344
    endloop
  endfacet
  facet normal 0.98919 -0.144413 0.025475
    outer loop
      vertex 6.4053 16.112 0
      vertex 6.42114 16.1841 -0.206344
      vertex 6.42114 16.2205 0
    endloop
  endfacet
  facet normal 0.989184 -0.144454 0.02546
    outer loop
      vertex 6.42114 16.1841 -0.206344
      vertex 6.4053 16.112 0
      vertex 6.4053 16.0789 -0.187802
    endloop
  endfacet
  facet normal -0.336665 -0.927333 0.163433
    outer loop
      vertex 7.81931 17.0714 0
      vertex 7.92095 16.9736 -0.345552
      vertex 7.92095 17.0345 0
    endloop
  endfacet
  facet normal -0.336769 -0.927302 0.163393
    outer loop
      vertex 7.92095 16.9736 -0.345552
      vertex 7.81931 17.0714 0
      vertex 7.81931 17.0094 -0.351867
    endloop
  endfacet
  facet normal 0.513754 -0.844911 0.148935
    outer loop
      vertex 6.88887 16.8735 -0.327901
      vertex 6.98146 16.9876 0
      vertex 6.88887 16.9313 0
    endloop
  endfacet
  facet normal 0.513746 -0.844916 0.148939
    outer loop
      vertex 6.98146 16.9876 0
      vertex 6.88887 16.8735 -0.327901
      vertex 6.98146 16.9281 -0.337538
    endloop
  endfacet
  facet normal 0.903992 0.421072 -0.0741404
    outer loop
      vertex 6.52989 15.476 0
      vertex 6.48373 15.5582 -0.0959817
      vertex 6.48373 15.5751 0
    endloop
  endfacet
  facet normal 0.903965 0.421144 -0.074066
    outer loop
      vertex 6.48373 15.5582 -0.0959817
      vertex 6.52989 15.476 0
      vertex 6.52989 15.4621 -0.0790363
    endloop
  endfacet
  facet normal 0.243559 -0.955172 0.168304
    outer loop
      vertex 7.18069 17.0094 -0.351867
      vertex 7.2854 17.0981 0
      vertex 7.18069 17.0714 0
    endloop
  endfacet
  facet normal 0.242723 -0.955333 0.168594
    outer loop
      vertex 7.2854 17.0981 0
      vertex 7.18069 17.0094 -0.351867
      vertex 7.2854 17.0352 -0.356422
    endloop
  endfacet
  facet normal 0.857728 0.506333 -0.0890481
    outer loop
      vertex 6.58538 15.382 0
      vertex 6.52989 15.4621 -0.0790363
      vertex 6.52989 15.476 0
    endloop
  endfacet
  facet normal 0.857795 0.506186 -0.0892446
    outer loop
      vertex 6.52989 15.4621 -0.0790363
      vertex 6.58538 15.382 0
      vertex 6.58538 15.3709 -0.062958
    endloop
  endfacet
  facet normal 0.595796 0.791049 -0.138812
    outer loop
      vertex 6.88887 15.072 -0.0102577
      vertex 6.80217 15.1391 0
      vertex 6.88887 15.0738 0
    endloop
  endfacet
  facet normal 0.595557 0.790967 -0.140294
    outer loop
      vertex 6.80217 15.1391 0
      vertex 6.88887 15.072 -0.0102577
      vertex 6.80217 15.1353 -0.0214241
    endloop
  endfacet
  facet normal -0.514696 0.84646 -0.136359
    outer loop
      vertex 8.11113 15.0738 0
      vertex 8.01854 15.0174 -0.000620757
      vertex 8.01854 15.0175 0
    endloop
  endfacet
  facet normal -0.513746 0.845031 -0.148284
    outer loop
      vertex 8.01854 15.0174 -0.000620757
      vertex 8.11113 15.0738 0
      vertex 8.11113 15.072 -0.0102577
    endloop
  endfacet
  facet normal -0.803048 0.586864 -0.103469
    outer loop
      vertex 8.41462 15.3709 -0.062958
      vertex 8.35031 15.294 0
      vertex 8.41462 15.382 0
    endloop
  endfacet
  facet normal -0.803224 0.586515 -0.104075
    outer loop
      vertex 8.35031 15.294 0
      vertex 8.41462 15.3709 -0.062958
      vertex 8.35031 15.2855 -0.0479018
    endloop
  endfacet
  facet normal -0.14598 -0.974233 0.171929
    outer loop
      vertex 7.60782 17.1141 0
      vertex 7.7146 17.0352 -0.356422
      vertex 7.7146 17.0981 0
    endloop
  endfacet
  facet normal -0.146742 -0.974162 0.171685
    outer loop
      vertex 7.7146 17.0352 -0.356422
      vertex 7.60782 17.1141 0
      vertex 7.60782 17.0508 -0.359172
    endloop
  endfacet
  facet normal 0.59573 -0.790961 0.139596
    outer loop
      vertex 6.80217 16.8101 -0.316734
      vertex 6.88887 16.9313 0
      vertex 6.80217 16.866 0
    endloop
  endfacet
  facet normal 0.596146 -0.790686 0.139376
    outer loop
      vertex 6.88887 16.9313 0
      vertex 6.80217 16.8101 -0.316734
      vertex 6.88887 16.8735 -0.327901
    endloop
  endfacet
  facet normal 0.803367 -0.586431 0.103444
    outer loop
      vertex 6.58538 16.6231 0
      vertex 6.64969 16.66 -0.290257
      vertex 6.64969 16.7112 0
    endloop
  endfacet
  facet normal 0.803225 -0.586636 0.103386
    outer loop
      vertex 6.64969 16.66 -0.290257
      vertex 6.58538 16.6231 0
      vertex 6.58538 16.5746 -0.2752
    endloop
  endfacet
  facet normal -0.98919 0.144413 -0.0254523
    outer loop
      vertex 8.5947 15.8666 -0.150357
      vertex 8.57886 15.7846 0
      vertex 8.5947 15.8931 0
    endloop
  endfacet
  facet normal -0.989184 0.14446 -0.0254258
    outer loop
      vertex 8.57886 15.7846 0
      vertex 8.5947 15.8666 -0.150357
      vertex 8.57886 15.7614 -0.131814
    endloop
  endfacet
  facet normal 0.941528 -0.331816 0.0585049
    outer loop
      vertex 6.44736 16.3268 0
      vertex 6.48373 16.3873 -0.242177
      vertex 6.48373 16.43 0
    endloop
  endfacet
  facet normal 0.941541 -0.331778 0.058516
    outer loop
      vertex 6.48373 16.3873 -0.242177
      vertex 6.44736 16.3268 0
      vertex 6.44736 16.2872 -0.224527
    endloop
  endfacet
  facet normal -0.427792 -0.890153 0.156913
    outer loop
      vertex 7.92095 17.0345 0
      vertex 8.01854 16.9281 -0.337538
      vertex 8.01854 16.9876 0
    endloop
  endfacet
  facet normal -0.427886 -0.890115 0.156874
    outer loop
      vertex 8.01854 16.9281 -0.337538
      vertex 7.92095 17.0345 0
      vertex 7.92095 16.9736 -0.345552
    endloop
  endfacet
  facet normal 0.941534 0.331818 -0.0584027
    outer loop
      vertex 6.48373 15.5751 0
      vertex 6.44736 15.6583 -0.113631
      vertex 6.44736 15.6783 0
    endloop
  endfacet
  facet normal 0.941541 0.331796 -0.058421
    outer loop
      vertex 6.44736 15.6583 -0.113631
      vertex 6.48373 15.5751 0
      vertex 6.48373 15.5582 -0.0959817
    endloop
  endfacet
  facet normal -0.970017 0.239356 -0.042128
    outer loop
      vertex 8.57886 15.7614 -0.131814
      vertex 8.55263 15.6783 0
      vertex 8.57886 15.7846 0
    endloop
  endfacet
  facet normal -0.970018 0.239355 -0.0421285
    outer loop
      vertex 8.55263 15.6783 0
      vertex 8.57886 15.7614 -0.131814
      vertex 8.55263 15.6583 -0.113631
    endloop
  endfacet
  facet normal 0.0492634 -0.983627 0.173353
    outer loop
      vertex 7.39218 17.0508 -0.359172
      vertex 7.5 17.1195 0
      vertex 7.39218 17.1141 0
    endloop
  endfacet
  facet normal 0.0489189 -0.983626 0.173456
    outer loop
      vertex 7.5 17.1195 0
      vertex 7.39218 17.0508 -0.359172
      vertex 7.5 17.056 -0.360092
    endloop
  endfacet
  facet normal -0.671459 -0.729755 0.128845
    outer loop
      vertex 8.19783 16.866 0
      vertex 8.27782 16.7387 -0.304146
      vertex 8.27782 16.7924 0
    endloop
  endfacet
  facet normal -0.671571 -0.729663 0.128777
    outer loop
      vertex 8.27782 16.7387 -0.304146
      vertex 8.19783 16.866 0
      vertex 8.19783 16.8101 -0.316734
    endloop
  endfacet
  facet normal 0.427792 -0.890153 0.156913
    outer loop
      vertex 6.98146 16.9281 -0.337538
      vertex 7.07905 17.0345 0
      vertex 6.98146 16.9876 0
    endloop
  endfacet
  facet normal 0.427886 -0.890115 0.156874
    outer loop
      vertex 7.07905 17.0345 0
      vertex 6.98146 16.9281 -0.337538
      vertex 7.07905 16.9736 -0.345552
    endloop
  endfacet
  facet normal 0.671459 -0.729755 0.128845
    outer loop
      vertex 6.72218 16.7387 -0.304146
      vertex 6.80217 16.866 0
      vertex 6.72218 16.7924 0
    endloop
  endfacet
  facet normal 0.671571 -0.729663 0.128777
    outer loop
      vertex 6.80217 16.866 0
      vertex 6.72218 16.7387 -0.304146
      vertex 6.80217 16.8101 -0.316734
    endloop
  endfacet
  facet normal 0.336665 -0.927333 0.163433
    outer loop
      vertex 7.07905 16.9736 -0.345552
      vertex 7.18069 17.0714 0
      vertex 7.07905 17.0345 0
    endloop
  endfacet
  facet normal 0.336769 -0.927302 0.163393
    outer loop
      vertex 7.18069 17.0714 0
      vertex 7.07905 16.9736 -0.345552
      vertex 7.18069 17.0094 -0.351867
    endloop
  endfacet
  facet normal -0.803367 -0.586431 0.103444
    outer loop
      vertex 8.35031 16.66 -0.290257
      vertex 8.41462 16.6231 0
      vertex 8.35031 16.7112 0
    endloop
  endfacet
  facet normal -0.803225 -0.586636 0.103386
    outer loop
      vertex 8.41462 16.6231 0
      vertex 8.35031 16.66 -0.290257
      vertex 8.41462 16.5746 -0.2752
    endloop
  endfacet
  facet normal 0.857714 -0.506325 0.0892324
    outer loop
      vertex 6.52989 16.5291 0
      vertex 6.58538 16.5746 -0.2752
      vertex 6.58538 16.6231 0
    endloop
  endfacet
  facet normal 0.857794 -0.506181 0.0892725
    outer loop
      vertex 6.58538 16.5746 -0.2752
      vertex 6.52989 16.5291 0
      vertex 6.52989 16.4834 -0.259122
    endloop
  endfacet
  facet normal -0.998794 0.0483435 -0.00854908
    outer loop
      vertex 8.6 15.9727 -0.169079
      vertex 8.5947 15.8931 0
      vertex 8.6 16.0026 0
    endloop
  endfacet
  facet normal -0.998792 0.0483877 -0.00852819
    outer loop
      vertex 8.5947 15.8931 0
      vertex 8.6 15.9727 -0.169079
      vertex 8.5947 15.8666 -0.150357
    endloop
  endfacet
  facet normal -0.903992 0.421072 -0.0741404
    outer loop
      vertex 8.51627 15.5582 -0.0959817
      vertex 8.47011 15.476 0
      vertex 8.51627 15.5751 0
    endloop
  endfacet
  facet normal -0.903965 0.421144 -0.074066
    outer loop
      vertex 8.47011 15.476 0
      vertex 8.51627 15.5582 -0.0959817
      vertex 8.47011 15.4621 -0.0790363
    endloop
  endfacet
  facet normal -0.857714 -0.506325 0.0892324
    outer loop
      vertex 8.41462 16.5746 -0.2752
      vertex 8.47011 16.5291 0
      vertex 8.41462 16.6231 0
    endloop
  endfacet
  facet normal -0.857794 -0.506181 0.0892725
    outer loop
      vertex 8.47011 16.5291 0
      vertex 8.41462 16.5746 -0.2752
      vertex 8.47011 16.4834 -0.259122
    endloop
  endfacet
  facet normal 0.671407 0.729699 -0.129427
    outer loop
      vertex 6.80217 15.1353 -0.0214241
      vertex 6.72218 15.2127 0
      vertex 6.80217 15.1391 0
    endloop
  endfacet
  facet normal 0.671572 0.729673 -0.128718
    outer loop
      vertex 6.72218 15.2127 0
      vertex 6.80217 15.1353 -0.0214241
      vertex 6.72218 15.2067 -0.0340126
    endloop
  endfacet
  facet normal -0.59573 -0.790961 0.139596
    outer loop
      vertex 8.11113 16.9313 0
      vertex 8.19783 16.8101 -0.316734
      vertex 8.19783 16.866 0
    endloop
  endfacet
  facet normal -0.596146 -0.790686 0.139376
    outer loop
      vertex 8.19783 16.8101 -0.316734
      vertex 8.11113 16.9313 0
      vertex 8.11113 16.8735 -0.327901
    endloop
  endfacet
  facet normal 0.514696 0.84646 -0.136359
    outer loop
      vertex 6.98146 15.0174 -0.000620757
      vertex 6.88887 15.0738 0
      vertex 6.98146 15.0175 0
    endloop
  endfacet
  facet normal 0.513746 0.845031 -0.148284
    outer loop
      vertex 6.88887 15.0738 0
      vertex 6.98146 15.0174 -0.000620757
      vertex 6.88887 15.072 -0.0102577
    endloop
  endfacet
  facet normal -0.513754 -0.844911 0.148935
    outer loop
      vertex 8.01854 16.9876 0
      vertex 8.11113 16.8735 -0.327901
      vertex 8.11113 16.9313 0
    endloop
  endfacet
  facet normal -0.513746 -0.844916 0.148939
    outer loop
      vertex 8.11113 16.8735 -0.327901
      vertex 8.01854 16.9876 0
      vertex 8.01854 16.9281 -0.337538
    endloop
  endfacet
  facet normal -0.941558 -0.331735 0.0584906
    outer loop
      vertex 8.51627 16.3873 -0.242177
      vertex 8.55263 16.3268 0
      vertex 8.51627 16.43 0
    endloop
  endfacet
  facet normal -0.94157 -0.331698 0.0585018
    outer loop
      vertex 8.55263 16.3268 0
      vertex 8.51627 16.3873 -0.242177
      vertex 8.55263 16.2872 -0.224527
    endloop
  endfacet
  facet normal -0.857728 0.506333 -0.0890481
    outer loop
      vertex 8.47011 15.4621 -0.0790363
      vertex 8.41462 15.382 0
      vertex 8.47011 15.476 0
    endloop
  endfacet
  facet normal -0.857795 0.506186 -0.0892446
    outer loop
      vertex 8.41462 15.382 0
      vertex 8.47011 15.4621 -0.0790363
      vertex 8.41462 15.3709 -0.062958
    endloop
  endfacet
  facet normal 0.998794 0.0483435 -0.00854908
    outer loop
      vertex 6.4053 15.8931 0
      vertex 6.4 15.9727 -0.169079
      vertex 6.4 16.0026 0
    endloop
  endfacet
  facet normal 0.998792 0.0483877 -0.00852819
    outer loop
      vertex 6.4 15.9727 -0.169079
      vertex 6.4053 15.8931 0
      vertex 6.4053 15.8666 -0.150357
    endloop
  endfacet
  facet normal -0.941563 0.331737 -0.0583884
    outer loop
      vertex 8.55263 15.6583 -0.113631
      vertex 8.51627 15.5751 0
      vertex 8.55263 15.6783 0
    endloop
  endfacet
  facet normal -0.94157 0.331715 -0.0584067
    outer loop
      vertex 8.51627 15.5751 0
      vertex 8.55263 15.6583 -0.113631
      vertex 8.51627 15.5582 -0.0959817
    endloop
  endfacet
  facet normal -0.740879 -0.661408 0.116778
    outer loop
      vertex 8.27782 16.7387 -0.304146
      vertex 8.35031 16.7112 0
      vertex 8.27782 16.7924 0
    endloop
  endfacet
  facet normal -0.740683 -0.66164 0.11671
    outer loop
      vertex 8.35031 16.7112 0
      vertex 8.27782 16.7387 -0.304146
      vertex 8.35031 16.66 -0.290257
    endloop
  endfacet
  facet normal -0.0492634 -0.983627 0.173353
    outer loop
      vertex 7.5 17.1195 0
      vertex 7.60782 17.0508 -0.359172
      vertex 7.60782 17.1141 0
    endloop
  endfacet
  facet normal -0.0489189 -0.983626 0.173456
    outer loop
      vertex 7.60782 17.0508 -0.359172
      vertex 7.5 17.1195 0
      vertex 7.5 17.056 -0.360092
    endloop
  endfacet
  facet normal -0.903984 -0.421068 0.0742617
    outer loop
      vertex 8.47011 16.4834 -0.259122
      vertex 8.51627 16.43 0
      vertex 8.47011 16.5291 0
    endloop
  endfacet
  facet normal -0.903965 -0.421112 0.0742493
    outer loop
      vertex 8.51627 16.43 0
      vertex 8.47011 16.4834 -0.259122
      vertex 8.51627 16.3873 -0.242177
    endloop
  endfacet
  facet normal -0.671407 0.729699 -0.129427
    outer loop
      vertex 8.27782 15.2127 0
      vertex 8.19783 15.1353 -0.0214241
      vertex 8.19783 15.1391 0
    endloop
  endfacet
  facet normal -0.671572 0.729673 -0.128718
    outer loop
      vertex 8.19783 15.1353 -0.0214241
      vertex 8.27782 15.2127 0
      vertex 8.27782 15.2067 -0.0340126
    endloop
  endfacet
  facet normal 0.740879 -0.661408 0.116778
    outer loop
      vertex 6.64969 16.7112 0
      vertex 6.72218 16.7387 -0.304146
      vertex 6.72218 16.7924 0
    endloop
  endfacet
  facet normal 0.740683 -0.66164 0.11671
    outer loop
      vertex 6.72218 16.7387 -0.304146
      vertex 6.64969 16.7112 0
      vertex 6.64969 16.66 -0.290257
    endloop
  endfacet
  facet normal 0.14598 -0.974233 0.171929
    outer loop
      vertex 7.2854 17.0352 -0.356422
      vertex 7.39218 17.1141 0
      vertex 7.2854 17.0981 0
    endloop
  endfacet
  facet normal 0.146742 -0.974162 0.171685
    outer loop
      vertex 7.39218 17.1141 0
      vertex 7.2854 17.0352 -0.356422
      vertex 7.39218 17.0508 -0.359172
    endloop
  endfacet
  facet normal 0.903984 -0.421068 0.0742617
    outer loop
      vertex 6.48373 16.43 0
      vertex 6.52989 16.4834 -0.259122
      vertex 6.52989 16.5291 0
    endloop
  endfacet
  facet normal 0.903965 -0.421112 0.0742493
    outer loop
      vertex 6.52989 16.4834 -0.259122
      vertex 6.48373 16.43 0
      vertex 6.48373 16.3873 -0.242177
    endloop
  endfacet
  facet normal 0.970036 -0.239269 0.0422001
    outer loop
      vertex 6.42114 16.2205 0
      vertex 6.44736 16.2872 -0.224527
      vertex 6.44736 16.3268 0
    endloop
  endfacet
  facet normal 0.970039 -0.239253 0.0422053
    outer loop
      vertex 6.44736 16.2872 -0.224527
      vertex 6.42114 16.2205 0
      vertex 6.42114 16.1841 -0.206344
    endloop
  endfacet
  facet normal -0.243559 -0.955172 0.168304
    outer loop
      vertex 7.7146 17.0981 0
      vertex 7.81931 17.0094 -0.351867
      vertex 7.81931 17.0714 0
    endloop
  endfacet
  facet normal -0.242723 -0.955333 0.168594
    outer loop
      vertex 7.81931 17.0094 -0.351867
      vertex 7.7146 17.0981 0
      vertex 7.7146 17.0352 -0.356422
    endloop
  endfacet
  facet normal 0.970039 0.23927 -0.0421129
    outer loop
      vertex 6.44736 15.6783 0
      vertex 6.42114 15.7614 -0.131814
      vertex 6.42114 15.7846 0
    endloop
  endfacet
  facet normal 0.970039 0.23927 -0.0421134
    outer loop
      vertex 6.42114 15.7614 -0.131814
      vertex 6.44736 15.6783 0
      vertex 6.44736 15.6583 -0.113631
    endloop
  endfacet
  facet normal 0.435063 0.888939 -0.143202
    outer loop
      vertex 6.98146 15.0175 0
      vertex 6.98902 15.0138 0
      vertex 6.98146 15.0174 -0.000620757
    endloop
  endfacet
  facet normal 0.74124 0.660916 -0.117277
    outer loop
      vertex 6.72218 15.2127 0
      vertex 6.64969 15.2855 -0.0479018
      vertex 6.64969 15.294 0
    endloop
  endfacet
  facet normal 0.741094 0.661192 -0.116638
    outer loop
      vertex 6.64969 15.2855 -0.0479018
      vertex 6.72218 15.2127 0
      vertex 6.72218 15.2067 -0.0340126
    endloop
  endfacet
  facet normal -0.435063 0.888939 -0.143202
    outer loop
      vertex 8.01854 15.0175 0
      vertex 8.01854 15.0174 -0.000620757
      vertex 8.01098 15.0138 0
    endloop
  endfacet
  facet normal 0.98919 0.144413 -0.0254523
    outer loop
      vertex 6.42114 15.7846 0
      vertex 6.4053 15.8666 -0.150357
      vertex 6.4053 15.8931 0
    endloop
  endfacet
  facet normal 0.989184 0.14446 -0.0254258
    outer loop
      vertex 6.4053 15.8666 -0.150357
      vertex 6.42114 15.7846 0
      vertex 6.42114 15.7614 -0.131814
    endloop
  endfacet
  facet normal -0.595796 0.791049 -0.138812
    outer loop
      vertex 8.19783 15.1391 0
      vertex 8.11113 15.072 -0.0102577
      vertex 8.11113 15.0738 0
    endloop
  endfacet
  facet normal -0.595557 0.790967 -0.140294
    outer loop
      vertex 8.11113 15.072 -0.0102577
      vertex 8.19783 15.1391 0
      vertex 8.19783 15.1353 -0.0214241
    endloop
  endfacet
  facet normal 0.803048 0.586864 -0.103469
    outer loop
      vertex 6.64969 15.294 0
      vertex 6.58538 15.3709 -0.062958
      vertex 6.58538 15.382 0
    endloop
  endfacet
  facet normal 0.803224 0.586515 -0.104075
    outer loop
      vertex 6.58538 15.3709 -0.062958
      vertex 6.64969 15.294 0
      vertex 6.64969 15.2855 -0.0479018
    endloop
  endfacet
  facet normal 0.998792 -0.0483876 0.00852828
    outer loop
      vertex 6.4 16.0026 0
      vertex 6.4053 16.0789 -0.187802
      vertex 6.4053 16.112 0
    endloop
  endfacet
  facet normal 0.998794 -0.0483386 0.00854822
    outer loop
      vertex 6.4053 16.0789 -0.187802
      vertex 6.4 16.0026 0
      vertex 6.4 15.9727 -0.169079
    endloop
  endfacet
  facet normal -0.74124 0.660916 -0.117277
    outer loop
      vertex 8.35031 15.2855 -0.0479018
      vertex 8.27782 15.2127 0
      vertex 8.35031 15.294 0
    endloop
  endfacet
  facet normal -0.741094 0.661192 -0.116638
    outer loop
      vertex 8.27782 15.2127 0
      vertex 8.35031 15.2855 -0.0479018
      vertex 8.27782 15.2067 -0.0340126
    endloop
  endfacet
  facet normal 0.336681 0.927313 -0.163511
    outer loop
      vertex 28.1807 2.76983 3
      vertex 28.079 3.00911 4.14761
      vertex 28.1807 2.9733 4.15393
    endloop
  endfacet
  facet normal 0.336727 0.927298 -0.163504
    outer loop
      vertex 28.079 3.00911 4.14761
      vertex 28.1807 2.76983 3
      vertex 28.079 2.80676 3
    endloop
  endfacet
  facet normal -0.98923 -0.144146 0.0254173
    outer loop
      vertex 29.5789 4.05661 3
      vertex 29.5947 4.11612 3.95242
      vertex 29.5789 4.22128 3.93387
    endloop
  endfacet
  facet normal -0.98923 -0.144147 0.0254174
    outer loop
      vertex 29.5947 4.11612 3.95242
      vertex 29.5789 4.05661 3
      vertex 29.5947 3.94818 3
    endloop
  endfacet
  facet normal -0.998794 -0.0483519 0.00852588
    outer loop
      vertex 29.5947 3.94818 3
      vertex 29.6 4.00994 3.97114
      vertex 29.5947 4.11612 3.95242
    endloop
  endfacet
  facet normal -0.998794 -0.0483523 0.0085259
    outer loop
      vertex 29.6 4.00994 3.97114
      vertex 29.5947 3.94818 3
      vertex 29.6 3.8387 3
    endloop
  endfacet
  facet normal -0.969875 -0.239902 0.042301
    outer loop
      vertex 29.5526 4.16294 3
      vertex 29.5789 4.22128 3.93387
      vertex 29.5526 4.3244 3.91569
    endloop
  endfacet
  facet normal -0.969877 -0.239893 0.0423004
    outer loop
      vertex 29.5789 4.22128 3.93387
      vertex 29.5526 4.16294 3
      vertex 29.5789 4.05661 3
    endloop
  endfacet
  facet normal 0.98923 -0.144146 0.0254173
    outer loop
      vertex 27.4053 4.11612 3.95242
      vertex 27.4211 4.05661 3
      vertex 27.4211 4.22128 3.93387
    endloop
  endfacet
  facet normal 0.98923 -0.144147 0.0254174
    outer loop
      vertex 27.4211 4.05661 3
      vertex 27.4053 4.11612 3.95242
      vertex 27.4053 3.94818 3
    endloop
  endfacet
  facet normal 0.242995 0.955291 -0.168442
    outer loop
      vertex 28.2854 2.7432 3
      vertex 28.1807 2.9733 4.15393
      vertex 28.2854 2.94747 4.15848
    endloop
  endfacet
  facet normal 0.242975 0.955295 -0.168445
    outer loop
      vertex 28.1807 2.9733 4.15393
      vertex 28.2854 2.7432 3
      vertex 28.1807 2.76983 3
    endloop
  endfacet
  facet normal -0.336727 -0.927299 0.163499
    outer loop
      vertex 28.921 4.87065 3
      vertex 28.8193 5.04658 3.78835
      vertex 28.8193 4.90758 3
    endloop
  endfacet
  facet normal -0.336681 -0.927314 0.163508
    outer loop
      vertex 28.8193 5.04658 3.78835
      vertex 28.921 4.87065 3
      vertex 28.921 5.01077 3.79467
    endloop
  endfacet
  facet normal 0.514111 -0.844693 0.148938
    outer loop
      vertex 27.8889 4.76743 3
      vertex 27.9815 4.96532 3.80268
      vertex 27.8889 4.91066 3.81232
    endloop
  endfacet
  facet normal 0.514045 -0.844731 0.148955
    outer loop
      vertex 27.9815 4.96532 3.80268
      vertex 27.8889 4.76743 3
      vertex 27.9815 4.82378 3
    endloop
  endfacet
  facet normal 0.90382 0.421413 -0.0743034
    outer loop
      vertex 27.5299 3.49928 4.06118
      vertex 27.4837 3.41126 3
      vertex 27.4837 3.59538 4.04424
    endloop
  endfacet
  facet normal 0.903825 0.421402 -0.0743027
    outer loop
      vertex 27.4837 3.41126 3
      vertex 27.5299 3.49928 4.06118
      vertex 27.5299 3.31217 3
    endloop
  endfacet
  facet normal 0.242995 -0.955292 0.168435
    outer loop
      vertex 28.1807 4.90758 3
      vertex 28.2854 5.07241 3.7838
      vertex 28.1807 5.04658 3.78835
    endloop
  endfacet
  facet normal 0.242976 -0.955296 0.168438
    outer loop
      vertex 28.2854 5.07241 3.7838
      vertex 28.1807 4.90758 3
      vertex 28.2854 4.93421 3
    endloop
  endfacet
  facet normal 0.857706 0.506329 -0.0892773
    outer loop
      vertex 27.5854 3.4081 4.07726
      vertex 27.5299 3.31217 3
      vertex 27.5299 3.49928 4.06118
    endloop
  endfacet
  facet normal 0.857718 0.506311 -0.0892762
    outer loop
      vertex 27.5299 3.31217 3
      vertex 27.5854 3.4081 4.07726
      vertex 27.5854 3.21815 3
    endloop
  endfacet
  facet normal -0.242975 0.955295 -0.168445
    outer loop
      vertex 28.7146 2.7432 3
      vertex 28.8193 2.9733 4.15393
      vertex 28.8193 2.76983 3
    endloop
  endfacet
  facet normal -0.242995 0.955291 -0.168442
    outer loop
      vertex 28.8193 2.9733 4.15393
      vertex 28.7146 2.7432 3
      vertex 28.7146 2.94747 4.15848
    endloop
  endfacet
  facet normal 0.595738 0.790977 -0.139469
    outer loop
      vertex 27.8889 2.90998 3
      vertex 27.8022 3.17255 4.11879
      vertex 27.8889 3.10922 4.12996
    endloop
  endfacet
  facet normal 0.595681 0.791018 -0.139483
    outer loop
      vertex 27.8022 3.17255 4.11879
      vertex 27.8889 2.90998 3
      vertex 27.8022 2.97527 3
    endloop
  endfacet
  facet normal -0.514113 0.844692 -0.14894
    outer loop
      vertex 29.0185 2.85362 3
      vertex 29.1111 3.10922 4.12996
      vertex 29.1111 2.90998 3
    endloop
  endfacet
  facet normal -0.514044 0.844731 -0.148955
    outer loop
      vertex 29.1111 3.10922 4.12996
      vertex 29.0185 2.85362 3
      vertex 29.0185 3.05457 4.1396
    endloop
  endfacet
  facet normal -0.803238 0.586608 -0.103435
    outer loop
      vertex 29.4146 3.21815 3
      vertex 29.3503 3.32271 4.09232
      vertex 29.4146 3.4081 4.07726
    endloop
  endfacet
  facet normal -0.803253 0.586589 -0.103434
    outer loop
      vertex 29.3503 3.32271 4.09232
      vertex 29.4146 3.21815 3
      vertex 29.3503 3.1301 3
    endloop
  endfacet
  facet normal -0.146671 -0.974157 0.17177
    outer loop
      vertex 28.7146 4.93421 3
      vertex 28.6078 5.08801 3.78105
      vertex 28.6078 4.95029 3
    endloop
  endfacet
  facet normal -0.146715 -0.974152 0.171763
    outer loop
      vertex 28.6078 5.08801 3.78105
      vertex 28.7146 4.93421 3
      vertex 28.7146 5.07241 3.7838
    endloop
  endfacet
  facet normal 0.595727 -0.790985 0.13947
    outer loop
      vertex 27.8022 4.70213 3
      vertex 27.8889 4.91066 3.81232
      vertex 27.8022 4.84733 3.82348
    endloop
  endfacet
  facet normal 0.595741 -0.790976 0.139467
    outer loop
      vertex 27.8889 4.91066 3.81232
      vertex 27.8022 4.70213 3
      vertex 27.8889 4.76743 3
    endloop
  endfacet
  facet normal 0.803238 -0.586609 0.103434
    outer loop
      vertex 27.5854 4.61178 3.86502
      vertex 27.6497 4.5473 3
      vertex 27.6497 4.69717 3.84996
    endloop
  endfacet
  facet normal 0.803221 -0.586632 0.103435
    outer loop
      vertex 27.6497 4.5473 3
      vertex 27.5854 4.61178 3.86502
      vertex 27.5854 4.45926 3
    endloop
  endfacet
  facet normal -0.98923 0.144148 -0.0254173
    outer loop
      vertex 29.5947 3.72922 3
      vertex 29.5789 3.7986 4.0084
      vertex 29.5947 3.90376 3.98986
    endloop
  endfacet
  facet normal -0.98923 0.144147 -0.0254172
    outer loop
      vertex 29.5789 3.7986 4.0084
      vertex 29.5947 3.72922 3
      vertex 29.5789 3.62079 3
    endloop
  endfacet
  facet normal 0.941746 -0.331215 0.0584026
    outer loop
      vertex 27.4474 4.3244 3.91569
      vertex 27.4837 4.26615 3
      vertex 27.4837 4.4245 3.89804
    endloop
  endfacet
  facet normal 0.941744 -0.331221 0.0584029
    outer loop
      vertex 27.4837 4.26615 3
      vertex 27.4474 4.3244 3.91569
      vertex 27.4474 4.16294 3
    endloop
  endfacet
  facet normal -0.427888 -0.890101 0.156947
    outer loop
      vertex 29.0185 4.82378 3
      vertex 28.921 5.01077 3.79467
      vertex 28.921 4.87065 3
    endloop
  endfacet
  facet normal -0.427831 -0.890126 0.15696
    outer loop
      vertex 28.921 5.01077 3.79467
      vertex 29.0185 4.82378 3
      vertex 29.0185 4.96532 3.80268
    endloop
  endfacet
  facet normal 0.941746 0.331214 -0.0584035
    outer loop
      vertex 27.4837 3.59538 4.04424
      vertex 27.4474 3.51446 3
      vertex 27.4474 3.69548 4.02659
    endloop
  endfacet
  facet normal 0.941734 0.331249 -0.0584058
    outer loop
      vertex 27.4474 3.51446 3
      vertex 27.4837 3.59538 4.04424
      vertex 27.4837 3.41126 3
    endloop
  endfacet
  facet normal -0.969876 0.239898 -0.0423009
    outer loop
      vertex 29.5789 3.62079 3
      vertex 29.5526 3.69548 4.02659
      vertex 29.5789 3.7986 4.0084
    endloop
  endfacet
  facet normal -0.969877 0.239893 -0.0423006
    outer loop
      vertex 29.5526 3.69548 4.02659
      vertex 29.5789 3.62079 3
      vertex 29.5526 3.51446 3
    endloop
  endfacet
  facet normal 0.04911 -0.98362 0.173438
    outer loop
      vertex 28.3922 4.95029 3
      vertex 28.5 5.09323 3.78013
      vertex 28.3922 5.08801 3.78105
    endloop
  endfacet
  facet normal 0.0490898 -0.98362 0.173441
    outer loop
      vertex 28.5 5.09323 3.78013
      vertex 28.3922 4.95029 3
      vertex 28.5 4.95567 3
    endloop
  endfacet
  facet normal -0.671477 -0.729768 0.128676
    outer loop
      vertex 29.2778 4.62852 3
      vertex 29.1978 4.84733 3.82348
      vertex 29.1978 4.70213 3
    endloop
  endfacet
  facet normal -0.671477 -0.729768 0.128676
    outer loop
      vertex 29.1978 4.84733 3.82348
      vertex 29.2778 4.62852 3
      vertex 29.2778 4.77594 3.83607
    endloop
  endfacet
  facet normal 0.427831 -0.890126 0.15696
    outer loop
      vertex 27.9815 4.82378 3
      vertex 28.079 5.01077 3.79467
      vertex 27.9815 4.96532 3.80268
    endloop
  endfacet
  facet normal 0.427888 -0.890101 0.156947
    outer loop
      vertex 28.079 5.01077 3.79467
      vertex 27.9815 4.82378 3
      vertex 28.079 4.87065 3
    endloop
  endfacet
  facet normal 0.671477 -0.729768 0.128676
    outer loop
      vertex 27.7222 4.62852 3
      vertex 27.8022 4.84733 3.82348
      vertex 27.7222 4.77594 3.83607
    endloop
  endfacet
  facet normal 0.671477 -0.729768 0.128676
    outer loop
      vertex 27.8022 4.84733 3.82348
      vertex 27.7222 4.62852 3
      vertex 27.8022 4.70213 3
    endloop
  endfacet
  facet normal -0.336727 0.927298 -0.163504
    outer loop
      vertex 28.8193 2.76983 3
      vertex 28.921 3.00911 4.14761
      vertex 28.921 2.80676 3
    endloop
  endfacet
  facet normal -0.336681 0.927313 -0.163511
    outer loop
      vertex 28.921 3.00911 4.14761
      vertex 28.8193 2.76983 3
      vertex 28.8193 2.9733 4.15393
    endloop
  endfacet
  facet normal 0.336681 -0.927314 0.163508
    outer loop
      vertex 28.079 4.87065 3
      vertex 28.1807 5.04658 3.78835
      vertex 28.079 5.01077 3.79467
    endloop
  endfacet
  facet normal 0.336727 -0.927299 0.163499
    outer loop
      vertex 28.1807 5.04658 3.78835
      vertex 28.079 4.87065 3
      vertex 28.1807 4.90758 3
    endloop
  endfacet
  facet normal -0.803238 -0.586609 0.103434
    outer loop
      vertex 29.3503 4.5473 3
      vertex 29.4146 4.61178 3.86502
      vertex 29.3503 4.69717 3.84996
    endloop
  endfacet
  facet normal -0.803221 -0.586632 0.103435
    outer loop
      vertex 29.4146 4.61178 3.86502
      vertex 29.3503 4.5473 3
      vertex 29.4146 4.45926 3
    endloop
  endfacet
  facet normal 0.857706 -0.50633 0.0892759
    outer loop
      vertex 27.5299 4.5206 3.8811
      vertex 27.5854 4.45926 3
      vertex 27.5854 4.61178 3.86502
    endloop
  endfacet
  facet normal 0.857718 -0.506311 0.0892752
    outer loop
      vertex 27.5854 4.45926 3
      vertex 27.5299 4.5206 3.8811
      vertex 27.5299 4.36524 3
    endloop
  endfacet
  facet normal -0.998794 0.0483519 -0.00852583
    outer loop
      vertex 29.6 3.8387 3
      vertex 29.5947 3.90376 3.98986
      vertex 29.6 4.00994 3.97114
    endloop
  endfacet
  facet normal -0.998794 0.0483523 -0.00852586
    outer loop
      vertex 29.5947 3.90376 3.98986
      vertex 29.6 3.8387 3
      vertex 29.5947 3.72922 3
    endloop
  endfacet
  facet normal -0.90382 0.421413 -0.0743034
    outer loop
      vertex 29.5163 3.41126 3
      vertex 29.4701 3.49928 4.06118
      vertex 29.5163 3.59538 4.04424
    endloop
  endfacet
  facet normal -0.903825 0.421402 -0.0743027
    outer loop
      vertex 29.4701 3.49928 4.06118
      vertex 29.5163 3.41126 3
      vertex 29.4701 3.31217 3
    endloop
  endfacet
  facet normal -0.857706 -0.50633 0.0892759
    outer loop
      vertex 29.4146 4.45926 3
      vertex 29.4701 4.5206 3.8811
      vertex 29.4146 4.61178 3.86502
    endloop
  endfacet
  facet normal -0.857718 -0.506311 0.0892752
    outer loop
      vertex 29.4701 4.5206 3.8811
      vertex 29.4146 4.45926 3
      vertex 29.4701 4.36524 3
    endloop
  endfacet
  facet normal -0.595741 -0.790976 0.139467
    outer loop
      vertex 29.1978 4.70213 3
      vertex 29.1111 4.91066 3.81232
      vertex 29.1111 4.76743 3
    endloop
  endfacet
  facet normal -0.595727 -0.790985 0.13947
    outer loop
      vertex 29.1111 4.91066 3.81232
      vertex 29.1978 4.70213 3
      vertex 29.1978 4.84733 3.82348
    endloop
  endfacet
  facet normal 0.514044 0.844731 -0.148955
    outer loop
      vertex 27.9815 2.85362 3
      vertex 27.8889 3.10922 4.12996
      vertex 27.9815 3.05457 4.1396
    endloop
  endfacet
  facet normal 0.514113 0.844692 -0.14894
    outer loop
      vertex 27.8889 3.10922 4.12996
      vertex 27.9815 2.85362 3
      vertex 27.8889 2.90998 3
    endloop
  endfacet
  facet normal -0.514045 -0.844731 0.148955
    outer loop
      vertex 29.1111 4.76743 3
      vertex 29.0185 4.96532 3.80268
      vertex 29.0185 4.82378 3
    endloop
  endfacet
  facet normal -0.514111 -0.844693 0.148938
    outer loop
      vertex 29.0185 4.96532 3.80268
      vertex 29.1111 4.76743 3
      vertex 29.1111 4.91066 3.81232
    endloop
  endfacet
  facet normal -0.14676 0.974145 -0.171767
    outer loop
      vertex 28.6078 2.72711 3
      vertex 28.7146 2.94747 4.15848
      vertex 28.7146 2.7432 3
    endloop
  endfacet
  facet normal -0.146715 0.97415 -0.171772
    outer loop
      vertex 28.7146 2.94747 4.15848
      vertex 28.6078 2.72711 3
      vertex 28.6078 2.93187 4.16123
    endloop
  endfacet
  facet normal -0.941746 -0.331215 0.0584026
    outer loop
      vertex 29.5163 4.26615 3
      vertex 29.5526 4.3244 3.91569
      vertex 29.5163 4.4245 3.89804
    endloop
  endfacet
  facet normal -0.941744 -0.331221 0.0584029
    outer loop
      vertex 29.5526 4.3244 3.91569
      vertex 29.5163 4.26615 3
      vertex 29.5526 4.16294 3
    endloop
  endfacet
  facet normal -0.857706 0.506329 -0.0892773
    outer loop
      vertex 29.4701 3.31217 3
      vertex 29.4146 3.4081 4.07726
      vertex 29.4701 3.49928 4.06118
    endloop
  endfacet
  facet normal -0.857718 0.506311 -0.0892762
    outer loop
      vertex 29.4146 3.4081 4.07726
      vertex 29.4701 3.31217 3
      vertex 29.4146 3.21815 3
    endloop
  endfacet
  facet normal 0.998794 0.0483519 -0.00852583
    outer loop
      vertex 27.4053 3.90376 3.98986
      vertex 27.4 3.8387 3
      vertex 27.4 4.00994 3.97114
    endloop
  endfacet
  facet normal 0.998794 0.0483523 -0.00852586
    outer loop
      vertex 27.4 3.8387 3
      vertex 27.4053 3.90376 3.98986
      vertex 27.4053 3.72922 3
    endloop
  endfacet
  facet normal -0.941746 0.331214 -0.0584035
    outer loop
      vertex 29.5526 3.51446 3
      vertex 29.5163 3.59538 4.04424
      vertex 29.5526 3.69548 4.02659
    endloop
  endfacet
  facet normal -0.941734 0.331249 -0.0584058
    outer loop
      vertex 29.5163 3.59538 4.04424
      vertex 29.5526 3.51446 3
      vertex 29.5163 3.41126 3
    endloop
  endfacet
  facet normal 0.146715 -0.974152 0.171763
    outer loop
      vertex 28.2854 4.93421 3
      vertex 28.3922 5.08801 3.78105
      vertex 28.2854 5.07241 3.7838
    endloop
  endfacet
  facet normal 0.146671 -0.974157 0.17177
    outer loop
      vertex 28.3922 5.08801 3.78105
      vertex 28.2854 4.93421 3
      vertex 28.3922 4.95029 3
    endloop
  endfacet
  facet normal -0.740925 -0.661385 0.116619
    outer loop
      vertex 29.2778 4.62852 3
      vertex 29.3503 4.69717 3.84996
      vertex 29.2778 4.77594 3.83607
    endloop
  endfacet
  facet normal -0.740929 -0.661381 0.116619
    outer loop
      vertex 29.3503 4.69717 3.84996
      vertex 29.2778 4.62852 3
      vertex 29.3503 4.5473 3
    endloop
  endfacet
  facet normal -0.04911 -0.983619 0.173441
    outer loop
      vertex 28.5 4.95567 3
      vertex 28.6078 5.08801 3.78105
      vertex 28.5 5.09323 3.78013
    endloop
  endfacet
  facet normal -0.0490898 -0.98362 0.173439
    outer loop
      vertex 28.6078 5.08801 3.78105
      vertex 28.5 4.95567 3
      vertex 28.6078 4.95029 3
    endloop
  endfacet
  facet normal -0.90382 -0.421412 0.0743056
    outer loop
      vertex 29.4701 4.36524 3
      vertex 29.5163 4.4245 3.89804
      vertex 29.4701 4.5206 3.8811
    endloop
  endfacet
  facet normal -0.903825 -0.421402 0.0743051
    outer loop
      vertex 29.5163 4.4245 3.89804
      vertex 29.4701 4.36524 3
      vertex 29.5163 4.26615 3
    endloop
  endfacet
  facet normal 0.146715 0.97415 -0.171772
    outer loop
      vertex 28.3922 2.72711 3
      vertex 28.2854 2.94747 4.15848
      vertex 28.3922 2.93187 4.16123
    endloop
  endfacet
  facet normal 0.14676 0.974145 -0.171767
    outer loop
      vertex 28.2854 2.94747 4.15848
      vertex 28.3922 2.72711 3
      vertex 28.2854 2.7432 3
    endloop
  endfacet
  facet normal -0.671527 0.729723 -0.128668
    outer loop
      vertex 29.1978 2.97527 3
      vertex 29.2778 3.24394 4.1062
      vertex 29.2778 3.04889 3
    endloop
  endfacet
  facet normal -0.671477 0.729767 -0.128682
    outer loop
      vertex 29.2778 3.24394 4.1062
      vertex 29.1978 2.97527 3
      vertex 29.1978 3.17255 4.11879
    endloop
  endfacet
  facet normal 0.04911 0.983619 -0.17344
    outer loop
      vertex 28.5 2.72173 3
      vertex 28.3922 2.93187 4.16123
      vertex 28.5 2.92665 4.16215
    endloop
  endfacet
  facet normal 0.0490897 0.98362 -0.173442
    outer loop
      vertex 28.3922 2.93187 4.16123
      vertex 28.5 2.72173 3
      vertex 28.3922 2.72711 3
    endloop
  endfacet
  facet normal 0.740925 -0.661385 0.116619
    outer loop
      vertex 27.6497 4.69717 3.84996
      vertex 27.7222 4.62852 3
      vertex 27.7222 4.77594 3.83607
    endloop
  endfacet
  facet normal 0.740929 -0.661381 0.116619
    outer loop
      vertex 27.7222 4.62852 3
      vertex 27.6497 4.69717 3.84996
      vertex 27.6497 4.5473 3
    endloop
  endfacet
  facet normal 0.90382 -0.421412 0.0743056
    outer loop
      vertex 27.4837 4.4245 3.89804
      vertex 27.5299 4.36524 3
      vertex 27.5299 4.5206 3.8811
    endloop
  endfacet
  facet normal 0.903825 -0.421402 0.0743051
    outer loop
      vertex 27.5299 4.36524 3
      vertex 27.4837 4.4245 3.89804
      vertex 27.4837 4.26615 3
    endloop
  endfacet
  facet normal 0.671477 0.729767 -0.128682
    outer loop
      vertex 27.8022 2.97527 3
      vertex 27.7222 3.24394 4.1062
      vertex 27.8022 3.17255 4.11879
    endloop
  endfacet
  facet normal 0.671527 0.729723 -0.128668
    outer loop
      vertex 27.7222 3.24394 4.1062
      vertex 27.8022 2.97527 3
      vertex 27.7222 3.04889 3
    endloop
  endfacet
  facet normal 0.969875 -0.239902 0.042301
    outer loop
      vertex 27.4211 4.22128 3.93387
      vertex 27.4474 4.16294 3
      vertex 27.4474 4.3244 3.91569
    endloop
  endfacet
  facet normal 0.969877 -0.239893 0.0423004
    outer loop
      vertex 27.4474 4.16294 3
      vertex 27.4211 4.22128 3.93387
      vertex 27.4211 4.05661 3
    endloop
  endfacet
  facet normal -0.242976 -0.955296 0.168438
    outer loop
      vertex 28.8193 4.90758 3
      vertex 28.7146 5.07241 3.7838
      vertex 28.7146 4.93421 3
    endloop
  endfacet
  facet normal -0.242995 -0.955292 0.168435
    outer loop
      vertex 28.7146 5.07241 3.7838
      vertex 28.8193 4.90758 3
      vertex 28.8193 5.04658 3.78835
    endloop
  endfacet
  facet normal 0.969876 0.239898 -0.0423009
    outer loop
      vertex 27.4474 3.69548 4.02659
      vertex 27.4211 3.62079 3
      vertex 27.4211 3.7986 4.0084
    endloop
  endfacet
  facet normal 0.969877 0.239893 -0.0423006
    outer loop
      vertex 27.4211 3.62079 3
      vertex 27.4474 3.69548 4.02659
      vertex 27.4474 3.51446 3
    endloop
  endfacet
  facet normal 0.427905 0.890093 -0.156944
    outer loop
      vertex 28.079 2.80676 3
      vertex 27.9815 3.05457 4.1396
      vertex 28.079 3.00911 4.14761
    endloop
  endfacet
  facet normal 0.427812 0.890135 -0.156961
    outer loop
      vertex 27.9815 3.05457 4.1396
      vertex 28.079 2.80676 3
      vertex 27.9815 2.85362 3
    endloop
  endfacet
  facet normal 0.740918 0.661392 -0.116624
    outer loop
      vertex 27.7222 3.24394 4.1062
      vertex 27.6497 3.1301 3
      vertex 27.6497 3.32271 4.09232
    endloop
  endfacet
  facet normal 0.740888 0.661426 -0.116625
    outer loop
      vertex 27.6497 3.1301 3
      vertex 27.7222 3.24394 4.1062
      vertex 27.7222 3.04889 3
    endloop
  endfacet
  facet normal -0.427812 0.890135 -0.156961
    outer loop
      vertex 28.921 2.80676 3
      vertex 29.0185 3.05457 4.1396
      vertex 29.0185 2.85362 3
    endloop
  endfacet
  facet normal -0.427905 0.890093 -0.156944
    outer loop
      vertex 29.0185 3.05457 4.1396
      vertex 28.921 2.80676 3
      vertex 28.921 3.00911 4.14761
    endloop
  endfacet
  facet normal -0.04911 0.983619 -0.173442
    outer loop
      vertex 28.6078 2.72711 3
      vertex 28.5 2.92665 4.16215
      vertex 28.6078 2.93187 4.16123
    endloop
  endfacet
  facet normal -0.0490898 0.98362 -0.17344
    outer loop
      vertex 28.5 2.92665 4.16215
      vertex 28.6078 2.72711 3
      vertex 28.5 2.72173 3
    endloop
  endfacet
  facet normal 0.98923 0.144148 -0.0254173
    outer loop
      vertex 27.4211 3.7986 4.0084
      vertex 27.4053 3.72922 3
      vertex 27.4053 3.90376 3.98986
    endloop
  endfacet
  facet normal 0.98923 0.144147 -0.0254172
    outer loop
      vertex 27.4053 3.72922 3
      vertex 27.4211 3.7986 4.0084
      vertex 27.4211 3.62079 3
    endloop
  endfacet
  facet normal -0.595681 0.791018 -0.139483
    outer loop
      vertex 29.1111 2.90998 3
      vertex 29.1978 3.17255 4.11879
      vertex 29.1978 2.97527 3
    endloop
  endfacet
  facet normal -0.595738 0.790977 -0.139469
    outer loop
      vertex 29.1978 3.17255 4.11879
      vertex 29.1111 2.90998 3
      vertex 29.1111 3.10922 4.12996
    endloop
  endfacet
  facet normal 0.803238 0.586608 -0.103435
    outer loop
      vertex 27.6497 3.32271 4.09232
      vertex 27.5854 3.21815 3
      vertex 27.5854 3.4081 4.07726
    endloop
  endfacet
  facet normal 0.803253 0.586589 -0.103434
    outer loop
      vertex 27.5854 3.21815 3
      vertex 27.6497 3.32271 4.09232
      vertex 27.6497 3.1301 3
    endloop
  endfacet
  facet normal 0.998794 -0.0483519 0.00852588
    outer loop
      vertex 27.4 4.00994 3.97114
      vertex 27.4053 3.94818 3
      vertex 27.4053 4.11612 3.95242
    endloop
  endfacet
  facet normal 0.998794 -0.0483523 0.0085259
    outer loop
      vertex 27.4053 3.94818 3
      vertex 27.4 4.00994 3.97114
      vertex 27.4 3.8387 3
    endloop
  endfacet
  facet normal -0.740918 0.661392 -0.116624
    outer loop
      vertex 29.3503 3.1301 3
      vertex 29.2778 3.24394 4.1062
      vertex 29.3503 3.32271 4.09232
    endloop
  endfacet
  facet normal -0.740888 0.661426 -0.116625
    outer loop
      vertex 29.2778 3.24394 4.1062
      vertex 29.3503 3.1301 3
      vertex 29.2778 3.04889 3
    endloop
  endfacet
  facet normal -0.989243 -0.144056 0.0254121
    outer loop
      vertex 29.5789 16.1841 -0.206344
      vertex 29.5947 16.112 0
      vertex 29.5789 16.2205 0
    endloop
  endfacet
  facet normal -0.989238 -0.144097 0.0253971
    outer loop
      vertex 29.5947 16.112 0
      vertex 29.5789 16.1841 -0.206344
      vertex 29.5947 16.0789 -0.187802
    endloop
  endfacet
  facet normal -0.998792 -0.0483876 0.00852828
    outer loop
      vertex 29.5947 16.0789 -0.187802
      vertex 29.6 16.0026 0
      vertex 29.5947 16.112 0
    endloop
  endfacet
  facet normal -0.998794 -0.0483386 0.00854822
    outer loop
      vertex 29.6 16.0026 0
      vertex 29.5947 16.0789 -0.187802
      vertex 29.6 15.9727 -0.169079
    endloop
  endfacet
  facet normal -0.969861 -0.239956 0.0423213
    outer loop
      vertex 29.5526 16.2872 -0.224527
      vertex 29.5789 16.2205 0
      vertex 29.5526 16.3268 0
    endloop
  endfacet
  facet normal -0.969865 -0.23994 0.0423265
    outer loop
      vertex 29.5789 16.2205 0
      vertex 29.5526 16.2872 -0.224527
      vertex 29.5789 16.1841 -0.206344
    endloop
  endfacet
  facet normal 0.989243 -0.144056 0.0254121
    outer loop
      vertex 27.4053 16.112 0
      vertex 27.4211 16.1841 -0.206344
      vertex 27.4211 16.2205 0
    endloop
  endfacet
  facet normal 0.989238 -0.144097 0.0253971
    outer loop
      vertex 27.4211 16.1841 -0.206344
      vertex 27.4053 16.112 0
      vertex 27.4053 16.0789 -0.187802
    endloop
  endfacet
  facet normal -0.336488 -0.927395 0.163444
    outer loop
      vertex 28.8193 17.0714 0
      vertex 28.921 16.9736 -0.345552
      vertex 28.921 17.0345 0
    endloop
  endfacet
  facet normal -0.336593 -0.927364 0.163404
    outer loop
      vertex 28.921 16.9736 -0.345552
      vertex 28.8193 17.0714 0
      vertex 28.8193 17.0094 -0.351867
    endloop
  endfacet
  facet normal 0.513713 -0.844935 0.148939
    outer loop
      vertex 27.8889 16.8735 -0.327901
      vertex 27.9815 16.9876 0
      vertex 27.8889 16.9313 0
    endloop
  endfacet
  facet normal 0.513705 -0.84494 0.148943
    outer loop
      vertex 27.9815 16.9876 0
      vertex 27.8889 16.8735 -0.327901
      vertex 27.9815 16.9281 -0.337538
    endloop
  endfacet
  facet normal 0.903849 0.42137 -0.0741929
    outer loop
      vertex 27.5299 15.476 0
      vertex 27.4837 15.5582 -0.0959817
      vertex 27.4837 15.5751 0
    endloop
  endfacet
  facet normal 0.903821 0.421442 -0.0741184
    outer loop
      vertex 27.4837 15.5582 -0.0959817
      vertex 27.5299 15.476 0
      vertex 27.5299 15.4621 -0.0790363
    endloop
  endfacet
  facet normal 0.243581 -0.955166 0.168303
    outer loop
      vertex 28.1807 17.0094 -0.351867
      vertex 28.2854 17.0981 0
      vertex 28.1807 17.0714 0
    endloop
  endfacet
  facet normal 0.242745 -0.955328 0.168593
    outer loop
      vertex 28.2854 17.0981 0
      vertex 28.1807 17.0094 -0.351867
      vertex 28.2854 17.0352 -0.356422
    endloop
  endfacet
  facet normal 0.857687 0.5064 -0.0890599
    outer loop
      vertex 27.5854 15.382 0
      vertex 27.5299 15.4621 -0.0790363
      vertex 27.5299 15.476 0
    endloop
  endfacet
  facet normal 0.857754 0.506253 -0.0892564
    outer loop
      vertex 27.5299 15.4621 -0.0790363
      vertex 27.5854 15.382 0
      vertex 27.5854 15.3709 -0.062958
    endloop
  endfacet
  facet normal 0.595796 0.791049 -0.138812
    outer loop
      vertex 27.8889 15.072 -0.0102577
      vertex 27.8022 15.1391 0
      vertex 27.8889 15.0738 0
    endloop
  endfacet
  facet normal 0.595557 0.790967 -0.140294
    outer loop
      vertex 27.8022 15.1391 0
      vertex 27.8889 15.072 -0.0102577
      vertex 27.8022 15.1353 -0.0214241
    endloop
  endfacet
  facet normal -0.514655 0.846484 -0.136363
    outer loop
      vertex 29.1111 15.0738 0
      vertex 29.0185 15.0174 -0.000620757
      vertex 29.0185 15.0175 0
    endloop
  endfacet
  facet normal -0.513705 0.845055 -0.148289
    outer loop
      vertex 29.0185 15.0174 -0.000620757
      vertex 29.1111 15.0738 0
      vertex 29.1111 15.072 -0.0102577
    endloop
  endfacet
  facet normal -0.803092 0.586805 -0.103458
    outer loop
      vertex 29.4146 15.3709 -0.062958
      vertex 29.3503 15.294 0
      vertex 29.4146 15.382 0
    endloop
  endfacet
  facet normal -0.803268 0.586456 -0.104064
    outer loop
      vertex 29.3503 15.294 0
      vertex 29.4146 15.3709 -0.062958
      vertex 29.3503 15.2855 -0.0479018
    endloop
  endfacet
  facet normal -0.145953 -0.974237 0.17193
    outer loop
      vertex 28.6078 17.1141 0
      vertex 28.7146 17.0352 -0.356422
      vertex 28.7146 17.0981 0
    endloop
  endfacet
  facet normal -0.146715 -0.974166 0.171686
    outer loop
      vertex 28.7146 17.0352 -0.356422
      vertex 28.6078 17.1141 0
      vertex 28.6078 17.0508 -0.359172
    endloop
  endfacet
  facet normal 0.59573 -0.790961 0.139596
    outer loop
      vertex 27.8022 16.8101 -0.316734
      vertex 27.8889 16.9313 0
      vertex 27.8022 16.866 0
    endloop
  endfacet
  facet normal 0.596146 -0.790686 0.139376
    outer loop
      vertex 27.8889 16.9313 0
      vertex 27.8022 16.8101 -0.316734
      vertex 27.8889 16.8735 -0.327901
    endloop
  endfacet
  facet normal -0.437878 0.887591 -0.142985
    outer loop
      vertex 29.0185 15.0175 0
      vertex 29.0185 15.0174 -0.000620757
      vertex 29.011 15.0138 0
    endloop
  endfacet
  facet normal 0.803411 -0.586372 0.103433
    outer loop
      vertex 27.5854 16.6231 0
      vertex 27.6497 16.66 -0.290257
      vertex 27.6497 16.7112 0
    endloop
  endfacet
  facet normal 0.803269 -0.586577 0.103376
    outer loop
      vertex 27.6497 16.66 -0.290257
      vertex 27.5854 16.6231 0
      vertex 27.5854 16.5746 -0.2752
    endloop
  endfacet
  facet normal -0.989244 0.144056 -0.0253894
    outer loop
      vertex 29.5947 15.8666 -0.150357
      vertex 29.5789 15.7846 0
      vertex 29.5947 15.8931 0
    endloop
  endfacet
  facet normal -0.989238 0.144103 -0.025363
    outer loop
      vertex 29.5789 15.7846 0
      vertex 29.5947 15.8666 -0.150357
      vertex 29.5789 15.7614 -0.131814
    endloop
  endfacet
  facet normal 0.941734 -0.331249 0.058405
    outer loop
      vertex 27.4474 16.3268 0
      vertex 27.4837 16.3873 -0.242177
      vertex 27.4837 16.43 0
    endloop
  endfacet
  facet normal 0.941746 -0.331212 0.0584162
    outer loop
      vertex 27.4837 16.3873 -0.242177
      vertex 27.4474 16.3268 0
      vertex 27.4474 16.2872 -0.224527
    endloop
  endfacet
  facet normal -0.428114 -0.890003 0.156887
    outer loop
      vertex 28.921 17.0345 0
      vertex 29.0185 16.9281 -0.337538
      vertex 29.0185 16.9876 0
    endloop
  endfacet
  facet normal -0.428209 -0.889964 0.156847
    outer loop
      vertex 29.0185 16.9281 -0.337538
      vertex 28.921 17.0345 0
      vertex 28.921 16.9736 -0.345552
    endloop
  endfacet
  facet normal 0.941739 0.331251 -0.058303
    outer loop
      vertex 27.4837 15.5751 0
      vertex 27.4474 15.6583 -0.113631
      vertex 27.4474 15.6783 0
    endloop
  endfacet
  facet normal 0.941746 0.331229 -0.0583213
    outer loop
      vertex 27.4474 15.6583 -0.113631
      vertex 27.4837 15.5751 0
      vertex 27.4837 15.5582 -0.0959817
    endloop
  endfacet
  facet normal -0.969864 0.239957 -0.0422338
    outer loop
      vertex 29.5789 15.7614 -0.131814
      vertex 29.5526 15.6783 0
      vertex 29.5789 15.7846 0
    endloop
  endfacet
  facet normal -0.969865 0.239956 -0.0422343
    outer loop
      vertex 29.5526 15.6783 0
      vertex 29.5789 15.7614 -0.131814
      vertex 29.5526 15.6583 -0.113631
    endloop
  endfacet
  facet normal 0.0492726 -0.983626 0.173353
    outer loop
      vertex 28.3922 17.0508 -0.359172
      vertex 28.5 17.1195 0
      vertex 28.3922 17.1141 0
    endloop
  endfacet
  facet normal 0.0489279 -0.983625 0.173456
    outer loop
      vertex 28.5 17.1195 0
      vertex 28.3922 17.0508 -0.359172
      vertex 28.5 17.056 -0.360092
    endloop
  endfacet
  facet normal -0.671412 -0.729796 0.128853
    outer loop
      vertex 29.1978 16.866 0
      vertex 29.2778 16.7387 -0.304146
      vertex 29.2778 16.7924 0
    endloop
  endfacet
  facet normal -0.671525 -0.729704 0.128785
    outer loop
      vertex 29.2778 16.7387 -0.304146
      vertex 29.1978 16.866 0
      vertex 29.1978 16.8101 -0.316734
    endloop
  endfacet
  facet normal 0.428114 -0.890003 0.156887
    outer loop
      vertex 27.9815 16.9281 -0.337538
      vertex 28.079 17.0345 0
      vertex 27.9815 16.9876 0
    endloop
  endfacet
  facet normal 0.428209 -0.889964 0.156847
    outer loop
      vertex 28.079 17.0345 0
      vertex 27.9815 16.9281 -0.337538
      vertex 28.079 16.9736 -0.345552
    endloop
  endfacet
  facet normal 0.671412 -0.729796 0.128853
    outer loop
      vertex 27.7222 16.7387 -0.304146
      vertex 27.8022 16.866 0
      vertex 27.7222 16.7924 0
    endloop
  endfacet
  facet normal 0.671525 -0.729704 0.128785
    outer loop
      vertex 27.8022 16.866 0
      vertex 27.7222 16.7387 -0.304146
      vertex 27.8022 16.8101 -0.316734
    endloop
  endfacet
  facet normal 0.336488 -0.927395 0.163444
    outer loop
      vertex 28.079 16.9736 -0.345552
      vertex 28.1807 17.0714 0
      vertex 28.079 17.0345 0
    endloop
  endfacet
  facet normal 0.336593 -0.927364 0.163404
    outer loop
      vertex 28.1807 17.0714 0
      vertex 28.079 16.9736 -0.345552
      vertex 28.1807 17.0094 -0.351867
    endloop
  endfacet
  facet normal -0.803411 -0.586372 0.103433
    outer loop
      vertex 29.3503 16.66 -0.290257
      vertex 29.4146 16.6231 0
      vertex 29.3503 16.7112 0
    endloop
  endfacet
  facet normal -0.803269 -0.586577 0.103376
    outer loop
      vertex 29.4146 16.6231 0
      vertex 29.3503 16.66 -0.290257
      vertex 29.4146 16.5746 -0.2752
    endloop
  endfacet
  facet normal 0.857673 -0.506392 0.0892442
    outer loop
      vertex 27.5299 16.5291 0
      vertex 27.5854 16.5746 -0.2752
      vertex 27.5854 16.6231 0
    endloop
  endfacet
  facet normal 0.857754 -0.506248 0.0892843
    outer loop
      vertex 27.5854 16.5746 -0.2752
      vertex 27.5299 16.5291 0
      vertex 27.5299 16.4834 -0.259122
    endloop
  endfacet
  facet normal -0.998794 0.0483435 -0.00854908
    outer loop
      vertex 29.6 15.9727 -0.169079
      vertex 29.5947 15.8931 0
      vertex 29.6 16.0026 0
    endloop
  endfacet
  facet normal -0.998792 0.0483877 -0.00852819
    outer loop
      vertex 29.5947 15.8931 0
      vertex 29.6 15.9727 -0.169079
      vertex 29.5947 15.8666 -0.150357
    endloop
  endfacet
  facet normal -0.903849 0.42137 -0.0741929
    outer loop
      vertex 29.5163 15.5582 -0.0959817
      vertex 29.4701 15.476 0
      vertex 29.5163 15.5751 0
    endloop
  endfacet
  facet normal -0.903821 0.421442 -0.0741184
    outer loop
      vertex 29.4701 15.476 0
      vertex 29.5163 15.5582 -0.0959817
      vertex 29.4701 15.4621 -0.0790363
    endloop
  endfacet
  facet normal 0.671361 0.72974 -0.129434
    outer loop
      vertex 27.8022 15.1353 -0.0214241
      vertex 27.7222 15.2127 0
      vertex 27.8022 15.1391 0
    endloop
  endfacet
  facet normal 0.671526 0.729714 -0.128725
    outer loop
      vertex 27.7222 15.2127 0
      vertex 27.8022 15.1353 -0.0214241
      vertex 27.7222 15.2067 -0.0340126
    endloop
  endfacet
  facet normal -0.59573 -0.790961 0.139596
    outer loop
      vertex 29.1111 16.9313 0
      vertex 29.1978 16.8101 -0.316734
      vertex 29.1978 16.866 0
    endloop
  endfacet
  facet normal -0.596146 -0.790686 0.139376
    outer loop
      vertex 29.1978 16.8101 -0.316734
      vertex 29.1111 16.9313 0
      vertex 29.1111 16.8735 -0.327901
    endloop
  endfacet
  facet normal 0.514655 0.846484 -0.136363
    outer loop
      vertex 27.9815 15.0174 -0.000620757
      vertex 27.8889 15.0738 0
      vertex 27.9815 15.0175 0
    endloop
  endfacet
  facet normal 0.513705 0.845055 -0.148289
    outer loop
      vertex 27.8889 15.0738 0
      vertex 27.9815 15.0174 -0.000620757
      vertex 27.8889 15.072 -0.0102577
    endloop
  endfacet
  facet normal -0.513713 -0.844935 0.148939
    outer loop
      vertex 29.0185 16.9876 0
      vertex 29.1111 16.8735 -0.327901
      vertex 29.1111 16.9313 0
    endloop
  endfacet
  facet normal -0.513705 -0.84494 0.148943
    outer loop
      vertex 29.1111 16.8735 -0.327901
      vertex 29.0185 16.9876 0
      vertex 29.0185 16.9281 -0.337538
    endloop
  endfacet
  facet normal -0.941734 -0.331249 0.058405
    outer loop
      vertex 29.5163 16.3873 -0.242177
      vertex 29.5526 16.3268 0
      vertex 29.5163 16.43 0
    endloop
  endfacet
  facet normal -0.941746 -0.331212 0.0584162
    outer loop
      vertex 29.5526 16.3268 0
      vertex 29.5163 16.3873 -0.242177
      vertex 29.5526 16.2872 -0.224527
    endloop
  endfacet
  facet normal -0.857687 0.5064 -0.0890599
    outer loop
      vertex 29.4701 15.4621 -0.0790363
      vertex 29.4146 15.382 0
      vertex 29.4701 15.476 0
    endloop
  endfacet
  facet normal -0.857754 0.506253 -0.0892564
    outer loop
      vertex 29.4146 15.382 0
      vertex 29.4701 15.4621 -0.0790363
      vertex 29.4146 15.3709 -0.062958
    endloop
  endfacet
  facet normal 0.998794 0.0483435 -0.00854908
    outer loop
      vertex 27.4053 15.8931 0
      vertex 27.4 15.9727 -0.169079
      vertex 27.4 16.0026 0
    endloop
  endfacet
  facet normal 0.998792 0.0483877 -0.00852819
    outer loop
      vertex 27.4 15.9727 -0.169079
      vertex 27.4053 15.8931 0
      vertex 27.4053 15.8666 -0.150357
    endloop
  endfacet
  facet normal -0.941739 0.331251 -0.058303
    outer loop
      vertex 29.5526 15.6583 -0.113631
      vertex 29.5163 15.5751 0
      vertex 29.5526 15.6783 0
    endloop
  endfacet
  facet normal -0.941746 0.331229 -0.0583213
    outer loop
      vertex 29.5163 15.5751 0
      vertex 29.5526 15.6583 -0.113631
      vertex 29.5163 15.5582 -0.0959817
    endloop
  endfacet
  facet normal 0.145953 -0.974237 0.17193
    outer loop
      vertex 28.2854 17.0352 -0.356422
      vertex 28.3922 17.1141 0
      vertex 28.2854 17.0981 0
    endloop
  endfacet
  facet normal 0.146715 -0.974166 0.171686
    outer loop
      vertex 28.3922 17.1141 0
      vertex 28.2854 17.0352 -0.356422
      vertex 28.3922 17.0508 -0.359172
    endloop
  endfacet
  facet normal -0.740833 -0.661458 0.116787
    outer loop
      vertex 29.2778 16.7387 -0.304146
      vertex 29.3503 16.7112 0
      vertex 29.2778 16.7924 0
    endloop
  endfacet
  facet normal -0.740637 -0.66169 0.116719
    outer loop
      vertex 29.3503 16.7112 0
      vertex 29.2778 16.7387 -0.304146
      vertex 29.3503 16.66 -0.290257
    endloop
  endfacet
  facet normal -0.0492726 -0.983626 0.173353
    outer loop
      vertex 28.5 17.1195 0
      vertex 28.6078 17.0508 -0.359172
      vertex 28.6078 17.1141 0
    endloop
  endfacet
  facet normal -0.0489279 -0.983625 0.173456
    outer loop
      vertex 28.6078 17.0508 -0.359172
      vertex 28.5 17.1195 0
      vertex 28.5 17.056 -0.360092
    endloop
  endfacet
  facet normal -0.90384 -0.421367 0.0743142
    outer loop
      vertex 29.4701 16.4834 -0.259122
      vertex 29.5163 16.43 0
      vertex 29.4701 16.5291 0
    endloop
  endfacet
  facet normal -0.903821 -0.42141 0.0743019
    outer loop
      vertex 29.5163 16.43 0
      vertex 29.4701 16.4834 -0.259122
      vertex 29.5163 16.3873 -0.242177
    endloop
  endfacet
  facet normal -0.671361 0.72974 -0.129434
    outer loop
      vertex 29.2778 15.2127 0
      vertex 29.1978 15.1353 -0.0214241
      vertex 29.1978 15.1391 0
    endloop
  endfacet
  facet normal -0.671526 0.729714 -0.128725
    outer loop
      vertex 29.1978 15.1353 -0.0214241
      vertex 29.2778 15.2127 0
      vertex 29.2778 15.2067 -0.0340126
    endloop
  endfacet
  facet normal -0.857673 -0.506392 0.0892442
    outer loop
      vertex 29.4146 16.5746 -0.2752
      vertex 29.4701 16.5291 0
      vertex 29.4146 16.6231 0
    endloop
  endfacet
  facet normal -0.857754 -0.506248 0.0892843
    outer loop
      vertex 29.4701 16.5291 0
      vertex 29.4146 16.5746 -0.2752
      vertex 29.4701 16.4834 -0.259122
    endloop
  endfacet
  facet normal 0.740833 -0.661458 0.116787
    outer loop
      vertex 27.6497 16.7112 0
      vertex 27.7222 16.7387 -0.304146
      vertex 27.7222 16.7924 0
    endloop
  endfacet
  facet normal 0.740637 -0.66169 0.116719
    outer loop
      vertex 27.7222 16.7387 -0.304146
      vertex 27.6497 16.7112 0
      vertex 27.6497 16.66 -0.290257
    endloop
  endfacet
  facet normal 0.90384 -0.421367 0.0743142
    outer loop
      vertex 27.4837 16.43 0
      vertex 27.5299 16.4834 -0.259122
      vertex 27.5299 16.5291 0
    endloop
  endfacet
  facet normal 0.903821 -0.42141 0.0743019
    outer loop
      vertex 27.5299 16.4834 -0.259122
      vertex 27.4837 16.43 0
      vertex 27.4837 16.3873 -0.242177
    endloop
  endfacet
  facet normal 0.969861 -0.239956 0.0423213
    outer loop
      vertex 27.4211 16.2205 0
      vertex 27.4474 16.2872 -0.224527
      vertex 27.4474 16.3268 0
    endloop
  endfacet
  facet normal 0.969865 -0.23994 0.0423265
    outer loop
      vertex 27.4474 16.2872 -0.224527
      vertex 27.4211 16.2205 0
      vertex 27.4211 16.1841 -0.206344
    endloop
  endfacet
  facet normal -0.243581 -0.955166 0.168303
    outer loop
      vertex 28.7146 17.0981 0
      vertex 28.8193 17.0094 -0.351867
      vertex 28.8193 17.0714 0
    endloop
  endfacet
  facet normal -0.242745 -0.955328 0.168593
    outer loop
      vertex 28.8193 17.0094 -0.351867
      vertex 28.7146 17.0981 0
      vertex 28.7146 17.0352 -0.356422
    endloop
  endfacet
  facet normal 0.969864 0.239957 -0.0422338
    outer loop
      vertex 27.4474 15.6783 0
      vertex 27.4211 15.7614 -0.131814
      vertex 27.4211 15.7846 0
    endloop
  endfacet
  facet normal 0.969865 0.239956 -0.0422343
    outer loop
      vertex 27.4211 15.7614 -0.131814
      vertex 27.4474 15.6783 0
      vertex 27.4474 15.6583 -0.113631
    endloop
  endfacet
  facet normal 0.437878 0.887591 -0.142985
    outer loop
      vertex 27.9815 15.0175 0
      vertex 27.989 15.0138 0
      vertex 27.9815 15.0174 -0.000620757
    endloop
  endfacet
  facet normal 0.741194 0.660966 -0.117286
    outer loop
      vertex 27.7222 15.2127 0
      vertex 27.6497 15.2855 -0.0479018
      vertex 27.6497 15.294 0
    endloop
  endfacet
  facet normal 0.741048 0.661242 -0.116647
    outer loop
      vertex 27.6497 15.2855 -0.0479018
      vertex 27.7222 15.2127 0
      vertex 27.7222 15.2067 -0.0340126
    endloop
  endfacet
  facet normal 0.989244 0.144056 -0.0253894
    outer loop
      vertex 27.4211 15.7846 0
      vertex 27.4053 15.8666 -0.150357
      vertex 27.4053 15.8931 0
    endloop
  endfacet
  facet normal 0.989238 0.144103 -0.025363
    outer loop
      vertex 27.4053 15.8666 -0.150357
      vertex 27.4211 15.7846 0
      vertex 27.4211 15.7614 -0.131814
    endloop
  endfacet
  facet normal -0.595796 0.791049 -0.138812
    outer loop
      vertex 29.1978 15.1391 0
      vertex 29.1111 15.072 -0.0102577
      vertex 29.1111 15.0738 0
    endloop
  endfacet
  facet normal -0.595557 0.790967 -0.140294
    outer loop
      vertex 29.1111 15.072 -0.0102577
      vertex 29.1978 15.1391 0
      vertex 29.1978 15.1353 -0.0214241
    endloop
  endfacet
  facet normal 0.803092 0.586805 -0.103458
    outer loop
      vertex 27.6497 15.294 0
      vertex 27.5854 15.3709 -0.062958
      vertex 27.5854 15.382 0
    endloop
  endfacet
  facet normal 0.803268 0.586456 -0.104064
    outer loop
      vertex 27.5854 15.3709 -0.062958
      vertex 27.6497 15.294 0
      vertex 27.6497 15.2855 -0.0479018
    endloop
  endfacet
  facet normal 0.998792 -0.0483876 0.00852828
    outer loop
      vertex 27.4 16.0026 0
      vertex 27.4053 16.0789 -0.187802
      vertex 27.4053 16.112 0
    endloop
  endfacet
  facet normal 0.998794 -0.0483386 0.00854822
    outer loop
      vertex 27.4053 16.0789 -0.187802
      vertex 27.4 16.0026 0
      vertex 27.4 15.9727 -0.169079
    endloop
  endfacet
  facet normal -0.741194 0.660966 -0.117286
    outer loop
      vertex 29.3503 15.2855 -0.0479018
      vertex 29.2778 15.2127 0
      vertex 29.3503 15.294 0
    endloop
  endfacet
  facet normal -0.741048 0.661242 -0.116647
    outer loop
      vertex 29.2778 15.2127 0
      vertex 29.3503 15.2855 -0.0479018
      vertex 29.2778 15.2067 -0.0340126
    endloop
  endfacet
  facet normal 1 0 0
    outer loop
      vertex 32.5 24.7511 4.98488
      vertex 32.5 20 3
      vertex 32.5 23.605 -1.51485
    endloop
  endfacet
  facet normal 1 0 0
    outer loop
      vertex 32.5 -2.82354 9.84703
      vertex 32.5 20 3
      vertex 32.5 24.7511 4.98488
    endloop
  endfacet
  facet normal 1 0 0
    outer loop
      vertex 32.5 20 3
      vertex 32.5 -2.82354 9.84703
      vertex 32.5 0 3
    endloop
  endfacet
  facet normal 1 -0 0
    outer loop
      vertex 32.5 -3.96962 3.3473
      vertex 32.5 0 3
      vertex 32.5 -2.82354 9.84703
    endloop
  endfacet
  facet normal 1 0 0
    outer loop
      vertex 32.5 0 3
      vertex 32.5 -3.96962 3.3473
      vertex 32.5 0 2.64735
    endloop
  endfacet
  facet normal 1 -0 0
    outer loop
      vertex 32.5 20 0
      vertex 32.5 23.605 -1.51485
      vertex 32.5 20 3
    endloop
  endfacet
  facet normal 1 0 0
    outer loop
      vertex 32.5 23.605 -1.51485
      vertex 32.5 20 0
      vertex 32.5 15.0138 0
    endloop
  endfacet
  facet normal 1.37743e-05 0.173569 0.984822
    outer loop
      vertex 15 24.7511 4.98488
      vertex 5.5 23.0769 5.28008
      vertex 15 24.6526 5.00224
    endloop
  endfacet
  facet normal 3.27933e-06 0.173648 0.984808
    outer loop
      vertex 5.5 23.0769 5.28008
      vertex 3.5 24.7511 4.98488
      vertex 5.5 -0.853922 9.49973
    endloop
  endfacet
  facet normal -0 0.173644 0.984808
    outer loop
      vertex 3.5 24.7511 4.98488
      vertex 5.5 23.0769 5.28008
      vertex 15 24.7511 4.98488
    endloop
  endfacet
  facet normal -3.85804e-06 0.173648 0.984808
    outer loop
      vertex 30.8 -0.853922 9.49973
      vertex 32.5 24.7511 4.98488
      vertex 30.8 23.0769 5.28008
    endloop
  endfacet
  facet normal -0 0.173644 0.984808
    outer loop
      vertex 21 24.7511 4.98488
      vertex 30.8 23.0769 5.28008
      vertex 32.5 24.7511 4.98488
    endloop
  endfacet
  facet normal -1.33527e-05 0.173569 0.984822
    outer loop
      vertex 21 24.6526 5.00224
      vertex 30.8 23.0769 5.28008
      vertex 21 24.7511 4.98488
    endloop
  endfacet
  facet normal -0 0.173649 0.984808
    outer loop
      vertex 15 24.6526 5.00224
      vertex 30.8 23.0769 5.28008
      vertex 21 24.6526 5.00224
    endloop
  endfacet
  facet normal 0 0.173649 0.984808
    outer loop
      vertex 30.8 23.0769 5.28008
      vertex 15 24.6526 5.00224
      vertex 5.5 23.0769 5.28008
    endloop
  endfacet
  facet normal -1.98137e-06 0.173648 0.984808
    outer loop
      vertex 32.5 24.7511 4.98488
      vertex 30.8 -0.853922 9.49973
      vertex 32.5 -2.82354 9.84703
    endloop
  endfacet
  facet normal -0 0.17365 0.984807
    outer loop
      vertex 5.5 -0.853922 9.49973
      vertex 32.5 -2.82354 9.84703
      vertex 30.8 -0.853922 9.49973
    endloop
  endfacet
  facet normal 0 0.17365 0.984807
    outer loop
      vertex 5.5 -0.853922 9.49973
      vertex 3.5 -2.82354 9.84703
      vertex 32.5 -2.82354 9.84703
    endloop
  endfacet
  facet normal 1.68416e-06 0.173648 0.984808
    outer loop
      vertex 3.5 -2.82354 9.84703
      vertex 5.5 -0.853922 9.49973
      vertex 3.5 24.7511 4.98488
    endloop
  endfacet
  facet normal 4.16994e-05 -0.17377 -0.984786
    outer loop
      vertex 6.4053 15.8666 -0.150357
      vertex 3.5 15.0138 0
      vertex 6.4 15.9727 -0.169079
    endloop
  endfacet
  facet normal -1.26085e-05 -0.17359 -0.984818
    outer loop
      vertex 6.42114 15.7614 -0.131814
      vertex 3.5 15.0138 0
      vertex 6.4053 15.8666 -0.150357
    endloop
  endfacet
  facet normal 1.10137e-05 -0.17368 -0.984802
    outer loop
      vertex 6.44736 15.6583 -0.113631
      vertex 3.5 15.0138 0
      vertex 6.42114 15.7614 -0.131814
    endloop
  endfacet
  facet normal 1.57939e-06 -0.173638 -0.98481
    outer loop
      vertex 6.48373 15.5582 -0.0959817
      vertex 3.5 15.0138 0
      vertex 6.44736 15.6583 -0.113631
    endloop
  endfacet
  facet normal 3.89795e-06 -0.17365 -0.984807
    outer loop
      vertex 6.52989 15.4621 -0.0790363
      vertex 3.5 15.0138 0
      vertex 6.48373 15.5582 -0.0959817
    endloop
  endfacet
  facet normal -6.82269e-07 -0.17362 -0.984813
    outer loop
      vertex 6.58538 15.3709 -0.062958
      vertex 3.5 15.0138 0
      vertex 6.52989 15.4621 -0.0790363
    endloop
  endfacet
  facet normal -1.51887e-07 -0.173625 -0.984812
    outer loop
      vertex 6.64969 15.2855 -0.0479018
      vertex 3.5 15.0138 0
      vertex 6.58538 15.3709 -0.062958
    endloop
  endfacet
  facet normal -3.55193e-06 -0.173586 -0.984819
    outer loop
      vertex 6.72218 15.2067 -0.0340126
      vertex 3.5 15.0138 0
      vertex 6.64969 15.2855 -0.0479018
    endloop
  endfacet
  facet normal -7.14016e-07 -0.173632 -0.984811
    outer loop
      vertex 6.80217 15.1353 -0.0214241
      vertex 3.5 15.0138 0
      vertex 6.72218 15.2067 -0.0340126
    endloop
  endfacet
  facet normal 2.5659e-06 -0.173719 -0.984795
    outer loop
      vertex 6.88887 15.072 -0.0102577
      vertex 3.5 15.0138 0
      vertex 6.80217 15.1353 -0.0214241
    endloop
  endfacet
  facet normal 4.13553e-06 -0.173807 -0.98478
    outer loop
      vertex 6.98146 15.0174 -0.000620757
      vertex 3.5 15.0138 0
      vertex 6.88887 15.072 -0.0102577
    endloop
  endfacet
  facet normal 0 -0.169925 -0.985457
    outer loop
      vertex 3.5 15.0138 0
      vertex 6.98146 15.0174 -0.000620757
      vertex 6.98902 15.0138 0
    endloop
  endfacet
  facet normal 2.30699e-05 -0.17377 -0.984786
    outer loop
      vertex 27.4053 15.8666 -0.150357
      vertex 22.1195 15.0138 0
      vertex 27.4 15.9727 -0.169079
    endloop
  endfacet
  facet normal -7.06529e-06 -0.173589 -0.984818
    outer loop
      vertex 27.4211 15.7614 -0.131814
      vertex 22.1195 15.0138 0
      vertex 27.4053 15.8666 -0.150357
    endloop
  endfacet
  facet normal 6.239e-06 -0.173681 -0.984802
    outer loop
      vertex 27.4474 15.6583 -0.113631
      vertex 22.1195 15.0138 0
      vertex 27.4211 15.7614 -0.131814
    endloop
  endfacet
  facet normal 9.03494e-07 -0.173638 -0.98481
    outer loop
      vertex 27.4837 15.5582 -0.0959817
      vertex 22.1195 15.0138 0
      vertex 27.4474 15.6583 -0.113631
    endloop
  endfacet
  facet normal 2.24847e-06 -0.173651 -0.984807
    outer loop
      vertex 27.5299 15.4621 -0.0790363
      vertex 22.1195 15.0138 0
      vertex 27.4837 15.5582 -0.0959817
    endloop
  endfacet
  facet normal -3.96483e-07 -0.17362 -0.984813
    outer loop
      vertex 27.5854 15.3709 -0.062958
      vertex 22.1195 15.0138 0
      vertex 27.5299 15.4621 -0.0790363
    endloop
  endfacet
  facet normal -8.88393e-08 -0.173624 -0.984812
    outer loop
      vertex 27.6497 15.2855 -0.0479018
      vertex 22.1195 15.0138 0
      vertex 27.5854 15.3709 -0.062958
    endloop
  endfacet
  facet normal -2.08908e-06 -0.173585 -0.984819
    outer loop
      vertex 27.7222 15.2067 -0.0340126
      vertex 22.1195 15.0138 0
      vertex 27.6497 15.2855 -0.0479018
    endloop
  endfacet
  facet normal -4.21904e-07 -0.173632 -0.984811
    outer loop
      vertex 27.8022 15.1353 -0.0214241
      vertex 22.1195 15.0138 0
      vertex 27.7222 15.2067 -0.0340126
    endloop
  endfacet
  facet normal 1.5216e-06 -0.17372 -0.984795
    outer loop
      vertex 27.8889 15.072 -0.0102577
      vertex 22.1195 15.0138 0
      vertex 27.8022 15.1353 -0.0214241
    endloop
  endfacet
  facet normal 2.45785e-06 -0.17381 -0.984779
    outer loop
      vertex 27.9815 15.0174 -0.000620757
      vertex 22.1195 15.0138 0
      vertex 27.8889 15.072 -0.0102577
    endloop
  endfacet
  facet normal 0 -0.169925 -0.985457
    outer loop
      vertex 22.1195 15.0138 0
      vertex 27.9815 15.0174 -0.000620757
      vertex 27.989 15.0138 0
    endloop
  endfacet
  facet normal 8.7951e-06 -0.173621 -0.984812
    outer loop
      vertex 29.5947 16.0789 -0.187802
      vertex 32.5 15.0138 0
      vertex 29.6 15.9727 -0.169079
    endloop
  endfacet
  facet normal -4.16994e-05 -0.17377 -0.984786
    outer loop
      vertex 32.5 15.0138 0
      vertex 29.5947 15.8666 -0.150357
      vertex 29.6 15.9727 -0.169079
    endloop
  endfacet
  facet normal 1.26099e-05 -0.17359 -0.984818
    outer loop
      vertex 32.5 15.0138 0
      vertex 29.5789 15.7614 -0.131814
      vertex 29.5947 15.8666 -0.150357
    endloop
  endfacet
  facet normal -1.10118e-05 -0.17368 -0.984802
    outer loop
      vertex 32.5 15.0138 0
      vertex 29.5526 15.6583 -0.113631
      vertex 29.5789 15.7614 -0.131814
    endloop
  endfacet
  facet normal -1.5796e-06 -0.173638 -0.98481
    outer loop
      vertex 32.5 15.0138 0
      vertex 29.5163 15.5582 -0.0959817
      vertex 29.5526 15.6583 -0.113631
    endloop
  endfacet
  facet normal -3.89771e-06 -0.17365 -0.984807
    outer loop
      vertex 32.5 15.0138 0
      vertex 29.4701 15.4621 -0.0790363
      vertex 29.5163 15.5582 -0.0959817
    endloop
  endfacet
  facet normal 6.82257e-07 -0.17362 -0.984813
    outer loop
      vertex 32.5 15.0138 0
      vertex 29.4146 15.3709 -0.062958
      vertex 29.4701 15.4621 -0.0790363
    endloop
  endfacet
  facet normal 1.51888e-07 -0.173625 -0.984812
    outer loop
      vertex 32.5 15.0138 0
      vertex 29.3503 15.2855 -0.0479018
      vertex 29.4146 15.3709 -0.062958
    endloop
  endfacet
  facet normal 3.55189e-06 -0.173586 -0.984819
    outer loop
      vertex 32.5 15.0138 0
      vertex 29.2778 15.2067 -0.0340126
      vertex 29.3503 15.2855 -0.0479018
    endloop
  endfacet
  facet normal 7.14006e-07 -0.173632 -0.984811
    outer loop
      vertex 32.5 15.0138 0
      vertex 29.1978 15.1353 -0.0214241
      vertex 29.2778 15.2067 -0.0340126
    endloop
  endfacet
  facet normal -2.56587e-06 -0.173719 -0.984795
    outer loop
      vertex 32.5 15.0138 0
      vertex 29.1111 15.072 -0.0102577
      vertex 29.1978 15.1353 -0.0214241
    endloop
  endfacet
  facet normal -4.13548e-06 -0.173807 -0.98478
    outer loop
      vertex 32.5 15.0138 0
      vertex 29.0185 15.0174 -0.000620757
      vertex 29.1111 15.072 -0.0102577
    endloop
  endfacet
  facet normal 0 -0.169925 -0.985457
    outer loop
      vertex 29.0185 15.0174 -0.000620757
      vertex 32.5 15.0138 0
      vertex 29.011 15.0138 0
    endloop
  endfacet
  facet normal 2.62095e-05 -0.173575 -0.984821
    outer loop
      vertex 29.5789 16.1841 -0.206344
      vertex 32.5 15.0138 0
      vertex 29.5947 16.0789 -0.187802
    endloop
  endfacet
  facet normal -2.00266e-05 -0.173687 -0.984801
    outer loop
      vertex 29.5526 16.2872 -0.224527
      vertex 32.5 15.0138 0
      vertex 29.5789 16.1841 -0.206344
    endloop
  endfacet
  facet normal -1.41422e-06 -0.173646 -0.984808
    outer loop
      vertex 29.5163 16.3873 -0.242177
      vertex 32.5 15.0138 0
      vertex 29.5526 16.2872 -0.224527
    endloop
  endfacet
  facet normal -3.29831e-06 -0.173649 -0.984808
    outer loop
      vertex 29.4701 16.4834 -0.259122
      vertex 32.5 15.0138 0
      vertex 29.5163 16.3873 -0.242177
    endloop
  endfacet
  facet normal 1.86967e-05 -0.173606 -0.984815
    outer loop
      vertex 29.4146 16.5746 -0.2752
      vertex 32.5 15.0138 0
      vertex 29.4701 16.4834 -0.259122
    endloop
  endfacet
  facet normal 6.72745e-06 -0.173628 -0.984811
    outer loop
      vertex 29.3503 16.66 -0.290257
      vertex 32.5 15.0138 0
      vertex 29.4146 16.5746 -0.2752
    endloop
  endfacet
  facet normal -3.28024e-06 -0.173647 -0.984808
    outer loop
      vertex 32.5 15.0138 0
      vertex 29.3503 16.66 -0.290257
      vertex 32.5 23.605 -1.51485
    endloop
  endfacet
  facet normal 0.000109616 -0.173697 -0.984799
    outer loop
      vertex 29.2778 16.7387 -0.304146
      vertex 32.5 23.605 -1.51485
      vertex 29.3503 16.66 -0.290257
    endloop
  endfacet
  facet normal -1.42549e-05 -0.17364 -0.984809
    outer loop
      vertex 29.1978 16.8101 -0.316734
      vertex 32.5 23.605 -1.51485
      vertex 29.2778 16.7387 -0.304146
    endloop
  endfacet
  facet normal -0.00010102 -0.173599 -0.984816
    outer loop
      vertex 29.1111 16.8735 -0.327901
      vertex 32.5 23.605 -1.51485
      vertex 29.1978 16.8101 -0.316734
    endloop
  endfacet
  facet normal 7.80293e-05 -0.173687 -0.984801
    outer loop
      vertex 29.0185 16.9281 -0.337538
      vertex 32.5 23.605 -1.51485
      vertex 29.1111 16.8735 -0.327901
    endloop
  endfacet
  facet normal -7.18096e-05 -0.173611 -0.984814
    outer loop
      vertex 28.921 16.9736 -0.345552
      vertex 32.5 23.605 -1.51485
      vertex 29.0185 16.9281 -0.337538
    endloop
  endfacet
  facet normal 2.01523e-05 -0.173659 -0.984806
    outer loop
      vertex 28.8193 17.0094 -0.351867
      vertex 32.5 23.605 -1.51485
      vertex 28.921 16.9736 -0.345552
    endloop
  endfacet
  facet normal 4.76361e-05 -0.173674 -0.984803
    outer loop
      vertex 28.7146 17.0352 -0.356422
      vertex 32.5 23.605 -1.51485
      vertex 28.8193 17.0094 -0.351867
    endloop
  endfacet
  facet normal -5.86038e-06 -0.173644 -0.984808
    outer loop
      vertex 28.6078 17.0508 -0.359172
      vertex 32.5 23.605 -1.51485
      vertex 28.7146 17.0352 -0.356422
    endloop
  endfacet
  facet normal 2.7559e-05 -0.173663 -0.984805
    outer loop
      vertex 28.5 17.056 -0.360092
      vertex 32.5 23.605 -1.51485
      vertex 28.6078 17.0508 -0.359172
    endloop
  endfacet
  facet normal -2.92323e-05 -0.17363 -0.984811
    outer loop
      vertex 28.3922 17.0508 -0.359172
      vertex 32.5 23.605 -1.51485
      vertex 28.5 17.056 -0.360092
    endloop
  endfacet
  facet normal 7.0105e-06 -0.173652 -0.984807
    outer loop
      vertex 28.2854 17.0352 -0.356422
      vertex 32.5 23.605 -1.51485
      vertex 28.3922 17.0508 -0.359172
    endloop
  endfacet
  facet normal -6.46145e-05 -0.173607 -0.984815
    outer loop
      vertex 28.1807 17.0094 -0.351867
      vertex 32.5 23.605 -1.51485
      vertex 28.2854 17.0352 -0.356422
    endloop
  endfacet
  facet normal -3.13347e-05 -0.173628 -0.984811
    outer loop
      vertex 28.079 16.9736 -0.345552
      vertex 32.5 23.605 -1.51485
      vertex 28.1807 17.0094 -0.351867
    endloop
  endfacet
  facet normal 0.000130492 -0.173733 -0.984793
    outer loop
      vertex 27.9815 16.9281 -0.337538
      vertex 32.5 23.605 -1.51485
      vertex 28.079 16.9736 -0.345552
    endloop
  endfacet
  facet normal -0.000169761 -0.173536 -0.984828
    outer loop
      vertex 27.8889 16.8735 -0.327901
      vertex 32.5 23.605 -1.51485
      vertex 27.9815 16.9281 -0.337538
    endloop
  endfacet
  facet normal -2.77478e-05 -0.173429 -0.984846
    outer loop
      vertex 20.564 15.9136 -0.158659
      vertex 27.8889 16.8735 -0.327901
      vertex 27.8022 16.8101 -0.316734
    endloop
  endfacet
  facet normal -3.12644e-06 -0.173621 -0.984812
    outer loop
      vertex 20.564 15.9136 -0.158659
      vertex 27.8022 16.8101 -0.316734
      vertex 27.7222 16.7387 -0.304146
    endloop
  endfacet
  facet normal 2.85116e-05 -0.17382 -0.984777
    outer loop
      vertex 21.1584 15.6368 -0.109843
      vertex 27.7222 16.7387 -0.304146
      vertex 27.6497 16.66 -0.290257
    endloop
  endfacet
  facet normal -3.15297e-06 -0.173631 -0.984811
    outer loop
      vertex 21.7223 15.3039 -0.0511453
      vertex 27.6497 16.66 -0.290257
      vertex 27.5854 16.5746 -0.2752
    endloop
  endfacet
  facet normal -4.79392e-06 -0.173622 -0.984812
    outer loop
      vertex 22.1195 15.0138 0
      vertex 27.4053 16.0789 -0.187802
      vertex 27.4 15.9727 -0.169079
    endloop
  endfacet
  facet normal -1.40375e-05 -0.173577 -0.98482
    outer loop
      vertex 22.1195 15.0138 0
      vertex 27.4211 16.1841 -0.206344
      vertex 27.4053 16.0789 -0.187802
    endloop
  endfacet
  facet normal 1.04978e-05 -0.173685 -0.984801
    outer loop
      vertex 22.1195 15.0138 0
      vertex 27.4474 16.2872 -0.224527
      vertex 27.4211 16.1841 -0.206344
    endloop
  endfacet
  facet normal 7.22384e-07 -0.173645 -0.984808
    outer loop
      vertex 22.1195 15.0138 0
      vertex 27.4837 16.3873 -0.242177
      vertex 27.4474 16.2872 -0.224527
    endloop
  endfacet
  facet normal 1.62913e-06 -0.173649 -0.984808
    outer loop
      vertex 22.1195 15.0138 0
      vertex 27.5299 16.4834 -0.259122
      vertex 27.4837 16.3873 -0.242177
    endloop
  endfacet
  facet normal -3.73169e-06 -0.17363 -0.984811
    outer loop
      vertex 21.7223 15.3039 -0.0511453
      vertex 27.5299 16.4834 -0.259122
      vertex 22.1195 15.0138 0
    endloop
  endfacet
  facet normal -7.37042e-06 -0.173612 -0.984814
    outer loop
      vertex 27.5299 16.4834 -0.259122
      vertex 21.7223 15.3039 -0.0511453
      vertex 27.5854 16.5746 -0.2752
    endloop
  endfacet
  facet normal -1.20122e-07 -0.173644 -0.984809
    outer loop
      vertex 27.6497 16.66 -0.290257
      vertex 21.7223 15.3039 -0.0511453
      vertex 21.1584 15.6368 -0.109843
    endloop
  endfacet
  facet normal 2.90043e-06 -0.173672 -0.984804
    outer loop
      vertex 27.7222 16.7387 -0.304146
      vertex 21.1584 15.6368 -0.109843
      vertex 20.564 15.9136 -0.158659
    endloop
  endfacet
  facet normal -3.14897e-06 -0.173611 -0.984814
    outer loop
      vertex 27.8889 16.8735 -0.327901
      vertex 20.564 15.9136 -0.158659
      vertex 19.9449 16.1318 -0.197123
    endloop
  endfacet
  facet normal 5.50223e-07 -0.173649 -0.984808
    outer loop
      vertex 27.8889 16.8735 -0.327901
      vertex 19.9449 16.1318 -0.197123
      vertex 32.5 23.605 -1.51485
    endloop
  endfacet
  facet normal 7.38174e-06 -0.17366 -0.984806
    outer loop
      vertex 19.3071 16.2891 -0.224866
      vertex 32.5 23.605 -1.51485
      vertex 19.9449 16.1318 -0.197123
    endloop
  endfacet
  facet normal 2.42331e-06 -0.173652 -0.984807
    outer loop
      vertex 18.6567 16.3841 -0.241619
      vertex 32.5 23.605 -1.51485
      vertex 19.3071 16.2891 -0.224866
    endloop
  endfacet
  facet normal -7.08157e-06 -0.173634 -0.98481
    outer loop
      vertex 18 16.4159 -0.247221
      vertex 32.5 23.605 -1.51485
      vertex 18.6567 16.3841 -0.241619
    endloop
  endfacet
  facet normal 7.08157e-06 -0.173634 -0.98481
    outer loop
      vertex 3.5 23.605 -1.51485
      vertex 18 16.4159 -0.247221
      vertex 17.3433 16.3841 -0.241619
    endloop
  endfacet
  facet normal -2.42331e-06 -0.173652 -0.984807
    outer loop
      vertex 3.5 23.605 -1.51485
      vertex 17.3433 16.3841 -0.241619
      vertex 16.6929 16.2891 -0.224866
    endloop
  endfacet
  facet normal -7.38174e-06 -0.17366 -0.984806
    outer loop
      vertex 3.5 23.605 -1.51485
      vertex 16.6929 16.2891 -0.224866
      vertex 16.0551 16.1318 -0.197123
    endloop
  endfacet
  facet normal 3.14898e-06 -0.173611 -0.984814
    outer loop
      vertex 8.11113 16.8735 -0.327901
      vertex 16.0551 16.1318 -0.197123
      vertex 15.436 15.9136 -0.158659
    endloop
  endfacet
  facet normal 4.79392e-06 -0.173622 -0.984812
    outer loop
      vertex 8.5947 16.0789 -0.187802
      vertex 13.8805 15.0138 0
      vertex 8.6 15.9727 -0.169079
    endloop
  endfacet
  facet normal 1.40386e-05 -0.173577 -0.98482
    outer loop
      vertex 8.57886 16.1841 -0.206344
      vertex 13.8805 15.0138 0
      vertex 8.5947 16.0789 -0.187802
    endloop
  endfacet
  facet normal -1.0496e-05 -0.173685 -0.984801
    outer loop
      vertex 8.55263 16.2872 -0.224527
      vertex 13.8805 15.0138 0
      vertex 8.57886 16.1841 -0.206344
    endloop
  endfacet
  facet normal -7.22502e-07 -0.173645 -0.984808
    outer loop
      vertex 8.51627 16.3873 -0.242177
      vertex 13.8805 15.0138 0
      vertex 8.55263 16.2872 -0.224527
    endloop
  endfacet
  facet normal -1.62892e-06 -0.173649 -0.984808
    outer loop
      vertex 8.47011 16.4834 -0.259122
      vertex 13.8805 15.0138 0
      vertex 8.51627 16.3873 -0.242177
    endloop
  endfacet
  facet normal 3.7317e-06 -0.17363 -0.984811
    outer loop
      vertex 13.8805 15.0138 0
      vertex 8.47011 16.4834 -0.259122
      vertex 14.2777 15.3039 -0.0511453
    endloop
  endfacet
  facet normal 7.37025e-06 -0.173612 -0.984814
    outer loop
      vertex 8.41462 16.5746 -0.2752
      vertex 14.2777 15.3039 -0.0511453
      vertex 8.47011 16.4834 -0.259122
    endloop
  endfacet
  facet normal 3.15308e-06 -0.173631 -0.984811
    outer loop
      vertex 8.35031 16.66 -0.290257
      vertex 14.2777 15.3039 -0.0511453
      vertex 8.41462 16.5746 -0.2752
    endloop
  endfacet
  facet normal 1.20122e-07 -0.173644 -0.984809
    outer loop
      vertex 14.2777 15.3039 -0.0511453
      vertex 8.35031 16.66 -0.290257
      vertex 14.8416 15.6368 -0.109843
    endloop
  endfacet
  facet normal -2.8511e-05 -0.17382 -0.984777
    outer loop
      vertex 8.27782 16.7387 -0.304146
      vertex 14.8416 15.6368 -0.109843
      vertex 8.35031 16.66 -0.290257
    endloop
  endfacet
  facet normal -2.90044e-06 -0.173672 -0.984804
    outer loop
      vertex 14.8416 15.6368 -0.109843
      vertex 8.27782 16.7387 -0.304146
      vertex 15.436 15.9136 -0.158659
    endloop
  endfacet
  facet normal 3.12639e-06 -0.173621 -0.984812
    outer loop
      vertex 8.19783 16.8101 -0.316734
      vertex 15.436 15.9136 -0.158659
      vertex 8.27782 16.7387 -0.304146
    endloop
  endfacet
  facet normal 2.77479e-05 -0.173429 -0.984846
    outer loop
      vertex 8.11113 16.8735 -0.327901
      vertex 15.436 15.9136 -0.158659
      vertex 8.19783 16.8101 -0.316734
    endloop
  endfacet
  facet normal -5.50226e-07 -0.173649 -0.984808
    outer loop
      vertex 16.0551 16.1318 -0.197123
      vertex 8.11113 16.8735 -0.327901
      vertex 3.5 23.605 -1.51485
    endloop
  endfacet
  facet normal 0.000169793 -0.173536 -0.984828
    outer loop
      vertex 3.5 23.605 -1.51485
      vertex 8.11113 16.8735 -0.327901
      vertex 8.01854 16.9281 -0.337538
    endloop
  endfacet
  facet normal -0.000130317 -0.173733 -0.984793
    outer loop
      vertex 3.5 23.605 -1.51485
      vertex 8.01854 16.9281 -0.337538
      vertex 7.92095 16.9736 -0.345552
    endloop
  endfacet
  facet normal 3.13588e-05 -0.173628 -0.984811
    outer loop
      vertex 3.5 23.605 -1.51485
      vertex 7.92095 16.9736 -0.345552
      vertex 7.81931 17.0094 -0.351867
    endloop
  endfacet
  facet normal 6.46071e-05 -0.173607 -0.984815
    outer loop
      vertex 3.5 23.605 -1.51485
      vertex 7.81931 17.0094 -0.351867
      vertex 7.7146 17.0352 -0.356422
    endloop
  endfacet
  facet normal -7.01195e-06 -0.173652 -0.984807
    outer loop
      vertex 3.5 23.605 -1.51485
      vertex 7.7146 17.0352 -0.356422
      vertex 7.60782 17.0508 -0.359172
    endloop
  endfacet
  facet normal 2.92268e-05 -0.17363 -0.984811
    outer loop
      vertex 3.5 23.605 -1.51485
      vertex 7.60782 17.0508 -0.359172
      vertex 7.5 17.056 -0.360092
    endloop
  endfacet
  facet normal -2.7554e-05 -0.173663 -0.984805
    outer loop
      vertex 3.5 23.605 -1.51485
      vertex 7.5 17.056 -0.360092
      vertex 7.39218 17.0508 -0.359172
    endloop
  endfacet
  facet normal 5.86139e-06 -0.173644 -0.984808
    outer loop
      vertex 3.5 23.605 -1.51485
      vertex 7.39218 17.0508 -0.359172
      vertex 7.2854 17.0352 -0.356422
    endloop
  endfacet
  facet normal -4.76321e-05 -0.173674 -0.984803
    outer loop
      vertex 3.5 23.605 -1.51485
      vertex 7.2854 17.0352 -0.356422
      vertex 7.18069 17.0094 -0.351867
    endloop
  endfacet
  facet normal -8.7951e-06 -0.173621 -0.984812
    outer loop
      vertex 3.5 15.0138 0
      vertex 6.4053 16.0789 -0.187802
      vertex 6.4 15.9727 -0.169079
    endloop
  endfacet
  facet normal -2.62133e-05 -0.173575 -0.984821
    outer loop
      vertex 3.5 15.0138 0
      vertex 6.42114 16.1841 -0.206344
      vertex 6.4053 16.0789 -0.187802
    endloop
  endfacet
  facet normal 2.00194e-05 -0.173687 -0.984801
    outer loop
      vertex 3.5 15.0138 0
      vertex 6.44736 16.2872 -0.224527
      vertex 6.42114 16.1841 -0.206344
    endloop
  endfacet
  facet normal 1.41475e-06 -0.173646 -0.984808
    outer loop
      vertex 3.5 15.0138 0
      vertex 6.48373 16.3873 -0.242177
      vertex 6.44736 16.2872 -0.224527
    endloop
  endfacet
  facet normal 3.29745e-06 -0.173649 -0.984808
    outer loop
      vertex 3.5 15.0138 0
      vertex 6.52989 16.4834 -0.259122
      vertex 6.48373 16.3873 -0.242177
    endloop
  endfacet
  facet normal -1.86954e-05 -0.173606 -0.984815
    outer loop
      vertex 3.5 15.0138 0
      vertex 6.58538 16.5746 -0.2752
      vertex 6.52989 16.4834 -0.259122
    endloop
  endfacet
  facet normal -6.72816e-06 -0.173628 -0.984811
    outer loop
      vertex 3.5 15.0138 0
      vertex 6.64969 16.66 -0.290257
      vertex 6.58538 16.5746 -0.2752
    endloop
  endfacet
  facet normal 3.28025e-06 -0.173647 -0.984808
    outer loop
      vertex 3.5 23.605 -1.51485
      vertex 6.64969 16.66 -0.290257
      vertex 3.5 15.0138 0
    endloop
  endfacet
  facet normal -0.000109626 -0.173697 -0.984799
    outer loop
      vertex 6.64969 16.66 -0.290257
      vertex 3.5 23.605 -1.51485
      vertex 6.72218 16.7387 -0.304146
    endloop
  endfacet
  facet normal 1.42562e-05 -0.17364 -0.984809
    outer loop
      vertex 6.72218 16.7387 -0.304146
      vertex 3.5 23.605 -1.51485
      vertex 6.80217 16.8101 -0.316734
    endloop
  endfacet
  facet normal 0.000101021 -0.173599 -0.984816
    outer loop
      vertex 6.80217 16.8101 -0.316734
      vertex 3.5 23.605 -1.51485
      vertex 6.88887 16.8735 -0.327901
    endloop
  endfacet
  facet normal 0 -0.173648 -0.984808
    outer loop
      vertex 18 16.4159 -0.247221
      vertex 3.5 23.605 -1.51485
      vertex 32.5 23.605 -1.51485
    endloop
  endfacet
  facet normal -2.01623e-05 -0.173659 -0.984806
    outer loop
      vertex 7.07905 16.9736 -0.345552
      vertex 3.5 23.605 -1.51485
      vertex 7.18069 17.0094 -0.351867
    endloop
  endfacet
  facet normal 7.17565e-05 -0.173611 -0.984814
    outer loop
      vertex 6.98146 16.9281 -0.337538
      vertex 3.5 23.605 -1.51485
      vertex 7.07905 16.9736 -0.345552
    endloop
  endfacet
  facet normal -7.80359e-05 -0.173687 -0.984801
    outer loop
      vertex 6.88887 16.8735 -0.327901
      vertex 3.5 23.605 -1.51485
      vertex 6.98146 16.9281 -0.337538
    endloop
  endfacet
  facet normal -2.30699e-05 -0.17377 -0.984786
    outer loop
      vertex 13.8805 15.0138 0
      vertex 8.5947 15.8666 -0.150357
      vertex 8.6 15.9727 -0.169079
    endloop
  endfacet
  facet normal 7.06486e-06 -0.173589 -0.984818
    outer loop
      vertex 13.8805 15.0138 0
      vertex 8.57886 15.7614 -0.131814
      vertex 8.5947 15.8666 -0.150357
    endloop
  endfacet
  facet normal -6.23954e-06 -0.173681 -0.984802
    outer loop
      vertex 13.8805 15.0138 0
      vertex 8.55263 15.6583 -0.113631
      vertex 8.57886 15.7614 -0.131814
    endloop
  endfacet
  facet normal -9.03436e-07 -0.173638 -0.98481
    outer loop
      vertex 13.8805 15.0138 0
      vertex 8.51627 15.5582 -0.0959817
      vertex 8.55263 15.6583 -0.113631
    endloop
  endfacet
  facet normal -2.24855e-06 -0.173651 -0.984807
    outer loop
      vertex 13.8805 15.0138 0
      vertex 8.47011 15.4621 -0.0790363
      vertex 8.51627 15.5582 -0.0959817
    endloop
  endfacet
  facet normal 3.96487e-07 -0.17362 -0.984813
    outer loop
      vertex 13.8805 15.0138 0
      vertex 8.41462 15.3709 -0.062958
      vertex 8.47011 15.4621 -0.0790363
    endloop
  endfacet
  facet normal 8.8839e-08 -0.173624 -0.984812
    outer loop
      vertex 13.8805 15.0138 0
      vertex 8.35031 15.2855 -0.0479018
      vertex 8.41462 15.3709 -0.062958
    endloop
  endfacet
  facet normal 2.0891e-06 -0.173585 -0.984819
    outer loop
      vertex 13.8805 15.0138 0
      vertex 8.27782 15.2067 -0.0340126
      vertex 8.35031 15.2855 -0.0479018
    endloop
  endfacet
  facet normal 4.21908e-07 -0.173632 -0.984811
    outer loop
      vertex 13.8805 15.0138 0
      vertex 8.19783 15.1353 -0.0214241
      vertex 8.27782 15.2067 -0.0340126
    endloop
  endfacet
  facet normal -1.52161e-06 -0.17372 -0.984795
    outer loop
      vertex 13.8805 15.0138 0
      vertex 8.11113 15.072 -0.0102577
      vertex 8.19783 15.1353 -0.0214241
    endloop
  endfacet
  facet normal -2.45787e-06 -0.17381 -0.984779
    outer loop
      vertex 13.8805 15.0138 0
      vertex 8.01854 15.0174 -0.000620757
      vertex 8.11113 15.072 -0.0102577
    endloop
  endfacet
  facet normal 0 -0.169925 -0.985457
    outer loop
      vertex 8.01854 15.0174 -0.000620757
      vertex 13.8805 15.0138 0
      vertex 8.01098 15.0138 0
    endloop
  endfacet
  facet normal 3.52726e-07 -0.173648 -0.984808
    outer loop
      vertex 32.5 -3.96962 3.3473
      vertex 23 -2 3
      vertex 32.5 0 2.64735
    endloop
  endfacet
  facet normal 0 -0.17365 -0.984808
    outer loop
      vertex 32.5 -3.96962 3.3473
      vertex 19.7 -2 3
      vertex 23 -2 3
    endloop
  endfacet
  facet normal 0.000232882 -0.173629 -0.984811
    outer loop
      vertex 19.7 -2 3
      vertex 19.6673 -1.66835 2.94152
      vertex 19.6918 -1.83337 2.97062
    endloop
  endfacet
  facet normal -0.000223081 -0.173673 -0.984803
    outer loop
      vertex 19.7 -2 3
      vertex 19.6268 -1.50652 2.91299
      vertex 19.6673 -1.66835 2.94152
    endloop
  endfacet
  facet normal 0.00011314 -0.173624 -0.984812
    outer loop
      vertex 19.7 -2 3
      vertex 19.5706 -1.34944 2.88529
      vertex 19.6268 -1.50652 2.91299
    endloop
  endfacet
  facet normal -7.96016e-05 -0.173662 -0.984805
    outer loop
      vertex 19.7 -2 3
      vertex 19.4993 -1.19862 2.8587
      vertex 19.5706 -1.34944 2.88529
    endloop
  endfacet
  facet normal 0.000202034 -0.173593 -0.984817
    outer loop
      vertex 19.7 -2 3
      vertex 19.4135 -1.05553 2.83346
      vertex 19.4993 -1.19862 2.8587
    endloop
  endfacet
  facet normal -0.000138644 -0.173693 -0.9848
    outer loop
      vertex 19.7 -2 3
      vertex 19.3141 -0.921531 2.80984
      vertex 19.4135 -1.05553 2.83346
    endloop
  endfacet
  facet normal 5.89667e-05 -0.173625 -0.984812
    outer loop
      vertex 19.7 -2 3
      vertex 19.2021 -0.797918 2.78804
      vertex 19.3141 -0.921531 2.80984
    endloop
  endfacet
  facet normal -6.40059e-05 -0.173674 -0.984803
    outer loop
      vertex 19.7 -2 3
      vertex 19.0785 -0.685882 2.76829
      vertex 19.2021 -0.797918 2.78804
    endloop
  endfacet
  facet normal 7.68118e-05 -0.17361 -0.984815
    outer loop
      vertex 19.7 -2 3
      vertex 18.9445 -0.586501 2.75076
      vertex 19.0785 -0.685882 2.76829
    endloop
  endfacet
  facet normal -3.37507e-05 -0.173667 -0.984804
    outer loop
      vertex 19.7 -2 3
      vertex 18.8014 -0.500733 2.73564
      vertex 18.9445 -0.586501 2.75076
    endloop
  endfacet
  facet normal 2.58032e-05 -0.173632 -0.984811
    outer loop
      vertex 19.7 -2 3
      vertex 18.6506 -0.429404 2.72306
      vertex 18.8014 -0.500733 2.73564
    endloop
  endfacet
  facet normal -1.32415e-06 -0.17365 -0.984807
    outer loop
      vertex 19.7 -2 3
      vertex 18.4935 -0.373201 2.71315
      vertex 18.6506 -0.429404 2.72306
    endloop
  endfacet
  facet normal 1.64254e-05 -0.173637 -0.98481
    outer loop
      vertex 19.7 -2 3
      vertex 18.3317 -0.332664 2.706
      vertex 18.4935 -0.373201 2.71315
    endloop
  endfacet
  facet normal -4.20089e-05 -0.173684 -0.984801
    outer loop
      vertex 19.7 -2 3
      vertex 18.1666 -0.308186 2.70169
      vertex 18.3317 -0.332664 2.706
    endloop
  endfacet
  facet normal 3.97372e-05 -0.173612 -0.984814
    outer loop
      vertex 19.7 -2 3
      vertex 18 -0.299999 2.70024
      vertex 18.1666 -0.308186 2.70169
    endloop
  endfacet
  facet normal -3.60141e-05 -0.173685 -0.984801
    outer loop
      vertex 19.7 -2 3
      vertex 17.8334 -0.308186 2.70169
      vertex 18 -0.299999 2.70024
    endloop
  endfacet
  facet normal 3.12521e-05 -0.173613 -0.984814
    outer loop
      vertex 19.7 -2 3
      vertex 17.6683 -0.332664 2.706
      vertex 17.8334 -0.308186 2.70169
    endloop
  endfacet
  facet normal -9.99645e-06 -0.173662 -0.984805
    outer loop
      vertex 19.7 -2 3
      vertex 17.5065 -0.373201 2.71315
      vertex 17.6683 -0.332664 2.706
    endloop
  endfacet
  facet normal 6.56259e-07 -0.173648 -0.984808
    outer loop
      vertex 19.7 -2 3
      vertex 17.3494 -0.429404 2.72306
      vertex 17.5065 -0.373201 2.71315
    endloop
  endfacet
  facet normal -1.03333e-05 -0.173664 -0.984805
    outer loop
      vertex 19.7 -2 3
      vertex 17.1986 -0.500733 2.73564
      vertex 17.3494 -0.429404 2.72306
    endloop
  endfacet
  facet normal 1.08134e-05 -0.17363 -0.984811
    outer loop
      vertex 19.7 -2 3
      vertex 17.0555 -0.586501 2.75076
      vertex 17.1986 -0.500733 2.73564
    endloop
  endfacet
  facet normal -1.94186e-05 -0.173685 -0.984801
    outer loop
      vertex 19.7 -2 3
      vertex 16.9215 -0.685882 2.76829
      vertex 17.0555 -0.586501 2.75076
    endloop
  endfacet
  facet normal 1.2538e-05 -0.173619 -0.984813
    outer loop
      vertex 19.7 -2 3
      vertex 16.7979 -0.797918 2.78804
      vertex 16.9215 -0.685882 2.76829
    endloop
  endfacet
  facet normal -8.73506e-06 -0.173669 -0.984804
    outer loop
      vertex 19.7 -2 3
      vertex 16.6859 -0.921531 2.80984
      vertex 16.7979 -0.797918 2.78804
    endloop
  endfacet
  facet normal 1.50531e-05 -0.173605 -0.984815
    outer loop
      vertex 19.7 -2 3
      vertex 16.5865 -1.05553 2.83346
      vertex 16.6859 -0.921531 2.80984
    endloop
  endfacet
  facet normal -1.5363e-05 -0.173702 -0.984798
    outer loop
      vertex 19.7 -2 3
      vertex 16.5007 -1.19862 2.8587
      vertex 16.5865 -1.05553 2.83346
    endloop
  endfacet
  facet normal 3.96328e-06 -0.173627 -0.984811
    outer loop
      vertex 19.7 -2 3
      vertex 16.4294 -1.34944 2.88529
      vertex 16.5007 -1.19862 2.8587
    endloop
  endfacet
  facet normal -3.33788e-06 -0.173663 -0.984805
    outer loop
      vertex 19.7 -2 3
      vertex 16.3732 -1.50652 2.91299
      vertex 16.4294 -1.34944 2.88529
    endloop
  endfacet
  facet normal 0 -0.17365 -0.984808
    outer loop
      vertex 16.3 -2 3
      vertex 19.7 -2 3
      vertex 32.5 -3.96962 3.3473
    endloop
  endfacet
  facet normal -0 -0.173641 -0.984809
    outer loop
      vertex 19.7 -2 3
      vertex 16.3 -2 3
      vertex 16.3732 -1.50652 2.91299
    endloop
  endfacet
  facet normal 0.000223081 -0.173673 -0.984803
    outer loop
      vertex 16.3732 -1.50652 2.91299
      vertex 16.3 -2 3
      vertex 16.3327 -1.66835 2.94152
    endloop
  endfacet
  facet normal -0.000232882 -0.173629 -0.984811
    outer loop
      vertex 16.3327 -1.66835 2.94152
      vertex 16.3 -2 3
      vertex 16.3082 -1.83337 2.97062
    endloop
  endfacet
  facet normal 0 -0.17365 -0.984808
    outer loop
      vertex 3.5 -3.96962 3.3473
      vertex 16.3 -2 3
      vertex 32.5 -3.96962 3.3473
    endloop
  endfacet
  facet normal -0 -0.17365 -0.984808
    outer loop
      vertex 16.3 -2 3
      vertex 3.5 -3.96962 3.3473
      vertex 13 -2 3
    endloop
  endfacet
  facet normal 2.0436e-06 -0.173656 -0.984806
    outer loop
      vertex 22.9759 -1.50991 2.91358
      vertex 32.5 0 2.64735
      vertex 23 -2 3
    endloop
  endfacet
  facet normal 1.46743e-07 -0.173644 -0.984808
    outer loop
      vertex 22.9039 -1.02455 2.828
      vertex 32.5 0 2.64735
      vertex 22.9759 -1.50991 2.91358
    endloop
  endfacet
  facet normal 1.21345e-06 -0.173654 -0.984807
    outer loop
      vertex 22.7847 -0.548576 2.74407
      vertex 32.5 0 2.64735
      vertex 22.9039 -1.02455 2.828
    endloop
  endfacet
  facet normal 6.36731e-07 -0.173644 -0.984809
    outer loop
      vertex 22.6194 -0.0865822 2.66261
      vertex 32.5 0 2.64735
      vertex 22.7847 -0.548576 2.74407
    endloop
  endfacet
  facet normal -0 -0.173573 -0.984821
    outer loop
      vertex 32.5 0 2.64735
      vertex 22.6194 -0.0865822 2.66261
      vertex 22.5784 0 2.64735
    endloop
  endfacet
  facet normal -3.52726e-07 -0.173648 -0.984808
    outer loop
      vertex 3.5 0 2.64735
      vertex 13 -2 3
      vertex 3.5 -3.96962 3.3473
    endloop
  endfacet
  facet normal -2.0436e-06 -0.173656 -0.984806
    outer loop
      vertex 13 -2 3
      vertex 3.5 0 2.64735
      vertex 13.0241 -1.50991 2.91358
    endloop
  endfacet
  facet normal -1.46743e-07 -0.173644 -0.984808
    outer loop
      vertex 13.0241 -1.50991 2.91358
      vertex 3.5 0 2.64735
      vertex 13.0961 -1.02455 2.828
    endloop
  endfacet
  facet normal -1.21345e-06 -0.173654 -0.984807
    outer loop
      vertex 13.0961 -1.02455 2.828
      vertex 3.5 0 2.64735
      vertex 13.2153 -0.548576 2.74407
    endloop
  endfacet
  facet normal -6.36731e-07 -0.173644 -0.984809
    outer loop
      vertex 13.2153 -0.548576 2.74407
      vertex 3.5 0 2.64735
      vertex 13.3806 -0.0865822 2.66261
    endloop
  endfacet
  facet normal 0 -0.173573 -0.984821
    outer loop
      vertex 13.3806 -0.0865822 2.66261
      vertex 3.5 0 2.64735
      vertex 13.4216 0 2.64735
    endloop
  endfacet
  facet normal -1 0 0
    outer loop
      vertex 3.5 23.605 -1.51485
      vertex 3.5 15.0138 0
      vertex 3.5 20 0
    endloop
  endfacet
  facet normal -1 0 0
    outer loop
      vertex 3.5 20 3
      vertex 3.5 23.605 -1.51485
      vertex 3.5 20 0
    endloop
  endfacet
  facet normal -1 0 0
    outer loop
      vertex 3.5 23.605 -1.51485
      vertex 3.5 20 3
      vertex 3.5 24.7511 4.98488
    endloop
  endfacet
  facet normal -1 0 0
    outer loop
      vertex 3.5 -2.82354 9.84703
      vertex 3.5 20 3
      vertex 3.5 0 3
    endloop
  endfacet
  facet normal -1 0 0
    outer loop
      vertex 3.5 20 3
      vertex 3.5 -2.82354 9.84703
      vertex 3.5 24.7511 4.98488
    endloop
  endfacet
  facet normal -1 0 0
    outer loop
      vertex 3.5 -3.96962 3.3473
      vertex 3.5 0 3
      vertex 3.5 0 2.64735
    endloop
  endfacet
  facet normal -1 0 0
    outer loop
      vertex 3.5 0 3
      vertex 3.5 -3.96962 3.3473
      vertex 3.5 -2.82354 9.84703
    endloop
  endfacet
  facet normal 0 0.984807 -0.173654
    outer loop
      vertex 32.5 24.7511 4.98488
      vertex 22.3832 24.4011 3
      vertex 21 24.7511 4.98488
    endloop
  endfacet
  facet normal -7.35507e-06 0.984813 -0.173618
    outer loop
      vertex 32.5 24.7511 4.98488
      vertex 22.4096 24.357 2.74985
      vertex 22.3832 24.4011 3
    endloop
  endfacet
  facet normal 2.44206e-06 0.984806 -0.173661
    outer loop
      vertex 32.5 24.7511 4.98488
      vertex 22.6194 23.9134 0.234257
      vertex 22.4096 24.357 2.74985
    endloop
  endfacet
  facet normal -2.06712e-06 0.984807 -0.173651
    outer loop
      vertex 32.5 23.605 -1.51485
      vertex 22.6194 23.9134 0.234257
      vertex 32.5 24.7511 4.98488
    endloop
  endfacet
  facet normal 0 0.984809 -0.173643
    outer loop
      vertex 22.6342 23.8721 0
      vertex 32.5 23.605 -1.51485
      vertex 13.3658 23.8721 0
    endloop
  endfacet
  facet normal 2.90003e-06 0.984812 -0.173624
    outer loop
      vertex 22.6194 23.9134 0.234257
      vertex 32.5 23.605 -1.51485
      vertex 22.6342 23.8721 0
    endloop
  endfacet
  facet normal 0 0.984807 -0.173654
    outer loop
      vertex 21 24.7511 4.98488
      vertex 22.3832 24.4011 3
      vertex 21 24.4011 3
    endloop
  endfacet
  facet normal 0 0.984807 -0.173654
    outer loop
      vertex 13.6168 24.4011 3
      vertex 15 24.7511 4.98488
      vertex 15 24.4011 3
    endloop
  endfacet
  facet normal 0 0.984807 -0.173654
    outer loop
      vertex 15 24.7511 4.98488
      vertex 13.6168 24.4011 3
      vertex 3.5 24.7511 4.98488
    endloop
  endfacet
  facet normal 7.35507e-06 0.984813 -0.173618
    outer loop
      vertex 13.5904 24.357 2.74985
      vertex 3.5 24.7511 4.98488
      vertex 13.6168 24.4011 3
    endloop
  endfacet
  facet normal -2.44206e-06 0.984806 -0.173661
    outer loop
      vertex 13.3806 23.9134 0.234257
      vertex 3.5 24.7511 4.98488
      vertex 13.5904 24.357 2.74985
    endloop
  endfacet
  facet normal -2.90003e-06 0.984812 -0.173624
    outer loop
      vertex 3.5 23.605 -1.51485
      vertex 13.3806 23.9134 0.234257
      vertex 13.3658 23.8721 0
    endloop
  endfacet
  facet normal 2.06712e-06 0.984807 -0.173651
    outer loop
      vertex 13.3806 23.9134 0.234257
      vertex 3.5 23.605 -1.51485
      vertex 3.5 24.7511 4.98488
    endloop
  endfacet
  facet normal 0 0.984809 -0.173643
    outer loop
      vertex 3.5 23.605 -1.51485
      vertex 13.3658 23.8721 0
      vertex 32.5 23.605 -1.51485
    endloop
  endfacet
  facet normal 0 -0.984808 0.173649
    outer loop
      vertex 3.5 -3.96962 3.3473
      vertex 32.5 -2.82354 9.84703
      vertex 3.5 -2.82354 9.84703
    endloop
  endfacet
  facet normal 0 -0.984808 0.173649
    outer loop
      vertex 32.5 -2.82354 9.84703
      vertex 3.5 -3.96962 3.3473
      vertex 32.5 -3.96962 3.3473
    endloop
  endfacet
  facet normal -1 0 0
    outer loop
      vertex 30.8 20 3
      vertex 30.8 22.2781 0.749965
      vertex 30.8 20 1.15166
    endloop
  endfacet
  facet normal -1 0 0
    outer loop
      vertex 30.8 22.2781 0.749965
      vertex 30.8 20 3
      vertex 30.8 23.0769 5.28008
    endloop
  endfacet
  facet normal -1 0 0
    outer loop
      vertex 30.8 9.51754 3
      vertex 30.8 23.0769 5.28008
      vertex 30.8 20 3
    endloop
  endfacet
  facet normal -1 0 0
    outer loop
      vertex 30.8 9.51754 3
      vertex 30.8 -0.853922 9.49973
      vertex 30.8 23.0769 5.28008
    endloop
  endfacet
  facet normal -1 0 -0
    outer loop
      vertex 30.8 -0.853922 9.49973
      vertex 30.8 9.51754 3
      vertex 30.8 -1.6527 4.96962
    endloop
  endfacet
  facet normal 7.69715e-07 0.173643 0.984809
    outer loop
      vertex 22.9759 21.5099 0.885421
      vertex 30.8 22.2781 0.749965
      vertex 23 22 0.799006
    endloop
  endfacet
  facet normal 0 0.173664 0.984805
    outer loop
      vertex 23 22 0.799006
      vertex 30.8 22.2781 0.749965
      vertex 22.9863 22.2781 0.749965
    endloop
  endfacet
  facet normal 1.1857e-08 0.17365 0.984807
    outer loop
      vertex 30.8 22.2781 0.749965
      vertex 22.9759 21.5099 0.885421
      vertex 30.8 20 1.15166
    endloop
  endfacet
  facet normal -2.68199e-06 0.173637 0.98481
    outer loop
      vertex 22.9039 21.0245 0.971004
      vertex 30.8 20 1.15166
      vertex 22.9759 21.5099 0.885421
    endloop
  endfacet
  facet normal 2.02973e-06 0.173672 0.984804
    outer loop
      vertex 22.7847 20.5486 1.05493
      vertex 30.8 20 1.15166
      vertex 22.9039 21.0245 0.971004
    endloop
  endfacet
  facet normal -7.89145e-08 0.173642 0.984809
    outer loop
      vertex 22.6194 20.0866 1.13639
      vertex 30.8 20 1.15166
      vertex 22.7847 20.5486 1.05493
    endloop
  endfacet
  facet normal 0 0.173649 0.984808
    outer loop
      vertex 30.8 20 1.15166
      vertex 22.6194 20.0866 1.13639
      vertex 22.5784 20 1.15166
    endloop
  endfacet
  facet normal 9.84122e-06 0.173627 0.984811
    outer loop
      vertex 12.8208 5.97913 3.62392
      vertex 8.5947 4.11612 3.95242
      vertex 8.6 4.00994 3.97114
    endloop
  endfacet
  facet normal -9.1409e-05 0.173703 0.984798
    outer loop
      vertex 11.4287 8.87774 3.11281
      vertex 8.57886 4.22128 3.93387
      vertex 8.5947 4.11612 3.95242
    endloop
  endfacet
  facet normal 3.14002e-05 0.17363 0.984811
    outer loop
      vertex 11.4287 8.87774 3.11281
      vertex 8.55263 4.3244 3.91569
      vertex 8.57886 4.22128 3.93387
    endloop
  endfacet
  facet normal 3.98958e-06 0.173646 0.984808
    outer loop
      vertex 11.4287 8.87774 3.11281
      vertex 8.51627 4.4245 3.89804
      vertex 8.55263 4.3244 3.91569
    endloop
  endfacet
  facet normal 4.60862e-05 0.17362 0.984813
    outer loop
      vertex 11.4287 8.87774 3.11281
      vertex 8.47011 4.5206 3.8811
      vertex 8.51627 4.4245 3.89804
    endloop
  endfacet
  facet normal -1.95e-05 0.173663 0.984805
    outer loop
      vertex 11.4287 8.87774 3.11281
      vertex 8.41462 4.61178 3.86502
      vertex 8.47011 4.5206 3.8811
    endloop
  endfacet
  facet normal -2.61996e-05 0.173668 0.984804
    outer loop
      vertex 11.4287 8.87774 3.11281
      vertex 8.35031 4.69717 3.84996
      vertex 8.41462 4.61178 3.86502
    endloop
  endfacet
  facet normal -5.07591e-06 0.173652 0.984807
    outer loop
      vertex 11.4287 8.87774 3.11281
      vertex 8.27782 4.77594 3.83607
      vertex 8.35031 4.69717 3.84996
    endloop
  endfacet
  facet normal -1.44782e-05 0.173659 0.984806
    outer loop
      vertex 11.4287 8.87774 3.11281
      vertex 8.19783 4.84733 3.82348
      vertex 8.27782 4.77594 3.83607
    endloop
  endfacet
  facet normal 4.86241e-05 0.17361 0.984814
    outer loop
      vertex 11.4287 8.87774 3.11281
      vertex 8.11113 4.91066 3.81232
      vertex 8.19783 4.84733 3.82348
    endloop
  endfacet
  facet normal -1.33448e-05 0.173661 0.984806
    outer loop
      vertex 11.4287 8.87774 3.11281
      vertex 8.01854 4.96532 3.80268
      vertex 8.11113 4.91066 3.81232
    endloop
  endfacet
  facet normal 2.95501e-05 0.173624 0.984812
    outer loop
      vertex 11.4287 8.87774 3.11281
      vertex 7.92095 5.01077 3.79467
      vertex 8.01854 4.96532 3.80268
    endloop
  endfacet
  facet normal -4.14764e-05 0.173687 0.984801
    outer loop
      vertex 11.4287 8.87774 3.11281
      vertex 7.81931 5.04658 3.78835
      vertex 7.92095 5.01077 3.79467
    endloop
  endfacet
  facet normal 3.47005e-05 0.173617 0.984813
    outer loop
      vertex 11.4287 8.87774 3.11281
      vertex 7.7146 5.07241 3.7838
      vertex 7.81931 5.04658 3.78835
    endloop
  endfacet
  facet normal 7.94763e-07 0.173649 0.984808
    outer loop
      vertex 11.4287 8.87774 3.11281
      vertex 5.5 9.51754 3
      vertex 7.7146 5.07241 3.7838
    endloop
  endfacet
  facet normal 7.09902e-06 0.173652 0.984807
    outer loop
      vertex 7.7146 5.07241 3.7838
      vertex 5.5 9.51754 3
      vertex 7.60782 5.08801 3.78105
    endloop
  endfacet
  facet normal 4.03852e-06 0.173651 0.984807
    outer loop
      vertex 7.60782 5.08801 3.78105
      vertex 5.5 9.51754 3
      vertex 7.5 5.09323 3.78013
    endloop
  endfacet
  facet normal -3.86554e-06 0.173648 0.984808
    outer loop
      vertex 7.5 5.09323 3.78013
      vertex 5.5 9.51754 3
      vertex 7.39218 5.08801 3.78105
    endloop
  endfacet
  facet normal -6.21748e-06 0.173647 0.984808
    outer loop
      vertex 7.39218 5.08801 3.78105
      vertex 5.5 9.51754 3
      vertex 7.2854 5.07241 3.7838
    endloop
  endfacet
  facet normal -3.89108e-05 0.173634 0.98481
    outer loop
      vertex 7.2854 5.07241 3.7838
      vertex 5.5 9.51754 3
      vertex 7.18069 5.04658 3.78835
    endloop
  endfacet
  facet normal 4.90929e-05 0.173666 0.984805
    outer loop
      vertex 7.18069 5.04658 3.78835
      vertex 5.5 9.51754 3
      vertex 7.07905 5.01077 3.79467
    endloop
  endfacet
  facet normal -3.56587e-05 0.173637 0.98481
    outer loop
      vertex 7.07905 5.01077 3.79467
      vertex 5.5 9.51754 3
      vertex 6.98146 4.96532 3.80268
    endloop
  endfacet
  facet normal 1.7467e-05 0.173654 0.984807
    outer loop
      vertex 6.98146 4.96532 3.80268
      vertex 5.5 9.51754 3
      vertex 6.88887 4.91066 3.81232
    endloop
  endfacet
  facet normal -6.35389e-05 0.17363 0.984811
    outer loop
      vertex 6.88887 4.91066 3.81232
      vertex 5.5 9.51754 3
      vertex 6.80217 4.84733 3.82348
    endloop
  endfacet
  facet normal -0.00010557 0.173632 0.984811
    outer loop
      vertex 6.4053 4.11612 3.95242
      vertex 5.5 9.51754 3
      vertex 6.4 4.00994 3.97114
    endloop
  endfacet
  facet normal 0.000217128 0.173684 0.984801
    outer loop
      vertex 6.42114 4.22128 3.93387
      vertex 5.5 9.51754 3
      vertex 6.4053 4.11612 3.95242
    endloop
  endfacet
  facet normal -6.17679e-05 0.173637 0.98481
    outer loop
      vertex 6.44736 4.3244 3.91569
      vertex 5.5 9.51754 3
      vertex 6.42114 4.22128 3.93387
    endloop
  endfacet
  facet normal -5.7206e-06 0.173647 0.984808
    outer loop
      vertex 6.48373 4.4245 3.89804
      vertex 5.5 9.51754 3
      vertex 6.44736 4.3244 3.91569
    endloop
  endfacet
  facet normal -7.63227e-05 0.173634 0.98481
    outer loop
      vertex 6.52989 4.5206 3.8811
      vertex 5.5 9.51754 3
      vertex 6.48373 4.4245 3.89804
    endloop
  endfacet
  facet normal 3.20955e-05 0.173655 0.984806
    outer loop
      vertex 6.58538 4.61178 3.86502
      vertex 5.5 9.51754 3
      vertex 6.52989 4.5206 3.8811
    endloop
  endfacet
  facet normal 4.02632e-05 0.173657 0.984806
    outer loop
      vertex 6.64969 4.69717 3.84996
      vertex 5.5 9.51754 3
      vertex 6.58538 4.61178 3.86502
    endloop
  endfacet
  facet normal 8.03555e-06 0.17365 0.984807
    outer loop
      vertex 6.72218 4.77594 3.83607
      vertex 5.5 9.51754 3
      vertex 6.64969 4.69717 3.84996
    endloop
  endfacet
  facet normal 2.049e-05 0.173653 0.984807
    outer loop
      vertex 6.80217 4.84733 3.82348
      vertex 5.5 9.51754 3
      vertex 6.72218 4.77594 3.83607
    endloop
  endfacet
  facet normal -8.9915e-07 0.173649 0.984808
    outer loop
      vertex 30.8 9.51754 3
      vertex 29.6 4.00994 3.97114
      vertex 30.8 -1.6527 4.96962
    endloop
  endfacet
  facet normal 8.40967e-05 0.173631 0.984811
    outer loop
      vertex 30.8 9.51754 3
      vertex 29.5947 4.11612 3.95242
      vertex 29.6 4.00994 3.97114
    endloop
  endfacet
  facet normal -0.000185052 0.173689 0.984801
    outer loop
      vertex 30.8 9.51754 3
      vertex 29.5789 4.22128 3.93387
      vertex 29.5947 4.11612 3.95242
    endloop
  endfacet
  facet normal 5.44652e-05 0.173635 0.98481
    outer loop
      vertex 30.8 9.51754 3
      vertex 29.5526 4.3244 3.91569
      vertex 29.5789 4.22128 3.93387
    endloop
  endfacet
  facet normal 5.17897e-06 0.173647 0.984808
    outer loop
      vertex 30.8 9.51754 3
      vertex 29.5163 4.4245 3.89804
      vertex 29.5526 4.3244 3.91569
    endloop
  endfacet
  facet normal 7.01451e-05 0.173631 0.984811
    outer loop
      vertex 30.8 9.51754 3
      vertex 29.4701 4.5206 3.8811
      vertex 29.5163 4.4245 3.89804
    endloop
  endfacet
  facet normal -2.98888e-05 0.173657 0.984806
    outer loop
      vertex 30.8 9.51754 3
      vertex 29.4146 4.61178 3.86502
      vertex 29.4701 4.5206 3.8811
    endloop
  endfacet
  facet normal -3.78896e-05 0.173659 0.984806
    outer loop
      vertex 30.8 9.51754 3
      vertex 29.3503 4.69717 3.84996
      vertex 29.4146 4.61178 3.86502
    endloop
  endfacet
  facet normal -7.62516e-06 0.17365 0.984807
    outer loop
      vertex 30.8 9.51754 3
      vertex 29.2778 4.77594 3.83607
      vertex 29.3503 4.69717 3.84996
    endloop
  endfacet
  facet normal -1.95887e-05 0.173654 0.984807
    outer loop
      vertex 30.8 9.51754 3
      vertex 29.1978 4.84733 3.82348
      vertex 29.2778 4.77594 3.83607
    endloop
  endfacet
  facet normal 6.11547e-05 0.173627 0.984811
    outer loop
      vertex 30.8 9.51754 3
      vertex 29.1111 4.91066 3.81232
      vertex 29.1978 4.84733 3.82348
    endloop
  endfacet
  facet normal -1.69134e-05 0.173655 0.984807
    outer loop
      vertex 30.8 9.51754 3
      vertex 29.0185 4.96532 3.80268
      vertex 29.1111 4.91066 3.81232
    endloop
  endfacet
  facet normal 3.476e-05 0.173635 0.98481
    outer loop
      vertex 30.8 9.51754 3
      vertex 28.921 5.01077 3.79467
      vertex 29.0185 4.96532 3.80268
    endloop
  endfacet
  facet normal -4.80644e-05 0.173669 0.984804
    outer loop
      vertex 30.8 9.51754 3
      vertex 28.8193 5.04658 3.78835
      vertex 28.921 5.01077 3.79467
    endloop
  endfacet
  facet normal 3.83335e-05 0.173632 0.984811
    outer loop
      vertex 30.8 9.51754 3
      vertex 28.7146 5.07241 3.7838
      vertex 28.8193 5.04658 3.78835
    endloop
  endfacet
  facet normal 6.15903e-06 0.173646 0.984808
    outer loop
      vertex 30.8 9.51754 3
      vertex 28.6078 5.08801 3.78105
      vertex 28.7146 5.07241 3.7838
    endloop
  endfacet
  facet normal 3.85386e-06 0.173647 0.984808
    outer loop
      vertex 30.8 9.51754 3
      vertex 28.5 5.09323 3.78013
      vertex 28.6078 5.08801 3.78105
    endloop
  endfacet
  facet normal -4.05289e-06 0.173651 0.984807
    outer loop
      vertex 30.8 9.51754 3
      vertex 28.3922 5.08801 3.78105
      vertex 28.5 5.09323 3.78013
    endloop
  endfacet
  facet normal -7.17385e-06 0.173653 0.984807
    outer loop
      vertex 30.8 9.51754 3
      vertex 28.2854 5.07241 3.7838
      vertex 28.3922 5.08801 3.78105
    endloop
  endfacet
  facet normal -7.59972e-07 0.173649 0.984808
    outer loop
      vertex 24.5713 8.87774 3.11281
      vertex 28.2854 5.07241 3.7838
      vertex 30.8 9.51754 3
    endloop
  endfacet
  facet normal -3.47032e-05 0.173617 0.984813
    outer loop
      vertex 28.2854 5.07241 3.7838
      vertex 24.5713 8.87774 3.11281
      vertex 28.1807 5.04658 3.78835
    endloop
  endfacet
  facet normal 8.84216e-06 0.173657 0.984806
    outer loop
      vertex 24.4115 8.24963 3.22357
      vertex 28.1807 5.04658 3.78835
      vertex 24.5713 8.87774 3.11281
    endloop
  endfacet
  facet normal 3.95527e-05 0.173692 0.9848
    outer loop
      vertex 28.1807 5.04658 3.78835
      vertex 24.4115 8.24963 3.22357
      vertex 28.079 5.01077 3.79467
    endloop
  endfacet
  facet normal -2.69972e-05 0.173619 0.984813
    outer loop
      vertex 28.079 5.01077 3.79467
      vertex 24.4115 8.24963 3.22357
      vertex 27.9815 4.96532 3.80268
    endloop
  endfacet
  facet normal 1.30103e-05 0.173661 0.984805
    outer loop
      vertex 27.9815 4.96532 3.80268
      vertex 24.4115 8.24963 3.22357
      vertex 27.8889 4.91066 3.81232
    endloop
  endfacet
  facet normal -1.356e-06 0.173647 0.984808
    outer loop
      vertex 24.19 7.63996 3.33107
      vertex 27.8889 4.91066 3.81232
      vertex 24.4115 8.24963 3.22357
    endloop
  endfacet
  facet normal -3.88473e-05 0.173597 0.984817
    outer loop
      vertex 27.8889 4.91066 3.81232
      vertex 24.19 7.63996 3.33107
      vertex 27.8022 4.84733 3.82348
    endloop
  endfacet
  facet normal -1.29136e-06 0.173649 0.984808
    outer loop
      vertex 23.5708 6.49922 3.53221
      vertex 27.5299 4.5206 3.8811
      vertex 23.9089 7.05461 3.43428
    endloop
  endfacet
  facet normal 1.22017e-05 0.173667 0.984804
    outer loop
      vertex 27.5854 4.61178 3.86502
      vertex 23.9089 7.05461 3.43428
      vertex 27.5299 4.5206 3.8811
    endloop
  endfacet
  facet normal 1.7001e-05 0.173674 0.984803
    outer loop
      vertex 27.6497 4.69717 3.84996
      vertex 23.9089 7.05461 3.43428
      vertex 27.5854 4.61178 3.86502
    endloop
  endfacet
  facet normal 3.65513e-06 0.173654 0.984807
    outer loop
      vertex 27.7222 4.77594 3.83607
      vertex 23.9089 7.05461 3.43428
      vertex 27.6497 4.69717 3.84996
    endloop
  endfacet
  facet normal -2.1412e-06 0.173644 0.984808
    outer loop
      vertex 23.9089 7.05461 3.43428
      vertex 27.7222 4.77594 3.83607
      vertex 24.19 7.63996 3.33107
    endloop
  endfacet
  facet normal 1.24036e-05 0.173662 0.984805
    outer loop
      vertex 27.8022 4.84733 3.82348
      vertex 24.19 7.63996 3.33107
      vertex 27.7222 4.77594 3.83607
    endloop
  endfacet
  facet normal 0 0.173642 0.984809
    outer loop
      vertex 24.5713 8.87774 3.11281
      vertex 30.8 9.51754 3
      vertex 24.6676 9.51754 3
    endloop
  endfacet
  facet normal -8.74887e-05 0.173631 0.984811
    outer loop
      vertex 29.5947 3.90376 3.98986
      vertex 30.8 -1.6527 4.96962
      vertex 29.6 4.00994 3.97114
    endloop
  endfacet
  facet normal -6.79053e-05 0.173635 0.98481
    outer loop
      vertex 29.5789 3.7986 4.0084
      vertex 30.8 -1.6527 4.96962
      vertex 29.5947 3.90376 3.98986
    endloop
  endfacet
  facet normal 0.000139482 0.17368 0.984802
    outer loop
      vertex 29.5526 3.69548 4.02659
      vertex 30.8 -1.6527 4.96962
      vertex 29.5789 3.7986 4.0084
    endloop
  endfacet
  facet normal -5.94583e-06 0.173647 0.984808
    outer loop
      vertex 29.5163 3.59538 4.04424
      vertex 30.8 -1.6527 4.96962
      vertex 29.5526 3.69548 4.02659
    endloop
  endfacet
  facet normal -7.1454e-05 0.173632 0.984811
    outer loop
      vertex 29.4701 3.49928 4.06118
      vertex 30.8 -1.6527 4.96962
      vertex 29.5163 3.59538 4.04424
    endloop
  endfacet
  facet normal 2.96974e-05 0.173657 0.984806
    outer loop
      vertex 29.4146 3.4081 4.07726
      vertex 30.8 -1.6527 4.96962
      vertex 29.4701 3.49928 4.06118
    endloop
  endfacet
  facet normal 3.77925e-05 0.173659 0.984806
    outer loop
      vertex 29.3503 3.32271 4.09232
      vertex 30.8 -1.6527 4.96962
      vertex 29.4146 3.4081 4.07726
    endloop
  endfacet
  facet normal -9.58667e-05 0.173621 0.984812
    outer loop
      vertex 29.2778 3.24394 4.1062
      vertex 30.8 -1.6527 4.96962
      vertex 29.3503 3.32271 4.09232
    endloop
  endfacet
  facet normal 1.79953e-05 0.173656 0.984806
    outer loop
      vertex 29.1978 3.17255 4.11879
      vertex 30.8 -1.6527 4.96962
      vertex 29.2778 3.24394 4.1062
    endloop
  endfacet
  facet normal 2.83773e-05 0.173659 0.984806
    outer loop
      vertex 29.1111 3.10922 4.12996
      vertex 30.8 -1.6527 4.96962
      vertex 29.1978 3.17255 4.11879
    endloop
  endfacet
  facet normal 3.23e-05 0.17366 0.984806
    outer loop
      vertex 29.0185 3.05457 4.1396
      vertex 30.8 -1.6527 4.96962
      vertex 29.1111 3.10922 4.12996
    endloop
  endfacet
  facet normal -5.01146e-05 0.17363 0.984811
    outer loop
      vertex 28.921 3.00911 4.14761
      vertex 30.8 -1.6527 4.96962
      vertex 29.0185 3.05457 4.1396
    endloop
  endfacet
  facet normal 4.81332e-05 0.173668 0.984804
    outer loop
      vertex 28.8193 2.9733 4.15393
      vertex 30.8 -1.6527 4.96962
      vertex 28.921 3.00911 4.14761
    endloop
  endfacet
  facet normal -3.85695e-05 0.173632 0.984811
    outer loop
      vertex 28.7146 2.94747 4.15848
      vertex 30.8 -1.6527 4.96962
      vertex 28.8193 2.9733 4.15393
    endloop
  endfacet
  facet normal -6.23506e-06 0.173647 0.984808
    outer loop
      vertex 28.6078 2.93187 4.16123
      vertex 30.8 -1.6527 4.96962
      vertex 28.7146 2.94747 4.15848
    endloop
  endfacet
  facet normal -3.87839e-06 0.173648 0.984808
    outer loop
      vertex 28.5 2.92665 4.16215
      vertex 30.8 -1.6527 4.96962
      vertex 28.6078 2.93187 4.16123
    endloop
  endfacet
  facet normal 4.07174e-06 0.173652 0.984807
    outer loop
      vertex 28.3922 2.93187 4.16123
      vertex 30.8 -1.6527 4.96962
      vertex 28.5 2.92665 4.16215
    endloop
  endfacet
  facet normal 7.22479e-06 0.173653 0.984807
    outer loop
      vertex 28.2854 2.94747 4.15848
      vertex 30.8 -1.6527 4.96962
      vertex 28.3922 2.93187 4.16123
    endloop
  endfacet
  facet normal 4.95673e-05 0.173676 0.984803
    outer loop
      vertex 28.1807 2.9733 4.15393
      vertex 30.8 -1.6527 4.96962
      vertex 28.2854 2.94747 4.15848
    endloop
  endfacet
  facet normal -6.91838e-05 0.17361 0.984814
    outer loop
      vertex 28.079 3.00911 4.14761
      vertex 30.8 -1.6527 4.96962
      vertex 28.1807 2.9733 4.15393
    endloop
  endfacet
  facet normal 8.17908e-05 0.173696 0.984799
    outer loop
      vertex 27.9815 3.05457 4.1396
      vertex 30.8 -1.6527 4.96962
      vertex 28.079 3.00911 4.14761
    endloop
  endfacet
  facet normal -6.11086e-05 0.173613 0.984814
    outer loop
      vertex 27.8889 3.10922 4.12996
      vertex 30.8 -1.6527 4.96962
      vertex 27.9815 3.05457 4.1396
    endloop
  endfacet
  facet normal -6.45568e-05 0.173611 0.984814
    outer loop
      vertex 27.8022 3.17255 4.11879
      vertex 30.8 -1.6527 4.96962
      vertex 27.8889 3.10922 4.12996
    endloop
  endfacet
  facet normal 4.85036e-06 0.17368 0.984802
    outer loop
      vertex 20.564 4.06904 3.96072
      vertex 27.8022 3.17255 4.11879
      vertex 27.7222 3.24394 4.1062
    endloop
  endfacet
  facet normal -2.24051e-05 0.173516 0.984831
    outer loop
      vertex 21.1584 4.34589 3.9119
      vertex 27.7222 3.24394 4.1062
      vertex 27.6497 3.32271 4.09232
    endloop
  endfacet
  facet normal 9.30252e-06 0.173693 0.9848
    outer loop
      vertex 21.7223 4.67878 3.8532
      vertex 27.6497 3.32271 4.09232
      vertex 27.5854 3.4081 4.07726
    endloop
  endfacet
  facet normal -2.19264e-05 0.173608 0.984815
    outer loop
      vertex 27.5299 4.5206 3.8811
      vertex 23.5708 6.49922 3.53221
      vertex 27.4837 4.4245 3.89804
    endloop
  endfacet
  facet normal -1.63434e-06 0.173646 0.984808
    outer loop
      vertex 27.4837 4.4245 3.89804
      vertex 23.5708 6.49922 3.53221
      vertex 27.4474 4.3244 3.91569
    endloop
  endfacet
  facet normal -1.34267e-05 0.173625 0.984812
    outer loop
      vertex 27.4474 4.3244 3.91569
      vertex 23.5708 6.49922 3.53221
      vertex 27.4211 4.22128 3.93387
    endloop
  endfacet
  facet normal 3.58193e-06 0.173653 0.984807
    outer loop
      vertex 23.1792 5.97913 3.62392
      vertex 27.4211 4.22128 3.93387
      vertex 23.5708 6.49922 3.53221
    endloop
  endfacet
  facet normal 2.86293e-05 0.173712 0.984797
    outer loop
      vertex 27.4211 4.22128 3.93387
      vertex 23.1792 5.97913 3.62392
      vertex 27.4053 4.11612 3.95242
    endloop
  endfacet
  facet normal -9.84122e-06 0.173627 0.984811
    outer loop
      vertex 27.4053 4.11612 3.95242
      vertex 23.1792 5.97913 3.62392
      vertex 27.4 4.00994 3.97114
    endloop
  endfacet
  facet normal 1.45014e-06 0.173651 0.984807
    outer loop
      vertex 22.7376 5.49935 3.70852
      vertex 27.4 4.00994 3.97114
      vertex 23.1792 5.97913 3.62392
    endloop
  endfacet
  facet normal -6.5425e-06 0.173626 0.984812
    outer loop
      vertex 27.4 4.00994 3.97114
      vertex 22.7376 5.49935 3.70852
      vertex 27.4053 3.90376 3.98986
    endloop
  endfacet
  facet normal -7.35111e-06 0.173624 0.984812
    outer loop
      vertex 27.4053 3.90376 3.98986
      vertex 22.7376 5.49935 3.70852
      vertex 27.4211 3.7986 4.0084
    endloop
  endfacet
  facet normal -2.17071e-06 0.173638 0.98481
    outer loop
      vertex 22.2504 5.0645 3.78519
      vertex 27.4211 3.7986 4.0084
      vertex 22.7376 5.49935 3.70852
    endloop
  endfacet
  facet normal 1.83319e-05 0.173719 0.984795
    outer loop
      vertex 27.4211 3.7986 4.0084
      vertex 22.2504 5.0645 3.78519
      vertex 27.4474 3.69548 4.02659
    endloop
  endfacet
  facet normal -1.96114e-06 0.173644 0.984808
    outer loop
      vertex 27.4474 3.69548 4.02659
      vertex 22.2504 5.0645 3.78519
      vertex 27.4837 3.59538 4.04424
    endloop
  endfacet
  facet normal -1.76845e-05 0.17359 0.984818
    outer loop
      vertex 27.4837 3.59538 4.04424
      vertex 22.2504 5.0645 3.78519
      vertex 27.5299 3.49928 4.06118
    endloop
  endfacet
  facet normal -1.46211e-06 0.173643 0.984809
    outer loop
      vertex 21.7223 4.67878 3.8532
      vertex 27.5299 3.49928 4.06118
      vertex 22.2504 5.0645 3.78519
    endloop
  endfacet
  facet normal 5.82213e-06 0.173678 0.984803
    outer loop
      vertex 27.5299 3.49928 4.06118
      vertex 21.7223 4.67878 3.8532
      vertex 27.5854 3.4081 4.07726
    endloop
  endfacet
  facet normal 2.34596e-07 0.173655 0.984807
    outer loop
      vertex 27.6497 3.32271 4.09232
      vertex 21.7223 4.67878 3.8532
      vertex 21.1584 4.34589 3.9119
    endloop
  endfacet
  facet normal 2.08897e-06 0.173657 0.984806
    outer loop
      vertex 27.7222 3.24394 4.1062
      vertex 21.1584 4.34589 3.9119
      vertex 20.564 4.06904 3.96072
    endloop
  endfacet
  facet normal 1.01782e-06 0.17365 0.984807
    outer loop
      vertex 27.8022 3.17255 4.11879
      vertex 20.564 4.06904 3.96072
      vertex 30.8 -1.6527 4.96962
    endloop
  endfacet
  facet normal -5.69788e-06 0.173639 0.984809
    outer loop
      vertex 19.9449 3.85089 3.99918
      vertex 30.8 -1.6527 4.96962
      vertex 20.564 4.06904 3.96072
    endloop
  endfacet
  facet normal 8.54902e-06 0.173666 0.984805
    outer loop
      vertex 19.3071 3.69356 4.02693
      vertex 30.8 -1.6527 4.96962
      vertex 19.9449 3.85089 3.99918
    endloop
  endfacet
  facet normal -3.25929e-06 0.173641 0.984809
    outer loop
      vertex 18.6567 3.59855 4.04368
      vertex 30.8 -1.6527 4.96962
      vertex 19.3071 3.69356 4.02693
    endloop
  endfacet
  facet normal -2.59765e-06 0.173643 0.984809
    outer loop
      vertex 18 3.56678 4.04928
      vertex 30.8 -1.6527 4.96962
      vertex 18.6567 3.59855 4.04368
    endloop
  endfacet
  facet normal 2.60413e-06 0.173643 0.984809
    outer loop
      vertex 5.5 -1.6527 4.96962
      vertex 18 3.56678 4.04928
      vertex 17.3433 3.59855 4.04368
    endloop
  endfacet
  facet normal 3.27975e-06 0.173642 0.984809
    outer loop
      vertex 5.5 -1.6527 4.96962
      vertex 17.3433 3.59855 4.04368
      vertex 16.6929 3.69356 4.02693
    endloop
  endfacet
  facet normal -8.62706e-06 0.173666 0.984805
    outer loop
      vertex 5.5 -1.6527 4.96962
      vertex 16.6929 3.69356 4.02693
      vertex 16.0551 3.85089 3.99918
    endloop
  endfacet
  facet normal 5.76318e-06 0.173639 0.984809
    outer loop
      vertex 5.5 -1.6527 4.96962
      vertex 16.0551 3.85089 3.99918
      vertex 15.436 4.06904 3.96072
    endloop
  endfacet
  facet normal -0 0.173642 0.984809
    outer loop
      vertex 5.5 9.51754 3
      vertex 11.4287 8.87774 3.11281
      vertex 11.3324 9.51754 3
    endloop
  endfacet
  facet normal -1.14698e-05 0.173656 0.984806
    outer loop
      vertex 8.5947 4.11612 3.95242
      vertex 11.5885 8.24963 3.22357
      vertex 11.4287 8.87774 3.11281
    endloop
  endfacet
  facet normal 2.03174e-06 0.173647 0.984808
    outer loop
      vertex 8.5947 4.11612 3.95242
      vertex 11.81 7.63996 3.33107
      vertex 11.5885 8.24963 3.22357
    endloop
  endfacet
  facet normal 4.00971e-06 0.173645 0.984808
    outer loop
      vertex 8.5947 4.11612 3.95242
      vertex 12.0911 7.05461 3.43428
      vertex 11.81 7.63996 3.33107
    endloop
  endfacet
  facet normal 1.1571e-06 0.173648 0.984808
    outer loop
      vertex 8.5947 4.11612 3.95242
      vertex 12.4292 6.49922 3.53221
      vertex 12.0911 7.05461 3.43428
    endloop
  endfacet
  facet normal -2.3824e-06 0.173654 0.984807
    outer loop
      vertex 8.5947 4.11612 3.95242
      vertex 12.8208 5.97913 3.62392
      vertex 12.4292 6.49922 3.53221
    endloop
  endfacet
  facet normal -1.45014e-06 0.173651 0.984807
    outer loop
      vertex 8.6 4.00994 3.97114
      vertex 13.2624 5.49935 3.70852
      vertex 12.8208 5.97913 3.62392
    endloop
  endfacet
  facet normal 6.5425e-06 0.173626 0.984812
    outer loop
      vertex 8.5947 3.90376 3.98986
      vertex 13.2624 5.49935 3.70852
      vertex 8.6 4.00994 3.97114
    endloop
  endfacet
  facet normal 7.35212e-06 0.173624 0.984812
    outer loop
      vertex 8.57886 3.7986 4.0084
      vertex 13.2624 5.49935 3.70852
      vertex 8.5947 3.90376 3.98986
    endloop
  endfacet
  facet normal 2.17069e-06 0.173638 0.98481
    outer loop
      vertex 13.2624 5.49935 3.70852
      vertex 8.57886 3.7986 4.0084
      vertex 13.7496 5.0645 3.78519
    endloop
  endfacet
  facet normal -1.83285e-05 0.173719 0.984795
    outer loop
      vertex 8.55263 3.69548 4.02659
      vertex 13.7496 5.0645 3.78519
      vertex 8.57886 3.7986 4.0084
    endloop
  endfacet
  facet normal 1.9615e-06 0.173644 0.984808
    outer loop
      vertex 8.51627 3.59538 4.04424
      vertex 13.7496 5.0645 3.78519
      vertex 8.55263 3.69548 4.02659
    endloop
  endfacet
  facet normal 1.7682e-05 0.17359 0.984818
    outer loop
      vertex 8.47011 3.49928 4.06118
      vertex 13.7496 5.0645 3.78519
      vertex 8.51627 3.59538 4.04424
    endloop
  endfacet
  facet normal 1.46211e-06 0.173643 0.984809
    outer loop
      vertex 13.7496 5.0645 3.78519
      vertex 8.47011 3.49928 4.06118
      vertex 14.2777 4.67878 3.8532
    endloop
  endfacet
  facet normal -5.822e-06 0.173678 0.984803
    outer loop
      vertex 8.41462 3.4081 4.07726
      vertex 14.2777 4.67878 3.8532
      vertex 8.47011 3.49928 4.06118
    endloop
  endfacet
  facet normal -9.30284e-06 0.173693 0.9848
    outer loop
      vertex 8.35031 3.32271 4.09232
      vertex 14.2777 4.67878 3.8532
      vertex 8.41462 3.4081 4.07726
    endloop
  endfacet
  facet normal -2.34596e-07 0.173655 0.984807
    outer loop
      vertex 14.2777 4.67878 3.8532
      vertex 8.35031 3.32271 4.09232
      vertex 14.8416 4.34589 3.9119
    endloop
  endfacet
  facet normal 2.24046e-05 0.173516 0.984831
    outer loop
      vertex 8.27782 3.24394 4.1062
      vertex 14.8416 4.34589 3.9119
      vertex 8.35031 3.32271 4.09232
    endloop
  endfacet
  facet normal -2.08897e-06 0.173657 0.984806
    outer loop
      vertex 14.8416 4.34589 3.9119
      vertex 8.27782 3.24394 4.1062
      vertex 15.436 4.06904 3.96072
    endloop
  endfacet
  facet normal -4.85029e-06 0.17368 0.984802
    outer loop
      vertex 8.19783 3.17255 4.11879
      vertex 15.436 4.06904 3.96072
      vertex 8.27782 3.24394 4.1062
    endloop
  endfacet
  facet normal -1.0094e-06 0.17365 0.984807
    outer loop
      vertex 15.436 4.06904 3.96072
      vertex 8.19783 3.17255 4.11879
      vertex 5.5 -1.6527 4.96962
    endloop
  endfacet
  facet normal 5.96016e-05 0.173617 0.984813
    outer loop
      vertex 5.5 -1.6527 4.96962
      vertex 8.19783 3.17255 4.11879
      vertex 8.11113 3.10922 4.12996
    endloop
  endfacet
  facet normal 5.7759e-05 0.173618 0.984813
    outer loop
      vertex 5.5 -1.6527 4.96962
      vertex 8.11113 3.10922 4.12996
      vertex 8.01854 3.05457 4.1396
    endloop
  endfacet
  facet normal -7.84566e-05 0.173689 0.984801
    outer loop
      vertex 5.5 -1.6527 4.96962
      vertex 8.01854 3.05457 4.1396
      vertex 7.92095 3.00911 4.14761
    endloop
  endfacet
  facet normal 6.73136e-05 0.173616 0.984813
    outer loop
      vertex 5.5 -1.6527 4.96962
      vertex 7.92095 3.00911 4.14761
      vertex 7.81931 2.9733 4.15393
    endloop
  endfacet
  facet normal -4.86571e-05 0.173672 0.984804
    outer loop
      vertex 5.5 -1.6527 4.96962
      vertex 7.81931 2.9733 4.15393
      vertex 7.7146 2.94747 4.15848
    endloop
  endfacet
  facet normal -7.1522e-06 0.173653 0.984807
    outer loop
      vertex 5.5 -1.6527 4.96962
      vertex 7.7146 2.94747 4.15848
      vertex 7.60782 2.93187 4.16123
    endloop
  endfacet
  facet normal -4.05777e-06 0.173651 0.984807
    outer loop
      vertex 5.5 -1.6527 4.96962
      vertex 7.60782 2.93187 4.16123
      vertex 7.5 2.92665 4.16215
    endloop
  endfacet
  facet normal 3.88973e-06 0.173648 0.984808
    outer loop
      vertex 5.5 -1.6527 4.96962
      vertex 7.5 2.92665 4.16215
      vertex 7.39218 2.93187 4.16123
    endloop
  endfacet
  facet normal 6.29239e-06 0.173647 0.984808
    outer loop
      vertex 5.5 -1.6527 4.96962
      vertex 7.39218 2.93187 4.16123
      vertex 7.2854 2.94747 4.15848
    endloop
  endfacet
  facet normal 1.19887e-06 0.173649 0.984808
    outer loop
      vertex 5.5 -1.6527 4.96962
      vertex 6.4 4.00994 3.97114
      vertex 5.5 9.51754 3
    endloop
  endfacet
  facet normal 0.000109682 0.173632 0.984811
    outer loop
      vertex 6.4 4.00994 3.97114
      vertex 5.5 -1.6527 4.96962
      vertex 6.4053 3.90376 3.98986
    endloop
  endfacet
  facet normal 0 0.173649 0.984808
    outer loop
      vertex 18 3.56678 4.04928
      vertex 5.5 -1.6527 4.96962
      vertex 30.8 -1.6527 4.96962
    endloop
  endfacet
  facet normal 3.91324e-05 0.173635 0.98481
    outer loop
      vertex 7.18069 2.9733 4.15393
      vertex 5.5 -1.6527 4.96962
      vertex 7.2854 2.94747 4.15848
    endloop
  endfacet
  facet normal -4.91335e-05 0.173666 0.984805
    outer loop
      vertex 7.07905 3.00911 4.14761
      vertex 5.5 -1.6527 4.96962
      vertex 7.18069 2.9733 4.15393
    endloop
  endfacet
  facet normal 5.1372e-05 0.173633 0.98481
    outer loop
      vertex 6.98146 3.05457 4.1396
      vertex 5.5 -1.6527 4.96962
      vertex 7.07905 3.00911 4.14761
    endloop
  endfacet
  facet normal -3.33278e-05 0.173659 0.984806
    outer loop
      vertex 6.88887 3.10922 4.12996
      vertex 5.5 -1.6527 4.96962
      vertex 6.98146 3.05457 4.1396
    endloop
  endfacet
  facet normal -2.9454e-05 0.173658 0.984806
    outer loop
      vertex 6.80217 3.17255 4.11879
      vertex 5.5 -1.6527 4.96962
      vertex 6.88887 3.10922 4.12996
    endloop
  endfacet
  facet normal -1.88019e-05 0.173655 0.984807
    outer loop
      vertex 6.72218 3.24394 4.1062
      vertex 5.5 -1.6527 4.96962
      vertex 6.80217 3.17255 4.11879
    endloop
  endfacet
  facet normal 0.000100898 0.173626 0.984812
    outer loop
      vertex 6.64969 3.32271 4.09232
      vertex 5.5 -1.6527 4.96962
      vertex 6.72218 3.24394 4.1062
    endloop
  endfacet
  facet normal -4.01035e-05 0.173657 0.984806
    outer loop
      vertex 6.58538 3.4081 4.07726
      vertex 5.5 -1.6527 4.96962
      vertex 6.64969 3.32271 4.09232
    endloop
  endfacet
  facet normal -3.18404e-05 0.173656 0.984806
    outer loop
      vertex 6.52989 3.49928 4.06118
      vertex 5.5 -1.6527 4.96962
      vertex 6.58538 3.4081 4.07726
    endloop
  endfacet
  facet normal 7.76145e-05 0.173634 0.98481
    outer loop
      vertex 6.48373 3.59538 4.04424
      vertex 5.5 -1.6527 4.96962
      vertex 6.52989 3.49928 4.06118
    endloop
  endfacet
  facet normal 6.55531e-06 0.173647 0.984808
    outer loop
      vertex 6.44736 3.69548 4.02659
      vertex 5.5 -1.6527 4.96962
      vertex 6.48373 3.59538 4.04424
    endloop
  endfacet
  facet normal -0.000157872 0.173676 0.984803
    outer loop
      vertex 6.42114 3.7986 4.0084
      vertex 5.5 -1.6527 4.96962
      vertex 6.44736 3.69548 4.02659
    endloop
  endfacet
  facet normal 7.95155e-05 0.173637 0.98481
    outer loop
      vertex 6.4053 3.90376 3.98986
      vertex 5.5 -1.6527 4.96962
      vertex 6.42114 3.7986 4.0084
    endloop
  endfacet
  facet normal 0 0.173664 0.984805
    outer loop
      vertex 13.0137 22.2781 0.749965
      vertex 5.5 22.2781 0.749965
      vertex 13 22 0.799006
    endloop
  endfacet
  facet normal -8.00559e-07 0.173643 0.984809
    outer loop
      vertex 5.5 22.2781 0.749965
      vertex 13.0241 21.5099 0.885421
      vertex 13 22 0.799006
    endloop
  endfacet
  facet normal -1.23297e-08 0.17365 0.984807
    outer loop
      vertex 5.5 20 1.15166
      vertex 13.0241 21.5099 0.885421
      vertex 5.5 22.2781 0.749965
    endloop
  endfacet
  facet normal 2.78584e-06 0.173637 0.98481
    outer loop
      vertex 13.0241 21.5099 0.885421
      vertex 5.5 20 1.15166
      vertex 13.0961 21.0245 0.971004
    endloop
  endfacet
  facet normal -2.10727e-06 0.173672 0.984804
    outer loop
      vertex 13.0961 21.0245 0.971004
      vertex 5.5 20 1.15166
      vertex 13.2153 20.5486 1.05493
    endloop
  endfacet
  facet normal 8.19068e-08 0.173642 0.984809
    outer loop
      vertex 13.2153 20.5486 1.05493
      vertex 5.5 20 1.15166
      vertex 13.3806 20.0866 1.13639
    endloop
  endfacet
  facet normal 0 0.173649 0.984808
    outer loop
      vertex 13.3806 20.0866 1.13639
      vertex 5.5 20 1.15166
      vertex 13.4216 20 1.15166
    endloop
  endfacet
  facet normal 0.000335764 0.173692 0.9848
    outer loop
      vertex 19.6753 22.2781 0.749965
      vertex 19.7 22 0.799006
      vertex 19.6918 22.1666 0.769625
    endloop
  endfacet
  facet normal 9.63178e-05 0.173672 0.984804
    outer loop
      vertex 19.7 22 0.799006
      vertex 19.6753 22.2781 0.749965
      vertex 19.6918 21.8334 0.828387
    endloop
  endfacet
  facet normal -0.000548946 0.173649 0.984808
    outer loop
      vertex 19.6753 22.2781 0.749965
      vertex 19.6673 21.6683 0.857485
      vertex 19.6918 21.8334 0.828387
    endloop
  endfacet
  facet normal 0.000164412 0.17364 0.984809
    outer loop
      vertex 19.6753 22.2781 0.749965
      vertex 19.6268 21.5065 0.88602
      vertex 19.6673 21.6683 0.857485
    endloop
  endfacet
  facet normal -8.91365e-05 0.173655 0.984807
    outer loop
      vertex 19.6753 22.2781 0.749965
      vertex 19.5706 21.3494 0.913717
      vertex 19.6268 21.5065 0.88602
    endloop
  endfacet
  facet normal 6.08823e-05 0.173639 0.984809
    outer loop
      vertex 19.6753 22.2781 0.749965
      vertex 19.4993 21.1986 0.94031
      vertex 19.5706 21.3494 0.913717
    endloop
  endfacet
  facet normal -2.19786e-05 0.173652 0.984807
    outer loop
      vertex 19.6753 22.2781 0.749965
      vertex 19.4135 21.0555 0.965541
      vertex 19.4993 21.1986 0.94031
    endloop
  endfacet
  facet normal 4.65716e-06 0.173646 0.984808
    outer loop
      vertex 19.6753 22.2781 0.749965
      vertex 19.3141 20.9215 0.989169
      vertex 19.4135 21.0555 0.965541
    endloop
  endfacet
  facet normal 8.83179e-05 0.173625 0.984812
    outer loop
      vertex 19.6753 22.2781 0.749965
      vertex 19.2021 20.7979 1.01097
      vertex 19.3141 20.9215 0.989169
    endloop
  endfacet
  facet normal 1.05336e-05 0.173649 0.984808
    outer loop
      vertex 19.6753 22.2781 0.749965
      vertex 19.0785 20.6859 1.03072
      vertex 19.2021 20.7979 1.01097
    endloop
  endfacet
  facet normal -7.48226e-05 0.17368 0.984802
    outer loop
      vertex 19.6753 22.2781 0.749965
      vertex 18.9445 20.5865 1.04824
      vertex 19.0785 20.6859 1.03072
    endloop
  endfacet
  facet normal 1.05034e-05 0.173644 0.984809
    outer loop
      vertex 19.6753 22.2781 0.749965
      vertex 18.8014 20.5007 1.06337
      vertex 18.9445 20.5865 1.04824
    endloop
  endfacet
  facet normal -1.84708e-05 0.173658 0.984806
    outer loop
      vertex 19.6753 22.2781 0.749965
      vertex 18.6506 20.4294 1.07594
      vertex 18.8014 20.5007 1.06337
    endloop
  endfacet
  facet normal 3.47665e-06 0.173646 0.984808
    outer loop
      vertex 19.6753 22.2781 0.749965
      vertex 18.4935 20.3732 1.08585
      vertex 18.6506 20.4294 1.07594
    endloop
  endfacet
  facet normal 6.3142e-05 0.17361 0.984814
    outer loop
      vertex 19.6753 22.2781 0.749965
      vertex 18.3317 20.3327 1.093
      vertex 18.4935 20.3732 1.08585
    endloop
  endfacet
  facet normal -7.8404e-07 0.173653 0.984807
    outer loop
      vertex 19.6753 22.2781 0.749965
      vertex 18.1666 20.3082 1.09732
      vertex 18.3317 20.3327 1.093
    endloop
  endfacet
  facet normal -3.63438e-05 0.173679 0.984802
    outer loop
      vertex 19.6753 22.2781 0.749965
      vertex 18 20.3 1.09876
      vertex 18.1666 20.3082 1.09732
    endloop
  endfacet
  facet normal 3.34354e-05 0.173622 0.984812
    outer loop
      vertex 19.6753 22.2781 0.749965
      vertex 17.8334 20.3082 1.09732
      vertex 18 20.3 1.09876
    endloop
  endfacet
  facet normal 6.10258e-07 0.173652 0.984807
    outer loop
      vertex 19.6753 22.2781 0.749965
      vertex 17.6683 20.3327 1.093
      vertex 17.8334 20.3082 1.09732
    endloop
  endfacet
  facet normal -4.15069e-05 0.173694 0.9848
    outer loop
      vertex 19.6753 22.2781 0.749965
      vertex 17.5065 20.3732 1.08585
      vertex 17.6683 20.3327 1.093
    endloop
  endfacet
  facet normal -1.92216e-06 0.17365 0.984807
    outer loop
      vertex 19.6753 22.2781 0.749965
      vertex 17.3494 20.4294 1.07594
      vertex 17.5065 20.3732 1.08585
    endloop
  endfacet
  facet normal 8.54636e-06 0.173637 0.98481
    outer loop
      vertex 19.6753 22.2781 0.749965
      vertex 17.1986 20.5007 1.06337
      vertex 17.3494 20.4294 1.07594
    endloop
  endfacet
  facet normal -4.03545e-06 0.173654 0.984807
    outer loop
      vertex 19.6753 22.2781 0.749965
      vertex 17.0555 20.5865 1.04824
      vertex 17.1986 20.5007 1.06337
    endloop
  endfacet
  facet normal 2.36619e-05 0.173613 0.984814
    outer loop
      vertex 19.6753 22.2781 0.749965
      vertex 16.9215 20.6859 1.03072
      vertex 17.0555 20.5865 1.04824
    endloop
  endfacet
  facet normal -2.70947e-06 0.173657 0.984806
    outer loop
      vertex 19.6753 22.2781 0.749965
      vertex 16.7979 20.7979 1.01097
      vertex 16.9215 20.6859 1.03072
    endloop
  endfacet
  facet normal -1.8173e-05 0.173686 0.984801
    outer loop
      vertex 19.6753 22.2781 0.749965
      vertex 16.6859 20.9215 0.989169
      vertex 16.7979 20.7979 1.01097
    endloop
  endfacet
  facet normal -7.51905e-07 0.173649 0.984808
    outer loop
      vertex 19.6753 22.2781 0.749965
      vertex 16.5865 21.0555 0.965541
      vertex 16.6859 20.9215 0.989169
    endloop
  endfacet
  facet normal 2.71004e-06 0.17364 0.984809
    outer loop
      vertex 19.6753 22.2781 0.749965
      vertex 16.5007 21.1986 0.94031
      vertex 16.5865 21.0555 0.965541
    endloop
  endfacet
  facet normal -5.52482e-06 0.173664 0.984805
    outer loop
      vertex 19.6753 22.2781 0.749965
      vertex 16.4294 21.3494 0.913717
      vertex 16.5007 21.1986 0.94031
    endloop
  endfacet
  facet normal 5.66808e-06 0.173626 0.984812
    outer loop
      vertex 19.6753 22.2781 0.749965
      vertex 16.3732 21.5065 0.88602
      vertex 16.4294 21.3494 0.913717
    endloop
  endfacet
  facet normal -6.80358e-06 0.173678 0.984803
    outer loop
      vertex 19.6753 22.2781 0.749965
      vertex 16.3327 21.6683 0.857485
      vertex 16.3732 21.5065 0.88602
    endloop
  endfacet
  facet normal -0 0.173642 0.984809
    outer loop
      vertex 16.3247 22.2781 0.749965
      vertex 16.3327 21.6683 0.857485
      vertex 19.6753 22.2781 0.749965
    endloop
  endfacet
  facet normal -0.000335764 0.173692 0.9848
    outer loop
      vertex 16.3 22 0.799006
      vertex 16.3247 22.2781 0.749965
      vertex 16.3082 22.1666 0.769625
    endloop
  endfacet
  facet normal 0.000548946 0.173649 0.984808
    outer loop
      vertex 16.3247 22.2781 0.749965
      vertex 16.3082 21.8334 0.828387
      vertex 16.3327 21.6683 0.857485
    endloop
  endfacet
  facet normal -9.63178e-05 0.173672 0.984804
    outer loop
      vertex 16.3247 22.2781 0.749965
      vertex 16.3 22 0.799006
      vertex 16.3082 21.8334 0.828387
    endloop
  endfacet
  facet normal 1 0 0
    outer loop
      vertex 5.5 23.0769 5.28008
      vertex 5.5 20 3
      vertex 5.5 22.2781 0.749965
    endloop
  endfacet
  facet normal 1 0 0
    outer loop
      vertex 5.5 23.0769 5.28008
      vertex 5.5 9.51754 3
      vertex 5.5 20 3
    endloop
  endfacet
  facet normal 1 0 0
    outer loop
      vertex 5.5 -0.853922 9.49973
      vertex 5.5 9.51754 3
      vertex 5.5 23.0769 5.28008
    endloop
  endfacet
  facet normal 1 0 0
    outer loop
      vertex 5.5 9.51754 3
      vertex 5.5 -0.853922 9.49973
      vertex 5.5 -1.6527 4.96962
    endloop
  endfacet
  facet normal 1 0 0
    outer loop
      vertex 5.5 22.2781 0.749965
      vertex 5.5 20 3
      vertex 5.5 20 1.15166
    endloop
  endfacet
  facet normal 0 -0.984814 0.173614
    outer loop
      vertex 16.4294 22.6506 2.86216
      vertex 19.5591 22.6749 3
      vertex 16.4409 22.6749 3
    endloop
  endfacet
  facet normal 0 -0.984814 0.173614
    outer loop
      vertex 16.4294 22.6506 2.86216
      vertex 19.5706 22.6506 2.86216
      vertex 19.5591 22.6749 3
    endloop
  endfacet
  facet normal 0 -0.984803 0.173672
    outer loop
      vertex 16.3732 22.4935 1.97133
      vertex 19.5706 22.6506 2.86216
      vertex 16.4294 22.6506 2.86216
    endloop
  endfacet
  facet normal 0 -0.984803 0.173672
    outer loop
      vertex 16.3732 22.4935 1.97133
      vertex 19.6268 22.4935 1.97133
      vertex 19.5706 22.6506 2.86216
    endloop
  endfacet
  facet normal 0 -0.984813 0.173616
    outer loop
      vertex 16.3327 22.3317 1.05354
      vertex 19.6268 22.4935 1.97133
      vertex 16.3732 22.4935 1.97133
    endloop
  endfacet
  facet normal 0 -0.984813 0.173616
    outer loop
      vertex 16.3327 22.3317 1.05354
      vertex 19.6673 22.3317 1.05354
      vertex 19.6268 22.4935 1.97133
    endloop
  endfacet
  facet normal 0 -0.984768 0.173873
    outer loop
      vertex 16.3247 22.2781 0.749965
      vertex 19.6673 22.3317 1.05354
      vertex 16.3327 22.3317 1.05354
    endloop
  endfacet
  facet normal 0 -0.984768 0.173873
    outer loop
      vertex 19.6673 22.3317 1.05354
      vertex 16.3247 22.2781 0.749965
      vertex 19.6753 22.2781 0.749965
    endloop
  endfacet
  facet normal 0 -0.984811 0.173632
    outer loop
      vertex 16.4409 22.6749 3
      vertex 5.5 23.0769 5.28008
      vertex 13.0515 22.6749 3
    endloop
  endfacet
  facet normal 6.38151e-06 -0.984807 0.173652
    outer loop
      vertex 5.5 22.2781 0.749965
      vertex 13.0515 22.6749 3
      vertex 5.5 23.0769 5.28008
    endloop
  endfacet
  facet normal 2.02232e-06 -0.984805 0.173666
    outer loop
      vertex 13.0515 22.6749 3
      vertex 5.5 22.2781 0.749965
      vertex 13.0241 22.4901 1.95206
    endloop
  endfacet
  facet normal 0 -0.984802 0.173679
    outer loop
      vertex 13.0241 22.4901 1.95206
      vertex 5.5 22.2781 0.749965
      vertex 13.0137 22.2781 0.749965
    endloop
  endfacet
  facet normal 0 -0.984811 0.173632
    outer loop
      vertex 5.5 23.0769 5.28008
      vertex 16.4409 22.6749 3
      vertex 30.8 23.0769 5.28008
    endloop
  endfacet
  facet normal 0 -0.984811 0.173632
    outer loop
      vertex 19.5591 22.6749 3
      vertex 30.8 23.0769 5.28008
      vertex 16.4409 22.6749 3
    endloop
  endfacet
  facet normal 0 -0.984811 0.173632
    outer loop
      vertex 22.9485 22.6749 3
      vertex 30.8 23.0769 5.28008
      vertex 19.5591 22.6749 3
    endloop
  endfacet
  facet normal -1.94447e-06 -0.984805 0.173666
    outer loop
      vertex 30.8 22.2781 0.749965
      vertex 22.9485 22.6749 3
      vertex 22.9759 22.4901 1.95206
    endloop
  endfacet
  facet normal 0 -0.984802 0.173679
    outer loop
      vertex 30.8 22.2781 0.749965
      vertex 22.9759 22.4901 1.95206
      vertex 22.9863 22.2781 0.749965
    endloop
  endfacet
  facet normal -6.13768e-06 -0.984807 0.173652
    outer loop
      vertex 22.9485 22.6749 3
      vertex 30.8 22.2781 0.749965
      vertex 30.8 23.0769 5.28008
    endloop
  endfacet
  facet normal 0 0.984808 -0.173648
    outer loop
      vertex 30.8 -1.6527 4.96962
      vertex 5.5 -0.853922 9.49973
      vertex 30.8 -0.853922 9.49973
    endloop
  endfacet
  facet normal 0 0.984808 -0.173648
    outer loop
      vertex 5.5 -0.853922 9.49973
      vertex 30.8 -1.6527 4.96962
      vertex 5.5 -1.6527 4.96962
    endloop
  endfacet
  facet normal -0.146628 -0.974127 0.171982
    outer loop
      vertex 18.6567 16.4267 0
      vertex 19.3071 16.2891 -0.224866
      vertex 19.3071 16.3288 0
    endloop
  endfacet
  facet normal -0.146713 -0.974154 0.171754
    outer loop
      vertex 19.3071 16.2891 -0.224866
      vertex 18.6567 16.4267 0
      vertex 18.6567 16.3841 -0.241619
    endloop
  endfacet
  facet normal 0.146628 -0.974127 0.171982
    outer loop
      vertex 16.6929 16.2891 -0.224866
      vertex 17.3433 16.4267 0
      vertex 16.6929 16.3288 0
    endloop
  endfacet
  facet normal 0.146713 -0.974154 0.171754
    outer loop
      vertex 17.3433 16.4267 0
      vertex 16.6929 16.2891 -0.224866
      vertex 17.3433 16.3841 -0.241619
    endloop
  endfacet
  facet normal -0.595711 0.790996 -0.139474
    outer loop
      vertex 21.7223 4.52833 3
      vertex 22.2504 5.0645 3.78519
      vertex 22.2504 4.92605 3
    endloop
  endfacet
  facet normal -0.595703 0.791001 -0.139482
    outer loop
      vertex 22.2504 5.0645 3.78519
      vertex 21.7223 4.52833 3
      vertex 21.7223 4.67878 3.8532
    endloop
  endfacet
  facet normal -0.595687 -0.791062 0.139203
    outer loop
      vertex 22.1195 15.0138 0
      vertex 21.7223 15.3129 0
      vertex 21.7223 15.3039 -0.0511453
    endloop
  endfacet
  facet normal 0.243097 -0.955314 0.168166
    outer loop
      vertex 16.0551 16.1318 -0.197123
      vertex 16.6929 16.3288 0
      vertex 16.0551 16.1665 0
    endloop
  endfacet
  facet normal 0.242933 -0.955269 0.168652
    outer loop
      vertex 16.6929 16.3288 0
      vertex 16.0551 16.1318 -0.197123
      vertex 16.6929 16.2891 -0.224866
    endloop
  endfacet
  facet normal -0.427456 -0.890258 0.157234
    outer loop
      vertex 20.564 15.9416 0
      vertex 21.1584 15.6368 -0.109843
      vertex 21.1584 15.6562 0
    endloop
  endfacet
  facet normal -0.427482 -0.890266 0.157113
    outer loop
      vertex 21.1584 15.6368 -0.109843
      vertex 20.564 15.9416 0
      vertex 20.564 15.9136 -0.158659
    endloop
  endfacet
  facet normal 0.242977 0.955296 -0.168439
    outer loop
      vertex 16.6929 3.51249 3
      vertex 16.0551 3.85089 3.99918
      vertex 16.6929 3.69356 4.02693
    endloop
  endfacet
  facet normal 0.242973 0.955296 -0.168442
    outer loop
      vertex 16.0551 3.85089 3.99918
      vertex 16.6929 3.51249 3
      vertex 16.0551 3.67471 3
    endloop
  endfacet
  facet normal 0.989192 0.1444 -0.0254597
    outer loop
      vertex 11.4287 8.87774 3.11281
      vertex 11.4287 8.85785 3
      vertex 11.3324 9.51754 3
    endloop
  endfacet
  facet normal 0.427456 -0.890258 0.157234
    outer loop
      vertex 14.8416 15.6368 -0.109843
      vertex 15.436 15.9416 0
      vertex 14.8416 15.6562 0
    endloop
  endfacet
  facet normal 0.427482 -0.890266 0.157113
    outer loop
      vertex 15.436 15.9416 0
      vertex 14.8416 15.6368 -0.109843
      vertex 15.436 15.9136 -0.158659
    endloop
  endfacet
  facet normal -0.243097 -0.955314 0.168166
    outer loop
      vertex 19.3071 16.3288 0
      vertex 19.9449 16.1318 -0.197123
      vertex 19.9449 16.1665 0
    endloop
  endfacet
  facet normal -0.242933 -0.955269 0.168652
    outer loop
      vertex 19.9449 16.1318 -0.197123
      vertex 19.3071 16.3288 0
      vertex 19.3071 16.2891 -0.224866
    endloop
  endfacet
  facet normal 0.514144 0.844672 -0.148945
    outer loop
      vertex 14.8416 4.18509 3
      vertex 14.2777 4.67878 3.8532
      vertex 14.8416 4.34589 3.9119
    endloop
  endfacet
  facet normal 0.514143 0.844673 -0.148946
    outer loop
      vertex 14.2777 4.67878 3.8532
      vertex 14.8416 4.18509 3
      vertex 14.2777 4.52833 3
    endloop
  endfacet
  facet normal -0.427534 0.890264 -0.156985
    outer loop
      vertex 20.564 3.89964 3
      vertex 21.1584 4.34589 3.9119
      vertex 21.1584 4.18509 3
    endloop
  endfacet
  facet normal -0.427544 0.890261 -0.156976
    outer loop
      vertex 21.1584 4.34589 3.9119
      vertex 20.564 3.89964 3
      vertex 20.564 4.06904 3.96072
    endloop
  endfacet
  facet normal 0.803263 0.586576 -0.103426
    outer loop
      vertex 12.8208 5.97913 3.62392
      vertex 12.4292 6.40538 3
      vertex 12.4292 6.49922 3.53221
    endloop
  endfacet
  facet normal 0.803267 0.586569 -0.103434
    outer loop
      vertex 12.4292 6.40538 3
      vertex 12.8208 5.97913 3.62392
      vertex 12.8208 5.86911 3
    endloop
  endfacet
  facet normal -0.336884 0.927242 -0.163497
    outer loop
      vertex 19.9449 3.67471 3
      vertex 20.564 4.06904 3.96072
      vertex 20.564 3.89964 3
    endloop
  endfacet
  facet normal -0.336886 0.927242 -0.163496
    outer loop
      vertex 20.564 4.06904 3.96072
      vertex 19.9449 3.67471 3
      vertex 19.9449 3.85089 3.99918
    endloop
  endfacet
  facet normal 0.336886 0.927242 -0.163496
    outer loop
      vertex 16.0551 3.67471 3
      vertex 15.436 4.06904 3.96072
      vertex 16.0551 3.85089 3.99918
    endloop
  endfacet
  facet normal 0.336884 0.927242 -0.163497
    outer loop
      vertex 15.436 4.06904 3.96072
      vertex 16.0551 3.67471 3
      vertex 15.436 3.89964 3
    endloop
  endfacet
  facet normal 0.0491286 -0.983621 0.173423
    outer loop
      vertex 17.3433 16.3841 -0.241619
      vertex 18 16.4595 0
      vertex 17.3433 16.4267 0
    endloop
  endfacet
  facet normal 0.0491103 -0.983614 0.173471
    outer loop
      vertex 18 16.4595 0
      vertex 17.3433 16.3841 -0.241619
      vertex 18 16.4159 -0.247221
    endloop
  endfacet
  facet normal -0.803263 0.586576 -0.103426
    outer loop
      vertex 23.5708 6.40538 3
      vertex 23.1792 5.97913 3.62392
      vertex 23.5708 6.49922 3.53221
    endloop
  endfacet
  facet normal -0.803267 0.586569 -0.103434
    outer loop
      vertex 23.1792 5.97913 3.62392
      vertex 23.5708 6.40538 3
      vertex 23.1792 5.86911 3
    endloop
  endfacet
  facet normal 0.514233 -0.844672 0.148636
    outer loop
      vertex 14.2777 15.3039 -0.0511453
      vertex 14.8416 15.6562 0
      vertex 14.2777 15.3129 0
    endloop
  endfacet
  facet normal 0.514155 -0.844625 0.149174
    outer loop
      vertex 14.8416 15.6562 0
      vertex 14.2777 15.3039 -0.0511453
      vertex 14.8416 15.6368 -0.109843
    endloop
  endfacet
  facet normal 0.427544 0.890261 -0.156976
    outer loop
      vertex 15.436 3.89964 3
      vertex 14.8416 4.34589 3.9119
      vertex 15.436 4.06904 3.96072
    endloop
  endfacet
  facet normal 0.427534 0.890264 -0.156985
    outer loop
      vertex 14.8416 4.34589 3.9119
      vertex 15.436 3.89964 3
      vertex 14.8416 4.18509 3
    endloop
  endfacet
  facet normal 0.595703 0.791001 -0.139482
    outer loop
      vertex 14.2777 4.52833 3
      vertex 13.7496 5.0645 3.78519
      vertex 14.2777 4.67878 3.8532
    endloop
  endfacet
  facet normal 0.595711 0.790996 -0.139474
    outer loop
      vertex 13.7496 5.0645 3.78519
      vertex 14.2777 4.52833 3
      vertex 13.7496 4.92605 3
    endloop
  endfacet
  facet normal -0.336836 -0.927235 0.163638
    outer loop
      vertex 19.9449 16.1665 0
      vertex 20.564 15.9136 -0.158659
      vertex 20.564 15.9416 0
    endloop
  endfacet
  facet normal -0.336953 -0.927264 0.163228
    outer loop
      vertex 20.564 15.9136 -0.158659
      vertex 19.9449 16.1665 0
      vertex 19.9449 16.1318 -0.197123
    endloop
  endfacet
  facet normal 0.740918 0.661392 -0.116628
    outer loop
      vertex 13.2624 5.49935 3.70852
      vertex 12.8208 5.86911 3
      vertex 12.8208 5.97913 3.62392
    endloop
  endfacet
  facet normal 0.740913 0.661398 -0.116621
    outer loop
      vertex 12.8208 5.86911 3
      vertex 13.2624 5.49935 3.70852
      vertex 13.2624 5.37442 3
    endloop
  endfacet
  facet normal -0.970017 0.239345 -0.0421998
    outer loop
      vertex 24.5713 8.85785 3
      vertex 24.4115 8.24963 3.22357
      vertex 24.5713 8.87774 3.11281
    endloop
  endfacet
  facet normal -0.970017 0.239344 -0.0422013
    outer loop
      vertex 24.4115 8.24963 3.22357
      vertex 24.5713 8.85785 3
      vertex 24.4115 8.21021 3
    endloop
  endfacet
  facet normal 0.336836 -0.927235 0.163638
    outer loop
      vertex 15.436 15.9136 -0.158659
      vertex 16.0551 16.1665 0
      vertex 15.436 15.9416 0
    endloop
  endfacet
  facet normal 0.336953 -0.927264 0.163228
    outer loop
      vertex 16.0551 16.1665 0
      vertex 15.436 15.9136 -0.158659
      vertex 16.0551 16.1318 -0.197123
    endloop
  endfacet
  facet normal 0.904001 0.421036 -0.0742316
    outer loop
      vertex 12.0911 7.05461 3.43428
      vertex 11.81 7.58159 3
      vertex 11.81 7.63996 3.33107
    endloop
  endfacet
  facet normal 0.904002 0.421034 -0.0742345
    outer loop
      vertex 11.81 7.58159 3
      vertex 12.0911 7.05461 3.43428
      vertex 12.0911 6.97804 3
    endloop
  endfacet
  facet normal 0.941548 0.331761 -0.0584963
    outer loop
      vertex 11.81 7.63996 3.33107
      vertex 11.5885 8.21021 3
      vertex 11.5885 8.24963 3.22357
    endloop
  endfacet
  facet normal 0.941548 0.331763 -0.0584922
    outer loop
      vertex 11.5885 8.21021 3
      vertex 11.81 7.63996 3.33107
      vertex 11.81 7.58159 3
    endloop
  endfacet
  facet normal 0.970017 0.239345 -0.0421998
    outer loop
      vertex 11.5885 8.24963 3.22357
      vertex 11.4287 8.85785 3
      vertex 11.4287 8.87774 3.11281
    endloop
  endfacet
  facet normal 0.970017 0.239344 -0.0422013
    outer loop
      vertex 11.4287 8.85785 3
      vertex 11.5885 8.24963 3.22357
      vertex 11.5885 8.21021 3
    endloop
  endfacet
  facet normal 0.671546 0.729706 -0.128667
    outer loop
      vertex 13.7496 4.92605 3
      vertex 13.2624 5.49935 3.70852
      vertex 13.7496 5.0645 3.78519
    endloop
  endfacet
  facet normal 0.671547 0.729705 -0.128665
    outer loop
      vertex 13.2624 5.49935 3.70852
      vertex 13.7496 4.92605 3
      vertex 13.2624 5.37442 3
    endloop
  endfacet
  facet normal -0.740918 0.661392 -0.116628
    outer loop
      vertex 23.1792 5.86911 3
      vertex 22.7376 5.49935 3.70852
      vertex 23.1792 5.97913 3.62392
    endloop
  endfacet
  facet normal -0.740913 0.661398 -0.116621
    outer loop
      vertex 22.7376 5.49935 3.70852
      vertex 23.1792 5.86911 3
      vertex 22.7376 5.37442 3
    endloop
  endfacet
  facet normal -0.146736 0.974149 -0.171764
    outer loop
      vertex 18.6567 3.41452 3
      vertex 19.3071 3.69356 4.02693
      vertex 19.3071 3.51249 3
    endloop
  endfacet
  facet normal -0.146727 0.974149 -0.17177
    outer loop
      vertex 19.3071 3.69356 4.02693
      vertex 18.6567 3.41452 3
      vertex 18.6567 3.59855 4.04368
    endloop
  endfacet
  facet normal 0.595687 -0.791062 0.139203
    outer loop
      vertex 14.2777 15.3039 -0.0511453
      vertex 14.2777 15.3129 0
      vertex 13.8805 15.0138 0
    endloop
  endfacet
  facet normal -0.0491286 -0.983621 0.173423
    outer loop
      vertex 18 16.4595 0
      vertex 18.6567 16.3841 -0.241619
      vertex 18.6567 16.4267 0
    endloop
  endfacet
  facet normal -0.0491103 -0.983614 0.173471
    outer loop
      vertex 18.6567 16.3841 -0.241619
      vertex 18 16.4595 0
      vertex 18 16.4159 -0.247221
    endloop
  endfacet
  facet normal -0.514233 -0.844672 0.148636
    outer loop
      vertex 21.1584 15.6562 0
      vertex 21.7223 15.3039 -0.0511453
      vertex 21.7223 15.3129 0
    endloop
  endfacet
  facet normal -0.514155 -0.844625 0.149174
    outer loop
      vertex 21.7223 15.3039 -0.0511453
      vertex 21.1584 15.6562 0
      vertex 21.1584 15.6368 -0.109843
    endloop
  endfacet
  facet normal -0.989192 0.1444 -0.0254597
    outer loop
      vertex 24.5713 8.87774 3.11281
      vertex 24.6676 9.51754 3
      vertex 24.5713 8.85785 3
    endloop
  endfacet
  facet normal -0.514143 0.844673 -0.148946
    outer loop
      vertex 21.1584 4.18509 3
      vertex 21.7223 4.67878 3.8532
      vertex 21.7223 4.52833 3
    endloop
  endfacet
  facet normal -0.514144 0.844672 -0.148945
    outer loop
      vertex 21.7223 4.67878 3.8532
      vertex 21.1584 4.18509 3
      vertex 21.1584 4.34589 3.9119
    endloop
  endfacet
  facet normal -0.671547 0.729705 -0.128665
    outer loop
      vertex 22.2504 4.92605 3
      vertex 22.7376 5.49935 3.70852
      vertex 22.7376 5.37442 3
    endloop
  endfacet
  facet normal -0.671546 0.729706 -0.128667
    outer loop
      vertex 22.7376 5.49935 3.70852
      vertex 22.2504 4.92605 3
      vertex 22.2504 5.0645 3.78519
    endloop
  endfacet
  facet normal 0.0490649 0.983621 -0.173442
    outer loop
      vertex 18 3.38176 3
      vertex 17.3433 3.59855 4.04368
      vertex 18 3.56678 4.04928
    endloop
  endfacet
  facet normal 0.0490687 0.983621 -0.17344
    outer loop
      vertex 17.3433 3.59855 4.04368
      vertex 18 3.38176 3
      vertex 17.3433 3.41452 3
    endloop
  endfacet
  facet normal -0.904001 0.421036 -0.0742316
    outer loop
      vertex 24.19 7.58159 3
      vertex 23.9089 7.05461 3.43428
      vertex 24.19 7.63996 3.33107
    endloop
  endfacet
  facet normal -0.904002 0.421034 -0.0742345
    outer loop
      vertex 23.9089 7.05461 3.43428
      vertex 24.19 7.58159 3
      vertex 23.9089 6.97804 3
    endloop
  endfacet
  facet normal -0.0490649 0.983621 -0.17344
    outer loop
      vertex 18.6567 3.41452 3
      vertex 18 3.56678 4.04928
      vertex 18.6567 3.59855 4.04368
    endloop
  endfacet
  facet normal -0.0490687 0.983621 -0.173442
    outer loop
      vertex 18 3.56678 4.04928
      vertex 18.6567 3.41452 3
      vertex 18 3.38176 3
    endloop
  endfacet
  facet normal -0.941548 0.331761 -0.0584963
    outer loop
      vertex 24.4115 8.21021 3
      vertex 24.19 7.63996 3.33107
      vertex 24.4115 8.24963 3.22357
    endloop
  endfacet
  facet normal -0.941548 0.331763 -0.0584922
    outer loop
      vertex 24.19 7.63996 3.33107
      vertex 24.4115 8.21021 3
      vertex 24.19 7.58159 3
    endloop
  endfacet
  facet normal -0.857677 0.506378 -0.0892819
    outer loop
      vertex 23.9089 6.97804 3
      vertex 23.5708 6.49922 3.53221
      vertex 23.9089 7.05461 3.43428
    endloop
  endfacet
  facet normal -0.857678 0.506376 -0.0892848
    outer loop
      vertex 23.5708 6.49922 3.53221
      vertex 23.9089 6.97804 3
      vertex 23.5708 6.40538 3
    endloop
  endfacet
  facet normal -0.242973 0.955296 -0.168442
    outer loop
      vertex 19.3071 3.51249 3
      vertex 19.9449 3.85089 3.99918
      vertex 19.9449 3.67471 3
    endloop
  endfacet
  facet normal -0.242977 0.955296 -0.168439
    outer loop
      vertex 19.9449 3.85089 3.99918
      vertex 19.3071 3.51249 3
      vertex 19.3071 3.69356 4.02693
    endloop
  endfacet
  facet normal 0.857677 0.506378 -0.0892819
    outer loop
      vertex 12.4292 6.49922 3.53221
      vertex 12.0911 6.97804 3
      vertex 12.0911 7.05461 3.43428
    endloop
  endfacet
  facet normal 0.857678 0.506376 -0.0892848
    outer loop
      vertex 12.0911 6.97804 3
      vertex 12.4292 6.49922 3.53221
      vertex 12.4292 6.40538 3
    endloop
  endfacet
  facet normal 0.146727 0.974149 -0.17177
    outer loop
      vertex 17.3433 3.41452 3
      vertex 16.6929 3.69356 4.02693
      vertex 17.3433 3.59855 4.04368
    endloop
  endfacet
  facet normal 0.146736 0.974149 -0.171764
    outer loop
      vertex 16.6929 3.69356 4.02693
      vertex 17.3433 3.41452 3
      vertex 16.6929 3.51249 3
    endloop
  endfacet
  facet normal -1 0 0
    outer loop
      vertex 21 24.4011 3
      vertex 21 24.6526 5.00224
      vertex 21 24.7511 4.98488
    endloop
  endfacet
  facet normal -1 0 0
    outer loop
      vertex 21 24.6526 5.00224
      vertex 21 24.4011 3
      vertex 21 24.2995 3
    endloop
  endfacet
  facet normal 1 0 0
    outer loop
      vertex 15 24.6526 5.00224
      vertex 15 24.4011 3
      vertex 15 24.7511 4.98488
    endloop
  endfacet
  facet normal 1 0 -0
    outer loop
      vertex 15 24.4011 3
      vertex 15 24.6526 5.00224
      vertex 15 24.2995 3
    endloop
  endfacet
  facet normal 0 0.984803 -0.173673
    outer loop
      vertex 21 24.2995 3
      vertex 15 24.6526 5.00224
      vertex 21 24.6526 5.00224
    endloop
  endfacet
  facet normal 0 0.984803 -0.173673
    outer loop
      vertex 15 24.6526 5.00224
      vertex 21 24.2995 3
      vertex 15 24.2995 3
    endloop
  endfacet
endsolid OpenSCAD_Model
