solid OpenSCAD_Model
  facet normal 1 -0 0
    outer loop
      vertex 108.8 2.7 5
      vertex 108.8 83.4 3
      vertex 108.8 83.4 5
    endloop
  endfacet
  facet normal 1 0 0
    outer loop
      vertex 108.8 83.4 3
      vertex 108.8 2.7 5
      vertex 108.8 2.7 3
    endloop
  endfacet
  facet normal 0 0 1
    outer loop
      vertex 7 83.4 5
      vertex 5.2 83.4 5
      vertex 7 4.5 5
    endloop
  endfacet
  facet normal 0 0 1
    outer loop
      vertex 107.5 4.5 5
      vertex 108.8 83.4 5
      vertex 107.5 83.4 5
    endloop
  endfacet
  facet normal 0 0 1
    outer loop
      vertex 108.8 83.4 5
      vertex 107.5 4.5 5
      vertex 108.8 2.7 5
    endloop
  endfacet
  facet normal -0 0 1
    outer loop
      vertex 7 4.5 5
      vertex 108.8 2.7 5
      vertex 107.5 4.5 5
    endloop
  endfacet
  facet normal 0 0 1
    outer loop
      vertex 7 4.5 5
      vertex 5.2 2.7 5
      vertex 108.8 2.7 5
    endloop
  endfacet
  facet normal 0 0 1
    outer loop
      vertex 5.2 2.7 5
      vertex 7 4.5 5
      vertex 5.2 83.4 5
    endloop
  endfacet
  facet normal 0 0 1
    outer loop
      vertex 101.493 15.647 3
      vertex 101.493 15.353 3
      vertex 101.5 15.5 3
    endloop
  endfacet
  facet normal 0 0 1
    outer loop
      vertex 101.471 15.7926 3
      vertex 101.493 15.353 3
      vertex 101.493 15.647 3
    endloop
  endfacet
  facet normal 0 0 1
    outer loop
      vertex 101.471 15.7926 3
      vertex 101.471 15.2074 3
      vertex 101.493 15.353 3
    endloop
  endfacet
  facet normal 0 0 1
    outer loop
      vertex 101.435 15.9354 3
      vertex 101.471 15.2074 3
      vertex 101.471 15.7926 3
    endloop
  endfacet
  facet normal 0 0 1
    outer loop
      vertex 101.435 15.9354 3
      vertex 101.435 15.0646 3
      vertex 101.471 15.2074 3
    endloop
  endfacet
  facet normal 0 0 1
    outer loop
      vertex 101.386 16.074 3
      vertex 101.435 15.0646 3
      vertex 101.435 15.9354 3
    endloop
  endfacet
  facet normal 0 0 1
    outer loop
      vertex 101.386 16.074 3
      vertex 101.386 14.926 3
      vertex 101.435 15.0646 3
    endloop
  endfacet
  facet normal 0 0 1
    outer loop
      vertex 101.323 16.2071 3
      vertex 101.386 14.926 3
      vertex 101.386 16.074 3
    endloop
  endfacet
  facet normal 0 0 1
    outer loop
      vertex 101.323 16.2071 3
      vertex 101.323 14.7929 3
      vertex 101.386 14.926 3
    endloop
  endfacet
  facet normal 0 0 1
    outer loop
      vertex 101.247 16.3334 3
      vertex 101.323 14.7929 3
      vertex 101.323 16.2071 3
    endloop
  endfacet
  facet normal 0 0 1
    outer loop
      vertex 101.247 16.3334 3
      vertex 101.247 14.6666 3
      vertex 101.323 14.7929 3
    endloop
  endfacet
  facet normal 0 0 1
    outer loop
      vertex 101.16 16.4516 3
      vertex 101.247 14.6666 3
      vertex 101.247 16.3334 3
    endloop
  endfacet
  facet normal 0 0 1
    outer loop
      vertex 101.16 16.4516 3
      vertex 101.16 14.5484 3
      vertex 101.247 14.6666 3
    endloop
  endfacet
  facet normal 0 0 1
    outer loop
      vertex 101.061 16.5607 3
      vertex 101.16 14.5484 3
      vertex 101.16 16.4516 3
    endloop
  endfacet
  facet normal 0 0 1
    outer loop
      vertex 101.061 16.5607 3
      vertex 101.061 14.4393 3
      vertex 101.16 14.5484 3
    endloop
  endfacet
  facet normal 0 0 1
    outer loop
      vertex 100.952 16.6595 3
      vertex 101.061 14.4393 3
      vertex 101.061 16.5607 3
    endloop
  endfacet
  facet normal 0 0 1
    outer loop
      vertex 100.952 16.6595 3
      vertex 100.952 14.3405 3
      vertex 101.061 14.4393 3
    endloop
  endfacet
  facet normal 0 0 1
    outer loop
      vertex 100.833 16.7472 3
      vertex 100.952 14.3405 3
      vertex 100.952 16.6595 3
    endloop
  endfacet
  facet normal 0 0 1
    outer loop
      vertex 100.833 16.7472 3
      vertex 100.833 14.2528 3
      vertex 100.952 14.3405 3
    endloop
  endfacet
  facet normal 0 0 1
    outer loop
      vertex 100.707 16.8229 3
      vertex 100.833 14.2528 3
      vertex 100.833 16.7472 3
    endloop
  endfacet
  facet normal 0 0 1
    outer loop
      vertex 100.707 16.8229 3
      vertex 100.707 14.1771 3
      vertex 100.833 14.2528 3
    endloop
  endfacet
  facet normal 0 0 1
    outer loop
      vertex 100.574 16.8858 3
      vertex 100.707 14.1771 3
      vertex 100.707 16.8229 3
    endloop
  endfacet
  facet normal 0 0 1
    outer loop
      vertex 100.574 16.8858 3
      vertex 100.574 14.1142 3
      vertex 100.707 14.1771 3
    endloop
  endfacet
  facet normal 0 0 1
    outer loop
      vertex 100.435 16.9354 3
      vertex 100.574 14.1142 3
      vertex 100.574 16.8858 3
    endloop
  endfacet
  facet normal 0 0 1
    outer loop
      vertex 100.435 16.9354 3
      vertex 100.435 14.0646 3
      vertex 100.574 14.1142 3
    endloop
  endfacet
  facet normal 0 0 1
    outer loop
      vertex 100.293 16.9712 3
      vertex 100.435 14.0646 3
      vertex 100.435 16.9354 3
    endloop
  endfacet
  facet normal 0 0 1
    outer loop
      vertex 100.293 16.9712 3
      vertex 100.293 14.0288 3
      vertex 100.435 14.0646 3
    endloop
  endfacet
  facet normal 0 0 1
    outer loop
      vertex 100.147 16.9928 3
      vertex 100.293 14.0288 3
      vertex 100.293 16.9712 3
    endloop
  endfacet
  facet normal 0 0 1
    outer loop
      vertex 100.147 16.9928 3
      vertex 100.147 14.0072 3
      vertex 100.293 14.0288 3
    endloop
  endfacet
  facet normal 0 0 1
    outer loop
      vertex 100 17 3
      vertex 100.147 14.0072 3
      vertex 100.147 16.9928 3
    endloop
  endfacet
  facet normal 0 0 1
    outer loop
      vertex 100 17 3
      vertex 100 14 3
      vertex 100.147 14.0072 3
    endloop
  endfacet
  facet normal -0 0 1
    outer loop
      vertex 99.853 16.9928 3
      vertex 100 14 3
      vertex 100 17 3
    endloop
  endfacet
  facet normal 0 0 1
    outer loop
      vertex 99.853 16.9928 3
      vertex 99.853 14.0072 3
      vertex 100 14 3
    endloop
  endfacet
  facet normal -0 0 1
    outer loop
      vertex 99.7074 16.9712 3
      vertex 99.853 14.0072 3
      vertex 99.853 16.9928 3
    endloop
  endfacet
  facet normal 0 0 1
    outer loop
      vertex 99.7074 16.9712 3
      vertex 99.7074 14.0288 3
      vertex 99.853 14.0072 3
    endloop
  endfacet
  facet normal -0 0 1
    outer loop
      vertex 99.5646 16.9354 3
      vertex 99.7074 14.0288 3
      vertex 99.7074 16.9712 3
    endloop
  endfacet
  facet normal 0 0 1
    outer loop
      vertex 99.5646 16.9354 3
      vertex 99.5646 14.0646 3
      vertex 99.7074 14.0288 3
    endloop
  endfacet
  facet normal -0 0 1
    outer loop
      vertex 99.426 16.8858 3
      vertex 99.5646 14.0646 3
      vertex 99.5646 16.9354 3
    endloop
  endfacet
  facet normal 0 0 1
    outer loop
      vertex 99.426 16.8858 3
      vertex 99.426 14.1142 3
      vertex 99.5646 14.0646 3
    endloop
  endfacet
  facet normal -0 0 1
    outer loop
      vertex 99.2929 16.8229 3
      vertex 99.426 14.1142 3
      vertex 99.426 16.8858 3
    endloop
  endfacet
  facet normal 0 0 1
    outer loop
      vertex 99.2929 16.8229 3
      vertex 99.2929 14.1771 3
      vertex 99.426 14.1142 3
    endloop
  endfacet
  facet normal -0 0 1
    outer loop
      vertex 99.1666 16.7472 3
      vertex 99.2929 14.1771 3
      vertex 99.2929 16.8229 3
    endloop
  endfacet
  facet normal 0 0 1
    outer loop
      vertex 99.1666 16.7472 3
      vertex 99.1666 14.2528 3
      vertex 99.2929 14.1771 3
    endloop
  endfacet
  facet normal -0 0 1
    outer loop
      vertex 99.0484 16.6595 3
      vertex 99.1666 14.2528 3
      vertex 99.1666 16.7472 3
    endloop
  endfacet
  facet normal 0 0 1
    outer loop
      vertex 99.0484 16.6595 3
      vertex 99.0484 14.3405 3
      vertex 99.1666 14.2528 3
    endloop
  endfacet
  facet normal -0 0 1
    outer loop
      vertex 98.9393 16.5607 3
      vertex 99.0484 14.3405 3
      vertex 99.0484 16.6595 3
    endloop
  endfacet
  facet normal 0 0 1
    outer loop
      vertex 98.9393 16.5607 3
      vertex 98.9393 14.4393 3
      vertex 99.0484 14.3405 3
    endloop
  endfacet
  facet normal -0 0 1
    outer loop
      vertex 98.8405 16.4516 3
      vertex 98.9393 14.4393 3
      vertex 98.9393 16.5607 3
    endloop
  endfacet
  facet normal 0 0 1
    outer loop
      vertex 98.8405 16.4516 3
      vertex 98.8405 14.5484 3
      vertex 98.9393 14.4393 3
    endloop
  endfacet
  facet normal -0 0 1
    outer loop
      vertex 98.7528 16.3334 3
      vertex 98.8405 14.5484 3
      vertex 98.8405 16.4516 3
    endloop
  endfacet
  facet normal 0 0 1
    outer loop
      vertex 98.7528 16.3334 3
      vertex 98.7528 14.6666 3
      vertex 98.8405 14.5484 3
    endloop
  endfacet
  facet normal -0 0 1
    outer loop
      vertex 98.6771 16.2071 3
      vertex 98.7528 14.6666 3
      vertex 98.7528 16.3334 3
    endloop
  endfacet
  facet normal 0 0 1
    outer loop
      vertex 98.6771 16.2071 3
      vertex 98.6771 14.7929 3
      vertex 98.7528 14.6666 3
    endloop
  endfacet
  facet normal -0 0 1
    outer loop
      vertex 98.6142 16.074 3
      vertex 98.6771 14.7929 3
      vertex 98.6771 16.2071 3
    endloop
  endfacet
  facet normal 0 0 1
    outer loop
      vertex 98.6142 16.074 3
      vertex 98.6142 14.926 3
      vertex 98.6771 14.7929 3
    endloop
  endfacet
  facet normal -0 0 1
    outer loop
      vertex 98.5646 15.9354 3
      vertex 98.6142 14.926 3
      vertex 98.6142 16.074 3
    endloop
  endfacet
  facet normal 0 0 1
    outer loop
      vertex 98.5646 15.9354 3
      vertex 98.5646 15.0646 3
      vertex 98.6142 14.926 3
    endloop
  endfacet
  facet normal -0 0 1
    outer loop
      vertex 98.5288 15.7926 3
      vertex 98.5646 15.0646 3
      vertex 98.5646 15.9354 3
    endloop
  endfacet
  facet normal 0 0 1
    outer loop
      vertex 98.5288 15.7926 3
      vertex 98.5288 15.2074 3
      vertex 98.5646 15.0646 3
    endloop
  endfacet
  facet normal -0 0 1
    outer loop
      vertex 98.5072 15.647 3
      vertex 98.5288 15.2074 3
      vertex 98.5288 15.7926 3
    endloop
  endfacet
  facet normal 0 0 1
    outer loop
      vertex 98.5072 15.647 3
      vertex 98.5072 15.353 3
      vertex 98.5288 15.2074 3
    endloop
  endfacet
  facet normal 0 -0 1
    outer loop
      vertex 98.5072 15.353 3
      vertex 98.5072 15.647 3
      vertex 98.5 15.5 3
    endloop
  endfacet
  facet normal 0 0 1
    outer loop
      vertex 15.4928 72.647 3
      vertex 15.4928 72.353 3
      vertex 15.5 72.5 3
    endloop
  endfacet
  facet normal 0 0 1
    outer loop
      vertex 15.4712 72.7926 3
      vertex 15.4928 72.353 3
      vertex 15.4928 72.647 3
    endloop
  endfacet
  facet normal 0 0 1
    outer loop
      vertex 15.4712 72.7926 3
      vertex 15.4712 72.2074 3
      vertex 15.4928 72.353 3
    endloop
  endfacet
  facet normal 0 0 1
    outer loop
      vertex 15.4354 72.9354 3
      vertex 15.4712 72.2074 3
      vertex 15.4712 72.7926 3
    endloop
  endfacet
  facet normal 0 0 1
    outer loop
      vertex 15.4354 72.9354 3
      vertex 15.4354 72.0646 3
      vertex 15.4712 72.2074 3
    endloop
  endfacet
  facet normal 0 0 1
    outer loop
      vertex 15.3858 73.074 3
      vertex 15.4354 72.0646 3
      vertex 15.4354 72.9354 3
    endloop
  endfacet
  facet normal 0 0 1
    outer loop
      vertex 15.3858 73.074 3
      vertex 15.3858 71.926 3
      vertex 15.4354 72.0646 3
    endloop
  endfacet
  facet normal 0 0 1
    outer loop
      vertex 15.3229 73.2071 3
      vertex 15.3858 71.926 3
      vertex 15.3858 73.074 3
    endloop
  endfacet
  facet normal 0 0 1
    outer loop
      vertex 15.3229 73.2071 3
      vertex 15.3229 71.7929 3
      vertex 15.3858 71.926 3
    endloop
  endfacet
  facet normal 0 0 1
    outer loop
      vertex 15.2472 73.3334 3
      vertex 15.3229 71.7929 3
      vertex 15.3229 73.2071 3
    endloop
  endfacet
  facet normal 0 0 1
    outer loop
      vertex 15.2472 73.3334 3
      vertex 15.2472 71.6666 3
      vertex 15.3229 71.7929 3
    endloop
  endfacet
  facet normal 0 0 1
    outer loop
      vertex 15.1595 73.4516 3
      vertex 15.2472 71.6666 3
      vertex 15.2472 73.3334 3
    endloop
  endfacet
  facet normal 0 0 1
    outer loop
      vertex 15.1595 73.4516 3
      vertex 15.1595 71.5484 3
      vertex 15.2472 71.6666 3
    endloop
  endfacet
  facet normal 0 0 1
    outer loop
      vertex 15.0607 73.5607 3
      vertex 15.1595 71.5484 3
      vertex 15.1595 73.4516 3
    endloop
  endfacet
  facet normal 0 0 1
    outer loop
      vertex 15.0607 73.5607 3
      vertex 15.0607 71.4393 3
      vertex 15.1595 71.5484 3
    endloop
  endfacet
  facet normal 0 0 1
    outer loop
      vertex 14.9516 73.6595 3
      vertex 15.0607 71.4393 3
      vertex 15.0607 73.5607 3
    endloop
  endfacet
  facet normal 0 0 1
    outer loop
      vertex 14.9516 73.6595 3
      vertex 14.9516 71.3405 3
      vertex 15.0607 71.4393 3
    endloop
  endfacet
  facet normal 0 0 1
    outer loop
      vertex 14.8334 73.7472 3
      vertex 14.9516 71.3405 3
      vertex 14.9516 73.6595 3
    endloop
  endfacet
  facet normal 0 0 1
    outer loop
      vertex 14.8334 73.7472 3
      vertex 14.8334 71.2528 3
      vertex 14.9516 71.3405 3
    endloop
  endfacet
  facet normal 0 0 1
    outer loop
      vertex 14.7071 73.8229 3
      vertex 14.8334 71.2528 3
      vertex 14.8334 73.7472 3
    endloop
  endfacet
  facet normal 0 0 1
    outer loop
      vertex 14.7071 73.8229 3
      vertex 14.7071 71.1771 3
      vertex 14.8334 71.2528 3
    endloop
  endfacet
  facet normal 0 0 1
    outer loop
      vertex 14.574 73.8858 3
      vertex 14.7071 71.1771 3
      vertex 14.7071 73.8229 3
    endloop
  endfacet
  facet normal 0 0 1
    outer loop
      vertex 14.574 73.8858 3
      vertex 14.574 71.1142 3
      vertex 14.7071 71.1771 3
    endloop
  endfacet
  facet normal 0 0 1
    outer loop
      vertex 14.4354 73.9354 3
      vertex 14.574 71.1142 3
      vertex 14.574 73.8858 3
    endloop
  endfacet
  facet normal 0 0 1
    outer loop
      vertex 14.4354 73.9354 3
      vertex 14.4354 71.0646 3
      vertex 14.574 71.1142 3
    endloop
  endfacet
  facet normal 0 0 1
    outer loop
      vertex 14.2926 73.9712 3
      vertex 14.4354 71.0646 3
      vertex 14.4354 73.9354 3
    endloop
  endfacet
  facet normal 0 0 1
    outer loop
      vertex 14.2926 73.9712 3
      vertex 14.2926 71.0288 3
      vertex 14.4354 71.0646 3
    endloop
  endfacet
  facet normal 0 0 1
    outer loop
      vertex 14.147 73.9928 3
      vertex 14.2926 71.0288 3
      vertex 14.2926 73.9712 3
    endloop
  endfacet
  facet normal 0 0 1
    outer loop
      vertex 14.147 73.9928 3
      vertex 14.147 71.0072 3
      vertex 14.2926 71.0288 3
    endloop
  endfacet
  facet normal 0 0 1
    outer loop
      vertex 14 74 3
      vertex 14.147 71.0072 3
      vertex 14.147 73.9928 3
    endloop
  endfacet
  facet normal 0 0 1
    outer loop
      vertex 14 74 3
      vertex 14 71 3
      vertex 14.147 71.0072 3
    endloop
  endfacet
  facet normal -0 0 1
    outer loop
      vertex 13.853 73.9928 3
      vertex 14 71 3
      vertex 14 74 3
    endloop
  endfacet
  facet normal 0 0 1
    outer loop
      vertex 13.853 73.9928 3
      vertex 13.853 71.0072 3
      vertex 14 71 3
    endloop
  endfacet
  facet normal -0 0 1
    outer loop
      vertex 13.7074 73.9712 3
      vertex 13.853 71.0072 3
      vertex 13.853 73.9928 3
    endloop
  endfacet
  facet normal 0 0 1
    outer loop
      vertex 13.7074 73.9712 3
      vertex 13.7074 71.0288 3
      vertex 13.853 71.0072 3
    endloop
  endfacet
  facet normal -0 0 1
    outer loop
      vertex 13.5646 73.9354 3
      vertex 13.7074 71.0288 3
      vertex 13.7074 73.9712 3
    endloop
  endfacet
  facet normal 0 0 1
    outer loop
      vertex 13.5646 73.9354 3
      vertex 13.5646 71.0646 3
      vertex 13.7074 71.0288 3
    endloop
  endfacet
  facet normal -0 0 1
    outer loop
      vertex 13.426 73.8858 3
      vertex 13.5646 71.0646 3
      vertex 13.5646 73.9354 3
    endloop
  endfacet
  facet normal 0 0 1
    outer loop
      vertex 13.426 73.8858 3
      vertex 13.426 71.1142 3
      vertex 13.5646 71.0646 3
    endloop
  endfacet
  facet normal -0 0 1
    outer loop
      vertex 13.2929 73.8229 3
      vertex 13.426 71.1142 3
      vertex 13.426 73.8858 3
    endloop
  endfacet
  facet normal 0 0 1
    outer loop
      vertex 13.2929 73.8229 3
      vertex 13.2929 71.1771 3
      vertex 13.426 71.1142 3
    endloop
  endfacet
  facet normal -0 0 1
    outer loop
      vertex 13.1666 73.7472 3
      vertex 13.2929 71.1771 3
      vertex 13.2929 73.8229 3
    endloop
  endfacet
  facet normal 0 0 1
    outer loop
      vertex 13.1666 73.7472 3
      vertex 13.1666 71.2528 3
      vertex 13.2929 71.1771 3
    endloop
  endfacet
  facet normal -0 0 1
    outer loop
      vertex 13.0484 73.6595 3
      vertex 13.1666 71.2528 3
      vertex 13.1666 73.7472 3
    endloop
  endfacet
  facet normal 0 0 1
    outer loop
      vertex 13.0484 73.6595 3
      vertex 13.0484 71.3405 3
      vertex 13.1666 71.2528 3
    endloop
  endfacet
  facet normal -0 0 1
    outer loop
      vertex 12.9393 73.5607 3
      vertex 13.0484 71.3405 3
      vertex 13.0484 73.6595 3
    endloop
  endfacet
  facet normal 0 0 1
    outer loop
      vertex 12.9393 73.5607 3
      vertex 12.9393 71.4393 3
      vertex 13.0484 71.3405 3
    endloop
  endfacet
  facet normal -0 0 1
    outer loop
      vertex 12.8405 73.4516 3
      vertex 12.9393 71.4393 3
      vertex 12.9393 73.5607 3
    endloop
  endfacet
  facet normal 0 0 1
    outer loop
      vertex 12.8405 73.4516 3
      vertex 12.8405 71.5484 3
      vertex 12.9393 71.4393 3
    endloop
  endfacet
  facet normal -0 0 1
    outer loop
      vertex 12.7528 73.3334 3
      vertex 12.8405 71.5484 3
      vertex 12.8405 73.4516 3
    endloop
  endfacet
  facet normal 0 0 1
    outer loop
      vertex 12.7528 73.3334 3
      vertex 12.7528 71.6666 3
      vertex 12.8405 71.5484 3
    endloop
  endfacet
  facet normal -0 0 1
    outer loop
      vertex 12.6771 73.2071 3
      vertex 12.7528 71.6666 3
      vertex 12.7528 73.3334 3
    endloop
  endfacet
  facet normal 0 0 1
    outer loop
      vertex 12.6771 73.2071 3
      vertex 12.6771 71.7929 3
      vertex 12.7528 71.6666 3
    endloop
  endfacet
  facet normal -0 0 1
    outer loop
      vertex 12.6142 73.074 3
      vertex 12.6771 71.7929 3
      vertex 12.6771 73.2071 3
    endloop
  endfacet
  facet normal 0 0 1
    outer loop
      vertex 12.6142 73.074 3
      vertex 12.6142 71.926 3
      vertex 12.6771 71.7929 3
    endloop
  endfacet
  facet normal -0 0 1
    outer loop
      vertex 12.5646 72.9354 3
      vertex 12.6142 71.926 3
      vertex 12.6142 73.074 3
    endloop
  endfacet
  facet normal 0 0 1
    outer loop
      vertex 12.5646 72.9354 3
      vertex 12.5646 72.0646 3
      vertex 12.6142 71.926 3
    endloop
  endfacet
  facet normal -0 0 1
    outer loop
      vertex 12.5288 72.7926 3
      vertex 12.5646 72.0646 3
      vertex 12.5646 72.9354 3
    endloop
  endfacet
  facet normal 0 0 1
    outer loop
      vertex 12.5288 72.7926 3
      vertex 12.5288 72.2074 3
      vertex 12.5646 72.0646 3
    endloop
  endfacet
  facet normal -0 0 1
    outer loop
      vertex 12.5072 72.647 3
      vertex 12.5288 72.2074 3
      vertex 12.5288 72.7926 3
    endloop
  endfacet
  facet normal 0 0 1
    outer loop
      vertex 12.5072 72.647 3
      vertex 12.5072 72.353 3
      vertex 12.5288 72.2074 3
    endloop
  endfacet
  facet normal 0 -0 1
    outer loop
      vertex 12.5072 72.353 3
      vertex 12.5072 72.647 3
      vertex 12.5 72.5 3
    endloop
  endfacet
  facet normal 0 0 1
    outer loop
      vertex 15.4928 15.647 3
      vertex 15.4928 15.353 3
      vertex 15.5 15.5 3
    endloop
  endfacet
  facet normal 0 0 1
    outer loop
      vertex 15.4712 15.7926 3
      vertex 15.4928 15.353 3
      vertex 15.4928 15.647 3
    endloop
  endfacet
  facet normal 0 0 1
    outer loop
      vertex 15.4712 15.7926 3
      vertex 15.4712 15.2074 3
      vertex 15.4928 15.353 3
    endloop
  endfacet
  facet normal 0 0 1
    outer loop
      vertex 15.4354 15.9354 3
      vertex 15.4712 15.2074 3
      vertex 15.4712 15.7926 3
    endloop
  endfacet
  facet normal 0 0 1
    outer loop
      vertex 15.4354 15.9354 3
      vertex 15.4354 15.0646 3
      vertex 15.4712 15.2074 3
    endloop
  endfacet
  facet normal 0 0 1
    outer loop
      vertex 15.3858 16.074 3
      vertex 15.4354 15.0646 3
      vertex 15.4354 15.9354 3
    endloop
  endfacet
  facet normal 0 0 1
    outer loop
      vertex 15.3858 16.074 3
      vertex 15.3858 14.926 3
      vertex 15.4354 15.0646 3
    endloop
  endfacet
  facet normal 0 0 1
    outer loop
      vertex 15.3229 16.2071 3
      vertex 15.3858 14.926 3
      vertex 15.3858 16.074 3
    endloop
  endfacet
  facet normal 0 0 1
    outer loop
      vertex 15.3229 16.2071 3
      vertex 15.3229 14.7929 3
      vertex 15.3858 14.926 3
    endloop
  endfacet
  facet normal 0 0 1
    outer loop
      vertex 15.2472 16.3334 3
      vertex 15.3229 14.7929 3
      vertex 15.3229 16.2071 3
    endloop
  endfacet
  facet normal 0 0 1
    outer loop
      vertex 15.2472 16.3334 3
      vertex 15.2472 14.6666 3
      vertex 15.3229 14.7929 3
    endloop
  endfacet
  facet normal 0 0 1
    outer loop
      vertex 15.1595 16.4516 3
      vertex 15.2472 14.6666 3
      vertex 15.2472 16.3334 3
    endloop
  endfacet
  facet normal 0 0 1
    outer loop
      vertex 15.1595 16.4516 3
      vertex 15.1595 14.5484 3
      vertex 15.2472 14.6666 3
    endloop
  endfacet
  facet normal 0 0 1
    outer loop
      vertex 15.0607 16.5607 3
      vertex 15.1595 14.5484 3
      vertex 15.1595 16.4516 3
    endloop
  endfacet
  facet normal 0 0 1
    outer loop
      vertex 15.0607 16.5607 3
      vertex 15.0607 14.4393 3
      vertex 15.1595 14.5484 3
    endloop
  endfacet
  facet normal 0 0 1
    outer loop
      vertex 14.9516 16.6595 3
      vertex 15.0607 14.4393 3
      vertex 15.0607 16.5607 3
    endloop
  endfacet
  facet normal 0 0 1
    outer loop
      vertex 14.9516 16.6595 3
      vertex 14.9516 14.3405 3
      vertex 15.0607 14.4393 3
    endloop
  endfacet
  facet normal 0 0 1
    outer loop
      vertex 14.8334 16.7472 3
      vertex 14.9516 14.3405 3
      vertex 14.9516 16.6595 3
    endloop
  endfacet
  facet normal 0 0 1
    outer loop
      vertex 14.8334 16.7472 3
      vertex 14.8334 14.2528 3
      vertex 14.9516 14.3405 3
    endloop
  endfacet
  facet normal 0 0 1
    outer loop
      vertex 14.7071 16.8229 3
      vertex 14.8334 14.2528 3
      vertex 14.8334 16.7472 3
    endloop
  endfacet
  facet normal 0 0 1
    outer loop
      vertex 14.7071 16.8229 3
      vertex 14.7071 14.1771 3
      vertex 14.8334 14.2528 3
    endloop
  endfacet
  facet normal 0 0 1
    outer loop
      vertex 14.574 16.8858 3
      vertex 14.7071 14.1771 3
      vertex 14.7071 16.8229 3
    endloop
  endfacet
  facet normal 0 0 1
    outer loop
      vertex 14.574 16.8858 3
      vertex 14.574 14.1142 3
      vertex 14.7071 14.1771 3
    endloop
  endfacet
  facet normal 0 0 1
    outer loop
      vertex 14.4354 16.9354 3
      vertex 14.574 14.1142 3
      vertex 14.574 16.8858 3
    endloop
  endfacet
  facet normal 0 0 1
    outer loop
      vertex 14.4354 16.9354 3
      vertex 14.4354 14.0646 3
      vertex 14.574 14.1142 3
    endloop
  endfacet
  facet normal 0 0 1
    outer loop
      vertex 14.2926 16.9712 3
      vertex 14.4354 14.0646 3
      vertex 14.4354 16.9354 3
    endloop
  endfacet
  facet normal 0 0 1
    outer loop
      vertex 14.2926 16.9712 3
      vertex 14.2926 14.0288 3
      vertex 14.4354 14.0646 3
    endloop
  endfacet
  facet normal 0 0 1
    outer loop
      vertex 14.147 16.9928 3
      vertex 14.2926 14.0288 3
      vertex 14.2926 16.9712 3
    endloop
  endfacet
  facet normal 0 0 1
    outer loop
      vertex 14.147 16.9928 3
      vertex 14.147 14.0072 3
      vertex 14.2926 14.0288 3
    endloop
  endfacet
  facet normal 0 0 1
    outer loop
      vertex 14 17 3
      vertex 14.147 14.0072 3
      vertex 14.147 16.9928 3
    endloop
  endfacet
  facet normal 0 0 1
    outer loop
      vertex 14 17 3
      vertex 14 14 3
      vertex 14.147 14.0072 3
    endloop
  endfacet
  facet normal -0 0 1
    outer loop
      vertex 13.853 16.9928 3
      vertex 14 14 3
      vertex 14 17 3
    endloop
  endfacet
  facet normal 0 0 1
    outer loop
      vertex 13.853 16.9928 3
      vertex 13.853 14.0072 3
      vertex 14 14 3
    endloop
  endfacet
  facet normal -0 0 1
    outer loop
      vertex 13.7074 16.9712 3
      vertex 13.853 14.0072 3
      vertex 13.853 16.9928 3
    endloop
  endfacet
  facet normal 0 0 1
    outer loop
      vertex 13.7074 16.9712 3
      vertex 13.7074 14.0288 3
      vertex 13.853 14.0072 3
    endloop
  endfacet
  facet normal -0 0 1
    outer loop
      vertex 13.5646 16.9354 3
      vertex 13.7074 14.0288 3
      vertex 13.7074 16.9712 3
    endloop
  endfacet
  facet normal 0 0 1
    outer loop
      vertex 13.5646 16.9354 3
      vertex 13.5646 14.0646 3
      vertex 13.7074 14.0288 3
    endloop
  endfacet
  facet normal -0 0 1
    outer loop
      vertex 13.426 16.8858 3
      vertex 13.5646 14.0646 3
      vertex 13.5646 16.9354 3
    endloop
  endfacet
  facet normal 0 0 1
    outer loop
      vertex 13.426 16.8858 3
      vertex 13.426 14.1142 3
      vertex 13.5646 14.0646 3
    endloop
  endfacet
  facet normal -0 0 1
    outer loop
      vertex 13.2929 16.8229 3
      vertex 13.426 14.1142 3
      vertex 13.426 16.8858 3
    endloop
  endfacet
  facet normal 0 0 1
    outer loop
      vertex 13.2929 16.8229 3
      vertex 13.2929 14.1771 3
      vertex 13.426 14.1142 3
    endloop
  endfacet
  facet normal -0 0 1
    outer loop
      vertex 13.1666 16.7472 3
      vertex 13.2929 14.1771 3
      vertex 13.2929 16.8229 3
    endloop
  endfacet
  facet normal 0 0 1
    outer loop
      vertex 13.1666 16.7472 3
      vertex 13.1666 14.2528 3
      vertex 13.2929 14.1771 3
    endloop
  endfacet
  facet normal -0 0 1
    outer loop
      vertex 13.0484 16.6595 3
      vertex 13.1666 14.2528 3
      vertex 13.1666 16.7472 3
    endloop
  endfacet
  facet normal 0 0 1
    outer loop
      vertex 13.0484 16.6595 3
      vertex 13.0484 14.3405 3
      vertex 13.1666 14.2528 3
    endloop
  endfacet
  facet normal -0 0 1
    outer loop
      vertex 12.9393 16.5607 3
      vertex 13.0484 14.3405 3
      vertex 13.0484 16.6595 3
    endloop
  endfacet
  facet normal 0 0 1
    outer loop
      vertex 12.9393 16.5607 3
      vertex 12.9393 14.4393 3
      vertex 13.0484 14.3405 3
    endloop
  endfacet
  facet normal -0 0 1
    outer loop
      vertex 12.8405 16.4516 3
      vertex 12.9393 14.4393 3
      vertex 12.9393 16.5607 3
    endloop
  endfacet
  facet normal 0 0 1
    outer loop
      vertex 12.8405 16.4516 3
      vertex 12.8405 14.5484 3
      vertex 12.9393 14.4393 3
    endloop
  endfacet
  facet normal -0 0 1
    outer loop
      vertex 12.7528 16.3334 3
      vertex 12.8405 14.5484 3
      vertex 12.8405 16.4516 3
    endloop
  endfacet
  facet normal 0 0 1
    outer loop
      vertex 12.7528 16.3334 3
      vertex 12.7528 14.6666 3
      vertex 12.8405 14.5484 3
    endloop
  endfacet
  facet normal -0 0 1
    outer loop
      vertex 12.6771 16.2071 3
      vertex 12.7528 14.6666 3
      vertex 12.7528 16.3334 3
    endloop
  endfacet
  facet normal 0 0 1
    outer loop
      vertex 12.6771 16.2071 3
      vertex 12.6771 14.7929 3
      vertex 12.7528 14.6666 3
    endloop
  endfacet
  facet normal -0 0 1
    outer loop
      vertex 12.6142 16.074 3
      vertex 12.6771 14.7929 3
      vertex 12.6771 16.2071 3
    endloop
  endfacet
  facet normal 0 0 1
    outer loop
      vertex 12.6142 16.074 3
      vertex 12.6142 14.926 3
      vertex 12.6771 14.7929 3
    endloop
  endfacet
  facet normal -0 0 1
    outer loop
      vertex 12.5646 15.9354 3
      vertex 12.6142 14.926 3
      vertex 12.6142 16.074 3
    endloop
  endfacet
  facet normal 0 0 1
    outer loop
      vertex 12.5646 15.9354 3
      vertex 12.5646 15.0646 3
      vertex 12.6142 14.926 3
    endloop
  endfacet
  facet normal -0 0 1
    outer loop
      vertex 12.5288 15.7926 3
      vertex 12.5646 15.0646 3
      vertex 12.5646 15.9354 3
    endloop
  endfacet
  facet normal 0 0 1
    outer loop
      vertex 12.5288 15.7926 3
      vertex 12.5288 15.2074 3
      vertex 12.5646 15.0646 3
    endloop
  endfacet
  facet normal -0 0 1
    outer loop
      vertex 12.5072 15.647 3
      vertex 12.5288 15.2074 3
      vertex 12.5288 15.7926 3
    endloop
  endfacet
  facet normal 0 0 1
    outer loop
      vertex 12.5072 15.647 3
      vertex 12.5072 15.353 3
      vertex 12.5288 15.2074 3
    endloop
  endfacet
  facet normal 0 -0 1
    outer loop
      vertex 12.5072 15.353 3
      vertex 12.5072 15.647 3
      vertex 12.5 15.5 3
    endloop
  endfacet
  facet normal 0 0 1
    outer loop
      vertex 7 88 3
      vertex 5.2 83.4 3
      vertex 7 83.4 3
    endloop
  endfacet
  facet normal -0 0 1
    outer loop
      vertex 2.12132 85.8787 3
      vertex 5.2 83.4 3
      vertex 4.24264 88 3
    endloop
  endfacet
  facet normal -0 0 1
    outer loop
      vertex 4.24264 88 3
      vertex 5.2 83.4 3
      vertex 7 88 3
    endloop
  endfacet
  facet normal 0 0 1
    outer loop
      vertex 114 83.7574 3
      vertex 113.9 49 3
      vertex 114 49 3
    endloop
  endfacet
  facet normal 0 0 1
    outer loop
      vertex 114 83.7574 3
      vertex 108.8 83.4 3
      vertex 113.9 49 3
    endloop
  endfacet
  facet normal 0 0 1
    outer loop
      vertex 108.8 83.4 3
      vertex 114 83.7574 3
      vertex 111.879 85.8787 3
    endloop
  endfacet
  facet normal 0 0 1
    outer loop
      vertex 111.879 2.12132 3
      vertex 114 39 3
      vertex 113.9 39 3
    endloop
  endfacet
  facet normal 0 0 1
    outer loop
      vertex 113.9 49 3
      vertex 108.8 83.4 3
      vertex 113.9 39 3
    endloop
  endfacet
  facet normal 0 0 1
    outer loop
      vertex 114 39 3
      vertex 111.879 2.12132 3
      vertex 114 0 3
    endloop
  endfacet
  facet normal 0 0 1
    outer loop
      vertex 0 4.24264 3
      vertex 2.12132 85.8787 3
      vertex 0 88 3
    endloop
  endfacet
  facet normal 0 0 1
    outer loop
      vertex 5.2 83.4 3
      vertex 0 4.24264 3
      vertex 2.12132 2.12132 3
    endloop
  endfacet
  facet normal 0 0 1
    outer loop
      vertex 17 12.8609 3
      vertex 16.8284 12.6716 3
      vertex 17 12.5 3
    endloop
  endfacet
  facet normal 0 0 1
    outer loop
      vertex 48 88 3
      vertex 45 75.5 3
      vertex 48 76 3
    endloop
  endfacet
  facet normal 0 0 1
    outer loop
      vertex 45 75.5 3
      vertex 33 75.5 3
      vertex 45 12.5 3
    endloop
  endfacet
  facet normal 0 0 1
    outer loop
      vertex 48 88 3
      vertex 33 75.5 3
      vertex 45 75.5 3
    endloop
  endfacet
  facet normal -0 0 1
    outer loop
      vertex 19 88 3
      vertex 33 75.5 3
      vertex 48 88 3
    endloop
  endfacet
  facet normal -0 0 1
    outer loop
      vertex 19 80 3
      vertex 33 75.5 3
      vertex 19 88 3
    endloop
  endfacet
  facet normal 0 0 1
    outer loop
      vertex 19 80 3
      vertex 17 75.5 3
      vertex 33 75.5 3
    endloop
  endfacet
  facet normal 0 0 1
    outer loop
      vertex 17 75.5 3
      vertex 16.8284 75.3284 3
      vertex 17 75.1391 3
    endloop
  endfacet
  facet normal -0 0 1
    outer loop
      vertex 16.2223 75.8259 3
      vertex 17 75.5 3
      vertex 19 80 3
    endloop
  endfacet
  facet normal 0 0 1
    outer loop
      vertex 17 75.5 3
      vertex 16.5376 75.592 3
      vertex 16.8284 75.3284 3
    endloop
  endfacet
  facet normal 0 0 1
    outer loop
      vertex 17 75.5 3
      vertex 16.2223 75.8259 3
      vertex 16.5376 75.592 3
    endloop
  endfacet
  facet normal 0 0 1
    outer loop
      vertex 19 80 3
      vertex 15.8856 76.0277 3
      vertex 16.2223 75.8259 3
    endloop
  endfacet
  facet normal 0 0 1
    outer loop
      vertex 19 80 3
      vertex 15.5307 76.1955 3
      vertex 15.8856 76.0277 3
    endloop
  endfacet
  facet normal 0 0 1
    outer loop
      vertex 19 80 3
      vertex 15.1611 76.3278 3
      vertex 15.5307 76.1955 3
    endloop
  endfacet
  facet normal 0 0 1
    outer loop
      vertex 19 80 3
      vertex 14.7804 76.4231 3
      vertex 15.1611 76.3278 3
    endloop
  endfacet
  facet normal 0 0 1
    outer loop
      vertex 19 80 3
      vertex 14.3921 76.4807 3
      vertex 14.7804 76.4231 3
    endloop
  endfacet
  facet normal 0 0 1
    outer loop
      vertex 19 80 3
      vertex 14 76.5 3
      vertex 14.3921 76.4807 3
    endloop
  endfacet
  facet normal 0 0 1
    outer loop
      vertex 19 80 3
      vertex 13.6079 76.4807 3
      vertex 14 76.5 3
    endloop
  endfacet
  facet normal -0 0 1
    outer loop
      vertex 7 80 3
      vertex 13.6079 76.4807 3
      vertex 19 80 3
    endloop
  endfacet
  facet normal 0 0 1
    outer loop
      vertex 13.6079 76.4807 3
      vertex 7 80 3
      vertex 13.2196 76.4231 3
    endloop
  endfacet
  facet normal 0 0 1
    outer loop
      vertex 13.2196 76.4231 3
      vertex 7 80 3
      vertex 12.8389 76.3278 3
    endloop
  endfacet
  facet normal 0 0 1
    outer loop
      vertex 12.8389 76.3278 3
      vertex 7 80 3
      vertex 12.4693 76.1955 3
    endloop
  endfacet
  facet normal 0 0 1
    outer loop
      vertex 12.4693 68.8045 3
      vertex 9.83008 65.2021 3
      vertex 9.94212 65.0785 3
    endloop
  endfacet
  facet normal 0 0 1
    outer loop
      vertex 10.0193 72.1079 3
      vertex 9.70647 65.3141 3
      vertex 9.83008 65.2021 3
    endloop
  endfacet
  facet normal 0 0 1
    outer loop
      vertex 10.0193 72.1079 3
      vertex 9.57247 65.4135 3
      vertex 9.70647 65.3141 3
    endloop
  endfacet
  facet normal 0 0 1
    outer loop
      vertex 7 80 3
      vertex 10 72.5 3
      vertex 10.0193 72.8921 3
    endloop
  endfacet
  facet normal 0 0 1
    outer loop
      vertex 10.0193 72.1079 3
      vertex 9.42937 65.4993 3
      vertex 9.57247 65.4135 3
    endloop
  endfacet
  facet normal 0 0 1
    outer loop
      vertex 10.0193 72.1079 3
      vertex 9.27856 65.5706 3
      vertex 9.42937 65.4993 3
    endloop
  endfacet
  facet normal 0 0 1
    outer loop
      vertex 10.0193 72.1079 3
      vertex 9.12148 65.6268 3
      vertex 9.27856 65.5706 3
    endloop
  endfacet
  facet normal 0 0 1
    outer loop
      vertex 10.0193 72.1079 3
      vertex 8.95965 65.6673 3
      vertex 9.12148 65.6268 3
    endloop
  endfacet
  facet normal 0 0 1
    outer loop
      vertex 10.0193 72.1079 3
      vertex 8.79463 65.6918 3
      vertex 8.95965 65.6673 3
    endloop
  endfacet
  facet normal 0 0 1
    outer loop
      vertex 7 80 3
      vertex 10.0193 72.8921 3
      vertex 10.0769 73.2804 3
    endloop
  endfacet
  facet normal 0 0 1
    outer loop
      vertex 10.0193 72.1079 3
      vertex 8.628 65.7 3
      vertex 8.79463 65.6918 3
    endloop
  endfacet
  facet normal 0 0 1
    outer loop
      vertex 10.0193 72.1079 3
      vertex 8.46137 65.6918 3
      vertex 8.628 65.7 3
    endloop
  endfacet
  facet normal 0 0 1
    outer loop
      vertex 10.0193 72.1079 3
      vertex 8.29635 65.6673 3
      vertex 8.46137 65.6918 3
    endloop
  endfacet
  facet normal 0 0 1
    outer loop
      vertex 10.0193 72.1079 3
      vertex 8.13452 65.6268 3
      vertex 8.29635 65.6673 3
    endloop
  endfacet
  facet normal 0 0 1
    outer loop
      vertex 7 80 3
      vertex 10.0769 73.2804 3
      vertex 10.1722 73.6611 3
    endloop
  endfacet
  facet normal 0 0 1
    outer loop
      vertex 10.0193 72.1079 3
      vertex 7.97744 65.5706 3
      vertex 8.13452 65.6268 3
    endloop
  endfacet
  facet normal 0 0 1
    outer loop
      vertex 10.0193 72.1079 3
      vertex 7.82662 65.4993 3
      vertex 7.97744 65.5706 3
    endloop
  endfacet
  facet normal 0 0 1
    outer loop
      vertex 10.0193 72.1079 3
      vertex 7.68353 65.4135 3
      vertex 7.82662 65.4993 3
    endloop
  endfacet
  facet normal 0 0 1
    outer loop
      vertex 10.0193 72.1079 3
      vertex 7.54953 65.3141 3
      vertex 7.68353 65.4135 3
    endloop
  endfacet
  facet normal 0 0 1
    outer loop
      vertex 10.0193 72.1079 3
      vertex 7.42592 65.2021 3
      vertex 7.54953 65.3141 3
    endloop
  endfacet
  facet normal 0 0 1
    outer loop
      vertex 10 72.5 3
      vertex 7 80 3
      vertex 7.31388 65.0785 3
    endloop
  endfacet
  facet normal 0 0 1
    outer loop
      vertex 10 72.5 3
      vertex 7.31388 65.0785 3
      vertex 7.42592 65.2021 3
    endloop
  endfacet
  facet normal 0 0 1
    outer loop
      vertex 7.31388 65.0785 3
      vertex 7 80 3
      vertex 7.2145 64.9445 3
    endloop
  endfacet
  facet normal 0 0 1
    outer loop
      vertex 7.2145 64.9445 3
      vertex 7 80 3
      vertex 7.12873 64.8014 3
    endloop
  endfacet
  facet normal 0 0 1
    outer loop
      vertex 7.12873 64.8014 3
      vertex 7 80 3
      vertex 7.0574 64.6506 3
    endloop
  endfacet
  facet normal 0 0 1
    outer loop
      vertex 12.4693 76.1955 3
      vertex 7 80 3
      vertex 12.1144 76.0277 3
    endloop
  endfacet
  facet normal 0 0 1
    outer loop
      vertex 7 80 3
      vertex 11.7777 75.8259 3
      vertex 12.1144 76.0277 3
    endloop
  endfacet
  facet normal 0 0 1
    outer loop
      vertex 7 80 3
      vertex 11.4624 75.592 3
      vertex 11.7777 75.8259 3
    endloop
  endfacet
  facet normal 0 0 1
    outer loop
      vertex 7 80 3
      vertex 11.1716 75.3284 3
      vertex 11.4624 75.592 3
    endloop
  endfacet
  facet normal 0 0 1
    outer loop
      vertex 7 80 3
      vertex 10.908 75.0376 3
      vertex 11.1716 75.3284 3
    endloop
  endfacet
  facet normal 0 0 1
    outer loop
      vertex 7 80 3
      vertex 10.6741 74.7223 3
      vertex 10.908 75.0376 3
    endloop
  endfacet
  facet normal 0 0 1
    outer loop
      vertex 7 80 3
      vertex 10.4723 74.3856 3
      vertex 10.6741 74.7223 3
    endloop
  endfacet
  facet normal 0 0 1
    outer loop
      vertex 7 80 3
      vertex 10.3045 74.0307 3
      vertex 10.4723 74.3856 3
    endloop
  endfacet
  facet normal 0 0 1
    outer loop
      vertex 7 80 3
      vertex 10.1722 73.6611 3
      vertex 10.3045 74.0307 3
    endloop
  endfacet
  facet normal 0 0 1
    outer loop
      vertex 7.0574 64.6506 3
      vertex 7 80 3
      vertex 7.0012 64.4935 3
    endloop
  endfacet
  facet normal 0 0 1
    outer loop
      vertex 7.0012 64.4935 3
      vertex 7 80 3
      vertex 7 64.4887 3
    endloop
  endfacet
  facet normal -0 0 1
    outer loop
      vertex 48 76 3
      vertex 61 75.5 3
      vertex 66 76 3
    endloop
  endfacet
  facet normal 0 0 1
    outer loop
      vertex 61 75.5 3
      vertex 48 76 3
      vertex 45 75.5 3
    endloop
  endfacet
  facet normal -0 0 1
    outer loop
      vertex 15.5307 68.8045 3
      vertex 10.1986 63.3494 3
      vertex 15.8856 68.9723 3
    endloop
  endfacet
  facet normal 0 0 1
    outer loop
      vertex 16.2223 18.8259 3
      vertex 10.3198 24.1666 3
      vertex 10.328 24 3
    endloop
  endfacet
  facet normal 0 0 1
    outer loop
      vertex 10.1273 63.1986 3
      vertex 15.8856 68.9723 3
      vertex 10.1986 63.3494 3
    endloop
  endfacet
  facet normal 0 0 1
    outer loop
      vertex 16.2223 18.8259 3
      vertex 10.2953 24.3317 3
      vertex 10.3198 24.1666 3
    endloop
  endfacet
  facet normal -0 0 1
    outer loop
      vertex 15.8856 68.9723 3
      vertex 10.1273 63.1986 3
      vertex 16.2223 69.1741 3
    endloop
  endfacet
  facet normal 0 0 1
    outer loop
      vertex 16.2223 18.8259 3
      vertex 10.2548 24.4935 3
      vertex 10.2953 24.3317 3
    endloop
  endfacet
  facet normal 0 0 1
    outer loop
      vertex 10.0415 63.0555 3
      vertex 16.2223 69.1741 3
      vertex 10.1273 63.1986 3
    endloop
  endfacet
  facet normal 0 0 1
    outer loop
      vertex 16.2223 18.8259 3
      vertex 10.1986 24.6506 3
      vertex 10.2548 24.4935 3
    endloop
  endfacet
  facet normal 0 0 1
    outer loop
      vertex 9.94212 62.9215 3
      vertex 16.2223 69.1741 3
      vertex 10.0415 63.0555 3
    endloop
  endfacet
  facet normal 0 0 1
    outer loop
      vertex 16.2223 18.8259 3
      vertex 10.1273 24.8014 3
      vertex 10.1986 24.6506 3
    endloop
  endfacet
  facet normal 0 0 1
    outer loop
      vertex 16.2223 69.1741 3
      vertex 9.94212 62.9215 3
      vertex 16.2223 18.8259 3
    endloop
  endfacet
  facet normal 0 0 1
    outer loop
      vertex 16.2223 18.8259 3
      vertex 10.0415 24.9445 3
      vertex 10.1273 24.8014 3
    endloop
  endfacet
  facet normal -0 0 1
    outer loop
      vertex 9.94212 25.0785 3
      vertex 16.2223 18.8259 3
      vertex 9.94212 62.9215 3
    endloop
  endfacet
  facet normal 0 0 1
    outer loop
      vertex 16.2223 18.8259 3
      vertex 9.94212 25.0785 3
      vertex 10.0415 24.9445 3
    endloop
  endfacet
  facet normal -0 0 1
    outer loop
      vertex 9.83008 62.7979 3
      vertex 9.94212 25.0785 3
      vertex 9.94212 62.9215 3
    endloop
  endfacet
  facet normal 0 0 1
    outer loop
      vertex 9.83008 62.7979 3
      vertex 9.83008 25.2021 3
      vertex 9.94212 25.0785 3
    endloop
  endfacet
  facet normal -0 0 1
    outer loop
      vertex 9.70647 62.6859 3
      vertex 9.83008 25.2021 3
      vertex 9.83008 62.7979 3
    endloop
  endfacet
  facet normal 0 0 1
    outer loop
      vertex 9.70647 62.6859 3
      vertex 9.70647 25.3141 3
      vertex 9.83008 25.2021 3
    endloop
  endfacet
  facet normal -0 0 1
    outer loop
      vertex 9.57247 62.5865 3
      vertex 9.70647 25.3141 3
      vertex 9.70647 62.6859 3
    endloop
  endfacet
  facet normal 0 0 1
    outer loop
      vertex 9.57247 62.5865 3
      vertex 9.57247 25.4135 3
      vertex 9.70647 25.3141 3
    endloop
  endfacet
  facet normal -0 0 1
    outer loop
      vertex 9.42937 62.5007 3
      vertex 9.57247 25.4135 3
      vertex 9.57247 62.5865 3
    endloop
  endfacet
  facet normal 0 0 1
    outer loop
      vertex 9.42937 62.5007 3
      vertex 9.42937 25.4993 3
      vertex 9.57247 25.4135 3
    endloop
  endfacet
  facet normal -0 0 1
    outer loop
      vertex 9.27856 62.4294 3
      vertex 9.42937 25.4993 3
      vertex 9.42937 62.5007 3
    endloop
  endfacet
  facet normal 0 0 1
    outer loop
      vertex 9.27856 62.4294 3
      vertex 9.27856 25.5706 3
      vertex 9.42937 25.4993 3
    endloop
  endfacet
  facet normal -0 0 1
    outer loop
      vertex 9.12148 62.3732 3
      vertex 9.27856 25.5706 3
      vertex 9.27856 62.4294 3
    endloop
  endfacet
  facet normal 0 0 1
    outer loop
      vertex 9.12148 62.3732 3
      vertex 9.12148 25.6268 3
      vertex 9.27856 25.5706 3
    endloop
  endfacet
  facet normal -0 0 1
    outer loop
      vertex 8.95965 62.3327 3
      vertex 9.12148 25.6268 3
      vertex 9.12148 62.3732 3
    endloop
  endfacet
  facet normal 0 0 1
    outer loop
      vertex 8.95965 62.3327 3
      vertex 8.95965 25.6673 3
      vertex 9.12148 25.6268 3
    endloop
  endfacet
  facet normal -0 0 1
    outer loop
      vertex 8.79463 62.3082 3
      vertex 8.95965 25.6673 3
      vertex 8.95965 62.3327 3
    endloop
  endfacet
  facet normal 0 0 1
    outer loop
      vertex 8.79463 62.3082 3
      vertex 8.79463 25.6918 3
      vertex 8.95965 25.6673 3
    endloop
  endfacet
  facet normal -0 0 1
    outer loop
      vertex 8.628 62.3 3
      vertex 8.79463 25.6918 3
      vertex 8.79463 62.3082 3
    endloop
  endfacet
  facet normal 0 0 1
    outer loop
      vertex 8.628 62.3 3
      vertex 8.628 25.7 3
      vertex 8.79463 25.6918 3
    endloop
  endfacet
  facet normal 0 0 1
    outer loop
      vertex 8.46137 62.3082 3
      vertex 8.628 25.7 3
      vertex 8.628 62.3 3
    endloop
  endfacet
  facet normal 0 0 1
    outer loop
      vertex 8.46137 62.3082 3
      vertex 8.46137 25.6918 3
      vertex 8.628 25.7 3
    endloop
  endfacet
  facet normal 0 0 1
    outer loop
      vertex 8.29635 62.3327 3
      vertex 8.46137 25.6918 3
      vertex 8.46137 62.3082 3
    endloop
  endfacet
  facet normal 0 0 1
    outer loop
      vertex 8.29635 62.3327 3
      vertex 8.29635 25.6673 3
      vertex 8.46137 25.6918 3
    endloop
  endfacet
  facet normal 0 0 1
    outer loop
      vertex 8.13452 62.3732 3
      vertex 8.29635 25.6673 3
      vertex 8.29635 62.3327 3
    endloop
  endfacet
  facet normal 0 0 1
    outer loop
      vertex 8.13452 62.3732 3
      vertex 8.13452 25.6268 3
      vertex 8.29635 25.6673 3
    endloop
  endfacet
  facet normal 0 0 1
    outer loop
      vertex 7.97744 62.4294 3
      vertex 8.13452 25.6268 3
      vertex 8.13452 62.3732 3
    endloop
  endfacet
  facet normal 0 0 1
    outer loop
      vertex 7.97744 62.4294 3
      vertex 7.97744 25.5706 3
      vertex 8.13452 25.6268 3
    endloop
  endfacet
  facet normal 0 0 1
    outer loop
      vertex 7.82662 62.5007 3
      vertex 7.97744 25.5706 3
      vertex 7.97744 62.4294 3
    endloop
  endfacet
  facet normal 0 0 1
    outer loop
      vertex 7.82662 62.5007 3
      vertex 7.82662 25.4993 3
      vertex 7.97744 25.5706 3
    endloop
  endfacet
  facet normal 0 0 1
    outer loop
      vertex 7.68353 62.5865 3
      vertex 7.82662 25.4993 3
      vertex 7.82662 62.5007 3
    endloop
  endfacet
  facet normal 0 0 1
    outer loop
      vertex 7.68353 62.5865 3
      vertex 7.68353 25.4135 3
      vertex 7.82662 25.4993 3
    endloop
  endfacet
  facet normal 0 0 1
    outer loop
      vertex 7.54953 62.6859 3
      vertex 7.68353 25.4135 3
      vertex 7.68353 62.5865 3
    endloop
  endfacet
  facet normal 0 0 1
    outer loop
      vertex 7.54953 62.6859 3
      vertex 7.54953 25.3141 3
      vertex 7.68353 25.4135 3
    endloop
  endfacet
  facet normal 0 0 1
    outer loop
      vertex 7.42592 62.7979 3
      vertex 7.54953 25.3141 3
      vertex 7.54953 62.6859 3
    endloop
  endfacet
  facet normal 0 0 1
    outer loop
      vertex 7.42592 62.7979 3
      vertex 7.42592 25.2021 3
      vertex 7.54953 25.3141 3
    endloop
  endfacet
  facet normal 0 0 1
    outer loop
      vertex 7.31388 62.9215 3
      vertex 7.42592 25.2021 3
      vertex 7.42592 62.7979 3
    endloop
  endfacet
  facet normal 0 0 1
    outer loop
      vertex 7.31388 62.9215 3
      vertex 7.31388 25.0785 3
      vertex 7.42592 25.2021 3
    endloop
  endfacet
  facet normal 0 0 1
    outer loop
      vertex 7.2145 63.0555 3
      vertex 7.31388 25.0785 3
      vertex 7.31388 62.9215 3
    endloop
  endfacet
  facet normal 0 0 1
    outer loop
      vertex 7.2145 63.0555 3
      vertex 7.2145 24.9445 3
      vertex 7.31388 25.0785 3
    endloop
  endfacet
  facet normal 0 0 1
    outer loop
      vertex 7.12873 63.1986 3
      vertex 7.2145 24.9445 3
      vertex 7.2145 63.0555 3
    endloop
  endfacet
  facet normal 0 0 1
    outer loop
      vertex 7.12873 63.1986 3
      vertex 7.12873 24.8014 3
      vertex 7.2145 24.9445 3
    endloop
  endfacet
  facet normal 0 0 1
    outer loop
      vertex 7.0574 63.3494 3
      vertex 7.12873 24.8014 3
      vertex 7.12873 63.1986 3
    endloop
  endfacet
  facet normal 0 0 1
    outer loop
      vertex 7.0574 63.3494 3
      vertex 7.0574 24.6506 3
      vertex 7.12873 24.8014 3
    endloop
  endfacet
  facet normal 0 0 1
    outer loop
      vertex 7.0012 63.5065 3
      vertex 7.0574 24.6506 3
      vertex 7.0574 63.3494 3
    endloop
  endfacet
  facet normal 0 0 1
    outer loop
      vertex 7.0012 63.5065 3
      vertex 7.0012 24.4935 3
      vertex 7.0574 24.6506 3
    endloop
  endfacet
  facet normal 0 0 1
    outer loop
      vertex 7 63.5113 3
      vertex 7.0012 24.4935 3
      vertex 7.0012 63.5065 3
    endloop
  endfacet
  facet normal 0 0 1
    outer loop
      vertex 7.0012 24.4935 3
      vertex 7 63.5113 3
      vertex 7 24.4887 3
    endloop
  endfacet
  facet normal -0 0 1
    outer loop
      vertex 16.8284 69.6716 3
      vertex 17 18.1391 3
      vertex 17 69.8609 3
    endloop
  endfacet
  facet normal 0 0 1
    outer loop
      vertex 16.8284 69.6716 3
      vertex 16.8284 18.3284 3
      vertex 17 18.1391 3
    endloop
  endfacet
  facet normal -0 0 1
    outer loop
      vertex 16.5376 69.408 3
      vertex 16.8284 18.3284 3
      vertex 16.8284 69.6716 3
    endloop
  endfacet
  facet normal 0 0 1
    outer loop
      vertex 16.5376 69.408 3
      vertex 16.5376 18.592 3
      vertex 16.8284 18.3284 3
    endloop
  endfacet
  facet normal -0 0 1
    outer loop
      vertex 16.2223 69.1741 3
      vertex 16.5376 18.592 3
      vertex 16.5376 69.408 3
    endloop
  endfacet
  facet normal 0 0 1
    outer loop
      vertex 16.2223 69.1741 3
      vertex 16.2223 18.8259 3
      vertex 16.5376 18.592 3
    endloop
  endfacet
  facet normal 0 0 1
    outer loop
      vertex 10.2548 63.5065 3
      vertex 15.1611 68.6722 3
      vertex 10.2953 63.6683 3
    endloop
  endfacet
  facet normal -0 0 1
    outer loop
      vertex 15.1611 68.6722 3
      vertex 10.2548 63.5065 3
      vertex 15.5307 68.8045 3
    endloop
  endfacet
  facet normal -0 0 1
    outer loop
      vertex 14.7804 68.5769 3
      vertex 10.2953 63.6683 3
      vertex 15.1611 68.6722 3
    endloop
  endfacet
  facet normal 0 0 1
    outer loop
      vertex 10.1986 63.3494 3
      vertex 15.5307 68.8045 3
      vertex 10.2548 63.5065 3
    endloop
  endfacet
  facet normal 0 0 1
    outer loop
      vertex 10.2953 63.6683 3
      vertex 14.7804 68.5769 3
      vertex 10.3198 63.8334 3
    endloop
  endfacet
  facet normal 0 0 1
    outer loop
      vertex 16.2223 18.8259 3
      vertex 10.328 24 3
      vertex 15.8856 19.0277 3
    endloop
  endfacet
  facet normal -0 0 1
    outer loop
      vertex 14.3921 68.5193 3
      vertex 10.3198 63.8334 3
      vertex 14.7804 68.5769 3
    endloop
  endfacet
  facet normal 0 0 1
    outer loop
      vertex 15.8856 19.0277 3
      vertex 10.328 24 3
      vertex 15.5307 19.1955 3
    endloop
  endfacet
  facet normal 0 0 1
    outer loop
      vertex 10.3198 63.8334 3
      vertex 14.3921 68.5193 3
      vertex 10.328 64 3
    endloop
  endfacet
  facet normal 0 0 1
    outer loop
      vertex 15.5307 19.1955 3
      vertex 10.328 24 3
      vertex 15.1611 19.3278 3
    endloop
  endfacet
  facet normal 0 0 1
    outer loop
      vertex 10.3198 64.1666 3
      vertex 14.3921 68.5193 3
      vertex 14 68.5 3
    endloop
  endfacet
  facet normal 0 0 1
    outer loop
      vertex 15.1611 19.3278 3
      vertex 10.328 24 3
      vertex 14.7804 19.4231 3
    endloop
  endfacet
  facet normal 0 0 1
    outer loop
      vertex 10.2953 64.3316 3
      vertex 14 68.5 3
      vertex 13.6079 68.5193 3
    endloop
  endfacet
  facet normal 0 0 1
    outer loop
      vertex 14.7804 19.4231 3
      vertex 10.328 24 3
      vertex 14.3921 19.4807 3
    endloop
  endfacet
  facet normal 0 0 1
    outer loop
      vertex 10.1986 64.6506 3
      vertex 13.6079 68.5193 3
      vertex 13.2196 68.5769 3
    endloop
  endfacet
  facet normal -0 0 1
    outer loop
      vertex 10.3198 23.8334 3
      vertex 14.3921 19.4807 3
      vertex 10.328 24 3
    endloop
  endfacet
  facet normal 0 0 1
    outer loop
      vertex 10.1273 64.8014 3
      vertex 13.2196 68.5769 3
      vertex 12.8389 68.6722 3
    endloop
  endfacet
  facet normal 0 0 1
    outer loop
      vertex 14.3921 19.4807 3
      vertex 10.3198 23.8334 3
      vertex 14 19.5 3
    endloop
  endfacet
  facet normal 0 0 1
    outer loop
      vertex 9.94212 65.0785 3
      vertex 12.8389 68.6722 3
      vertex 12.4693 68.8045 3
    endloop
  endfacet
  facet normal -0 0 1
    outer loop
      vertex 10.2953 23.6683 3
      vertex 14 19.5 3
      vertex 10.3198 23.8334 3
    endloop
  endfacet
  facet normal 0 0 1
    outer loop
      vertex 9.83008 65.2021 3
      vertex 12.4693 68.8045 3
      vertex 12.1144 68.9723 3
    endloop
  endfacet
  facet normal 0 0 1
    outer loop
      vertex 14 19.5 3
      vertex 10.2953 23.6683 3
      vertex 13.6079 19.4807 3
    endloop
  endfacet
  facet normal 0 0 1
    outer loop
      vertex 9.83008 65.2021 3
      vertex 12.1144 68.9723 3
      vertex 11.7777 69.1741 3
    endloop
  endfacet
  facet normal -0 0 1
    outer loop
      vertex 10.2548 23.5065 3
      vertex 13.6079 19.4807 3
      vertex 10.2953 23.6683 3
    endloop
  endfacet
  facet normal 0 0 1
    outer loop
      vertex 9.83008 65.2021 3
      vertex 11.7777 69.1741 3
      vertex 11.4624 69.408 3
    endloop
  endfacet
  facet normal -0 0 1
    outer loop
      vertex 10.1986 23.3494 3
      vertex 13.6079 19.4807 3
      vertex 10.2548 23.5065 3
    endloop
  endfacet
  facet normal 0 0 1
    outer loop
      vertex 9.83008 65.2021 3
      vertex 11.4624 69.408 3
      vertex 11.1716 69.6716 3
    endloop
  endfacet
  facet normal 0 0 1
    outer loop
      vertex 13.6079 19.4807 3
      vertex 10.1986 23.3494 3
      vertex 13.2196 19.4231 3
    endloop
  endfacet
  facet normal 0 0 1
    outer loop
      vertex 9.83008 65.2021 3
      vertex 11.1716 69.6716 3
      vertex 10.908 69.9624 3
    endloop
  endfacet
  facet normal -0 0 1
    outer loop
      vertex 10.1273 23.1986 3
      vertex 13.2196 19.4231 3
      vertex 10.1986 23.3494 3
    endloop
  endfacet
  facet normal 0 0 1
    outer loop
      vertex 9.83008 65.2021 3
      vertex 10.908 69.9624 3
      vertex 10.6741 70.2777 3
    endloop
  endfacet
  facet normal 0 0 1
    outer loop
      vertex 13.2196 19.4231 3
      vertex 10.1273 23.1986 3
      vertex 12.8389 19.3278 3
    endloop
  endfacet
  facet normal 0 0 1
    outer loop
      vertex 9.83008 65.2021 3
      vertex 10.6741 70.2777 3
      vertex 10.4723 70.6144 3
    endloop
  endfacet
  facet normal -0 0 1
    outer loop
      vertex 10.0415 23.0555 3
      vertex 12.8389 19.3278 3
      vertex 10.1273 23.1986 3
    endloop
  endfacet
  facet normal -0 0 1
    outer loop
      vertex 9.94212 22.9215 3
      vertex 12.8389 19.3278 3
      vertex 10.0415 23.0555 3
    endloop
  endfacet
  facet normal 0 0 1
    outer loop
      vertex 14.3921 68.5193 3
      vertex 10.3198 64.1666 3
      vertex 10.328 64 3
    endloop
  endfacet
  facet normal 0 0 1
    outer loop
      vertex 9.83008 65.2021 3
      vertex 10.4723 70.6144 3
      vertex 10.3045 70.9693 3
    endloop
  endfacet
  facet normal 0 0 1
    outer loop
      vertex 14 68.5 3
      vertex 10.2953 64.3316 3
      vertex 10.3198 64.1666 3
    endloop
  endfacet
  facet normal 0 0 1
    outer loop
      vertex 13.6079 68.5193 3
      vertex 10.2548 64.4935 3
      vertex 10.2953 64.3316 3
    endloop
  endfacet
  facet normal 0 0 1
    outer loop
      vertex 13.6079 68.5193 3
      vertex 10.1986 64.6506 3
      vertex 10.2548 64.4935 3
    endloop
  endfacet
  facet normal 0 0 1
    outer loop
      vertex 9.83008 65.2021 3
      vertex 10.3045 70.9693 3
      vertex 10.1722 71.3389 3
    endloop
  endfacet
  facet normal 0 0 1
    outer loop
      vertex 13.2196 68.5769 3
      vertex 10.1273 64.8014 3
      vertex 10.1986 64.6506 3
    endloop
  endfacet
  facet normal 0 0 1
    outer loop
      vertex 9.83008 65.2021 3
      vertex 10.1722 71.3389 3
      vertex 10.0769 71.7196 3
    endloop
  endfacet
  facet normal 0 0 1
    outer loop
      vertex 12.8389 68.6722 3
      vertex 10.0415 64.9445 3
      vertex 10.1273 64.8014 3
    endloop
  endfacet
  facet normal 0 0 1
    outer loop
      vertex 9.83008 65.2021 3
      vertex 10.0769 71.7196 3
      vertex 10.0193 72.1079 3
    endloop
  endfacet
  facet normal 0 0 1
    outer loop
      vertex 7.42592 65.2021 3
      vertex 10.0193 72.1079 3
      vertex 10 72.5 3
    endloop
  endfacet
  facet normal 0 0 1
    outer loop
      vertex 12.8389 68.6722 3
      vertex 9.94212 65.0785 3
      vertex 10.0415 64.9445 3
    endloop
  endfacet
  facet normal 0 0 1
    outer loop
      vertex 12.8389 19.3278 3
      vertex 9.94212 22.9215 3
      vertex 12.4693 19.1955 3
    endloop
  endfacet
  facet normal -0 0 1
    outer loop
      vertex 9.83008 22.7979 3
      vertex 12.4693 19.1955 3
      vertex 9.94212 22.9215 3
    endloop
  endfacet
  facet normal 0 0 1
    outer loop
      vertex 12.4693 19.1955 3
      vertex 9.83008 22.7979 3
      vertex 12.1144 19.0277 3
    endloop
  endfacet
  facet normal -0 0 1
    outer loop
      vertex 9.70647 22.6859 3
      vertex 12.1144 19.0277 3
      vertex 9.83008 22.7979 3
    endloop
  endfacet
  facet normal -0 0 1
    outer loop
      vertex 9.57247 22.5865 3
      vertex 12.1144 19.0277 3
      vertex 9.70647 22.6859 3
    endloop
  endfacet
  facet normal 0 0 1
    outer loop
      vertex 12.1144 19.0277 3
      vertex 9.57247 22.5865 3
      vertex 11.7777 18.8259 3
    endloop
  endfacet
  facet normal -0 0 1
    outer loop
      vertex 9.42937 22.5007 3
      vertex 11.7777 18.8259 3
      vertex 9.57247 22.5865 3
    endloop
  endfacet
  facet normal 0 0 1
    outer loop
      vertex 11.7777 18.8259 3
      vertex 9.42937 22.5007 3
      vertex 11.4624 18.592 3
    endloop
  endfacet
  facet normal -0 0 1
    outer loop
      vertex 9.27856 22.4294 3
      vertex 11.4624 18.592 3
      vertex 9.42937 22.5007 3
    endloop
  endfacet
  facet normal -0 0 1
    outer loop
      vertex 9.12148 22.3732 3
      vertex 11.4624 18.592 3
      vertex 9.27856 22.4294 3
    endloop
  endfacet
  facet normal 0 0 1
    outer loop
      vertex 11.4624 18.592 3
      vertex 9.12148 22.3732 3
      vertex 11.1716 18.3284 3
    endloop
  endfacet
  facet normal -0 0 1
    outer loop
      vertex 8.95965 22.3327 3
      vertex 11.1716 18.3284 3
      vertex 9.12148 22.3732 3
    endloop
  endfacet
  facet normal -0 0 1
    outer loop
      vertex 8.79463 22.3082 3
      vertex 11.1716 18.3284 3
      vertex 8.95965 22.3327 3
    endloop
  endfacet
  facet normal 0 0 1
    outer loop
      vertex 106.785 24.9955 3
      vertex 103.981 15.8921 3
      vertex 104 15.5 3
    endloop
  endfacet
  facet normal 0 0 1
    outer loop
      vertex 100.78 19.4231 3
      vertex 104.058 24.8615 3
      vertex 103.959 24.9955 3
    endloop
  endfacet
  facet normal 0 0 1
    outer loop
      vertex 104.17 24.7379 3
      vertex 103.923 16.2804 3
      vertex 103.981 15.8921 3
    endloop
  endfacet
  facet normal 0 0 1
    outer loop
      vertex 100.392 19.4807 3
      vertex 103.959 24.9955 3
      vertex 103.873 25.1386 3
    endloop
  endfacet
  facet normal 0 0 1
    outer loop
      vertex 104.17 24.7379 3
      vertex 103.828 16.6611 3
      vertex 103.923 16.2804 3
    endloop
  endfacet
  facet normal 0 0 1
    outer loop
      vertex 100 19.5 3
      vertex 103.873 25.1386 3
      vertex 103.801 25.2894 3
    endloop
  endfacet
  facet normal 0 0 1
    outer loop
      vertex 100 19.5 3
      vertex 103.801 25.2894 3
      vertex 103.745 25.4465 3
    endloop
  endfacet
  facet normal 0 0 1
    outer loop
      vertex 99.6079 19.4807 3
      vertex 103.745 25.4465 3
      vertex 103.705 25.6083 3
    endloop
  endfacet
  facet normal 0 0 1
    outer loop
      vertex 104.17 24.7379 3
      vertex 103.696 17.0307 3
      vertex 103.828 16.6611 3
    endloop
  endfacet
  facet normal 0 0 1
    outer loop
      vertex 99.2196 19.4231 3
      vertex 103.705 25.6083 3
      vertex 103.68 25.7734 3
    endloop
  endfacet
  facet normal 0 0 1
    outer loop
      vertex 98.8389 19.3278 3
      vertex 103.68 25.7734 3
      vertex 103.672 25.94 3
    endloop
  endfacet
  facet normal 0 0 1
    outer loop
      vertex 104.17 63.2621 3
      vertex 100.78 68.5769 3
      vertex 104.058 63.1385 3
    endloop
  endfacet
  facet normal 0 0 1
    outer loop
      vertex 104.17 24.7379 3
      vertex 103.528 17.3856 3
      vertex 103.696 17.0307 3
    endloop
  endfacet
  facet normal 0 0 1
    outer loop
      vertex 104.058 63.1385 3
      vertex 100.78 68.5769 3
      vertex 103.959 63.0045 3
    endloop
  endfacet
  facet normal 0 0 1
    outer loop
      vertex 104.17 24.7379 3
      vertex 103.326 17.7223 3
      vertex 103.528 17.3856 3
    endloop
  endfacet
  facet normal -0 0 1
    outer loop
      vertex 100.392 68.5193 3
      vertex 103.959 63.0045 3
      vertex 100.78 68.5769 3
    endloop
  endfacet
  facet normal 0 0 1
    outer loop
      vertex 104.17 24.7379 3
      vertex 103.092 18.0376 3
      vertex 103.326 17.7223 3
    endloop
  endfacet
  facet normal 0 0 1
    outer loop
      vertex 103.959 63.0045 3
      vertex 100.392 68.5193 3
      vertex 103.873 62.8614 3
    endloop
  endfacet
  facet normal 0 0 1
    outer loop
      vertex 104.17 24.7379 3
      vertex 102.828 18.3284 3
      vertex 103.092 18.0376 3
    endloop
  endfacet
  facet normal -0 0 1
    outer loop
      vertex 100 68.5 3
      vertex 103.873 62.8614 3
      vertex 100.392 68.5193 3
    endloop
  endfacet
  facet normal 0 0 1
    outer loop
      vertex 104.17 24.7379 3
      vertex 102.538 18.592 3
      vertex 102.828 18.3284 3
    endloop
  endfacet
  facet normal 0 0 1
    outer loop
      vertex 103.873 62.8614 3
      vertex 100 68.5 3
      vertex 103.801 62.7106 3
    endloop
  endfacet
  facet normal 0 0 1
    outer loop
      vertex 104.17 24.7379 3
      vertex 102.222 18.8259 3
      vertex 102.538 18.592 3
    endloop
  endfacet
  facet normal 0 0 1
    outer loop
      vertex 103.801 62.7106 3
      vertex 100 68.5 3
      vertex 103.745 62.5535 3
    endloop
  endfacet
  facet normal 0 0 1
    outer loop
      vertex 104.17 24.7379 3
      vertex 101.886 19.0277 3
      vertex 102.222 18.8259 3
    endloop
  endfacet
  facet normal 0 0 1
    outer loop
      vertex 99.6079 68.5193 3
      vertex 103.745 62.5535 3
      vertex 100 68.5 3
    endloop
  endfacet
  facet normal 0 0 1
    outer loop
      vertex 104.17 24.7379 3
      vertex 101.531 19.1955 3
      vertex 101.886 19.0277 3
    endloop
  endfacet
  facet normal 0 0 1
    outer loop
      vertex 103.745 62.5535 3
      vertex 99.6079 68.5193 3
      vertex 103.705 62.3917 3
    endloop
  endfacet
  facet normal 0 0 1
    outer loop
      vertex 104.17 24.7379 3
      vertex 101.161 19.3278 3
      vertex 101.531 19.1955 3
    endloop
  endfacet
  facet normal 0 0 1
    outer loop
      vertex 99.2196 68.5769 3
      vertex 103.705 62.3917 3
      vertex 99.6079 68.5193 3
    endloop
  endfacet
  facet normal 0 0 1
    outer loop
      vertex 104.17 24.7379 3
      vertex 100.78 19.4231 3
      vertex 101.161 19.3278 3
    endloop
  endfacet
  facet normal 0 0 1
    outer loop
      vertex 103.705 62.3917 3
      vertex 99.2196 68.5769 3
      vertex 103.68 62.2266 3
    endloop
  endfacet
  facet normal 0 0 1
    outer loop
      vertex 103.959 24.9955 3
      vertex 100.392 19.4807 3
      vertex 100.78 19.4231 3
    endloop
  endfacet
  facet normal 0 0 1
    outer loop
      vertex 98.8389 68.6722 3
      vertex 103.68 62.2266 3
      vertex 99.2196 68.5769 3
    endloop
  endfacet
  facet normal 0 0 1
    outer loop
      vertex 103.873 25.1386 3
      vertex 100 19.5 3
      vertex 100.392 19.4807 3
    endloop
  endfacet
  facet normal 0 0 1
    outer loop
      vertex 103.68 62.2266 3
      vertex 98.8389 68.6722 3
      vertex 103.672 62.06 3
    endloop
  endfacet
  facet normal 0 0 1
    outer loop
      vertex 103.745 25.4465 3
      vertex 99.6079 19.4807 3
      vertex 100 19.5 3
    endloop
  endfacet
  facet normal 0 0 1
    outer loop
      vertex 98.4693 68.8045 3
      vertex 103.672 62.06 3
      vertex 98.8389 68.6722 3
    endloop
  endfacet
  facet normal 0 0 1
    outer loop
      vertex 103.705 25.6083 3
      vertex 99.2196 19.4231 3
      vertex 99.6079 19.4807 3
    endloop
  endfacet
  facet normal 0 0 1
    outer loop
      vertex 98.1144 68.9723 3
      vertex 103.672 62.06 3
      vertex 98.4693 68.8045 3
    endloop
  endfacet
  facet normal 0 0 1
    outer loop
      vertex 103.68 25.7734 3
      vertex 98.8389 19.3278 3
      vertex 99.2196 19.4231 3
    endloop
  endfacet
  facet normal 0 0 1
    outer loop
      vertex 97.7777 69.1741 3
      vertex 103.672 62.06 3
      vertex 98.1144 68.9723 3
    endloop
  endfacet
  facet normal 0 0 1
    outer loop
      vertex 103.672 25.94 3
      vertex 98.4693 19.1955 3
      vertex 98.8389 19.3278 3
    endloop
  endfacet
  facet normal 0 0 1
    outer loop
      vertex 97.4624 69.408 3
      vertex 103.672 62.06 3
      vertex 97.7777 69.1741 3
    endloop
  endfacet
  facet normal 0 0 1
    outer loop
      vertex 103.672 25.94 3
      vertex 98.1144 19.0277 3
      vertex 98.4693 19.1955 3
    endloop
  endfacet
  facet normal 0 0 1
    outer loop
      vertex 103.672 62.06 3
      vertex 97.4624 69.408 3
      vertex 103.672 25.94 3
    endloop
  endfacet
  facet normal 0 0 1
    outer loop
      vertex 103.672 25.94 3
      vertex 97.7777 18.8259 3
      vertex 98.1144 19.0277 3
    endloop
  endfacet
  facet normal 0 0 1
    outer loop
      vertex 97.4624 18.592 3
      vertex 103.672 25.94 3
      vertex 97.4624 69.408 3
    endloop
  endfacet
  facet normal 0 0 1
    outer loop
      vertex 103.672 25.94 3
      vertex 97.4624 18.592 3
      vertex 97.7777 18.8259 3
    endloop
  endfacet
  facet normal 0 0 1
    outer loop
      vertex 97.1716 69.6716 3
      vertex 97.4624 18.592 3
      vertex 97.4624 69.408 3
    endloop
  endfacet
  facet normal 0 0 1
    outer loop
      vertex 97.1716 69.6716 3
      vertex 97.1716 18.3284 3
      vertex 97.4624 18.592 3
    endloop
  endfacet
  facet normal 0 0 1
    outer loop
      vertex 89 75.5 3
      vertex 97.1716 69.6716 3
      vertex 96.908 69.9624 3
    endloop
  endfacet
  facet normal 0 0 1
    outer loop
      vertex 97.1716 69.6716 3
      vertex 89 75.5 3
      vertex 97.1716 18.3284 3
    endloop
  endfacet
  facet normal 0 0 1
    outer loop
      vertex 89 75.5 3
      vertex 96.908 69.9624 3
      vertex 96.6741 70.2777 3
    endloop
  endfacet
  facet normal 0 0 1
    outer loop
      vertex 89 12.5 3
      vertex 97.1716 18.3284 3
      vertex 89 75.5 3
    endloop
  endfacet
  facet normal 0 0 1
    outer loop
      vertex 89 75.5 3
      vertex 96.6741 70.2777 3
      vertex 96.4723 70.6144 3
    endloop
  endfacet
  facet normal 0 0 1
    outer loop
      vertex 97.1716 18.3284 3
      vertex 89 12.5 3
      vertex 96.908 18.0376 3
    endloop
  endfacet
  facet normal 0 0 1
    outer loop
      vertex 89 75.5 3
      vertex 96.4723 70.6144 3
      vertex 96.3045 70.9693 3
    endloop
  endfacet
  facet normal 0 0 1
    outer loop
      vertex 96.908 18.0376 3
      vertex 89 12.5 3
      vertex 96.6741 17.7223 3
    endloop
  endfacet
  facet normal 0 0 1
    outer loop
      vertex 89 75.5 3
      vertex 96.3045 70.9693 3
      vertex 96.1722 71.3389 3
    endloop
  endfacet
  facet normal 0 0 1
    outer loop
      vertex 96.6741 17.7223 3
      vertex 89 12.5 3
      vertex 96.4723 17.3856 3
    endloop
  endfacet
  facet normal 0 0 1
    outer loop
      vertex 89 75.5 3
      vertex 96.1722 71.3389 3
      vertex 96.0769 71.7196 3
    endloop
  endfacet
  facet normal 0 0 1
    outer loop
      vertex 96.4723 17.3856 3
      vertex 89 12.5 3
      vertex 96.3045 17.0307 3
    endloop
  endfacet
  facet normal 0 0 1
    outer loop
      vertex 89 75.5 3
      vertex 96.0769 71.7196 3
      vertex 96.0193 72.1079 3
    endloop
  endfacet
  facet normal 0 0 1
    outer loop
      vertex 96.3045 17.0307 3
      vertex 89 12.5 3
      vertex 96.1722 16.6611 3
    endloop
  endfacet
  facet normal 0 0 1
    outer loop
      vertex 89 75.5 3
      vertex 96.0193 72.1079 3
      vertex 96 72.5 3
    endloop
  endfacet
  facet normal 0 0 1
    outer loop
      vertex 96.1722 16.6611 3
      vertex 89 12.5 3
      vertex 96.0769 16.2804 3
    endloop
  endfacet
  facet normal -0 0 1
    outer loop
      vertex 107.064 61.8934 3
      vertex 107.072 25.94 3
      vertex 107.072 62.06 3
    endloop
  endfacet
  facet normal 0 0 1
    outer loop
      vertex 107.064 61.8934 3
      vertex 107.064 26.1066 3
      vertex 107.072 25.94 3
    endloop
  endfacet
  facet normal -0 0 1
    outer loop
      vertex 107.039 61.7283 3
      vertex 107.064 26.1066 3
      vertex 107.064 61.8934 3
    endloop
  endfacet
  facet normal 0 0 1
    outer loop
      vertex 107.039 61.7283 3
      vertex 107.039 26.2717 3
      vertex 107.064 26.1066 3
    endloop
  endfacet
  facet normal -0 0 1
    outer loop
      vertex 106.999 61.5665 3
      vertex 107.039 26.2717 3
      vertex 107.039 61.7283 3
    endloop
  endfacet
  facet normal 0 0 1
    outer loop
      vertex 106.999 61.5665 3
      vertex 106.999 26.4335 3
      vertex 107.039 26.2717 3
    endloop
  endfacet
  facet normal -0 0 1
    outer loop
      vertex 106.943 61.4094 3
      vertex 106.999 26.4335 3
      vertex 106.999 61.5665 3
    endloop
  endfacet
  facet normal 0 0 1
    outer loop
      vertex 106.943 61.4094 3
      vertex 106.943 26.5906 3
      vertex 106.999 26.4335 3
    endloop
  endfacet
  facet normal -0 0 1
    outer loop
      vertex 106.871 61.2586 3
      vertex 106.943 26.5906 3
      vertex 106.943 61.4094 3
    endloop
  endfacet
  facet normal 0 0 1
    outer loop
      vertex 106.871 61.2586 3
      vertex 106.871 26.7414 3
      vertex 106.943 26.5906 3
    endloop
  endfacet
  facet normal -0 0 1
    outer loop
      vertex 106.785 61.1155 3
      vertex 106.871 26.7414 3
      vertex 106.871 61.2586 3
    endloop
  endfacet
  facet normal 0 0 1
    outer loop
      vertex 106.785 61.1155 3
      vertex 106.785 26.8845 3
      vertex 106.871 26.7414 3
    endloop
  endfacet
  facet normal -0 0 1
    outer loop
      vertex 106.686 60.9815 3
      vertex 106.785 26.8845 3
      vertex 106.785 61.1155 3
    endloop
  endfacet
  facet normal 0 0 1
    outer loop
      vertex 106.686 60.9815 3
      vertex 106.686 27.0185 3
      vertex 106.785 26.8845 3
    endloop
  endfacet
  facet normal -0 0 1
    outer loop
      vertex 106.574 60.8579 3
      vertex 106.686 27.0185 3
      vertex 106.686 60.9815 3
    endloop
  endfacet
  facet normal 0 0 1
    outer loop
      vertex 106.574 60.8579 3
      vertex 106.574 27.1421 3
      vertex 106.686 27.0185 3
    endloop
  endfacet
  facet normal -0 0 1
    outer loop
      vertex 106.45 60.7459 3
      vertex 106.574 27.1421 3
      vertex 106.574 60.8579 3
    endloop
  endfacet
  facet normal 0 0 1
    outer loop
      vertex 106.45 60.7459 3
      vertex 106.45 27.2541 3
      vertex 106.574 27.1421 3
    endloop
  endfacet
  facet normal -0 0 1
    outer loop
      vertex 106.316 60.6465 3
      vertex 106.45 27.2541 3
      vertex 106.45 60.7459 3
    endloop
  endfacet
  facet normal 0 0 1
    outer loop
      vertex 106.316 60.6465 3
      vertex 106.316 27.3535 3
      vertex 106.45 27.2541 3
    endloop
  endfacet
  facet normal -0 0 1
    outer loop
      vertex 106.173 60.5607 3
      vertex 106.316 27.3535 3
      vertex 106.316 60.6465 3
    endloop
  endfacet
  facet normal 0 0 1
    outer loop
      vertex 106.173 60.5607 3
      vertex 106.173 27.4393 3
      vertex 106.316 27.3535 3
    endloop
  endfacet
  facet normal -0 0 1
    outer loop
      vertex 106.023 60.4894 3
      vertex 106.173 27.4393 3
      vertex 106.173 60.5607 3
    endloop
  endfacet
  facet normal 0 0 1
    outer loop
      vertex 106.023 60.4894 3
      vertex 106.023 27.5106 3
      vertex 106.173 27.4393 3
    endloop
  endfacet
  facet normal -0 0 1
    outer loop
      vertex 105.865 60.4332 3
      vertex 106.023 27.5106 3
      vertex 106.023 60.4894 3
    endloop
  endfacet
  facet normal 0 0 1
    outer loop
      vertex 105.865 60.4332 3
      vertex 105.865 27.5668 3
      vertex 106.023 27.5106 3
    endloop
  endfacet
  facet normal -0 0 1
    outer loop
      vertex 105.704 60.3927 3
      vertex 105.865 27.5668 3
      vertex 105.865 60.4332 3
    endloop
  endfacet
  facet normal 0 0 1
    outer loop
      vertex 105.704 60.3927 3
      vertex 105.704 27.6073 3
      vertex 105.865 27.5668 3
    endloop
  endfacet
  facet normal -0 0 1
    outer loop
      vertex 105.539 60.3682 3
      vertex 105.704 27.6073 3
      vertex 105.704 60.3927 3
    endloop
  endfacet
  facet normal 0 0 1
    outer loop
      vertex 105.539 60.3682 3
      vertex 105.539 27.6318 3
      vertex 105.704 27.6073 3
    endloop
  endfacet
  facet normal -0 0 1
    outer loop
      vertex 105.372 60.36 3
      vertex 105.539 27.6318 3
      vertex 105.539 60.3682 3
    endloop
  endfacet
  facet normal 0 0 1
    outer loop
      vertex 105.372 60.36 3
      vertex 105.372 27.64 3
      vertex 105.539 27.6318 3
    endloop
  endfacet
  facet normal 0 0 1
    outer loop
      vertex 105.205 60.3682 3
      vertex 105.372 27.64 3
      vertex 105.372 60.36 3
    endloop
  endfacet
  facet normal 0 0 1
    outer loop
      vertex 105.205 60.3682 3
      vertex 105.205 27.6318 3
      vertex 105.372 27.64 3
    endloop
  endfacet
  facet normal 0 0 1
    outer loop
      vertex 105.04 60.3927 3
      vertex 105.205 27.6318 3
      vertex 105.205 60.3682 3
    endloop
  endfacet
  facet normal 0 0 1
    outer loop
      vertex 105.04 60.3927 3
      vertex 105.04 27.6073 3
      vertex 105.205 27.6318 3
    endloop
  endfacet
  facet normal 0 0 1
    outer loop
      vertex 104.879 60.4332 3
      vertex 105.04 27.6073 3
      vertex 105.04 60.3927 3
    endloop
  endfacet
  facet normal 0 0 1
    outer loop
      vertex 104.879 60.4332 3
      vertex 104.879 27.5668 3
      vertex 105.04 27.6073 3
    endloop
  endfacet
  facet normal 0 0 1
    outer loop
      vertex 104.721 60.4894 3
      vertex 104.879 27.5668 3
      vertex 104.879 60.4332 3
    endloop
  endfacet
  facet normal 0 0 1
    outer loop
      vertex 104.721 60.4894 3
      vertex 104.721 27.5106 3
      vertex 104.879 27.5668 3
    endloop
  endfacet
  facet normal 0 0 1
    outer loop
      vertex 104.571 60.5607 3
      vertex 104.721 27.5106 3
      vertex 104.721 60.4894 3
    endloop
  endfacet
  facet normal 0 0 1
    outer loop
      vertex 104.571 60.5607 3
      vertex 104.571 27.4393 3
      vertex 104.721 27.5106 3
    endloop
  endfacet
  facet normal 0 0 1
    outer loop
      vertex 104.428 60.6465 3
      vertex 104.571 27.4393 3
      vertex 104.571 60.5607 3
    endloop
  endfacet
  facet normal 0 0 1
    outer loop
      vertex 104.428 60.6465 3
      vertex 104.428 27.3535 3
      vertex 104.571 27.4393 3
    endloop
  endfacet
  facet normal 0 0 1
    outer loop
      vertex 104.294 60.7459 3
      vertex 104.428 27.3535 3
      vertex 104.428 60.6465 3
    endloop
  endfacet
  facet normal 0 0 1
    outer loop
      vertex 104.294 60.7459 3
      vertex 104.294 27.2541 3
      vertex 104.428 27.3535 3
    endloop
  endfacet
  facet normal 0 0 1
    outer loop
      vertex 104.17 60.8579 3
      vertex 104.294 27.2541 3
      vertex 104.294 60.7459 3
    endloop
  endfacet
  facet normal 0 0 1
    outer loop
      vertex 104.17 60.8579 3
      vertex 104.17 27.1421 3
      vertex 104.294 27.2541 3
    endloop
  endfacet
  facet normal 0 0 1
    outer loop
      vertex 104.058 60.9815 3
      vertex 104.17 27.1421 3
      vertex 104.17 60.8579 3
    endloop
  endfacet
  facet normal 0 0 1
    outer loop
      vertex 104.058 60.9815 3
      vertex 104.058 27.0185 3
      vertex 104.17 27.1421 3
    endloop
  endfacet
  facet normal 0 0 1
    outer loop
      vertex 103.959 61.1155 3
      vertex 104.058 27.0185 3
      vertex 104.058 60.9815 3
    endloop
  endfacet
  facet normal 0 0 1
    outer loop
      vertex 103.959 61.1155 3
      vertex 103.959 26.8845 3
      vertex 104.058 27.0185 3
    endloop
  endfacet
  facet normal 0 0 1
    outer loop
      vertex 103.873 61.2586 3
      vertex 103.959 26.8845 3
      vertex 103.959 61.1155 3
    endloop
  endfacet
  facet normal 0 0 1
    outer loop
      vertex 103.873 61.2586 3
      vertex 103.873 26.7414 3
      vertex 103.959 26.8845 3
    endloop
  endfacet
  facet normal 0 0 1
    outer loop
      vertex 103.801 61.4094 3
      vertex 103.873 26.7414 3
      vertex 103.873 61.2586 3
    endloop
  endfacet
  facet normal 0 0 1
    outer loop
      vertex 103.801 61.4094 3
      vertex 103.801 26.5906 3
      vertex 103.873 26.7414 3
    endloop
  endfacet
  facet normal 0 0 1
    outer loop
      vertex 103.745 61.5665 3
      vertex 103.801 26.5906 3
      vertex 103.801 61.4094 3
    endloop
  endfacet
  facet normal 0 0 1
    outer loop
      vertex 103.745 61.5665 3
      vertex 103.745 26.4335 3
      vertex 103.801 26.5906 3
    endloop
  endfacet
  facet normal 0 0 1
    outer loop
      vertex 103.705 61.7283 3
      vertex 103.745 26.4335 3
      vertex 103.745 61.5665 3
    endloop
  endfacet
  facet normal 0 0 1
    outer loop
      vertex 103.705 61.7283 3
      vertex 103.705 26.2717 3
      vertex 103.745 26.4335 3
    endloop
  endfacet
  facet normal 0 0 1
    outer loop
      vertex 103.68 61.8934 3
      vertex 103.705 26.2717 3
      vertex 103.705 61.7283 3
    endloop
  endfacet
  facet normal 0 0 1
    outer loop
      vertex 103.68 61.8934 3
      vertex 103.68 26.1066 3
      vertex 103.705 26.2717 3
    endloop
  endfacet
  facet normal 0 0 1
    outer loop
      vertex 103.672 62.06 3
      vertex 103.68 26.1066 3
      vertex 103.68 61.8934 3
    endloop
  endfacet
  facet normal 0 0 1
    outer loop
      vertex 103.68 26.1066 3
      vertex 103.672 62.06 3
      vertex 103.672 25.94 3
    endloop
  endfacet
  facet normal 0 0 1
    outer loop
      vertex 108.8 2.7 3
      vertex 113.9 39 3
      vertex 108.8 83.4 3
    endloop
  endfacet
  facet normal 0 0 1
    outer loop
      vertex 113.9 39 3
      vertex 108.8 2.7 3
      vertex 111.879 2.12132 3
    endloop
  endfacet
  facet normal 0 0 1
    outer loop
      vertex 107.5 83.4 3
      vertex 111.879 85.8787 3
      vertex 114 88 3
    endloop
  endfacet
  facet normal 0 0 1
    outer loop
      vertex 111.879 85.8787 3
      vertex 107.5 83.4 3
      vertex 108.8 83.4 3
    endloop
  endfacet
  facet normal 0 0 1
    outer loop
      vertex 107.5 83.4 3
      vertex 107.072 62.06 3
      vertex 107.5 4.5 3
    endloop
  endfacet
  facet normal 0 0 1
    outer loop
      vertex 107.5 83.4 3
      vertex 107.064 62.2266 3
      vertex 107.072 62.06 3
    endloop
  endfacet
  facet normal 0 0 1
    outer loop
      vertex 107.5 83.4 3
      vertex 107.039 62.3917 3
      vertex 107.064 62.2266 3
    endloop
  endfacet
  facet normal 0 0 1
    outer loop
      vertex 107.5 83.4 3
      vertex 106.999 62.5535 3
      vertex 107.039 62.3917 3
    endloop
  endfacet
  facet normal 0 0 1
    outer loop
      vertex 107.5 83.4 3
      vertex 106.943 62.7106 3
      vertex 106.999 62.5535 3
    endloop
  endfacet
  facet normal 0 0 1
    outer loop
      vertex 107.5 83.4 3
      vertex 106.871 62.8614 3
      vertex 106.943 62.7106 3
    endloop
  endfacet
  facet normal 0 0 1
    outer loop
      vertex 107.5 83.4 3
      vertex 106.785 63.0045 3
      vertex 106.871 62.8614 3
    endloop
  endfacet
  facet normal -0 0 1
    outer loop
      vertex 104 72.5 3
      vertex 106.785 63.0045 3
      vertex 107.5 83.4 3
    endloop
  endfacet
  facet normal -0 0 1
    outer loop
      vertex 103.981 72.1079 3
      vertex 106.785 63.0045 3
      vertex 104 72.5 3
    endloop
  endfacet
  facet normal 0 0 1
    outer loop
      vertex 106.785 63.0045 3
      vertex 103.981 72.1079 3
      vertex 106.686 63.1385 3
    endloop
  endfacet
  facet normal 0 0 1
    outer loop
      vertex 106.686 63.1385 3
      vertex 103.981 72.1079 3
      vertex 106.574 63.2621 3
    endloop
  endfacet
  facet normal -0 0 1
    outer loop
      vertex 103.923 71.7196 3
      vertex 106.574 63.2621 3
      vertex 103.981 72.1079 3
    endloop
  endfacet
  facet normal 0 0 1
    outer loop
      vertex 106.574 63.2621 3
      vertex 103.923 71.7196 3
      vertex 106.45 63.3741 3
    endloop
  endfacet
  facet normal -0 0 1
    outer loop
      vertex 103.828 71.3389 3
      vertex 106.45 63.3741 3
      vertex 103.923 71.7196 3
    endloop
  endfacet
  facet normal 0 0 1
    outer loop
      vertex 106.45 63.3741 3
      vertex 103.828 71.3389 3
      vertex 106.316 63.4735 3
    endloop
  endfacet
  facet normal -0 0 1
    outer loop
      vertex 103.696 70.9693 3
      vertex 106.316 63.4735 3
      vertex 103.828 71.3389 3
    endloop
  endfacet
  facet normal 0 0 1
    outer loop
      vertex 106.316 63.4735 3
      vertex 103.696 70.9693 3
      vertex 106.173 63.5593 3
    endloop
  endfacet
  facet normal -0 0 1
    outer loop
      vertex 103.528 70.6144 3
      vertex 106.173 63.5593 3
      vertex 103.696 70.9693 3
    endloop
  endfacet
  facet normal 0 0 1
    outer loop
      vertex 106.023 63.6306 3
      vertex 103.528 70.6144 3
      vertex 105.865 63.6868 3
    endloop
  endfacet
  facet normal -0 0 1
    outer loop
      vertex 103.326 70.2777 3
      vertex 105.865 63.6868 3
      vertex 103.528 70.6144 3
    endloop
  endfacet
  facet normal 0 0 1
    outer loop
      vertex 105.865 63.6868 3
      vertex 103.326 70.2777 3
      vertex 105.704 63.7273 3
    endloop
  endfacet
  facet normal -0 0 1
    outer loop
      vertex 103.092 69.9624 3
      vertex 105.704 63.7273 3
      vertex 103.326 70.2777 3
    endloop
  endfacet
  facet normal 0 0 1
    outer loop
      vertex 105.704 63.7273 3
      vertex 103.092 69.9624 3
      vertex 105.539 63.7518 3
    endloop
  endfacet
  facet normal 0 0 1
    outer loop
      vertex 105.539 63.7518 3
      vertex 103.092 69.9624 3
      vertex 105.372 63.76 3
    endloop
  endfacet
  facet normal -0 0 1
    outer loop
      vertex 102.828 69.6716 3
      vertex 105.372 63.76 3
      vertex 103.092 69.9624 3
    endloop
  endfacet
  facet normal 0 0 1
    outer loop
      vertex 105.372 63.76 3
      vertex 102.828 69.6716 3
      vertex 105.205 63.7518 3
    endloop
  endfacet
  facet normal 0 0 1
    outer loop
      vertex 106.173 63.5593 3
      vertex 103.528 70.6144 3
      vertex 106.023 63.6306 3
    endloop
  endfacet
  facet normal 0 0 1
    outer loop
      vertex 107.5 83.4 3
      vertex 103.981 72.8921 3
      vertex 104 72.5 3
    endloop
  endfacet
  facet normal 0 0 1
    outer loop
      vertex 107.5 83.4 3
      vertex 103.923 73.2804 3
      vertex 103.981 72.8921 3
    endloop
  endfacet
  facet normal 0 0 1
    outer loop
      vertex 107.5 83.4 3
      vertex 103.828 73.6611 3
      vertex 103.923 73.2804 3
    endloop
  endfacet
  facet normal 0 0 1
    outer loop
      vertex 107.5 83.4 3
      vertex 103.696 74.0307 3
      vertex 103.828 73.6611 3
    endloop
  endfacet
  facet normal 0 0 1
    outer loop
      vertex 107.5 83.4 3
      vertex 103.528 74.3856 3
      vertex 103.696 74.0307 3
    endloop
  endfacet
  facet normal 0 0 1
    outer loop
      vertex 107.5 83.4 3
      vertex 103.326 74.7223 3
      vertex 103.528 74.3856 3
    endloop
  endfacet
  facet normal 0 0 1
    outer loop
      vertex 107.5 83.4 3
      vertex 103.092 75.0376 3
      vertex 103.326 74.7223 3
    endloop
  endfacet
  facet normal 0 0 1
    outer loop
      vertex 107.5 83.4 3
      vertex 102.828 75.3284 3
      vertex 103.092 75.0376 3
    endloop
  endfacet
  facet normal 0 0 1
    outer loop
      vertex 107.5 83.4 3
      vertex 102.538 75.592 3
      vertex 102.828 75.3284 3
    endloop
  endfacet
  facet normal 0 0 1
    outer loop
      vertex 107.5 83.4 3
      vertex 102.222 75.8259 3
      vertex 102.538 75.592 3
    endloop
  endfacet
  facet normal 0 0 1
    outer loop
      vertex 107.5 83.4 3
      vertex 101.886 76.0277 3
      vertex 102.222 75.8259 3
    endloop
  endfacet
  facet normal 0 0 1
    outer loop
      vertex 107.5 83.4 3
      vertex 101.531 76.1955 3
      vertex 101.886 76.0277 3
    endloop
  endfacet
  facet normal 0 0 1
    outer loop
      vertex 107.5 83.4 3
      vertex 101.161 76.3278 3
      vertex 101.531 76.1955 3
    endloop
  endfacet
  facet normal 0 0 1
    outer loop
      vertex 107.5 83.4 3
      vertex 100.78 76.4231 3
      vertex 101.161 76.3278 3
    endloop
  endfacet
  facet normal 0 0 1
    outer loop
      vertex 107.5 83.4 3
      vertex 100.392 76.4807 3
      vertex 100.78 76.4231 3
    endloop
  endfacet
  facet normal 0 0 1
    outer loop
      vertex 107.5 83.4 3
      vertex 100 76.5 3
      vertex 100.392 76.4807 3
    endloop
  endfacet
  facet normal 0 0 1
    outer loop
      vertex 107.5 83.4 3
      vertex 99.6079 76.4807 3
      vertex 100 76.5 3
    endloop
  endfacet
  facet normal 0 0 1
    outer loop
      vertex 107.5 83.4 3
      vertex 99.2196 76.4231 3
      vertex 99.6079 76.4807 3
    endloop
  endfacet
  facet normal 0 0 1
    outer loop
      vertex 107.5 83.4 3
      vertex 98.8389 76.3278 3
      vertex 99.2196 76.4231 3
    endloop
  endfacet
  facet normal 0 0 1
    outer loop
      vertex 107.5 83.4 3
      vertex 98.4693 76.1955 3
      vertex 98.8389 76.3278 3
    endloop
  endfacet
  facet normal 0 0 1
    outer loop
      vertex 89 75.5 3
      vertex 98.4693 76.1955 3
      vertex 107.5 83.4 3
    endloop
  endfacet
  facet normal 0 0 1
    outer loop
      vertex 98.4693 76.1955 3
      vertex 89 75.5 3
      vertex 98.1144 76.0277 3
    endloop
  endfacet
  facet normal 0 0 1
    outer loop
      vertex 98.1144 76.0277 3
      vertex 89 75.5 3
      vertex 97.7777 75.8259 3
    endloop
  endfacet
  facet normal 0 0 1
    outer loop
      vertex 96.0769 16.2804 3
      vertex 89 12.5 3
      vertex 96.0193 15.8921 3
    endloop
  endfacet
  facet normal 0 0 1
    outer loop
      vertex 96.0193 72.8921 3
      vertex 89 75.5 3
      vertex 96 72.5 3
    endloop
  endfacet
  facet normal 0 0 1
    outer loop
      vertex 96.0769 73.2804 3
      vertex 89 75.5 3
      vertex 96.0193 72.8921 3
    endloop
  endfacet
  facet normal 0 0 1
    outer loop
      vertex 96.1722 73.6611 3
      vertex 89 75.5 3
      vertex 96.0769 73.2804 3
    endloop
  endfacet
  facet normal 0 0 1
    outer loop
      vertex 96.3045 74.0307 3
      vertex 89 75.5 3
      vertex 96.1722 73.6611 3
    endloop
  endfacet
  facet normal 0 0 1
    outer loop
      vertex 96.4723 74.3856 3
      vertex 89 75.5 3
      vertex 96.3045 74.0307 3
    endloop
  endfacet
  facet normal 0 0 1
    outer loop
      vertex 96.6741 74.7223 3
      vertex 89 75.5 3
      vertex 96.4723 74.3856 3
    endloop
  endfacet
  facet normal 0 0 1
    outer loop
      vertex 96.908 75.0376 3
      vertex 89 75.5 3
      vertex 96.6741 74.7223 3
    endloop
  endfacet
  facet normal 0 0 1
    outer loop
      vertex 97.1716 75.3284 3
      vertex 89 75.5 3
      vertex 96.908 75.0376 3
    endloop
  endfacet
  facet normal 0 0 1
    outer loop
      vertex 97.4624 75.592 3
      vertex 89 75.5 3
      vertex 97.1716 75.3284 3
    endloop
  endfacet
  facet normal 0 0 1
    outer loop
      vertex 97.7777 75.8259 3
      vertex 89 75.5 3
      vertex 97.4624 75.592 3
    endloop
  endfacet
  facet normal -0 0 1
    outer loop
      vertex 66 88 3
      vertex 107.5 83.4 3
      vertex 114 88 3
    endloop
  endfacet
  facet normal 0 0 1
    outer loop
      vertex 107.5 83.4 3
      vertex 66 88 3
      vertex 89 75.5 3
    endloop
  endfacet
  facet normal -0 0 1
    outer loop
      vertex 66 76 3
      vertex 73 75.5 3
      vertex 66 88 3
    endloop
  endfacet
  facet normal 0 0 1
    outer loop
      vertex 89 75.5 3
      vertex 66 88 3
      vertex 73 75.5 3
    endloop
  endfacet
  facet normal 0 0 1
    outer loop
      vertex 111.879 2.12132 3
      vertex 108.8 2.7 3
      vertex 109.757 0 3
    endloop
  endfacet
  facet normal -0 0 1
    outer loop
      vertex 5.2 2.7 3
      vertex 109.757 0 3
      vertex 108.8 2.7 3
    endloop
  endfacet
  facet normal 0 0 1
    outer loop
      vertex 0 4.24264 3
      vertex 5.2 83.4 3
      vertex 2.12132 85.8787 3
    endloop
  endfacet
  facet normal 0 0 1
    outer loop
      vertex 5.2 83.4 3
      vertex 2.12132 2.12132 3
      vertex 5.2 2.7 3
    endloop
  endfacet
  facet normal 0 0 1
    outer loop
      vertex 0 0 3
      vertex 5.2 2.7 3
      vertex 2.12132 2.12132 3
    endloop
  endfacet
  facet normal 0 0 1
    outer loop
      vertex 5.2 2.7 3
      vertex 0 0 3
      vertex 109.757 0 3
    endloop
  endfacet
  facet normal -0 0 1
    outer loop
      vertex 107.072 25.94 3
      vertex 107.5 4.5 3
      vertex 107.072 62.06 3
    endloop
  endfacet
  facet normal -0 0 1
    outer loop
      vertex 107.064 25.7734 3
      vertex 107.5 4.5 3
      vertex 107.072 25.94 3
    endloop
  endfacet
  facet normal -0 0 1
    outer loop
      vertex 107.039 25.6083 3
      vertex 107.5 4.5 3
      vertex 107.064 25.7734 3
    endloop
  endfacet
  facet normal -0 0 1
    outer loop
      vertex 106.999 25.4465 3
      vertex 107.5 4.5 3
      vertex 107.039 25.6083 3
    endloop
  endfacet
  facet normal -0 0 1
    outer loop
      vertex 106.943 25.2894 3
      vertex 107.5 4.5 3
      vertex 106.999 25.4465 3
    endloop
  endfacet
  facet normal -0 0 1
    outer loop
      vertex 106.871 25.1386 3
      vertex 107.5 4.5 3
      vertex 106.943 25.2894 3
    endloop
  endfacet
  facet normal -0 0 1
    outer loop
      vertex 106.785 24.9955 3
      vertex 107.5 4.5 3
      vertex 106.871 25.1386 3
    endloop
  endfacet
  facet normal 0 0 1
    outer loop
      vertex 103.981 15.8921 3
      vertex 106.785 24.9955 3
      vertex 106.686 24.8615 3
    endloop
  endfacet
  facet normal 0 0 1
    outer loop
      vertex 103.981 15.8921 3
      vertex 106.686 24.8615 3
      vertex 106.574 24.7379 3
    endloop
  endfacet
  facet normal 0 0 1
    outer loop
      vertex 103.981 15.8921 3
      vertex 106.574 24.7379 3
      vertex 106.45 24.6259 3
    endloop
  endfacet
  facet normal 0 0 1
    outer loop
      vertex 103.981 15.8921 3
      vertex 106.45 24.6259 3
      vertex 106.316 24.5265 3
    endloop
  endfacet
  facet normal 0 0 1
    outer loop
      vertex 103.981 15.8921 3
      vertex 106.316 24.5265 3
      vertex 106.173 24.4407 3
    endloop
  endfacet
  facet normal 0 0 1
    outer loop
      vertex 103.981 15.8921 3
      vertex 106.173 24.4407 3
      vertex 106.023 24.3694 3
    endloop
  endfacet
  facet normal 0 0 1
    outer loop
      vertex 103.981 15.8921 3
      vertex 106.023 24.3694 3
      vertex 105.865 24.3132 3
    endloop
  endfacet
  facet normal 0 0 1
    outer loop
      vertex 103.981 15.8921 3
      vertex 105.865 24.3132 3
      vertex 105.704 24.2727 3
    endloop
  endfacet
  facet normal 0 0 1
    outer loop
      vertex 103.981 15.8921 3
      vertex 105.704 24.2727 3
      vertex 105.539 24.2482 3
    endloop
  endfacet
  facet normal 0 0 1
    outer loop
      vertex 103.981 15.8921 3
      vertex 105.539 24.2482 3
      vertex 105.372 24.24 3
    endloop
  endfacet
  facet normal 0 0 1
    outer loop
      vertex 103.981 15.8921 3
      vertex 105.372 24.24 3
      vertex 105.205 24.2482 3
    endloop
  endfacet
  facet normal 0 0 1
    outer loop
      vertex 103.981 15.8921 3
      vertex 105.205 24.2482 3
      vertex 105.04 24.2727 3
    endloop
  endfacet
  facet normal 0 0 1
    outer loop
      vertex 103.981 15.8921 3
      vertex 105.04 24.2727 3
      vertex 104.879 24.3132 3
    endloop
  endfacet
  facet normal 0 0 1
    outer loop
      vertex 103.981 15.8921 3
      vertex 104.879 24.3132 3
      vertex 104.721 24.3694 3
    endloop
  endfacet
  facet normal 0 0 1
    outer loop
      vertex 103.981 15.8921 3
      vertex 104.721 24.3694 3
      vertex 104.571 24.4407 3
    endloop
  endfacet
  facet normal 0 0 1
    outer loop
      vertex 103.981 15.8921 3
      vertex 104.571 24.4407 3
      vertex 104.428 24.5265 3
    endloop
  endfacet
  facet normal 0 0 1
    outer loop
      vertex 103.981 15.8921 3
      vertex 104.428 24.5265 3
      vertex 104.294 24.6259 3
    endloop
  endfacet
  facet normal 0 0 1
    outer loop
      vertex 103.981 15.8921 3
      vertex 104.294 24.6259 3
      vertex 104.17 24.7379 3
    endloop
  endfacet
  facet normal 0 0 1
    outer loop
      vertex 100.78 19.4231 3
      vertex 104.17 24.7379 3
      vertex 104.058 24.8615 3
    endloop
  endfacet
  facet normal 0 0 1
    outer loop
      vertex 106.785 24.9955 3
      vertex 104 15.5 3
      vertex 107.5 4.5 3
    endloop
  endfacet
  facet normal -0 0 1
    outer loop
      vertex 103.981 15.1079 3
      vertex 107.5 4.5 3
      vertex 104 15.5 3
    endloop
  endfacet
  facet normal -0 0 1
    outer loop
      vertex 103.923 14.7196 3
      vertex 107.5 4.5 3
      vertex 103.981 15.1079 3
    endloop
  endfacet
  facet normal -0 0 1
    outer loop
      vertex 103.828 14.3389 3
      vertex 107.5 4.5 3
      vertex 103.923 14.7196 3
    endloop
  endfacet
  facet normal -0 0 1
    outer loop
      vertex 103.696 13.9693 3
      vertex 107.5 4.5 3
      vertex 103.828 14.3389 3
    endloop
  endfacet
  facet normal -0 0 1
    outer loop
      vertex 103.528 13.6144 3
      vertex 107.5 4.5 3
      vertex 103.696 13.9693 3
    endloop
  endfacet
  facet normal -0 0 1
    outer loop
      vertex 103.326 13.2777 3
      vertex 107.5 4.5 3
      vertex 103.528 13.6144 3
    endloop
  endfacet
  facet normal -0 0 1
    outer loop
      vertex 103.092 12.9624 3
      vertex 107.5 4.5 3
      vertex 103.326 13.2777 3
    endloop
  endfacet
  facet normal -0 0 1
    outer loop
      vertex 102.828 12.6716 3
      vertex 107.5 4.5 3
      vertex 103.092 12.9624 3
    endloop
  endfacet
  facet normal -0 0 1
    outer loop
      vertex 102.538 12.408 3
      vertex 107.5 4.5 3
      vertex 102.828 12.6716 3
    endloop
  endfacet
  facet normal -0 0 1
    outer loop
      vertex 102.222 12.1741 3
      vertex 107.5 4.5 3
      vertex 102.538 12.408 3
    endloop
  endfacet
  facet normal -0 0 1
    outer loop
      vertex 101.886 11.9723 3
      vertex 107.5 4.5 3
      vertex 102.222 12.1741 3
    endloop
  endfacet
  facet normal -0 0 1
    outer loop
      vertex 101.531 11.8045 3
      vertex 107.5 4.5 3
      vertex 101.886 11.9723 3
    endloop
  endfacet
  facet normal -0 0 1
    outer loop
      vertex 101.161 11.6722 3
      vertex 107.5 4.5 3
      vertex 101.531 11.8045 3
    endloop
  endfacet
  facet normal -0 0 1
    outer loop
      vertex 100.78 11.5769 3
      vertex 107.5 4.5 3
      vertex 101.161 11.6722 3
    endloop
  endfacet
  facet normal -0 0 1
    outer loop
      vertex 100.392 11.5193 3
      vertex 107.5 4.5 3
      vertex 100.78 11.5769 3
    endloop
  endfacet
  facet normal -0 0 1
    outer loop
      vertex 100 11.5 3
      vertex 107.5 4.5 3
      vertex 100.392 11.5193 3
    endloop
  endfacet
  facet normal 0 0 1
    outer loop
      vertex 99.6079 11.5193 3
      vertex 107.5 4.5 3
      vertex 100 11.5 3
    endloop
  endfacet
  facet normal 0 0 1
    outer loop
      vertex 99.2196 11.5769 3
      vertex 107.5 4.5 3
      vertex 99.6079 11.5193 3
    endloop
  endfacet
  facet normal 0 0 1
    outer loop
      vertex 98.8389 11.6722 3
      vertex 107.5 4.5 3
      vertex 99.2196 11.5769 3
    endloop
  endfacet
  facet normal 0 0 1
    outer loop
      vertex 98.4693 11.8045 3
      vertex 107.5 4.5 3
      vertex 98.8389 11.6722 3
    endloop
  endfacet
  facet normal 0 0 1
    outer loop
      vertex 89 12.5 3
      vertex 98.4693 11.8045 3
      vertex 98.1144 11.9723 3
    endloop
  endfacet
  facet normal 0 0 1
    outer loop
      vertex 89 12.5 3
      vertex 98.1144 11.9723 3
      vertex 97.7777 12.1741 3
    endloop
  endfacet
  facet normal 0 0 1
    outer loop
      vertex 89 12.5 3
      vertex 97.7777 12.1741 3
      vertex 97.4624 12.408 3
    endloop
  endfacet
  facet normal 0 0 1
    outer loop
      vertex 96.0193 15.8921 3
      vertex 89 12.5 3
      vertex 96 15.5 3
    endloop
  endfacet
  facet normal 0 0 1
    outer loop
      vertex 96 15.5 3
      vertex 89 12.5 3
      vertex 96.0193 15.1079 3
    endloop
  endfacet
  facet normal 0 0 1
    outer loop
      vertex 89 12.5 3
      vertex 96.0769 14.7196 3
      vertex 96.0193 15.1079 3
    endloop
  endfacet
  facet normal 0 0 1
    outer loop
      vertex 89 12.5 3
      vertex 96.1722 14.3389 3
      vertex 96.0769 14.7196 3
    endloop
  endfacet
  facet normal 0 0 1
    outer loop
      vertex 89 12.5 3
      vertex 96.3045 13.9693 3
      vertex 96.1722 14.3389 3
    endloop
  endfacet
  facet normal 0 0 1
    outer loop
      vertex 89 12.5 3
      vertex 96.4723 13.6144 3
      vertex 96.3045 13.9693 3
    endloop
  endfacet
  facet normal 0 0 1
    outer loop
      vertex 89 12.5 3
      vertex 96.6741 13.2777 3
      vertex 96.4723 13.6144 3
    endloop
  endfacet
  facet normal 0 0 1
    outer loop
      vertex 89 12.5 3
      vertex 96.908 12.9624 3
      vertex 96.6741 13.2777 3
    endloop
  endfacet
  facet normal 0 0 1
    outer loop
      vertex 89 12.5 3
      vertex 97.1716 12.6716 3
      vertex 96.908 12.9624 3
    endloop
  endfacet
  facet normal -0 0 1
    outer loop
      vertex 89 12.5 3
      vertex 97.4624 12.408 3
      vertex 97.1716 12.6716 3
    endloop
  endfacet
  facet normal 0 0 1
    outer loop
      vertex 98.4693 11.8045 3
      vertex 89 12.5 3
      vertex 107.5 4.5 3
    endloop
  endfacet
  facet normal -0 0 1
    outer loop
      vertex 73 12.5 3
      vertex 107.5 4.5 3
      vertex 89 12.5 3
    endloop
  endfacet
  facet normal 0 0 1
    outer loop
      vertex 73 75.5 3
      vertex 66 76 3
      vertex 73 12.5 3
    endloop
  endfacet
  facet normal 0 0 1
    outer loop
      vertex 61 12.5 3
      vertex 66 76 3
      vertex 61 75.5 3
    endloop
  endfacet
  facet normal 0 0 1
    outer loop
      vertex 66 76 3
      vertex 61 12.5 3
      vertex 73 12.5 3
    endloop
  endfacet
  facet normal -0 0 1
    outer loop
      vertex 61 12.5 3
      vertex 107.5 4.5 3
      vertex 73 12.5 3
    endloop
  endfacet
  facet normal 0 0 1
    outer loop
      vertex 7 4.5 3
      vertex 61 12.5 3
      vertex 45 12.5 3
    endloop
  endfacet
  facet normal 0 0 1
    outer loop
      vertex 33 12.5 3
      vertex 45 12.5 3
      vertex 33 75.5 3
    endloop
  endfacet
  facet normal 0 0 1
    outer loop
      vertex 7 4.5 3
      vertex 45 12.5 3
      vertex 33 12.5 3
    endloop
  endfacet
  facet normal 0 0 1
    outer loop
      vertex 15.8856 11.9723 3
      vertex 33 12.5 3
      vertex 17 12.5 3
    endloop
  endfacet
  facet normal 0 0 1
    outer loop
      vertex 16.5376 12.408 3
      vertex 17 12.5 3
      vertex 16.8284 12.6716 3
    endloop
  endfacet
  facet normal 0 0 1
    outer loop
      vertex 16.2223 12.1741 3
      vertex 17 12.5 3
      vertex 16.5376 12.408 3
    endloop
  endfacet
  facet normal 0 0 1
    outer loop
      vertex 15.8856 11.9723 3
      vertex 17 12.5 3
      vertex 16.2223 12.1741 3
    endloop
  endfacet
  facet normal 0 0 1
    outer loop
      vertex 33 12.5 3
      vertex 15.8856 11.9723 3
      vertex 7 4.5 3
    endloop
  endfacet
  facet normal 0 0 1
    outer loop
      vertex 7 4.5 3
      vertex 15.8856 11.9723 3
      vertex 15.5307 11.8045 3
    endloop
  endfacet
  facet normal 0 0 1
    outer loop
      vertex 7 4.5 3
      vertex 15.5307 11.8045 3
      vertex 15.1611 11.6722 3
    endloop
  endfacet
  facet normal 0 0 1
    outer loop
      vertex 7 4.5 3
      vertex 15.1611 11.6722 3
      vertex 14.7804 11.5769 3
    endloop
  endfacet
  facet normal 0 0 1
    outer loop
      vertex 7 4.5 3
      vertex 14.7804 11.5769 3
      vertex 14.3921 11.5193 3
    endloop
  endfacet
  facet normal 0 0 1
    outer loop
      vertex 7 4.5 3
      vertex 14.3921 11.5193 3
      vertex 14 11.5 3
    endloop
  endfacet
  facet normal 0 0 1
    outer loop
      vertex 7 4.5 3
      vertex 14 11.5 3
      vertex 13.6079 11.5193 3
    endloop
  endfacet
  facet normal 0 0 1
    outer loop
      vertex 11.1716 18.3284 3
      vertex 8.79463 22.3082 3
      vertex 10.908 18.0376 3
    endloop
  endfacet
  facet normal -0 0 1
    outer loop
      vertex 8.628 22.3 3
      vertex 10.908 18.0376 3
      vertex 8.79463 22.3082 3
    endloop
  endfacet
  facet normal 0 0 1
    outer loop
      vertex 10.908 18.0376 3
      vertex 8.628 22.3 3
      vertex 10.6741 17.7223 3
    endloop
  endfacet
  facet normal 0 0 1
    outer loop
      vertex 8.46137 22.3082 3
      vertex 10.6741 17.7223 3
      vertex 8.628 22.3 3
    endloop
  endfacet
  facet normal 0 0 1
    outer loop
      vertex 8.29635 22.3327 3
      vertex 10.6741 17.7223 3
      vertex 8.46137 22.3082 3
    endloop
  endfacet
  facet normal 0 0 1
    outer loop
      vertex 10.6741 17.7223 3
      vertex 8.29635 22.3327 3
      vertex 10.4723 17.3856 3
    endloop
  endfacet
  facet normal 0 0 1
    outer loop
      vertex 8.13452 22.3732 3
      vertex 10.4723 17.3856 3
      vertex 8.29635 22.3327 3
    endloop
  endfacet
  facet normal 0 0 1
    outer loop
      vertex 10.4723 17.3856 3
      vertex 8.13452 22.3732 3
      vertex 10.3045 17.0307 3
    endloop
  endfacet
  facet normal 0 0 1
    outer loop
      vertex 7.97744 22.4294 3
      vertex 10.3045 17.0307 3
      vertex 8.13452 22.3732 3
    endloop
  endfacet
  facet normal 0 0 1
    outer loop
      vertex 10.3045 17.0307 3
      vertex 7.97744 22.4294 3
      vertex 10.1722 16.6611 3
    endloop
  endfacet
  facet normal 0 0 1
    outer loop
      vertex 7.82662 22.5007 3
      vertex 10.1722 16.6611 3
      vertex 7.97744 22.4294 3
    endloop
  endfacet
  facet normal 0 0 1
    outer loop
      vertex 7.68353 22.5865 3
      vertex 10.1722 16.6611 3
      vertex 7.82662 22.5007 3
    endloop
  endfacet
  facet normal 0 0 1
    outer loop
      vertex 10.1722 16.6611 3
      vertex 7.68353 22.5865 3
      vertex 10.0769 16.2804 3
    endloop
  endfacet
  facet normal 0 0 1
    outer loop
      vertex 7.54953 22.6859 3
      vertex 10.0769 16.2804 3
      vertex 7.68353 22.5865 3
    endloop
  endfacet
  facet normal 0 0 1
    outer loop
      vertex 10.0769 16.2804 3
      vertex 7.54953 22.6859 3
      vertex 10.0193 15.8921 3
    endloop
  endfacet
  facet normal 0 0 1
    outer loop
      vertex 7.42592 22.7979 3
      vertex 10.0193 15.8921 3
      vertex 7.54953 22.6859 3
    endloop
  endfacet
  facet normal 0 0 1
    outer loop
      vertex 10.0193 15.8921 3
      vertex 7.42592 22.7979 3
      vertex 10 15.5 3
    endloop
  endfacet
  facet normal 0 0 1
    outer loop
      vertex 7.31388 22.9215 3
      vertex 10 15.5 3
      vertex 7.42592 22.7979 3
    endloop
  endfacet
  facet normal 0 0 1
    outer loop
      vertex 10 15.5 3
      vertex 7.31388 22.9215 3
      vertex 10.0193 15.1079 3
    endloop
  endfacet
  facet normal 0 0 1
    outer loop
      vertex 7.2145 23.0555 3
      vertex 10.0193 15.1079 3
      vertex 7.31388 22.9215 3
    endloop
  endfacet
  facet normal 0 0 1
    outer loop
      vertex 7 4.5 3
      vertex 10.0193 15.1079 3
      vertex 7.2145 23.0555 3
    endloop
  endfacet
  facet normal 0 0 1
    outer loop
      vertex 10.0193 15.1079 3
      vertex 7 4.5 3
      vertex 10.0769 14.7196 3
    endloop
  endfacet
  facet normal 0 0 1
    outer loop
      vertex 7 4.5 3
      vertex 7.2145 23.0555 3
      vertex 7.12873 23.1986 3
    endloop
  endfacet
  facet normal 0 0 1
    outer loop
      vertex 7 4.5 3
      vertex 7.12873 23.1986 3
      vertex 7.0574 23.3494 3
    endloop
  endfacet
  facet normal 0 0 1
    outer loop
      vertex 7 4.5 3
      vertex 7.0574 23.3494 3
      vertex 7.0012 23.5065 3
    endloop
  endfacet
  facet normal 0 0 1
    outer loop
      vertex 61 12.5 3
      vertex 7 4.5 3
      vertex 107.5 4.5 3
    endloop
  endfacet
  facet normal 0 0 1
    outer loop
      vertex 13.2196 11.5769 3
      vertex 7 4.5 3
      vertex 13.6079 11.5193 3
    endloop
  endfacet
  facet normal 0 0 1
    outer loop
      vertex 12.8389 11.6722 3
      vertex 7 4.5 3
      vertex 13.2196 11.5769 3
    endloop
  endfacet
  facet normal 0 0 1
    outer loop
      vertex 12.4693 11.8045 3
      vertex 7 4.5 3
      vertex 12.8389 11.6722 3
    endloop
  endfacet
  facet normal 0 0 1
    outer loop
      vertex 12.1144 11.9723 3
      vertex 7 4.5 3
      vertex 12.4693 11.8045 3
    endloop
  endfacet
  facet normal 0 0 1
    outer loop
      vertex 11.7777 12.1741 3
      vertex 7 4.5 3
      vertex 12.1144 11.9723 3
    endloop
  endfacet
  facet normal 0 0 1
    outer loop
      vertex 11.4624 12.408 3
      vertex 7 4.5 3
      vertex 11.7777 12.1741 3
    endloop
  endfacet
  facet normal 0 0 1
    outer loop
      vertex 11.1716 12.6716 3
      vertex 7 4.5 3
      vertex 11.4624 12.408 3
    endloop
  endfacet
  facet normal 0 0 1
    outer loop
      vertex 10.908 12.9624 3
      vertex 7 4.5 3
      vertex 11.1716 12.6716 3
    endloop
  endfacet
  facet normal 0 0 1
    outer loop
      vertex 10.6741 13.2777 3
      vertex 7 4.5 3
      vertex 10.908 12.9624 3
    endloop
  endfacet
  facet normal 0 0 1
    outer loop
      vertex 10.4723 13.6144 3
      vertex 7 4.5 3
      vertex 10.6741 13.2777 3
    endloop
  endfacet
  facet normal 0 0 1
    outer loop
      vertex 10.3045 13.9693 3
      vertex 7 4.5 3
      vertex 10.4723 13.6144 3
    endloop
  endfacet
  facet normal 0 0 1
    outer loop
      vertex 10.1722 14.3389 3
      vertex 7 4.5 3
      vertex 10.3045 13.9693 3
    endloop
  endfacet
  facet normal 0 0 1
    outer loop
      vertex 10.0769 14.7196 3
      vertex 7 4.5 3
      vertex 10.1722 14.3389 3
    endloop
  endfacet
  facet normal 0 0 1
    outer loop
      vertex 7 4.5 3
      vertex 7.0012 23.5065 3
      vertex 7 23.5113 3
    endloop
  endfacet
  facet normal -0 0 1
    outer loop
      vertex 102.538 69.408 3
      vertex 105.205 63.7518 3
      vertex 102.828 69.6716 3
    endloop
  endfacet
  facet normal 0 0 1
    outer loop
      vertex 105.205 63.7518 3
      vertex 102.538 69.408 3
      vertex 105.04 63.7273 3
    endloop
  endfacet
  facet normal -0 0 1
    outer loop
      vertex 102.222 69.1741 3
      vertex 105.04 63.7273 3
      vertex 102.538 69.408 3
    endloop
  endfacet
  facet normal 0 0 1
    outer loop
      vertex 105.04 63.7273 3
      vertex 102.222 69.1741 3
      vertex 104.879 63.6868 3
    endloop
  endfacet
  facet normal 0 0 1
    outer loop
      vertex 104.879 63.6868 3
      vertex 102.222 69.1741 3
      vertex 104.721 63.6306 3
    endloop
  endfacet
  facet normal -0 0 1
    outer loop
      vertex 101.886 68.9723 3
      vertex 104.721 63.6306 3
      vertex 102.222 69.1741 3
    endloop
  endfacet
  facet normal 0 0 1
    outer loop
      vertex 104.721 63.6306 3
      vertex 101.886 68.9723 3
      vertex 104.571 63.5593 3
    endloop
  endfacet
  facet normal -0 0 1
    outer loop
      vertex 101.531 68.8045 3
      vertex 104.571 63.5593 3
      vertex 101.886 68.9723 3
    endloop
  endfacet
  facet normal 0 0 1
    outer loop
      vertex 104.571 63.5593 3
      vertex 101.531 68.8045 3
      vertex 104.428 63.4735 3
    endloop
  endfacet
  facet normal 0 0 1
    outer loop
      vertex 104.428 63.4735 3
      vertex 101.531 68.8045 3
      vertex 104.294 63.3741 3
    endloop
  endfacet
  facet normal -0 0 1
    outer loop
      vertex 101.161 68.6722 3
      vertex 104.294 63.3741 3
      vertex 101.531 68.8045 3
    endloop
  endfacet
  facet normal -0 0 1
    outer loop
      vertex 100.78 68.5769 3
      vertex 104.17 63.2621 3
      vertex 101.161 68.6722 3
    endloop
  endfacet
  facet normal 0 0 1
    outer loop
      vertex 104.294 63.3741 3
      vertex 101.161 68.6722 3
      vertex 104.17 63.2621 3
    endloop
  endfacet
  facet normal 0 0 1
    outer loop
      vertex 101.493 72.647 3
      vertex 101.493 72.353 3
      vertex 101.5 72.5 3
    endloop
  endfacet
  facet normal 0 0 1
    outer loop
      vertex 101.471 72.7926 3
      vertex 101.493 72.353 3
      vertex 101.493 72.647 3
    endloop
  endfacet
  facet normal 0 0 1
    outer loop
      vertex 101.471 72.7926 3
      vertex 101.471 72.2074 3
      vertex 101.493 72.353 3
    endloop
  endfacet
  facet normal 0 0 1
    outer loop
      vertex 101.435 72.9354 3
      vertex 101.471 72.2074 3
      vertex 101.471 72.7926 3
    endloop
  endfacet
  facet normal 0 0 1
    outer loop
      vertex 101.435 72.9354 3
      vertex 101.435 72.0646 3
      vertex 101.471 72.2074 3
    endloop
  endfacet
  facet normal 0 0 1
    outer loop
      vertex 101.386 73.074 3
      vertex 101.435 72.0646 3
      vertex 101.435 72.9354 3
    endloop
  endfacet
  facet normal 0 0 1
    outer loop
      vertex 101.386 73.074 3
      vertex 101.386 71.926 3
      vertex 101.435 72.0646 3
    endloop
  endfacet
  facet normal 0 0 1
    outer loop
      vertex 101.323 73.2071 3
      vertex 101.386 71.926 3
      vertex 101.386 73.074 3
    endloop
  endfacet
  facet normal 0 0 1
    outer loop
      vertex 101.323 73.2071 3
      vertex 101.323 71.7929 3
      vertex 101.386 71.926 3
    endloop
  endfacet
  facet normal 0 0 1
    outer loop
      vertex 101.247 73.3334 3
      vertex 101.323 71.7929 3
      vertex 101.323 73.2071 3
    endloop
  endfacet
  facet normal 0 0 1
    outer loop
      vertex 101.247 73.3334 3
      vertex 101.247 71.6666 3
      vertex 101.323 71.7929 3
    endloop
  endfacet
  facet normal 0 0 1
    outer loop
      vertex 101.16 73.4516 3
      vertex 101.247 71.6666 3
      vertex 101.247 73.3334 3
    endloop
  endfacet
  facet normal 0 0 1
    outer loop
      vertex 101.16 73.4516 3
      vertex 101.16 71.5484 3
      vertex 101.247 71.6666 3
    endloop
  endfacet
  facet normal 0 0 1
    outer loop
      vertex 101.061 73.5607 3
      vertex 101.16 71.5484 3
      vertex 101.16 73.4516 3
    endloop
  endfacet
  facet normal 0 0 1
    outer loop
      vertex 101.061 73.5607 3
      vertex 101.061 71.4393 3
      vertex 101.16 71.5484 3
    endloop
  endfacet
  facet normal 0 0 1
    outer loop
      vertex 100.952 73.6595 3
      vertex 101.061 71.4393 3
      vertex 101.061 73.5607 3
    endloop
  endfacet
  facet normal 0 0 1
    outer loop
      vertex 100.952 73.6595 3
      vertex 100.952 71.3405 3
      vertex 101.061 71.4393 3
    endloop
  endfacet
  facet normal 0 0 1
    outer loop
      vertex 100.833 73.7472 3
      vertex 100.952 71.3405 3
      vertex 100.952 73.6595 3
    endloop
  endfacet
  facet normal 0 0 1
    outer loop
      vertex 100.833 73.7472 3
      vertex 100.833 71.2528 3
      vertex 100.952 71.3405 3
    endloop
  endfacet
  facet normal 0 0 1
    outer loop
      vertex 100.707 73.8229 3
      vertex 100.833 71.2528 3
      vertex 100.833 73.7472 3
    endloop
  endfacet
  facet normal 0 0 1
    outer loop
      vertex 100.707 73.8229 3
      vertex 100.707 71.1771 3
      vertex 100.833 71.2528 3
    endloop
  endfacet
  facet normal 0 0 1
    outer loop
      vertex 100.574 73.8858 3
      vertex 100.707 71.1771 3
      vertex 100.707 73.8229 3
    endloop
  endfacet
  facet normal 0 0 1
    outer loop
      vertex 100.574 73.8858 3
      vertex 100.574 71.1142 3
      vertex 100.707 71.1771 3
    endloop
  endfacet
  facet normal 0 0 1
    outer loop
      vertex 100.435 73.9354 3
      vertex 100.574 71.1142 3
      vertex 100.574 73.8858 3
    endloop
  endfacet
  facet normal 0 0 1
    outer loop
      vertex 100.435 73.9354 3
      vertex 100.435 71.0646 3
      vertex 100.574 71.1142 3
    endloop
  endfacet
  facet normal 0 0 1
    outer loop
      vertex 100.293 73.9712 3
      vertex 100.435 71.0646 3
      vertex 100.435 73.9354 3
    endloop
  endfacet
  facet normal 0 0 1
    outer loop
      vertex 100.293 73.9712 3
      vertex 100.293 71.0288 3
      vertex 100.435 71.0646 3
    endloop
  endfacet
  facet normal 0 0 1
    outer loop
      vertex 100.147 73.9928 3
      vertex 100.293 71.0288 3
      vertex 100.293 73.9712 3
    endloop
  endfacet
  facet normal 0 0 1
    outer loop
      vertex 100.147 73.9928 3
      vertex 100.147 71.0072 3
      vertex 100.293 71.0288 3
    endloop
  endfacet
  facet normal 0 0 1
    outer loop
      vertex 100 74 3
      vertex 100.147 71.0072 3
      vertex 100.147 73.9928 3
    endloop
  endfacet
  facet normal 0 0 1
    outer loop
      vertex 100 74 3
      vertex 100 71 3
      vertex 100.147 71.0072 3
    endloop
  endfacet
  facet normal -0 0 1
    outer loop
      vertex 99.853 73.9928 3
      vertex 100 71 3
      vertex 100 74 3
    endloop
  endfacet
  facet normal 0 0 1
    outer loop
      vertex 99.853 73.9928 3
      vertex 99.853 71.0072 3
      vertex 100 71 3
    endloop
  endfacet
  facet normal -0 0 1
    outer loop
      vertex 99.7074 73.9712 3
      vertex 99.853 71.0072 3
      vertex 99.853 73.9928 3
    endloop
  endfacet
  facet normal 0 0 1
    outer loop
      vertex 99.7074 73.9712 3
      vertex 99.7074 71.0288 3
      vertex 99.853 71.0072 3
    endloop
  endfacet
  facet normal -0 0 1
    outer loop
      vertex 99.5646 73.9354 3
      vertex 99.7074 71.0288 3
      vertex 99.7074 73.9712 3
    endloop
  endfacet
  facet normal 0 0 1
    outer loop
      vertex 99.5646 73.9354 3
      vertex 99.5646 71.0646 3
      vertex 99.7074 71.0288 3
    endloop
  endfacet
  facet normal -0 0 1
    outer loop
      vertex 99.426 73.8858 3
      vertex 99.5646 71.0646 3
      vertex 99.5646 73.9354 3
    endloop
  endfacet
  facet normal 0 0 1
    outer loop
      vertex 99.426 73.8858 3
      vertex 99.426 71.1142 3
      vertex 99.5646 71.0646 3
    endloop
  endfacet
  facet normal -0 0 1
    outer loop
      vertex 99.2929 73.8229 3
      vertex 99.426 71.1142 3
      vertex 99.426 73.8858 3
    endloop
  endfacet
  facet normal 0 0 1
    outer loop
      vertex 99.2929 73.8229 3
      vertex 99.2929 71.1771 3
      vertex 99.426 71.1142 3
    endloop
  endfacet
  facet normal -0 0 1
    outer loop
      vertex 99.1666 73.7472 3
      vertex 99.2929 71.1771 3
      vertex 99.2929 73.8229 3
    endloop
  endfacet
  facet normal 0 0 1
    outer loop
      vertex 99.1666 73.7472 3
      vertex 99.1666 71.2528 3
      vertex 99.2929 71.1771 3
    endloop
  endfacet
  facet normal -0 0 1
    outer loop
      vertex 99.0484 73.6595 3
      vertex 99.1666 71.2528 3
      vertex 99.1666 73.7472 3
    endloop
  endfacet
  facet normal 0 0 1
    outer loop
      vertex 99.0484 73.6595 3
      vertex 99.0484 71.3405 3
      vertex 99.1666 71.2528 3
    endloop
  endfacet
  facet normal -0 0 1
    outer loop
      vertex 98.9393 73.5607 3
      vertex 99.0484 71.3405 3
      vertex 99.0484 73.6595 3
    endloop
  endfacet
  facet normal 0 0 1
    outer loop
      vertex 98.9393 73.5607 3
      vertex 98.9393 71.4393 3
      vertex 99.0484 71.3405 3
    endloop
  endfacet
  facet normal -0 0 1
    outer loop
      vertex 98.8405 73.4516 3
      vertex 98.9393 71.4393 3
      vertex 98.9393 73.5607 3
    endloop
  endfacet
  facet normal 0 0 1
    outer loop
      vertex 98.8405 73.4516 3
      vertex 98.8405 71.5484 3
      vertex 98.9393 71.4393 3
    endloop
  endfacet
  facet normal -0 0 1
    outer loop
      vertex 98.7528 73.3334 3
      vertex 98.8405 71.5484 3
      vertex 98.8405 73.4516 3
    endloop
  endfacet
  facet normal 0 0 1
    outer loop
      vertex 98.7528 73.3334 3
      vertex 98.7528 71.6666 3
      vertex 98.8405 71.5484 3
    endloop
  endfacet
  facet normal -0 0 1
    outer loop
      vertex 98.6771 73.2071 3
      vertex 98.7528 71.6666 3
      vertex 98.7528 73.3334 3
    endloop
  endfacet
  facet normal 0 0 1
    outer loop
      vertex 98.6771 73.2071 3
      vertex 98.6771 71.7929 3
      vertex 98.7528 71.6666 3
    endloop
  endfacet
  facet normal -0 0 1
    outer loop
      vertex 98.6142 73.074 3
      vertex 98.6771 71.7929 3
      vertex 98.6771 73.2071 3
    endloop
  endfacet
  facet normal 0 0 1
    outer loop
      vertex 98.6142 73.074 3
      vertex 98.6142 71.926 3
      vertex 98.6771 71.7929 3
    endloop
  endfacet
  facet normal -0 0 1
    outer loop
      vertex 98.5646 72.9354 3
      vertex 98.6142 71.926 3
      vertex 98.6142 73.074 3
    endloop
  endfacet
  facet normal 0 0 1
    outer loop
      vertex 98.5646 72.9354 3
      vertex 98.5646 72.0646 3
      vertex 98.6142 71.926 3
    endloop
  endfacet
  facet normal -0 0 1
    outer loop
      vertex 98.5288 72.7926 3
      vertex 98.5646 72.0646 3
      vertex 98.5646 72.9354 3
    endloop
  endfacet
  facet normal 0 0 1
    outer loop
      vertex 98.5288 72.7926 3
      vertex 98.5288 72.2074 3
      vertex 98.5646 72.0646 3
    endloop
  endfacet
  facet normal -0 0 1
    outer loop
      vertex 98.5072 72.647 3
      vertex 98.5288 72.2074 3
      vertex 98.5288 72.7926 3
    endloop
  endfacet
  facet normal 0 0 1
    outer loop
      vertex 98.5072 72.647 3
      vertex 98.5072 72.353 3
      vertex 98.5288 72.2074 3
    endloop
  endfacet
  facet normal 0 -0 1
    outer loop
      vertex 98.5072 72.353 3
      vertex 98.5072 72.647 3
      vertex 98.5 72.5 3
    endloop
  endfacet
  facet normal -1 0 0
    outer loop
      vertex 5.2 2.7 3
      vertex 5.2 83.4 5
      vertex 5.2 83.4 3
    endloop
  endfacet
  facet normal -1 -0 0
    outer loop
      vertex 5.2 83.4 5
      vertex 5.2 2.7 3
      vertex 5.2 2.7 5
    endloop
  endfacet
  facet normal 0 -1 0
    outer loop
      vertex 5.2 2.7 3
      vertex 108.8 2.7 5
      vertex 5.2 2.7 5
    endloop
  endfacet
  facet normal 0 -1 -0
    outer loop
      vertex 108.8 2.7 5
      vertex 5.2 2.7 3
      vertex 108.8 2.7 3
    endloop
  endfacet
  facet normal -1 0 0
    outer loop
      vertex 107.5 4.5 3
      vertex 107.5 83.4 5
      vertex 107.5 83.4 3
    endloop
  endfacet
  facet normal -1 -0 0
    outer loop
      vertex 107.5 83.4 5
      vertex 107.5 4.5 3
      vertex 107.5 4.5 5
    endloop
  endfacet
  facet normal 1 0 0
    outer loop
      vertex 7 83.4 5
      vertex 7 80 3
      vertex 7 83.4 3
    endloop
  endfacet
  facet normal 1 0 0
    outer loop
      vertex 7 83.4 5
      vertex 7 64.4887 3.1
      vertex 7 80 3
    endloop
  endfacet
  facet normal 1 0 0
    outer loop
      vertex 7 83.4 5
      vertex 7 63.5113 3.1
      vertex 7 64.4887 3.1
    endloop
  endfacet
  facet normal 1 0 0
    outer loop
      vertex 7 63.5113 3.1
      vertex 7 24.4887 3.1
      vertex 7 63.5113 3
    endloop
  endfacet
  facet normal 1 0 0
    outer loop
      vertex 7 83.4 5
      vertex 7 24.4887 3.1
      vertex 7 63.5113 3.1
    endloop
  endfacet
  facet normal 1 -0 0
    outer loop
      vertex 7 4.5 5
      vertex 7 24.4887 3.1
      vertex 7 83.4 5
    endloop
  endfacet
  facet normal 1 0 0
    outer loop
      vertex 7 24.4887 3.1
      vertex 7 4.5 5
      vertex 7 23.5113 3.1
    endloop
  endfacet
  facet normal 1 0 0
    outer loop
      vertex 7 4.5 3
      vertex 7 23.5113 3.1
      vertex 7 4.5 5
    endloop
  endfacet
  facet normal 1 0 0
    outer loop
      vertex 7 23.5113 3.1
      vertex 7 4.5 3
      vertex 7 23.5113 3
    endloop
  endfacet
  facet normal 1 -0 0
    outer loop
      vertex 7 83.4 3
      vertex 7 88 0
      vertex 7 88 3
    endloop
  endfacet
  facet normal 1 0 0
    outer loop
      vertex 7 80 0
      vertex 7 83.4 3
      vertex 7 80 3
    endloop
  endfacet
  facet normal 1 0 0
    outer loop
      vertex 7 83.4 3
      vertex 7 80 0
      vertex 7 88 0
    endloop
  endfacet
  facet normal 1 0 0
    outer loop
      vertex 7 80 3
      vertex 7 64.4887 3.1
      vertex 7 64.4887 3
    endloop
  endfacet
  facet normal 1 0 0
    outer loop
      vertex 7 63.5113 3
      vertex 7 24.4887 3.1
      vertex 7 24.4887 3
    endloop
  endfacet
  facet normal 0 1 -0
    outer loop
      vertex 107.5 4.5 3
      vertex 7 4.5 5
      vertex 107.5 4.5 5
    endloop
  endfacet
  facet normal 0 1 0
    outer loop
      vertex 7 4.5 5
      vertex 107.5 4.5 3
      vertex 7 4.5 3
    endloop
  endfacet
  facet normal 0 1 -0
    outer loop
      vertex 7 83.4 3
      vertex 5.2 83.4 5
      vertex 7 83.4 5
    endloop
  endfacet
  facet normal 0 1 0
    outer loop
      vertex 5.2 83.4 5
      vertex 7 83.4 3
      vertex 5.2 83.4 3
    endloop
  endfacet
  facet normal 0 1 -0
    outer loop
      vertex 108.8 83.4 3
      vertex 107.5 83.4 5
      vertex 108.8 83.4 5
    endloop
  endfacet
  facet normal 0 1 0
    outer loop
      vertex 107.5 83.4 5
      vertex 108.8 83.4 3
      vertex 107.5 83.4 3
    endloop
  endfacet
  facet normal 0.998791 0.0491626 0
    outer loop
      vertex 18 15.5 7
      vertex 17.9807 15.8921 3.1
      vertex 17.9807 15.8921 7
    endloop
  endfacet
  facet normal 0.998791 0.0491626 0
    outer loop
      vertex 17.9807 15.8921 3.1
      vertex 18 15.5 7
      vertex 18 15.5 3.1
    endloop
  endfacet
  facet normal -0.989176 -0.146733 0
    outer loop
      vertex 10.0769 14.7196 3
      vertex 10.0193 15.1079 7
      vertex 10.0193 15.1079 3
    endloop
  endfacet
  facet normal -0.989176 -0.146733 0
    outer loop
      vertex 10.0193 15.1079 7
      vertex 10.0769 14.7196 3
      vertex 10.0769 14.7196 7
    endloop
  endfacet
  facet normal 0.989176 0.146733 0
    outer loop
      vertex 17.9807 15.8921 7
      vertex 17.9231 16.2804 3.1
      vertex 17.9231 16.2804 7
    endloop
  endfacet
  facet normal 0.989176 0.146733 0
    outer loop
      vertex 17.9231 16.2804 3.1
      vertex 17.9807 15.8921 7
      vertex 17.9807 15.8921 3.1
    endloop
  endfacet
  facet normal 0.671607 0.740908 -0
    outer loop
      vertex 16.8284 18.3284 3
      vertex 16.5376 18.592 7
      vertex 16.8284 18.3284 7
    endloop
  endfacet
  facet normal 0.671607 0.740908 0
    outer loop
      vertex 16.5376 18.592 7
      vertex 16.8284 18.3284 3
      vertex 16.5376 18.592 3
    endloop
  endfacet
  facet normal -0.85774 -0.514084 0
    outer loop
      vertex 10.6741 13.2777 3
      vertex 10.4723 13.6144 7
      vertex 10.4723 13.6144 3
    endloop
  endfacet
  facet normal -0.85774 -0.514084 0
    outer loop
      vertex 10.4723 13.6144 7
      vertex 10.6741 13.2777 3
      vertex 10.6741 13.2777 7
    endloop
  endfacet
  facet normal 0.337014 -0.9415 0
    outer loop
      vertex 15.1611 11.6722 3
      vertex 15.5307 11.8045 7
      vertex 15.1611 11.6722 7
    endloop
  endfacet
  facet normal 0.337014 -0.9415 0
    outer loop
      vertex 15.5307 11.8045 7
      vertex 15.1611 11.6722 3
      vertex 15.5307 11.8045 3
    endloop
  endfacet
  facet normal 0.740896 0.67162 0
    outer loop
      vertex 16.8284 18.3284 7
      vertex 17 18.1391 3.1
      vertex 16.8284 18.3284 3
    endloop
  endfacet
  facet normal 0.740908 0.671607 1.17592e-06
    outer loop
      vertex 17.092 18.0376 7
      vertex 17 18.1391 3.1
      vertex 16.8284 18.3284 7
    endloop
  endfacet
  facet normal 0.74093 0.671582 0
    outer loop
      vertex 17 18.1391 3.1
      vertex 17.092 18.0376 7
      vertex 17.092 18.0376 3.1
    endloop
  endfacet
  facet normal 0.740896 0.67162 0
    outer loop
      vertex 16.8284 18.3284 3
      vertex 17 18.1391 3.1
      vertex 17 18.1391 3
    endloop
  endfacet
  facet normal -0.337014 -0.9415 0
    outer loop
      vertex 12.4693 11.8045 3
      vertex 12.8389 11.6722 7
      vertex 12.4693 11.8045 7
    endloop
  endfacet
  facet normal -0.337014 -0.9415 -0
    outer loop
      vertex 12.8389 11.6722 7
      vertex 12.4693 11.8045 3
      vertex 12.8389 11.6722 3
    endloop
  endfacet
  facet normal 0.904044 0.42744 0
    outer loop
      vertex 17.6955 17.0307 7
      vertex 17.5277 17.3856 3.1
      vertex 17.5277 17.3856 7
    endloop
  endfacet
  facet normal 0.904044 0.42744 0
    outer loop
      vertex 17.5277 17.3856 3.1
      vertex 17.6955 17.0307 7
      vertex 17.6955 17.0307 3.1
    endloop
  endfacet
  facet normal 0.970068 0.242835 0
    outer loop
      vertex 17.9231 16.2804 7
      vertex 17.8278 16.6611 3.1
      vertex 17.8278 16.6611 7
    endloop
  endfacet
  facet normal 0.970068 0.242835 0
    outer loop
      vertex 17.8278 16.6611 3.1
      vertex 17.9231 16.2804 7
      vertex 17.9231 16.2804 3.1
    endloop
  endfacet
  facet normal 0.989176 -0.146733 0
    outer loop
      vertex 17.9231 14.7196 7
      vertex 17.9807 15.1079 3.1
      vertex 17.9807 15.1079 7
    endloop
  endfacet
  facet normal 0.989176 -0.146733 0
    outer loop
      vertex 17.9807 15.1079 3.1
      vertex 17.9231 14.7196 7
      vertex 17.9231 14.7196 3.1
    endloop
  endfacet
  facet normal -0.740908 0.671607 0
    outer loop
      vertex 10.908 18.0376 3
      vertex 11.1716 18.3284 7
      vertex 11.1716 18.3284 3
    endloop
  endfacet
  facet normal -0.740908 0.671607 0
    outer loop
      vertex 11.1716 18.3284 7
      vertex 10.908 18.0376 3
      vertex 10.908 18.0376 7
    endloop
  endfacet
  facet normal -0.9415 -0.337014 0
    outer loop
      vertex 10.3045 13.9693 3
      vertex 10.1722 14.3389 7
      vertex 10.1722 14.3389 3
    endloop
  endfacet
  facet normal -0.9415 -0.337014 0
    outer loop
      vertex 10.1722 14.3389 7
      vertex 10.3045 13.9693 3
      vertex 10.3045 13.9693 7
    endloop
  endfacet
  facet normal -0.514084 0.85774 0
    outer loop
      vertex 12.1144 19.0277 3
      vertex 11.7777 18.8259 7
      vertex 12.1144 19.0277 7
    endloop
  endfacet
  facet normal -0.514084 0.85774 0
    outer loop
      vertex 11.7777 18.8259 7
      vertex 12.1144 19.0277 3
      vertex 11.7777 18.8259 3
    endloop
  endfacet
  facet normal -0.970068 0.242835 0
    outer loop
      vertex 10.0769 16.2804 3
      vertex 10.1722 16.6611 7
      vertex 10.1722 16.6611 3
    endloop
  endfacet
  facet normal -0.970068 0.242835 0
    outer loop
      vertex 10.1722 16.6611 7
      vertex 10.0769 16.2804 3
      vertex 10.0769 16.2804 7
    endloop
  endfacet
  facet normal -0.904044 -0.42744 0
    outer loop
      vertex 10.4723 13.6144 3
      vertex 10.3045 13.9693 7
      vertex 10.3045 13.9693 3
    endloop
  endfacet
  facet normal -0.904044 -0.42744 0
    outer loop
      vertex 10.3045 13.9693 7
      vertex 10.4723 13.6144 3
      vertex 10.4723 13.6144 7
    endloop
  endfacet
  facet normal -0.337014 0.9415 0
    outer loop
      vertex 12.8389 19.3278 3
      vertex 12.4693 19.1955 7
      vertex 12.8389 19.3278 7
    endloop
  endfacet
  facet normal -0.337014 0.9415 0
    outer loop
      vertex 12.4693 19.1955 7
      vertex 12.8389 19.3278 3
      vertex 12.4693 19.1955 3
    endloop
  endfacet
  facet normal 0.514084 0.85774 -0
    outer loop
      vertex 16.2223 18.8259 3
      vertex 15.8856 19.0277 7
      vertex 16.2223 18.8259 7
    endloop
  endfacet
  facet normal 0.514084 0.85774 0
    outer loop
      vertex 15.8856 19.0277 7
      vertex 16.2223 18.8259 3
      vertex 15.8856 19.0277 3
    endloop
  endfacet
  facet normal 0.970068 -0.242835 0
    outer loop
      vertex 17.8278 14.3389 7
      vertex 17.9231 14.7196 3.1
      vertex 17.9231 14.7196 7
    endloop
  endfacet
  facet normal 0.970068 -0.242835 0
    outer loop
      vertex 17.9231 14.7196 3.1
      vertex 17.8278 14.3389 7
      vertex 17.8278 14.3389 3.1
    endloop
  endfacet
  facet normal -0.998791 0.0491626 0
    outer loop
      vertex 10 15.5 3
      vertex 10.0193 15.8921 7
      vertex 10.0193 15.8921 3
    endloop
  endfacet
  facet normal -0.998791 0.0491626 0
    outer loop
      vertex 10.0193 15.8921 7
      vertex 10 15.5 3
      vertex 10 15.5 7
    endloop
  endfacet
  facet normal 0.0491626 0.998791 -0
    outer loop
      vertex 14.3921 19.4807 3
      vertex 14 19.5 7
      vertex 14.3921 19.4807 7
    endloop
  endfacet
  facet normal 0.0491626 0.998791 0
    outer loop
      vertex 14 19.5 7
      vertex 14.3921 19.4807 3
      vertex 14 19.5 3
    endloop
  endfacet
  facet normal 0.42744 0.904044 -0
    outer loop
      vertex 15.8856 19.0277 3
      vertex 15.5307 19.1955 7
      vertex 15.8856 19.0277 7
    endloop
  endfacet
  facet normal 0.42744 0.904044 0
    outer loop
      vertex 15.5307 19.1955 7
      vertex 15.8856 19.0277 3
      vertex 15.5307 19.1955 3
    endloop
  endfacet
  facet normal 0.595794 0.803137 -0
    outer loop
      vertex 16.5376 18.592 3
      vertex 16.2223 18.8259 7
      vertex 16.5376 18.592 7
    endloop
  endfacet
  facet normal 0.595794 0.803137 0
    outer loop
      vertex 16.2223 18.8259 7
      vertex 16.5376 18.592 3
      vertex 16.2223 18.8259 3
    endloop
  endfacet
  facet normal -0.671607 -0.740908 0
    outer loop
      vertex 11.1716 12.6716 3
      vertex 11.4624 12.408 7
      vertex 11.1716 12.6716 7
    endloop
  endfacet
  facet normal -0.671607 -0.740908 -0
    outer loop
      vertex 11.4624 12.408 7
      vertex 11.1716 12.6716 3
      vertex 11.4624 12.408 3
    endloop
  endfacet
  facet normal 0.9415 0.337014 0
    outer loop
      vertex 17.8278 16.6611 7
      vertex 17.6955 17.0307 3.1
      vertex 17.6955 17.0307 7
    endloop
  endfacet
  facet normal 0.9415 0.337014 0
    outer loop
      vertex 17.6955 17.0307 3.1
      vertex 17.8278 16.6611 7
      vertex 17.8278 16.6611 3.1
    endloop
  endfacet
  facet normal 0.998791 -0.0491626 0
    outer loop
      vertex 17.9807 15.1079 7
      vertex 18 15.5 3.1
      vertex 18 15.5 7
    endloop
  endfacet
  facet normal 0.998791 -0.0491626 0
    outer loop
      vertex 18 15.5 3.1
      vertex 17.9807 15.1079 7
      vertex 17.9807 15.1079 3.1
    endloop
  endfacet
  facet normal -0.42744 0.904044 0
    outer loop
      vertex 12.4693 19.1955 3
      vertex 12.1144 19.0277 7
      vertex 12.4693 19.1955 7
    endloop
  endfacet
  facet normal -0.42744 0.904044 0
    outer loop
      vertex 12.1144 19.0277 7
      vertex 12.4693 19.1955 3
      vertex 12.1144 19.0277 3
    endloop
  endfacet
  facet normal -0.0491626 -0.998791 0
    outer loop
      vertex 13.6079 11.5193 3
      vertex 14 11.5 7
      vertex 13.6079 11.5193 7
    endloop
  endfacet
  facet normal -0.0491626 -0.998791 -0
    outer loop
      vertex 14 11.5 7
      vertex 13.6079 11.5193 3
      vertex 14 11.5 3
    endloop
  endfacet
  facet normal 0.803137 0.595794 0
    outer loop
      vertex 17.3259 17.7223 7
      vertex 17.092 18.0376 3.1
      vertex 17.092 18.0376 7
    endloop
  endfacet
  facet normal 0.803137 0.595794 0
    outer loop
      vertex 17.092 18.0376 3.1
      vertex 17.3259 17.7223 7
      vertex 17.3259 17.7223 3.1
    endloop
  endfacet
  facet normal -0.740908 -0.671607 0
    outer loop
      vertex 11.1716 12.6716 3
      vertex 10.908 12.9624 7
      vertex 10.908 12.9624 3
    endloop
  endfacet
  facet normal -0.740908 -0.671607 0
    outer loop
      vertex 10.908 12.9624 7
      vertex 11.1716 12.6716 3
      vertex 11.1716 12.6716 7
    endloop
  endfacet
  facet normal -0.970068 -0.242835 0
    outer loop
      vertex 10.1722 14.3389 3
      vertex 10.0769 14.7196 7
      vertex 10.0769 14.7196 3
    endloop
  endfacet
  facet normal -0.970068 -0.242835 0
    outer loop
      vertex 10.0769 14.7196 7
      vertex 10.1722 14.3389 3
      vertex 10.1722 14.3389 7
    endloop
  endfacet
  facet normal 0.514084 -0.85774 0
    outer loop
      vertex 15.8856 11.9723 3
      vertex 16.2223 12.1741 7
      vertex 15.8856 11.9723 7
    endloop
  endfacet
  facet normal 0.514084 -0.85774 0
    outer loop
      vertex 16.2223 12.1741 7
      vertex 15.8856 11.9723 3
      vertex 16.2223 12.1741 3
    endloop
  endfacet
  facet normal 0.85774 0.514084 0
    outer loop
      vertex 17.5277 17.3856 7
      vertex 17.3259 17.7223 3.1
      vertex 17.3259 17.7223 7
    endloop
  endfacet
  facet normal 0.85774 0.514084 0
    outer loop
      vertex 17.3259 17.7223 3.1
      vertex 17.5277 17.3856 7
      vertex 17.5277 17.3856 3.1
    endloop
  endfacet
  facet normal -0.595794 -0.803137 0
    outer loop
      vertex 11.4624 12.408 3
      vertex 11.7777 12.1741 7
      vertex 11.4624 12.408 7
    endloop
  endfacet
  facet normal -0.595794 -0.803137 -0
    outer loop
      vertex 11.7777 12.1741 7
      vertex 11.4624 12.408 3
      vertex 11.7777 12.1741 3
    endloop
  endfacet
  facet normal -0.595794 0.803137 0
    outer loop
      vertex 11.7777 18.8259 3
      vertex 11.4624 18.592 7
      vertex 11.7777 18.8259 7
    endloop
  endfacet
  facet normal -0.595794 0.803137 0
    outer loop
      vertex 11.4624 18.592 7
      vertex 11.7777 18.8259 3
      vertex 11.4624 18.592 3
    endloop
  endfacet
  facet normal -0.42744 -0.904044 0
    outer loop
      vertex 12.1144 11.9723 3
      vertex 12.4693 11.8045 7
      vertex 12.1144 11.9723 7
    endloop
  endfacet
  facet normal -0.42744 -0.904044 -0
    outer loop
      vertex 12.4693 11.8045 7
      vertex 12.1144 11.9723 3
      vertex 12.4693 11.8045 3
    endloop
  endfacet
  facet normal 0.803137 -0.595794 0
    outer loop
      vertex 17.092 12.9624 7
      vertex 17.3259 13.2777 3.1
      vertex 17.3259 13.2777 7
    endloop
  endfacet
  facet normal 0.803137 -0.595794 0
    outer loop
      vertex 17.3259 13.2777 3.1
      vertex 17.092 12.9624 7
      vertex 17.092 12.9624 3.1
    endloop
  endfacet
  facet normal 0.85774 -0.514084 0
    outer loop
      vertex 17.3259 13.2777 7
      vertex 17.5277 13.6144 3.1
      vertex 17.5277 13.6144 7
    endloop
  endfacet
  facet normal 0.85774 -0.514084 0
    outer loop
      vertex 17.5277 13.6144 3.1
      vertex 17.3259 13.2777 7
      vertex 17.3259 13.2777 3.1
    endloop
  endfacet
  facet normal 0.242835 0.970068 -0
    outer loop
      vertex 15.1611 19.3278 3
      vertex 14.7804 19.4231 7
      vertex 15.1611 19.3278 7
    endloop
  endfacet
  facet normal 0.242835 0.970068 0
    outer loop
      vertex 14.7804 19.4231 7
      vertex 15.1611 19.3278 3
      vertex 14.7804 19.4231 3
    endloop
  endfacet
  facet normal 0.146733 -0.989176 0
    outer loop
      vertex 14.3921 11.5193 3
      vertex 14.7804 11.5769 7
      vertex 14.3921 11.5193 7
    endloop
  endfacet
  facet normal 0.146733 -0.989176 0
    outer loop
      vertex 14.7804 11.5769 7
      vertex 14.3921 11.5193 3
      vertex 14.7804 11.5769 3
    endloop
  endfacet
  facet normal 0.671607 -0.740908 0
    outer loop
      vertex 16.5376 12.408 3
      vertex 16.8284 12.6716 7
      vertex 16.5376 12.408 7
    endloop
  endfacet
  facet normal 0.671607 -0.740908 0
    outer loop
      vertex 16.8284 12.6716 7
      vertex 16.5376 12.408 3
      vertex 16.8284 12.6716 3
    endloop
  endfacet
  facet normal -0.904044 0.42744 0
    outer loop
      vertex 10.3045 17.0307 3
      vertex 10.4723 17.3856 7
      vertex 10.4723 17.3856 3
    endloop
  endfacet
  facet normal -0.904044 0.42744 0
    outer loop
      vertex 10.4723 17.3856 7
      vertex 10.3045 17.0307 3
      vertex 10.3045 17.0307 7
    endloop
  endfacet
  facet normal -0.242835 -0.970068 0
    outer loop
      vertex 12.8389 11.6722 3
      vertex 13.2196 11.5769 7
      vertex 12.8389 11.6722 7
    endloop
  endfacet
  facet normal -0.242835 -0.970068 -0
    outer loop
      vertex 13.2196 11.5769 7
      vertex 12.8389 11.6722 3
      vertex 13.2196 11.5769 3
    endloop
  endfacet
  facet normal -0.242835 0.970068 0
    outer loop
      vertex 13.2196 19.4231 3
      vertex 12.8389 19.3278 7
      vertex 13.2196 19.4231 7
    endloop
  endfacet
  facet normal -0.242835 0.970068 0
    outer loop
      vertex 12.8389 19.3278 7
      vertex 13.2196 19.4231 3
      vertex 12.8389 19.3278 3
    endloop
  endfacet
  facet normal -0.9415 0.337014 0
    outer loop
      vertex 10.1722 16.6611 3
      vertex 10.3045 17.0307 7
      vertex 10.3045 17.0307 3
    endloop
  endfacet
  facet normal -0.9415 0.337014 0
    outer loop
      vertex 10.3045 17.0307 7
      vertex 10.1722 16.6611 3
      vertex 10.1722 16.6611 7
    endloop
  endfacet
  facet normal -0.146733 -0.989176 0
    outer loop
      vertex 13.2196 11.5769 3
      vertex 13.6079 11.5193 7
      vertex 13.2196 11.5769 7
    endloop
  endfacet
  facet normal -0.146733 -0.989176 -0
    outer loop
      vertex 13.6079 11.5193 7
      vertex 13.2196 11.5769 3
      vertex 13.6079 11.5193 3
    endloop
  endfacet
  facet normal -0.671607 0.740908 0
    outer loop
      vertex 11.4624 18.592 3
      vertex 11.1716 18.3284 7
      vertex 11.4624 18.592 7
    endloop
  endfacet
  facet normal -0.671607 0.740908 0
    outer loop
      vertex 11.1716 18.3284 7
      vertex 11.4624 18.592 3
      vertex 11.1716 18.3284 3
    endloop
  endfacet
  facet normal 0.337014 0.9415 -0
    outer loop
      vertex 15.5307 19.1955 3
      vertex 15.1611 19.3278 7
      vertex 15.5307 19.1955 7
    endloop
  endfacet
  facet normal 0.337014 0.9415 0
    outer loop
      vertex 15.1611 19.3278 7
      vertex 15.5307 19.1955 3
      vertex 15.1611 19.3278 3
    endloop
  endfacet
  facet normal -0.0491626 0.998791 0
    outer loop
      vertex 14 19.5 3
      vertex 13.6079 19.4807 7
      vertex 14 19.5 7
    endloop
  endfacet
  facet normal -0.0491626 0.998791 0
    outer loop
      vertex 13.6079 19.4807 7
      vertex 14 19.5 3
      vertex 13.6079 19.4807 3
    endloop
  endfacet
  facet normal -0.146733 0.989176 0
    outer loop
      vertex 13.6079 19.4807 3
      vertex 13.2196 19.4231 7
      vertex 13.6079 19.4807 7
    endloop
  endfacet
  facet normal -0.146733 0.989176 0
    outer loop
      vertex 13.2196 19.4231 7
      vertex 13.6079 19.4807 3
      vertex 13.2196 19.4231 3
    endloop
  endfacet
  facet normal -0.514084 -0.85774 0
    outer loop
      vertex 11.7777 12.1741 3
      vertex 12.1144 11.9723 7
      vertex 11.7777 12.1741 7
    endloop
  endfacet
  facet normal -0.514084 -0.85774 -0
    outer loop
      vertex 12.1144 11.9723 7
      vertex 11.7777 12.1741 3
      vertex 12.1144 11.9723 3
    endloop
  endfacet
  facet normal -0.803137 -0.595794 0
    outer loop
      vertex 10.908 12.9624 3
      vertex 10.6741 13.2777 7
      vertex 10.6741 13.2777 3
    endloop
  endfacet
  facet normal -0.803137 -0.595794 0
    outer loop
      vertex 10.6741 13.2777 7
      vertex 10.908 12.9624 3
      vertex 10.908 12.9624 7
    endloop
  endfacet
  facet normal -0.998791 -0.0491626 0
    outer loop
      vertex 10.0193 15.1079 3
      vertex 10 15.5 7
      vertex 10 15.5 3
    endloop
  endfacet
  facet normal -0.998791 -0.0491626 0
    outer loop
      vertex 10 15.5 7
      vertex 10.0193 15.1079 3
      vertex 10.0193 15.1079 7
    endloop
  endfacet
  facet normal -0.989176 0.146733 0
    outer loop
      vertex 10.0193 15.8921 3
      vertex 10.0769 16.2804 7
      vertex 10.0769 16.2804 3
    endloop
  endfacet
  facet normal -0.989176 0.146733 0
    outer loop
      vertex 10.0769 16.2804 7
      vertex 10.0193 15.8921 3
      vertex 10.0193 15.8921 7
    endloop
  endfacet
  facet normal 0.595794 -0.803137 0
    outer loop
      vertex 16.2223 12.1741 3
      vertex 16.5376 12.408 7
      vertex 16.2223 12.1741 7
    endloop
  endfacet
  facet normal 0.595794 -0.803137 0
    outer loop
      vertex 16.5376 12.408 7
      vertex 16.2223 12.1741 3
      vertex 16.5376 12.408 3
    endloop
  endfacet
  facet normal 0.42744 -0.904044 0
    outer loop
      vertex 15.5307 11.8045 3
      vertex 15.8856 11.9723 7
      vertex 15.5307 11.8045 7
    endloop
  endfacet
  facet normal 0.42744 -0.904044 0
    outer loop
      vertex 15.8856 11.9723 7
      vertex 15.5307 11.8045 3
      vertex 15.8856 11.9723 3
    endloop
  endfacet
  facet normal 0.242835 -0.970068 0
    outer loop
      vertex 14.7804 11.5769 3
      vertex 15.1611 11.6722 7
      vertex 14.7804 11.5769 7
    endloop
  endfacet
  facet normal 0.242835 -0.970068 0
    outer loop
      vertex 15.1611 11.6722 7
      vertex 14.7804 11.5769 3
      vertex 15.1611 11.6722 3
    endloop
  endfacet
  facet normal 0.0491626 -0.998791 0
    outer loop
      vertex 14 11.5 3
      vertex 14.3921 11.5193 7
      vertex 14 11.5 7
    endloop
  endfacet
  facet normal 0.0491626 -0.998791 0
    outer loop
      vertex 14.3921 11.5193 7
      vertex 14 11.5 3
      vertex 14.3921 11.5193 3
    endloop
  endfacet
  facet normal 0.904044 -0.42744 0
    outer loop
      vertex 17.5277 13.6144 7
      vertex 17.6955 13.9693 3.1
      vertex 17.6955 13.9693 7
    endloop
  endfacet
  facet normal 0.904044 -0.42744 0
    outer loop
      vertex 17.6955 13.9693 3.1
      vertex 17.5277 13.6144 7
      vertex 17.5277 13.6144 3.1
    endloop
  endfacet
  facet normal 0.9415 -0.337014 0
    outer loop
      vertex 17.6955 13.9693 7
      vertex 17.8278 14.3389 3.1
      vertex 17.8278 14.3389 7
    endloop
  endfacet
  facet normal 0.9415 -0.337014 0
    outer loop
      vertex 17.8278 14.3389 3.1
      vertex 17.6955 13.9693 7
      vertex 17.6955 13.9693 3.1
    endloop
  endfacet
  facet normal -0.85774 0.514084 0
    outer loop
      vertex 10.4723 17.3856 3
      vertex 10.6741 17.7223 7
      vertex 10.6741 17.7223 3
    endloop
  endfacet
  facet normal -0.85774 0.514084 0
    outer loop
      vertex 10.6741 17.7223 7
      vertex 10.4723 17.3856 3
      vertex 10.4723 17.3856 7
    endloop
  endfacet
  facet normal 0.146733 0.989176 -0
    outer loop
      vertex 14.7804 19.4231 3
      vertex 14.3921 19.4807 7
      vertex 14.7804 19.4231 7
    endloop
  endfacet
  facet normal 0.146733 0.989176 0
    outer loop
      vertex 14.3921 19.4807 7
      vertex 14.7804 19.4231 3
      vertex 14.3921 19.4807 3
    endloop
  endfacet
  facet normal 0.74093 -0.671582 0
    outer loop
      vertex 17.092 12.9624 7
      vertex 17 12.8609 3.1
      vertex 17.092 12.9624 3.1
    endloop
  endfacet
  facet normal 0.740908 -0.671607 1.17592e-06
    outer loop
      vertex 16.8284 12.6716 7
      vertex 17 12.8609 3.1
      vertex 17.092 12.9624 7
    endloop
  endfacet
  facet normal 0.740896 -0.67162 0
    outer loop
      vertex 16.8284 12.6716 3
      vertex 17 12.8609 3.1
      vertex 16.8284 12.6716 7
    endloop
  endfacet
  facet normal 0.740896 -0.67162 0
    outer loop
      vertex 17 12.8609 3.1
      vertex 16.8284 12.6716 3
      vertex 17 12.8609 3
    endloop
  endfacet
  facet normal -0.803137 0.595794 0
    outer loop
      vertex 10.6741 17.7223 3
      vertex 10.908 18.0376 7
      vertex 10.908 18.0376 3
    endloop
  endfacet
  facet normal -0.803137 0.595794 0
    outer loop
      vertex 10.908 18.0376 7
      vertex 10.6741 17.7223 3
      vertex 10.6741 17.7223 7
    endloop
  endfacet
  facet normal 0 0 1
    outer loop
      vertex 15.5 15.5 7
      vertex 18 15.5 7
      vertex 17.9807 15.8921 7
    endloop
  endfacet
  facet normal 0 0 1
    outer loop
      vertex 15.4928 15.647 7
      vertex 17.9807 15.8921 7
      vertex 17.9231 16.2804 7
    endloop
  endfacet
  facet normal 0 0 1
    outer loop
      vertex 18 15.5 7
      vertex 15.5 15.5 7
      vertex 17.9807 15.1079 7
    endloop
  endfacet
  facet normal 0 0 1
    outer loop
      vertex 15.4712 15.7926 7
      vertex 17.9231 16.2804 7
      vertex 17.8278 16.6611 7
    endloop
  endfacet
  facet normal -0 0 1
    outer loop
      vertex 15.4928 15.353 7
      vertex 17.9807 15.1079 7
      vertex 15.5 15.5 7
    endloop
  endfacet
  facet normal 0 0 1
    outer loop
      vertex 15.4354 15.9354 7
      vertex 17.8278 16.6611 7
      vertex 17.6955 17.0307 7
    endloop
  endfacet
  facet normal 0 0 1
    outer loop
      vertex 17.9807 15.1079 7
      vertex 15.4928 15.353 7
      vertex 17.9231 14.7196 7
    endloop
  endfacet
  facet normal 0 0 1
    outer loop
      vertex 15.3858 16.074 7
      vertex 17.6955 17.0307 7
      vertex 17.5277 17.3856 7
    endloop
  endfacet
  facet normal -0 0 1
    outer loop
      vertex 15.4712 15.2074 7
      vertex 17.9231 14.7196 7
      vertex 15.4928 15.353 7
    endloop
  endfacet
  facet normal 0 0 1
    outer loop
      vertex 15.3229 16.2071 7
      vertex 17.5277 17.3856 7
      vertex 17.3259 17.7223 7
    endloop
  endfacet
  facet normal 0 0 1
    outer loop
      vertex 17.9231 14.7196 7
      vertex 15.4712 15.2074 7
      vertex 17.8278 14.3389 7
    endloop
  endfacet
  facet normal 0 0 1
    outer loop
      vertex 15.2472 16.3334 7
      vertex 17.3259 17.7223 7
      vertex 17.092 18.0376 7
    endloop
  endfacet
  facet normal -0 0 1
    outer loop
      vertex 15.4354 15.0646 7
      vertex 17.8278 14.3389 7
      vertex 15.4712 15.2074 7
    endloop
  endfacet
  facet normal 0 0 1
    outer loop
      vertex 15.1595 16.4516 7
      vertex 17.092 18.0376 7
      vertex 16.8284 18.3284 7
    endloop
  endfacet
  facet normal 0 0 1
    outer loop
      vertex 17.8278 14.3389 7
      vertex 15.4354 15.0646 7
      vertex 17.6955 13.9693 7
    endloop
  endfacet
  facet normal 0 0 1
    outer loop
      vertex 15.0607 16.5607 7
      vertex 16.8284 18.3284 7
      vertex 16.5376 18.592 7
    endloop
  endfacet
  facet normal -0 0 1
    outer loop
      vertex 15.3858 14.926 7
      vertex 17.6955 13.9693 7
      vertex 15.4354 15.0646 7
    endloop
  endfacet
  facet normal 0 0 1
    outer loop
      vertex 14.9516 16.6595 7
      vertex 16.5376 18.592 7
      vertex 16.2223 18.8259 7
    endloop
  endfacet
  facet normal 0 0 1
    outer loop
      vertex 17.6955 13.9693 7
      vertex 15.3858 14.926 7
      vertex 17.5277 13.6144 7
    endloop
  endfacet
  facet normal 0 0 1
    outer loop
      vertex 14.8334 16.7472 7
      vertex 16.2223 18.8259 7
      vertex 15.8856 19.0277 7
    endloop
  endfacet
  facet normal -0 0 1
    outer loop
      vertex 15.3229 14.7929 7
      vertex 17.5277 13.6144 7
      vertex 15.3858 14.926 7
    endloop
  endfacet
  facet normal 0 0 1
    outer loop
      vertex 14.7071 16.8229 7
      vertex 15.8856 19.0277 7
      vertex 15.5307 19.1955 7
    endloop
  endfacet
  facet normal 0 0 1
    outer loop
      vertex 17.5277 13.6144 7
      vertex 15.3229 14.7929 7
      vertex 17.3259 13.2777 7
    endloop
  endfacet
  facet normal -0 0 1
    outer loop
      vertex 15.2472 14.6666 7
      vertex 17.3259 13.2777 7
      vertex 15.3229 14.7929 7
    endloop
  endfacet
  facet normal 0 0 1
    outer loop
      vertex 17.9807 15.8921 7
      vertex 15.4928 15.647 7
      vertex 15.5 15.5 7
    endloop
  endfacet
  facet normal 0 0 1
    outer loop
      vertex 17.9231 16.2804 7
      vertex 15.4712 15.7926 7
      vertex 15.4928 15.647 7
    endloop
  endfacet
  facet normal 0 0 1
    outer loop
      vertex 17.8278 16.6611 7
      vertex 15.4354 15.9354 7
      vertex 15.4712 15.7926 7
    endloop
  endfacet
  facet normal 0 0 1
    outer loop
      vertex 17.6955 17.0307 7
      vertex 15.3858 16.074 7
      vertex 15.4354 15.9354 7
    endloop
  endfacet
  facet normal 0 0 1
    outer loop
      vertex 17.5277 17.3856 7
      vertex 15.3229 16.2071 7
      vertex 15.3858 16.074 7
    endloop
  endfacet
  facet normal 0 0 1
    outer loop
      vertex 17.3259 17.7223 7
      vertex 15.2472 16.3334 7
      vertex 15.3229 16.2071 7
    endloop
  endfacet
  facet normal 0 0 1
    outer loop
      vertex 14.574 16.8858 7
      vertex 15.5307 19.1955 7
      vertex 15.1611 19.3278 7
    endloop
  endfacet
  facet normal 0 0 1
    outer loop
      vertex 17.092 18.0376 7
      vertex 15.1595 16.4516 7
      vertex 15.2472 16.3334 7
    endloop
  endfacet
  facet normal 0 0 1
    outer loop
      vertex 16.8284 18.3284 7
      vertex 15.0607 16.5607 7
      vertex 15.1595 16.4516 7
    endloop
  endfacet
  facet normal 0 0 1
    outer loop
      vertex 16.5376 18.592 7
      vertex 14.9516 16.6595 7
      vertex 15.0607 16.5607 7
    endloop
  endfacet
  facet normal 0 0 1
    outer loop
      vertex 16.2223 18.8259 7
      vertex 14.8334 16.7472 7
      vertex 14.9516 16.6595 7
    endloop
  endfacet
  facet normal 0 0 1
    outer loop
      vertex 14.4354 16.9354 7
      vertex 15.1611 19.3278 7
      vertex 14.7804 19.4231 7
    endloop
  endfacet
  facet normal 0 0 1
    outer loop
      vertex 15.8856 19.0277 7
      vertex 14.7071 16.8229 7
      vertex 14.8334 16.7472 7
    endloop
  endfacet
  facet normal 0 0 1
    outer loop
      vertex 15.5307 19.1955 7
      vertex 14.574 16.8858 7
      vertex 14.7071 16.8229 7
    endloop
  endfacet
  facet normal 0 0 1
    outer loop
      vertex 15.1611 19.3278 7
      vertex 14.4354 16.9354 7
      vertex 14.574 16.8858 7
    endloop
  endfacet
  facet normal 0 0 1
    outer loop
      vertex 14.2926 16.9712 7
      vertex 14.7804 19.4231 7
      vertex 14.3921 19.4807 7
    endloop
  endfacet
  facet normal 0 0 1
    outer loop
      vertex 14.7804 19.4231 7
      vertex 14.2926 16.9712 7
      vertex 14.4354 16.9354 7
    endloop
  endfacet
  facet normal 0 0 1
    outer loop
      vertex 14.3921 19.4807 7
      vertex 14.147 16.9928 7
      vertex 14.2926 16.9712 7
    endloop
  endfacet
  facet normal 0 0 1
    outer loop
      vertex 14 19.5 7
      vertex 14.147 16.9928 7
      vertex 14.3921 19.4807 7
    endloop
  endfacet
  facet normal 0 0 1
    outer loop
      vertex 14 19.5 7
      vertex 14 17 7
      vertex 14.147 16.9928 7
    endloop
  endfacet
  facet normal 0 0 1
    outer loop
      vertex 14 19.5 7
      vertex 13.853 16.9928 7
      vertex 14 17 7
    endloop
  endfacet
  facet normal -0 0 1
    outer loop
      vertex 13.6079 19.4807 7
      vertex 13.853 16.9928 7
      vertex 14 19.5 7
    endloop
  endfacet
  facet normal 0 0 1
    outer loop
      vertex 13.853 16.9928 7
      vertex 13.6079 19.4807 7
      vertex 13.7074 16.9712 7
    endloop
  endfacet
  facet normal -0 0 1
    outer loop
      vertex 13.2196 19.4231 7
      vertex 13.7074 16.9712 7
      vertex 13.6079 19.4807 7
    endloop
  endfacet
  facet normal 0 0 1
    outer loop
      vertex 13.7074 16.9712 7
      vertex 13.2196 19.4231 7
      vertex 13.5646 16.9354 7
    endloop
  endfacet
  facet normal -0 0 1
    outer loop
      vertex 12.8389 19.3278 7
      vertex 13.5646 16.9354 7
      vertex 13.2196 19.4231 7
    endloop
  endfacet
  facet normal 0 0 1
    outer loop
      vertex 13.5646 16.9354 7
      vertex 12.8389 19.3278 7
      vertex 13.426 16.8858 7
    endloop
  endfacet
  facet normal -0 0 1
    outer loop
      vertex 12.4693 19.1955 7
      vertex 13.426 16.8858 7
      vertex 12.8389 19.3278 7
    endloop
  endfacet
  facet normal 0 0 1
    outer loop
      vertex 13.426 16.8858 7
      vertex 12.4693 19.1955 7
      vertex 13.2929 16.8229 7
    endloop
  endfacet
  facet normal -0 0 1
    outer loop
      vertex 12.1144 19.0277 7
      vertex 13.2929 16.8229 7
      vertex 12.4693 19.1955 7
    endloop
  endfacet
  facet normal 0 0 1
    outer loop
      vertex 13.2929 16.8229 7
      vertex 12.1144 19.0277 7
      vertex 13.1666 16.7472 7
    endloop
  endfacet
  facet normal -0 0 1
    outer loop
      vertex 11.7777 18.8259 7
      vertex 13.1666 16.7472 7
      vertex 12.1144 19.0277 7
    endloop
  endfacet
  facet normal 0 0 1
    outer loop
      vertex 13.1666 16.7472 7
      vertex 11.7777 18.8259 7
      vertex 13.0484 16.6595 7
    endloop
  endfacet
  facet normal -0 0 1
    outer loop
      vertex 11.4624 18.592 7
      vertex 13.0484 16.6595 7
      vertex 11.7777 18.8259 7
    endloop
  endfacet
  facet normal 0 0 1
    outer loop
      vertex 13.0484 16.6595 7
      vertex 11.4624 18.592 7
      vertex 12.9393 16.5607 7
    endloop
  endfacet
  facet normal -0 0 1
    outer loop
      vertex 11.1716 18.3284 7
      vertex 12.9393 16.5607 7
      vertex 11.4624 18.592 7
    endloop
  endfacet
  facet normal 0 0 1
    outer loop
      vertex 12.9393 16.5607 7
      vertex 11.1716 18.3284 7
      vertex 12.8405 16.4516 7
    endloop
  endfacet
  facet normal -0 0 1
    outer loop
      vertex 10.908 18.0376 7
      vertex 12.8405 16.4516 7
      vertex 11.1716 18.3284 7
    endloop
  endfacet
  facet normal -0 0 1
    outer loop
      vertex 10.6741 17.7223 7
      vertex 12.7528 16.3334 7
      vertex 10.908 18.0376 7
    endloop
  endfacet
  facet normal 0 0 1
    outer loop
      vertex 12.8405 16.4516 7
      vertex 10.908 18.0376 7
      vertex 12.7528 16.3334 7
    endloop
  endfacet
  facet normal 0 0 1
    outer loop
      vertex 17.3259 13.2777 7
      vertex 15.2472 14.6666 7
      vertex 17.092 12.9624 7
    endloop
  endfacet
  facet normal -0 0 1
    outer loop
      vertex 15.1595 14.5484 7
      vertex 17.092 12.9624 7
      vertex 15.2472 14.6666 7
    endloop
  endfacet
  facet normal 0 0 1
    outer loop
      vertex 17.092 12.9624 7
      vertex 15.1595 14.5484 7
      vertex 16.8284 12.6716 7
    endloop
  endfacet
  facet normal -0 0 1
    outer loop
      vertex 15.0607 14.4393 7
      vertex 16.8284 12.6716 7
      vertex 15.1595 14.5484 7
    endloop
  endfacet
  facet normal 0 0 1
    outer loop
      vertex 16.8284 12.6716 7
      vertex 15.0607 14.4393 7
      vertex 16.5376 12.408 7
    endloop
  endfacet
  facet normal -0 0 1
    outer loop
      vertex 14.9516 14.3405 7
      vertex 16.5376 12.408 7
      vertex 15.0607 14.4393 7
    endloop
  endfacet
  facet normal 0 0 1
    outer loop
      vertex 16.5376 12.408 7
      vertex 14.9516 14.3405 7
      vertex 16.2223 12.1741 7
    endloop
  endfacet
  facet normal -0 0 1
    outer loop
      vertex 14.8334 14.2528 7
      vertex 16.2223 12.1741 7
      vertex 14.9516 14.3405 7
    endloop
  endfacet
  facet normal 0 0 1
    outer loop
      vertex 16.2223 12.1741 7
      vertex 14.8334 14.2528 7
      vertex 15.8856 11.9723 7
    endloop
  endfacet
  facet normal -0 0 1
    outer loop
      vertex 14.7071 14.1771 7
      vertex 15.8856 11.9723 7
      vertex 14.8334 14.2528 7
    endloop
  endfacet
  facet normal 0 0 1
    outer loop
      vertex 15.8856 11.9723 7
      vertex 14.7071 14.1771 7
      vertex 15.5307 11.8045 7
    endloop
  endfacet
  facet normal -0 0 1
    outer loop
      vertex 14.574 14.1142 7
      vertex 15.5307 11.8045 7
      vertex 14.7071 14.1771 7
    endloop
  endfacet
  facet normal 0 0 1
    outer loop
      vertex 15.5307 11.8045 7
      vertex 14.574 14.1142 7
      vertex 15.1611 11.6722 7
    endloop
  endfacet
  facet normal -0 0 1
    outer loop
      vertex 14.4354 14.0646 7
      vertex 15.1611 11.6722 7
      vertex 14.574 14.1142 7
    endloop
  endfacet
  facet normal 0 0 1
    outer loop
      vertex 15.1611 11.6722 7
      vertex 14.4354 14.0646 7
      vertex 14.7804 11.5769 7
    endloop
  endfacet
  facet normal -0 0 1
    outer loop
      vertex 14.2926 14.0288 7
      vertex 14.7804 11.5769 7
      vertex 14.4354 14.0646 7
    endloop
  endfacet
  facet normal 0 0 1
    outer loop
      vertex 14.7804 11.5769 7
      vertex 14.2926 14.0288 7
      vertex 14.3921 11.5193 7
    endloop
  endfacet
  facet normal -0 0 1
    outer loop
      vertex 14.147 14.0072 7
      vertex 14.3921 11.5193 7
      vertex 14.2926 14.0288 7
    endloop
  endfacet
  facet normal -0 0 1
    outer loop
      vertex 14 14 7
      vertex 14.3921 11.5193 7
      vertex 14.147 14.0072 7
    endloop
  endfacet
  facet normal 0 0 1
    outer loop
      vertex 14 14 7
      vertex 14 11.5 7
      vertex 14.3921 11.5193 7
    endloop
  endfacet
  facet normal 0 0 1
    outer loop
      vertex 13.853 14.0072 7
      vertex 14 11.5 7
      vertex 14 14 7
    endloop
  endfacet
  facet normal 0 0 1
    outer loop
      vertex 13.6079 11.5193 7
      vertex 13.853 14.0072 7
      vertex 13.7074 14.0288 7
    endloop
  endfacet
  facet normal 0 0 1
    outer loop
      vertex 13.853 14.0072 7
      vertex 13.6079 11.5193 7
      vertex 14 11.5 7
    endloop
  endfacet
  facet normal 0 0 1
    outer loop
      vertex 13.2196 11.5769 7
      vertex 13.7074 14.0288 7
      vertex 13.5646 14.0646 7
    endloop
  endfacet
  facet normal 0 0 1
    outer loop
      vertex 12.8389 11.6722 7
      vertex 13.5646 14.0646 7
      vertex 13.426 14.1142 7
    endloop
  endfacet
  facet normal 0 0 1
    outer loop
      vertex 12.4693 11.8045 7
      vertex 13.426 14.1142 7
      vertex 13.2929 14.1771 7
    endloop
  endfacet
  facet normal 0 0 1
    outer loop
      vertex 13.7074 14.0288 7
      vertex 13.2196 11.5769 7
      vertex 13.6079 11.5193 7
    endloop
  endfacet
  facet normal 0 0 1
    outer loop
      vertex 12.1144 11.9723 7
      vertex 13.2929 14.1771 7
      vertex 13.1666 14.2528 7
    endloop
  endfacet
  facet normal 0 0 1
    outer loop
      vertex 11.7777 12.1741 7
      vertex 13.1666 14.2528 7
      vertex 13.0484 14.3405 7
    endloop
  endfacet
  facet normal 0 0 1
    outer loop
      vertex 11.4624 12.408 7
      vertex 13.0484 14.3405 7
      vertex 12.9393 14.4393 7
    endloop
  endfacet
  facet normal 0 0 1
    outer loop
      vertex 11.1716 12.6716 7
      vertex 12.9393 14.4393 7
      vertex 12.8405 14.5484 7
    endloop
  endfacet
  facet normal 0 0 1
    outer loop
      vertex 13.5646 14.0646 7
      vertex 12.8389 11.6722 7
      vertex 13.2196 11.5769 7
    endloop
  endfacet
  facet normal 0 0 1
    outer loop
      vertex 10.908 12.9624 7
      vertex 12.8405 14.5484 7
      vertex 12.7528 14.6666 7
    endloop
  endfacet
  facet normal 0 0 1
    outer loop
      vertex 10.6741 13.2777 7
      vertex 12.7528 14.6666 7
      vertex 12.6771 14.7929 7
    endloop
  endfacet
  facet normal 0 0 1
    outer loop
      vertex 10.4723 13.6144 7
      vertex 12.6771 14.7929 7
      vertex 12.6142 14.926 7
    endloop
  endfacet
  facet normal 0 0 1
    outer loop
      vertex 10.3045 13.9693 7
      vertex 12.6142 14.926 7
      vertex 12.5646 15.0646 7
    endloop
  endfacet
  facet normal 0 0 1
    outer loop
      vertex 10.1722 14.3389 7
      vertex 12.5646 15.0646 7
      vertex 12.5288 15.2074 7
    endloop
  endfacet
  facet normal 0 0 1
    outer loop
      vertex 10.0769 14.7196 7
      vertex 12.5288 15.2074 7
      vertex 12.5072 15.353 7
    endloop
  endfacet
  facet normal 0 0 1
    outer loop
      vertex 13.426 14.1142 7
      vertex 12.4693 11.8045 7
      vertex 12.8389 11.6722 7
    endloop
  endfacet
  facet normal 0 0 1
    outer loop
      vertex 10.0193 15.1079 7
      vertex 12.5072 15.353 7
      vertex 12.5 15.5 7
    endloop
  endfacet
  facet normal 0 0 1
    outer loop
      vertex 12.7528 16.3334 7
      vertex 10.6741 17.7223 7
      vertex 12.6771 16.2071 7
    endloop
  endfacet
  facet normal -0 0 1
    outer loop
      vertex 10.4723 17.3856 7
      vertex 12.6771 16.2071 7
      vertex 10.6741 17.7223 7
    endloop
  endfacet
  facet normal 0 0 1
    outer loop
      vertex 13.2929 14.1771 7
      vertex 12.1144 11.9723 7
      vertex 12.4693 11.8045 7
    endloop
  endfacet
  facet normal 0 0 1
    outer loop
      vertex 12.6771 16.2071 7
      vertex 10.4723 17.3856 7
      vertex 12.6142 16.074 7
    endloop
  endfacet
  facet normal 0 0 1
    outer loop
      vertex 13.1666 14.2528 7
      vertex 11.7777 12.1741 7
      vertex 12.1144 11.9723 7
    endloop
  endfacet
  facet normal -0 0 1
    outer loop
      vertex 10.3045 17.0307 7
      vertex 12.6142 16.074 7
      vertex 10.4723 17.3856 7
    endloop
  endfacet
  facet normal 0 0 1
    outer loop
      vertex 13.0484 14.3405 7
      vertex 11.4624 12.408 7
      vertex 11.7777 12.1741 7
    endloop
  endfacet
  facet normal 0 0 1
    outer loop
      vertex 12.6142 16.074 7
      vertex 10.3045 17.0307 7
      vertex 12.5646 15.9354 7
    endloop
  endfacet
  facet normal 0 0 1
    outer loop
      vertex 12.9393 14.4393 7
      vertex 11.1716 12.6716 7
      vertex 11.4624 12.408 7
    endloop
  endfacet
  facet normal -0 0 1
    outer loop
      vertex 10.1722 16.6611 7
      vertex 12.5646 15.9354 7
      vertex 10.3045 17.0307 7
    endloop
  endfacet
  facet normal 0 0 1
    outer loop
      vertex 12.8405 14.5484 7
      vertex 10.908 12.9624 7
      vertex 11.1716 12.6716 7
    endloop
  endfacet
  facet normal 0 0 1
    outer loop
      vertex 12.5646 15.9354 7
      vertex 10.1722 16.6611 7
      vertex 12.5288 15.7926 7
    endloop
  endfacet
  facet normal 0 0 1
    outer loop
      vertex 12.7528 14.6666 7
      vertex 10.6741 13.2777 7
      vertex 10.908 12.9624 7
    endloop
  endfacet
  facet normal -0 0 1
    outer loop
      vertex 10.0769 16.2804 7
      vertex 12.5288 15.7926 7
      vertex 10.1722 16.6611 7
    endloop
  endfacet
  facet normal 0 0 1
    outer loop
      vertex 12.6771 14.7929 7
      vertex 10.4723 13.6144 7
      vertex 10.6741 13.2777 7
    endloop
  endfacet
  facet normal 0 0 1
    outer loop
      vertex 12.5288 15.7926 7
      vertex 10.0769 16.2804 7
      vertex 12.5072 15.647 7
    endloop
  endfacet
  facet normal 0 0 1
    outer loop
      vertex 12.6142 14.926 7
      vertex 10.3045 13.9693 7
      vertex 10.4723 13.6144 7
    endloop
  endfacet
  facet normal -0 0 1
    outer loop
      vertex 10.0193 15.8921 7
      vertex 12.5072 15.647 7
      vertex 10.0769 16.2804 7
    endloop
  endfacet
  facet normal 0 0 1
    outer loop
      vertex 12.5646 15.0646 7
      vertex 10.1722 14.3389 7
      vertex 10.3045 13.9693 7
    endloop
  endfacet
  facet normal 0 0 1
    outer loop
      vertex 12.5072 15.647 7
      vertex 10.0193 15.8921 7
      vertex 12.5 15.5 7
    endloop
  endfacet
  facet normal 0 0 1
    outer loop
      vertex 12.5288 15.2074 7
      vertex 10.0769 14.7196 7
      vertex 10.1722 14.3389 7
    endloop
  endfacet
  facet normal 0 0 1
    outer loop
      vertex 10 15.5 7
      vertex 12.5 15.5 7
      vertex 10.0193 15.8921 7
    endloop
  endfacet
  facet normal 0 0 1
    outer loop
      vertex 12.5072 15.353 7
      vertex 10.0193 15.1079 7
      vertex 10.0769 14.7196 7
    endloop
  endfacet
  facet normal 0 0 1
    outer loop
      vertex 12.5 15.5 7
      vertex 10 15.5 7
      vertex 10.0193 15.1079 7
    endloop
  endfacet
  facet normal -0.989174 -0.146746 0
    outer loop
      vertex 15.4928 15.647 3
      vertex 15.4712 15.7926 7
      vertex 15.4712 15.7926 3
    endloop
  endfacet
  facet normal -0.989174 -0.146746 0
    outer loop
      vertex 15.4712 15.7926 7
      vertex 15.4928 15.647 3
      vertex 15.4928 15.647 7
    endloop
  endfacet
  facet normal -0.998803 -0.0489209 0
    outer loop
      vertex 15.5 15.5 3
      vertex 15.4928 15.647 7
      vertex 15.4928 15.647 3
    endloop
  endfacet
  facet normal -0.998803 -0.0489209 0
    outer loop
      vertex 15.4928 15.647 7
      vertex 15.5 15.5 3
      vertex 15.5 15.5 7
    endloop
  endfacet
  facet normal -0.969982 -0.243175 0
    outer loop
      vertex 15.4712 15.7926 3
      vertex 15.4354 15.9354 7
      vertex 15.4354 15.9354 3
    endloop
  endfacet
  facet normal -0.969982 -0.243175 0
    outer loop
      vertex 15.4354 15.9354 7
      vertex 15.4712 15.7926 3
      vertex 15.4712 15.7926 7
    endloop
  endfacet
  facet normal -0.427269 0.904125 0
    outer loop
      vertex 14.7071 14.1771 3
      vertex 14.574 14.1142 7
      vertex 14.7071 14.1771 7
    endloop
  endfacet
  facet normal -0.427269 0.904125 0
    outer loop
      vertex 14.574 14.1142 7
      vertex 14.7071 14.1771 3
      vertex 14.574 14.1142 3
    endloop
  endfacet
  facet normal 0.595861 -0.803088 0
    outer loop
      vertex 13.0484 16.6595 3
      vertex 13.1666 16.7472 7
      vertex 13.0484 16.6595 7
    endloop
  endfacet
  facet normal 0.595861 -0.803088 0
    outer loop
      vertex 13.1666 16.7472 7
      vertex 13.0484 16.6595 3
      vertex 13.1666 16.7472 3
    endloop
  endfacet
  facet normal 0.904125 -0.427269 0
    outer loop
      vertex 12.6142 16.074 7
      vertex 12.6771 16.2071 3
      vertex 12.6771 16.2071 7
    endloop
  endfacet
  facet normal 0.904125 -0.427269 0
    outer loop
      vertex 12.6771 16.2071 3
      vertex 12.6142 16.074 7
      vertex 12.6142 16.074 3
    endloop
  endfacet
  facet normal 0.969982 -0.243175 0
    outer loop
      vertex 12.5288 15.7926 7
      vertex 12.5646 15.9354 3
      vertex 12.5646 15.9354 7
    endloop
  endfacet
  facet normal 0.969982 -0.243175 0
    outer loop
      vertex 12.5646 15.9354 3
      vertex 12.5288 15.7926 7
      vertex 12.5288 15.7926 3
    endloop
  endfacet
  facet normal -0.514096 0.857733 0
    outer loop
      vertex 14.8334 14.2528 3
      vertex 14.7071 14.1771 7
      vertex 14.8334 14.2528 7
    endloop
  endfacet
  facet normal -0.514096 0.857733 0
    outer loop
      vertex 14.7071 14.1771 7
      vertex 14.8334 14.2528 3
      vertex 14.7071 14.1771 3
    endloop
  endfacet
  facet normal -0.243175 0.969982 0
    outer loop
      vertex 14.4354 14.0646 3
      vertex 14.2926 14.0288 7
      vertex 14.4354 14.0646 7
    endloop
  endfacet
  facet normal -0.243175 0.969982 0
    outer loop
      vertex 14.2926 14.0288 7
      vertex 14.4354 14.0646 3
      vertex 14.2926 14.0288 3
    endloop
  endfacet
  facet normal -0.0489209 -0.998803 0
    outer loop
      vertex 14 17 3
      vertex 14.147 16.9928 7
      vertex 14 17 7
    endloop
  endfacet
  facet normal -0.0489209 -0.998803 -0
    outer loop
      vertex 14.147 16.9928 7
      vertex 14 17 3
      vertex 14.147 16.9928 3
    endloop
  endfacet
  facet normal -0.146746 -0.989174 0
    outer loop
      vertex 14.147 16.9928 3
      vertex 14.2926 16.9712 7
      vertex 14.147 16.9928 7
    endloop
  endfacet
  facet normal -0.146746 -0.989174 -0
    outer loop
      vertex 14.2926 16.9712 7
      vertex 14.147 16.9928 3
      vertex 14.2926 16.9712 3
    endloop
  endfacet
  facet normal -0.427269 -0.904125 0
    outer loop
      vertex 14.574 16.8858 3
      vertex 14.7071 16.8229 7
      vertex 14.574 16.8858 7
    endloop
  endfacet
  facet normal -0.427269 -0.904125 -0
    outer loop
      vertex 14.7071 16.8229 7
      vertex 14.574 16.8858 3
      vertex 14.7071 16.8229 3
    endloop
  endfacet
  facet normal -0.146746 0.989174 0
    outer loop
      vertex 14.2926 14.0288 3
      vertex 14.147 14.0072 7
      vertex 14.2926 14.0288 7
    endloop
  endfacet
  facet normal -0.146746 0.989174 0
    outer loop
      vertex 14.147 14.0072 7
      vertex 14.2926 14.0288 3
      vertex 14.147 14.0072 3
    endloop
  endfacet
  facet normal -0.803088 0.595861 0
    outer loop
      vertex 15.1595 14.5484 3
      vertex 15.2472 14.6666 7
      vertex 15.2472 14.6666 3
    endloop
  endfacet
  facet normal -0.803088 0.595861 0
    outer loop
      vertex 15.2472 14.6666 7
      vertex 15.1595 14.5484 3
      vertex 15.1595 14.5484 7
    endloop
  endfacet
  facet normal 0.74123 0.671251 0
    outer loop
      vertex 12.9393 14.4393 7
      vertex 12.8405 14.5484 3
      vertex 12.8405 14.5484 7
    endloop
  endfacet
  facet normal 0.74123 0.671251 0
    outer loop
      vertex 12.8405 14.5484 3
      vertex 12.9393 14.4393 7
      vertex 12.9393 14.4393 3
    endloop
  endfacet
  facet normal 0.514096 -0.857733 0
    outer loop
      vertex 13.1666 16.7472 3
      vertex 13.2929 16.8229 7
      vertex 13.1666 16.7472 7
    endloop
  endfacet
  facet normal 0.514096 -0.857733 0
    outer loop
      vertex 13.2929 16.8229 7
      vertex 13.1666 16.7472 3
      vertex 13.2929 16.8229 3
    endloop
  endfacet
  facet normal -0.989174 0.146746 0
    outer loop
      vertex 15.4712 15.2074 3
      vertex 15.4928 15.353 7
      vertex 15.4928 15.353 3
    endloop
  endfacet
  facet normal -0.989174 0.146746 0
    outer loop
      vertex 15.4928 15.353 7
      vertex 15.4712 15.2074 3
      vertex 15.4712 15.2074 7
    endloop
  endfacet
  facet normal 0.146746 0.989174 -0
    outer loop
      vertex 13.853 14.0072 3
      vertex 13.7074 14.0288 7
      vertex 13.853 14.0072 7
    endloop
  endfacet
  facet normal 0.146746 0.989174 0
    outer loop
      vertex 13.7074 14.0288 7
      vertex 13.853 14.0072 3
      vertex 13.7074 14.0288 3
    endloop
  endfacet
  facet normal -0.595861 0.803088 0
    outer loop
      vertex 14.9516 14.3405 3
      vertex 14.8334 14.2528 7
      vertex 14.9516 14.3405 7
    endloop
  endfacet
  facet normal -0.595861 0.803088 0
    outer loop
      vertex 14.8334 14.2528 7
      vertex 14.9516 14.3405 3
      vertex 14.8334 14.2528 3
    endloop
  endfacet
  facet normal 0.0489209 0.998803 -0
    outer loop
      vertex 14 14 3
      vertex 13.853 14.0072 7
      vertex 14 14 7
    endloop
  endfacet
  facet normal 0.0489209 0.998803 0
    outer loop
      vertex 13.853 14.0072 7
      vertex 14 14 3
      vertex 13.853 14.0072 3
    endloop
  endfacet
  facet normal -0.595861 -0.803088 0
    outer loop
      vertex 14.8334 16.7472 3
      vertex 14.9516 16.6595 7
      vertex 14.8334 16.7472 7
    endloop
  endfacet
  facet normal -0.595861 -0.803088 -0
    outer loop
      vertex 14.9516 16.6595 7
      vertex 14.8334 16.7472 3
      vertex 14.9516 16.6595 3
    endloop
  endfacet
  facet normal -0.969982 0.243175 0
    outer loop
      vertex 15.4354 15.0646 3
      vertex 15.4712 15.2074 7
      vertex 15.4712 15.2074 3
    endloop
  endfacet
  facet normal -0.969982 0.243175 0
    outer loop
      vertex 15.4712 15.2074 7
      vertex 15.4354 15.0646 3
      vertex 15.4354 15.0646 7
    endloop
  endfacet
  facet normal 0.989174 -0.146746 0
    outer loop
      vertex 12.5072 15.647 7
      vertex 12.5288 15.7926 3
      vertex 12.5288 15.7926 7
    endloop
  endfacet
  facet normal 0.989174 -0.146746 0
    outer loop
      vertex 12.5288 15.7926 3
      vertex 12.5072 15.647 7
      vertex 12.5072 15.647 3
    endloop
  endfacet
  facet normal 0.857733 -0.514096 0
    outer loop
      vertex 12.6771 16.2071 7
      vertex 12.7528 16.3334 3
      vertex 12.7528 16.3334 7
    endloop
  endfacet
  facet normal 0.857733 -0.514096 0
    outer loop
      vertex 12.7528 16.3334 3
      vertex 12.6771 16.2071 7
      vertex 12.6771 16.2071 3
    endloop
  endfacet
  facet normal 0.941527 0.336939 0
    outer loop
      vertex 12.6142 14.926 7
      vertex 12.5646 15.0646 3
      vertex 12.5646 15.0646 7
    endloop
  endfacet
  facet normal 0.941527 0.336939 0
    outer loop
      vertex 12.5646 15.0646 3
      vertex 12.6142 14.926 7
      vertex 12.6142 14.926 3
    endloop
  endfacet
  facet normal 0.146746 -0.989174 0
    outer loop
      vertex 13.7074 16.9712 3
      vertex 13.853 16.9928 7
      vertex 13.7074 16.9712 7
    endloop
  endfacet
  facet normal 0.146746 -0.989174 0
    outer loop
      vertex 13.853 16.9928 7
      vertex 13.7074 16.9712 3
      vertex 13.853 16.9928 3
    endloop
  endfacet
  facet normal -0.803088 -0.595861 0
    outer loop
      vertex 15.2472 16.3334 3
      vertex 15.1595 16.4516 7
      vertex 15.1595 16.4516 3
    endloop
  endfacet
  facet normal -0.803088 -0.595861 0
    outer loop
      vertex 15.1595 16.4516 7
      vertex 15.2472 16.3334 3
      vertex 15.2472 16.3334 7
    endloop
  endfacet
  facet normal 0.969982 0.243175 0
    outer loop
      vertex 12.5646 15.0646 7
      vertex 12.5288 15.2074 3
      vertex 12.5288 15.2074 7
    endloop
  endfacet
  facet normal 0.969982 0.243175 0
    outer loop
      vertex 12.5288 15.2074 3
      vertex 12.5646 15.0646 7
      vertex 12.5646 15.0646 3
    endloop
  endfacet
  facet normal 0.998803 0.0489209 0
    outer loop
      vertex 12.5072 15.353 7
      vertex 12.5 15.5 3
      vertex 12.5 15.5 7
    endloop
  endfacet
  facet normal 0.998803 0.0489209 0
    outer loop
      vertex 12.5 15.5 3
      vertex 12.5072 15.353 7
      vertex 12.5072 15.353 3
    endloop
  endfacet
  facet normal -0.514096 -0.857733 0
    outer loop
      vertex 14.7071 16.8229 3
      vertex 14.8334 16.7472 7
      vertex 14.7071 16.8229 7
    endloop
  endfacet
  facet normal -0.514096 -0.857733 -0
    outer loop
      vertex 14.8334 16.7472 7
      vertex 14.7071 16.8229 3
      vertex 14.8334 16.7472 3
    endloop
  endfacet
  facet normal -0.998803 0.0489209 0
    outer loop
      vertex 15.4928 15.353 3
      vertex 15.5 15.5 7
      vertex 15.5 15.5 3
    endloop
  endfacet
  facet normal -0.998803 0.0489209 0
    outer loop
      vertex 15.5 15.5 7
      vertex 15.4928 15.353 3
      vertex 15.4928 15.353 7
    endloop
  endfacet
  facet normal -0.904125 0.427269 0
    outer loop
      vertex 15.3229 14.7929 3
      vertex 15.3858 14.926 7
      vertex 15.3858 14.926 3
    endloop
  endfacet
  facet normal -0.904125 0.427269 0
    outer loop
      vertex 15.3858 14.926 7
      vertex 15.3229 14.7929 3
      vertex 15.3229 14.7929 7
    endloop
  endfacet
  facet normal -0.857733 -0.514096 0
    outer loop
      vertex 15.3229 16.2071 3
      vertex 15.2472 16.3334 7
      vertex 15.2472 16.3334 3
    endloop
  endfacet
  facet normal -0.857733 -0.514096 0
    outer loop
      vertex 15.2472 16.3334 7
      vertex 15.3229 16.2071 3
      vertex 15.3229 16.2071 7
    endloop
  endfacet
  facet normal -0.74123 -0.671251 0
    outer loop
      vertex 15.1595 16.4516 3
      vertex 15.0607 16.5607 7
      vertex 15.0607 16.5607 3
    endloop
  endfacet
  facet normal -0.74123 -0.671251 0
    outer loop
      vertex 15.0607 16.5607 7
      vertex 15.1595 16.4516 3
      vertex 15.1595 16.4516 7
    endloop
  endfacet
  facet normal 0.0489209 -0.998803 0
    outer loop
      vertex 13.853 16.9928 3
      vertex 14 17 7
      vertex 13.853 16.9928 7
    endloop
  endfacet
  facet normal 0.0489209 -0.998803 0
    outer loop
      vertex 14 17 7
      vertex 13.853 16.9928 3
      vertex 14 17 3
    endloop
  endfacet
  facet normal 0.74123 -0.671251 0
    outer loop
      vertex 12.8405 16.4516 7
      vertex 12.9393 16.5607 3
      vertex 12.9393 16.5607 7
    endloop
  endfacet
  facet normal 0.74123 -0.671251 0
    outer loop
      vertex 12.9393 16.5607 3
      vertex 12.8405 16.4516 7
      vertex 12.8405 16.4516 3
    endloop
  endfacet
  facet normal 0.671251 0.74123 -0
    outer loop
      vertex 13.0484 14.3405 3
      vertex 12.9393 14.4393 7
      vertex 13.0484 14.3405 7
    endloop
  endfacet
  facet normal 0.671251 0.74123 0
    outer loop
      vertex 12.9393 14.4393 7
      vertex 13.0484 14.3405 3
      vertex 12.9393 14.4393 3
    endloop
  endfacet
  facet normal -0.0489209 0.998803 0
    outer loop
      vertex 14.147 14.0072 3
      vertex 14 14 7
      vertex 14.147 14.0072 7
    endloop
  endfacet
  facet normal -0.0489209 0.998803 0
    outer loop
      vertex 14 14 7
      vertex 14.147 14.0072 3
      vertex 14 14 3
    endloop
  endfacet
  facet normal -0.941527 -0.336939 0
    outer loop
      vertex 15.4354 15.9354 3
      vertex 15.3858 16.074 7
      vertex 15.3858 16.074 3
    endloop
  endfacet
  facet normal -0.941527 -0.336939 0
    outer loop
      vertex 15.3858 16.074 7
      vertex 15.4354 15.9354 3
      vertex 15.4354 15.9354 7
    endloop
  endfacet
  facet normal -0.857733 0.514096 0
    outer loop
      vertex 15.2472 14.6666 3
      vertex 15.3229 14.7929 7
      vertex 15.3229 14.7929 3
    endloop
  endfacet
  facet normal -0.857733 0.514096 0
    outer loop
      vertex 15.3229 14.7929 7
      vertex 15.2472 14.6666 3
      vertex 15.2472 14.6666 7
    endloop
  endfacet
  facet normal -0.671251 -0.74123 0
    outer loop
      vertex 14.9516 16.6595 3
      vertex 15.0607 16.5607 7
      vertex 14.9516 16.6595 7
    endloop
  endfacet
  facet normal -0.671251 -0.74123 -0
    outer loop
      vertex 15.0607 16.5607 7
      vertex 14.9516 16.6595 3
      vertex 15.0607 16.5607 3
    endloop
  endfacet
  facet normal 0.243175 -0.969982 0
    outer loop
      vertex 13.5646 16.9354 3
      vertex 13.7074 16.9712 7
      vertex 13.5646 16.9354 7
    endloop
  endfacet
  facet normal 0.243175 -0.969982 0
    outer loop
      vertex 13.7074 16.9712 7
      vertex 13.5646 16.9354 3
      vertex 13.7074 16.9712 3
    endloop
  endfacet
  facet normal -0.941527 0.336939 0
    outer loop
      vertex 15.3858 14.926 3
      vertex 15.4354 15.0646 7
      vertex 15.4354 15.0646 3
    endloop
  endfacet
  facet normal -0.941527 0.336939 0
    outer loop
      vertex 15.4354 15.0646 7
      vertex 15.3858 14.926 3
      vertex 15.3858 14.926 7
    endloop
  endfacet
  facet normal -0.336939 0.941527 0
    outer loop
      vertex 14.574 14.1142 3
      vertex 14.4354 14.0646 7
      vertex 14.574 14.1142 7
    endloop
  endfacet
  facet normal -0.336939 0.941527 0
    outer loop
      vertex 14.4354 14.0646 7
      vertex 14.574 14.1142 3
      vertex 14.4354 14.0646 3
    endloop
  endfacet
  facet normal 0.427269 -0.904125 0
    outer loop
      vertex 13.2929 16.8229 3
      vertex 13.426 16.8858 7
      vertex 13.2929 16.8229 7
    endloop
  endfacet
  facet normal 0.427269 -0.904125 0
    outer loop
      vertex 13.426 16.8858 7
      vertex 13.2929 16.8229 3
      vertex 13.426 16.8858 3
    endloop
  endfacet
  facet normal -0.904125 -0.427269 0
    outer loop
      vertex 15.3858 16.074 3
      vertex 15.3229 16.2071 7
      vertex 15.3229 16.2071 3
    endloop
  endfacet
  facet normal -0.904125 -0.427269 0
    outer loop
      vertex 15.3229 16.2071 7
      vertex 15.3858 16.074 3
      vertex 15.3858 16.074 7
    endloop
  endfacet
  facet normal 0.671251 -0.74123 0
    outer loop
      vertex 12.9393 16.5607 3
      vertex 13.0484 16.6595 7
      vertex 12.9393 16.5607 7
    endloop
  endfacet
  facet normal 0.671251 -0.74123 0
    outer loop
      vertex 13.0484 16.6595 7
      vertex 12.9393 16.5607 3
      vertex 13.0484 16.6595 3
    endloop
  endfacet
  facet normal -0.336939 -0.941527 0
    outer loop
      vertex 14.4354 16.9354 3
      vertex 14.574 16.8858 7
      vertex 14.4354 16.9354 7
    endloop
  endfacet
  facet normal -0.336939 -0.941527 -0
    outer loop
      vertex 14.574 16.8858 7
      vertex 14.4354 16.9354 3
      vertex 14.574 16.8858 3
    endloop
  endfacet
  facet normal 0.336939 -0.941527 0
    outer loop
      vertex 13.426 16.8858 3
      vertex 13.5646 16.9354 7
      vertex 13.426 16.8858 7
    endloop
  endfacet
  facet normal 0.336939 -0.941527 0
    outer loop
      vertex 13.5646 16.9354 7
      vertex 13.426 16.8858 3
      vertex 13.5646 16.9354 3
    endloop
  endfacet
  facet normal 0.857733 0.514096 0
    outer loop
      vertex 12.7528 14.6666 7
      vertex 12.6771 14.7929 3
      vertex 12.6771 14.7929 7
    endloop
  endfacet
  facet normal 0.857733 0.514096 0
    outer loop
      vertex 12.6771 14.7929 3
      vertex 12.7528 14.6666 7
      vertex 12.7528 14.6666 3
    endloop
  endfacet
  facet normal 0.514096 0.857733 -0
    outer loop
      vertex 13.2929 14.1771 3
      vertex 13.1666 14.2528 7
      vertex 13.2929 14.1771 7
    endloop
  endfacet
  facet normal 0.514096 0.857733 0
    outer loop
      vertex 13.1666 14.2528 7
      vertex 13.2929 14.1771 3
      vertex 13.1666 14.2528 3
    endloop
  endfacet
  facet normal -0.243175 -0.969982 0
    outer loop
      vertex 14.2926 16.9712 3
      vertex 14.4354 16.9354 7
      vertex 14.2926 16.9712 7
    endloop
  endfacet
  facet normal -0.243175 -0.969982 -0
    outer loop
      vertex 14.4354 16.9354 7
      vertex 14.2926 16.9712 3
      vertex 14.4354 16.9354 3
    endloop
  endfacet
  facet normal 0.427269 0.904125 -0
    outer loop
      vertex 13.426 14.1142 3
      vertex 13.2929 14.1771 7
      vertex 13.426 14.1142 7
    endloop
  endfacet
  facet normal 0.427269 0.904125 0
    outer loop
      vertex 13.2929 14.1771 7
      vertex 13.426 14.1142 3
      vertex 13.2929 14.1771 3
    endloop
  endfacet
  facet normal 0.803088 0.595861 0
    outer loop
      vertex 12.8405 14.5484 7
      vertex 12.7528 14.6666 3
      vertex 12.7528 14.6666 7
    endloop
  endfacet
  facet normal 0.803088 0.595861 0
    outer loop
      vertex 12.7528 14.6666 3
      vertex 12.8405 14.5484 7
      vertex 12.8405 14.5484 3
    endloop
  endfacet
  facet normal 0.243175 0.969982 -0
    outer loop
      vertex 13.7074 14.0288 3
      vertex 13.5646 14.0646 7
      vertex 13.7074 14.0288 7
    endloop
  endfacet
  facet normal 0.243175 0.969982 0
    outer loop
      vertex 13.5646 14.0646 7
      vertex 13.7074 14.0288 3
      vertex 13.5646 14.0646 3
    endloop
  endfacet
  facet normal 0.989174 0.146746 0
    outer loop
      vertex 12.5288 15.2074 7
      vertex 12.5072 15.353 3
      vertex 12.5072 15.353 7
    endloop
  endfacet
  facet normal 0.989174 0.146746 0
    outer loop
      vertex 12.5072 15.353 3
      vertex 12.5288 15.2074 7
      vertex 12.5288 15.2074 3
    endloop
  endfacet
  facet normal 0.595861 0.803088 -0
    outer loop
      vertex 13.1666 14.2528 3
      vertex 13.0484 14.3405 7
      vertex 13.1666 14.2528 7
    endloop
  endfacet
  facet normal 0.595861 0.803088 0
    outer loop
      vertex 13.0484 14.3405 7
      vertex 13.1666 14.2528 3
      vertex 13.0484 14.3405 3
    endloop
  endfacet
  facet normal 0.904125 0.427269 0
    outer loop
      vertex 12.6771 14.7929 7
      vertex 12.6142 14.926 3
      vertex 12.6142 14.926 7
    endloop
  endfacet
  facet normal 0.904125 0.427269 0
    outer loop
      vertex 12.6142 14.926 3
      vertex 12.6771 14.7929 7
      vertex 12.6771 14.7929 3
    endloop
  endfacet
  facet normal 0.941527 -0.336939 0
    outer loop
      vertex 12.5646 15.9354 7
      vertex 12.6142 16.074 3
      vertex 12.6142 16.074 7
    endloop
  endfacet
  facet normal 0.941527 -0.336939 0
    outer loop
      vertex 12.6142 16.074 3
      vertex 12.5646 15.9354 7
      vertex 12.5646 15.9354 3
    endloop
  endfacet
  facet normal 0.803088 -0.595861 0
    outer loop
      vertex 12.7528 16.3334 7
      vertex 12.8405 16.4516 3
      vertex 12.8405 16.4516 7
    endloop
  endfacet
  facet normal 0.803088 -0.595861 0
    outer loop
      vertex 12.8405 16.4516 3
      vertex 12.7528 16.3334 7
      vertex 12.7528 16.3334 3
    endloop
  endfacet
  facet normal 0.998803 -0.0489209 0
    outer loop
      vertex 12.5 15.5 7
      vertex 12.5072 15.647 3
      vertex 12.5072 15.647 7
    endloop
  endfacet
  facet normal 0.998803 -0.0489209 0
    outer loop
      vertex 12.5072 15.647 3
      vertex 12.5 15.5 7
      vertex 12.5 15.5 3
    endloop
  endfacet
  facet normal 0.336939 0.941527 -0
    outer loop
      vertex 13.5646 14.0646 3
      vertex 13.426 14.1142 7
      vertex 13.5646 14.0646 7
    endloop
  endfacet
  facet normal 0.336939 0.941527 0
    outer loop
      vertex 13.426 14.1142 7
      vertex 13.5646 14.0646 3
      vertex 13.426 14.1142 3
    endloop
  endfacet
  facet normal -0.74123 0.671251 0
    outer loop
      vertex 15.0607 14.4393 3
      vertex 15.1595 14.5484 7
      vertex 15.1595 14.5484 3
    endloop
  endfacet
  facet normal -0.74123 0.671251 0
    outer loop
      vertex 15.1595 14.5484 7
      vertex 15.0607 14.4393 3
      vertex 15.0607 14.4393 7
    endloop
  endfacet
  facet normal -0.671251 0.74123 0
    outer loop
      vertex 15.0607 14.4393 3
      vertex 14.9516 14.3405 7
      vertex 15.0607 14.4393 7
    endloop
  endfacet
  facet normal -0.671251 0.74123 0
    outer loop
      vertex 14.9516 14.3405 7
      vertex 15.0607 14.4393 3
      vertex 14.9516 14.3405 3
    endloop
  endfacet
  facet normal 0.998791 0.0491626 0
    outer loop
      vertex 18 72.5 7
      vertex 17.9807 72.8921 3.1
      vertex 17.9807 72.8921 7
    endloop
  endfacet
  facet normal 0.998791 0.0491626 0
    outer loop
      vertex 17.9807 72.8921 3.1
      vertex 18 72.5 7
      vertex 18 72.5 3.1
    endloop
  endfacet
  facet normal -0.989176 -0.146733 0
    outer loop
      vertex 10.0769 71.7196 3
      vertex 10.0193 72.1079 7
      vertex 10.0193 72.1079 3
    endloop
  endfacet
  facet normal -0.989176 -0.146733 0
    outer loop
      vertex 10.0193 72.1079 7
      vertex 10.0769 71.7196 3
      vertex 10.0769 71.7196 7
    endloop
  endfacet
  facet normal 0.989176 0.146733 0
    outer loop
      vertex 17.9807 72.8921 7
      vertex 17.9231 73.2804 3.1
      vertex 17.9231 73.2804 7
    endloop
  endfacet
  facet normal 0.989176 0.146733 0
    outer loop
      vertex 17.9231 73.2804 3.1
      vertex 17.9807 72.8921 7
      vertex 17.9807 72.8921 3.1
    endloop
  endfacet
  facet normal 0.671607 0.740908 -0
    outer loop
      vertex 16.8284 75.3284 3
      vertex 16.5376 75.592 7
      vertex 16.8284 75.3284 7
    endloop
  endfacet
  facet normal 0.671607 0.740908 0
    outer loop
      vertex 16.5376 75.592 7
      vertex 16.8284 75.3284 3
      vertex 16.5376 75.592 3
    endloop
  endfacet
  facet normal -0.85774 -0.514084 0
    outer loop
      vertex 10.6741 70.2777 3
      vertex 10.4723 70.6144 7
      vertex 10.4723 70.6144 3
    endloop
  endfacet
  facet normal -0.85774 -0.514084 0
    outer loop
      vertex 10.4723 70.6144 7
      vertex 10.6741 70.2777 3
      vertex 10.6741 70.2777 7
    endloop
  endfacet
  facet normal 0.337014 -0.9415 0
    outer loop
      vertex 15.1611 68.6722 3
      vertex 15.5307 68.8045 7
      vertex 15.1611 68.6722 7
    endloop
  endfacet
  facet normal 0.337014 -0.9415 0
    outer loop
      vertex 15.5307 68.8045 7
      vertex 15.1611 68.6722 3
      vertex 15.5307 68.8045 3
    endloop
  endfacet
  facet normal 0.740896 0.67162 0
    outer loop
      vertex 16.8284 75.3284 7
      vertex 17 75.1391 3.1
      vertex 16.8284 75.3284 3
    endloop
  endfacet
  facet normal 0.740908 0.671607 1.17592e-06
    outer loop
      vertex 17.092 75.0376 7
      vertex 17 75.1391 3.1
      vertex 16.8284 75.3284 7
    endloop
  endfacet
  facet normal 0.74093 0.671582 0
    outer loop
      vertex 17 75.1391 3.1
      vertex 17.092 75.0376 7
      vertex 17.092 75.0376 3.1
    endloop
  endfacet
  facet normal 0.740896 0.67162 0
    outer loop
      vertex 16.8284 75.3284 3
      vertex 17 75.1391 3.1
      vertex 17 75.1391 3
    endloop
  endfacet
  facet normal -0.337014 -0.9415 0
    outer loop
      vertex 12.4693 68.8045 3
      vertex 12.8389 68.6722 7
      vertex 12.4693 68.8045 7
    endloop
  endfacet
  facet normal -0.337014 -0.9415 -0
    outer loop
      vertex 12.8389 68.6722 7
      vertex 12.4693 68.8045 3
      vertex 12.8389 68.6722 3
    endloop
  endfacet
  facet normal 0.904044 0.42744 0
    outer loop
      vertex 17.6955 74.0307 7
      vertex 17.5277 74.3856 3.1
      vertex 17.5277 74.3856 7
    endloop
  endfacet
  facet normal 0.904044 0.42744 0
    outer loop
      vertex 17.5277 74.3856 3.1
      vertex 17.6955 74.0307 7
      vertex 17.6955 74.0307 3.1
    endloop
  endfacet
  facet normal 0.970068 0.242835 0
    outer loop
      vertex 17.9231 73.2804 7
      vertex 17.8278 73.6611 3.1
      vertex 17.8278 73.6611 7
    endloop
  endfacet
  facet normal 0.970068 0.242835 0
    outer loop
      vertex 17.8278 73.6611 3.1
      vertex 17.9231 73.2804 7
      vertex 17.9231 73.2804 3.1
    endloop
  endfacet
  facet normal 0.989176 -0.146733 0
    outer loop
      vertex 17.9231 71.7196 7
      vertex 17.9807 72.1079 3.1
      vertex 17.9807 72.1079 7
    endloop
  endfacet
  facet normal 0.989176 -0.146733 0
    outer loop
      vertex 17.9807 72.1079 3.1
      vertex 17.9231 71.7196 7
      vertex 17.9231 71.7196 3.1
    endloop
  endfacet
  facet normal -0.740908 0.671607 0
    outer loop
      vertex 10.908 75.0376 3
      vertex 11.1716 75.3284 7
      vertex 11.1716 75.3284 3
    endloop
  endfacet
  facet normal -0.740908 0.671607 0
    outer loop
      vertex 11.1716 75.3284 7
      vertex 10.908 75.0376 3
      vertex 10.908 75.0376 7
    endloop
  endfacet
  facet normal -0.9415 -0.337014 0
    outer loop
      vertex 10.3045 70.9693 3
      vertex 10.1722 71.3389 7
      vertex 10.1722 71.3389 3
    endloop
  endfacet
  facet normal -0.9415 -0.337014 0
    outer loop
      vertex 10.1722 71.3389 7
      vertex 10.3045 70.9693 3
      vertex 10.3045 70.9693 7
    endloop
  endfacet
  facet normal -0.514084 0.85774 0
    outer loop
      vertex 12.1144 76.0277 3
      vertex 11.7777 75.8259 7
      vertex 12.1144 76.0277 7
    endloop
  endfacet
  facet normal -0.514084 0.85774 0
    outer loop
      vertex 11.7777 75.8259 7
      vertex 12.1144 76.0277 3
      vertex 11.7777 75.8259 3
    endloop
  endfacet
  facet normal -0.970068 0.242835 0
    outer loop
      vertex 10.0769 73.2804 3
      vertex 10.1722 73.6611 7
      vertex 10.1722 73.6611 3
    endloop
  endfacet
  facet normal -0.970068 0.242835 0
    outer loop
      vertex 10.1722 73.6611 7
      vertex 10.0769 73.2804 3
      vertex 10.0769 73.2804 7
    endloop
  endfacet
  facet normal -0.904044 -0.42744 0
    outer loop
      vertex 10.4723 70.6144 3
      vertex 10.3045 70.9693 7
      vertex 10.3045 70.9693 3
    endloop
  endfacet
  facet normal -0.904044 -0.42744 0
    outer loop
      vertex 10.3045 70.9693 7
      vertex 10.4723 70.6144 3
      vertex 10.4723 70.6144 7
    endloop
  endfacet
  facet normal -0.337014 0.9415 0
    outer loop
      vertex 12.8389 76.3278 3
      vertex 12.4693 76.1955 7
      vertex 12.8389 76.3278 7
    endloop
  endfacet
  facet normal -0.337014 0.9415 0
    outer loop
      vertex 12.4693 76.1955 7
      vertex 12.8389 76.3278 3
      vertex 12.4693 76.1955 3
    endloop
  endfacet
  facet normal 0.514084 0.85774 -0
    outer loop
      vertex 16.2223 75.8259 3
      vertex 15.8856 76.0277 7
      vertex 16.2223 75.8259 7
    endloop
  endfacet
  facet normal 0.514084 0.85774 0
    outer loop
      vertex 15.8856 76.0277 7
      vertex 16.2223 75.8259 3
      vertex 15.8856 76.0277 3
    endloop
  endfacet
  facet normal 0.970068 -0.242835 0
    outer loop
      vertex 17.8278 71.3389 7
      vertex 17.9231 71.7196 3.1
      vertex 17.9231 71.7196 7
    endloop
  endfacet
  facet normal 0.970068 -0.242835 0
    outer loop
      vertex 17.9231 71.7196 3.1
      vertex 17.8278 71.3389 7
      vertex 17.8278 71.3389 3.1
    endloop
  endfacet
  facet normal -0.998791 0.0491626 0
    outer loop
      vertex 10 72.5 3
      vertex 10.0193 72.8921 7
      vertex 10.0193 72.8921 3
    endloop
  endfacet
  facet normal -0.998791 0.0491626 0
    outer loop
      vertex 10.0193 72.8921 7
      vertex 10 72.5 3
      vertex 10 72.5 7
    endloop
  endfacet
  facet normal 0.0491626 0.998791 -0
    outer loop
      vertex 14.3921 76.4807 3
      vertex 14 76.5 7
      vertex 14.3921 76.4807 7
    endloop
  endfacet
  facet normal 0.0491626 0.998791 0
    outer loop
      vertex 14 76.5 7
      vertex 14.3921 76.4807 3
      vertex 14 76.5 3
    endloop
  endfacet
  facet normal 0.42744 0.904044 -0
    outer loop
      vertex 15.8856 76.0277 3
      vertex 15.5307 76.1955 7
      vertex 15.8856 76.0277 7
    endloop
  endfacet
  facet normal 0.42744 0.904044 0
    outer loop
      vertex 15.5307 76.1955 7
      vertex 15.8856 76.0277 3
      vertex 15.5307 76.1955 3
    endloop
  endfacet
  facet normal 0.595794 0.803137 -0
    outer loop
      vertex 16.5376 75.592 3
      vertex 16.2223 75.8259 7
      vertex 16.5376 75.592 7
    endloop
  endfacet
  facet normal 0.595794 0.803137 0
    outer loop
      vertex 16.2223 75.8259 7
      vertex 16.5376 75.592 3
      vertex 16.2223 75.8259 3
    endloop
  endfacet
  facet normal -0.671607 -0.740908 0
    outer loop
      vertex 11.1716 69.6716 3
      vertex 11.4624 69.408 7
      vertex 11.1716 69.6716 7
    endloop
  endfacet
  facet normal -0.671607 -0.740908 -0
    outer loop
      vertex 11.4624 69.408 7
      vertex 11.1716 69.6716 3
      vertex 11.4624 69.408 3
    endloop
  endfacet
  facet normal 0.9415 0.337014 0
    outer loop
      vertex 17.8278 73.6611 7
      vertex 17.6955 74.0307 3.1
      vertex 17.6955 74.0307 7
    endloop
  endfacet
  facet normal 0.9415 0.337014 0
    outer loop
      vertex 17.6955 74.0307 3.1
      vertex 17.8278 73.6611 7
      vertex 17.8278 73.6611 3.1
    endloop
  endfacet
  facet normal 0.998791 -0.0491626 0
    outer loop
      vertex 17.9807 72.1079 7
      vertex 18 72.5 3.1
      vertex 18 72.5 7
    endloop
  endfacet
  facet normal 0.998791 -0.0491626 0
    outer loop
      vertex 18 72.5 3.1
      vertex 17.9807 72.1079 7
      vertex 17.9807 72.1079 3.1
    endloop
  endfacet
  facet normal -0.42744 0.904044 0
    outer loop
      vertex 12.4693 76.1955 3
      vertex 12.1144 76.0277 7
      vertex 12.4693 76.1955 7
    endloop
  endfacet
  facet normal -0.42744 0.904044 0
    outer loop
      vertex 12.1144 76.0277 7
      vertex 12.4693 76.1955 3
      vertex 12.1144 76.0277 3
    endloop
  endfacet
  facet normal -0.0491626 -0.998791 0
    outer loop
      vertex 13.6079 68.5193 3
      vertex 14 68.5 7
      vertex 13.6079 68.5193 7
    endloop
  endfacet
  facet normal -0.0491626 -0.998791 -0
    outer loop
      vertex 14 68.5 7
      vertex 13.6079 68.5193 3
      vertex 14 68.5 3
    endloop
  endfacet
  facet normal 0.803137 0.595794 0
    outer loop
      vertex 17.3259 74.7223 7
      vertex 17.092 75.0376 3.1
      vertex 17.092 75.0376 7
    endloop
  endfacet
  facet normal 0.803137 0.595794 0
    outer loop
      vertex 17.092 75.0376 3.1
      vertex 17.3259 74.7223 7
      vertex 17.3259 74.7223 3.1
    endloop
  endfacet
  facet normal -0.740908 -0.671607 0
    outer loop
      vertex 11.1716 69.6716 3
      vertex 10.908 69.9624 7
      vertex 10.908 69.9624 3
    endloop
  endfacet
  facet normal -0.740908 -0.671607 0
    outer loop
      vertex 10.908 69.9624 7
      vertex 11.1716 69.6716 3
      vertex 11.1716 69.6716 7
    endloop
  endfacet
  facet normal -0.970068 -0.242835 0
    outer loop
      vertex 10.1722 71.3389 3
      vertex 10.0769 71.7196 7
      vertex 10.0769 71.7196 3
    endloop
  endfacet
  facet normal -0.970068 -0.242835 0
    outer loop
      vertex 10.0769 71.7196 7
      vertex 10.1722 71.3389 3
      vertex 10.1722 71.3389 7
    endloop
  endfacet
  facet normal 0.514084 -0.85774 0
    outer loop
      vertex 15.8856 68.9723 3
      vertex 16.2223 69.1741 7
      vertex 15.8856 68.9723 7
    endloop
  endfacet
  facet normal 0.514084 -0.85774 0
    outer loop
      vertex 16.2223 69.1741 7
      vertex 15.8856 68.9723 3
      vertex 16.2223 69.1741 3
    endloop
  endfacet
  facet normal 0.85774 0.514084 0
    outer loop
      vertex 17.5277 74.3856 7
      vertex 17.3259 74.7223 3.1
      vertex 17.3259 74.7223 7
    endloop
  endfacet
  facet normal 0.85774 0.514084 0
    outer loop
      vertex 17.3259 74.7223 3.1
      vertex 17.5277 74.3856 7
      vertex 17.5277 74.3856 3.1
    endloop
  endfacet
  facet normal -0.595794 -0.803137 0
    outer loop
      vertex 11.4624 69.408 3
      vertex 11.7777 69.1741 7
      vertex 11.4624 69.408 7
    endloop
  endfacet
  facet normal -0.595794 -0.803137 -0
    outer loop
      vertex 11.7777 69.1741 7
      vertex 11.4624 69.408 3
      vertex 11.7777 69.1741 3
    endloop
  endfacet
  facet normal -0.595794 0.803137 0
    outer loop
      vertex 11.7777 75.8259 3
      vertex 11.4624 75.592 7
      vertex 11.7777 75.8259 7
    endloop
  endfacet
  facet normal -0.595794 0.803137 0
    outer loop
      vertex 11.4624 75.592 7
      vertex 11.7777 75.8259 3
      vertex 11.4624 75.592 3
    endloop
  endfacet
  facet normal -0.42744 -0.904044 0
    outer loop
      vertex 12.1144 68.9723 3
      vertex 12.4693 68.8045 7
      vertex 12.1144 68.9723 7
    endloop
  endfacet
  facet normal -0.42744 -0.904044 -0
    outer loop
      vertex 12.4693 68.8045 7
      vertex 12.1144 68.9723 3
      vertex 12.4693 68.8045 3
    endloop
  endfacet
  facet normal 0.803137 -0.595794 0
    outer loop
      vertex 17.092 69.9624 7
      vertex 17.3259 70.2777 3.1
      vertex 17.3259 70.2777 7
    endloop
  endfacet
  facet normal 0.803137 -0.595794 0
    outer loop
      vertex 17.3259 70.2777 3.1
      vertex 17.092 69.9624 7
      vertex 17.092 69.9624 3.1
    endloop
  endfacet
  facet normal 0.85774 -0.514084 0
    outer loop
      vertex 17.3259 70.2777 7
      vertex 17.5277 70.6144 3.1
      vertex 17.5277 70.6144 7
    endloop
  endfacet
  facet normal 0.85774 -0.514084 0
    outer loop
      vertex 17.5277 70.6144 3.1
      vertex 17.3259 70.2777 7
      vertex 17.3259 70.2777 3.1
    endloop
  endfacet
  facet normal 0.242835 0.970068 -0
    outer loop
      vertex 15.1611 76.3278 3
      vertex 14.7804 76.4231 7
      vertex 15.1611 76.3278 7
    endloop
  endfacet
  facet normal 0.242835 0.970068 0
    outer loop
      vertex 14.7804 76.4231 7
      vertex 15.1611 76.3278 3
      vertex 14.7804 76.4231 3
    endloop
  endfacet
  facet normal 0.146733 -0.989176 0
    outer loop
      vertex 14.3921 68.5193 3
      vertex 14.7804 68.5769 7
      vertex 14.3921 68.5193 7
    endloop
  endfacet
  facet normal 0.146733 -0.989176 0
    outer loop
      vertex 14.7804 68.5769 7
      vertex 14.3921 68.5193 3
      vertex 14.7804 68.5769 3
    endloop
  endfacet
  facet normal 0.671607 -0.740908 0
    outer loop
      vertex 16.5376 69.408 3
      vertex 16.8284 69.6716 7
      vertex 16.5376 69.408 7
    endloop
  endfacet
  facet normal 0.671607 -0.740908 0
    outer loop
      vertex 16.8284 69.6716 7
      vertex 16.5376 69.408 3
      vertex 16.8284 69.6716 3
    endloop
  endfacet
  facet normal -0.904044 0.42744 0
    outer loop
      vertex 10.3045 74.0307 3
      vertex 10.4723 74.3856 7
      vertex 10.4723 74.3856 3
    endloop
  endfacet
  facet normal -0.904044 0.42744 0
    outer loop
      vertex 10.4723 74.3856 7
      vertex 10.3045 74.0307 3
      vertex 10.3045 74.0307 7
    endloop
  endfacet
  facet normal -0.242835 -0.970068 0
    outer loop
      vertex 12.8389 68.6722 3
      vertex 13.2196 68.5769 7
      vertex 12.8389 68.6722 7
    endloop
  endfacet
  facet normal -0.242835 -0.970068 -0
    outer loop
      vertex 13.2196 68.5769 7
      vertex 12.8389 68.6722 3
      vertex 13.2196 68.5769 3
    endloop
  endfacet
  facet normal -0.242835 0.970068 0
    outer loop
      vertex 13.2196 76.4231 3
      vertex 12.8389 76.3278 7
      vertex 13.2196 76.4231 7
    endloop
  endfacet
  facet normal -0.242835 0.970068 0
    outer loop
      vertex 12.8389 76.3278 7
      vertex 13.2196 76.4231 3
      vertex 12.8389 76.3278 3
    endloop
  endfacet
  facet normal -0.9415 0.337014 0
    outer loop
      vertex 10.1722 73.6611 3
      vertex 10.3045 74.0307 7
      vertex 10.3045 74.0307 3
    endloop
  endfacet
  facet normal -0.9415 0.337014 0
    outer loop
      vertex 10.3045 74.0307 7
      vertex 10.1722 73.6611 3
      vertex 10.1722 73.6611 7
    endloop
  endfacet
  facet normal -0.146733 -0.989176 0
    outer loop
      vertex 13.2196 68.5769 3
      vertex 13.6079 68.5193 7
      vertex 13.2196 68.5769 7
    endloop
  endfacet
  facet normal -0.146733 -0.989176 -0
    outer loop
      vertex 13.6079 68.5193 7
      vertex 13.2196 68.5769 3
      vertex 13.6079 68.5193 3
    endloop
  endfacet
  facet normal -0.671607 0.740908 0
    outer loop
      vertex 11.4624 75.592 3
      vertex 11.1716 75.3284 7
      vertex 11.4624 75.592 7
    endloop
  endfacet
  facet normal -0.671607 0.740908 0
    outer loop
      vertex 11.1716 75.3284 7
      vertex 11.4624 75.592 3
      vertex 11.1716 75.3284 3
    endloop
  endfacet
  facet normal 0.337014 0.9415 -0
    outer loop
      vertex 15.5307 76.1955 3
      vertex 15.1611 76.3278 7
      vertex 15.5307 76.1955 7
    endloop
  endfacet
  facet normal 0.337014 0.9415 0
    outer loop
      vertex 15.1611 76.3278 7
      vertex 15.5307 76.1955 3
      vertex 15.1611 76.3278 3
    endloop
  endfacet
  facet normal -0.0491626 0.998791 0
    outer loop
      vertex 14 76.5 3
      vertex 13.6079 76.4807 7
      vertex 14 76.5 7
    endloop
  endfacet
  facet normal -0.0491626 0.998791 0
    outer loop
      vertex 13.6079 76.4807 7
      vertex 14 76.5 3
      vertex 13.6079 76.4807 3
    endloop
  endfacet
  facet normal -0.146733 0.989176 0
    outer loop
      vertex 13.6079 76.4807 3
      vertex 13.2196 76.4231 7
      vertex 13.6079 76.4807 7
    endloop
  endfacet
  facet normal -0.146733 0.989176 0
    outer loop
      vertex 13.2196 76.4231 7
      vertex 13.6079 76.4807 3
      vertex 13.2196 76.4231 3
    endloop
  endfacet
  facet normal -0.514084 -0.85774 0
    outer loop
      vertex 11.7777 69.1741 3
      vertex 12.1144 68.9723 7
      vertex 11.7777 69.1741 7
    endloop
  endfacet
  facet normal -0.514084 -0.85774 -0
    outer loop
      vertex 12.1144 68.9723 7
      vertex 11.7777 69.1741 3
      vertex 12.1144 68.9723 3
    endloop
  endfacet
  facet normal -0.803137 -0.595794 0
    outer loop
      vertex 10.908 69.9624 3
      vertex 10.6741 70.2777 7
      vertex 10.6741 70.2777 3
    endloop
  endfacet
  facet normal -0.803137 -0.595794 0
    outer loop
      vertex 10.6741 70.2777 7
      vertex 10.908 69.9624 3
      vertex 10.908 69.9624 7
    endloop
  endfacet
  facet normal -0.998791 -0.0491626 0
    outer loop
      vertex 10.0193 72.1079 3
      vertex 10 72.5 7
      vertex 10 72.5 3
    endloop
  endfacet
  facet normal -0.998791 -0.0491626 0
    outer loop
      vertex 10 72.5 7
      vertex 10.0193 72.1079 3
      vertex 10.0193 72.1079 7
    endloop
  endfacet
  facet normal -0.989176 0.146733 0
    outer loop
      vertex 10.0193 72.8921 3
      vertex 10.0769 73.2804 7
      vertex 10.0769 73.2804 3
    endloop
  endfacet
  facet normal -0.989176 0.146733 0
    outer loop
      vertex 10.0769 73.2804 7
      vertex 10.0193 72.8921 3
      vertex 10.0193 72.8921 7
    endloop
  endfacet
  facet normal 0.595794 -0.803137 0
    outer loop
      vertex 16.2223 69.1741 3
      vertex 16.5376 69.408 7
      vertex 16.2223 69.1741 7
    endloop
  endfacet
  facet normal 0.595794 -0.803137 0
    outer loop
      vertex 16.5376 69.408 7
      vertex 16.2223 69.1741 3
      vertex 16.5376 69.408 3
    endloop
  endfacet
  facet normal 0.42744 -0.904044 0
    outer loop
      vertex 15.5307 68.8045 3
      vertex 15.8856 68.9723 7
      vertex 15.5307 68.8045 7
    endloop
  endfacet
  facet normal 0.42744 -0.904044 0
    outer loop
      vertex 15.8856 68.9723 7
      vertex 15.5307 68.8045 3
      vertex 15.8856 68.9723 3
    endloop
  endfacet
  facet normal 0.242835 -0.970068 0
    outer loop
      vertex 14.7804 68.5769 3
      vertex 15.1611 68.6722 7
      vertex 14.7804 68.5769 7
    endloop
  endfacet
  facet normal 0.242835 -0.970068 0
    outer loop
      vertex 15.1611 68.6722 7
      vertex 14.7804 68.5769 3
      vertex 15.1611 68.6722 3
    endloop
  endfacet
  facet normal 0.0491626 -0.998791 0
    outer loop
      vertex 14 68.5 3
      vertex 14.3921 68.5193 7
      vertex 14 68.5 7
    endloop
  endfacet
  facet normal 0.0491626 -0.998791 0
    outer loop
      vertex 14.3921 68.5193 7
      vertex 14 68.5 3
      vertex 14.3921 68.5193 3
    endloop
  endfacet
  facet normal 0.904044 -0.42744 0
    outer loop
      vertex 17.5277 70.6144 7
      vertex 17.6955 70.9693 3.1
      vertex 17.6955 70.9693 7
    endloop
  endfacet
  facet normal 0.904044 -0.42744 0
    outer loop
      vertex 17.6955 70.9693 3.1
      vertex 17.5277 70.6144 7
      vertex 17.5277 70.6144 3.1
    endloop
  endfacet
  facet normal 0.9415 -0.337014 0
    outer loop
      vertex 17.6955 70.9693 7
      vertex 17.8278 71.3389 3.1
      vertex 17.8278 71.3389 7
    endloop
  endfacet
  facet normal 0.9415 -0.337014 0
    outer loop
      vertex 17.8278 71.3389 3.1
      vertex 17.6955 70.9693 7
      vertex 17.6955 70.9693 3.1
    endloop
  endfacet
  facet normal -0.85774 0.514084 0
    outer loop
      vertex 10.4723 74.3856 3
      vertex 10.6741 74.7223 7
      vertex 10.6741 74.7223 3
    endloop
  endfacet
  facet normal -0.85774 0.514084 0
    outer loop
      vertex 10.6741 74.7223 7
      vertex 10.4723 74.3856 3
      vertex 10.4723 74.3856 7
    endloop
  endfacet
  facet normal 0.146733 0.989176 -0
    outer loop
      vertex 14.7804 76.4231 3
      vertex 14.3921 76.4807 7
      vertex 14.7804 76.4231 7
    endloop
  endfacet
  facet normal 0.146733 0.989176 0
    outer loop
      vertex 14.3921 76.4807 7
      vertex 14.7804 76.4231 3
      vertex 14.3921 76.4807 3
    endloop
  endfacet
  facet normal 0.74093 -0.671582 0
    outer loop
      vertex 17.092 69.9624 7
      vertex 17 69.8609 3.1
      vertex 17.092 69.9624 3.1
    endloop
  endfacet
  facet normal 0.740908 -0.671607 1.17592e-06
    outer loop
      vertex 16.8284 69.6716 7
      vertex 17 69.8609 3.1
      vertex 17.092 69.9624 7
    endloop
  endfacet
  facet normal 0.740896 -0.67162 0
    outer loop
      vertex 16.8284 69.6716 3
      vertex 17 69.8609 3.1
      vertex 16.8284 69.6716 7
    endloop
  endfacet
  facet normal 0.740896 -0.67162 0
    outer loop
      vertex 17 69.8609 3.1
      vertex 16.8284 69.6716 3
      vertex 17 69.8609 3
    endloop
  endfacet
  facet normal -0.803137 0.595794 0
    outer loop
      vertex 10.6741 74.7223 3
      vertex 10.908 75.0376 7
      vertex 10.908 75.0376 3
    endloop
  endfacet
  facet normal -0.803137 0.595794 0
    outer loop
      vertex 10.908 75.0376 7
      vertex 10.6741 74.7223 3
      vertex 10.6741 74.7223 7
    endloop
  endfacet
  facet normal 0 0 1
    outer loop
      vertex 15.5 72.5 7
      vertex 18 72.5 7
      vertex 17.9807 72.8921 7
    endloop
  endfacet
  facet normal 0 0 1
    outer loop
      vertex 15.4928 72.647 7
      vertex 17.9807 72.8921 7
      vertex 17.9231 73.2804 7
    endloop
  endfacet
  facet normal 0 0 1
    outer loop
      vertex 18 72.5 7
      vertex 15.5 72.5 7
      vertex 17.9807 72.1079 7
    endloop
  endfacet
  facet normal 0 0 1
    outer loop
      vertex 15.4712 72.7926 7
      vertex 17.9231 73.2804 7
      vertex 17.8278 73.6611 7
    endloop
  endfacet
  facet normal -0 0 1
    outer loop
      vertex 15.4928 72.353 7
      vertex 17.9807 72.1079 7
      vertex 15.5 72.5 7
    endloop
  endfacet
  facet normal 0 0 1
    outer loop
      vertex 15.4354 72.9354 7
      vertex 17.8278 73.6611 7
      vertex 17.6955 74.0307 7
    endloop
  endfacet
  facet normal 0 0 1
    outer loop
      vertex 17.9807 72.1079 7
      vertex 15.4928 72.353 7
      vertex 17.9231 71.7196 7
    endloop
  endfacet
  facet normal 0 0 1
    outer loop
      vertex 15.3858 73.074 7
      vertex 17.6955 74.0307 7
      vertex 17.5277 74.3856 7
    endloop
  endfacet
  facet normal -0 0 1
    outer loop
      vertex 15.4712 72.2074 7
      vertex 17.9231 71.7196 7
      vertex 15.4928 72.353 7
    endloop
  endfacet
  facet normal 0 0 1
    outer loop
      vertex 15.3229 73.2071 7
      vertex 17.5277 74.3856 7
      vertex 17.3259 74.7223 7
    endloop
  endfacet
  facet normal 0 0 1
    outer loop
      vertex 17.9231 71.7196 7
      vertex 15.4712 72.2074 7
      vertex 17.8278 71.3389 7
    endloop
  endfacet
  facet normal 0 0 1
    outer loop
      vertex 15.2472 73.3334 7
      vertex 17.3259 74.7223 7
      vertex 17.092 75.0376 7
    endloop
  endfacet
  facet normal -0 0 1
    outer loop
      vertex 15.4354 72.0646 7
      vertex 17.8278 71.3389 7
      vertex 15.4712 72.2074 7
    endloop
  endfacet
  facet normal 0 0 1
    outer loop
      vertex 15.1595 73.4516 7
      vertex 17.092 75.0376 7
      vertex 16.8284 75.3284 7
    endloop
  endfacet
  facet normal 0 0 1
    outer loop
      vertex 17.8278 71.3389 7
      vertex 15.4354 72.0646 7
      vertex 17.6955 70.9693 7
    endloop
  endfacet
  facet normal 0 0 1
    outer loop
      vertex 15.0607 73.5607 7
      vertex 16.8284 75.3284 7
      vertex 16.5376 75.592 7
    endloop
  endfacet
  facet normal -0 0 1
    outer loop
      vertex 15.3858 71.926 7
      vertex 17.6955 70.9693 7
      vertex 15.4354 72.0646 7
    endloop
  endfacet
  facet normal 0 0 1
    outer loop
      vertex 14.9516 73.6595 7
      vertex 16.5376 75.592 7
      vertex 16.2223 75.8259 7
    endloop
  endfacet
  facet normal 0 0 1
    outer loop
      vertex 17.6955 70.9693 7
      vertex 15.3858 71.926 7
      vertex 17.5277 70.6144 7
    endloop
  endfacet
  facet normal 0 0 1
    outer loop
      vertex 14.8334 73.7472 7
      vertex 16.2223 75.8259 7
      vertex 15.8856 76.0277 7
    endloop
  endfacet
  facet normal -0 0 1
    outer loop
      vertex 15.3229 71.7929 7
      vertex 17.5277 70.6144 7
      vertex 15.3858 71.926 7
    endloop
  endfacet
  facet normal 0 0 1
    outer loop
      vertex 14.7071 73.8229 7
      vertex 15.8856 76.0277 7
      vertex 15.5307 76.1955 7
    endloop
  endfacet
  facet normal 0 0 1
    outer loop
      vertex 17.5277 70.6144 7
      vertex 15.3229 71.7929 7
      vertex 17.3259 70.2777 7
    endloop
  endfacet
  facet normal -0 0 1
    outer loop
      vertex 15.2472 71.6666 7
      vertex 17.3259 70.2777 7
      vertex 15.3229 71.7929 7
    endloop
  endfacet
  facet normal 0 0 1
    outer loop
      vertex 17.9807 72.8921 7
      vertex 15.4928 72.647 7
      vertex 15.5 72.5 7
    endloop
  endfacet
  facet normal 0 0 1
    outer loop
      vertex 17.9231 73.2804 7
      vertex 15.4712 72.7926 7
      vertex 15.4928 72.647 7
    endloop
  endfacet
  facet normal 0 0 1
    outer loop
      vertex 17.8278 73.6611 7
      vertex 15.4354 72.9354 7
      vertex 15.4712 72.7926 7
    endloop
  endfacet
  facet normal 0 0 1
    outer loop
      vertex 17.6955 74.0307 7
      vertex 15.3858 73.074 7
      vertex 15.4354 72.9354 7
    endloop
  endfacet
  facet normal 0 0 1
    outer loop
      vertex 17.5277 74.3856 7
      vertex 15.3229 73.2071 7
      vertex 15.3858 73.074 7
    endloop
  endfacet
  facet normal 0 0 1
    outer loop
      vertex 17.3259 74.7223 7
      vertex 15.2472 73.3334 7
      vertex 15.3229 73.2071 7
    endloop
  endfacet
  facet normal 0 0 1
    outer loop
      vertex 14.574 73.8858 7
      vertex 15.5307 76.1955 7
      vertex 15.1611 76.3278 7
    endloop
  endfacet
  facet normal 0 0 1
    outer loop
      vertex 17.092 75.0376 7
      vertex 15.1595 73.4516 7
      vertex 15.2472 73.3334 7
    endloop
  endfacet
  facet normal 0 0 1
    outer loop
      vertex 16.8284 75.3284 7
      vertex 15.0607 73.5607 7
      vertex 15.1595 73.4516 7
    endloop
  endfacet
  facet normal 0 0 1
    outer loop
      vertex 16.5376 75.592 7
      vertex 14.9516 73.6595 7
      vertex 15.0607 73.5607 7
    endloop
  endfacet
  facet normal 0 0 1
    outer loop
      vertex 16.2223 75.8259 7
      vertex 14.8334 73.7472 7
      vertex 14.9516 73.6595 7
    endloop
  endfacet
  facet normal 0 0 1
    outer loop
      vertex 14.4354 73.9354 7
      vertex 15.1611 76.3278 7
      vertex 14.7804 76.4231 7
    endloop
  endfacet
  facet normal 0 0 1
    outer loop
      vertex 15.8856 76.0277 7
      vertex 14.7071 73.8229 7
      vertex 14.8334 73.7472 7
    endloop
  endfacet
  facet normal 0 0 1
    outer loop
      vertex 15.5307 76.1955 7
      vertex 14.574 73.8858 7
      vertex 14.7071 73.8229 7
    endloop
  endfacet
  facet normal 0 0 1
    outer loop
      vertex 15.1611 76.3278 7
      vertex 14.4354 73.9354 7
      vertex 14.574 73.8858 7
    endloop
  endfacet
  facet normal 0 0 1
    outer loop
      vertex 14.2926 73.9712 7
      vertex 14.7804 76.4231 7
      vertex 14.3921 76.4807 7
    endloop
  endfacet
  facet normal 0 0 1
    outer loop
      vertex 14.7804 76.4231 7
      vertex 14.2926 73.9712 7
      vertex 14.4354 73.9354 7
    endloop
  endfacet
  facet normal 0 0 1
    outer loop
      vertex 14.3921 76.4807 7
      vertex 14.147 73.9928 7
      vertex 14.2926 73.9712 7
    endloop
  endfacet
  facet normal 0 0 1
    outer loop
      vertex 14 76.5 7
      vertex 14.147 73.9928 7
      vertex 14.3921 76.4807 7
    endloop
  endfacet
  facet normal 0 0 1
    outer loop
      vertex 14 76.5 7
      vertex 14 74 7
      vertex 14.147 73.9928 7
    endloop
  endfacet
  facet normal 0 0 1
    outer loop
      vertex 14 76.5 7
      vertex 13.853 73.9928 7
      vertex 14 74 7
    endloop
  endfacet
  facet normal -0 0 1
    outer loop
      vertex 13.6079 76.4807 7
      vertex 13.853 73.9928 7
      vertex 14 76.5 7
    endloop
  endfacet
  facet normal 0 0 1
    outer loop
      vertex 13.853 73.9928 7
      vertex 13.6079 76.4807 7
      vertex 13.7074 73.9712 7
    endloop
  endfacet
  facet normal -0 0 1
    outer loop
      vertex 13.2196 76.4231 7
      vertex 13.7074 73.9712 7
      vertex 13.6079 76.4807 7
    endloop
  endfacet
  facet normal 0 0 1
    outer loop
      vertex 13.7074 73.9712 7
      vertex 13.2196 76.4231 7
      vertex 13.5646 73.9354 7
    endloop
  endfacet
  facet normal -0 0 1
    outer loop
      vertex 12.8389 76.3278 7
      vertex 13.5646 73.9354 7
      vertex 13.2196 76.4231 7
    endloop
  endfacet
  facet normal 0 0 1
    outer loop
      vertex 13.5646 73.9354 7
      vertex 12.8389 76.3278 7
      vertex 13.426 73.8858 7
    endloop
  endfacet
  facet normal -0 0 1
    outer loop
      vertex 12.4693 76.1955 7
      vertex 13.426 73.8858 7
      vertex 12.8389 76.3278 7
    endloop
  endfacet
  facet normal 0 0 1
    outer loop
      vertex 13.426 73.8858 7
      vertex 12.4693 76.1955 7
      vertex 13.2929 73.8229 7
    endloop
  endfacet
  facet normal -0 0 1
    outer loop
      vertex 12.1144 76.0277 7
      vertex 13.2929 73.8229 7
      vertex 12.4693 76.1955 7
    endloop
  endfacet
  facet normal 0 0 1
    outer loop
      vertex 13.2929 73.8229 7
      vertex 12.1144 76.0277 7
      vertex 13.1666 73.7472 7
    endloop
  endfacet
  facet normal -0 0 1
    outer loop
      vertex 11.7777 75.8259 7
      vertex 13.1666 73.7472 7
      vertex 12.1144 76.0277 7
    endloop
  endfacet
  facet normal 0 0 1
    outer loop
      vertex 13.1666 73.7472 7
      vertex 11.7777 75.8259 7
      vertex 13.0484 73.6595 7
    endloop
  endfacet
  facet normal -0 0 1
    outer loop
      vertex 11.4624 75.592 7
      vertex 13.0484 73.6595 7
      vertex 11.7777 75.8259 7
    endloop
  endfacet
  facet normal 0 0 1
    outer loop
      vertex 13.0484 73.6595 7
      vertex 11.4624 75.592 7
      vertex 12.9393 73.5607 7
    endloop
  endfacet
  facet normal -0 0 1
    outer loop
      vertex 11.1716 75.3284 7
      vertex 12.9393 73.5607 7
      vertex 11.4624 75.592 7
    endloop
  endfacet
  facet normal 0 0 1
    outer loop
      vertex 12.9393 73.5607 7
      vertex 11.1716 75.3284 7
      vertex 12.8405 73.4516 7
    endloop
  endfacet
  facet normal -0 0 1
    outer loop
      vertex 10.908 75.0376 7
      vertex 12.8405 73.4516 7
      vertex 11.1716 75.3284 7
    endloop
  endfacet
  facet normal -0 0 1
    outer loop
      vertex 10.6741 74.7223 7
      vertex 12.7528 73.3334 7
      vertex 10.908 75.0376 7
    endloop
  endfacet
  facet normal 0 0 1
    outer loop
      vertex 12.8405 73.4516 7
      vertex 10.908 75.0376 7
      vertex 12.7528 73.3334 7
    endloop
  endfacet
  facet normal 0 0 1
    outer loop
      vertex 17.3259 70.2777 7
      vertex 15.2472 71.6666 7
      vertex 17.092 69.9624 7
    endloop
  endfacet
  facet normal -0 0 1
    outer loop
      vertex 15.1595 71.5484 7
      vertex 17.092 69.9624 7
      vertex 15.2472 71.6666 7
    endloop
  endfacet
  facet normal 0 0 1
    outer loop
      vertex 17.092 69.9624 7
      vertex 15.1595 71.5484 7
      vertex 16.8284 69.6716 7
    endloop
  endfacet
  facet normal -0 0 1
    outer loop
      vertex 15.0607 71.4393 7
      vertex 16.8284 69.6716 7
      vertex 15.1595 71.5484 7
    endloop
  endfacet
  facet normal 0 0 1
    outer loop
      vertex 16.8284 69.6716 7
      vertex 15.0607 71.4393 7
      vertex 16.5376 69.408 7
    endloop
  endfacet
  facet normal -0 0 1
    outer loop
      vertex 14.9516 71.3405 7
      vertex 16.5376 69.408 7
      vertex 15.0607 71.4393 7
    endloop
  endfacet
  facet normal 0 0 1
    outer loop
      vertex 16.5376 69.408 7
      vertex 14.9516 71.3405 7
      vertex 16.2223 69.1741 7
    endloop
  endfacet
  facet normal -0 0 1
    outer loop
      vertex 14.8334 71.2528 7
      vertex 16.2223 69.1741 7
      vertex 14.9516 71.3405 7
    endloop
  endfacet
  facet normal 0 0 1
    outer loop
      vertex 16.2223 69.1741 7
      vertex 14.8334 71.2528 7
      vertex 15.8856 68.9723 7
    endloop
  endfacet
  facet normal -0 0 1
    outer loop
      vertex 14.7071 71.1771 7
      vertex 15.8856 68.9723 7
      vertex 14.8334 71.2528 7
    endloop
  endfacet
  facet normal 0 0 1
    outer loop
      vertex 15.8856 68.9723 7
      vertex 14.7071 71.1771 7
      vertex 15.5307 68.8045 7
    endloop
  endfacet
  facet normal -0 0 1
    outer loop
      vertex 14.574 71.1142 7
      vertex 15.5307 68.8045 7
      vertex 14.7071 71.1771 7
    endloop
  endfacet
  facet normal 0 0 1
    outer loop
      vertex 15.5307 68.8045 7
      vertex 14.574 71.1142 7
      vertex 15.1611 68.6722 7
    endloop
  endfacet
  facet normal -0 0 1
    outer loop
      vertex 14.4354 71.0646 7
      vertex 15.1611 68.6722 7
      vertex 14.574 71.1142 7
    endloop
  endfacet
  facet normal 0 0 1
    outer loop
      vertex 15.1611 68.6722 7
      vertex 14.4354 71.0646 7
      vertex 14.7804 68.5769 7
    endloop
  endfacet
  facet normal -0 0 1
    outer loop
      vertex 14.2926 71.0288 7
      vertex 14.7804 68.5769 7
      vertex 14.4354 71.0646 7
    endloop
  endfacet
  facet normal 0 0 1
    outer loop
      vertex 14.7804 68.5769 7
      vertex 14.2926 71.0288 7
      vertex 14.3921 68.5193 7
    endloop
  endfacet
  facet normal -0 0 1
    outer loop
      vertex 14.147 71.0072 7
      vertex 14.3921 68.5193 7
      vertex 14.2926 71.0288 7
    endloop
  endfacet
  facet normal -0 0 1
    outer loop
      vertex 14 71 7
      vertex 14.3921 68.5193 7
      vertex 14.147 71.0072 7
    endloop
  endfacet
  facet normal 0 0 1
    outer loop
      vertex 14 71 7
      vertex 14 68.5 7
      vertex 14.3921 68.5193 7
    endloop
  endfacet
  facet normal 0 0 1
    outer loop
      vertex 13.853 71.0072 7
      vertex 14 68.5 7
      vertex 14 71 7
    endloop
  endfacet
  facet normal 0 0 1
    outer loop
      vertex 13.6079 68.5193 7
      vertex 13.853 71.0072 7
      vertex 13.7074 71.0288 7
    endloop
  endfacet
  facet normal 0 0 1
    outer loop
      vertex 13.853 71.0072 7
      vertex 13.6079 68.5193 7
      vertex 14 68.5 7
    endloop
  endfacet
  facet normal 0 0 1
    outer loop
      vertex 13.2196 68.5769 7
      vertex 13.7074 71.0288 7
      vertex 13.5646 71.0646 7
    endloop
  endfacet
  facet normal 0 0 1
    outer loop
      vertex 12.8389 68.6722 7
      vertex 13.5646 71.0646 7
      vertex 13.426 71.1142 7
    endloop
  endfacet
  facet normal 0 0 1
    outer loop
      vertex 12.4693 68.8045 7
      vertex 13.426 71.1142 7
      vertex 13.2929 71.1771 7
    endloop
  endfacet
  facet normal 0 0 1
    outer loop
      vertex 13.7074 71.0288 7
      vertex 13.2196 68.5769 7
      vertex 13.6079 68.5193 7
    endloop
  endfacet
  facet normal 0 0 1
    outer loop
      vertex 12.1144 68.9723 7
      vertex 13.2929 71.1771 7
      vertex 13.1666 71.2528 7
    endloop
  endfacet
  facet normal 0 0 1
    outer loop
      vertex 11.7777 69.1741 7
      vertex 13.1666 71.2528 7
      vertex 13.0484 71.3405 7
    endloop
  endfacet
  facet normal 0 0 1
    outer loop
      vertex 11.4624 69.408 7
      vertex 13.0484 71.3405 7
      vertex 12.9393 71.4393 7
    endloop
  endfacet
  facet normal 0 0 1
    outer loop
      vertex 11.1716 69.6716 7
      vertex 12.9393 71.4393 7
      vertex 12.8405 71.5484 7
    endloop
  endfacet
  facet normal 0 0 1
    outer loop
      vertex 13.5646 71.0646 7
      vertex 12.8389 68.6722 7
      vertex 13.2196 68.5769 7
    endloop
  endfacet
  facet normal 0 0 1
    outer loop
      vertex 10.908 69.9624 7
      vertex 12.8405 71.5484 7
      vertex 12.7528 71.6666 7
    endloop
  endfacet
  facet normal 0 0 1
    outer loop
      vertex 10.6741 70.2777 7
      vertex 12.7528 71.6666 7
      vertex 12.6771 71.7929 7
    endloop
  endfacet
  facet normal 0 0 1
    outer loop
      vertex 10.4723 70.6144 7
      vertex 12.6771 71.7929 7
      vertex 12.6142 71.926 7
    endloop
  endfacet
  facet normal 0 0 1
    outer loop
      vertex 10.3045 70.9693 7
      vertex 12.6142 71.926 7
      vertex 12.5646 72.0646 7
    endloop
  endfacet
  facet normal 0 0 1
    outer loop
      vertex 10.1722 71.3389 7
      vertex 12.5646 72.0646 7
      vertex 12.5288 72.2074 7
    endloop
  endfacet
  facet normal 0 0 1
    outer loop
      vertex 10.0769 71.7196 7
      vertex 12.5288 72.2074 7
      vertex 12.5072 72.353 7
    endloop
  endfacet
  facet normal 0 0 1
    outer loop
      vertex 13.426 71.1142 7
      vertex 12.4693 68.8045 7
      vertex 12.8389 68.6722 7
    endloop
  endfacet
  facet normal 0 0 1
    outer loop
      vertex 10.0193 72.1079 7
      vertex 12.5072 72.353 7
      vertex 12.5 72.5 7
    endloop
  endfacet
  facet normal 0 0 1
    outer loop
      vertex 12.7528 73.3334 7
      vertex 10.6741 74.7223 7
      vertex 12.6771 73.2071 7
    endloop
  endfacet
  facet normal -0 0 1
    outer loop
      vertex 10.4723 74.3856 7
      vertex 12.6771 73.2071 7
      vertex 10.6741 74.7223 7
    endloop
  endfacet
  facet normal 0 0 1
    outer loop
      vertex 13.2929 71.1771 7
      vertex 12.1144 68.9723 7
      vertex 12.4693 68.8045 7
    endloop
  endfacet
  facet normal 0 0 1
    outer loop
      vertex 12.6771 73.2071 7
      vertex 10.4723 74.3856 7
      vertex 12.6142 73.074 7
    endloop
  endfacet
  facet normal 0 0 1
    outer loop
      vertex 13.1666 71.2528 7
      vertex 11.7777 69.1741 7
      vertex 12.1144 68.9723 7
    endloop
  endfacet
  facet normal -0 0 1
    outer loop
      vertex 10.3045 74.0307 7
      vertex 12.6142 73.074 7
      vertex 10.4723 74.3856 7
    endloop
  endfacet
  facet normal 0 0 1
    outer loop
      vertex 13.0484 71.3405 7
      vertex 11.4624 69.408 7
      vertex 11.7777 69.1741 7
    endloop
  endfacet
  facet normal 0 0 1
    outer loop
      vertex 12.6142 73.074 7
      vertex 10.3045 74.0307 7
      vertex 12.5646 72.9354 7
    endloop
  endfacet
  facet normal 0 0 1
    outer loop
      vertex 12.9393 71.4393 7
      vertex 11.1716 69.6716 7
      vertex 11.4624 69.408 7
    endloop
  endfacet
  facet normal -0 0 1
    outer loop
      vertex 10.1722 73.6611 7
      vertex 12.5646 72.9354 7
      vertex 10.3045 74.0307 7
    endloop
  endfacet
  facet normal 0 0 1
    outer loop
      vertex 12.8405 71.5484 7
      vertex 10.908 69.9624 7
      vertex 11.1716 69.6716 7
    endloop
  endfacet
  facet normal 0 0 1
    outer loop
      vertex 12.5646 72.9354 7
      vertex 10.1722 73.6611 7
      vertex 12.5288 72.7926 7
    endloop
  endfacet
  facet normal 0 0 1
    outer loop
      vertex 12.7528 71.6666 7
      vertex 10.6741 70.2777 7
      vertex 10.908 69.9624 7
    endloop
  endfacet
  facet normal -0 0 1
    outer loop
      vertex 10.0769 73.2804 7
      vertex 12.5288 72.7926 7
      vertex 10.1722 73.6611 7
    endloop
  endfacet
  facet normal 0 0 1
    outer loop
      vertex 12.6771 71.7929 7
      vertex 10.4723 70.6144 7
      vertex 10.6741 70.2777 7
    endloop
  endfacet
  facet normal 0 0 1
    outer loop
      vertex 12.5288 72.7926 7
      vertex 10.0769 73.2804 7
      vertex 12.5072 72.647 7
    endloop
  endfacet
  facet normal 0 0 1
    outer loop
      vertex 12.6142 71.926 7
      vertex 10.3045 70.9693 7
      vertex 10.4723 70.6144 7
    endloop
  endfacet
  facet normal -0 0 1
    outer loop
      vertex 10.0193 72.8921 7
      vertex 12.5072 72.647 7
      vertex 10.0769 73.2804 7
    endloop
  endfacet
  facet normal 0 0 1
    outer loop
      vertex 12.5646 72.0646 7
      vertex 10.1722 71.3389 7
      vertex 10.3045 70.9693 7
    endloop
  endfacet
  facet normal 0 0 1
    outer loop
      vertex 12.5072 72.647 7
      vertex 10.0193 72.8921 7
      vertex 12.5 72.5 7
    endloop
  endfacet
  facet normal 0 0 1
    outer loop
      vertex 12.5288 72.2074 7
      vertex 10.0769 71.7196 7
      vertex 10.1722 71.3389 7
    endloop
  endfacet
  facet normal 0 0 1
    outer loop
      vertex 10 72.5 7
      vertex 12.5 72.5 7
      vertex 10.0193 72.8921 7
    endloop
  endfacet
  facet normal 0 0 1
    outer loop
      vertex 12.5072 72.353 7
      vertex 10.0193 72.1079 7
      vertex 10.0769 71.7196 7
    endloop
  endfacet
  facet normal 0 0 1
    outer loop
      vertex 12.5 72.5 7
      vertex 10 72.5 7
      vertex 10.0193 72.1079 7
    endloop
  endfacet
  facet normal -0.989174 -0.146746 0
    outer loop
      vertex 15.4928 72.647 3
      vertex 15.4712 72.7926 7
      vertex 15.4712 72.7926 3
    endloop
  endfacet
  facet normal -0.989174 -0.146746 0
    outer loop
      vertex 15.4712 72.7926 7
      vertex 15.4928 72.647 3
      vertex 15.4928 72.647 7
    endloop
  endfacet
  facet normal -0.998803 -0.0489209 0
    outer loop
      vertex 15.5 72.5 3
      vertex 15.4928 72.647 7
      vertex 15.4928 72.647 3
    endloop
  endfacet
  facet normal -0.998803 -0.0489209 0
    outer loop
      vertex 15.4928 72.647 7
      vertex 15.5 72.5 3
      vertex 15.5 72.5 7
    endloop
  endfacet
  facet normal -0.969982 -0.243175 0
    outer loop
      vertex 15.4712 72.7926 3
      vertex 15.4354 72.9354 7
      vertex 15.4354 72.9354 3
    endloop
  endfacet
  facet normal -0.969982 -0.243175 0
    outer loop
      vertex 15.4354 72.9354 7
      vertex 15.4712 72.7926 3
      vertex 15.4712 72.7926 7
    endloop
  endfacet
  facet normal -0.427269 0.904125 0
    outer loop
      vertex 14.7071 71.1771 3
      vertex 14.574 71.1142 7
      vertex 14.7071 71.1771 7
    endloop
  endfacet
  facet normal -0.427269 0.904125 0
    outer loop
      vertex 14.574 71.1142 7
      vertex 14.7071 71.1771 3
      vertex 14.574 71.1142 3
    endloop
  endfacet
  facet normal 0.595861 -0.803088 0
    outer loop
      vertex 13.0484 73.6595 3
      vertex 13.1666 73.7472 7
      vertex 13.0484 73.6595 7
    endloop
  endfacet
  facet normal 0.595861 -0.803088 0
    outer loop
      vertex 13.1666 73.7472 7
      vertex 13.0484 73.6595 3
      vertex 13.1666 73.7472 3
    endloop
  endfacet
  facet normal 0.904125 -0.427269 0
    outer loop
      vertex 12.6142 73.074 7
      vertex 12.6771 73.2071 3
      vertex 12.6771 73.2071 7
    endloop
  endfacet
  facet normal 0.904125 -0.427269 0
    outer loop
      vertex 12.6771 73.2071 3
      vertex 12.6142 73.074 7
      vertex 12.6142 73.074 3
    endloop
  endfacet
  facet normal 0.969982 -0.243175 0
    outer loop
      vertex 12.5288 72.7926 7
      vertex 12.5646 72.9354 3
      vertex 12.5646 72.9354 7
    endloop
  endfacet
  facet normal 0.969982 -0.243175 0
    outer loop
      vertex 12.5646 72.9354 3
      vertex 12.5288 72.7926 7
      vertex 12.5288 72.7926 3
    endloop
  endfacet
  facet normal -0.514096 0.857733 0
    outer loop
      vertex 14.8334 71.2528 3
      vertex 14.7071 71.1771 7
      vertex 14.8334 71.2528 7
    endloop
  endfacet
  facet normal -0.514096 0.857733 0
    outer loop
      vertex 14.7071 71.1771 7
      vertex 14.8334 71.2528 3
      vertex 14.7071 71.1771 3
    endloop
  endfacet
  facet normal -0.243175 0.969982 0
    outer loop
      vertex 14.4354 71.0646 3
      vertex 14.2926 71.0288 7
      vertex 14.4354 71.0646 7
    endloop
  endfacet
  facet normal -0.243175 0.969982 0
    outer loop
      vertex 14.2926 71.0288 7
      vertex 14.4354 71.0646 3
      vertex 14.2926 71.0288 3
    endloop
  endfacet
  facet normal -0.0489209 -0.998803 0
    outer loop
      vertex 14 74 3
      vertex 14.147 73.9928 7
      vertex 14 74 7
    endloop
  endfacet
  facet normal -0.0489209 -0.998803 -0
    outer loop
      vertex 14.147 73.9928 7
      vertex 14 74 3
      vertex 14.147 73.9928 3
    endloop
  endfacet
  facet normal -0.146746 -0.989174 0
    outer loop
      vertex 14.147 73.9928 3
      vertex 14.2926 73.9712 7
      vertex 14.147 73.9928 7
    endloop
  endfacet
  facet normal -0.146746 -0.989174 -0
    outer loop
      vertex 14.2926 73.9712 7
      vertex 14.147 73.9928 3
      vertex 14.2926 73.9712 3
    endloop
  endfacet
  facet normal -0.427269 -0.904125 0
    outer loop
      vertex 14.574 73.8858 3
      vertex 14.7071 73.8229 7
      vertex 14.574 73.8858 7
    endloop
  endfacet
  facet normal -0.427269 -0.904125 -0
    outer loop
      vertex 14.7071 73.8229 7
      vertex 14.574 73.8858 3
      vertex 14.7071 73.8229 3
    endloop
  endfacet
  facet normal -0.146746 0.989174 0
    outer loop
      vertex 14.2926 71.0288 3
      vertex 14.147 71.0072 7
      vertex 14.2926 71.0288 7
    endloop
  endfacet
  facet normal -0.146746 0.989174 0
    outer loop
      vertex 14.147 71.0072 7
      vertex 14.2926 71.0288 3
      vertex 14.147 71.0072 3
    endloop
  endfacet
  facet normal -0.803088 0.595861 0
    outer loop
      vertex 15.1595 71.5484 3
      vertex 15.2472 71.6666 7
      vertex 15.2472 71.6666 3
    endloop
  endfacet
  facet normal -0.803088 0.595861 0
    outer loop
      vertex 15.2472 71.6666 7
      vertex 15.1595 71.5484 3
      vertex 15.1595 71.5484 7
    endloop
  endfacet
  facet normal 0.74123 0.671251 0
    outer loop
      vertex 12.9393 71.4393 7
      vertex 12.8405 71.5484 3
      vertex 12.8405 71.5484 7
    endloop
  endfacet
  facet normal 0.74123 0.671251 0
    outer loop
      vertex 12.8405 71.5484 3
      vertex 12.9393 71.4393 7
      vertex 12.9393 71.4393 3
    endloop
  endfacet
  facet normal 0.514096 -0.857733 0
    outer loop
      vertex 13.1666 73.7472 3
      vertex 13.2929 73.8229 7
      vertex 13.1666 73.7472 7
    endloop
  endfacet
  facet normal 0.514096 -0.857733 0
    outer loop
      vertex 13.2929 73.8229 7
      vertex 13.1666 73.7472 3
      vertex 13.2929 73.8229 3
    endloop
  endfacet
  facet normal -0.989174 0.146746 0
    outer loop
      vertex 15.4712 72.2074 3
      vertex 15.4928 72.353 7
      vertex 15.4928 72.353 3
    endloop
  endfacet
  facet normal -0.989174 0.146746 0
    outer loop
      vertex 15.4928 72.353 7
      vertex 15.4712 72.2074 3
      vertex 15.4712 72.2074 7
    endloop
  endfacet
  facet normal 0.146746 0.989174 -0
    outer loop
      vertex 13.853 71.0072 3
      vertex 13.7074 71.0288 7
      vertex 13.853 71.0072 7
    endloop
  endfacet
  facet normal 0.146746 0.989174 0
    outer loop
      vertex 13.7074 71.0288 7
      vertex 13.853 71.0072 3
      vertex 13.7074 71.0288 3
    endloop
  endfacet
  facet normal -0.595861 0.803088 0
    outer loop
      vertex 14.9516 71.3405 3
      vertex 14.8334 71.2528 7
      vertex 14.9516 71.3405 7
    endloop
  endfacet
  facet normal -0.595861 0.803088 0
    outer loop
      vertex 14.8334 71.2528 7
      vertex 14.9516 71.3405 3
      vertex 14.8334 71.2528 3
    endloop
  endfacet
  facet normal 0.0489209 0.998803 -0
    outer loop
      vertex 14 71 3
      vertex 13.853 71.0072 7
      vertex 14 71 7
    endloop
  endfacet
  facet normal 0.0489209 0.998803 0
    outer loop
      vertex 13.853 71.0072 7
      vertex 14 71 3
      vertex 13.853 71.0072 3
    endloop
  endfacet
  facet normal -0.595861 -0.803088 0
    outer loop
      vertex 14.8334 73.7472 3
      vertex 14.9516 73.6595 7
      vertex 14.8334 73.7472 7
    endloop
  endfacet
  facet normal -0.595861 -0.803088 -0
    outer loop
      vertex 14.9516 73.6595 7
      vertex 14.8334 73.7472 3
      vertex 14.9516 73.6595 3
    endloop
  endfacet
  facet normal -0.969982 0.243175 0
    outer loop
      vertex 15.4354 72.0646 3
      vertex 15.4712 72.2074 7
      vertex 15.4712 72.2074 3
    endloop
  endfacet
  facet normal -0.969982 0.243175 0
    outer loop
      vertex 15.4712 72.2074 7
      vertex 15.4354 72.0646 3
      vertex 15.4354 72.0646 7
    endloop
  endfacet
  facet normal 0.989174 -0.146746 0
    outer loop
      vertex 12.5072 72.647 7
      vertex 12.5288 72.7926 3
      vertex 12.5288 72.7926 7
    endloop
  endfacet
  facet normal 0.989174 -0.146746 0
    outer loop
      vertex 12.5288 72.7926 3
      vertex 12.5072 72.647 7
      vertex 12.5072 72.647 3
    endloop
  endfacet
  facet normal 0.857733 -0.514096 0
    outer loop
      vertex 12.6771 73.2071 7
      vertex 12.7528 73.3334 3
      vertex 12.7528 73.3334 7
    endloop
  endfacet
  facet normal 0.857733 -0.514096 0
    outer loop
      vertex 12.7528 73.3334 3
      vertex 12.6771 73.2071 7
      vertex 12.6771 73.2071 3
    endloop
  endfacet
  facet normal 0.941527 0.336939 0
    outer loop
      vertex 12.6142 71.926 7
      vertex 12.5646 72.0646 3
      vertex 12.5646 72.0646 7
    endloop
  endfacet
  facet normal 0.941527 0.336939 0
    outer loop
      vertex 12.5646 72.0646 3
      vertex 12.6142 71.926 7
      vertex 12.6142 71.926 3
    endloop
  endfacet
  facet normal 0.146746 -0.989174 0
    outer loop
      vertex 13.7074 73.9712 3
      vertex 13.853 73.9928 7
      vertex 13.7074 73.9712 7
    endloop
  endfacet
  facet normal 0.146746 -0.989174 0
    outer loop
      vertex 13.853 73.9928 7
      vertex 13.7074 73.9712 3
      vertex 13.853 73.9928 3
    endloop
  endfacet
  facet normal -0.803088 -0.595861 0
    outer loop
      vertex 15.2472 73.3334 3
      vertex 15.1595 73.4516 7
      vertex 15.1595 73.4516 3
    endloop
  endfacet
  facet normal -0.803088 -0.595861 0
    outer loop
      vertex 15.1595 73.4516 7
      vertex 15.2472 73.3334 3
      vertex 15.2472 73.3334 7
    endloop
  endfacet
  facet normal 0.969982 0.243175 0
    outer loop
      vertex 12.5646 72.0646 7
      vertex 12.5288 72.2074 3
      vertex 12.5288 72.2074 7
    endloop
  endfacet
  facet normal 0.969982 0.243175 0
    outer loop
      vertex 12.5288 72.2074 3
      vertex 12.5646 72.0646 7
      vertex 12.5646 72.0646 3
    endloop
  endfacet
  facet normal 0.998803 0.0489209 0
    outer loop
      vertex 12.5072 72.353 7
      vertex 12.5 72.5 3
      vertex 12.5 72.5 7
    endloop
  endfacet
  facet normal 0.998803 0.0489209 0
    outer loop
      vertex 12.5 72.5 3
      vertex 12.5072 72.353 7
      vertex 12.5072 72.353 3
    endloop
  endfacet
  facet normal -0.514096 -0.857733 0
    outer loop
      vertex 14.7071 73.8229 3
      vertex 14.8334 73.7472 7
      vertex 14.7071 73.8229 7
    endloop
  endfacet
  facet normal -0.514096 -0.857733 -0
    outer loop
      vertex 14.8334 73.7472 7
      vertex 14.7071 73.8229 3
      vertex 14.8334 73.7472 3
    endloop
  endfacet
  facet normal -0.998803 0.0489209 0
    outer loop
      vertex 15.4928 72.353 3
      vertex 15.5 72.5 7
      vertex 15.5 72.5 3
    endloop
  endfacet
  facet normal -0.998803 0.0489209 0
    outer loop
      vertex 15.5 72.5 7
      vertex 15.4928 72.353 3
      vertex 15.4928 72.353 7
    endloop
  endfacet
  facet normal -0.904125 0.427269 0
    outer loop
      vertex 15.3229 71.7929 3
      vertex 15.3858 71.926 7
      vertex 15.3858 71.926 3
    endloop
  endfacet
  facet normal -0.904125 0.427269 0
    outer loop
      vertex 15.3858 71.926 7
      vertex 15.3229 71.7929 3
      vertex 15.3229 71.7929 7
    endloop
  endfacet
  facet normal -0.857733 -0.514096 0
    outer loop
      vertex 15.3229 73.2071 3
      vertex 15.2472 73.3334 7
      vertex 15.2472 73.3334 3
    endloop
  endfacet
  facet normal -0.857733 -0.514096 0
    outer loop
      vertex 15.2472 73.3334 7
      vertex 15.3229 73.2071 3
      vertex 15.3229 73.2071 7
    endloop
  endfacet
  facet normal -0.74123 -0.671251 0
    outer loop
      vertex 15.1595 73.4516 3
      vertex 15.0607 73.5607 7
      vertex 15.0607 73.5607 3
    endloop
  endfacet
  facet normal -0.74123 -0.671251 0
    outer loop
      vertex 15.0607 73.5607 7
      vertex 15.1595 73.4516 3
      vertex 15.1595 73.4516 7
    endloop
  endfacet
  facet normal 0.0489209 -0.998803 0
    outer loop
      vertex 13.853 73.9928 3
      vertex 14 74 7
      vertex 13.853 73.9928 7
    endloop
  endfacet
  facet normal 0.0489209 -0.998803 0
    outer loop
      vertex 14 74 7
      vertex 13.853 73.9928 3
      vertex 14 74 3
    endloop
  endfacet
  facet normal 0.74123 -0.671251 0
    outer loop
      vertex 12.8405 73.4516 7
      vertex 12.9393 73.5607 3
      vertex 12.9393 73.5607 7
    endloop
  endfacet
  facet normal 0.74123 -0.671251 0
    outer loop
      vertex 12.9393 73.5607 3
      vertex 12.8405 73.4516 7
      vertex 12.8405 73.4516 3
    endloop
  endfacet
  facet normal 0.671251 0.74123 -0
    outer loop
      vertex 13.0484 71.3405 3
      vertex 12.9393 71.4393 7
      vertex 13.0484 71.3405 7
    endloop
  endfacet
  facet normal 0.671251 0.74123 0
    outer loop
      vertex 12.9393 71.4393 7
      vertex 13.0484 71.3405 3
      vertex 12.9393 71.4393 3
    endloop
  endfacet
  facet normal -0.0489209 0.998803 0
    outer loop
      vertex 14.147 71.0072 3
      vertex 14 71 7
      vertex 14.147 71.0072 7
    endloop
  endfacet
  facet normal -0.0489209 0.998803 0
    outer loop
      vertex 14 71 7
      vertex 14.147 71.0072 3
      vertex 14 71 3
    endloop
  endfacet
  facet normal -0.941527 -0.336939 0
    outer loop
      vertex 15.4354 72.9354 3
      vertex 15.3858 73.074 7
      vertex 15.3858 73.074 3
    endloop
  endfacet
  facet normal -0.941527 -0.336939 0
    outer loop
      vertex 15.3858 73.074 7
      vertex 15.4354 72.9354 3
      vertex 15.4354 72.9354 7
    endloop
  endfacet
  facet normal -0.857733 0.514096 0
    outer loop
      vertex 15.2472 71.6666 3
      vertex 15.3229 71.7929 7
      vertex 15.3229 71.7929 3
    endloop
  endfacet
  facet normal -0.857733 0.514096 0
    outer loop
      vertex 15.3229 71.7929 7
      vertex 15.2472 71.6666 3
      vertex 15.2472 71.6666 7
    endloop
  endfacet
  facet normal -0.671251 -0.74123 0
    outer loop
      vertex 14.9516 73.6595 3
      vertex 15.0607 73.5607 7
      vertex 14.9516 73.6595 7
    endloop
  endfacet
  facet normal -0.671251 -0.74123 -0
    outer loop
      vertex 15.0607 73.5607 7
      vertex 14.9516 73.6595 3
      vertex 15.0607 73.5607 3
    endloop
  endfacet
  facet normal 0.243175 -0.969982 0
    outer loop
      vertex 13.5646 73.9354 3
      vertex 13.7074 73.9712 7
      vertex 13.5646 73.9354 7
    endloop
  endfacet
  facet normal 0.243175 -0.969982 0
    outer loop
      vertex 13.7074 73.9712 7
      vertex 13.5646 73.9354 3
      vertex 13.7074 73.9712 3
    endloop
  endfacet
  facet normal -0.941527 0.336939 0
    outer loop
      vertex 15.3858 71.926 3
      vertex 15.4354 72.0646 7
      vertex 15.4354 72.0646 3
    endloop
  endfacet
  facet normal -0.941527 0.336939 0
    outer loop
      vertex 15.4354 72.0646 7
      vertex 15.3858 71.926 3
      vertex 15.3858 71.926 7
    endloop
  endfacet
  facet normal -0.336939 0.941527 0
    outer loop
      vertex 14.574 71.1142 3
      vertex 14.4354 71.0646 7
      vertex 14.574 71.1142 7
    endloop
  endfacet
  facet normal -0.336939 0.941527 0
    outer loop
      vertex 14.4354 71.0646 7
      vertex 14.574 71.1142 3
      vertex 14.4354 71.0646 3
    endloop
  endfacet
  facet normal 0.427269 -0.904125 0
    outer loop
      vertex 13.2929 73.8229 3
      vertex 13.426 73.8858 7
      vertex 13.2929 73.8229 7
    endloop
  endfacet
  facet normal 0.427269 -0.904125 0
    outer loop
      vertex 13.426 73.8858 7
      vertex 13.2929 73.8229 3
      vertex 13.426 73.8858 3
    endloop
  endfacet
  facet normal -0.904125 -0.427269 0
    outer loop
      vertex 15.3858 73.074 3
      vertex 15.3229 73.2071 7
      vertex 15.3229 73.2071 3
    endloop
  endfacet
  facet normal -0.904125 -0.427269 0
    outer loop
      vertex 15.3229 73.2071 7
      vertex 15.3858 73.074 3
      vertex 15.3858 73.074 7
    endloop
  endfacet
  facet normal 0.671251 -0.74123 0
    outer loop
      vertex 12.9393 73.5607 3
      vertex 13.0484 73.6595 7
      vertex 12.9393 73.5607 7
    endloop
  endfacet
  facet normal 0.671251 -0.74123 0
    outer loop
      vertex 13.0484 73.6595 7
      vertex 12.9393 73.5607 3
      vertex 13.0484 73.6595 3
    endloop
  endfacet
  facet normal -0.336939 -0.941527 0
    outer loop
      vertex 14.4354 73.9354 3
      vertex 14.574 73.8858 7
      vertex 14.4354 73.9354 7
    endloop
  endfacet
  facet normal -0.336939 -0.941527 -0
    outer loop
      vertex 14.574 73.8858 7
      vertex 14.4354 73.9354 3
      vertex 14.574 73.8858 3
    endloop
  endfacet
  facet normal 0.336939 -0.941527 0
    outer loop
      vertex 13.426 73.8858 3
      vertex 13.5646 73.9354 7
      vertex 13.426 73.8858 7
    endloop
  endfacet
  facet normal 0.336939 -0.941527 0
    outer loop
      vertex 13.5646 73.9354 7
      vertex 13.426 73.8858 3
      vertex 13.5646 73.9354 3
    endloop
  endfacet
  facet normal 0.857733 0.514096 0
    outer loop
      vertex 12.7528 71.6666 7
      vertex 12.6771 71.7929 3
      vertex 12.6771 71.7929 7
    endloop
  endfacet
  facet normal 0.857733 0.514096 0
    outer loop
      vertex 12.6771 71.7929 3
      vertex 12.7528 71.6666 7
      vertex 12.7528 71.6666 3
    endloop
  endfacet
  facet normal 0.514096 0.857733 -0
    outer loop
      vertex 13.2929 71.1771 3
      vertex 13.1666 71.2528 7
      vertex 13.2929 71.1771 7
    endloop
  endfacet
  facet normal 0.514096 0.857733 0
    outer loop
      vertex 13.1666 71.2528 7
      vertex 13.2929 71.1771 3
      vertex 13.1666 71.2528 3
    endloop
  endfacet
  facet normal -0.243175 -0.969982 0
    outer loop
      vertex 14.2926 73.9712 3
      vertex 14.4354 73.9354 7
      vertex 14.2926 73.9712 7
    endloop
  endfacet
  facet normal -0.243175 -0.969982 -0
    outer loop
      vertex 14.4354 73.9354 7
      vertex 14.2926 73.9712 3
      vertex 14.4354 73.9354 3
    endloop
  endfacet
  facet normal 0.427269 0.904125 -0
    outer loop
      vertex 13.426 71.1142 3
      vertex 13.2929 71.1771 7
      vertex 13.426 71.1142 7
    endloop
  endfacet
  facet normal 0.427269 0.904125 0
    outer loop
      vertex 13.2929 71.1771 7
      vertex 13.426 71.1142 3
      vertex 13.2929 71.1771 3
    endloop
  endfacet
  facet normal 0.803088 0.595861 0
    outer loop
      vertex 12.8405 71.5484 7
      vertex 12.7528 71.6666 3
      vertex 12.7528 71.6666 7
    endloop
  endfacet
  facet normal 0.803088 0.595861 0
    outer loop
      vertex 12.7528 71.6666 3
      vertex 12.8405 71.5484 7
      vertex 12.8405 71.5484 3
    endloop
  endfacet
  facet normal 0.243175 0.969982 -0
    outer loop
      vertex 13.7074 71.0288 3
      vertex 13.5646 71.0646 7
      vertex 13.7074 71.0288 7
    endloop
  endfacet
  facet normal 0.243175 0.969982 0
    outer loop
      vertex 13.5646 71.0646 7
      vertex 13.7074 71.0288 3
      vertex 13.5646 71.0646 3
    endloop
  endfacet
  facet normal 0.989174 0.146746 0
    outer loop
      vertex 12.5288 72.2074 7
      vertex 12.5072 72.353 3
      vertex 12.5072 72.353 7
    endloop
  endfacet
  facet normal 0.989174 0.146746 0
    outer loop
      vertex 12.5072 72.353 3
      vertex 12.5288 72.2074 7
      vertex 12.5288 72.2074 3
    endloop
  endfacet
  facet normal 0.595861 0.803088 -0
    outer loop
      vertex 13.1666 71.2528 3
      vertex 13.0484 71.3405 7
      vertex 13.1666 71.2528 7
    endloop
  endfacet
  facet normal 0.595861 0.803088 0
    outer loop
      vertex 13.0484 71.3405 7
      vertex 13.1666 71.2528 3
      vertex 13.0484 71.3405 3
    endloop
  endfacet
  facet normal 0.904125 0.427269 0
    outer loop
      vertex 12.6771 71.7929 7
      vertex 12.6142 71.926 3
      vertex 12.6142 71.926 7
    endloop
  endfacet
  facet normal 0.904125 0.427269 0
    outer loop
      vertex 12.6142 71.926 3
      vertex 12.6771 71.7929 7
      vertex 12.6771 71.7929 3
    endloop
  endfacet
  facet normal 0.941527 -0.336939 0
    outer loop
      vertex 12.5646 72.9354 7
      vertex 12.6142 73.074 3
      vertex 12.6142 73.074 7
    endloop
  endfacet
  facet normal 0.941527 -0.336939 0
    outer loop
      vertex 12.6142 73.074 3
      vertex 12.5646 72.9354 7
      vertex 12.5646 72.9354 3
    endloop
  endfacet
  facet normal 0.803088 -0.595861 0
    outer loop
      vertex 12.7528 73.3334 7
      vertex 12.8405 73.4516 3
      vertex 12.8405 73.4516 7
    endloop
  endfacet
  facet normal 0.803088 -0.595861 0
    outer loop
      vertex 12.8405 73.4516 3
      vertex 12.7528 73.3334 7
      vertex 12.7528 73.3334 3
    endloop
  endfacet
  facet normal 0.998803 -0.0489209 0
    outer loop
      vertex 12.5 72.5 7
      vertex 12.5072 72.647 3
      vertex 12.5072 72.647 7
    endloop
  endfacet
  facet normal 0.998803 -0.0489209 0
    outer loop
      vertex 12.5072 72.647 3
      vertex 12.5 72.5 7
      vertex 12.5 72.5 3
    endloop
  endfacet
  facet normal 0.336939 0.941527 -0
    outer loop
      vertex 13.5646 71.0646 3
      vertex 13.426 71.1142 7
      vertex 13.5646 71.0646 7
    endloop
  endfacet
  facet normal 0.336939 0.941527 0
    outer loop
      vertex 13.426 71.1142 7
      vertex 13.5646 71.0646 3
      vertex 13.426 71.1142 3
    endloop
  endfacet
  facet normal -0.74123 0.671251 0
    outer loop
      vertex 15.0607 71.4393 3
      vertex 15.1595 71.5484 7
      vertex 15.1595 71.5484 3
    endloop
  endfacet
  facet normal -0.74123 0.671251 0
    outer loop
      vertex 15.1595 71.5484 7
      vertex 15.0607 71.4393 3
      vertex 15.0607 71.4393 7
    endloop
  endfacet
  facet normal -0.671251 0.74123 0
    outer loop
      vertex 15.0607 71.4393 3
      vertex 14.9516 71.3405 7
      vertex 15.0607 71.4393 7
    endloop
  endfacet
  facet normal -0.671251 0.74123 0
    outer loop
      vertex 14.9516 71.3405 7
      vertex 15.0607 71.4393 3
      vertex 14.9516 71.3405 3
    endloop
  endfacet
  facet normal 0.998828 0.0484002 0
    outer loop
      vertex 104 15.5 7
      vertex 103.981 15.8921 3
      vertex 103.981 15.8921 7
    endloop
  endfacet
  facet normal 0.998828 0.0484002 0
    outer loop
      vertex 103.981 15.8921 3
      vertex 104 15.5 7
      vertex 104 15.5 3
    endloop
  endfacet
  facet normal -0.989176 -0.146733 0
    outer loop
      vertex 96.0769 14.7196 3
      vertex 96.0193 15.1079 7
      vertex 96.0193 15.1079 3
    endloop
  endfacet
  facet normal -0.989176 -0.146733 0
    outer loop
      vertex 96.0193 15.1079 7
      vertex 96.0769 14.7196 3
      vertex 96.0769 14.7196 7
    endloop
  endfacet
  facet normal 0.989028 0.14773 0
    outer loop
      vertex 103.981 15.8921 7
      vertex 103.923 16.2804 3
      vertex 103.923 16.2804 7
    endloop
  endfacet
  facet normal 0.989028 0.14773 0
    outer loop
      vertex 103.923 16.2804 3
      vertex 103.981 15.8921 7
      vertex 103.981 15.8921 3
    endloop
  endfacet
  facet normal 0.672622 0.739986 -0
    outer loop
      vertex 102.828 18.3284 3
      vertex 102.538 18.592 7
      vertex 102.828 18.3284 7
    endloop
  endfacet
  facet normal 0.672622 0.739986 0
    outer loop
      vertex 102.538 18.592 7
      vertex 102.828 18.3284 3
      vertex 102.538 18.592 3
    endloop
  endfacet
  facet normal -0.85774 -0.514084 0
    outer loop
      vertex 96.6741 13.2777 3
      vertex 96.4723 13.6144 7
      vertex 96.4723 13.6144 3
    endloop
  endfacet
  facet normal -0.85774 -0.514084 0
    outer loop
      vertex 96.4723 13.6144 7
      vertex 96.6741 13.2777 3
      vertex 96.6741 13.2777 7
    endloop
  endfacet
  facet normal 0.336691 -0.941615 0
    outer loop
      vertex 101.161 11.6722 3
      vertex 101.531 11.8045 7
      vertex 101.161 11.6722 7
    endloop
  endfacet
  facet normal 0.336691 -0.941615 0
    outer loop
      vertex 101.531 11.8045 7
      vertex 101.161 11.6722 3
      vertex 101.531 11.8045 3
    endloop
  endfacet
  facet normal 0.740401 0.672166 0
    outer loop
      vertex 103.092 18.0376 7
      vertex 102.828 18.3284 3
      vertex 102.828 18.3284 7
    endloop
  endfacet
  facet normal 0.740401 0.672166 0
    outer loop
      vertex 102.828 18.3284 3
      vertex 103.092 18.0376 7
      vertex 103.092 18.0376 3
    endloop
  endfacet
  facet normal -0.337014 -0.9415 0
    outer loop
      vertex 98.4693 11.8045 3
      vertex 98.8389 11.6722 7
      vertex 98.4693 11.8045 7
    endloop
  endfacet
  facet normal -0.337014 -0.9415 -0
    outer loop
      vertex 98.8389 11.6722 7
      vertex 98.4693 11.8045 3
      vertex 98.8389 11.6722 3
    endloop
  endfacet
  facet normal 0.903847 0.427856 0
    outer loop
      vertex 103.696 17.0307 7
      vertex 103.528 17.3856 3
      vertex 103.528 17.3856 7
    endloop
  endfacet
  facet normal 0.903847 0.427856 0
    outer loop
      vertex 103.528 17.3856 3
      vertex 103.696 17.0307 7
      vertex 103.696 17.0307 3
    endloop
  endfacet
  facet normal 0.970247 0.242116 0
    outer loop
      vertex 103.923 16.2804 7
      vertex 103.828 16.6611 3
      vertex 103.828 16.6611 7
    endloop
  endfacet
  facet normal 0.970247 0.242116 0
    outer loop
      vertex 103.828 16.6611 3
      vertex 103.923 16.2804 7
      vertex 103.923 16.2804 3
    endloop
  endfacet
  facet normal 0.989028 -0.14773 0
    outer loop
      vertex 103.923 14.7196 7
      vertex 103.981 15.1079 3
      vertex 103.981 15.1079 7
    endloop
  endfacet
  facet normal 0.989028 -0.14773 0
    outer loop
      vertex 103.981 15.1079 3
      vertex 103.923 14.7196 7
      vertex 103.923 14.7196 3
    endloop
  endfacet
  facet normal -0.740908 0.671607 0
    outer loop
      vertex 96.908 18.0376 3
      vertex 97.1716 18.3284 7
      vertex 97.1716 18.3284 3
    endloop
  endfacet
  facet normal -0.740908 0.671607 0
    outer loop
      vertex 97.1716 18.3284 7
      vertex 96.908 18.0376 3
      vertex 96.908 18.0376 7
    endloop
  endfacet
  facet normal -0.9415 -0.337014 0
    outer loop
      vertex 96.3045 13.9693 3
      vertex 96.1722 14.3389 7
      vertex 96.1722 14.3389 3
    endloop
  endfacet
  facet normal -0.9415 -0.337014 0
    outer loop
      vertex 96.1722 14.3389 7
      vertex 96.3045 13.9693 3
      vertex 96.3045 13.9693 7
    endloop
  endfacet
  facet normal -0.514084 0.85774 0
    outer loop
      vertex 98.1144 19.0277 3
      vertex 97.7777 18.8259 7
      vertex 98.1144 19.0277 7
    endloop
  endfacet
  facet normal -0.514084 0.85774 0
    outer loop
      vertex 97.7777 18.8259 7
      vertex 98.1144 19.0277 3
      vertex 97.7777 18.8259 3
    endloop
  endfacet
  facet normal -0.970068 0.242835 0
    outer loop
      vertex 96.0769 16.2804 3
      vertex 96.1722 16.6611 7
      vertex 96.1722 16.6611 3
    endloop
  endfacet
  facet normal -0.970068 0.242835 0
    outer loop
      vertex 96.1722 16.6611 7
      vertex 96.0769 16.2804 3
      vertex 96.0769 16.2804 7
    endloop
  endfacet
  facet normal -0.904044 -0.42744 0
    outer loop
      vertex 96.4723 13.6144 3
      vertex 96.3045 13.9693 7
      vertex 96.3045 13.9693 3
    endloop
  endfacet
  facet normal -0.904044 -0.42744 0
    outer loop
      vertex 96.3045 13.9693 7
      vertex 96.4723 13.6144 3
      vertex 96.4723 13.6144 7
    endloop
  endfacet
  facet normal -0.337014 0.9415 0
    outer loop
      vertex 98.8389 19.3278 3
      vertex 98.4693 19.1955 7
      vertex 98.8389 19.3278 7
    endloop
  endfacet
  facet normal -0.337014 0.9415 0
    outer loop
      vertex 98.4693 19.1955 7
      vertex 98.8389 19.3278 3
      vertex 98.4693 19.1955 3
    endloop
  endfacet
  facet normal 0.514871 0.857268 -0
    outer loop
      vertex 102.222 18.8259 3
      vertex 101.886 19.0277 7
      vertex 102.222 18.8259 7
    endloop
  endfacet
  facet normal 0.514871 0.857268 0
    outer loop
      vertex 101.886 19.0277 7
      vertex 102.222 18.8259 3
      vertex 101.886 19.0277 3
    endloop
  endfacet
  facet normal 0.970247 -0.242116 0
    outer loop
      vertex 103.828 14.3389 7
      vertex 103.923 14.7196 3
      vertex 103.923 14.7196 7
    endloop
  endfacet
  facet normal 0.970247 -0.242116 0
    outer loop
      vertex 103.923 14.7196 3
      vertex 103.828 14.3389 7
      vertex 103.828 14.3389 3
    endloop
  endfacet
  facet normal -0.998791 0.0491626 0
    outer loop
      vertex 96 15.5 3
      vertex 96.0193 15.8921 7
      vertex 96.0193 15.8921 3
    endloop
  endfacet
  facet normal -0.998791 0.0491626 0
    outer loop
      vertex 96.0193 15.8921 7
      vertex 96 15.5 3
      vertex 96 15.5 7
    endloop
  endfacet
  facet normal 0.0491751 0.99879 -0
    outer loop
      vertex 100.392 19.4807 3
      vertex 100 19.5 7
      vertex 100.392 19.4807 7
    endloop
  endfacet
  facet normal 0.0491751 0.99879 0
    outer loop
      vertex 100 19.5 7
      vertex 100.392 19.4807 3
      vertex 100 19.5 3
    endloop
  endfacet
  facet normal 0.427342 0.90409 -0
    outer loop
      vertex 101.886 19.0277 3
      vertex 101.531 19.1955 7
      vertex 101.886 19.0277 7
    endloop
  endfacet
  facet normal 0.427342 0.90409 0
    outer loop
      vertex 101.531 19.1955 7
      vertex 101.886 19.0277 3
      vertex 101.531 19.1955 3
    endloop
  endfacet
  facet normal 0.594942 0.803769 -0
    outer loop
      vertex 102.538 18.592 3
      vertex 102.222 18.8259 7
      vertex 102.538 18.592 7
    endloop
  endfacet
  facet normal 0.594942 0.803769 0
    outer loop
      vertex 102.222 18.8259 7
      vertex 102.538 18.592 3
      vertex 102.222 18.8259 3
    endloop
  endfacet
  facet normal -0.671607 -0.740908 0
    outer loop
      vertex 97.1716 12.6716 3
      vertex 97.4624 12.408 7
      vertex 97.1716 12.6716 7
    endloop
  endfacet
  facet normal -0.671607 -0.740908 -0
    outer loop
      vertex 97.4624 12.408 7
      vertex 97.1716 12.6716 3
      vertex 97.4624 12.408 3
    endloop
  endfacet
  facet normal 0.941742 0.336336 0
    outer loop
      vertex 103.828 16.6611 7
      vertex 103.696 17.0307 3
      vertex 103.696 17.0307 7
    endloop
  endfacet
  facet normal 0.941742 0.336336 0
    outer loop
      vertex 103.696 17.0307 3
      vertex 103.828 16.6611 7
      vertex 103.828 16.6611 3
    endloop
  endfacet
  facet normal 0.998828 -0.0484002 0
    outer loop
      vertex 103.981 15.1079 7
      vertex 104 15.5 3
      vertex 104 15.5 7
    endloop
  endfacet
  facet normal 0.998828 -0.0484002 0
    outer loop
      vertex 104 15.5 3
      vertex 103.981 15.1079 7
      vertex 103.981 15.1079 3
    endloop
  endfacet
  facet normal -0.42744 0.904044 0
    outer loop
      vertex 98.4693 19.1955 3
      vertex 98.1144 19.0277 7
      vertex 98.4693 19.1955 7
    endloop
  endfacet
  facet normal -0.42744 0.904044 0
    outer loop
      vertex 98.1144 19.0277 7
      vertex 98.4693 19.1955 3
      vertex 98.1144 19.0277 3
    endloop
  endfacet
  facet normal -0.0491626 -0.998791 0
    outer loop
      vertex 99.6079 11.5193 3
      vertex 100 11.5 7
      vertex 99.6079 11.5193 7
    endloop
  endfacet
  facet normal -0.0491626 -0.998791 -0
    outer loop
      vertex 100 11.5 7
      vertex 99.6079 11.5193 3
      vertex 100 11.5 3
    endloop
  endfacet
  facet normal 0.803015 0.595958 0
    outer loop
      vertex 103.326 17.7223 7
      vertex 103.092 18.0376 3
      vertex 103.092 18.0376 7
    endloop
  endfacet
  facet normal 0.803015 0.595958 0
    outer loop
      vertex 103.092 18.0376 3
      vertex 103.326 17.7223 7
      vertex 103.326 17.7223 3
    endloop
  endfacet
  facet normal -0.740908 -0.671607 0
    outer loop
      vertex 97.1716 12.6716 3
      vertex 96.908 12.9624 7
      vertex 96.908 12.9624 3
    endloop
  endfacet
  facet normal -0.740908 -0.671607 0
    outer loop
      vertex 96.908 12.9624 7
      vertex 97.1716 12.6716 3
      vertex 97.1716 12.6716 7
    endloop
  endfacet
  facet normal -0.970068 -0.242835 0
    outer loop
      vertex 96.1722 14.3389 3
      vertex 96.0769 14.7196 7
      vertex 96.0769 14.7196 3
    endloop
  endfacet
  facet normal -0.970068 -0.242835 0
    outer loop
      vertex 96.0769 14.7196 7
      vertex 96.1722 14.3389 3
      vertex 96.1722 14.3389 7
    endloop
  endfacet
  facet normal 0.514871 -0.857268 0
    outer loop
      vertex 101.886 11.9723 3
      vertex 102.222 12.1741 7
      vertex 101.886 11.9723 7
    endloop
  endfacet
  facet normal 0.514871 -0.857268 0
    outer loop
      vertex 102.222 12.1741 7
      vertex 101.886 11.9723 3
      vertex 102.222 12.1741 3
    endloop
  endfacet
  facet normal 0.857515 0.514458 0
    outer loop
      vertex 103.528 17.3856 7
      vertex 103.326 17.7223 3
      vertex 103.326 17.7223 7
    endloop
  endfacet
  facet normal 0.857515 0.514458 0
    outer loop
      vertex 103.326 17.7223 3
      vertex 103.528 17.3856 7
      vertex 103.528 17.3856 3
    endloop
  endfacet
  facet normal -0.595794 -0.803137 0
    outer loop
      vertex 97.4624 12.408 3
      vertex 97.7777 12.1741 7
      vertex 97.4624 12.408 7
    endloop
  endfacet
  facet normal -0.595794 -0.803137 -0
    outer loop
      vertex 97.7777 12.1741 7
      vertex 97.4624 12.408 3
      vertex 97.7777 12.1741 3
    endloop
  endfacet
  facet normal -0.595794 0.803137 0
    outer loop
      vertex 97.7777 18.8259 3
      vertex 97.4624 18.592 7
      vertex 97.7777 18.8259 7
    endloop
  endfacet
  facet normal -0.595794 0.803137 0
    outer loop
      vertex 97.4624 18.592 7
      vertex 97.7777 18.8259 3
      vertex 97.4624 18.592 3
    endloop
  endfacet
  facet normal -0.42744 -0.904044 0
    outer loop
      vertex 98.1144 11.9723 3
      vertex 98.4693 11.8045 7
      vertex 98.1144 11.9723 7
    endloop
  endfacet
  facet normal -0.42744 -0.904044 -0
    outer loop
      vertex 98.4693 11.8045 7
      vertex 98.1144 11.9723 3
      vertex 98.4693 11.8045 3
    endloop
  endfacet
  facet normal 0.803015 -0.595958 0
    outer loop
      vertex 103.092 12.9624 7
      vertex 103.326 13.2777 3
      vertex 103.326 13.2777 7
    endloop
  endfacet
  facet normal 0.803015 -0.595958 0
    outer loop
      vertex 103.326 13.2777 3
      vertex 103.092 12.9624 7
      vertex 103.092 12.9624 3
    endloop
  endfacet
  facet normal 0.857515 -0.514458 0
    outer loop
      vertex 103.326 13.2777 7
      vertex 103.528 13.6144 3
      vertex 103.528 13.6144 7
    endloop
  endfacet
  facet normal 0.857515 -0.514458 0
    outer loop
      vertex 103.528 13.6144 3
      vertex 103.326 13.2777 7
      vertex 103.326 13.2777 3
    endloop
  endfacet
  facet normal 0.242655 0.970113 -0
    outer loop
      vertex 101.161 19.3278 3
      vertex 100.78 19.4231 7
      vertex 101.161 19.3278 7
    endloop
  endfacet
  facet normal 0.242655 0.970113 0
    outer loop
      vertex 100.78 19.4231 7
      vertex 101.161 19.3278 3
      vertex 100.78 19.4231 3
    endloop
  endfacet
  facet normal 0.146844 -0.98916 0
    outer loop
      vertex 100.392 11.5193 3
      vertex 100.78 11.5769 7
      vertex 100.392 11.5193 7
    endloop
  endfacet
  facet normal 0.146844 -0.98916 0
    outer loop
      vertex 100.78 11.5769 7
      vertex 100.392 11.5193 3
      vertex 100.78 11.5769 3
    endloop
  endfacet
  facet normal 0.672622 -0.739986 0
    outer loop
      vertex 102.538 12.408 3
      vertex 102.828 12.6716 7
      vertex 102.538 12.408 7
    endloop
  endfacet
  facet normal 0.672622 -0.739986 0
    outer loop
      vertex 102.828 12.6716 7
      vertex 102.538 12.408 3
      vertex 102.828 12.6716 3
    endloop
  endfacet
  facet normal -0.904044 0.42744 0
    outer loop
      vertex 96.3045 17.0307 3
      vertex 96.4723 17.3856 7
      vertex 96.4723 17.3856 3
    endloop
  endfacet
  facet normal -0.904044 0.42744 0
    outer loop
      vertex 96.4723 17.3856 7
      vertex 96.3045 17.0307 3
      vertex 96.3045 17.0307 7
    endloop
  endfacet
  facet normal -0.242835 -0.970068 0
    outer loop
      vertex 98.8389 11.6722 3
      vertex 99.2196 11.5769 7
      vertex 98.8389 11.6722 7
    endloop
  endfacet
  facet normal -0.242835 -0.970068 -0
    outer loop
      vertex 99.2196 11.5769 7
      vertex 98.8389 11.6722 3
      vertex 99.2196 11.5769 3
    endloop
  endfacet
  facet normal -0.242835 0.970068 0
    outer loop
      vertex 99.2196 19.4231 3
      vertex 98.8389 19.3278 7
      vertex 99.2196 19.4231 7
    endloop
  endfacet
  facet normal -0.242835 0.970068 0
    outer loop
      vertex 98.8389 19.3278 7
      vertex 99.2196 19.4231 3
      vertex 98.8389 19.3278 3
    endloop
  endfacet
  facet normal -0.9415 0.337014 0
    outer loop
      vertex 96.1722 16.6611 3
      vertex 96.3045 17.0307 7
      vertex 96.3045 17.0307 3
    endloop
  endfacet
  facet normal -0.9415 0.337014 0
    outer loop
      vertex 96.3045 17.0307 7
      vertex 96.1722 16.6611 3
      vertex 96.1722 16.6611 7
    endloop
  endfacet
  facet normal -0.146733 -0.989176 0
    outer loop
      vertex 99.2196 11.5769 3
      vertex 99.6079 11.5193 7
      vertex 99.2196 11.5769 7
    endloop
  endfacet
  facet normal -0.146733 -0.989176 -0
    outer loop
      vertex 99.6079 11.5193 7
      vertex 99.2196 11.5769 3
      vertex 99.6079 11.5193 3
    endloop
  endfacet
  facet normal -0.671607 0.740908 0
    outer loop
      vertex 97.4624 18.592 3
      vertex 97.1716 18.3284 7
      vertex 97.4624 18.592 7
    endloop
  endfacet
  facet normal -0.671607 0.740908 0
    outer loop
      vertex 97.1716 18.3284 7
      vertex 97.4624 18.592 3
      vertex 97.1716 18.3284 3
    endloop
  endfacet
  facet normal 0.336691 0.941615 -0
    outer loop
      vertex 101.531 19.1955 3
      vertex 101.161 19.3278 7
      vertex 101.531 19.1955 7
    endloop
  endfacet
  facet normal 0.336691 0.941615 0
    outer loop
      vertex 101.161 19.3278 7
      vertex 101.531 19.1955 3
      vertex 101.161 19.3278 3
    endloop
  endfacet
  facet normal -0.0491626 0.998791 0
    outer loop
      vertex 100 19.5 3
      vertex 99.6079 19.4807 7
      vertex 100 19.5 7
    endloop
  endfacet
  facet normal -0.0491626 0.998791 0
    outer loop
      vertex 99.6079 19.4807 7
      vertex 100 19.5 3
      vertex 99.6079 19.4807 3
    endloop
  endfacet
  facet normal -0.146733 0.989176 0
    outer loop
      vertex 99.6079 19.4807 3
      vertex 99.2196 19.4231 7
      vertex 99.6079 19.4807 7
    endloop
  endfacet
  facet normal -0.146733 0.989176 0
    outer loop
      vertex 99.2196 19.4231 7
      vertex 99.6079 19.4807 3
      vertex 99.2196 19.4231 3
    endloop
  endfacet
  facet normal -0.514084 -0.85774 0
    outer loop
      vertex 97.7777 12.1741 3
      vertex 98.1144 11.9723 7
      vertex 97.7777 12.1741 7
    endloop
  endfacet
  facet normal -0.514084 -0.85774 -0
    outer loop
      vertex 98.1144 11.9723 7
      vertex 97.7777 12.1741 3
      vertex 98.1144 11.9723 3
    endloop
  endfacet
  facet normal -0.803137 -0.595794 0
    outer loop
      vertex 96.908 12.9624 3
      vertex 96.6741 13.2777 7
      vertex 96.6741 13.2777 3
    endloop
  endfacet
  facet normal -0.803137 -0.595794 0
    outer loop
      vertex 96.6741 13.2777 7
      vertex 96.908 12.9624 3
      vertex 96.908 12.9624 7
    endloop
  endfacet
  facet normal -0.998791 -0.0491626 0
    outer loop
      vertex 96.0193 15.1079 3
      vertex 96 15.5 7
      vertex 96 15.5 3
    endloop
  endfacet
  facet normal -0.998791 -0.0491626 0
    outer loop
      vertex 96 15.5 7
      vertex 96.0193 15.1079 3
      vertex 96.0193 15.1079 7
    endloop
  endfacet
  facet normal -0.989176 0.146733 0
    outer loop
      vertex 96.0193 15.8921 3
      vertex 96.0769 16.2804 7
      vertex 96.0769 16.2804 3
    endloop
  endfacet
  facet normal -0.989176 0.146733 0
    outer loop
      vertex 96.0769 16.2804 7
      vertex 96.0193 15.8921 3
      vertex 96.0193 15.8921 7
    endloop
  endfacet
  facet normal 0.594942 -0.803769 0
    outer loop
      vertex 102.222 12.1741 3
      vertex 102.538 12.408 7
      vertex 102.222 12.1741 7
    endloop
  endfacet
  facet normal 0.594942 -0.803769 0
    outer loop
      vertex 102.538 12.408 7
      vertex 102.222 12.1741 3
      vertex 102.538 12.408 3
    endloop
  endfacet
  facet normal 0.427342 -0.90409 0
    outer loop
      vertex 101.531 11.8045 3
      vertex 101.886 11.9723 7
      vertex 101.531 11.8045 7
    endloop
  endfacet
  facet normal 0.427342 -0.90409 0
    outer loop
      vertex 101.886 11.9723 7
      vertex 101.531 11.8045 3
      vertex 101.886 11.9723 3
    endloop
  endfacet
  facet normal 0.242655 -0.970113 0
    outer loop
      vertex 100.78 11.5769 3
      vertex 101.161 11.6722 7
      vertex 100.78 11.5769 7
    endloop
  endfacet
  facet normal 0.242655 -0.970113 0
    outer loop
      vertex 101.161 11.6722 7
      vertex 100.78 11.5769 3
      vertex 101.161 11.6722 3
    endloop
  endfacet
  facet normal 0.0491751 -0.99879 0
    outer loop
      vertex 100 11.5 3
      vertex 100.392 11.5193 7
      vertex 100 11.5 7
    endloop
  endfacet
  facet normal 0.0491751 -0.99879 0
    outer loop
      vertex 100.392 11.5193 7
      vertex 100 11.5 3
      vertex 100.392 11.5193 3
    endloop
  endfacet
  facet normal 0.903847 -0.427856 0
    outer loop
      vertex 103.528 13.6144 7
      vertex 103.696 13.9693 3
      vertex 103.696 13.9693 7
    endloop
  endfacet
  facet normal 0.903847 -0.427856 0
    outer loop
      vertex 103.696 13.9693 3
      vertex 103.528 13.6144 7
      vertex 103.528 13.6144 3
    endloop
  endfacet
  facet normal 0.941742 -0.336336 0
    outer loop
      vertex 103.696 13.9693 7
      vertex 103.828 14.3389 3
      vertex 103.828 14.3389 7
    endloop
  endfacet
  facet normal 0.941742 -0.336336 0
    outer loop
      vertex 103.828 14.3389 3
      vertex 103.696 13.9693 7
      vertex 103.696 13.9693 3
    endloop
  endfacet
  facet normal -0.85774 0.514084 0
    outer loop
      vertex 96.4723 17.3856 3
      vertex 96.6741 17.7223 7
      vertex 96.6741 17.7223 3
    endloop
  endfacet
  facet normal -0.85774 0.514084 0
    outer loop
      vertex 96.6741 17.7223 7
      vertex 96.4723 17.3856 3
      vertex 96.4723 17.3856 7
    endloop
  endfacet
  facet normal 0.146844 0.98916 -0
    outer loop
      vertex 100.78 19.4231 3
      vertex 100.392 19.4807 7
      vertex 100.78 19.4231 7
    endloop
  endfacet
  facet normal 0.146844 0.98916 0
    outer loop
      vertex 100.392 19.4807 7
      vertex 100.78 19.4231 3
      vertex 100.392 19.4807 3
    endloop
  endfacet
  facet normal 0.740401 -0.672166 0
    outer loop
      vertex 102.828 12.6716 7
      vertex 103.092 12.9624 3
      vertex 103.092 12.9624 7
    endloop
  endfacet
  facet normal 0.740401 -0.672166 0
    outer loop
      vertex 103.092 12.9624 3
      vertex 102.828 12.6716 7
      vertex 102.828 12.6716 3
    endloop
  endfacet
  facet normal -0.803137 0.595794 0
    outer loop
      vertex 96.6741 17.7223 3
      vertex 96.908 18.0376 7
      vertex 96.908 18.0376 3
    endloop
  endfacet
  facet normal -0.803137 0.595794 0
    outer loop
      vertex 96.908 18.0376 7
      vertex 96.6741 17.7223 3
      vertex 96.6741 17.7223 7
    endloop
  endfacet
  facet normal 0 0 1
    outer loop
      vertex 101.5 15.5 7
      vertex 104 15.5 7
      vertex 103.981 15.8921 7
    endloop
  endfacet
  facet normal 0 0 1
    outer loop
      vertex 101.493 15.647 7
      vertex 103.981 15.8921 7
      vertex 103.923 16.2804 7
    endloop
  endfacet
  facet normal 0 0 1
    outer loop
      vertex 104 15.5 7
      vertex 101.5 15.5 7
      vertex 103.981 15.1079 7
    endloop
  endfacet
  facet normal 0 0 1
    outer loop
      vertex 101.471 15.7926 7
      vertex 103.923 16.2804 7
      vertex 103.828 16.6611 7
    endloop
  endfacet
  facet normal -0 0 1
    outer loop
      vertex 101.493 15.353 7
      vertex 103.981 15.1079 7
      vertex 101.5 15.5 7
    endloop
  endfacet
  facet normal 0 0 1
    outer loop
      vertex 101.435 15.9354 7
      vertex 103.828 16.6611 7
      vertex 103.696 17.0307 7
    endloop
  endfacet
  facet normal 0 0 1
    outer loop
      vertex 103.981 15.1079 7
      vertex 101.493 15.353 7
      vertex 103.923 14.7196 7
    endloop
  endfacet
  facet normal 0 0 1
    outer loop
      vertex 101.386 16.074 7
      vertex 103.696 17.0307 7
      vertex 103.528 17.3856 7
    endloop
  endfacet
  facet normal -0 0 1
    outer loop
      vertex 101.471 15.2074 7
      vertex 103.923 14.7196 7
      vertex 101.493 15.353 7
    endloop
  endfacet
  facet normal 0 0 1
    outer loop
      vertex 101.323 16.2071 7
      vertex 103.528 17.3856 7
      vertex 103.326 17.7223 7
    endloop
  endfacet
  facet normal 0 0 1
    outer loop
      vertex 103.923 14.7196 7
      vertex 101.471 15.2074 7
      vertex 103.828 14.3389 7
    endloop
  endfacet
  facet normal 0 0 1
    outer loop
      vertex 101.247 16.3334 7
      vertex 103.326 17.7223 7
      vertex 103.092 18.0376 7
    endloop
  endfacet
  facet normal -0 0 1
    outer loop
      vertex 101.435 15.0646 7
      vertex 103.828 14.3389 7
      vertex 101.471 15.2074 7
    endloop
  endfacet
  facet normal 0 0 1
    outer loop
      vertex 101.16 16.4516 7
      vertex 103.092 18.0376 7
      vertex 102.828 18.3284 7
    endloop
  endfacet
  facet normal 0 0 1
    outer loop
      vertex 103.828 14.3389 7
      vertex 101.435 15.0646 7
      vertex 103.696 13.9693 7
    endloop
  endfacet
  facet normal 0 0 1
    outer loop
      vertex 101.061 16.5607 7
      vertex 102.828 18.3284 7
      vertex 102.538 18.592 7
    endloop
  endfacet
  facet normal -0 0 1
    outer loop
      vertex 101.386 14.926 7
      vertex 103.696 13.9693 7
      vertex 101.435 15.0646 7
    endloop
  endfacet
  facet normal 0 0 1
    outer loop
      vertex 100.952 16.6595 7
      vertex 102.538 18.592 7
      vertex 102.222 18.8259 7
    endloop
  endfacet
  facet normal 0 0 1
    outer loop
      vertex 103.696 13.9693 7
      vertex 101.386 14.926 7
      vertex 103.528 13.6144 7
    endloop
  endfacet
  facet normal 0 0 1
    outer loop
      vertex 100.833 16.7472 7
      vertex 102.222 18.8259 7
      vertex 101.886 19.0277 7
    endloop
  endfacet
  facet normal -0 0 1
    outer loop
      vertex 101.323 14.7929 7
      vertex 103.528 13.6144 7
      vertex 101.386 14.926 7
    endloop
  endfacet
  facet normal 0 0 1
    outer loop
      vertex 100.707 16.8229 7
      vertex 101.886 19.0277 7
      vertex 101.531 19.1955 7
    endloop
  endfacet
  facet normal 0 0 1
    outer loop
      vertex 103.528 13.6144 7
      vertex 101.323 14.7929 7
      vertex 103.326 13.2777 7
    endloop
  endfacet
  facet normal -0 0 1
    outer loop
      vertex 101.247 14.6666 7
      vertex 103.326 13.2777 7
      vertex 101.323 14.7929 7
    endloop
  endfacet
  facet normal 0 0 1
    outer loop
      vertex 103.981 15.8921 7
      vertex 101.493 15.647 7
      vertex 101.5 15.5 7
    endloop
  endfacet
  facet normal 0 0 1
    outer loop
      vertex 103.923 16.2804 7
      vertex 101.471 15.7926 7
      vertex 101.493 15.647 7
    endloop
  endfacet
  facet normal 0 0 1
    outer loop
      vertex 103.828 16.6611 7
      vertex 101.435 15.9354 7
      vertex 101.471 15.7926 7
    endloop
  endfacet
  facet normal 0 0 1
    outer loop
      vertex 103.696 17.0307 7
      vertex 101.386 16.074 7
      vertex 101.435 15.9354 7
    endloop
  endfacet
  facet normal 0 0 1
    outer loop
      vertex 103.528 17.3856 7
      vertex 101.323 16.2071 7
      vertex 101.386 16.074 7
    endloop
  endfacet
  facet normal 0 0 1
    outer loop
      vertex 103.326 17.7223 7
      vertex 101.247 16.3334 7
      vertex 101.323 16.2071 7
    endloop
  endfacet
  facet normal 0 0 1
    outer loop
      vertex 100.574 16.8858 7
      vertex 101.531 19.1955 7
      vertex 101.161 19.3278 7
    endloop
  endfacet
  facet normal 0 0 1
    outer loop
      vertex 103.092 18.0376 7
      vertex 101.16 16.4516 7
      vertex 101.247 16.3334 7
    endloop
  endfacet
  facet normal 0 0 1
    outer loop
      vertex 102.828 18.3284 7
      vertex 101.061 16.5607 7
      vertex 101.16 16.4516 7
    endloop
  endfacet
  facet normal 0 0 1
    outer loop
      vertex 102.538 18.592 7
      vertex 100.952 16.6595 7
      vertex 101.061 16.5607 7
    endloop
  endfacet
  facet normal 0 0 1
    outer loop
      vertex 102.222 18.8259 7
      vertex 100.833 16.7472 7
      vertex 100.952 16.6595 7
    endloop
  endfacet
  facet normal 0 0 1
    outer loop
      vertex 100.435 16.9354 7
      vertex 101.161 19.3278 7
      vertex 100.78 19.4231 7
    endloop
  endfacet
  facet normal 0 0 1
    outer loop
      vertex 101.886 19.0277 7
      vertex 100.707 16.8229 7
      vertex 100.833 16.7472 7
    endloop
  endfacet
  facet normal 0 0 1
    outer loop
      vertex 101.531 19.1955 7
      vertex 100.574 16.8858 7
      vertex 100.707 16.8229 7
    endloop
  endfacet
  facet normal 0 0 1
    outer loop
      vertex 101.161 19.3278 7
      vertex 100.435 16.9354 7
      vertex 100.574 16.8858 7
    endloop
  endfacet
  facet normal 0 0 1
    outer loop
      vertex 100.293 16.9712 7
      vertex 100.78 19.4231 7
      vertex 100.392 19.4807 7
    endloop
  endfacet
  facet normal 0 0 1
    outer loop
      vertex 100.78 19.4231 7
      vertex 100.293 16.9712 7
      vertex 100.435 16.9354 7
    endloop
  endfacet
  facet normal 0 0 1
    outer loop
      vertex 100.392 19.4807 7
      vertex 100.147 16.9928 7
      vertex 100.293 16.9712 7
    endloop
  endfacet
  facet normal 0 0 1
    outer loop
      vertex 100 19.5 7
      vertex 100.147 16.9928 7
      vertex 100.392 19.4807 7
    endloop
  endfacet
  facet normal 0 0 1
    outer loop
      vertex 100 19.5 7
      vertex 100 17 7
      vertex 100.147 16.9928 7
    endloop
  endfacet
  facet normal 0 0 1
    outer loop
      vertex 100 19.5 7
      vertex 99.853 16.9928 7
      vertex 100 17 7
    endloop
  endfacet
  facet normal -0 0 1
    outer loop
      vertex 99.6079 19.4807 7
      vertex 99.853 16.9928 7
      vertex 100 19.5 7
    endloop
  endfacet
  facet normal 0 0 1
    outer loop
      vertex 99.853 16.9928 7
      vertex 99.6079 19.4807 7
      vertex 99.7074 16.9712 7
    endloop
  endfacet
  facet normal -0 0 1
    outer loop
      vertex 99.2196 19.4231 7
      vertex 99.7074 16.9712 7
      vertex 99.6079 19.4807 7
    endloop
  endfacet
  facet normal 0 0 1
    outer loop
      vertex 99.7074 16.9712 7
      vertex 99.2196 19.4231 7
      vertex 99.5646 16.9354 7
    endloop
  endfacet
  facet normal -0 0 1
    outer loop
      vertex 98.8389 19.3278 7
      vertex 99.5646 16.9354 7
      vertex 99.2196 19.4231 7
    endloop
  endfacet
  facet normal 0 0 1
    outer loop
      vertex 99.5646 16.9354 7
      vertex 98.8389 19.3278 7
      vertex 99.426 16.8858 7
    endloop
  endfacet
  facet normal -0 0 1
    outer loop
      vertex 98.4693 19.1955 7
      vertex 99.426 16.8858 7
      vertex 98.8389 19.3278 7
    endloop
  endfacet
  facet normal 0 0 1
    outer loop
      vertex 99.426 16.8858 7
      vertex 98.4693 19.1955 7
      vertex 99.2929 16.8229 7
    endloop
  endfacet
  facet normal -0 0 1
    outer loop
      vertex 98.1144 19.0277 7
      vertex 99.2929 16.8229 7
      vertex 98.4693 19.1955 7
    endloop
  endfacet
  facet normal 0 0 1
    outer loop
      vertex 99.2929 16.8229 7
      vertex 98.1144 19.0277 7
      vertex 99.1666 16.7472 7
    endloop
  endfacet
  facet normal -0 0 1
    outer loop
      vertex 97.7777 18.8259 7
      vertex 99.1666 16.7472 7
      vertex 98.1144 19.0277 7
    endloop
  endfacet
  facet normal 0 0 1
    outer loop
      vertex 99.1666 16.7472 7
      vertex 97.7777 18.8259 7
      vertex 99.0484 16.6595 7
    endloop
  endfacet
  facet normal -0 0 1
    outer loop
      vertex 97.4624 18.592 7
      vertex 99.0484 16.6595 7
      vertex 97.7777 18.8259 7
    endloop
  endfacet
  facet normal 0 0 1
    outer loop
      vertex 99.0484 16.6595 7
      vertex 97.4624 18.592 7
      vertex 98.9393 16.5607 7
    endloop
  endfacet
  facet normal -0 0 1
    outer loop
      vertex 97.1716 18.3284 7
      vertex 98.9393 16.5607 7
      vertex 97.4624 18.592 7
    endloop
  endfacet
  facet normal 0 0 1
    outer loop
      vertex 98.9393 16.5607 7
      vertex 97.1716 18.3284 7
      vertex 98.8405 16.4516 7
    endloop
  endfacet
  facet normal -0 0 1
    outer loop
      vertex 96.908 18.0376 7
      vertex 98.8405 16.4516 7
      vertex 97.1716 18.3284 7
    endloop
  endfacet
  facet normal -0 0 1
    outer loop
      vertex 96.6741 17.7223 7
      vertex 98.7528 16.3334 7
      vertex 96.908 18.0376 7
    endloop
  endfacet
  facet normal 0 0 1
    outer loop
      vertex 98.8405 16.4516 7
      vertex 96.908 18.0376 7
      vertex 98.7528 16.3334 7
    endloop
  endfacet
  facet normal 0 0 1
    outer loop
      vertex 103.326 13.2777 7
      vertex 101.247 14.6666 7
      vertex 103.092 12.9624 7
    endloop
  endfacet
  facet normal -0 0 1
    outer loop
      vertex 101.16 14.5484 7
      vertex 103.092 12.9624 7
      vertex 101.247 14.6666 7
    endloop
  endfacet
  facet normal 0 0 1
    outer loop
      vertex 103.092 12.9624 7
      vertex 101.16 14.5484 7
      vertex 102.828 12.6716 7
    endloop
  endfacet
  facet normal -0 0 1
    outer loop
      vertex 101.061 14.4393 7
      vertex 102.828 12.6716 7
      vertex 101.16 14.5484 7
    endloop
  endfacet
  facet normal 0 0 1
    outer loop
      vertex 102.828 12.6716 7
      vertex 101.061 14.4393 7
      vertex 102.538 12.408 7
    endloop
  endfacet
  facet normal -0 0 1
    outer loop
      vertex 100.952 14.3405 7
      vertex 102.538 12.408 7
      vertex 101.061 14.4393 7
    endloop
  endfacet
  facet normal 0 0 1
    outer loop
      vertex 102.538 12.408 7
      vertex 100.952 14.3405 7
      vertex 102.222 12.1741 7
    endloop
  endfacet
  facet normal -0 0 1
    outer loop
      vertex 100.833 14.2528 7
      vertex 102.222 12.1741 7
      vertex 100.952 14.3405 7
    endloop
  endfacet
  facet normal 0 0 1
    outer loop
      vertex 102.222 12.1741 7
      vertex 100.833 14.2528 7
      vertex 101.886 11.9723 7
    endloop
  endfacet
  facet normal -0 0 1
    outer loop
      vertex 100.707 14.1771 7
      vertex 101.886 11.9723 7
      vertex 100.833 14.2528 7
    endloop
  endfacet
  facet normal 0 0 1
    outer loop
      vertex 101.886 11.9723 7
      vertex 100.707 14.1771 7
      vertex 101.531 11.8045 7
    endloop
  endfacet
  facet normal -0 0 1
    outer loop
      vertex 100.574 14.1142 7
      vertex 101.531 11.8045 7
      vertex 100.707 14.1771 7
    endloop
  endfacet
  facet normal 0 0 1
    outer loop
      vertex 101.531 11.8045 7
      vertex 100.574 14.1142 7
      vertex 101.161 11.6722 7
    endloop
  endfacet
  facet normal -0 0 1
    outer loop
      vertex 100.435 14.0646 7
      vertex 101.161 11.6722 7
      vertex 100.574 14.1142 7
    endloop
  endfacet
  facet normal 0 0 1
    outer loop
      vertex 101.161 11.6722 7
      vertex 100.435 14.0646 7
      vertex 100.78 11.5769 7
    endloop
  endfacet
  facet normal -0 0 1
    outer loop
      vertex 100.293 14.0288 7
      vertex 100.78 11.5769 7
      vertex 100.435 14.0646 7
    endloop
  endfacet
  facet normal 0 0 1
    outer loop
      vertex 100.78 11.5769 7
      vertex 100.293 14.0288 7
      vertex 100.392 11.5193 7
    endloop
  endfacet
  facet normal -0 0 1
    outer loop
      vertex 100.147 14.0072 7
      vertex 100.392 11.5193 7
      vertex 100.293 14.0288 7
    endloop
  endfacet
  facet normal -0 0 1
    outer loop
      vertex 100 14 7
      vertex 100.392 11.5193 7
      vertex 100.147 14.0072 7
    endloop
  endfacet
  facet normal 0 0 1
    outer loop
      vertex 100 14 7
      vertex 100 11.5 7
      vertex 100.392 11.5193 7
    endloop
  endfacet
  facet normal 0 0 1
    outer loop
      vertex 99.853 14.0072 7
      vertex 100 11.5 7
      vertex 100 14 7
    endloop
  endfacet
  facet normal 0 0 1
    outer loop
      vertex 99.6079 11.5193 7
      vertex 99.853 14.0072 7
      vertex 99.7074 14.0288 7
    endloop
  endfacet
  facet normal 0 0 1
    outer loop
      vertex 99.853 14.0072 7
      vertex 99.6079 11.5193 7
      vertex 100 11.5 7
    endloop
  endfacet
  facet normal 0 0 1
    outer loop
      vertex 99.2196 11.5769 7
      vertex 99.7074 14.0288 7
      vertex 99.5646 14.0646 7
    endloop
  endfacet
  facet normal 0 0 1
    outer loop
      vertex 98.8389 11.6722 7
      vertex 99.5646 14.0646 7
      vertex 99.426 14.1142 7
    endloop
  endfacet
  facet normal 0 0 1
    outer loop
      vertex 98.4693 11.8045 7
      vertex 99.426 14.1142 7
      vertex 99.2929 14.1771 7
    endloop
  endfacet
  facet normal 0 0 1
    outer loop
      vertex 99.7074 14.0288 7
      vertex 99.2196 11.5769 7
      vertex 99.6079 11.5193 7
    endloop
  endfacet
  facet normal 0 0 1
    outer loop
      vertex 98.1144 11.9723 7
      vertex 99.2929 14.1771 7
      vertex 99.1666 14.2528 7
    endloop
  endfacet
  facet normal 0 0 1
    outer loop
      vertex 97.7777 12.1741 7
      vertex 99.1666 14.2528 7
      vertex 99.0484 14.3405 7
    endloop
  endfacet
  facet normal 0 0 1
    outer loop
      vertex 97.4624 12.408 7
      vertex 99.0484 14.3405 7
      vertex 98.9393 14.4393 7
    endloop
  endfacet
  facet normal 0 0 1
    outer loop
      vertex 97.1716 12.6716 7
      vertex 98.9393 14.4393 7
      vertex 98.8405 14.5484 7
    endloop
  endfacet
  facet normal 0 0 1
    outer loop
      vertex 99.5646 14.0646 7
      vertex 98.8389 11.6722 7
      vertex 99.2196 11.5769 7
    endloop
  endfacet
  facet normal 0 0 1
    outer loop
      vertex 96.908 12.9624 7
      vertex 98.8405 14.5484 7
      vertex 98.7528 14.6666 7
    endloop
  endfacet
  facet normal 0 0 1
    outer loop
      vertex 96.6741 13.2777 7
      vertex 98.7528 14.6666 7
      vertex 98.6771 14.7929 7
    endloop
  endfacet
  facet normal 0 0 1
    outer loop
      vertex 96.4723 13.6144 7
      vertex 98.6771 14.7929 7
      vertex 98.6142 14.926 7
    endloop
  endfacet
  facet normal 0 0 1
    outer loop
      vertex 96.3045 13.9693 7
      vertex 98.6142 14.926 7
      vertex 98.5646 15.0646 7
    endloop
  endfacet
  facet normal 0 0 1
    outer loop
      vertex 96.1722 14.3389 7
      vertex 98.5646 15.0646 7
      vertex 98.5288 15.2074 7
    endloop
  endfacet
  facet normal 0 0 1
    outer loop
      vertex 96.0769 14.7196 7
      vertex 98.5288 15.2074 7
      vertex 98.5072 15.353 7
    endloop
  endfacet
  facet normal 0 0 1
    outer loop
      vertex 99.426 14.1142 7
      vertex 98.4693 11.8045 7
      vertex 98.8389 11.6722 7
    endloop
  endfacet
  facet normal 0 0 1
    outer loop
      vertex 96.0193 15.1079 7
      vertex 98.5072 15.353 7
      vertex 98.5 15.5 7
    endloop
  endfacet
  facet normal 0 0 1
    outer loop
      vertex 98.7528 16.3334 7
      vertex 96.6741 17.7223 7
      vertex 98.6771 16.2071 7
    endloop
  endfacet
  facet normal -0 0 1
    outer loop
      vertex 96.4723 17.3856 7
      vertex 98.6771 16.2071 7
      vertex 96.6741 17.7223 7
    endloop
  endfacet
  facet normal 0 0 1
    outer loop
      vertex 99.2929 14.1771 7
      vertex 98.1144 11.9723 7
      vertex 98.4693 11.8045 7
    endloop
  endfacet
  facet normal 0 0 1
    outer loop
      vertex 98.6771 16.2071 7
      vertex 96.4723 17.3856 7
      vertex 98.6142 16.074 7
    endloop
  endfacet
  facet normal 0 0 1
    outer loop
      vertex 99.1666 14.2528 7
      vertex 97.7777 12.1741 7
      vertex 98.1144 11.9723 7
    endloop
  endfacet
  facet normal -0 0 1
    outer loop
      vertex 96.3045 17.0307 7
      vertex 98.6142 16.074 7
      vertex 96.4723 17.3856 7
    endloop
  endfacet
  facet normal 0 0 1
    outer loop
      vertex 99.0484 14.3405 7
      vertex 97.4624 12.408 7
      vertex 97.7777 12.1741 7
    endloop
  endfacet
  facet normal 0 0 1
    outer loop
      vertex 98.6142 16.074 7
      vertex 96.3045 17.0307 7
      vertex 98.5646 15.9354 7
    endloop
  endfacet
  facet normal 0 0 1
    outer loop
      vertex 98.9393 14.4393 7
      vertex 97.1716 12.6716 7
      vertex 97.4624 12.408 7
    endloop
  endfacet
  facet normal -0 0 1
    outer loop
      vertex 96.1722 16.6611 7
      vertex 98.5646 15.9354 7
      vertex 96.3045 17.0307 7
    endloop
  endfacet
  facet normal 0 0 1
    outer loop
      vertex 98.8405 14.5484 7
      vertex 96.908 12.9624 7
      vertex 97.1716 12.6716 7
    endloop
  endfacet
  facet normal 0 0 1
    outer loop
      vertex 98.5646 15.9354 7
      vertex 96.1722 16.6611 7
      vertex 98.5288 15.7926 7
    endloop
  endfacet
  facet normal 0 0 1
    outer loop
      vertex 98.7528 14.6666 7
      vertex 96.6741 13.2777 7
      vertex 96.908 12.9624 7
    endloop
  endfacet
  facet normal -0 0 1
    outer loop
      vertex 96.0769 16.2804 7
      vertex 98.5288 15.7926 7
      vertex 96.1722 16.6611 7
    endloop
  endfacet
  facet normal 0 0 1
    outer loop
      vertex 98.6771 14.7929 7
      vertex 96.4723 13.6144 7
      vertex 96.6741 13.2777 7
    endloop
  endfacet
  facet normal 0 0 1
    outer loop
      vertex 98.5288 15.7926 7
      vertex 96.0769 16.2804 7
      vertex 98.5072 15.647 7
    endloop
  endfacet
  facet normal 0 0 1
    outer loop
      vertex 98.6142 14.926 7
      vertex 96.3045 13.9693 7
      vertex 96.4723 13.6144 7
    endloop
  endfacet
  facet normal -0 0 1
    outer loop
      vertex 96.0193 15.8921 7
      vertex 98.5072 15.647 7
      vertex 96.0769 16.2804 7
    endloop
  endfacet
  facet normal 0 0 1
    outer loop
      vertex 98.5646 15.0646 7
      vertex 96.1722 14.3389 7
      vertex 96.3045 13.9693 7
    endloop
  endfacet
  facet normal 0 0 1
    outer loop
      vertex 98.5072 15.647 7
      vertex 96.0193 15.8921 7
      vertex 98.5 15.5 7
    endloop
  endfacet
  facet normal 0 0 1
    outer loop
      vertex 98.5288 15.2074 7
      vertex 96.0769 14.7196 7
      vertex 96.1722 14.3389 7
    endloop
  endfacet
  facet normal 0 0 1
    outer loop
      vertex 96 15.5 7
      vertex 98.5 15.5 7
      vertex 96.0193 15.8921 7
    endloop
  endfacet
  facet normal 0 0 1
    outer loop
      vertex 98.5072 15.353 7
      vertex 96.0193 15.1079 7
      vertex 96.0769 14.7196 7
    endloop
  endfacet
  facet normal 0 0 1
    outer loop
      vertex 98.5 15.5 7
      vertex 96 15.5 7
      vertex 96.0193 15.1079 7
    endloop
  endfacet
  facet normal -0.988776 -0.149403 0
    outer loop
      vertex 101.493 15.647 3
      vertex 101.471 15.7926 7
      vertex 101.471 15.7926 3
    endloop
  endfacet
  facet normal -0.988776 -0.149403 0
    outer loop
      vertex 101.471 15.7926 7
      vertex 101.493 15.647 3
      vertex 101.493 15.647 7
    endloop
  endfacet
  facet normal -0.998868 -0.0475651 0
    outer loop
      vertex 101.5 15.5 3
      vertex 101.493 15.647 7
      vertex 101.493 15.647 3
    endloop
  endfacet
  facet normal -0.998868 -0.0475651 0
    outer loop
      vertex 101.493 15.647 7
      vertex 101.5 15.5 3
      vertex 101.5 15.5 7
    endloop
  endfacet
  facet normal -0.969661 -0.244452 0
    outer loop
      vertex 101.471 15.7926 3
      vertex 101.435 15.9354 7
      vertex 101.435 15.9354 3
    endloop
  endfacet
  facet normal -0.969661 -0.244452 0
    outer loop
      vertex 101.435 15.9354 7
      vertex 101.471 15.7926 3
      vertex 101.471 15.7926 7
    endloop
  endfacet
  facet normal -0.427531 0.904001 0
    outer loop
      vertex 100.707 14.1771 3
      vertex 100.574 14.1142 7
      vertex 100.707 14.1771 7
    endloop
  endfacet
  facet normal -0.427531 0.904001 0
    outer loop
      vertex 100.574 14.1142 7
      vertex 100.707 14.1771 3
      vertex 100.574 14.1142 3
    endloop
  endfacet
  facet normal 0.595861 -0.803088 0
    outer loop
      vertex 99.0484 16.6595 3
      vertex 99.1666 16.7472 7
      vertex 99.0484 16.6595 7
    endloop
  endfacet
  facet normal 0.595861 -0.803088 0
    outer loop
      vertex 99.1666 16.7472 7
      vertex 99.0484 16.6595 3
      vertex 99.1666 16.7472 3
    endloop
  endfacet
  facet normal 0.904125 -0.427269 0
    outer loop
      vertex 98.6142 16.074 7
      vertex 98.6771 16.2071 3
      vertex 98.6771 16.2071 7
    endloop
  endfacet
  facet normal 0.904125 -0.427269 0
    outer loop
      vertex 98.6771 16.2071 3
      vertex 98.6142 16.074 7
      vertex 98.6142 16.074 3
    endloop
  endfacet
  facet normal 0.969982 -0.243175 0
    outer loop
      vertex 98.5288 15.7926 7
      vertex 98.5646 15.9354 3
      vertex 98.5646 15.9354 7
    endloop
  endfacet
  facet normal 0.969982 -0.243175 0
    outer loop
      vertex 98.5646 15.9354 3
      vertex 98.5288 15.7926 7
      vertex 98.5288 15.7926 3
    endloop
  endfacet
  facet normal -0.514996 0.857193 0
    outer loop
      vertex 100.833 14.2528 3
      vertex 100.707 14.1771 7
      vertex 100.833 14.2528 7
    endloop
  endfacet
  facet normal -0.514996 0.857193 0
    outer loop
      vertex 100.707 14.1771 7
      vertex 100.833 14.2528 3
      vertex 100.707 14.1771 3
    endloop
  endfacet
  facet normal -0.244463 0.969659 0
    outer loop
      vertex 100.435 14.0646 3
      vertex 100.293 14.0288 7
      vertex 100.435 14.0646 7
    endloop
  endfacet
  facet normal -0.244463 0.969659 0
    outer loop
      vertex 100.293 14.0288 7
      vertex 100.435 14.0646 3
      vertex 100.293 14.0288 3
    endloop
  endfacet
  facet normal -0.0489209 -0.998803 0
    outer loop
      vertex 100 17 3
      vertex 100.147 16.9928 7
      vertex 100 17 7
    endloop
  endfacet
  facet normal -0.0489209 -0.998803 -0
    outer loop
      vertex 100.147 16.9928 7
      vertex 100 17 3
      vertex 100.147 16.9928 3
    endloop
  endfacet
  facet normal -0.146352 -0.989233 0
    outer loop
      vertex 100.147 16.9928 3
      vertex 100.293 16.9712 7
      vertex 100.147 16.9928 7
    endloop
  endfacet
  facet normal -0.146352 -0.989233 -0
    outer loop
      vertex 100.293 16.9712 7
      vertex 100.147 16.9928 3
      vertex 100.293 16.9712 3
    endloop
  endfacet
  facet normal -0.427531 -0.904001 0
    outer loop
      vertex 100.574 16.8858 3
      vertex 100.707 16.8229 7
      vertex 100.574 16.8858 7
    endloop
  endfacet
  facet normal -0.427531 -0.904001 -0
    outer loop
      vertex 100.707 16.8229 7
      vertex 100.574 16.8858 3
      vertex 100.707 16.8229 3
    endloop
  endfacet
  facet normal -0.146352 0.989233 0
    outer loop
      vertex 100.293 14.0288 3
      vertex 100.147 14.0072 7
      vertex 100.293 14.0288 7
    endloop
  endfacet
  facet normal -0.146352 0.989233 0
    outer loop
      vertex 100.147 14.0072 7
      vertex 100.293 14.0288 3
      vertex 100.147 14.0072 3
    endloop
  endfacet
  facet normal -0.805364 0.592781 0
    outer loop
      vertex 101.16 14.5484 3
      vertex 101.247 14.6666 7
      vertex 101.247 14.6666 3
    endloop
  endfacet
  facet normal -0.805364 0.592781 0
    outer loop
      vertex 101.247 14.6666 7
      vertex 101.16 14.5484 3
      vertex 101.16 14.5484 7
    endloop
  endfacet
  facet normal 0.74123 0.671251 0
    outer loop
      vertex 98.9393 14.4393 7
      vertex 98.8405 14.5484 3
      vertex 98.8405 14.5484 7
    endloop
  endfacet
  facet normal 0.74123 0.671251 0
    outer loop
      vertex 98.8405 14.5484 3
      vertex 98.9393 14.4393 7
      vertex 98.9393 14.4393 3
    endloop
  endfacet
  facet normal 0.514096 -0.857733 0
    outer loop
      vertex 99.1666 16.7472 3
      vertex 99.2929 16.8229 7
      vertex 99.1666 16.7472 7
    endloop
  endfacet
  facet normal 0.514096 -0.857733 0
    outer loop
      vertex 99.2929 16.8229 7
      vertex 99.1666 16.7472 3
      vertex 99.2929 16.8229 3
    endloop
  endfacet
  facet normal -0.988776 0.149403 0
    outer loop
      vertex 101.471 15.2074 3
      vertex 101.493 15.353 7
      vertex 101.493 15.353 3
    endloop
  endfacet
  facet normal -0.988776 0.149403 0
    outer loop
      vertex 101.493 15.353 7
      vertex 101.471 15.2074 3
      vertex 101.471 15.2074 7
    endloop
  endfacet
  facet normal 0.146746 0.989174 -0
    outer loop
      vertex 99.853 14.0072 3
      vertex 99.7074 14.0288 7
      vertex 99.853 14.0072 7
    endloop
  endfacet
  facet normal 0.146746 0.989174 0
    outer loop
      vertex 99.7074 14.0288 7
      vertex 99.853 14.0072 3
      vertex 99.7074 14.0288 3
    endloop
  endfacet
  facet normal -0.593268 0.805005 0
    outer loop
      vertex 100.952 14.3405 3
      vertex 100.833 14.2528 7
      vertex 100.952 14.3405 7
    endloop
  endfacet
  facet normal -0.593268 0.805005 0
    outer loop
      vertex 100.833 14.2528 7
      vertex 100.952 14.3405 3
      vertex 100.833 14.2528 3
    endloop
  endfacet
  facet normal 0.0489209 0.998803 -0
    outer loop
      vertex 100 14 3
      vertex 99.853 14.0072 7
      vertex 100 14 7
    endloop
  endfacet
  facet normal 0.0489209 0.998803 0
    outer loop
      vertex 99.853 14.0072 7
      vertex 100 14 3
      vertex 99.853 14.0072 3
    endloop
  endfacet
  facet normal -0.593268 -0.805005 0
    outer loop
      vertex 100.833 16.7472 3
      vertex 100.952 16.6595 7
      vertex 100.833 16.7472 7
    endloop
  endfacet
  facet normal -0.593268 -0.805005 -0
    outer loop
      vertex 100.952 16.6595 7
      vertex 100.833 16.7472 3
      vertex 100.952 16.6595 3
    endloop
  endfacet
  facet normal -0.969661 0.244452 0
    outer loop
      vertex 101.435 15.0646 3
      vertex 101.471 15.2074 7
      vertex 101.471 15.2074 3
    endloop
  endfacet
  facet normal -0.969661 0.244452 0
    outer loop
      vertex 101.471 15.2074 7
      vertex 101.435 15.0646 3
      vertex 101.435 15.0646 7
    endloop
  endfacet
  facet normal 0.989174 -0.146746 0
    outer loop
      vertex 98.5072 15.647 7
      vertex 98.5288 15.7926 3
      vertex 98.5288 15.7926 7
    endloop
  endfacet
  facet normal 0.989174 -0.146746 0
    outer loop
      vertex 98.5288 15.7926 3
      vertex 98.5072 15.647 7
      vertex 98.5072 15.647 3
    endloop
  endfacet
  facet normal 0.857733 -0.514096 0
    outer loop
      vertex 98.6771 16.2071 7
      vertex 98.7528 16.3334 3
      vertex 98.7528 16.3334 7
    endloop
  endfacet
  facet normal 0.857733 -0.514096 0
    outer loop
      vertex 98.7528 16.3334 3
      vertex 98.6771 16.2071 7
      vertex 98.6771 16.2071 3
    endloop
  endfacet
  facet normal 0.941527 0.336939 0
    outer loop
      vertex 98.6142 14.926 7
      vertex 98.5646 15.0646 3
      vertex 98.5646 15.0646 7
    endloop
  endfacet
  facet normal 0.941527 0.336939 0
    outer loop
      vertex 98.5646 15.0646 3
      vertex 98.6142 14.926 7
      vertex 98.6142 14.926 3
    endloop
  endfacet
  facet normal 0.146746 -0.989174 0
    outer loop
      vertex 99.7074 16.9712 3
      vertex 99.853 16.9928 7
      vertex 99.7074 16.9712 7
    endloop
  endfacet
  facet normal 0.146746 -0.989174 0
    outer loop
      vertex 99.853 16.9928 7
      vertex 99.7074 16.9712 3
      vertex 99.853 16.9928 3
    endloop
  endfacet
  facet normal -0.805364 -0.592781 0
    outer loop
      vertex 101.247 16.3334 3
      vertex 101.16 16.4516 7
      vertex 101.16 16.4516 3
    endloop
  endfacet
  facet normal -0.805364 -0.592781 0
    outer loop
      vertex 101.16 16.4516 7
      vertex 101.247 16.3334 3
      vertex 101.247 16.3334 7
    endloop
  endfacet
  facet normal 0.969982 0.243175 0
    outer loop
      vertex 98.5646 15.0646 7
      vertex 98.5288 15.2074 3
      vertex 98.5288 15.2074 7
    endloop
  endfacet
  facet normal 0.969982 0.243175 0
    outer loop
      vertex 98.5288 15.2074 3
      vertex 98.5646 15.0646 7
      vertex 98.5646 15.0646 3
    endloop
  endfacet
  facet normal 0.998803 0.0489209 0
    outer loop
      vertex 98.5072 15.353 7
      vertex 98.5 15.5 3
      vertex 98.5 15.5 7
    endloop
  endfacet
  facet normal 0.998803 0.0489209 0
    outer loop
      vertex 98.5 15.5 3
      vertex 98.5072 15.353 7
      vertex 98.5072 15.353 3
    endloop
  endfacet
  facet normal -0.514996 -0.857193 0
    outer loop
      vertex 100.707 16.8229 3
      vertex 100.833 16.7472 7
      vertex 100.707 16.8229 7
    endloop
  endfacet
  facet normal -0.514996 -0.857193 -0
    outer loop
      vertex 100.833 16.7472 7
      vertex 100.707 16.8229 3
      vertex 100.833 16.7472 3
    endloop
  endfacet
  facet normal -0.998868 0.0475651 0
    outer loop
      vertex 101.493 15.353 3
      vertex 101.5 15.5 7
      vertex 101.5 15.5 3
    endloop
  endfacet
  facet normal -0.998868 0.0475651 0
    outer loop
      vertex 101.5 15.5 7
      vertex 101.493 15.353 3
      vertex 101.493 15.353 7
    endloop
  endfacet
  facet normal -0.903862 0.427824 0
    outer loop
      vertex 101.323 14.7929 3
      vertex 101.386 14.926 7
      vertex 101.386 14.926 3
    endloop
  endfacet
  facet normal -0.903862 0.427824 0
    outer loop
      vertex 101.386 14.926 7
      vertex 101.323 14.7929 3
      vertex 101.323 14.7929 7
    endloop
  endfacet
  facet normal -0.856834 -0.515593 0
    outer loop
      vertex 101.323 16.2071 3
      vertex 101.247 16.3334 7
      vertex 101.247 16.3334 3
    endloop
  endfacet
  facet normal -0.856834 -0.515593 0
    outer loop
      vertex 101.247 16.3334 7
      vertex 101.323 16.2071 3
      vertex 101.323 16.2071 7
    endloop
  endfacet
  facet normal -0.740554 -0.671997 0
    outer loop
      vertex 101.16 16.4516 3
      vertex 101.061 16.5607 7
      vertex 101.061 16.5607 3
    endloop
  endfacet
  facet normal -0.740554 -0.671997 0
    outer loop
      vertex 101.061 16.5607 7
      vertex 101.16 16.4516 3
      vertex 101.16 16.4516 7
    endloop
  endfacet
  facet normal 0.0489209 -0.998803 0
    outer loop
      vertex 99.853 16.9928 3
      vertex 100 17 7
      vertex 99.853 16.9928 7
    endloop
  endfacet
  facet normal 0.0489209 -0.998803 0
    outer loop
      vertex 100 17 7
      vertex 99.853 16.9928 3
      vertex 100 17 3
    endloop
  endfacet
  facet normal 0.74123 -0.671251 0
    outer loop
      vertex 98.8405 16.4516 7
      vertex 98.9393 16.5607 3
      vertex 98.9393 16.5607 7
    endloop
  endfacet
  facet normal 0.74123 -0.671251 0
    outer loop
      vertex 98.9393 16.5607 3
      vertex 98.8405 16.4516 7
      vertex 98.8405 16.4516 3
    endloop
  endfacet
  facet normal 0.671251 0.74123 -0
    outer loop
      vertex 99.0484 14.3405 3
      vertex 98.9393 14.4393 7
      vertex 99.0484 14.3405 7
    endloop
  endfacet
  facet normal 0.671251 0.74123 0
    outer loop
      vertex 98.9393 14.4393 7
      vertex 99.0484 14.3405 3
      vertex 98.9393 14.4393 3
    endloop
  endfacet
  facet normal -0.0489209 0.998803 0
    outer loop
      vertex 100.147 14.0072 3
      vertex 100 14 7
      vertex 100.147 14.0072 7
    endloop
  endfacet
  facet normal -0.0489209 0.998803 0
    outer loop
      vertex 100 14 7
      vertex 100.147 14.0072 3
      vertex 100 14 3
    endloop
  endfacet
  facet normal -0.942814 -0.333318 0
    outer loop
      vertex 101.435 15.9354 3
      vertex 101.386 16.074 7
      vertex 101.386 16.074 3
    endloop
  endfacet
  facet normal -0.942814 -0.333318 0
    outer loop
      vertex 101.386 16.074 7
      vertex 101.435 15.9354 3
      vertex 101.435 15.9354 7
    endloop
  endfacet
  facet normal -0.856834 0.515593 0
    outer loop
      vertex 101.247 14.6666 3
      vertex 101.323 14.7929 7
      vertex 101.323 14.7929 3
    endloop
  endfacet
  facet normal -0.856834 0.515593 0
    outer loop
      vertex 101.323 14.7929 7
      vertex 101.247 14.6666 3
      vertex 101.247 14.6666 7
    endloop
  endfacet
  facet normal -0.671589 -0.740924 0
    outer loop
      vertex 100.952 16.6595 3
      vertex 101.061 16.5607 7
      vertex 100.952 16.6595 7
    endloop
  endfacet
  facet normal -0.671589 -0.740924 -0
    outer loop
      vertex 101.061 16.5607 7
      vertex 100.952 16.6595 3
      vertex 101.061 16.5607 3
    endloop
  endfacet
  facet normal 0.243175 -0.969982 0
    outer loop
      vertex 99.5646 16.9354 3
      vertex 99.7074 16.9712 7
      vertex 99.5646 16.9354 7
    endloop
  endfacet
  facet normal 0.243175 -0.969982 0
    outer loop
      vertex 99.7074 16.9712 7
      vertex 99.5646 16.9354 3
      vertex 99.7074 16.9712 3
    endloop
  endfacet
  facet normal -0.942814 0.333318 0
    outer loop
      vertex 101.386 14.926 3
      vertex 101.435 15.0646 7
      vertex 101.435 15.0646 3
    endloop
  endfacet
  facet normal -0.942814 0.333318 0
    outer loop
      vertex 101.435 15.0646 7
      vertex 101.386 14.926 3
      vertex 101.386 14.926 7
    endloop
  endfacet
  facet normal -0.336079 0.941834 0
    outer loop
      vertex 100.574 14.1142 3
      vertex 100.435 14.0646 7
      vertex 100.574 14.1142 7
    endloop
  endfacet
  facet normal -0.336079 0.941834 0
    outer loop
      vertex 100.435 14.0646 7
      vertex 100.574 14.1142 3
      vertex 100.435 14.0646 3
    endloop
  endfacet
  facet normal 0.427269 -0.904125 0
    outer loop
      vertex 99.2929 16.8229 3
      vertex 99.426 16.8858 7
      vertex 99.2929 16.8229 7
    endloop
  endfacet
  facet normal 0.427269 -0.904125 0
    outer loop
      vertex 99.426 16.8858 7
      vertex 99.2929 16.8229 3
      vertex 99.426 16.8858 3
    endloop
  endfacet
  facet normal -0.903862 -0.427824 0
    outer loop
      vertex 101.386 16.074 3
      vertex 101.323 16.2071 7
      vertex 101.323 16.2071 3
    endloop
  endfacet
  facet normal -0.903862 -0.427824 0
    outer loop
      vertex 101.323 16.2071 7
      vertex 101.386 16.074 3
      vertex 101.386 16.074 7
    endloop
  endfacet
  facet normal 0.671251 -0.74123 0
    outer loop
      vertex 98.9393 16.5607 3
      vertex 99.0484 16.6595 7
      vertex 98.9393 16.5607 7
    endloop
  endfacet
  facet normal 0.671251 -0.74123 0
    outer loop
      vertex 99.0484 16.6595 7
      vertex 98.9393 16.5607 3
      vertex 99.0484 16.6595 3
    endloop
  endfacet
  facet normal -0.336079 -0.941834 0
    outer loop
      vertex 100.435 16.9354 3
      vertex 100.574 16.8858 7
      vertex 100.435 16.9354 7
    endloop
  endfacet
  facet normal -0.336079 -0.941834 -0
    outer loop
      vertex 100.574 16.8858 7
      vertex 100.435 16.9354 3
      vertex 100.574 16.8858 3
    endloop
  endfacet
  facet normal 0.336939 -0.941527 0
    outer loop
      vertex 99.426 16.8858 3
      vertex 99.5646 16.9354 7
      vertex 99.426 16.8858 7
    endloop
  endfacet
  facet normal 0.336939 -0.941527 0
    outer loop
      vertex 99.5646 16.9354 7
      vertex 99.426 16.8858 3
      vertex 99.5646 16.9354 3
    endloop
  endfacet
  facet normal 0.857733 0.514096 0
    outer loop
      vertex 98.7528 14.6666 7
      vertex 98.6771 14.7929 3
      vertex 98.6771 14.7929 7
    endloop
  endfacet
  facet normal 0.857733 0.514096 0
    outer loop
      vertex 98.6771 14.7929 3
      vertex 98.7528 14.6666 7
      vertex 98.7528 14.6666 3
    endloop
  endfacet
  facet normal 0.514096 0.857733 -0
    outer loop
      vertex 99.2929 14.1771 3
      vertex 99.1666 14.2528 7
      vertex 99.2929 14.1771 7
    endloop
  endfacet
  facet normal 0.514096 0.857733 0
    outer loop
      vertex 99.1666 14.2528 7
      vertex 99.2929 14.1771 3
      vertex 99.1666 14.2528 3
    endloop
  endfacet
  facet normal -0.244463 -0.969659 0
    outer loop
      vertex 100.293 16.9712 3
      vertex 100.435 16.9354 7
      vertex 100.293 16.9712 7
    endloop
  endfacet
  facet normal -0.244463 -0.969659 -0
    outer loop
      vertex 100.435 16.9354 7
      vertex 100.293 16.9712 3
      vertex 100.435 16.9354 3
    endloop
  endfacet
  facet normal 0.427269 0.904125 -0
    outer loop
      vertex 99.426 14.1142 3
      vertex 99.2929 14.1771 7
      vertex 99.426 14.1142 7
    endloop
  endfacet
  facet normal 0.427269 0.904125 0
    outer loop
      vertex 99.2929 14.1771 7
      vertex 99.426 14.1142 3
      vertex 99.2929 14.1771 3
    endloop
  endfacet
  facet normal 0.803088 0.595861 0
    outer loop
      vertex 98.8405 14.5484 7
      vertex 98.7528 14.6666 3
      vertex 98.7528 14.6666 7
    endloop
  endfacet
  facet normal 0.803088 0.595861 0
    outer loop
      vertex 98.7528 14.6666 3
      vertex 98.8405 14.5484 7
      vertex 98.8405 14.5484 3
    endloop
  endfacet
  facet normal 0.243175 0.969982 -0
    outer loop
      vertex 99.7074 14.0288 3
      vertex 99.5646 14.0646 7
      vertex 99.7074 14.0288 7
    endloop
  endfacet
  facet normal 0.243175 0.969982 0
    outer loop
      vertex 99.5646 14.0646 7
      vertex 99.7074 14.0288 3
      vertex 99.5646 14.0646 3
    endloop
  endfacet
  facet normal 0.989174 0.146746 0
    outer loop
      vertex 98.5288 15.2074 7
      vertex 98.5072 15.353 3
      vertex 98.5072 15.353 7
    endloop
  endfacet
  facet normal 0.989174 0.146746 0
    outer loop
      vertex 98.5072 15.353 3
      vertex 98.5288 15.2074 7
      vertex 98.5288 15.2074 3
    endloop
  endfacet
  facet normal 0.595861 0.803088 -0
    outer loop
      vertex 99.1666 14.2528 3
      vertex 99.0484 14.3405 7
      vertex 99.1666 14.2528 7
    endloop
  endfacet
  facet normal 0.595861 0.803088 0
    outer loop
      vertex 99.0484 14.3405 7
      vertex 99.1666 14.2528 3
      vertex 99.0484 14.3405 3
    endloop
  endfacet
  facet normal 0.904125 0.427269 0
    outer loop
      vertex 98.6771 14.7929 7
      vertex 98.6142 14.926 3
      vertex 98.6142 14.926 7
    endloop
  endfacet
  facet normal 0.904125 0.427269 0
    outer loop
      vertex 98.6142 14.926 3
      vertex 98.6771 14.7929 7
      vertex 98.6771 14.7929 3
    endloop
  endfacet
  facet normal 0.941527 -0.336939 0
    outer loop
      vertex 98.5646 15.9354 7
      vertex 98.6142 16.074 3
      vertex 98.6142 16.074 7
    endloop
  endfacet
  facet normal 0.941527 -0.336939 0
    outer loop
      vertex 98.6142 16.074 3
      vertex 98.5646 15.9354 7
      vertex 98.5646 15.9354 3
    endloop
  endfacet
  facet normal 0.803088 -0.595861 0
    outer loop
      vertex 98.7528 16.3334 7
      vertex 98.8405 16.4516 3
      vertex 98.8405 16.4516 7
    endloop
  endfacet
  facet normal 0.803088 -0.595861 0
    outer loop
      vertex 98.8405 16.4516 3
      vertex 98.7528 16.3334 7
      vertex 98.7528 16.3334 3
    endloop
  endfacet
  facet normal 0.998803 -0.0489209 0
    outer loop
      vertex 98.5 15.5 7
      vertex 98.5072 15.647 3
      vertex 98.5072 15.647 7
    endloop
  endfacet
  facet normal 0.998803 -0.0489209 0
    outer loop
      vertex 98.5072 15.647 3
      vertex 98.5 15.5 7
      vertex 98.5 15.5 3
    endloop
  endfacet
  facet normal 0.336939 0.941527 -0
    outer loop
      vertex 99.5646 14.0646 3
      vertex 99.426 14.1142 7
      vertex 99.5646 14.0646 7
    endloop
  endfacet
  facet normal 0.336939 0.941527 0
    outer loop
      vertex 99.426 14.1142 7
      vertex 99.5646 14.0646 3
      vertex 99.426 14.1142 3
    endloop
  endfacet
  facet normal -0.740554 0.671997 0
    outer loop
      vertex 101.061 14.4393 3
      vertex 101.16 14.5484 7
      vertex 101.16 14.5484 3
    endloop
  endfacet
  facet normal -0.740554 0.671997 0
    outer loop
      vertex 101.16 14.5484 7
      vertex 101.061 14.4393 3
      vertex 101.061 14.4393 7
    endloop
  endfacet
  facet normal -0.671589 0.740924 0
    outer loop
      vertex 101.061 14.4393 3
      vertex 100.952 14.3405 7
      vertex 101.061 14.4393 7
    endloop
  endfacet
  facet normal -0.671589 0.740924 0
    outer loop
      vertex 100.952 14.3405 7
      vertex 101.061 14.4393 3
      vertex 100.952 14.3405 3
    endloop
  endfacet
  facet normal 0.998828 0.0484002 0
    outer loop
      vertex 104 72.5 7
      vertex 103.981 72.8921 3
      vertex 103.981 72.8921 7
    endloop
  endfacet
  facet normal 0.998828 0.0484002 0
    outer loop
      vertex 103.981 72.8921 3
      vertex 104 72.5 7
      vertex 104 72.5 3
    endloop
  endfacet
  facet normal -0.989176 -0.146733 0
    outer loop
      vertex 96.0769 71.7196 3
      vertex 96.0193 72.1079 7
      vertex 96.0193 72.1079 3
    endloop
  endfacet
  facet normal -0.989176 -0.146733 0
    outer loop
      vertex 96.0193 72.1079 7
      vertex 96.0769 71.7196 3
      vertex 96.0769 71.7196 7
    endloop
  endfacet
  facet normal 0.989028 0.14773 0
    outer loop
      vertex 103.981 72.8921 7
      vertex 103.923 73.2804 3
      vertex 103.923 73.2804 7
    endloop
  endfacet
  facet normal 0.989028 0.14773 0
    outer loop
      vertex 103.923 73.2804 3
      vertex 103.981 72.8921 7
      vertex 103.981 72.8921 3
    endloop
  endfacet
  facet normal 0.672622 0.739986 -0
    outer loop
      vertex 102.828 75.3284 3
      vertex 102.538 75.592 7
      vertex 102.828 75.3284 7
    endloop
  endfacet
  facet normal 0.672622 0.739986 0
    outer loop
      vertex 102.538 75.592 7
      vertex 102.828 75.3284 3
      vertex 102.538 75.592 3
    endloop
  endfacet
  facet normal -0.85774 -0.514084 0
    outer loop
      vertex 96.6741 70.2777 3
      vertex 96.4723 70.6144 7
      vertex 96.4723 70.6144 3
    endloop
  endfacet
  facet normal -0.85774 -0.514084 0
    outer loop
      vertex 96.4723 70.6144 7
      vertex 96.6741 70.2777 3
      vertex 96.6741 70.2777 7
    endloop
  endfacet
  facet normal 0.336691 -0.941615 0
    outer loop
      vertex 101.161 68.6722 3
      vertex 101.531 68.8045 7
      vertex 101.161 68.6722 7
    endloop
  endfacet
  facet normal 0.336691 -0.941615 0
    outer loop
      vertex 101.531 68.8045 7
      vertex 101.161 68.6722 3
      vertex 101.531 68.8045 3
    endloop
  endfacet
  facet normal 0.740401 0.672166 0
    outer loop
      vertex 103.092 75.0376 7
      vertex 102.828 75.3284 3
      vertex 102.828 75.3284 7
    endloop
  endfacet
  facet normal 0.740401 0.672166 0
    outer loop
      vertex 102.828 75.3284 3
      vertex 103.092 75.0376 7
      vertex 103.092 75.0376 3
    endloop
  endfacet
  facet normal -0.337014 -0.9415 0
    outer loop
      vertex 98.4693 68.8045 3
      vertex 98.8389 68.6722 7
      vertex 98.4693 68.8045 7
    endloop
  endfacet
  facet normal -0.337014 -0.9415 -0
    outer loop
      vertex 98.8389 68.6722 7
      vertex 98.4693 68.8045 3
      vertex 98.8389 68.6722 3
    endloop
  endfacet
  facet normal 0.903847 0.427856 0
    outer loop
      vertex 103.696 74.0307 7
      vertex 103.528 74.3856 3
      vertex 103.528 74.3856 7
    endloop
  endfacet
  facet normal 0.903847 0.427856 0
    outer loop
      vertex 103.528 74.3856 3
      vertex 103.696 74.0307 7
      vertex 103.696 74.0307 3
    endloop
  endfacet
  facet normal 0.970247 0.242116 0
    outer loop
      vertex 103.923 73.2804 7
      vertex 103.828 73.6611 3
      vertex 103.828 73.6611 7
    endloop
  endfacet
  facet normal 0.970247 0.242116 0
    outer loop
      vertex 103.828 73.6611 3
      vertex 103.923 73.2804 7
      vertex 103.923 73.2804 3
    endloop
  endfacet
  facet normal 0.989028 -0.14773 0
    outer loop
      vertex 103.923 71.7196 7
      vertex 103.981 72.1079 3
      vertex 103.981 72.1079 7
    endloop
  endfacet
  facet normal 0.989028 -0.14773 0
    outer loop
      vertex 103.981 72.1079 3
      vertex 103.923 71.7196 7
      vertex 103.923 71.7196 3
    endloop
  endfacet
  facet normal -0.740908 0.671607 0
    outer loop
      vertex 96.908 75.0376 3
      vertex 97.1716 75.3284 7
      vertex 97.1716 75.3284 3
    endloop
  endfacet
  facet normal -0.740908 0.671607 0
    outer loop
      vertex 97.1716 75.3284 7
      vertex 96.908 75.0376 3
      vertex 96.908 75.0376 7
    endloop
  endfacet
  facet normal -0.9415 -0.337014 0
    outer loop
      vertex 96.3045 70.9693 3
      vertex 96.1722 71.3389 7
      vertex 96.1722 71.3389 3
    endloop
  endfacet
  facet normal -0.9415 -0.337014 0
    outer loop
      vertex 96.1722 71.3389 7
      vertex 96.3045 70.9693 3
      vertex 96.3045 70.9693 7
    endloop
  endfacet
  facet normal -0.514084 0.85774 0
    outer loop
      vertex 98.1144 76.0277 3
      vertex 97.7777 75.8259 7
      vertex 98.1144 76.0277 7
    endloop
  endfacet
  facet normal -0.514084 0.85774 0
    outer loop
      vertex 97.7777 75.8259 7
      vertex 98.1144 76.0277 3
      vertex 97.7777 75.8259 3
    endloop
  endfacet
  facet normal -0.970068 0.242835 0
    outer loop
      vertex 96.0769 73.2804 3
      vertex 96.1722 73.6611 7
      vertex 96.1722 73.6611 3
    endloop
  endfacet
  facet normal -0.970068 0.242835 0
    outer loop
      vertex 96.1722 73.6611 7
      vertex 96.0769 73.2804 3
      vertex 96.0769 73.2804 7
    endloop
  endfacet
  facet normal -0.904044 -0.42744 0
    outer loop
      vertex 96.4723 70.6144 3
      vertex 96.3045 70.9693 7
      vertex 96.3045 70.9693 3
    endloop
  endfacet
  facet normal -0.904044 -0.42744 0
    outer loop
      vertex 96.3045 70.9693 7
      vertex 96.4723 70.6144 3
      vertex 96.4723 70.6144 7
    endloop
  endfacet
  facet normal -0.337014 0.9415 0
    outer loop
      vertex 98.8389 76.3278 3
      vertex 98.4693 76.1955 7
      vertex 98.8389 76.3278 7
    endloop
  endfacet
  facet normal -0.337014 0.9415 0
    outer loop
      vertex 98.4693 76.1955 7
      vertex 98.8389 76.3278 3
      vertex 98.4693 76.1955 3
    endloop
  endfacet
  facet normal 0.514871 0.857268 -0
    outer loop
      vertex 102.222 75.8259 3
      vertex 101.886 76.0277 7
      vertex 102.222 75.8259 7
    endloop
  endfacet
  facet normal 0.514871 0.857268 0
    outer loop
      vertex 101.886 76.0277 7
      vertex 102.222 75.8259 3
      vertex 101.886 76.0277 3
    endloop
  endfacet
  facet normal 0.970247 -0.242116 0
    outer loop
      vertex 103.828 71.3389 7
      vertex 103.923 71.7196 3
      vertex 103.923 71.7196 7
    endloop
  endfacet
  facet normal 0.970247 -0.242116 0
    outer loop
      vertex 103.923 71.7196 3
      vertex 103.828 71.3389 7
      vertex 103.828 71.3389 3
    endloop
  endfacet
  facet normal -0.998791 0.0491626 0
    outer loop
      vertex 96 72.5 3
      vertex 96.0193 72.8921 7
      vertex 96.0193 72.8921 3
    endloop
  endfacet
  facet normal -0.998791 0.0491626 0
    outer loop
      vertex 96.0193 72.8921 7
      vertex 96 72.5 3
      vertex 96 72.5 7
    endloop
  endfacet
  facet normal 0.0491751 0.99879 -0
    outer loop
      vertex 100.392 76.4807 3
      vertex 100 76.5 7
      vertex 100.392 76.4807 7
    endloop
  endfacet
  facet normal 0.0491751 0.99879 0
    outer loop
      vertex 100 76.5 7
      vertex 100.392 76.4807 3
      vertex 100 76.5 3
    endloop
  endfacet
  facet normal 0.427342 0.90409 -0
    outer loop
      vertex 101.886 76.0277 3
      vertex 101.531 76.1955 7
      vertex 101.886 76.0277 7
    endloop
  endfacet
  facet normal 0.427342 0.90409 0
    outer loop
      vertex 101.531 76.1955 7
      vertex 101.886 76.0277 3
      vertex 101.531 76.1955 3
    endloop
  endfacet
  facet normal 0.594942 0.803769 -0
    outer loop
      vertex 102.538 75.592 3
      vertex 102.222 75.8259 7
      vertex 102.538 75.592 7
    endloop
  endfacet
  facet normal 0.594942 0.803769 0
    outer loop
      vertex 102.222 75.8259 7
      vertex 102.538 75.592 3
      vertex 102.222 75.8259 3
    endloop
  endfacet
  facet normal -0.671607 -0.740908 0
    outer loop
      vertex 97.1716 69.6716 3
      vertex 97.4624 69.408 7
      vertex 97.1716 69.6716 7
    endloop
  endfacet
  facet normal -0.671607 -0.740908 -0
    outer loop
      vertex 97.4624 69.408 7
      vertex 97.1716 69.6716 3
      vertex 97.4624 69.408 3
    endloop
  endfacet
  facet normal 0.941742 0.336336 0
    outer loop
      vertex 103.828 73.6611 7
      vertex 103.696 74.0307 3
      vertex 103.696 74.0307 7
    endloop
  endfacet
  facet normal 0.941742 0.336336 0
    outer loop
      vertex 103.696 74.0307 3
      vertex 103.828 73.6611 7
      vertex 103.828 73.6611 3
    endloop
  endfacet
  facet normal 0.998828 -0.0484002 0
    outer loop
      vertex 103.981 72.1079 7
      vertex 104 72.5 3
      vertex 104 72.5 7
    endloop
  endfacet
  facet normal 0.998828 -0.0484002 0
    outer loop
      vertex 104 72.5 3
      vertex 103.981 72.1079 7
      vertex 103.981 72.1079 3
    endloop
  endfacet
  facet normal -0.42744 0.904044 0
    outer loop
      vertex 98.4693 76.1955 3
      vertex 98.1144 76.0277 7
      vertex 98.4693 76.1955 7
    endloop
  endfacet
  facet normal -0.42744 0.904044 0
    outer loop
      vertex 98.1144 76.0277 7
      vertex 98.4693 76.1955 3
      vertex 98.1144 76.0277 3
    endloop
  endfacet
  facet normal -0.0491626 -0.998791 0
    outer loop
      vertex 99.6079 68.5193 3
      vertex 100 68.5 7
      vertex 99.6079 68.5193 7
    endloop
  endfacet
  facet normal -0.0491626 -0.998791 -0
    outer loop
      vertex 100 68.5 7
      vertex 99.6079 68.5193 3
      vertex 100 68.5 3
    endloop
  endfacet
  facet normal 0.803015 0.595958 0
    outer loop
      vertex 103.326 74.7223 7
      vertex 103.092 75.0376 3
      vertex 103.092 75.0376 7
    endloop
  endfacet
  facet normal 0.803015 0.595958 0
    outer loop
      vertex 103.092 75.0376 3
      vertex 103.326 74.7223 7
      vertex 103.326 74.7223 3
    endloop
  endfacet
  facet normal -0.740908 -0.671607 0
    outer loop
      vertex 97.1716 69.6716 3
      vertex 96.908 69.9624 7
      vertex 96.908 69.9624 3
    endloop
  endfacet
  facet normal -0.740908 -0.671607 0
    outer loop
      vertex 96.908 69.9624 7
      vertex 97.1716 69.6716 3
      vertex 97.1716 69.6716 7
    endloop
  endfacet
  facet normal -0.970068 -0.242835 0
    outer loop
      vertex 96.1722 71.3389 3
      vertex 96.0769 71.7196 7
      vertex 96.0769 71.7196 3
    endloop
  endfacet
  facet normal -0.970068 -0.242835 0
    outer loop
      vertex 96.0769 71.7196 7
      vertex 96.1722 71.3389 3
      vertex 96.1722 71.3389 7
    endloop
  endfacet
  facet normal 0.514871 -0.857268 0
    outer loop
      vertex 101.886 68.9723 3
      vertex 102.222 69.1741 7
      vertex 101.886 68.9723 7
    endloop
  endfacet
  facet normal 0.514871 -0.857268 0
    outer loop
      vertex 102.222 69.1741 7
      vertex 101.886 68.9723 3
      vertex 102.222 69.1741 3
    endloop
  endfacet
  facet normal 0.857515 0.514458 0
    outer loop
      vertex 103.528 74.3856 7
      vertex 103.326 74.7223 3
      vertex 103.326 74.7223 7
    endloop
  endfacet
  facet normal 0.857515 0.514458 0
    outer loop
      vertex 103.326 74.7223 3
      vertex 103.528 74.3856 7
      vertex 103.528 74.3856 3
    endloop
  endfacet
  facet normal -0.595794 -0.803137 0
    outer loop
      vertex 97.4624 69.408 3
      vertex 97.7777 69.1741 7
      vertex 97.4624 69.408 7
    endloop
  endfacet
  facet normal -0.595794 -0.803137 -0
    outer loop
      vertex 97.7777 69.1741 7
      vertex 97.4624 69.408 3
      vertex 97.7777 69.1741 3
    endloop
  endfacet
  facet normal -0.595794 0.803137 0
    outer loop
      vertex 97.7777 75.8259 3
      vertex 97.4624 75.592 7
      vertex 97.7777 75.8259 7
    endloop
  endfacet
  facet normal -0.595794 0.803137 0
    outer loop
      vertex 97.4624 75.592 7
      vertex 97.7777 75.8259 3
      vertex 97.4624 75.592 3
    endloop
  endfacet
  facet normal -0.42744 -0.904044 0
    outer loop
      vertex 98.1144 68.9723 3
      vertex 98.4693 68.8045 7
      vertex 98.1144 68.9723 7
    endloop
  endfacet
  facet normal -0.42744 -0.904044 -0
    outer loop
      vertex 98.4693 68.8045 7
      vertex 98.1144 68.9723 3
      vertex 98.4693 68.8045 3
    endloop
  endfacet
  facet normal 0.803015 -0.595958 0
    outer loop
      vertex 103.092 69.9624 7
      vertex 103.326 70.2777 3
      vertex 103.326 70.2777 7
    endloop
  endfacet
  facet normal 0.803015 -0.595958 0
    outer loop
      vertex 103.326 70.2777 3
      vertex 103.092 69.9624 7
      vertex 103.092 69.9624 3
    endloop
  endfacet
  facet normal 0.857515 -0.514458 0
    outer loop
      vertex 103.326 70.2777 7
      vertex 103.528 70.6144 3
      vertex 103.528 70.6144 7
    endloop
  endfacet
  facet normal 0.857515 -0.514458 0
    outer loop
      vertex 103.528 70.6144 3
      vertex 103.326 70.2777 7
      vertex 103.326 70.2777 3
    endloop
  endfacet
  facet normal 0.242655 0.970113 -0
    outer loop
      vertex 101.161 76.3278 3
      vertex 100.78 76.4231 7
      vertex 101.161 76.3278 7
    endloop
  endfacet
  facet normal 0.242655 0.970113 0
    outer loop
      vertex 100.78 76.4231 7
      vertex 101.161 76.3278 3
      vertex 100.78 76.4231 3
    endloop
  endfacet
  facet normal 0.146844 -0.98916 0
    outer loop
      vertex 100.392 68.5193 3
      vertex 100.78 68.5769 7
      vertex 100.392 68.5193 7
    endloop
  endfacet
  facet normal 0.146844 -0.98916 0
    outer loop
      vertex 100.78 68.5769 7
      vertex 100.392 68.5193 3
      vertex 100.78 68.5769 3
    endloop
  endfacet
  facet normal 0.672622 -0.739986 0
    outer loop
      vertex 102.538 69.408 3
      vertex 102.828 69.6716 7
      vertex 102.538 69.408 7
    endloop
  endfacet
  facet normal 0.672622 -0.739986 0
    outer loop
      vertex 102.828 69.6716 7
      vertex 102.538 69.408 3
      vertex 102.828 69.6716 3
    endloop
  endfacet
  facet normal -0.904044 0.42744 0
    outer loop
      vertex 96.3045 74.0307 3
      vertex 96.4723 74.3856 7
      vertex 96.4723 74.3856 3
    endloop
  endfacet
  facet normal -0.904044 0.42744 0
    outer loop
      vertex 96.4723 74.3856 7
      vertex 96.3045 74.0307 3
      vertex 96.3045 74.0307 7
    endloop
  endfacet
  facet normal -0.242835 -0.970068 0
    outer loop
      vertex 98.8389 68.6722 3
      vertex 99.2196 68.5769 7
      vertex 98.8389 68.6722 7
    endloop
  endfacet
  facet normal -0.242835 -0.970068 -0
    outer loop
      vertex 99.2196 68.5769 7
      vertex 98.8389 68.6722 3
      vertex 99.2196 68.5769 3
    endloop
  endfacet
  facet normal -0.242835 0.970068 0
    outer loop
      vertex 99.2196 76.4231 3
      vertex 98.8389 76.3278 7
      vertex 99.2196 76.4231 7
    endloop
  endfacet
  facet normal -0.242835 0.970068 0
    outer loop
      vertex 98.8389 76.3278 7
      vertex 99.2196 76.4231 3
      vertex 98.8389 76.3278 3
    endloop
  endfacet
  facet normal -0.9415 0.337014 0
    outer loop
      vertex 96.1722 73.6611 3
      vertex 96.3045 74.0307 7
      vertex 96.3045 74.0307 3
    endloop
  endfacet
  facet normal -0.9415 0.337014 0
    outer loop
      vertex 96.3045 74.0307 7
      vertex 96.1722 73.6611 3
      vertex 96.1722 73.6611 7
    endloop
  endfacet
  facet normal -0.146733 -0.989176 0
    outer loop
      vertex 99.2196 68.5769 3
      vertex 99.6079 68.5193 7
      vertex 99.2196 68.5769 7
    endloop
  endfacet
  facet normal -0.146733 -0.989176 -0
    outer loop
      vertex 99.6079 68.5193 7
      vertex 99.2196 68.5769 3
      vertex 99.6079 68.5193 3
    endloop
  endfacet
  facet normal -0.671607 0.740908 0
    outer loop
      vertex 97.4624 75.592 3
      vertex 97.1716 75.3284 7
      vertex 97.4624 75.592 7
    endloop
  endfacet
  facet normal -0.671607 0.740908 0
    outer loop
      vertex 97.1716 75.3284 7
      vertex 97.4624 75.592 3
      vertex 97.1716 75.3284 3
    endloop
  endfacet
  facet normal 0.336691 0.941615 -0
    outer loop
      vertex 101.531 76.1955 3
      vertex 101.161 76.3278 7
      vertex 101.531 76.1955 7
    endloop
  endfacet
  facet normal 0.336691 0.941615 0
    outer loop
      vertex 101.161 76.3278 7
      vertex 101.531 76.1955 3
      vertex 101.161 76.3278 3
    endloop
  endfacet
  facet normal -0.0491626 0.998791 0
    outer loop
      vertex 100 76.5 3
      vertex 99.6079 76.4807 7
      vertex 100 76.5 7
    endloop
  endfacet
  facet normal -0.0491626 0.998791 0
    outer loop
      vertex 99.6079 76.4807 7
      vertex 100 76.5 3
      vertex 99.6079 76.4807 3
    endloop
  endfacet
  facet normal -0.146733 0.989176 0
    outer loop
      vertex 99.6079 76.4807 3
      vertex 99.2196 76.4231 7
      vertex 99.6079 76.4807 7
    endloop
  endfacet
  facet normal -0.146733 0.989176 0
    outer loop
      vertex 99.2196 76.4231 7
      vertex 99.6079 76.4807 3
      vertex 99.2196 76.4231 3
    endloop
  endfacet
  facet normal -0.514084 -0.85774 0
    outer loop
      vertex 97.7777 69.1741 3
      vertex 98.1144 68.9723 7
      vertex 97.7777 69.1741 7
    endloop
  endfacet
  facet normal -0.514084 -0.85774 -0
    outer loop
      vertex 98.1144 68.9723 7
      vertex 97.7777 69.1741 3
      vertex 98.1144 68.9723 3
    endloop
  endfacet
  facet normal -0.803137 -0.595794 0
    outer loop
      vertex 96.908 69.9624 3
      vertex 96.6741 70.2777 7
      vertex 96.6741 70.2777 3
    endloop
  endfacet
  facet normal -0.803137 -0.595794 0
    outer loop
      vertex 96.6741 70.2777 7
      vertex 96.908 69.9624 3
      vertex 96.908 69.9624 7
    endloop
  endfacet
  facet normal -0.998791 -0.0491626 0
    outer loop
      vertex 96.0193 72.1079 3
      vertex 96 72.5 7
      vertex 96 72.5 3
    endloop
  endfacet
  facet normal -0.998791 -0.0491626 0
    outer loop
      vertex 96 72.5 7
      vertex 96.0193 72.1079 3
      vertex 96.0193 72.1079 7
    endloop
  endfacet
  facet normal -0.989176 0.146733 0
    outer loop
      vertex 96.0193 72.8921 3
      vertex 96.0769 73.2804 7
      vertex 96.0769 73.2804 3
    endloop
  endfacet
  facet normal -0.989176 0.146733 0
    outer loop
      vertex 96.0769 73.2804 7
      vertex 96.0193 72.8921 3
      vertex 96.0193 72.8921 7
    endloop
  endfacet
  facet normal 0.594942 -0.803769 0
    outer loop
      vertex 102.222 69.1741 3
      vertex 102.538 69.408 7
      vertex 102.222 69.1741 7
    endloop
  endfacet
  facet normal 0.594942 -0.803769 0
    outer loop
      vertex 102.538 69.408 7
      vertex 102.222 69.1741 3
      vertex 102.538 69.408 3
    endloop
  endfacet
  facet normal 0.427342 -0.90409 0
    outer loop
      vertex 101.531 68.8045 3
      vertex 101.886 68.9723 7
      vertex 101.531 68.8045 7
    endloop
  endfacet
  facet normal 0.427342 -0.90409 0
    outer loop
      vertex 101.886 68.9723 7
      vertex 101.531 68.8045 3
      vertex 101.886 68.9723 3
    endloop
  endfacet
  facet normal 0.242655 -0.970113 0
    outer loop
      vertex 100.78 68.5769 3
      vertex 101.161 68.6722 7
      vertex 100.78 68.5769 7
    endloop
  endfacet
  facet normal 0.242655 -0.970113 0
    outer loop
      vertex 101.161 68.6722 7
      vertex 100.78 68.5769 3
      vertex 101.161 68.6722 3
    endloop
  endfacet
  facet normal 0.0491751 -0.99879 0
    outer loop
      vertex 100 68.5 3
      vertex 100.392 68.5193 7
      vertex 100 68.5 7
    endloop
  endfacet
  facet normal 0.0491751 -0.99879 0
    outer loop
      vertex 100.392 68.5193 7
      vertex 100 68.5 3
      vertex 100.392 68.5193 3
    endloop
  endfacet
  facet normal 0.903847 -0.427856 0
    outer loop
      vertex 103.528 70.6144 7
      vertex 103.696 70.9693 3
      vertex 103.696 70.9693 7
    endloop
  endfacet
  facet normal 0.903847 -0.427856 0
    outer loop
      vertex 103.696 70.9693 3
      vertex 103.528 70.6144 7
      vertex 103.528 70.6144 3
    endloop
  endfacet
  facet normal 0.941742 -0.336336 0
    outer loop
      vertex 103.696 70.9693 7
      vertex 103.828 71.3389 3
      vertex 103.828 71.3389 7
    endloop
  endfacet
  facet normal 0.941742 -0.336336 0
    outer loop
      vertex 103.828 71.3389 3
      vertex 103.696 70.9693 7
      vertex 103.696 70.9693 3
    endloop
  endfacet
  facet normal -0.85774 0.514084 0
    outer loop
      vertex 96.4723 74.3856 3
      vertex 96.6741 74.7223 7
      vertex 96.6741 74.7223 3
    endloop
  endfacet
  facet normal -0.85774 0.514084 0
    outer loop
      vertex 96.6741 74.7223 7
      vertex 96.4723 74.3856 3
      vertex 96.4723 74.3856 7
    endloop
  endfacet
  facet normal 0.146844 0.98916 -0
    outer loop
      vertex 100.78 76.4231 3
      vertex 100.392 76.4807 7
      vertex 100.78 76.4231 7
    endloop
  endfacet
  facet normal 0.146844 0.98916 0
    outer loop
      vertex 100.392 76.4807 7
      vertex 100.78 76.4231 3
      vertex 100.392 76.4807 3
    endloop
  endfacet
  facet normal 0.740401 -0.672166 0
    outer loop
      vertex 102.828 69.6716 7
      vertex 103.092 69.9624 3
      vertex 103.092 69.9624 7
    endloop
  endfacet
  facet normal 0.740401 -0.672166 0
    outer loop
      vertex 103.092 69.9624 3
      vertex 102.828 69.6716 7
      vertex 102.828 69.6716 3
    endloop
  endfacet
  facet normal -0.803137 0.595794 0
    outer loop
      vertex 96.6741 74.7223 3
      vertex 96.908 75.0376 7
      vertex 96.908 75.0376 3
    endloop
  endfacet
  facet normal -0.803137 0.595794 0
    outer loop
      vertex 96.908 75.0376 7
      vertex 96.6741 74.7223 3
      vertex 96.6741 74.7223 7
    endloop
  endfacet
  facet normal 0 0 1
    outer loop
      vertex 101.5 72.5 7
      vertex 104 72.5 7
      vertex 103.981 72.8921 7
    endloop
  endfacet
  facet normal 0 0 1
    outer loop
      vertex 101.493 72.647 7
      vertex 103.981 72.8921 7
      vertex 103.923 73.2804 7
    endloop
  endfacet
  facet normal 0 0 1
    outer loop
      vertex 104 72.5 7
      vertex 101.5 72.5 7
      vertex 103.981 72.1079 7
    endloop
  endfacet
  facet normal 0 0 1
    outer loop
      vertex 101.471 72.7926 7
      vertex 103.923 73.2804 7
      vertex 103.828 73.6611 7
    endloop
  endfacet
  facet normal -0 0 1
    outer loop
      vertex 101.493 72.353 7
      vertex 103.981 72.1079 7
      vertex 101.5 72.5 7
    endloop
  endfacet
  facet normal 0 0 1
    outer loop
      vertex 101.435 72.9354 7
      vertex 103.828 73.6611 7
      vertex 103.696 74.0307 7
    endloop
  endfacet
  facet normal 0 0 1
    outer loop
      vertex 103.981 72.1079 7
      vertex 101.493 72.353 7
      vertex 103.923 71.7196 7
    endloop
  endfacet
  facet normal 0 0 1
    outer loop
      vertex 101.386 73.074 7
      vertex 103.696 74.0307 7
      vertex 103.528 74.3856 7
    endloop
  endfacet
  facet normal -0 0 1
    outer loop
      vertex 101.471 72.2074 7
      vertex 103.923 71.7196 7
      vertex 101.493 72.353 7
    endloop
  endfacet
  facet normal 0 0 1
    outer loop
      vertex 101.323 73.2071 7
      vertex 103.528 74.3856 7
      vertex 103.326 74.7223 7
    endloop
  endfacet
  facet normal 0 0 1
    outer loop
      vertex 103.923 71.7196 7
      vertex 101.471 72.2074 7
      vertex 103.828 71.3389 7
    endloop
  endfacet
  facet normal 0 0 1
    outer loop
      vertex 101.247 73.3334 7
      vertex 103.326 74.7223 7
      vertex 103.092 75.0376 7
    endloop
  endfacet
  facet normal -0 0 1
    outer loop
      vertex 101.435 72.0646 7
      vertex 103.828 71.3389 7
      vertex 101.471 72.2074 7
    endloop
  endfacet
  facet normal 0 0 1
    outer loop
      vertex 101.16 73.4516 7
      vertex 103.092 75.0376 7
      vertex 102.828 75.3284 7
    endloop
  endfacet
  facet normal 0 0 1
    outer loop
      vertex 103.828 71.3389 7
      vertex 101.435 72.0646 7
      vertex 103.696 70.9693 7
    endloop
  endfacet
  facet normal 0 0 1
    outer loop
      vertex 101.061 73.5607 7
      vertex 102.828 75.3284 7
      vertex 102.538 75.592 7
    endloop
  endfacet
  facet normal -0 0 1
    outer loop
      vertex 101.386 71.926 7
      vertex 103.696 70.9693 7
      vertex 101.435 72.0646 7
    endloop
  endfacet
  facet normal 0 0 1
    outer loop
      vertex 100.952 73.6595 7
      vertex 102.538 75.592 7
      vertex 102.222 75.8259 7
    endloop
  endfacet
  facet normal 0 0 1
    outer loop
      vertex 103.696 70.9693 7
      vertex 101.386 71.926 7
      vertex 103.528 70.6144 7
    endloop
  endfacet
  facet normal 0 0 1
    outer loop
      vertex 100.833 73.7472 7
      vertex 102.222 75.8259 7
      vertex 101.886 76.0277 7
    endloop
  endfacet
  facet normal -0 0 1
    outer loop
      vertex 101.323 71.7929 7
      vertex 103.528 70.6144 7
      vertex 101.386 71.926 7
    endloop
  endfacet
  facet normal 0 0 1
    outer loop
      vertex 100.707 73.8229 7
      vertex 101.886 76.0277 7
      vertex 101.531 76.1955 7
    endloop
  endfacet
  facet normal 0 0 1
    outer loop
      vertex 103.528 70.6144 7
      vertex 101.323 71.7929 7
      vertex 103.326 70.2777 7
    endloop
  endfacet
  facet normal -0 0 1
    outer loop
      vertex 101.247 71.6666 7
      vertex 103.326 70.2777 7
      vertex 101.323 71.7929 7
    endloop
  endfacet
  facet normal 0 0 1
    outer loop
      vertex 103.981 72.8921 7
      vertex 101.493 72.647 7
      vertex 101.5 72.5 7
    endloop
  endfacet
  facet normal 0 0 1
    outer loop
      vertex 103.923 73.2804 7
      vertex 101.471 72.7926 7
      vertex 101.493 72.647 7
    endloop
  endfacet
  facet normal 0 0 1
    outer loop
      vertex 103.828 73.6611 7
      vertex 101.435 72.9354 7
      vertex 101.471 72.7926 7
    endloop
  endfacet
  facet normal 0 0 1
    outer loop
      vertex 103.696 74.0307 7
      vertex 101.386 73.074 7
      vertex 101.435 72.9354 7
    endloop
  endfacet
  facet normal 0 0 1
    outer loop
      vertex 103.528 74.3856 7
      vertex 101.323 73.2071 7
      vertex 101.386 73.074 7
    endloop
  endfacet
  facet normal 0 0 1
    outer loop
      vertex 103.326 74.7223 7
      vertex 101.247 73.3334 7
      vertex 101.323 73.2071 7
    endloop
  endfacet
  facet normal 0 0 1
    outer loop
      vertex 100.574 73.8858 7
      vertex 101.531 76.1955 7
      vertex 101.161 76.3278 7
    endloop
  endfacet
  facet normal 0 0 1
    outer loop
      vertex 103.092 75.0376 7
      vertex 101.16 73.4516 7
      vertex 101.247 73.3334 7
    endloop
  endfacet
  facet normal 0 0 1
    outer loop
      vertex 102.828 75.3284 7
      vertex 101.061 73.5607 7
      vertex 101.16 73.4516 7
    endloop
  endfacet
  facet normal 0 0 1
    outer loop
      vertex 102.538 75.592 7
      vertex 100.952 73.6595 7
      vertex 101.061 73.5607 7
    endloop
  endfacet
  facet normal 0 0 1
    outer loop
      vertex 102.222 75.8259 7
      vertex 100.833 73.7472 7
      vertex 100.952 73.6595 7
    endloop
  endfacet
  facet normal 0 0 1
    outer loop
      vertex 100.435 73.9354 7
      vertex 101.161 76.3278 7
      vertex 100.78 76.4231 7
    endloop
  endfacet
  facet normal 0 0 1
    outer loop
      vertex 101.886 76.0277 7
      vertex 100.707 73.8229 7
      vertex 100.833 73.7472 7
    endloop
  endfacet
  facet normal 0 0 1
    outer loop
      vertex 101.531 76.1955 7
      vertex 100.574 73.8858 7
      vertex 100.707 73.8229 7
    endloop
  endfacet
  facet normal 0 0 1
    outer loop
      vertex 101.161 76.3278 7
      vertex 100.435 73.9354 7
      vertex 100.574 73.8858 7
    endloop
  endfacet
  facet normal 0 0 1
    outer loop
      vertex 100.293 73.9712 7
      vertex 100.78 76.4231 7
      vertex 100.392 76.4807 7
    endloop
  endfacet
  facet normal 0 0 1
    outer loop
      vertex 100.78 76.4231 7
      vertex 100.293 73.9712 7
      vertex 100.435 73.9354 7
    endloop
  endfacet
  facet normal 0 0 1
    outer loop
      vertex 100.392 76.4807 7
      vertex 100.147 73.9928 7
      vertex 100.293 73.9712 7
    endloop
  endfacet
  facet normal 0 0 1
    outer loop
      vertex 100 76.5 7
      vertex 100.147 73.9928 7
      vertex 100.392 76.4807 7
    endloop
  endfacet
  facet normal 0 0 1
    outer loop
      vertex 100 76.5 7
      vertex 100 74 7
      vertex 100.147 73.9928 7
    endloop
  endfacet
  facet normal 0 0 1
    outer loop
      vertex 100 76.5 7
      vertex 99.853 73.9928 7
      vertex 100 74 7
    endloop
  endfacet
  facet normal -0 0 1
    outer loop
      vertex 99.6079 76.4807 7
      vertex 99.853 73.9928 7
      vertex 100 76.5 7
    endloop
  endfacet
  facet normal 0 0 1
    outer loop
      vertex 99.853 73.9928 7
      vertex 99.6079 76.4807 7
      vertex 99.7074 73.9712 7
    endloop
  endfacet
  facet normal -0 0 1
    outer loop
      vertex 99.2196 76.4231 7
      vertex 99.7074 73.9712 7
      vertex 99.6079 76.4807 7
    endloop
  endfacet
  facet normal 0 0 1
    outer loop
      vertex 99.7074 73.9712 7
      vertex 99.2196 76.4231 7
      vertex 99.5646 73.9354 7
    endloop
  endfacet
  facet normal -0 0 1
    outer loop
      vertex 98.8389 76.3278 7
      vertex 99.5646 73.9354 7
      vertex 99.2196 76.4231 7
    endloop
  endfacet
  facet normal 0 0 1
    outer loop
      vertex 99.5646 73.9354 7
      vertex 98.8389 76.3278 7
      vertex 99.426 73.8858 7
    endloop
  endfacet
  facet normal -0 0 1
    outer loop
      vertex 98.4693 76.1955 7
      vertex 99.426 73.8858 7
      vertex 98.8389 76.3278 7
    endloop
  endfacet
  facet normal 0 0 1
    outer loop
      vertex 99.426 73.8858 7
      vertex 98.4693 76.1955 7
      vertex 99.2929 73.8229 7
    endloop
  endfacet
  facet normal -0 0 1
    outer loop
      vertex 98.1144 76.0277 7
      vertex 99.2929 73.8229 7
      vertex 98.4693 76.1955 7
    endloop
  endfacet
  facet normal 0 0 1
    outer loop
      vertex 99.2929 73.8229 7
      vertex 98.1144 76.0277 7
      vertex 99.1666 73.7472 7
    endloop
  endfacet
  facet normal -0 0 1
    outer loop
      vertex 97.7777 75.8259 7
      vertex 99.1666 73.7472 7
      vertex 98.1144 76.0277 7
    endloop
  endfacet
  facet normal 0 0 1
    outer loop
      vertex 99.1666 73.7472 7
      vertex 97.7777 75.8259 7
      vertex 99.0484 73.6595 7
    endloop
  endfacet
  facet normal -0 0 1
    outer loop
      vertex 97.4624 75.592 7
      vertex 99.0484 73.6595 7
      vertex 97.7777 75.8259 7
    endloop
  endfacet
  facet normal 0 0 1
    outer loop
      vertex 99.0484 73.6595 7
      vertex 97.4624 75.592 7
      vertex 98.9393 73.5607 7
    endloop
  endfacet
  facet normal -0 0 1
    outer loop
      vertex 97.1716 75.3284 7
      vertex 98.9393 73.5607 7
      vertex 97.4624 75.592 7
    endloop
  endfacet
  facet normal 0 0 1
    outer loop
      vertex 98.9393 73.5607 7
      vertex 97.1716 75.3284 7
      vertex 98.8405 73.4516 7
    endloop
  endfacet
  facet normal -0 0 1
    outer loop
      vertex 96.908 75.0376 7
      vertex 98.8405 73.4516 7
      vertex 97.1716 75.3284 7
    endloop
  endfacet
  facet normal -0 0 1
    outer loop
      vertex 96.6741 74.7223 7
      vertex 98.7528 73.3334 7
      vertex 96.908 75.0376 7
    endloop
  endfacet
  facet normal 0 0 1
    outer loop
      vertex 98.8405 73.4516 7
      vertex 96.908 75.0376 7
      vertex 98.7528 73.3334 7
    endloop
  endfacet
  facet normal 0 0 1
    outer loop
      vertex 103.326 70.2777 7
      vertex 101.247 71.6666 7
      vertex 103.092 69.9624 7
    endloop
  endfacet
  facet normal -0 0 1
    outer loop
      vertex 101.16 71.5484 7
      vertex 103.092 69.9624 7
      vertex 101.247 71.6666 7
    endloop
  endfacet
  facet normal 0 0 1
    outer loop
      vertex 103.092 69.9624 7
      vertex 101.16 71.5484 7
      vertex 102.828 69.6716 7
    endloop
  endfacet
  facet normal -0 0 1
    outer loop
      vertex 101.061 71.4393 7
      vertex 102.828 69.6716 7
      vertex 101.16 71.5484 7
    endloop
  endfacet
  facet normal 0 0 1
    outer loop
      vertex 102.828 69.6716 7
      vertex 101.061 71.4393 7
      vertex 102.538 69.408 7
    endloop
  endfacet
  facet normal -0 0 1
    outer loop
      vertex 100.952 71.3405 7
      vertex 102.538 69.408 7
      vertex 101.061 71.4393 7
    endloop
  endfacet
  facet normal 0 0 1
    outer loop
      vertex 102.538 69.408 7
      vertex 100.952 71.3405 7
      vertex 102.222 69.1741 7
    endloop
  endfacet
  facet normal -0 0 1
    outer loop
      vertex 100.833 71.2528 7
      vertex 102.222 69.1741 7
      vertex 100.952 71.3405 7
    endloop
  endfacet
  facet normal 0 0 1
    outer loop
      vertex 102.222 69.1741 7
      vertex 100.833 71.2528 7
      vertex 101.886 68.9723 7
    endloop
  endfacet
  facet normal -0 0 1
    outer loop
      vertex 100.707 71.1771 7
      vertex 101.886 68.9723 7
      vertex 100.833 71.2528 7
    endloop
  endfacet
  facet normal 0 0 1
    outer loop
      vertex 101.886 68.9723 7
      vertex 100.707 71.1771 7
      vertex 101.531 68.8045 7
    endloop
  endfacet
  facet normal -0 0 1
    outer loop
      vertex 100.574 71.1142 7
      vertex 101.531 68.8045 7
      vertex 100.707 71.1771 7
    endloop
  endfacet
  facet normal 0 0 1
    outer loop
      vertex 101.531 68.8045 7
      vertex 100.574 71.1142 7
      vertex 101.161 68.6722 7
    endloop
  endfacet
  facet normal -0 0 1
    outer loop
      vertex 100.435 71.0646 7
      vertex 101.161 68.6722 7
      vertex 100.574 71.1142 7
    endloop
  endfacet
  facet normal 0 0 1
    outer loop
      vertex 101.161 68.6722 7
      vertex 100.435 71.0646 7
      vertex 100.78 68.5769 7
    endloop
  endfacet
  facet normal -0 0 1
    outer loop
      vertex 100.293 71.0288 7
      vertex 100.78 68.5769 7
      vertex 100.435 71.0646 7
    endloop
  endfacet
  facet normal 0 0 1
    outer loop
      vertex 100.78 68.5769 7
      vertex 100.293 71.0288 7
      vertex 100.392 68.5193 7
    endloop
  endfacet
  facet normal -0 0 1
    outer loop
      vertex 100.147 71.0072 7
      vertex 100.392 68.5193 7
      vertex 100.293 71.0288 7
    endloop
  endfacet
  facet normal -0 0 1
    outer loop
      vertex 100 71 7
      vertex 100.392 68.5193 7
      vertex 100.147 71.0072 7
    endloop
  endfacet
  facet normal 0 0 1
    outer loop
      vertex 100 71 7
      vertex 100 68.5 7
      vertex 100.392 68.5193 7
    endloop
  endfacet
  facet normal 0 0 1
    outer loop
      vertex 99.853 71.0072 7
      vertex 100 68.5 7
      vertex 100 71 7
    endloop
  endfacet
  facet normal 0 0 1
    outer loop
      vertex 99.6079 68.5193 7
      vertex 99.853 71.0072 7
      vertex 99.7074 71.0288 7
    endloop
  endfacet
  facet normal 0 0 1
    outer loop
      vertex 99.853 71.0072 7
      vertex 99.6079 68.5193 7
      vertex 100 68.5 7
    endloop
  endfacet
  facet normal 0 0 1
    outer loop
      vertex 99.2196 68.5769 7
      vertex 99.7074 71.0288 7
      vertex 99.5646 71.0646 7
    endloop
  endfacet
  facet normal 0 0 1
    outer loop
      vertex 98.8389 68.6722 7
      vertex 99.5646 71.0646 7
      vertex 99.426 71.1142 7
    endloop
  endfacet
  facet normal 0 0 1
    outer loop
      vertex 98.4693 68.8045 7
      vertex 99.426 71.1142 7
      vertex 99.2929 71.1771 7
    endloop
  endfacet
  facet normal 0 0 1
    outer loop
      vertex 99.7074 71.0288 7
      vertex 99.2196 68.5769 7
      vertex 99.6079 68.5193 7
    endloop
  endfacet
  facet normal 0 0 1
    outer loop
      vertex 98.1144 68.9723 7
      vertex 99.2929 71.1771 7
      vertex 99.1666 71.2528 7
    endloop
  endfacet
  facet normal 0 0 1
    outer loop
      vertex 97.7777 69.1741 7
      vertex 99.1666 71.2528 7
      vertex 99.0484 71.3405 7
    endloop
  endfacet
  facet normal 0 0 1
    outer loop
      vertex 97.4624 69.408 7
      vertex 99.0484 71.3405 7
      vertex 98.9393 71.4393 7
    endloop
  endfacet
  facet normal 0 0 1
    outer loop
      vertex 97.1716 69.6716 7
      vertex 98.9393 71.4393 7
      vertex 98.8405 71.5484 7
    endloop
  endfacet
  facet normal 0 0 1
    outer loop
      vertex 99.5646 71.0646 7
      vertex 98.8389 68.6722 7
      vertex 99.2196 68.5769 7
    endloop
  endfacet
  facet normal 0 0 1
    outer loop
      vertex 96.908 69.9624 7
      vertex 98.8405 71.5484 7
      vertex 98.7528 71.6666 7
    endloop
  endfacet
  facet normal 0 0 1
    outer loop
      vertex 96.6741 70.2777 7
      vertex 98.7528 71.6666 7
      vertex 98.6771 71.7929 7
    endloop
  endfacet
  facet normal 0 0 1
    outer loop
      vertex 96.4723 70.6144 7
      vertex 98.6771 71.7929 7
      vertex 98.6142 71.926 7
    endloop
  endfacet
  facet normal 0 0 1
    outer loop
      vertex 96.3045 70.9693 7
      vertex 98.6142 71.926 7
      vertex 98.5646 72.0646 7
    endloop
  endfacet
  facet normal 0 0 1
    outer loop
      vertex 96.1722 71.3389 7
      vertex 98.5646 72.0646 7
      vertex 98.5288 72.2074 7
    endloop
  endfacet
  facet normal 0 0 1
    outer loop
      vertex 96.0769 71.7196 7
      vertex 98.5288 72.2074 7
      vertex 98.5072 72.353 7
    endloop
  endfacet
  facet normal 0 0 1
    outer loop
      vertex 99.426 71.1142 7
      vertex 98.4693 68.8045 7
      vertex 98.8389 68.6722 7
    endloop
  endfacet
  facet normal 0 0 1
    outer loop
      vertex 96.0193 72.1079 7
      vertex 98.5072 72.353 7
      vertex 98.5 72.5 7
    endloop
  endfacet
  facet normal 0 0 1
    outer loop
      vertex 98.7528 73.3334 7
      vertex 96.6741 74.7223 7
      vertex 98.6771 73.2071 7
    endloop
  endfacet
  facet normal -0 0 1
    outer loop
      vertex 96.4723 74.3856 7
      vertex 98.6771 73.2071 7
      vertex 96.6741 74.7223 7
    endloop
  endfacet
  facet normal 0 0 1
    outer loop
      vertex 99.2929 71.1771 7
      vertex 98.1144 68.9723 7
      vertex 98.4693 68.8045 7
    endloop
  endfacet
  facet normal 0 0 1
    outer loop
      vertex 98.6771 73.2071 7
      vertex 96.4723 74.3856 7
      vertex 98.6142 73.074 7
    endloop
  endfacet
  facet normal 0 0 1
    outer loop
      vertex 99.1666 71.2528 7
      vertex 97.7777 69.1741 7
      vertex 98.1144 68.9723 7
    endloop
  endfacet
  facet normal -0 0 1
    outer loop
      vertex 96.3045 74.0307 7
      vertex 98.6142 73.074 7
      vertex 96.4723 74.3856 7
    endloop
  endfacet
  facet normal 0 0 1
    outer loop
      vertex 99.0484 71.3405 7
      vertex 97.4624 69.408 7
      vertex 97.7777 69.1741 7
    endloop
  endfacet
  facet normal 0 0 1
    outer loop
      vertex 98.6142 73.074 7
      vertex 96.3045 74.0307 7
      vertex 98.5646 72.9354 7
    endloop
  endfacet
  facet normal 0 0 1
    outer loop
      vertex 98.9393 71.4393 7
      vertex 97.1716 69.6716 7
      vertex 97.4624 69.408 7
    endloop
  endfacet
  facet normal -0 0 1
    outer loop
      vertex 96.1722 73.6611 7
      vertex 98.5646 72.9354 7
      vertex 96.3045 74.0307 7
    endloop
  endfacet
  facet normal 0 0 1
    outer loop
      vertex 98.8405 71.5484 7
      vertex 96.908 69.9624 7
      vertex 97.1716 69.6716 7
    endloop
  endfacet
  facet normal 0 0 1
    outer loop
      vertex 98.5646 72.9354 7
      vertex 96.1722 73.6611 7
      vertex 98.5288 72.7926 7
    endloop
  endfacet
  facet normal 0 0 1
    outer loop
      vertex 98.7528 71.6666 7
      vertex 96.6741 70.2777 7
      vertex 96.908 69.9624 7
    endloop
  endfacet
  facet normal -0 0 1
    outer loop
      vertex 96.0769 73.2804 7
      vertex 98.5288 72.7926 7
      vertex 96.1722 73.6611 7
    endloop
  endfacet
  facet normal 0 0 1
    outer loop
      vertex 98.6771 71.7929 7
      vertex 96.4723 70.6144 7
      vertex 96.6741 70.2777 7
    endloop
  endfacet
  facet normal 0 0 1
    outer loop
      vertex 98.5288 72.7926 7
      vertex 96.0769 73.2804 7
      vertex 98.5072 72.647 7
    endloop
  endfacet
  facet normal 0 0 1
    outer loop
      vertex 98.6142 71.926 7
      vertex 96.3045 70.9693 7
      vertex 96.4723 70.6144 7
    endloop
  endfacet
  facet normal -0 0 1
    outer loop
      vertex 96.0193 72.8921 7
      vertex 98.5072 72.647 7
      vertex 96.0769 73.2804 7
    endloop
  endfacet
  facet normal 0 0 1
    outer loop
      vertex 98.5646 72.0646 7
      vertex 96.1722 71.3389 7
      vertex 96.3045 70.9693 7
    endloop
  endfacet
  facet normal 0 0 1
    outer loop
      vertex 98.5072 72.647 7
      vertex 96.0193 72.8921 7
      vertex 98.5 72.5 7
    endloop
  endfacet
  facet normal 0 0 1
    outer loop
      vertex 98.5288 72.2074 7
      vertex 96.0769 71.7196 7
      vertex 96.1722 71.3389 7
    endloop
  endfacet
  facet normal 0 0 1
    outer loop
      vertex 96 72.5 7
      vertex 98.5 72.5 7
      vertex 96.0193 72.8921 7
    endloop
  endfacet
  facet normal 0 0 1
    outer loop
      vertex 98.5072 72.353 7
      vertex 96.0193 72.1079 7
      vertex 96.0769 71.7196 7
    endloop
  endfacet
  facet normal 0 0 1
    outer loop
      vertex 98.5 72.5 7
      vertex 96 72.5 7
      vertex 96.0193 72.1079 7
    endloop
  endfacet
  facet normal -0.988776 -0.149403 0
    outer loop
      vertex 101.493 72.647 3
      vertex 101.471 72.7926 7
      vertex 101.471 72.7926 3
    endloop
  endfacet
  facet normal -0.988776 -0.149403 0
    outer loop
      vertex 101.471 72.7926 7
      vertex 101.493 72.647 3
      vertex 101.493 72.647 7
    endloop
  endfacet
  facet normal -0.998868 -0.0475651 0
    outer loop
      vertex 101.5 72.5 3
      vertex 101.493 72.647 7
      vertex 101.493 72.647 3
    endloop
  endfacet
  facet normal -0.998868 -0.0475651 0
    outer loop
      vertex 101.493 72.647 7
      vertex 101.5 72.5 3
      vertex 101.5 72.5 7
    endloop
  endfacet
  facet normal -0.969661 -0.244452 0
    outer loop
      vertex 101.471 72.7926 3
      vertex 101.435 72.9354 7
      vertex 101.435 72.9354 3
    endloop
  endfacet
  facet normal -0.969661 -0.244452 0
    outer loop
      vertex 101.435 72.9354 7
      vertex 101.471 72.7926 3
      vertex 101.471 72.7926 7
    endloop
  endfacet
  facet normal -0.427531 0.904001 0
    outer loop
      vertex 100.707 71.1771 3
      vertex 100.574 71.1142 7
      vertex 100.707 71.1771 7
    endloop
  endfacet
  facet normal -0.427531 0.904001 0
    outer loop
      vertex 100.574 71.1142 7
      vertex 100.707 71.1771 3
      vertex 100.574 71.1142 3
    endloop
  endfacet
  facet normal 0.595861 -0.803088 0
    outer loop
      vertex 99.0484 73.6595 3
      vertex 99.1666 73.7472 7
      vertex 99.0484 73.6595 7
    endloop
  endfacet
  facet normal 0.595861 -0.803088 0
    outer loop
      vertex 99.1666 73.7472 7
      vertex 99.0484 73.6595 3
      vertex 99.1666 73.7472 3
    endloop
  endfacet
  facet normal 0.904125 -0.427269 0
    outer loop
      vertex 98.6142 73.074 7
      vertex 98.6771 73.2071 3
      vertex 98.6771 73.2071 7
    endloop
  endfacet
  facet normal 0.904125 -0.427269 0
    outer loop
      vertex 98.6771 73.2071 3
      vertex 98.6142 73.074 7
      vertex 98.6142 73.074 3
    endloop
  endfacet
  facet normal 0.969982 -0.243175 0
    outer loop
      vertex 98.5288 72.7926 7
      vertex 98.5646 72.9354 3
      vertex 98.5646 72.9354 7
    endloop
  endfacet
  facet normal 0.969982 -0.243175 0
    outer loop
      vertex 98.5646 72.9354 3
      vertex 98.5288 72.7926 7
      vertex 98.5288 72.7926 3
    endloop
  endfacet
  facet normal -0.514996 0.857193 0
    outer loop
      vertex 100.833 71.2528 3
      vertex 100.707 71.1771 7
      vertex 100.833 71.2528 7
    endloop
  endfacet
  facet normal -0.514996 0.857193 0
    outer loop
      vertex 100.707 71.1771 7
      vertex 100.833 71.2528 3
      vertex 100.707 71.1771 3
    endloop
  endfacet
  facet normal -0.244463 0.969659 0
    outer loop
      vertex 100.435 71.0646 3
      vertex 100.293 71.0288 7
      vertex 100.435 71.0646 7
    endloop
  endfacet
  facet normal -0.244463 0.969659 0
    outer loop
      vertex 100.293 71.0288 7
      vertex 100.435 71.0646 3
      vertex 100.293 71.0288 3
    endloop
  endfacet
  facet normal -0.0489209 -0.998803 0
    outer loop
      vertex 100 74 3
      vertex 100.147 73.9928 7
      vertex 100 74 7
    endloop
  endfacet
  facet normal -0.0489209 -0.998803 -0
    outer loop
      vertex 100.147 73.9928 7
      vertex 100 74 3
      vertex 100.147 73.9928 3
    endloop
  endfacet
  facet normal -0.146352 -0.989233 0
    outer loop
      vertex 100.147 73.9928 3
      vertex 100.293 73.9712 7
      vertex 100.147 73.9928 7
    endloop
  endfacet
  facet normal -0.146352 -0.989233 -0
    outer loop
      vertex 100.293 73.9712 7
      vertex 100.147 73.9928 3
      vertex 100.293 73.9712 3
    endloop
  endfacet
  facet normal -0.427531 -0.904001 0
    outer loop
      vertex 100.574 73.8858 3
      vertex 100.707 73.8229 7
      vertex 100.574 73.8858 7
    endloop
  endfacet
  facet normal -0.427531 -0.904001 -0
    outer loop
      vertex 100.707 73.8229 7
      vertex 100.574 73.8858 3
      vertex 100.707 73.8229 3
    endloop
  endfacet
  facet normal -0.146352 0.989233 0
    outer loop
      vertex 100.293 71.0288 3
      vertex 100.147 71.0072 7
      vertex 100.293 71.0288 7
    endloop
  endfacet
  facet normal -0.146352 0.989233 0
    outer loop
      vertex 100.147 71.0072 7
      vertex 100.293 71.0288 3
      vertex 100.147 71.0072 3
    endloop
  endfacet
  facet normal -0.805364 0.592781 0
    outer loop
      vertex 101.16 71.5484 3
      vertex 101.247 71.6666 7
      vertex 101.247 71.6666 3
    endloop
  endfacet
  facet normal -0.805364 0.592781 0
    outer loop
      vertex 101.247 71.6666 7
      vertex 101.16 71.5484 3
      vertex 101.16 71.5484 7
    endloop
  endfacet
  facet normal 0.74123 0.671251 0
    outer loop
      vertex 98.9393 71.4393 7
      vertex 98.8405 71.5484 3
      vertex 98.8405 71.5484 7
    endloop
  endfacet
  facet normal 0.74123 0.671251 0
    outer loop
      vertex 98.8405 71.5484 3
      vertex 98.9393 71.4393 7
      vertex 98.9393 71.4393 3
    endloop
  endfacet
  facet normal 0.514096 -0.857733 0
    outer loop
      vertex 99.1666 73.7472 3
      vertex 99.2929 73.8229 7
      vertex 99.1666 73.7472 7
    endloop
  endfacet
  facet normal 0.514096 -0.857733 0
    outer loop
      vertex 99.2929 73.8229 7
      vertex 99.1666 73.7472 3
      vertex 99.2929 73.8229 3
    endloop
  endfacet
  facet normal -0.988776 0.149403 0
    outer loop
      vertex 101.471 72.2074 3
      vertex 101.493 72.353 7
      vertex 101.493 72.353 3
    endloop
  endfacet
  facet normal -0.988776 0.149403 0
    outer loop
      vertex 101.493 72.353 7
      vertex 101.471 72.2074 3
      vertex 101.471 72.2074 7
    endloop
  endfacet
  facet normal 0.146746 0.989174 -0
    outer loop
      vertex 99.853 71.0072 3
      vertex 99.7074 71.0288 7
      vertex 99.853 71.0072 7
    endloop
  endfacet
  facet normal 0.146746 0.989174 0
    outer loop
      vertex 99.7074 71.0288 7
      vertex 99.853 71.0072 3
      vertex 99.7074 71.0288 3
    endloop
  endfacet
  facet normal -0.593268 0.805005 0
    outer loop
      vertex 100.952 71.3405 3
      vertex 100.833 71.2528 7
      vertex 100.952 71.3405 7
    endloop
  endfacet
  facet normal -0.593268 0.805005 0
    outer loop
      vertex 100.833 71.2528 7
      vertex 100.952 71.3405 3
      vertex 100.833 71.2528 3
    endloop
  endfacet
  facet normal 0.0489209 0.998803 -0
    outer loop
      vertex 100 71 3
      vertex 99.853 71.0072 7
      vertex 100 71 7
    endloop
  endfacet
  facet normal 0.0489209 0.998803 0
    outer loop
      vertex 99.853 71.0072 7
      vertex 100 71 3
      vertex 99.853 71.0072 3
    endloop
  endfacet
  facet normal -0.593268 -0.805005 0
    outer loop
      vertex 100.833 73.7472 3
      vertex 100.952 73.6595 7
      vertex 100.833 73.7472 7
    endloop
  endfacet
  facet normal -0.593268 -0.805005 -0
    outer loop
      vertex 100.952 73.6595 7
      vertex 100.833 73.7472 3
      vertex 100.952 73.6595 3
    endloop
  endfacet
  facet normal -0.969661 0.244452 0
    outer loop
      vertex 101.435 72.0646 3
      vertex 101.471 72.2074 7
      vertex 101.471 72.2074 3
    endloop
  endfacet
  facet normal -0.969661 0.244452 0
    outer loop
      vertex 101.471 72.2074 7
      vertex 101.435 72.0646 3
      vertex 101.435 72.0646 7
    endloop
  endfacet
  facet normal 0.989174 -0.146746 0
    outer loop
      vertex 98.5072 72.647 7
      vertex 98.5288 72.7926 3
      vertex 98.5288 72.7926 7
    endloop
  endfacet
  facet normal 0.989174 -0.146746 0
    outer loop
      vertex 98.5288 72.7926 3
      vertex 98.5072 72.647 7
      vertex 98.5072 72.647 3
    endloop
  endfacet
  facet normal 0.857733 -0.514096 0
    outer loop
      vertex 98.6771 73.2071 7
      vertex 98.7528 73.3334 3
      vertex 98.7528 73.3334 7
    endloop
  endfacet
  facet normal 0.857733 -0.514096 0
    outer loop
      vertex 98.7528 73.3334 3
      vertex 98.6771 73.2071 7
      vertex 98.6771 73.2071 3
    endloop
  endfacet
  facet normal 0.941527 0.336939 0
    outer loop
      vertex 98.6142 71.926 7
      vertex 98.5646 72.0646 3
      vertex 98.5646 72.0646 7
    endloop
  endfacet
  facet normal 0.941527 0.336939 0
    outer loop
      vertex 98.5646 72.0646 3
      vertex 98.6142 71.926 7
      vertex 98.6142 71.926 3
    endloop
  endfacet
  facet normal 0.146746 -0.989174 0
    outer loop
      vertex 99.7074 73.9712 3
      vertex 99.853 73.9928 7
      vertex 99.7074 73.9712 7
    endloop
  endfacet
  facet normal 0.146746 -0.989174 0
    outer loop
      vertex 99.853 73.9928 7
      vertex 99.7074 73.9712 3
      vertex 99.853 73.9928 3
    endloop
  endfacet
  facet normal -0.805364 -0.592781 0
    outer loop
      vertex 101.247 73.3334 3
      vertex 101.16 73.4516 7
      vertex 101.16 73.4516 3
    endloop
  endfacet
  facet normal -0.805364 -0.592781 0
    outer loop
      vertex 101.16 73.4516 7
      vertex 101.247 73.3334 3
      vertex 101.247 73.3334 7
    endloop
  endfacet
  facet normal 0.969982 0.243175 0
    outer loop
      vertex 98.5646 72.0646 7
      vertex 98.5288 72.2074 3
      vertex 98.5288 72.2074 7
    endloop
  endfacet
  facet normal 0.969982 0.243175 0
    outer loop
      vertex 98.5288 72.2074 3
      vertex 98.5646 72.0646 7
      vertex 98.5646 72.0646 3
    endloop
  endfacet
  facet normal 0.998803 0.0489209 0
    outer loop
      vertex 98.5072 72.353 7
      vertex 98.5 72.5 3
      vertex 98.5 72.5 7
    endloop
  endfacet
  facet normal 0.998803 0.0489209 0
    outer loop
      vertex 98.5 72.5 3
      vertex 98.5072 72.353 7
      vertex 98.5072 72.353 3
    endloop
  endfacet
  facet normal -0.514996 -0.857193 0
    outer loop
      vertex 100.707 73.8229 3
      vertex 100.833 73.7472 7
      vertex 100.707 73.8229 7
    endloop
  endfacet
  facet normal -0.514996 -0.857193 -0
    outer loop
      vertex 100.833 73.7472 7
      vertex 100.707 73.8229 3
      vertex 100.833 73.7472 3
    endloop
  endfacet
  facet normal -0.998868 0.0475651 0
    outer loop
      vertex 101.493 72.353 3
      vertex 101.5 72.5 7
      vertex 101.5 72.5 3
    endloop
  endfacet
  facet normal -0.998868 0.0475651 0
    outer loop
      vertex 101.5 72.5 7
      vertex 101.493 72.353 3
      vertex 101.493 72.353 7
    endloop
  endfacet
  facet normal -0.903862 0.427824 0
    outer loop
      vertex 101.323 71.7929 3
      vertex 101.386 71.926 7
      vertex 101.386 71.926 3
    endloop
  endfacet
  facet normal -0.903862 0.427824 0
    outer loop
      vertex 101.386 71.926 7
      vertex 101.323 71.7929 3
      vertex 101.323 71.7929 7
    endloop
  endfacet
  facet normal -0.856834 -0.515593 0
    outer loop
      vertex 101.323 73.2071 3
      vertex 101.247 73.3334 7
      vertex 101.247 73.3334 3
    endloop
  endfacet
  facet normal -0.856834 -0.515593 0
    outer loop
      vertex 101.247 73.3334 7
      vertex 101.323 73.2071 3
      vertex 101.323 73.2071 7
    endloop
  endfacet
  facet normal -0.740554 -0.671997 0
    outer loop
      vertex 101.16 73.4516 3
      vertex 101.061 73.5607 7
      vertex 101.061 73.5607 3
    endloop
  endfacet
  facet normal -0.740554 -0.671997 0
    outer loop
      vertex 101.061 73.5607 7
      vertex 101.16 73.4516 3
      vertex 101.16 73.4516 7
    endloop
  endfacet
  facet normal 0.0489209 -0.998803 0
    outer loop
      vertex 99.853 73.9928 3
      vertex 100 74 7
      vertex 99.853 73.9928 7
    endloop
  endfacet
  facet normal 0.0489209 -0.998803 0
    outer loop
      vertex 100 74 7
      vertex 99.853 73.9928 3
      vertex 100 74 3
    endloop
  endfacet
  facet normal 0.74123 -0.671251 0
    outer loop
      vertex 98.8405 73.4516 7
      vertex 98.9393 73.5607 3
      vertex 98.9393 73.5607 7
    endloop
  endfacet
  facet normal 0.74123 -0.671251 0
    outer loop
      vertex 98.9393 73.5607 3
      vertex 98.8405 73.4516 7
      vertex 98.8405 73.4516 3
    endloop
  endfacet
  facet normal 0.671251 0.74123 -0
    outer loop
      vertex 99.0484 71.3405 3
      vertex 98.9393 71.4393 7
      vertex 99.0484 71.3405 7
    endloop
  endfacet
  facet normal 0.671251 0.74123 0
    outer loop
      vertex 98.9393 71.4393 7
      vertex 99.0484 71.3405 3
      vertex 98.9393 71.4393 3
    endloop
  endfacet
  facet normal -0.0489209 0.998803 0
    outer loop
      vertex 100.147 71.0072 3
      vertex 100 71 7
      vertex 100.147 71.0072 7
    endloop
  endfacet
  facet normal -0.0489209 0.998803 0
    outer loop
      vertex 100 71 7
      vertex 100.147 71.0072 3
      vertex 100 71 3
    endloop
  endfacet
  facet normal -0.942814 -0.333318 0
    outer loop
      vertex 101.435 72.9354 3
      vertex 101.386 73.074 7
      vertex 101.386 73.074 3
    endloop
  endfacet
  facet normal -0.942814 -0.333318 0
    outer loop
      vertex 101.386 73.074 7
      vertex 101.435 72.9354 3
      vertex 101.435 72.9354 7
    endloop
  endfacet
  facet normal -0.856834 0.515593 0
    outer loop
      vertex 101.247 71.6666 3
      vertex 101.323 71.7929 7
      vertex 101.323 71.7929 3
    endloop
  endfacet
  facet normal -0.856834 0.515593 0
    outer loop
      vertex 101.323 71.7929 7
      vertex 101.247 71.6666 3
      vertex 101.247 71.6666 7
    endloop
  endfacet
  facet normal -0.671589 -0.740924 0
    outer loop
      vertex 100.952 73.6595 3
      vertex 101.061 73.5607 7
      vertex 100.952 73.6595 7
    endloop
  endfacet
  facet normal -0.671589 -0.740924 -0
    outer loop
      vertex 101.061 73.5607 7
      vertex 100.952 73.6595 3
      vertex 101.061 73.5607 3
    endloop
  endfacet
  facet normal 0.243175 -0.969982 0
    outer loop
      vertex 99.5646 73.9354 3
      vertex 99.7074 73.9712 7
      vertex 99.5646 73.9354 7
    endloop
  endfacet
  facet normal 0.243175 -0.969982 0
    outer loop
      vertex 99.7074 73.9712 7
      vertex 99.5646 73.9354 3
      vertex 99.7074 73.9712 3
    endloop
  endfacet
  facet normal -0.942814 0.333318 0
    outer loop
      vertex 101.386 71.926 3
      vertex 101.435 72.0646 7
      vertex 101.435 72.0646 3
    endloop
  endfacet
  facet normal -0.942814 0.333318 0
    outer loop
      vertex 101.435 72.0646 7
      vertex 101.386 71.926 3
      vertex 101.386 71.926 7
    endloop
  endfacet
  facet normal -0.336079 0.941834 0
    outer loop
      vertex 100.574 71.1142 3
      vertex 100.435 71.0646 7
      vertex 100.574 71.1142 7
    endloop
  endfacet
  facet normal -0.336079 0.941834 0
    outer loop
      vertex 100.435 71.0646 7
      vertex 100.574 71.1142 3
      vertex 100.435 71.0646 3
    endloop
  endfacet
  facet normal 0.427269 -0.904125 0
    outer loop
      vertex 99.2929 73.8229 3
      vertex 99.426 73.8858 7
      vertex 99.2929 73.8229 7
    endloop
  endfacet
  facet normal 0.427269 -0.904125 0
    outer loop
      vertex 99.426 73.8858 7
      vertex 99.2929 73.8229 3
      vertex 99.426 73.8858 3
    endloop
  endfacet
  facet normal -0.903862 -0.427824 0
    outer loop
      vertex 101.386 73.074 3
      vertex 101.323 73.2071 7
      vertex 101.323 73.2071 3
    endloop
  endfacet
  facet normal -0.903862 -0.427824 0
    outer loop
      vertex 101.323 73.2071 7
      vertex 101.386 73.074 3
      vertex 101.386 73.074 7
    endloop
  endfacet
  facet normal 0.671251 -0.74123 0
    outer loop
      vertex 98.9393 73.5607 3
      vertex 99.0484 73.6595 7
      vertex 98.9393 73.5607 7
    endloop
  endfacet
  facet normal 0.671251 -0.74123 0
    outer loop
      vertex 99.0484 73.6595 7
      vertex 98.9393 73.5607 3
      vertex 99.0484 73.6595 3
    endloop
  endfacet
  facet normal -0.336079 -0.941834 0
    outer loop
      vertex 100.435 73.9354 3
      vertex 100.574 73.8858 7
      vertex 100.435 73.9354 7
    endloop
  endfacet
  facet normal -0.336079 -0.941834 -0
    outer loop
      vertex 100.574 73.8858 7
      vertex 100.435 73.9354 3
      vertex 100.574 73.8858 3
    endloop
  endfacet
  facet normal 0.336939 -0.941527 0
    outer loop
      vertex 99.426 73.8858 3
      vertex 99.5646 73.9354 7
      vertex 99.426 73.8858 7
    endloop
  endfacet
  facet normal 0.336939 -0.941527 0
    outer loop
      vertex 99.5646 73.9354 7
      vertex 99.426 73.8858 3
      vertex 99.5646 73.9354 3
    endloop
  endfacet
  facet normal 0.857733 0.514096 0
    outer loop
      vertex 98.7528 71.6666 7
      vertex 98.6771 71.7929 3
      vertex 98.6771 71.7929 7
    endloop
  endfacet
  facet normal 0.857733 0.514096 0
    outer loop
      vertex 98.6771 71.7929 3
      vertex 98.7528 71.6666 7
      vertex 98.7528 71.6666 3
    endloop
  endfacet
  facet normal 0.514096 0.857733 -0
    outer loop
      vertex 99.2929 71.1771 3
      vertex 99.1666 71.2528 7
      vertex 99.2929 71.1771 7
    endloop
  endfacet
  facet normal 0.514096 0.857733 0
    outer loop
      vertex 99.1666 71.2528 7
      vertex 99.2929 71.1771 3
      vertex 99.1666 71.2528 3
    endloop
  endfacet
  facet normal -0.244463 -0.969659 0
    outer loop
      vertex 100.293 73.9712 3
      vertex 100.435 73.9354 7
      vertex 100.293 73.9712 7
    endloop
  endfacet
  facet normal -0.244463 -0.969659 -0
    outer loop
      vertex 100.435 73.9354 7
      vertex 100.293 73.9712 3
      vertex 100.435 73.9354 3
    endloop
  endfacet
  facet normal 0.427269 0.904125 -0
    outer loop
      vertex 99.426 71.1142 3
      vertex 99.2929 71.1771 7
      vertex 99.426 71.1142 7
    endloop
  endfacet
  facet normal 0.427269 0.904125 0
    outer loop
      vertex 99.2929 71.1771 7
      vertex 99.426 71.1142 3
      vertex 99.2929 71.1771 3
    endloop
  endfacet
  facet normal 0.803088 0.595861 0
    outer loop
      vertex 98.8405 71.5484 7
      vertex 98.7528 71.6666 3
      vertex 98.7528 71.6666 7
    endloop
  endfacet
  facet normal 0.803088 0.595861 0
    outer loop
      vertex 98.7528 71.6666 3
      vertex 98.8405 71.5484 7
      vertex 98.8405 71.5484 3
    endloop
  endfacet
  facet normal 0.243175 0.969982 -0
    outer loop
      vertex 99.7074 71.0288 3
      vertex 99.5646 71.0646 7
      vertex 99.7074 71.0288 7
    endloop
  endfacet
  facet normal 0.243175 0.969982 0
    outer loop
      vertex 99.5646 71.0646 7
      vertex 99.7074 71.0288 3
      vertex 99.5646 71.0646 3
    endloop
  endfacet
  facet normal 0.989174 0.146746 0
    outer loop
      vertex 98.5288 72.2074 7
      vertex 98.5072 72.353 3
      vertex 98.5072 72.353 7
    endloop
  endfacet
  facet normal 0.989174 0.146746 0
    outer loop
      vertex 98.5072 72.353 3
      vertex 98.5288 72.2074 7
      vertex 98.5288 72.2074 3
    endloop
  endfacet
  facet normal 0.595861 0.803088 -0
    outer loop
      vertex 99.1666 71.2528 3
      vertex 99.0484 71.3405 7
      vertex 99.1666 71.2528 7
    endloop
  endfacet
  facet normal 0.595861 0.803088 0
    outer loop
      vertex 99.0484 71.3405 7
      vertex 99.1666 71.2528 3
      vertex 99.0484 71.3405 3
    endloop
  endfacet
  facet normal 0.904125 0.427269 0
    outer loop
      vertex 98.6771 71.7929 7
      vertex 98.6142 71.926 3
      vertex 98.6142 71.926 7
    endloop
  endfacet
  facet normal 0.904125 0.427269 0
    outer loop
      vertex 98.6142 71.926 3
      vertex 98.6771 71.7929 7
      vertex 98.6771 71.7929 3
    endloop
  endfacet
  facet normal 0.941527 -0.336939 0
    outer loop
      vertex 98.5646 72.9354 7
      vertex 98.6142 73.074 3
      vertex 98.6142 73.074 7
    endloop
  endfacet
  facet normal 0.941527 -0.336939 0
    outer loop
      vertex 98.6142 73.074 3
      vertex 98.5646 72.9354 7
      vertex 98.5646 72.9354 3
    endloop
  endfacet
  facet normal 0.803088 -0.595861 0
    outer loop
      vertex 98.7528 73.3334 7
      vertex 98.8405 73.4516 3
      vertex 98.8405 73.4516 7
    endloop
  endfacet
  facet normal 0.803088 -0.595861 0
    outer loop
      vertex 98.8405 73.4516 3
      vertex 98.7528 73.3334 7
      vertex 98.7528 73.3334 3
    endloop
  endfacet
  facet normal 0.998803 -0.0489209 0
    outer loop
      vertex 98.5 72.5 7
      vertex 98.5072 72.647 3
      vertex 98.5072 72.647 7
    endloop
  endfacet
  facet normal 0.998803 -0.0489209 0
    outer loop
      vertex 98.5072 72.647 3
      vertex 98.5 72.5 7
      vertex 98.5 72.5 3
    endloop
  endfacet
  facet normal 0.336939 0.941527 -0
    outer loop
      vertex 99.5646 71.0646 3
      vertex 99.426 71.1142 7
      vertex 99.5646 71.0646 7
    endloop
  endfacet
  facet normal 0.336939 0.941527 0
    outer loop
      vertex 99.426 71.1142 7
      vertex 99.5646 71.0646 3
      vertex 99.426 71.1142 3
    endloop
  endfacet
  facet normal -0.740554 0.671997 0
    outer loop
      vertex 101.061 71.4393 3
      vertex 101.16 71.5484 7
      vertex 101.16 71.5484 3
    endloop
  endfacet
  facet normal -0.740554 0.671997 0
    outer loop
      vertex 101.16 71.5484 7
      vertex 101.061 71.4393 3
      vertex 101.061 71.4393 7
    endloop
  endfacet
  facet normal -0.671589 0.740924 0
    outer loop
      vertex 101.061 71.4393 3
      vertex 100.952 71.3405 7
      vertex 101.061 71.4393 7
    endloop
  endfacet
  facet normal -0.671589 0.740924 0
    outer loop
      vertex 100.952 71.3405 7
      vertex 101.061 71.4393 3
      vertex 100.952 71.3405 3
    endloop
  endfacet
  facet normal 1 -0 0
    outer loop
      vertex 114 0 3
      vertex 114 39 0
      vertex 114 39 3
    endloop
  endfacet
  facet normal 1 0 0
    outer loop
      vertex 114 39 0
      vertex 114 0 3
      vertex 114 0 0
    endloop
  endfacet
  facet normal 1 -0 0
    outer loop
      vertex 114 49 3
      vertex 114 83.7574 0
      vertex 114 83.7574 3
    endloop
  endfacet
  facet normal 1 0 0
    outer loop
      vertex 114 83.7574 0
      vertex 114 49 3
      vertex 114 49 0
    endloop
  endfacet
  facet normal 0 0 -1
    outer loop
      vertex 107.039 25.6083 0
      vertex 114 39 0
      vertex 114 0 0
    endloop
  endfacet
  facet normal 0 -0 -1
    outer loop
      vertex 107.064 25.7734 0
      vertex 114 39 0
      vertex 107.039 25.6083 0
    endloop
  endfacet
  facet normal 0 0 -1
    outer loop
      vertex 107.039 25.6083 0
      vertex 114 0 0
      vertex 111.879 2.12132 0
    endloop
  endfacet
  facet normal 0 0 -1
    outer loop
      vertex 106.871 61.2586 0
      vertex 114 49 0
      vertex 113.9 49 0
    endloop
  endfacet
  facet normal 0 0 -1
    outer loop
      vertex 107.039 26.2717 0
      vertex 114 39 0
      vertex 107.064 26.1066 0
    endloop
  endfacet
  facet normal 0 0 -1
    outer loop
      vertex 106.943 26.5906 0
      vertex 114 39 0
      vertex 106.999 26.4335 0
    endloop
  endfacet
  facet normal 0 0 -1
    outer loop
      vertex 89 12.5 0
      vertex 111.879 2.12132 0
      vertex 109.757 0 0
    endloop
  endfacet
  facet normal 0 0 -1
    outer loop
      vertex 106.999 26.4335 0
      vertex 114 39 0
      vertex 107.039 26.2717 0
    endloop
  endfacet
  facet normal 0 0 -1
    outer loop
      vertex 106.871 26.7414 0
      vertex 114 39 0
      vertex 106.943 26.5906 0
    endloop
  endfacet
  facet normal 0 0 -1
    outer loop
      vertex 114 49 0
      vertex 107.039 62.3917 0
      vertex 114 83.7574 0
    endloop
  endfacet
  facet normal 0 0 -1
    outer loop
      vertex 106.999 62.5535 0
      vertex 114 83.7574 0
      vertex 107.039 62.3917 0
    endloop
  endfacet
  facet normal 0 0 -1
    outer loop
      vertex 106.943 62.7106 0
      vertex 114 83.7574 0
      vertex 106.999 62.5535 0
    endloop
  endfacet
  facet normal 0 0 -1
    outer loop
      vertex 106.871 62.8614 0
      vertex 114 83.7574 0
      vertex 106.943 62.7106 0
    endloop
  endfacet
  facet normal 0 0 -1
    outer loop
      vertex 106.785 63.0045 0
      vertex 114 83.7574 0
      vertex 106.871 62.8614 0
    endloop
  endfacet
  facet normal 0 0 -1
    outer loop
      vertex 106.686 63.1385 0
      vertex 114 83.7574 0
      vertex 106.785 63.0045 0
    endloop
  endfacet
  facet normal 0 0 -1
    outer loop
      vertex 106.574 63.2621 0
      vertex 114 83.7574 0
      vertex 106.686 63.1385 0
    endloop
  endfacet
  facet normal 0 0 -1
    outer loop
      vertex 106.45 63.3741 0
      vertex 114 83.7574 0
      vertex 106.574 63.2621 0
    endloop
  endfacet
  facet normal 0 0 -1
    outer loop
      vertex 106.316 63.4735 0
      vertex 114 83.7574 0
      vertex 106.45 63.3741 0
    endloop
  endfacet
  facet normal 0 0 -1
    outer loop
      vertex 106.173 63.5593 0
      vertex 114 83.7574 0
      vertex 106.316 63.4735 0
    endloop
  endfacet
  facet normal 0 0 -1
    outer loop
      vertex 106.023 63.6306 0
      vertex 114 83.7574 0
      vertex 106.173 63.5593 0
    endloop
  endfacet
  facet normal 0 0 -1
    outer loop
      vertex 105.865 63.6868 0
      vertex 114 83.7574 0
      vertex 106.023 63.6306 0
    endloop
  endfacet
  facet normal 0 0 -1
    outer loop
      vertex 105.704 63.7273 0
      vertex 114 83.7574 0
      vertex 105.865 63.6868 0
    endloop
  endfacet
  facet normal 0 0 -1
    outer loop
      vertex 105.539 63.7518 0
      vertex 114 83.7574 0
      vertex 105.704 63.7273 0
    endloop
  endfacet
  facet normal 0 0 -1
    outer loop
      vertex 105.372 63.76 0
      vertex 114 83.7574 0
      vertex 105.539 63.7518 0
    endloop
  endfacet
  facet normal 0 0 -1
    outer loop
      vertex 105.205 63.7518 0
      vertex 114 83.7574 0
      vertex 105.372 63.76 0
    endloop
  endfacet
  facet normal -0 0 -1
    outer loop
      vertex 114 83.7574 0
      vertex 105.205 63.7518 0
      vertex 111.879 85.8787 0
    endloop
  endfacet
  facet normal 0 0 -1
    outer loop
      vertex 105.04 63.7273 0
      vertex 111.879 85.8787 0
      vertex 105.205 63.7518 0
    endloop
  endfacet
  facet normal 0 0 -1
    outer loop
      vertex 89 75.5 0
      vertex 105.04 63.7273 0
      vertex 104.879 63.6868 0
    endloop
  endfacet
  facet normal 0 0 -1
    outer loop
      vertex 89 75.5 0
      vertex 104.879 63.6868 0
      vertex 104.721 63.6306 0
    endloop
  endfacet
  facet normal 0 0 -1
    outer loop
      vertex 89 75.5 0
      vertex 104.721 63.6306 0
      vertex 104.571 63.5593 0
    endloop
  endfacet
  facet normal 0 0 -1
    outer loop
      vertex 89 75.5 0
      vertex 104.571 63.5593 0
      vertex 104.428 63.4735 0
    endloop
  endfacet
  facet normal 0 0 -1
    outer loop
      vertex 89 75.5 0
      vertex 104.428 63.4735 0
      vertex 104.294 63.3741 0
    endloop
  endfacet
  facet normal 0 0 -1
    outer loop
      vertex 89 75.5 0
      vertex 104.294 63.3741 0
      vertex 104.17 63.2621 0
    endloop
  endfacet
  facet normal 0 0 -1
    outer loop
      vertex 89 75.5 0
      vertex 104.17 63.2621 0
      vertex 104.058 63.1385 0
    endloop
  endfacet
  facet normal 0 0 -1
    outer loop
      vertex 89 75.5 0
      vertex 104.058 63.1385 0
      vertex 103.959 63.0045 0
    endloop
  endfacet
  facet normal 0 0 -1
    outer loop
      vertex 89 75.5 0
      vertex 103.959 63.0045 0
      vertex 103.873 62.8614 0
    endloop
  endfacet
  facet normal 0 0 -1
    outer loop
      vertex 89 75.5 0
      vertex 103.873 62.8614 0
      vertex 103.801 62.7106 0
    endloop
  endfacet
  facet normal 0 0 -1
    outer loop
      vertex 89 75.5 0
      vertex 103.801 62.7106 0
      vertex 103.745 62.5535 0
    endloop
  endfacet
  facet normal 0 0 -1
    outer loop
      vertex 103.68 61.8934 0
      vertex 89 75.5 0
      vertex 103.672 62.06 0
    endloop
  endfacet
  facet normal 0 0 -1
    outer loop
      vertex 103.672 62.06 0
      vertex 89 75.5 0
      vertex 103.68 62.2266 0
    endloop
  endfacet
  facet normal 0 0 -1
    outer loop
      vertex 103.68 62.2266 0
      vertex 89 75.5 0
      vertex 103.705 62.3917 0
    endloop
  endfacet
  facet normal 0 0 -1
    outer loop
      vertex 103.705 62.3917 0
      vertex 89 75.5 0
      vertex 103.745 62.5535 0
    endloop
  endfacet
  facet normal 0 0 -1
    outer loop
      vertex 105.04 63.7273 0
      vertex 89 75.5 0
      vertex 111.879 85.8787 0
    endloop
  endfacet
  facet normal 0 0 -1
    outer loop
      vertex 66 88 0
      vertex 111.879 85.8787 0
      vertex 89 75.5 0
    endloop
  endfacet
  facet normal 0 0 -1
    outer loop
      vertex 66 88 0
      vertex 89 75.5 0
      vertex 73 75.5 0
    endloop
  endfacet
  facet normal 0 0 -1
    outer loop
      vertex 66 88 0
      vertex 73 75.5 0
      vertex 66 76 0
    endloop
  endfacet
  facet normal 0 0 -1
    outer loop
      vertex 111.879 85.8787 0
      vertex 66 88 0
      vertex 114 88 0
    endloop
  endfacet
  facet normal 0 0 -1
    outer loop
      vertex 10.2548 24.4935 0
      vertex 17 12.5 0
      vertex 10.2953 24.3317 0
    endloop
  endfacet
  facet normal 0 0 -1
    outer loop
      vertex 17 75.5 0
      vertex 10.3198 63.8334 0
      vertex 10.328 64 0
    endloop
  endfacet
  facet normal 0 0 -1
    outer loop
      vertex 10.1986 24.6506 0
      vertex 17 12.5 0
      vertex 10.2548 24.4935 0
    endloop
  endfacet
  facet normal 0 0 -1
    outer loop
      vertex 17 75.5 0
      vertex 10.2953 63.6683 0
      vertex 10.3198 63.8334 0
    endloop
  endfacet
  facet normal 0 0 -1
    outer loop
      vertex 17 12.5 0
      vertex 10.1986 24.6506 0
      vertex 17 75.5 0
    endloop
  endfacet
  facet normal 0 0 -1
    outer loop
      vertex 17 75.5 0
      vertex 10.2548 63.5065 0
      vertex 10.2953 63.6683 0
    endloop
  endfacet
  facet normal 0 0 -1
    outer loop
      vertex 10.1986 63.3494 0
      vertex 17 75.5 0
      vertex 10.1986 24.6506 0
    endloop
  endfacet
  facet normal 0 0 -1
    outer loop
      vertex 17 75.5 0
      vertex 10.1986 63.3494 0
      vertex 10.2548 63.5065 0
    endloop
  endfacet
  facet normal 0 0 -1
    outer loop
      vertex 10.1273 24.8014 0
      vertex 10.1986 63.3494 0
      vertex 10.1986 24.6506 0
    endloop
  endfacet
  facet normal 0 0 -1
    outer loop
      vertex 10.1273 24.8014 0
      vertex 10.1273 63.1986 0
      vertex 10.1986 63.3494 0
    endloop
  endfacet
  facet normal 0 0 -1
    outer loop
      vertex 10.0415 24.9445 0
      vertex 10.1273 63.1986 0
      vertex 10.1273 24.8014 0
    endloop
  endfacet
  facet normal 0 0 -1
    outer loop
      vertex 10.0415 24.9445 0
      vertex 10.0415 63.0555 0
      vertex 10.1273 63.1986 0
    endloop
  endfacet
  facet normal 0 0 -1
    outer loop
      vertex 9.94212 25.0785 0
      vertex 10.0415 63.0555 0
      vertex 10.0415 24.9445 0
    endloop
  endfacet
  facet normal 0 0 -1
    outer loop
      vertex 9.94212 25.0785 0
      vertex 9.94212 62.9215 0
      vertex 10.0415 63.0555 0
    endloop
  endfacet
  facet normal 0 0 -1
    outer loop
      vertex 9.83008 25.2021 0
      vertex 9.94212 62.9215 0
      vertex 9.94212 25.0785 0
    endloop
  endfacet
  facet normal 0 0 -1
    outer loop
      vertex 9.83008 25.2021 0
      vertex 9.83008 62.7979 0
      vertex 9.94212 62.9215 0
    endloop
  endfacet
  facet normal 0 0 -1
    outer loop
      vertex 9.70647 25.3141 0
      vertex 9.83008 62.7979 0
      vertex 9.83008 25.2021 0
    endloop
  endfacet
  facet normal 0 0 -1
    outer loop
      vertex 9.70647 25.3141 0
      vertex 9.70647 62.6859 0
      vertex 9.83008 62.7979 0
    endloop
  endfacet
  facet normal 0 0 -1
    outer loop
      vertex 9.57247 25.4135 0
      vertex 9.70647 62.6859 0
      vertex 9.70647 25.3141 0
    endloop
  endfacet
  facet normal 0 0 -1
    outer loop
      vertex 9.57247 25.4135 0
      vertex 9.57247 62.5865 0
      vertex 9.70647 62.6859 0
    endloop
  endfacet
  facet normal 0 0 -1
    outer loop
      vertex 9.42937 25.4993 0
      vertex 9.57247 62.5865 0
      vertex 9.57247 25.4135 0
    endloop
  endfacet
  facet normal 0 0 -1
    outer loop
      vertex 9.42937 25.4993 0
      vertex 9.42937 62.5007 0
      vertex 9.57247 62.5865 0
    endloop
  endfacet
  facet normal 0 0 -1
    outer loop
      vertex 9.27856 25.5706 0
      vertex 9.42937 62.5007 0
      vertex 9.42937 25.4993 0
    endloop
  endfacet
  facet normal 0 0 -1
    outer loop
      vertex 9.27856 25.5706 0
      vertex 9.27856 62.4294 0
      vertex 9.42937 62.5007 0
    endloop
  endfacet
  facet normal 0 0 -1
    outer loop
      vertex 9.12148 25.6268 0
      vertex 9.27856 62.4294 0
      vertex 9.27856 25.5706 0
    endloop
  endfacet
  facet normal 0 0 -1
    outer loop
      vertex 9.12148 25.6268 0
      vertex 9.12148 62.3732 0
      vertex 9.27856 62.4294 0
    endloop
  endfacet
  facet normal 0 0 -1
    outer loop
      vertex 8.95965 25.6673 0
      vertex 9.12148 62.3732 0
      vertex 9.12148 25.6268 0
    endloop
  endfacet
  facet normal 0 0 -1
    outer loop
      vertex 8.95965 25.6673 0
      vertex 8.95965 62.3327 0
      vertex 9.12148 62.3732 0
    endloop
  endfacet
  facet normal 0 0 -1
    outer loop
      vertex 8.79463 25.6918 0
      vertex 8.95965 62.3327 0
      vertex 8.95965 25.6673 0
    endloop
  endfacet
  facet normal 0 0 -1
    outer loop
      vertex 8.79463 25.6918 0
      vertex 8.79463 62.3082 0
      vertex 8.95965 62.3327 0
    endloop
  endfacet
  facet normal 0 0 -1
    outer loop
      vertex 8.628 25.7 0
      vertex 8.79463 62.3082 0
      vertex 8.79463 25.6918 0
    endloop
  endfacet
  facet normal 0 0 -1
    outer loop
      vertex 8.628 25.7 0
      vertex 8.628 62.3 0
      vertex 8.79463 62.3082 0
    endloop
  endfacet
  facet normal 0 0 -1
    outer loop
      vertex 8.46137 25.6918 0
      vertex 8.628 62.3 0
      vertex 8.628 25.7 0
    endloop
  endfacet
  facet normal 0 0 -1
    outer loop
      vertex 8.46137 25.6918 0
      vertex 8.46137 62.3082 0
      vertex 8.628 62.3 0
    endloop
  endfacet
  facet normal 0 0 -1
    outer loop
      vertex 8.29635 25.6673 0
      vertex 8.46137 62.3082 0
      vertex 8.46137 25.6918 0
    endloop
  endfacet
  facet normal 0 0 -1
    outer loop
      vertex 8.29635 25.6673 0
      vertex 8.29635 62.3327 0
      vertex 8.46137 62.3082 0
    endloop
  endfacet
  facet normal 0 0 -1
    outer loop
      vertex 8.13452 25.6268 0
      vertex 8.29635 62.3327 0
      vertex 8.29635 25.6673 0
    endloop
  endfacet
  facet normal 0 0 -1
    outer loop
      vertex 8.13452 25.6268 0
      vertex 8.13452 62.3732 0
      vertex 8.29635 62.3327 0
    endloop
  endfacet
  facet normal 0 0 -1
    outer loop
      vertex 7.97744 25.5706 0
      vertex 8.13452 62.3732 0
      vertex 8.13452 25.6268 0
    endloop
  endfacet
  facet normal 0 0 -1
    outer loop
      vertex 7.97744 25.5706 0
      vertex 7.97744 62.4294 0
      vertex 8.13452 62.3732 0
    endloop
  endfacet
  facet normal 0 0 -1
    outer loop
      vertex 7.82662 25.4993 0
      vertex 7.97744 62.4294 0
      vertex 7.97744 25.5706 0
    endloop
  endfacet
  facet normal 0 0 -1
    outer loop
      vertex 7.82662 25.4993 0
      vertex 7.82662 62.5007 0
      vertex 7.97744 62.4294 0
    endloop
  endfacet
  facet normal 0 0 -1
    outer loop
      vertex 7.68353 25.4135 0
      vertex 7.82662 62.5007 0
      vertex 7.82662 25.4993 0
    endloop
  endfacet
  facet normal 0 0 -1
    outer loop
      vertex 7.68353 25.4135 0
      vertex 7.68353 62.5865 0
      vertex 7.82662 62.5007 0
    endloop
  endfacet
  facet normal 0 0 -1
    outer loop
      vertex 7.54953 25.3141 0
      vertex 7.68353 62.5865 0
      vertex 7.68353 25.4135 0
    endloop
  endfacet
  facet normal 0 0 -1
    outer loop
      vertex 7.54953 25.3141 0
      vertex 7.54953 62.6859 0
      vertex 7.68353 62.5865 0
    endloop
  endfacet
  facet normal 0 0 -1
    outer loop
      vertex 7.42592 25.2021 0
      vertex 7.54953 62.6859 0
      vertex 7.54953 25.3141 0
    endloop
  endfacet
  facet normal 0 0 -1
    outer loop
      vertex 7.42592 25.2021 0
      vertex 7.42592 62.7979 0
      vertex 7.54953 62.6859 0
    endloop
  endfacet
  facet normal 0 0 -1
    outer loop
      vertex 7.31388 25.0785 0
      vertex 7.42592 62.7979 0
      vertex 7.42592 25.2021 0
    endloop
  endfacet
  facet normal 0 0 -1
    outer loop
      vertex 7.31388 25.0785 0
      vertex 7.31388 62.9215 0
      vertex 7.42592 62.7979 0
    endloop
  endfacet
  facet normal 0 0 -1
    outer loop
      vertex 7.2145 24.9445 0
      vertex 7.31388 62.9215 0
      vertex 7.31388 25.0785 0
    endloop
  endfacet
  facet normal 0 0 -1
    outer loop
      vertex 7.2145 24.9445 0
      vertex 7.2145 63.0555 0
      vertex 7.31388 62.9215 0
    endloop
  endfacet
  facet normal 0 0 -1
    outer loop
      vertex 7.12873 24.8014 0
      vertex 7.2145 63.0555 0
      vertex 7.2145 24.9445 0
    endloop
  endfacet
  facet normal 0 0 -1
    outer loop
      vertex 7.12873 24.8014 0
      vertex 7.12873 63.1986 0
      vertex 7.2145 63.0555 0
    endloop
  endfacet
  facet normal 0 0 -1
    outer loop
      vertex 7.0574 24.6506 0
      vertex 7.12873 63.1986 0
      vertex 7.12873 24.8014 0
    endloop
  endfacet
  facet normal 0 0 -1
    outer loop
      vertex 7.0574 24.6506 0
      vertex 7.0574 63.3494 0
      vertex 7.12873 63.1986 0
    endloop
  endfacet
  facet normal 0 0 -1
    outer loop
      vertex 7.0012 24.4935 0
      vertex 7.0574 63.3494 0
      vertex 7.0574 24.6506 0
    endloop
  endfacet
  facet normal 0 0 -1
    outer loop
      vertex 7.0012 24.4935 0
      vertex 7.0012 63.5065 0
      vertex 7.0574 63.3494 0
    endloop
  endfacet
  facet normal 0 0 -1
    outer loop
      vertex 6.96066 24.3317 0
      vertex 7.0012 63.5065 0
      vertex 7.0012 24.4935 0
    endloop
  endfacet
  facet normal 0 0 -1
    outer loop
      vertex 6.96066 24.3317 0
      vertex 6.96066 63.6683 0
      vertex 7.0012 63.5065 0
    endloop
  endfacet
  facet normal 0 0 -1
    outer loop
      vertex 0 4.24264 0
      vertex 6.96066 24.3317 0
      vertex 6.93619 24.1666 0
    endloop
  endfacet
  facet normal -0 0 -1
    outer loop
      vertex 6.96066 24.3317 0
      vertex 0 4.24264 0
      vertex 6.96066 63.6683 0
    endloop
  endfacet
  facet normal 0 0 -1
    outer loop
      vertex 0 4.24264 0
      vertex 6.93619 24.1666 0
      vertex 6.928 24 0
    endloop
  endfacet
  facet normal 0 0 -1
    outer loop
      vertex 0 88 0
      vertex 6.96066 63.6683 0
      vertex 0 4.24264 0
    endloop
  endfacet
  facet normal 0 0 -1
    outer loop
      vertex 17 75.5 0
      vertex 19 80 0
      vertex 33 75.5 0
    endloop
  endfacet
  facet normal 0 0 -1
    outer loop
      vertex 10.2953 24.3317 0
      vertex 17 12.5 0
      vertex 10.3198 24.1666 0
    endloop
  endfacet
  facet normal 0 0 -1
    outer loop
      vertex 10.3198 64.1666 0
      vertex 17 75.5 0
      vertex 10.328 64 0
    endloop
  endfacet
  facet normal 0 0 -1
    outer loop
      vertex 10.2953 64.3316 0
      vertex 17 75.5 0
      vertex 10.3198 64.1666 0
    endloop
  endfacet
  facet normal 0 0 -1
    outer loop
      vertex 10.2548 64.4935 0
      vertex 17 75.5 0
      vertex 10.2953 64.3316 0
    endloop
  endfacet
  facet normal 0 0 -1
    outer loop
      vertex 10.1986 64.6506 0
      vertex 17 75.5 0
      vertex 10.2548 64.4935 0
    endloop
  endfacet
  facet normal 0 0 -1
    outer loop
      vertex 10.1273 64.8014 0
      vertex 17 75.5 0
      vertex 10.1986 64.6506 0
    endloop
  endfacet
  facet normal 0 0 -1
    outer loop
      vertex 10.0415 64.9445 0
      vertex 17 75.5 0
      vertex 10.1273 64.8014 0
    endloop
  endfacet
  facet normal 0 0 -1
    outer loop
      vertex 9.94212 65.0785 0
      vertex 17 75.5 0
      vertex 10.0415 64.9445 0
    endloop
  endfacet
  facet normal 0 0 -1
    outer loop
      vertex 9.83008 65.2021 0
      vertex 17 75.5 0
      vertex 9.94212 65.0785 0
    endloop
  endfacet
  facet normal 0 0 -1
    outer loop
      vertex 9.70647 65.3141 0
      vertex 17 75.5 0
      vertex 9.83008 65.2021 0
    endloop
  endfacet
  facet normal 0 0 -1
    outer loop
      vertex 9.57247 65.4135 0
      vertex 17 75.5 0
      vertex 9.70647 65.3141 0
    endloop
  endfacet
  facet normal 0 0 -1
    outer loop
      vertex 9.42937 65.4993 0
      vertex 17 75.5 0
      vertex 9.57247 65.4135 0
    endloop
  endfacet
  facet normal 0 0 -1
    outer loop
      vertex 9.27856 65.5706 0
      vertex 17 75.5 0
      vertex 9.42937 65.4993 0
    endloop
  endfacet
  facet normal 0 0 -1
    outer loop
      vertex 9.12148 65.6268 0
      vertex 17 75.5 0
      vertex 9.27856 65.5706 0
    endloop
  endfacet
  facet normal 0 0 -1
    outer loop
      vertex 8.95965 65.6673 0
      vertex 17 75.5 0
      vertex 9.12148 65.6268 0
    endloop
  endfacet
  facet normal -0 0 -1
    outer loop
      vertex 17 75.5 0
      vertex 8.95965 65.6673 0
      vertex 7 80 0
    endloop
  endfacet
  facet normal 0 0 -1
    outer loop
      vertex 7 80 0
      vertex 8.95965 65.6673 0
      vertex 8.79463 65.6918 0
    endloop
  endfacet
  facet normal 0 0 -1
    outer loop
      vertex 7 80 0
      vertex 8.79463 65.6918 0
      vertex 8.628 65.7 0
    endloop
  endfacet
  facet normal 0 0 -1
    outer loop
      vertex 7 80 0
      vertex 8.628 65.7 0
      vertex 8.46137 65.6918 0
    endloop
  endfacet
  facet normal 0 0 -1
    outer loop
      vertex 7 80 0
      vertex 8.46137 65.6918 0
      vertex 8.29635 65.6673 0
    endloop
  endfacet
  facet normal 0 0 -1
    outer loop
      vertex 7 80 0
      vertex 8.29635 65.6673 0
      vertex 8.13452 65.6268 0
    endloop
  endfacet
  facet normal 0 0 -1
    outer loop
      vertex 7 80 0
      vertex 8.13452 65.6268 0
      vertex 7.97744 65.5706 0
    endloop
  endfacet
  facet normal 0 0 -1
    outer loop
      vertex 7 80 0
      vertex 7.97744 65.5706 0
      vertex 7.82662 65.4993 0
    endloop
  endfacet
  facet normal 0 0 -1
    outer loop
      vertex 7 80 0
      vertex 7.82662 65.4993 0
      vertex 7.68353 65.4135 0
    endloop
  endfacet
  facet normal 0 0 -1
    outer loop
      vertex 7 80 0
      vertex 7.68353 65.4135 0
      vertex 7.54953 65.3141 0
    endloop
  endfacet
  facet normal 0 0 -1
    outer loop
      vertex 7 80 0
      vertex 7.54953 65.3141 0
      vertex 7.42592 65.2021 0
    endloop
  endfacet
  facet normal 0 0 -1
    outer loop
      vertex 7 80 0
      vertex 7.42592 65.2021 0
      vertex 7.31388 65.0785 0
    endloop
  endfacet
  facet normal 0 0 -1
    outer loop
      vertex 17 75.5 0
      vertex 7 80 0
      vertex 19 80 0
    endloop
  endfacet
  facet normal 0 0 -1
    outer loop
      vertex 7.2145 64.9445 0
      vertex 7 80 0
      vertex 7.31388 65.0785 0
    endloop
  endfacet
  facet normal 0 0 -1
    outer loop
      vertex 7.12873 64.8014 0
      vertex 7 80 0
      vertex 7.2145 64.9445 0
    endloop
  endfacet
  facet normal 0 0 -1
    outer loop
      vertex 2.12132 85.8787 0
      vertex 7.12873 64.8014 0
      vertex 7.0574 64.6506 0
    endloop
  endfacet
  facet normal 0 0 -1
    outer loop
      vertex 2.12132 85.8787 0
      vertex 7.0574 64.6506 0
      vertex 7.0012 64.4935 0
    endloop
  endfacet
  facet normal 0 0 -1
    outer loop
      vertex 0 88 0
      vertex 7.0012 64.4935 0
      vertex 6.96066 64.3316 0
    endloop
  endfacet
  facet normal 0 0 -1
    outer loop
      vertex 7.12873 64.8014 0
      vertex 2.12132 85.8787 0
      vertex 7 80 0
    endloop
  endfacet
  facet normal 0 0 -1
    outer loop
      vertex 0 88 0
      vertex 6.96066 64.3316 0
      vertex 6.93619 64.1666 0
    endloop
  endfacet
  facet normal 0 0 -1
    outer loop
      vertex 0 88 0
      vertex 6.93619 64.1666 0
      vertex 6.928 64 0
    endloop
  endfacet
  facet normal 0 0 -1
    outer loop
      vertex 7 80 0
      vertex 2.12132 85.8787 0
      vertex 7 88 0
    endloop
  endfacet
  facet normal 0 0 -1
    outer loop
      vertex 114 49 0
      vertex 107.072 62.06 0
      vertex 107.064 62.2266 0
    endloop
  endfacet
  facet normal 0 0 -1
    outer loop
      vertex 114 49 0
      vertex 107.064 62.2266 0
      vertex 107.039 62.3917 0
    endloop
  endfacet
  facet normal 0 0 -1
    outer loop
      vertex 114 49 0
      vertex 107.039 61.7283 0
      vertex 107.064 61.8934 0
    endloop
  endfacet
  facet normal 0 0 -1
    outer loop
      vertex 114 49 0
      vertex 107.064 61.8934 0
      vertex 107.072 62.06 0
    endloop
  endfacet
  facet normal -0 0 -1
    outer loop
      vertex 114 39 0
      vertex 106.871 26.7414 0
      vertex 113.9 39 0
    endloop
  endfacet
  facet normal 0 0 -1
    outer loop
      vertex 114 49 0
      vertex 106.999 61.5665 0
      vertex 107.039 61.7283 0
    endloop
  endfacet
  facet normal 0 0 -1
    outer loop
      vertex 106.785 26.8845 0
      vertex 113.9 39 0
      vertex 106.871 26.7414 0
    endloop
  endfacet
  facet normal 0 0 -1
    outer loop
      vertex 114 49 0
      vertex 106.943 61.4094 0
      vertex 106.999 61.5665 0
    endloop
  endfacet
  facet normal 0 0 -1
    outer loop
      vertex 106.686 27.0185 0
      vertex 113.9 39 0
      vertex 106.785 26.8845 0
    endloop
  endfacet
  facet normal 0 0 -1
    outer loop
      vertex 114 49 0
      vertex 106.871 61.2586 0
      vertex 106.943 61.4094 0
    endloop
  endfacet
  facet normal 0 0 -1
    outer loop
      vertex 106.574 27.1421 0
      vertex 113.9 39 0
      vertex 106.686 27.0185 0
    endloop
  endfacet
  facet normal 0 0 -1
    outer loop
      vertex 113.9 49 0
      vertex 106.785 61.1155 0
      vertex 106.871 61.2586 0
    endloop
  endfacet
  facet normal 0 0 -1
    outer loop
      vertex 106.45 27.2541 0
      vertex 113.9 39 0
      vertex 106.574 27.1421 0
    endloop
  endfacet
  facet normal 0 0 -1
    outer loop
      vertex 113.9 49 0
      vertex 106.686 60.9815 0
      vertex 106.785 61.1155 0
    endloop
  endfacet
  facet normal 0 0 -1
    outer loop
      vertex 106.316 27.3535 0
      vertex 113.9 39 0
      vertex 106.45 27.2541 0
    endloop
  endfacet
  facet normal 0 0 -1
    outer loop
      vertex 113.9 49 0
      vertex 106.574 60.8579 0
      vertex 106.686 60.9815 0
    endloop
  endfacet
  facet normal 0 0 -1
    outer loop
      vertex 106.173 27.4393 0
      vertex 113.9 39 0
      vertex 106.316 27.3535 0
    endloop
  endfacet
  facet normal 0 0 -1
    outer loop
      vertex 113.9 49 0
      vertex 106.45 60.7459 0
      vertex 106.574 60.8579 0
    endloop
  endfacet
  facet normal 0 0 -1
    outer loop
      vertex 106.023 27.5106 0
      vertex 113.9 39 0
      vertex 106.173 27.4393 0
    endloop
  endfacet
  facet normal 0 0 -1
    outer loop
      vertex 113.9 49 0
      vertex 106.316 60.6465 0
      vertex 106.45 60.7459 0
    endloop
  endfacet
  facet normal 0 0 -1
    outer loop
      vertex 105.865 27.5668 0
      vertex 113.9 39 0
      vertex 106.023 27.5106 0
    endloop
  endfacet
  facet normal 0 0 -1
    outer loop
      vertex 113.9 49 0
      vertex 106.173 60.5607 0
      vertex 106.316 60.6465 0
    endloop
  endfacet
  facet normal 0 0 -1
    outer loop
      vertex 105.704 27.6073 0
      vertex 113.9 39 0
      vertex 105.865 27.5668 0
    endloop
  endfacet
  facet normal 0 0 -1
    outer loop
      vertex 113.9 49 0
      vertex 106.023 60.4894 0
      vertex 106.173 60.5607 0
    endloop
  endfacet
  facet normal 0 0 -1
    outer loop
      vertex 105.539 27.6318 0
      vertex 113.9 39 0
      vertex 105.704 27.6073 0
    endloop
  endfacet
  facet normal 0 0 -1
    outer loop
      vertex 113.9 49 0
      vertex 105.865 60.4332 0
      vertex 106.023 60.4894 0
    endloop
  endfacet
  facet normal 0 0 -1
    outer loop
      vertex 105.372 27.64 0
      vertex 113.9 39 0
      vertex 105.539 27.6318 0
    endloop
  endfacet
  facet normal 0 0 -1
    outer loop
      vertex 113.9 49 0
      vertex 105.704 60.3927 0
      vertex 105.865 60.4332 0
    endloop
  endfacet
  facet normal 0 0 -1
    outer loop
      vertex 105.205 27.6318 0
      vertex 113.9 39 0
      vertex 105.372 27.64 0
    endloop
  endfacet
  facet normal 0 0 -1
    outer loop
      vertex 113.9 49 0
      vertex 105.539 60.3682 0
      vertex 105.704 60.3927 0
    endloop
  endfacet
  facet normal 0 0 -1
    outer loop
      vertex 105.04 27.6073 0
      vertex 113.9 39 0
      vertex 105.205 27.6318 0
    endloop
  endfacet
  facet normal 0 0 -1
    outer loop
      vertex 113.9 49 0
      vertex 105.372 60.36 0
      vertex 105.539 60.3682 0
    endloop
  endfacet
  facet normal 0 0 -1
    outer loop
      vertex 104.879 27.5668 0
      vertex 113.9 39 0
      vertex 105.04 27.6073 0
    endloop
  endfacet
  facet normal 0 0 -1
    outer loop
      vertex 113.9 49 0
      vertex 105.205 60.3682 0
      vertex 105.372 60.36 0
    endloop
  endfacet
  facet normal 0 0 -1
    outer loop
      vertex 104.721 27.5106 0
      vertex 113.9 39 0
      vertex 104.879 27.5668 0
    endloop
  endfacet
  facet normal 0 0 -1
    outer loop
      vertex 113.9 49 0
      vertex 105.04 60.3927 0
      vertex 105.205 60.3682 0
    endloop
  endfacet
  facet normal 0 0 -1
    outer loop
      vertex 104.571 27.4393 0
      vertex 113.9 39 0
      vertex 104.721 27.5106 0
    endloop
  endfacet
  facet normal 0 0 -1
    outer loop
      vertex 113.9 49 0
      vertex 104.879 60.4332 0
      vertex 105.04 60.3927 0
    endloop
  endfacet
  facet normal -0 0 -1
    outer loop
      vertex 113.9 39 0
      vertex 104.571 27.4393 0
      vertex 113.9 49 0
    endloop
  endfacet
  facet normal 0 0 -1
    outer loop
      vertex 113.9 49 0
      vertex 104.721 60.4894 0
      vertex 104.879 60.4332 0
    endloop
  endfacet
  facet normal 0 0 -1
    outer loop
      vertex 104.571 60.5607 0
      vertex 113.9 49 0
      vertex 104.571 27.4393 0
    endloop
  endfacet
  facet normal 0 0 -1
    outer loop
      vertex 113.9 49 0
      vertex 104.571 60.5607 0
      vertex 104.721 60.4894 0
    endloop
  endfacet
  facet normal 0 0 -1
    outer loop
      vertex 104.428 27.3535 0
      vertex 104.571 60.5607 0
      vertex 104.571 27.4393 0
    endloop
  endfacet
  facet normal 0 0 -1
    outer loop
      vertex 104.428 27.3535 0
      vertex 104.428 60.6465 0
      vertex 104.571 60.5607 0
    endloop
  endfacet
  facet normal 0 0 -1
    outer loop
      vertex 104.294 27.2541 0
      vertex 104.428 60.6465 0
      vertex 104.428 27.3535 0
    endloop
  endfacet
  facet normal 0 0 -1
    outer loop
      vertex 104.294 27.2541 0
      vertex 104.294 60.7459 0
      vertex 104.428 60.6465 0
    endloop
  endfacet
  facet normal 0 0 -1
    outer loop
      vertex 104.17 27.1421 0
      vertex 104.294 60.7459 0
      vertex 104.294 27.2541 0
    endloop
  endfacet
  facet normal 0 0 -1
    outer loop
      vertex 104.17 27.1421 0
      vertex 104.17 60.8579 0
      vertex 104.294 60.7459 0
    endloop
  endfacet
  facet normal 0 0 -1
    outer loop
      vertex 104.058 27.0185 0
      vertex 104.17 60.8579 0
      vertex 104.17 27.1421 0
    endloop
  endfacet
  facet normal 0 0 -1
    outer loop
      vertex 104.058 27.0185 0
      vertex 104.058 60.9815 0
      vertex 104.17 60.8579 0
    endloop
  endfacet
  facet normal 0 0 -1
    outer loop
      vertex 103.959 26.8845 0
      vertex 104.058 60.9815 0
      vertex 104.058 27.0185 0
    endloop
  endfacet
  facet normal 0 0 -1
    outer loop
      vertex 103.959 26.8845 0
      vertex 103.959 61.1155 0
      vertex 104.058 60.9815 0
    endloop
  endfacet
  facet normal 0 0 -1
    outer loop
      vertex 103.873 26.7414 0
      vertex 103.959 61.1155 0
      vertex 103.959 26.8845 0
    endloop
  endfacet
  facet normal 0 0 -1
    outer loop
      vertex 103.873 26.7414 0
      vertex 103.873 61.2586 0
      vertex 103.959 61.1155 0
    endloop
  endfacet
  facet normal 0 0 -1
    outer loop
      vertex 89 12.5 0
      vertex 103.873 26.7414 0
      vertex 103.801 26.5906 0
    endloop
  endfacet
  facet normal -0 0 -1
    outer loop
      vertex 103.873 26.7414 0
      vertex 89 12.5 0
      vertex 103.873 61.2586 0
    endloop
  endfacet
  facet normal 0 0 -1
    outer loop
      vertex 89 12.5 0
      vertex 103.801 26.5906 0
      vertex 103.745 26.4335 0
    endloop
  endfacet
  facet normal 0 0 -1
    outer loop
      vertex 89 75.5 0
      vertex 103.873 61.2586 0
      vertex 89 12.5 0
    endloop
  endfacet
  facet normal 0 0 -1
    outer loop
      vertex 89 12.5 0
      vertex 103.745 26.4335 0
      vertex 103.705 26.2717 0
    endloop
  endfacet
  facet normal 0 0 -1
    outer loop
      vertex 103.873 61.2586 0
      vertex 89 75.5 0
      vertex 103.801 61.4094 0
    endloop
  endfacet
  facet normal 0 0 -1
    outer loop
      vertex 89 12.5 0
      vertex 103.705 26.2717 0
      vertex 103.68 26.1066 0
    endloop
  endfacet
  facet normal 0 0 -1
    outer loop
      vertex 103.801 61.4094 0
      vertex 89 75.5 0
      vertex 103.745 61.5665 0
    endloop
  endfacet
  facet normal 0 0 -1
    outer loop
      vertex 89 12.5 0
      vertex 103.68 26.1066 0
      vertex 103.672 25.94 0
    endloop
  endfacet
  facet normal 0 0 -1
    outer loop
      vertex 103.745 61.5665 0
      vertex 89 75.5 0
      vertex 103.705 61.7283 0
    endloop
  endfacet
  facet normal 0 0 -1
    outer loop
      vertex 107.064 26.1066 0
      vertex 114 39 0
      vertex 107.072 25.94 0
    endloop
  endfacet
  facet normal 0 -0 -1
    outer loop
      vertex 107.072 25.94 0
      vertex 114 39 0
      vertex 107.064 25.7734 0
    endloop
  endfacet
  facet normal 0 0 -1
    outer loop
      vertex 111.879 2.12132 0
      vertex 106.999 25.4465 0
      vertex 107.039 25.6083 0
    endloop
  endfacet
  facet normal 0 0 -1
    outer loop
      vertex 111.879 2.12132 0
      vertex 106.943 25.2894 0
      vertex 106.999 25.4465 0
    endloop
  endfacet
  facet normal 0 0 -1
    outer loop
      vertex 111.879 2.12132 0
      vertex 106.871 25.1386 0
      vertex 106.943 25.2894 0
    endloop
  endfacet
  facet normal 0 0 -1
    outer loop
      vertex 111.879 2.12132 0
      vertex 106.785 24.9955 0
      vertex 106.871 25.1386 0
    endloop
  endfacet
  facet normal 0 0 -1
    outer loop
      vertex 111.879 2.12132 0
      vertex 106.686 24.8615 0
      vertex 106.785 24.9955 0
    endloop
  endfacet
  facet normal 0 0 -1
    outer loop
      vertex 111.879 2.12132 0
      vertex 106.574 24.7379 0
      vertex 106.686 24.8615 0
    endloop
  endfacet
  facet normal 0 0 -1
    outer loop
      vertex 111.879 2.12132 0
      vertex 106.45 24.6259 0
      vertex 106.574 24.7379 0
    endloop
  endfacet
  facet normal 0 0 -1
    outer loop
      vertex 111.879 2.12132 0
      vertex 106.316 24.5265 0
      vertex 106.45 24.6259 0
    endloop
  endfacet
  facet normal 0 0 -1
    outer loop
      vertex 111.879 2.12132 0
      vertex 106.173 24.4407 0
      vertex 106.316 24.5265 0
    endloop
  endfacet
  facet normal 0 0 -1
    outer loop
      vertex 111.879 2.12132 0
      vertex 106.023 24.3694 0
      vertex 106.173 24.4407 0
    endloop
  endfacet
  facet normal 0 0 -1
    outer loop
      vertex 111.879 2.12132 0
      vertex 105.865 24.3132 0
      vertex 106.023 24.3694 0
    endloop
  endfacet
  facet normal 0 0 -1
    outer loop
      vertex 111.879 2.12132 0
      vertex 105.704 24.2727 0
      vertex 105.865 24.3132 0
    endloop
  endfacet
  facet normal 0 0 -1
    outer loop
      vertex 111.879 2.12132 0
      vertex 105.539 24.2482 0
      vertex 105.704 24.2727 0
    endloop
  endfacet
  facet normal 0 0 -1
    outer loop
      vertex 111.879 2.12132 0
      vertex 105.372 24.24 0
      vertex 105.539 24.2482 0
    endloop
  endfacet
  facet normal 0 0 -1
    outer loop
      vertex 111.879 2.12132 0
      vertex 105.205 24.2482 0
      vertex 105.372 24.24 0
    endloop
  endfacet
  facet normal 0 0 -1
    outer loop
      vertex 111.879 2.12132 0
      vertex 105.04 24.2727 0
      vertex 105.205 24.2482 0
    endloop
  endfacet
  facet normal 0 0 -1
    outer loop
      vertex 111.879 2.12132 0
      vertex 89 12.5 0
      vertex 105.04 24.2727 0
    endloop
  endfacet
  facet normal -0 0 -1
    outer loop
      vertex 105.04 24.2727 0
      vertex 89 12.5 0
      vertex 104.879 24.3132 0
    endloop
  endfacet
  facet normal -0 0 -1
    outer loop
      vertex 104.879 24.3132 0
      vertex 89 12.5 0
      vertex 104.721 24.3694 0
    endloop
  endfacet
  facet normal -0 0 -1
    outer loop
      vertex 104.721 24.3694 0
      vertex 89 12.5 0
      vertex 104.571 24.4407 0
    endloop
  endfacet
  facet normal -0 0 -1
    outer loop
      vertex 104.571 24.4407 0
      vertex 89 12.5 0
      vertex 104.428 24.5265 0
    endloop
  endfacet
  facet normal -0 0 -1
    outer loop
      vertex 104.428 24.5265 0
      vertex 89 12.5 0
      vertex 104.294 24.6259 0
    endloop
  endfacet
  facet normal -0 0 -1
    outer loop
      vertex 104.294 24.6259 0
      vertex 89 12.5 0
      vertex 104.17 24.7379 0
    endloop
  endfacet
  facet normal -0 0 -1
    outer loop
      vertex 104.17 24.7379 0
      vertex 89 12.5 0
      vertex 104.058 24.8615 0
    endloop
  endfacet
  facet normal -0 0 -1
    outer loop
      vertex 104.058 24.8615 0
      vertex 89 12.5 0
      vertex 103.959 24.9955 0
    endloop
  endfacet
  facet normal -0 0 -1
    outer loop
      vertex 103.959 24.9955 0
      vertex 89 12.5 0
      vertex 103.873 25.1386 0
    endloop
  endfacet
  facet normal -0 0 -1
    outer loop
      vertex 103.873 25.1386 0
      vertex 89 12.5 0
      vertex 103.801 25.2894 0
    endloop
  endfacet
  facet normal -0 0 -1
    outer loop
      vertex 103.801 25.2894 0
      vertex 89 12.5 0
      vertex 103.745 25.4465 0
    endloop
  endfacet
  facet normal 0 0 -1
    outer loop
      vertex 103.705 61.7283 0
      vertex 89 75.5 0
      vertex 103.68 61.8934 0
    endloop
  endfacet
  facet normal -0 0 -1
    outer loop
      vertex 103.68 25.7734 0
      vertex 89 12.5 0
      vertex 103.672 25.94 0
    endloop
  endfacet
  facet normal -0 0 -1
    outer loop
      vertex 103.705 25.6083 0
      vertex 89 12.5 0
      vertex 103.68 25.7734 0
    endloop
  endfacet
  facet normal -0 0 -1
    outer loop
      vertex 103.745 25.4465 0
      vertex 89 12.5 0
      vertex 103.705 25.6083 0
    endloop
  endfacet
  facet normal 0 0 -1
    outer loop
      vertex 109.757 0 0
      vertex 73 12.5 0
      vertex 89 12.5 0
    endloop
  endfacet
  facet normal 0 0 -1
    outer loop
      vertex 73 12.5 0
      vertex 66 76 0
      vertex 73 75.5 0
    endloop
  endfacet
  facet normal 0 0 -1
    outer loop
      vertex 73 12.5 0
      vertex 61 12.5 0
      vertex 66 76 0
    endloop
  endfacet
  facet normal 0 0 -1
    outer loop
      vertex 109.757 0 0
      vertex 61 12.5 0
      vertex 73 12.5 0
    endloop
  endfacet
  facet normal 0 0 -1
    outer loop
      vertex 0 0 0
      vertex 61 12.5 0
      vertex 109.757 0 0
    endloop
  endfacet
  facet normal 0 0 -1
    outer loop
      vertex 45 12.5 0
      vertex 33 12.5 0
      vertex 45 75.5 0
    endloop
  endfacet
  facet normal -0 0 -1
    outer loop
      vertex 61 12.5 0
      vertex 0 0 0
      vertex 45 12.5 0
    endloop
  endfacet
  facet normal -0 0 -1
    outer loop
      vertex 45 12.5 0
      vertex 0 0 0
      vertex 33 12.5 0
    endloop
  endfacet
  facet normal 0 0 -1
    outer loop
      vertex 10.3198 24.1666 0
      vertex 17 12.5 0
      vertex 10.328 24 0
    endloop
  endfacet
  facet normal 0 0 -1
    outer loop
      vertex 17 12.5 0
      vertex 10.3198 23.8334 0
      vertex 10.328 24 0
    endloop
  endfacet
  facet normal 0 0 -1
    outer loop
      vertex 17 12.5 0
      vertex 10.2953 23.6683 0
      vertex 10.3198 23.8334 0
    endloop
  endfacet
  facet normal 0 0 -1
    outer loop
      vertex 17 12.5 0
      vertex 10.2548 23.5065 0
      vertex 10.2953 23.6683 0
    endloop
  endfacet
  facet normal 0 0 -1
    outer loop
      vertex 17 12.5 0
      vertex 10.1986 23.3494 0
      vertex 10.2548 23.5065 0
    endloop
  endfacet
  facet normal 0 0 -1
    outer loop
      vertex 17 12.5 0
      vertex 10.1273 23.1986 0
      vertex 10.1986 23.3494 0
    endloop
  endfacet
  facet normal 0 0 -1
    outer loop
      vertex 17 12.5 0
      vertex 10.0415 23.0555 0
      vertex 10.1273 23.1986 0
    endloop
  endfacet
  facet normal 0 0 -1
    outer loop
      vertex 17 12.5 0
      vertex 9.94212 22.9215 0
      vertex 10.0415 23.0555 0
    endloop
  endfacet
  facet normal 0 0 -1
    outer loop
      vertex 17 12.5 0
      vertex 9.83008 22.7979 0
      vertex 9.94212 22.9215 0
    endloop
  endfacet
  facet normal 0 0 -1
    outer loop
      vertex 17 12.5 0
      vertex 9.70647 22.6859 0
      vertex 9.83008 22.7979 0
    endloop
  endfacet
  facet normal 0 0 -1
    outer loop
      vertex 17 12.5 0
      vertex 9.57247 22.5865 0
      vertex 9.70647 22.6859 0
    endloop
  endfacet
  facet normal 0 0 -1
    outer loop
      vertex 17 12.5 0
      vertex 9.42937 22.5007 0
      vertex 9.57247 22.5865 0
    endloop
  endfacet
  facet normal 0 0 -1
    outer loop
      vertex 17 12.5 0
      vertex 9.27856 22.4294 0
      vertex 9.42937 22.5007 0
    endloop
  endfacet
  facet normal 0 0 -1
    outer loop
      vertex 17 12.5 0
      vertex 9.12148 22.3732 0
      vertex 9.27856 22.4294 0
    endloop
  endfacet
  facet normal 0 0 -1
    outer loop
      vertex 17 12.5 0
      vertex 8.95965 22.3327 0
      vertex 9.12148 22.3732 0
    endloop
  endfacet
  facet normal 0 0 -1
    outer loop
      vertex 17 12.5 0
      vertex 8.79463 22.3082 0
      vertex 8.95965 22.3327 0
    endloop
  endfacet
  facet normal 0 0 -1
    outer loop
      vertex 17 12.5 0
      vertex 8.628 22.3 0
      vertex 8.79463 22.3082 0
    endloop
  endfacet
  facet normal 0 0 -1
    outer loop
      vertex 17 12.5 0
      vertex 8.46137 22.3082 0
      vertex 8.628 22.3 0
    endloop
  endfacet
  facet normal 0 0 -1
    outer loop
      vertex 17 12.5 0
      vertex 8.29635 22.3327 0
      vertex 8.46137 22.3082 0
    endloop
  endfacet
  facet normal 0 0 -1
    outer loop
      vertex 0 4.24264 0
      vertex 8.29635 22.3327 0
      vertex 17 12.5 0
    endloop
  endfacet
  facet normal -0 0 -1
    outer loop
      vertex 8.29635 22.3327 0
      vertex 0 4.24264 0
      vertex 8.13452 22.3732 0
    endloop
  endfacet
  facet normal -0 0 -1
    outer loop
      vertex 8.13452 22.3732 0
      vertex 0 4.24264 0
      vertex 7.97744 22.4294 0
    endloop
  endfacet
  facet normal -0 0 -1
    outer loop
      vertex 7.97744 22.4294 0
      vertex 0 4.24264 0
      vertex 7.82662 22.5007 0
    endloop
  endfacet
  facet normal -0 0 -1
    outer loop
      vertex 7.82662 22.5007 0
      vertex 0 4.24264 0
      vertex 7.68353 22.5865 0
    endloop
  endfacet
  facet normal -0 0 -1
    outer loop
      vertex 7.68353 22.5865 0
      vertex 0 4.24264 0
      vertex 7.54953 22.6859 0
    endloop
  endfacet
  facet normal 0 0 -1
    outer loop
      vertex 6.96066 63.6683 0
      vertex 0 88 0
      vertex 6.93619 63.8334 0
    endloop
  endfacet
  facet normal -0 0 -1
    outer loop
      vertex 6.93619 23.8334 0
      vertex 0 4.24264 0
      vertex 6.928 24 0
    endloop
  endfacet
  facet normal -0 0 -1
    outer loop
      vertex 6.96066 23.6683 0
      vertex 0 4.24264 0
      vertex 6.93619 23.8334 0
    endloop
  endfacet
  facet normal -0 0 -1
    outer loop
      vertex 7.0012 23.5065 0
      vertex 0 4.24264 0
      vertex 6.96066 23.6683 0
    endloop
  endfacet
  facet normal -0 0 -1
    outer loop
      vertex 7.0574 23.3494 0
      vertex 0 4.24264 0
      vertex 7.0012 23.5065 0
    endloop
  endfacet
  facet normal -0 0 -1
    outer loop
      vertex 7.12873 23.1986 0
      vertex 0 4.24264 0
      vertex 7.0574 23.3494 0
    endloop
  endfacet
  facet normal -0 0 -1
    outer loop
      vertex 7.2145 23.0555 0
      vertex 0 4.24264 0
      vertex 7.12873 23.1986 0
    endloop
  endfacet
  facet normal -0 0 -1
    outer loop
      vertex 7.31388 22.9215 0
      vertex 0 4.24264 0
      vertex 7.2145 23.0555 0
    endloop
  endfacet
  facet normal -0 0 -1
    outer loop
      vertex 7.42592 22.7979 0
      vertex 0 4.24264 0
      vertex 7.31388 22.9215 0
    endloop
  endfacet
  facet normal -0 0 -1
    outer loop
      vertex 7.54953 22.6859 0
      vertex 0 4.24264 0
      vertex 7.42592 22.7979 0
    endloop
  endfacet
  facet normal 0 0 -1
    outer loop
      vertex 0 4.24264 0
      vertex 17 12.5 0
      vertex 2.12132 2.12132 0
    endloop
  endfacet
  facet normal 0 -0 -1
    outer loop
      vertex 2.12132 2.12132 0
      vertex 33 12.5 0
      vertex 0 0 0
    endloop
  endfacet
  facet normal -0 0 -1
    outer loop
      vertex 33 12.5 0
      vertex 2.12132 2.12132 0
      vertex 17 12.5 0
    endloop
  endfacet
  facet normal 0 0 -1
    outer loop
      vertex 61 75.5 0
      vertex 66 76 0
      vertex 61 12.5 0
    endloop
  endfacet
  facet normal 0 0 -1
    outer loop
      vertex 61 75.5 0
      vertex 48 76 0
      vertex 66 76 0
    endloop
  endfacet
  facet normal 0 0 -1
    outer loop
      vertex 45 75.5 0
      vertex 48 76 0
      vertex 61 75.5 0
    endloop
  endfacet
  facet normal 0 0 -1
    outer loop
      vertex 45 75.5 0
      vertex 48 88 0
      vertex 48 76 0
    endloop
  endfacet
  facet normal 0 0 -1
    outer loop
      vertex 33 75.5 0
      vertex 45 75.5 0
      vertex 33 12.5 0
    endloop
  endfacet
  facet normal 0 0 -1
    outer loop
      vertex 33 75.5 0
      vertex 48 88 0
      vertex 45 75.5 0
    endloop
  endfacet
  facet normal 0 0 -1
    outer loop
      vertex 19 88 0
      vertex 33 75.5 0
      vertex 19 80 0
    endloop
  endfacet
  facet normal 0 0 -1
    outer loop
      vertex 33 75.5 0
      vertex 19 88 0
      vertex 48 88 0
    endloop
  endfacet
  facet normal -0 0 -1
    outer loop
      vertex 7 88 0
      vertex 2.12132 85.8787 0
      vertex 4.24264 88 0
    endloop
  endfacet
  facet normal 0 0 -1
    outer loop
      vertex 6.93619 63.8334 0
      vertex 0 88 0
      vertex 6.928 64 0
    endloop
  endfacet
  facet normal 0 0 -1
    outer loop
      vertex 7.0012 64.4935 0
      vertex 0 88 0
      vertex 2.12132 85.8787 0
    endloop
  endfacet
  facet normal -1 0 0
    outer loop
      vertex 0 4.24264 0
      vertex 0 88 3
      vertex 0 88 0
    endloop
  endfacet
  facet normal -1 -0 0
    outer loop
      vertex 0 88 3
      vertex 0 4.24264 0
      vertex 0 4.24264 3
    endloop
  endfacet
  facet normal 0 1 -0
    outer loop
      vertex 114 88 0
      vertex 66 88 3
      vertex 114 88 3
    endloop
  endfacet
  facet normal 0 1 0
    outer loop
      vertex 66 88 3
      vertex 114 88 0
      vertex 66 88 0
    endloop
  endfacet
  facet normal 0 1 -0
    outer loop
      vertex 48 88 0
      vertex 19 88 3
      vertex 48 88 3
    endloop
  endfacet
  facet normal 0 1 0
    outer loop
      vertex 19 88 3
      vertex 48 88 0
      vertex 19 88 0
    endloop
  endfacet
  facet normal 0 1 -0
    outer loop
      vertex 7 88 0
      vertex 4.24264 88 3
      vertex 7 88 3
    endloop
  endfacet
  facet normal 0 1 0
    outer loop
      vertex 4.24264 88 3
      vertex 7 88 0
      vertex 4.24264 88 0
    endloop
  endfacet
  facet normal 0 -1 0
    outer loop
      vertex 0 0 0
      vertex 109.757 0 3
      vertex 0 0 3
    endloop
  endfacet
  facet normal 0 -1 -0
    outer loop
      vertex 109.757 0 3
      vertex 0 0 0
      vertex 109.757 0 0
    endloop
  endfacet
  facet normal -0.989168 -0.146788 0
    outer loop
      vertex 10.3198 24.1666 0
      vertex 10.2953 24.3317 3
      vertex 10.2953 24.3317 0
    endloop
  endfacet
  facet normal -0.989168 -0.146788 0
    outer loop
      vertex 10.2953 24.3317 3
      vertex 10.3198 24.1666 0
      vertex 10.3198 24.1666 3
    endloop
  endfacet
  facet normal -0.998791 -0.0491602 0
    outer loop
      vertex 10.328 24 0
      vertex 10.3198 24.1666 3
      vertex 10.3198 24.1666 0
    endloop
  endfacet
  facet normal -0.998791 -0.0491602 0
    outer loop
      vertex 10.3198 24.1666 3
      vertex 10.328 24 0
      vertex 10.328 24 3
    endloop
  endfacet
  facet normal -0.970072 -0.242818 0
    outer loop
      vertex 10.2953 24.3317 0
      vertex 10.2548 24.4935 3
      vertex 10.2548 24.4935 0
    endloop
  endfacet
  facet normal -0.970072 -0.242818 0
    outer loop
      vertex 10.2548 24.4935 3
      vertex 10.2953 24.3317 0
      vertex 10.2953 24.3317 3
    endloop
  endfacet
  facet normal -0.336868 0.941552 0
    outer loop
      vertex 9.27856 22.4294 0
      vertex 9.12148 22.3732 3
      vertex 9.27856 22.4294 3
    endloop
  endfacet
  facet normal -0.336868 0.941552 0
    outer loop
      vertex 9.12148 22.3732 3
      vertex 9.27856 22.4294 0
      vertex 9.12148 22.3732 0
    endloop
  endfacet
  facet normal 0.0491513 -0.998791 0
    outer loop
      vertex 8.46137 25.6918 0
      vertex 8.628 25.7 3
      vertex 8.46137 25.6918 3
    endloop
  endfacet
  facet normal 0.0491513 -0.998791 0
    outer loop
      vertex 8.628 25.7 3
      vertex 8.46137 25.6918 0
      vertex 8.628 25.7 0
    endloop
  endfacet
  facet normal -0.242775 -0.970083 0
    outer loop
      vertex 8.95965 25.6673 0
      vertex 9.12148 25.6268 3
      vertex 8.95965 25.6673 3
    endloop
  endfacet
  facet normal -0.242775 -0.970083 -0
    outer loop
      vertex 9.12148 25.6268 3
      vertex 8.95965 25.6673 0
      vertex 9.12148 25.6268 0
    endloop
  endfacet
  facet normal 0.336868 -0.941552 0
    outer loop
      vertex 7.97744 25.5706 0
      vertex 8.13452 25.6268 3
      vertex 7.97744 25.5706 3
    endloop
  endfacet
  facet normal 0.336868 -0.941552 0
    outer loop
      vertex 8.13452 25.6268 3
      vertex 7.97744 25.5706 0
      vertex 8.13452 25.6268 0
    endloop
  endfacet
  facet normal 0.336868 0.941552 -0
    outer loop
      vertex 8.13452 22.3732 0
      vertex 7.97744 22.4294 3
      vertex 8.13452 22.3732 3
    endloop
  endfacet
  facet normal 0.336868 0.941552 0
    outer loop
      vertex 7.97744 22.4294 3
      vertex 8.13452 22.3732 0
      vertex 7.97744 22.4294 0
    endloop
  endfacet
  facet normal -0.941566 -0.33683 0
    outer loop
      vertex 10.2548 24.4935 0
      vertex 10.1986 24.6506 3
      vertex 10.1986 24.6506 0
    endloop
  endfacet
  facet normal -0.941566 -0.33683 0
    outer loop
      vertex 10.1986 24.6506 3
      vertex 10.2548 24.4935 0
      vertex 10.2548 24.4935 3
    endloop
  endfacet
  facet normal 0.146857 0.989158 -0
    outer loop
      vertex 8.46137 22.3082 0
      vertex 8.29635 22.3327 3
      vertex 8.46137 22.3082 3
    endloop
  endfacet
  facet normal 0.146857 0.989158 0
    outer loop
      vertex 8.29635 22.3327 3
      vertex 8.46137 22.3082 0
      vertex 8.29635 22.3327 0
    endloop
  endfacet
  facet normal 0.970012 0.243059 -0
    outer loop
      vertex 7 23.5113 3
      vertex 6.96066 23.6683 3.1
      vertex 7 23.5113 3.1
    endloop
  endfacet
  facet normal 0.970012 0.243059 0
    outer loop
      vertex 6.96066 23.6683 3.1
      vertex 7 23.5113 3
      vertex 6.96066 23.6683 0
    endloop
  endfacet
  facet normal 0.970143 0.242536 -0
    outer loop
      vertex 7.0012 23.5065 0
      vertex 7 23.5113 3
      vertex 7.0012 23.5065 3
    endloop
  endfacet
  facet normal 0.970015 0.243043 -8.63302e-07
    outer loop
      vertex 7 23.5113 3
      vertex 7.0012 23.5065 0
      vertex 6.96066 23.6683 0
    endloop
  endfacet
  facet normal -0.595772 0.803154 0
    outer loop
      vertex 9.70647 22.6859 0
      vertex 9.57247 22.5865 3
      vertex 9.70647 22.6859 3
    endloop
  endfacet
  facet normal -0.595772 0.803154 0
    outer loop
      vertex 9.57247 22.5865 3
      vertex 9.70647 22.6859 0
      vertex 9.57247 22.5865 0
    endloop
  endfacet
  facet normal -0.904043 -0.427442 0
    outer loop
      vertex 10.1986 24.6506 0
      vertex 10.1273 24.8014 3
      vertex 10.1273 24.8014 0
    endloop
  endfacet
  facet normal -0.904043 -0.427442 0
    outer loop
      vertex 10.1273 24.8014 3
      vertex 10.1986 24.6506 0
      vertex 10.1986 24.6506 3
    endloop
  endfacet
  facet normal -0.970072 0.242818 0
    outer loop
      vertex 10.2548 23.5065 0
      vertex 10.2953 23.6683 3
      vertex 10.2953 23.6683 0
    endloop
  endfacet
  facet normal -0.970072 0.242818 0
    outer loop
      vertex 10.2953 23.6683 3
      vertex 10.2548 23.5065 0
      vertex 10.2548 23.5065 3
    endloop
  endfacet
  facet normal 0.242775 0.970083 -0
    outer loop
      vertex 8.29635 22.3327 0
      vertex 8.13452 22.3732 3
      vertex 8.29635 22.3327 3
    endloop
  endfacet
  facet normal 0.242775 0.970083 0
    outer loop
      vertex 8.13452 22.3732 3
      vertex 8.29635 22.3327 0
      vertex 8.13452 22.3732 0
    endloop
  endfacet
  facet normal 0.903973 0.427589 0
    outer loop
      vertex 7.12873 23.1986 3
      vertex 7.0574 23.3494 0
      vertex 7.0574 23.3494 3
    endloop
  endfacet
  facet normal 0.903973 0.427589 0
    outer loop
      vertex 7.0574 23.3494 0
      vertex 7.12873 23.1986 3
      vertex 7.12873 23.1986 0
    endloop
  endfacet
  facet normal -0.740905 -0.67161 0
    outer loop
      vertex 9.94212 25.0785 0
      vertex 9.83008 25.2021 3
      vertex 9.83008 25.2021 0
    endloop
  endfacet
  facet normal -0.740905 -0.67161 0
    outer loop
      vertex 9.83008 25.2021 3
      vertex 9.94212 25.0785 0
      vertex 9.94212 25.0785 3
    endloop
  endfacet
  facet normal -0.989168 0.146788 0
    outer loop
      vertex 10.2953 23.6683 0
      vertex 10.3198 23.8334 3
      vertex 10.3198 23.8334 0
    endloop
  endfacet
  facet normal -0.989168 0.146788 0
    outer loop
      vertex 10.3198 23.8334 3
      vertex 10.2953 23.6683 0
      vertex 10.2953 23.6683 3
    endloop
  endfacet
  facet normal 0.595772 0.803154 -0
    outer loop
      vertex 7.68353 22.5865 0
      vertex 7.54953 22.6859 3
      vertex 7.68353 22.5865 3
    endloop
  endfacet
  facet normal 0.595772 0.803154 0
    outer loop
      vertex 7.54953 22.6859 3
      vertex 7.68353 22.5865 0
      vertex 7.54953 22.6859 0
    endloop
  endfacet
  facet normal 0.740905 -0.67161 0
    outer loop
      vertex 7.31388 25.0785 3
      vertex 7.42592 25.2021 0
      vertex 7.42592 25.2021 3
    endloop
  endfacet
  facet normal 0.740905 -0.67161 0
    outer loop
      vertex 7.42592 25.2021 0
      vertex 7.31388 25.0785 3
      vertex 7.31388 25.0785 0
    endloop
  endfacet
  facet normal -0.803211 -0.595695 0
    outer loop
      vertex 10.0415 24.9445 0
      vertex 9.94212 25.0785 3
      vertex 9.94212 25.0785 0
    endloop
  endfacet
  facet normal -0.803211 -0.595695 0
    outer loop
      vertex 9.94212 25.0785 3
      vertex 10.0415 24.9445 0
      vertex 10.0415 24.9445 3
    endloop
  endfacet
  facet normal 0.998794 0.0491004 0
    outer loop
      vertex 6.93619 23.8334 3.1
      vertex 6.928 24 0
      vertex 6.928 24 3.1
    endloop
  endfacet
  facet normal 0.998794 0.0491004 0
    outer loop
      vertex 6.928 24 0
      vertex 6.93619 23.8334 3.1
      vertex 6.93619 23.8334 0
    endloop
  endfacet
  facet normal -0.0491513 -0.998791 0
    outer loop
      vertex 8.628 25.7 0
      vertex 8.79463 25.6918 3
      vertex 8.628 25.7 3
    endloop
  endfacet
  facet normal -0.0491513 -0.998791 -0
    outer loop
      vertex 8.79463 25.6918 3
      vertex 8.628 25.7 0
      vertex 8.79463 25.6918 0
    endloop
  endfacet
  facet normal 0.903973 -0.427589 0
    outer loop
      vertex 7.0574 24.6506 3
      vertex 7.12873 24.8014 0
      vertex 7.12873 24.8014 3
    endloop
  endfacet
  facet normal 0.903973 -0.427589 0
    outer loop
      vertex 7.12873 24.8014 0
      vertex 7.0574 24.6506 3
      vertex 7.0574 24.6506 0
    endloop
  endfacet
  facet normal -0.671448 -0.741051 0
    outer loop
      vertex 9.70647 25.3141 0
      vertex 9.83008 25.2021 3
      vertex 9.70647 25.3141 3
    endloop
  endfacet
  facet normal -0.671448 -0.741051 -0
    outer loop
      vertex 9.83008 25.2021 3
      vertex 9.70647 25.3141 0
      vertex 9.83008 25.2021 0
    endloop
  endfacet
  facet normal -0.146857 -0.989158 0
    outer loop
      vertex 8.79463 25.6918 0
      vertex 8.95965 25.6673 3
      vertex 8.79463 25.6918 3
    endloop
  endfacet
  facet normal -0.146857 -0.989158 -0
    outer loop
      vertex 8.95965 25.6673 3
      vertex 8.79463 25.6918 0
      vertex 8.95965 25.6673 0
    endloop
  endfacet
  facet normal -0.998791 0.0491602 0
    outer loop
      vertex 10.3198 23.8334 0
      vertex 10.328 24 3
      vertex 10.328 24 0
    endloop
  endfacet
  facet normal -0.998791 0.0491602 0
    outer loop
      vertex 10.328 24 3
      vertex 10.3198 23.8334 0
      vertex 10.3198 23.8334 3
    endloop
  endfacet
  facet normal -0.595772 -0.803154 0
    outer loop
      vertex 9.57247 25.4135 0
      vertex 9.70647 25.3141 3
      vertex 9.57247 25.4135 3
    endloop
  endfacet
  facet normal -0.595772 -0.803154 -0
    outer loop
      vertex 9.70647 25.3141 3
      vertex 9.57247 25.4135 0
      vertex 9.70647 25.3141 0
    endloop
  endfacet
  facet normal -0.904043 0.427442 0
    outer loop
      vertex 10.1273 23.1986 0
      vertex 10.1986 23.3494 3
      vertex 10.1986 23.3494 0
    endloop
  endfacet
  facet normal -0.904043 0.427442 0
    outer loop
      vertex 10.1986 23.3494 3
      vertex 10.1273 23.1986 0
      vertex 10.1273 23.1986 3
    endloop
  endfacet
  facet normal -0.514231 0.857652 0
    outer loop
      vertex 9.57247 22.5865 0
      vertex 9.42937 22.5007 3
      vertex 9.57247 22.5865 3
    endloop
  endfacet
  facet normal -0.514231 0.857652 0
    outer loop
      vertex 9.42937 22.5007 3
      vertex 9.57247 22.5865 0
      vertex 9.42937 22.5007 0
    endloop
  endfacet
  facet normal 0.514258 -0.857636 0
    outer loop
      vertex 7.68353 25.4135 0
      vertex 7.82662 25.4993 3
      vertex 7.68353 25.4135 3
    endloop
  endfacet
  facet normal 0.514258 -0.857636 0
    outer loop
      vertex 7.82662 25.4993 3
      vertex 7.68353 25.4135 0
      vertex 7.82662 25.4993 0
    endloop
  endfacet
  facet normal -0.0491513 0.998791 0
    outer loop
      vertex 8.79463 22.3082 0
      vertex 8.628 22.3 3
      vertex 8.79463 22.3082 3
    endloop
  endfacet
  facet normal -0.0491513 0.998791 0
    outer loop
      vertex 8.628 22.3 3
      vertex 8.79463 22.3082 0
      vertex 8.628 22.3 0
    endloop
  endfacet
  facet normal 0.595772 -0.803154 0
    outer loop
      vertex 7.54953 25.3141 0
      vertex 7.68353 25.4135 3
      vertex 7.54953 25.3141 3
    endloop
  endfacet
  facet normal 0.595772 -0.803154 0
    outer loop
      vertex 7.68353 25.4135 3
      vertex 7.54953 25.3141 0
      vertex 7.68353 25.4135 0
    endloop
  endfacet
  facet normal 0.671448 -0.741051 0
    outer loop
      vertex 7.42592 25.2021 0
      vertex 7.54953 25.3141 3
      vertex 7.42592 25.2021 3
    endloop
  endfacet
  facet normal 0.671448 -0.741051 0
    outer loop
      vertex 7.54953 25.3141 3
      vertex 7.42592 25.2021 0
      vertex 7.54953 25.3141 0
    endloop
  endfacet
  facet normal 0.242775 -0.970083 0
    outer loop
      vertex 8.13452 25.6268 0
      vertex 8.29635 25.6673 3
      vertex 8.13452 25.6268 3
    endloop
  endfacet
  facet normal 0.242775 -0.970083 0
    outer loop
      vertex 8.29635 25.6673 3
      vertex 8.13452 25.6268 0
      vertex 8.29635 25.6673 0
    endloop
  endfacet
  facet normal 0.941566 -0.33683 0
    outer loop
      vertex 7.0012 24.4935 3
      vertex 7.0574 24.6506 0
      vertex 7.0574 24.6506 3
    endloop
  endfacet
  facet normal 0.941566 -0.33683 0
    outer loop
      vertex 7.0574 24.6506 0
      vertex 7.0012 24.4935 3
      vertex 7.0012 24.4935 0
    endloop
  endfacet
  facet normal -0.427419 0.904054 0
    outer loop
      vertex 9.42937 22.5007 0
      vertex 9.27856 22.4294 3
      vertex 9.42937 22.5007 3
    endloop
  endfacet
  facet normal -0.427419 0.904054 0
    outer loop
      vertex 9.27856 22.4294 3
      vertex 9.42937 22.5007 0
      vertex 9.27856 22.4294 0
    endloop
  endfacet
  facet normal -0.427419 -0.904054 0
    outer loop
      vertex 9.27856 25.5706 0
      vertex 9.42937 25.4993 3
      vertex 9.27856 25.5706 3
    endloop
  endfacet
  facet normal -0.427419 -0.904054 -0
    outer loop
      vertex 9.42937 25.4993 3
      vertex 9.27856 25.5706 0
      vertex 9.42937 25.4993 0
    endloop
  endfacet
  facet normal 0.146857 -0.989158 0
    outer loop
      vertex 8.29635 25.6673 0
      vertex 8.46137 25.6918 3
      vertex 8.29635 25.6673 3
    endloop
  endfacet
  facet normal 0.146857 -0.989158 0
    outer loop
      vertex 8.46137 25.6918 3
      vertex 8.29635 25.6673 0
      vertex 8.46137 25.6918 0
    endloop
  endfacet
  facet normal -0.146857 0.989158 0
    outer loop
      vertex 8.95965 22.3327 0
      vertex 8.79463 22.3082 3
      vertex 8.95965 22.3327 3
    endloop
  endfacet
  facet normal -0.146857 0.989158 0
    outer loop
      vertex 8.79463 22.3082 3
      vertex 8.95965 22.3327 0
      vertex 8.79463 22.3082 0
    endloop
  endfacet
  facet normal -0.242775 0.970083 0
    outer loop
      vertex 9.12148 22.3732 0
      vertex 8.95965 22.3327 3
      vertex 9.12148 22.3732 3
    endloop
  endfacet
  facet normal -0.242775 0.970083 0
    outer loop
      vertex 8.95965 22.3327 3
      vertex 9.12148 22.3732 0
      vertex 8.95965 22.3327 0
    endloop
  endfacet
  facet normal -0.803211 0.595695 0
    outer loop
      vertex 9.94212 22.9215 0
      vertex 10.0415 23.0555 3
      vertex 10.0415 23.0555 0
    endloop
  endfacet
  facet normal -0.803211 0.595695 0
    outer loop
      vertex 10.0415 23.0555 3
      vertex 9.94212 22.9215 0
      vertex 9.94212 22.9215 3
    endloop
  endfacet
  facet normal -0.857652 0.514231 0
    outer loop
      vertex 10.0415 23.0555 0
      vertex 10.1273 23.1986 3
      vertex 10.1273 23.1986 0
    endloop
  endfacet
  facet normal -0.857652 0.514231 0
    outer loop
      vertex 10.1273 23.1986 3
      vertex 10.0415 23.0555 0
      vertex 10.0415 23.0555 3
    endloop
  endfacet
  facet normal -0.514231 -0.857652 0
    outer loop
      vertex 9.42937 25.4993 0
      vertex 9.57247 25.4135 3
      vertex 9.42937 25.4993 3
    endloop
  endfacet
  facet normal -0.514231 -0.857652 -0
    outer loop
      vertex 9.57247 25.4135 3
      vertex 9.42937 25.4993 0
      vertex 9.57247 25.4135 0
    endloop
  endfacet
  facet normal -0.941566 0.33683 0
    outer loop
      vertex 10.1986 23.3494 0
      vertex 10.2548 23.5065 3
      vertex 10.2548 23.5065 0
    endloop
  endfacet
  facet normal -0.941566 0.33683 0
    outer loop
      vertex 10.2548 23.5065 3
      vertex 10.1986 23.3494 0
      vertex 10.1986 23.3494 3
    endloop
  endfacet
  facet normal 0.857731 0.514099 0
    outer loop
      vertex 7.2145 23.0555 3
      vertex 7.12873 23.1986 0
      vertex 7.12873 23.1986 3
    endloop
  endfacet
  facet normal 0.857731 0.514099 0
    outer loop
      vertex 7.12873 23.1986 0
      vertex 7.2145 23.0555 3
      vertex 7.2145 23.0555 0
    endloop
  endfacet
  facet normal -0.857652 -0.514231 0
    outer loop
      vertex 10.1273 24.8014 0
      vertex 10.0415 24.9445 3
      vertex 10.0415 24.9445 0
    endloop
  endfacet
  facet normal -0.857652 -0.514231 0
    outer loop
      vertex 10.0415 24.9445 3
      vertex 10.1273 24.8014 0
      vertex 10.1273 24.8014 3
    endloop
  endfacet
  facet normal 0.427396 -0.904065 0
    outer loop
      vertex 7.82662 25.4993 0
      vertex 7.97744 25.5706 3
      vertex 7.82662 25.4993 3
    endloop
  endfacet
  facet normal 0.427396 -0.904065 0
    outer loop
      vertex 7.97744 25.5706 3
      vertex 7.82662 25.4993 0
      vertex 7.97744 25.5706 0
    endloop
  endfacet
  facet normal 0.740905 0.67161 0
    outer loop
      vertex 7.42592 22.7979 3
      vertex 7.31388 22.9215 0
      vertex 7.31388 22.9215 3
    endloop
  endfacet
  facet normal 0.740905 0.67161 0
    outer loop
      vertex 7.31388 22.9215 0
      vertex 7.42592 22.7979 3
      vertex 7.42592 22.7979 0
    endloop
  endfacet
  facet normal 0.427396 0.904065 -0
    outer loop
      vertex 7.97744 22.4294 0
      vertex 7.82662 22.5007 3
      vertex 7.97744 22.4294 3
    endloop
  endfacet
  facet normal 0.427396 0.904065 0
    outer loop
      vertex 7.82662 22.5007 3
      vertex 7.97744 22.4294 0
      vertex 7.82662 22.5007 0
    endloop
  endfacet
  facet normal 0.941566 0.33683 0
    outer loop
      vertex 7.0574 23.3494 3
      vertex 7.0012 23.5065 0
      vertex 7.0012 23.5065 3
    endloop
  endfacet
  facet normal 0.941566 0.33683 0
    outer loop
      vertex 7.0012 23.5065 0
      vertex 7.0574 23.3494 3
      vertex 7.0574 23.3494 0
    endloop
  endfacet
  facet normal 0.514258 0.857636 -0
    outer loop
      vertex 7.82662 22.5007 0
      vertex 7.68353 22.5865 3
      vertex 7.82662 22.5007 3
    endloop
  endfacet
  facet normal 0.514258 0.857636 0
    outer loop
      vertex 7.68353 22.5865 3
      vertex 7.82662 22.5007 0
      vertex 7.68353 22.5865 0
    endloop
  endfacet
  facet normal 0.970012 -0.243059 0
    outer loop
      vertex 7 24.4887 3.1
      vertex 6.96066 24.3317 3.1
      vertex 7 24.4887 3
    endloop
  endfacet
  facet normal 0.970143 -0.242536 0
    outer loop
      vertex 7 24.4887 3
      vertex 7.0012 24.4935 0
      vertex 7.0012 24.4935 3
    endloop
  endfacet
  facet normal 0.970012 -0.243059 0
    outer loop
      vertex 6.96066 24.3317 0
      vertex 7 24.4887 3
      vertex 6.96066 24.3317 3.1
    endloop
  endfacet
  facet normal 0.970015 -0.243043 -8.63302e-07
    outer loop
      vertex 7 24.4887 3
      vertex 6.96066 24.3317 0
      vertex 7.0012 24.4935 0
    endloop
  endfacet
  facet normal 0.989194 -0.146612 0
    outer loop
      vertex 6.93619 24.1666 3.1
      vertex 6.96066 24.3317 0
      vertex 6.96066 24.3317 3.1
    endloop
  endfacet
  facet normal 0.989194 -0.146612 0
    outer loop
      vertex 6.96066 24.3317 0
      vertex 6.93619 24.1666 3.1
      vertex 6.93619 24.1666 0
    endloop
  endfacet
  facet normal 0.803211 0.595695 0
    outer loop
      vertex 7.31388 22.9215 3
      vertex 7.2145 23.0555 0
      vertex 7.2145 23.0555 3
    endloop
  endfacet
  facet normal 0.803211 0.595695 0
    outer loop
      vertex 7.2145 23.0555 0
      vertex 7.31388 22.9215 3
      vertex 7.31388 22.9215 0
    endloop
  endfacet
  facet normal 0.989194 0.146612 0
    outer loop
      vertex 6.96066 23.6683 3.1
      vertex 6.93619 23.8334 0
      vertex 6.93619 23.8334 3.1
    endloop
  endfacet
  facet normal 0.989194 0.146612 0
    outer loop
      vertex 6.93619 23.8334 0
      vertex 6.96066 23.6683 3.1
      vertex 6.96066 23.6683 0
    endloop
  endfacet
  facet normal 0.671448 0.741051 -0
    outer loop
      vertex 7.54953 22.6859 0
      vertex 7.42592 22.7979 3
      vertex 7.54953 22.6859 3
    endloop
  endfacet
  facet normal 0.671448 0.741051 0
    outer loop
      vertex 7.42592 22.7979 3
      vertex 7.54953 22.6859 0
      vertex 7.42592 22.7979 0
    endloop
  endfacet
  facet normal 0.803211 -0.595695 0
    outer loop
      vertex 7.2145 24.9445 3
      vertex 7.31388 25.0785 0
      vertex 7.31388 25.0785 3
    endloop
  endfacet
  facet normal 0.803211 -0.595695 0
    outer loop
      vertex 7.31388 25.0785 0
      vertex 7.2145 24.9445 3
      vertex 7.2145 24.9445 0
    endloop
  endfacet
  facet normal 0.857731 -0.514099 0
    outer loop
      vertex 7.12873 24.8014 3
      vertex 7.2145 24.9445 0
      vertex 7.2145 24.9445 3
    endloop
  endfacet
  facet normal 0.857731 -0.514099 0
    outer loop
      vertex 7.2145 24.9445 0
      vertex 7.12873 24.8014 3
      vertex 7.12873 24.8014 0
    endloop
  endfacet
  facet normal 0 0 -1
    outer loop
      vertex 6.96066 23.6683 3.1
      vertex 7 24.4887 3.1
      vertex 7 23.5113 3.1
    endloop
  endfacet
  facet normal 0 0 -1
    outer loop
      vertex 6.96066 23.6683 3.1
      vertex 6.96066 24.3317 3.1
      vertex 7 24.4887 3.1
    endloop
  endfacet
  facet normal 0 0 -1
    outer loop
      vertex 6.93619 23.8334 3.1
      vertex 6.96066 24.3317 3.1
      vertex 6.96066 23.6683 3.1
    endloop
  endfacet
  facet normal 0 0 -1
    outer loop
      vertex 6.93619 23.8334 3.1
      vertex 6.93619 24.1666 3.1
      vertex 6.96066 24.3317 3.1
    endloop
  endfacet
  facet normal 0 -0 -1
    outer loop
      vertex 6.93619 24.1666 3.1
      vertex 6.93619 23.8334 3.1
      vertex 6.928 24 3.1
    endloop
  endfacet
  facet normal 0.0491513 0.998791 -0
    outer loop
      vertex 8.628 22.3 0
      vertex 8.46137 22.3082 3
      vertex 8.628 22.3 3
    endloop
  endfacet
  facet normal 0.0491513 0.998791 0
    outer loop
      vertex 8.46137 22.3082 3
      vertex 8.628 22.3 0
      vertex 8.46137 22.3082 0
    endloop
  endfacet
  facet normal 0.998794 -0.0491004 0
    outer loop
      vertex 6.928 24 3.1
      vertex 6.93619 24.1666 0
      vertex 6.93619 24.1666 3.1
    endloop
  endfacet
  facet normal 0.998794 -0.0491004 0
    outer loop
      vertex 6.93619 24.1666 0
      vertex 6.928 24 3.1
      vertex 6.928 24 0
    endloop
  endfacet
  facet normal -0.336868 -0.941552 0
    outer loop
      vertex 9.12148 25.6268 0
      vertex 9.27856 25.5706 3
      vertex 9.12148 25.6268 3
    endloop
  endfacet
  facet normal -0.336868 -0.941552 -0
    outer loop
      vertex 9.27856 25.5706 3
      vertex 9.12148 25.6268 0
      vertex 9.27856 25.5706 0
    endloop
  endfacet
  facet normal -0.740905 0.67161 0
    outer loop
      vertex 9.83008 22.7979 0
      vertex 9.94212 22.9215 3
      vertex 9.94212 22.9215 0
    endloop
  endfacet
  facet normal -0.740905 0.67161 0
    outer loop
      vertex 9.94212 22.9215 3
      vertex 9.83008 22.7979 0
      vertex 9.83008 22.7979 3
    endloop
  endfacet
  facet normal -0.671448 0.741051 0
    outer loop
      vertex 9.83008 22.7979 0
      vertex 9.70647 22.6859 3
      vertex 9.83008 22.7979 3
    endloop
  endfacet
  facet normal -0.671448 0.741051 0
    outer loop
      vertex 9.70647 22.6859 3
      vertex 9.83008 22.7979 0
      vertex 9.70647 22.6859 0
    endloop
  endfacet
  facet normal -0.989155 -0.146875 0
    outer loop
      vertex 10.3198 64.1666 0
      vertex 10.2953 64.3316 3
      vertex 10.2953 64.3316 0
    endloop
  endfacet
  facet normal -0.989155 -0.146875 0
    outer loop
      vertex 10.2953 64.3316 3
      vertex 10.3198 64.1666 0
      vertex 10.3198 64.1666 3
    endloop
  endfacet
  facet normal -0.998791 -0.0491602 0
    outer loop
      vertex 10.328 64 0
      vertex 10.3198 64.1666 3
      vertex 10.3198 64.1666 0
    endloop
  endfacet
  facet normal -0.998791 -0.0491602 0
    outer loop
      vertex 10.3198 64.1666 3
      vertex 10.328 64 0
      vertex 10.328 64 3
    endloop
  endfacet
  facet normal -0.970107 -0.242677 0
    outer loop
      vertex 10.2953 64.3316 0
      vertex 10.2548 64.4935 3
      vertex 10.2548 64.4935 0
    endloop
  endfacet
  facet normal -0.970107 -0.242677 0
    outer loop
      vertex 10.2548 64.4935 3
      vertex 10.2953 64.3316 0
      vertex 10.2953 64.3316 3
    endloop
  endfacet
  facet normal -0.336868 0.941552 0
    outer loop
      vertex 9.27856 62.4294 0
      vertex 9.12148 62.3732 3
      vertex 9.27856 62.4294 3
    endloop
  endfacet
  facet normal -0.336868 0.941552 0
    outer loop
      vertex 9.12148 62.3732 3
      vertex 9.27856 62.4294 0
      vertex 9.12148 62.3732 0
    endloop
  endfacet
  facet normal 0.0491513 -0.998791 0
    outer loop
      vertex 8.46137 65.6918 0
      vertex 8.628 65.7 3
      vertex 8.46137 65.6918 3
    endloop
  endfacet
  facet normal 0.0491513 -0.998791 0
    outer loop
      vertex 8.628 65.7 3
      vertex 8.46137 65.6918 0
      vertex 8.628 65.7 0
    endloop
  endfacet
  facet normal -0.671448 0.741051 0
    outer loop
      vertex 9.83008 62.7979 0
      vertex 9.70647 62.6859 3
      vertex 9.83008 62.7979 3
    endloop
  endfacet
  facet normal -0.671448 0.741051 0
    outer loop
      vertex 9.70647 62.6859 3
      vertex 9.83008 62.7979 0
      vertex 9.70647 62.6859 0
    endloop
  endfacet
  facet normal -0.242775 -0.970083 0
    outer loop
      vertex 8.95965 65.6673 0
      vertex 9.12148 65.6268 3
      vertex 8.95965 65.6673 3
    endloop
  endfacet
  facet normal -0.242775 -0.970083 -0
    outer loop
      vertex 9.12148 65.6268 3
      vertex 8.95965 65.6673 0
      vertex 9.12148 65.6268 0
    endloop
  endfacet
  facet normal 0.336868 -0.941552 0
    outer loop
      vertex 7.97744 65.5706 0
      vertex 8.13452 65.6268 3
      vertex 7.97744 65.5706 3
    endloop
  endfacet
  facet normal 0.336868 -0.941552 0
    outer loop
      vertex 8.13452 65.6268 3
      vertex 7.97744 65.5706 0
      vertex 8.13452 65.6268 0
    endloop
  endfacet
  facet normal -0.941566 -0.33683 0
    outer loop
      vertex 10.2548 64.4935 0
      vertex 10.1986 64.6506 3
      vertex 10.1986 64.6506 0
    endloop
  endfacet
  facet normal -0.941566 -0.33683 0
    outer loop
      vertex 10.1986 64.6506 3
      vertex 10.2548 64.4935 0
      vertex 10.2548 64.4935 3
    endloop
  endfacet
  facet normal 0.146857 0.989158 -0
    outer loop
      vertex 8.46137 62.3082 0
      vertex 8.29635 62.3327 3
      vertex 8.46137 62.3082 3
    endloop
  endfacet
  facet normal 0.146857 0.989158 0
    outer loop
      vertex 8.29635 62.3327 3
      vertex 8.46137 62.3082 0
      vertex 8.29635 62.3327 0
    endloop
  endfacet
  facet normal 0.970012 0.243059 -0
    outer loop
      vertex 7 63.5113 3
      vertex 6.96066 63.6683 3.1
      vertex 7 63.5113 3.1
    endloop
  endfacet
  facet normal 0.970012 0.243059 0
    outer loop
      vertex 6.96066 63.6683 3.1
      vertex 7 63.5113 3
      vertex 6.96066 63.6683 0
    endloop
  endfacet
  facet normal 0.970143 0.242536 -0
    outer loop
      vertex 7.0012 63.5065 0
      vertex 7 63.5113 3
      vertex 7.0012 63.5065 3
    endloop
  endfacet
  facet normal 0.970015 0.243043 -8.63302e-07
    outer loop
      vertex 7 63.5113 3
      vertex 7.0012 63.5065 0
      vertex 6.96066 63.6683 0
    endloop
  endfacet
  facet normal -0.595772 0.803154 0
    outer loop
      vertex 9.70647 62.6859 0
      vertex 9.57247 62.5865 3
      vertex 9.70647 62.6859 3
    endloop
  endfacet
  facet normal -0.595772 0.803154 0
    outer loop
      vertex 9.57247 62.5865 3
      vertex 9.70647 62.6859 0
      vertex 9.57247 62.5865 0
    endloop
  endfacet
  facet normal -0.904043 -0.427442 0
    outer loop
      vertex 10.1986 64.6506 0
      vertex 10.1273 64.8014 3
      vertex 10.1273 64.8014 0
    endloop
  endfacet
  facet normal -0.904043 -0.427442 0
    outer loop
      vertex 10.1273 64.8014 3
      vertex 10.1986 64.6506 0
      vertex 10.1986 64.6506 3
    endloop
  endfacet
  facet normal -0.970072 0.242818 0
    outer loop
      vertex 10.2548 63.5065 0
      vertex 10.2953 63.6683 3
      vertex 10.2953 63.6683 0
    endloop
  endfacet
  facet normal -0.970072 0.242818 0
    outer loop
      vertex 10.2953 63.6683 3
      vertex 10.2548 63.5065 0
      vertex 10.2548 63.5065 3
    endloop
  endfacet
  facet normal 0.242775 0.970083 -0
    outer loop
      vertex 8.29635 62.3327 0
      vertex 8.13452 62.3732 3
      vertex 8.29635 62.3327 3
    endloop
  endfacet
  facet normal 0.242775 0.970083 0
    outer loop
      vertex 8.13452 62.3732 3
      vertex 8.29635 62.3327 0
      vertex 8.13452 62.3732 0
    endloop
  endfacet
  facet normal 0.903973 0.427589 0
    outer loop
      vertex 7.12873 63.1986 3
      vertex 7.0574 63.3494 0
      vertex 7.0574 63.3494 3
    endloop
  endfacet
  facet normal 0.903973 0.427589 0
    outer loop
      vertex 7.0574 63.3494 0
      vertex 7.12873 63.1986 3
      vertex 7.12873 63.1986 0
    endloop
  endfacet
  facet normal -0.740905 -0.67161 0
    outer loop
      vertex 9.94212 65.0785 0
      vertex 9.83008 65.2021 3
      vertex 9.83008 65.2021 0
    endloop
  endfacet
  facet normal -0.740905 -0.67161 0
    outer loop
      vertex 9.83008 65.2021 3
      vertex 9.94212 65.0785 0
      vertex 9.94212 65.0785 3
    endloop
  endfacet
  facet normal -0.989168 0.146788 0
    outer loop
      vertex 10.2953 63.6683 0
      vertex 10.3198 63.8334 3
      vertex 10.3198 63.8334 0
    endloop
  endfacet
  facet normal -0.989168 0.146788 0
    outer loop
      vertex 10.3198 63.8334 3
      vertex 10.2953 63.6683 0
      vertex 10.2953 63.6683 3
    endloop
  endfacet
  facet normal 0.595772 0.803154 -0
    outer loop
      vertex 7.68353 62.5865 0
      vertex 7.54953 62.6859 3
      vertex 7.68353 62.5865 3
    endloop
  endfacet
  facet normal 0.595772 0.803154 0
    outer loop
      vertex 7.54953 62.6859 3
      vertex 7.68353 62.5865 0
      vertex 7.54953 62.6859 0
    endloop
  endfacet
  facet normal 0.740905 -0.67161 0
    outer loop
      vertex 7.31388 65.0785 3
      vertex 7.42592 65.2021 0
      vertex 7.42592 65.2021 3
    endloop
  endfacet
  facet normal 0.740905 -0.67161 0
    outer loop
      vertex 7.42592 65.2021 0
      vertex 7.31388 65.0785 3
      vertex 7.31388 65.0785 0
    endloop
  endfacet
  facet normal -0.803211 -0.595695 0
    outer loop
      vertex 10.0415 64.9445 0
      vertex 9.94212 65.0785 3
      vertex 9.94212 65.0785 0
    endloop
  endfacet
  facet normal -0.803211 -0.595695 0
    outer loop
      vertex 9.94212 65.0785 3
      vertex 10.0415 64.9445 0
      vertex 10.0415 64.9445 3
    endloop
  endfacet
  facet normal 0.998794 0.0491004 0
    outer loop
      vertex 6.93619 63.8334 3.1
      vertex 6.928 64 0
      vertex 6.928 64 3.1
    endloop
  endfacet
  facet normal 0.998794 0.0491004 0
    outer loop
      vertex 6.928 64 0
      vertex 6.93619 63.8334 3.1
      vertex 6.93619 63.8334 0
    endloop
  endfacet
  facet normal -0.0491513 -0.998791 0
    outer loop
      vertex 8.628 65.7 0
      vertex 8.79463 65.6918 3
      vertex 8.628 65.7 3
    endloop
  endfacet
  facet normal -0.0491513 -0.998791 -0
    outer loop
      vertex 8.79463 65.6918 3
      vertex 8.628 65.7 0
      vertex 8.79463 65.6918 0
    endloop
  endfacet
  facet normal 0.903973 -0.427589 0
    outer loop
      vertex 7.0574 64.6506 3
      vertex 7.12873 64.8014 0
      vertex 7.12873 64.8014 3
    endloop
  endfacet
  facet normal 0.903973 -0.427589 0
    outer loop
      vertex 7.12873 64.8014 0
      vertex 7.0574 64.6506 3
      vertex 7.0574 64.6506 0
    endloop
  endfacet
  facet normal -0.671448 -0.741051 0
    outer loop
      vertex 9.70647 65.3141 0
      vertex 9.83008 65.2021 3
      vertex 9.70647 65.3141 3
    endloop
  endfacet
  facet normal -0.671448 -0.741051 -0
    outer loop
      vertex 9.83008 65.2021 3
      vertex 9.70647 65.3141 0
      vertex 9.83008 65.2021 0
    endloop
  endfacet
  facet normal -0.146857 -0.989158 0
    outer loop
      vertex 8.79463 65.6918 0
      vertex 8.95965 65.6673 3
      vertex 8.79463 65.6918 3
    endloop
  endfacet
  facet normal -0.146857 -0.989158 -0
    outer loop
      vertex 8.95965 65.6673 3
      vertex 8.79463 65.6918 0
      vertex 8.95965 65.6673 0
    endloop
  endfacet
  facet normal -0.998791 0.0491602 0
    outer loop
      vertex 10.3198 63.8334 0
      vertex 10.328 64 3
      vertex 10.328 64 0
    endloop
  endfacet
  facet normal -0.998791 0.0491602 0
    outer loop
      vertex 10.328 64 3
      vertex 10.3198 63.8334 0
      vertex 10.3198 63.8334 3
    endloop
  endfacet
  facet normal -0.595772 -0.803154 0
    outer loop
      vertex 9.57247 65.4135 0
      vertex 9.70647 65.3141 3
      vertex 9.57247 65.4135 3
    endloop
  endfacet
  facet normal -0.595772 -0.803154 -0
    outer loop
      vertex 9.70647 65.3141 3
      vertex 9.57247 65.4135 0
      vertex 9.70647 65.3141 0
    endloop
  endfacet
  facet normal -0.904043 0.427442 0
    outer loop
      vertex 10.1273 63.1986 0
      vertex 10.1986 63.3494 3
      vertex 10.1986 63.3494 0
    endloop
  endfacet
  facet normal -0.904043 0.427442 0
    outer loop
      vertex 10.1986 63.3494 3
      vertex 10.1273 63.1986 0
      vertex 10.1273 63.1986 3
    endloop
  endfacet
  facet normal -0.514231 0.857652 0
    outer loop
      vertex 9.57247 62.5865 0
      vertex 9.42937 62.5007 3
      vertex 9.57247 62.5865 3
    endloop
  endfacet
  facet normal -0.514231 0.857652 0
    outer loop
      vertex 9.42937 62.5007 3
      vertex 9.57247 62.5865 0
      vertex 9.42937 62.5007 0
    endloop
  endfacet
  facet normal 0.514258 -0.857636 0
    outer loop
      vertex 7.68353 65.4135 0
      vertex 7.82662 65.4993 3
      vertex 7.68353 65.4135 3
    endloop
  endfacet
  facet normal 0.514258 -0.857636 0
    outer loop
      vertex 7.82662 65.4993 3
      vertex 7.68353 65.4135 0
      vertex 7.82662 65.4993 0
    endloop
  endfacet
  facet normal -0.0491513 0.998791 0
    outer loop
      vertex 8.79463 62.3082 0
      vertex 8.628 62.3 3
      vertex 8.79463 62.3082 3
    endloop
  endfacet
  facet normal -0.0491513 0.998791 0
    outer loop
      vertex 8.628 62.3 3
      vertex 8.79463 62.3082 0
      vertex 8.628 62.3 0
    endloop
  endfacet
  facet normal 0.595772 -0.803154 0
    outer loop
      vertex 7.54953 65.3141 0
      vertex 7.68353 65.4135 3
      vertex 7.54953 65.3141 3
    endloop
  endfacet
  facet normal 0.595772 -0.803154 0
    outer loop
      vertex 7.68353 65.4135 3
      vertex 7.54953 65.3141 0
      vertex 7.68353 65.4135 0
    endloop
  endfacet
  facet normal 0.671448 -0.741051 0
    outer loop
      vertex 7.42592 65.2021 0
      vertex 7.54953 65.3141 3
      vertex 7.42592 65.2021 3
    endloop
  endfacet
  facet normal 0.671448 -0.741051 0
    outer loop
      vertex 7.54953 65.3141 3
      vertex 7.42592 65.2021 0
      vertex 7.54953 65.3141 0
    endloop
  endfacet
  facet normal 0.242775 -0.970083 0
    outer loop
      vertex 8.13452 65.6268 0
      vertex 8.29635 65.6673 3
      vertex 8.13452 65.6268 3
    endloop
  endfacet
  facet normal 0.242775 -0.970083 0
    outer loop
      vertex 8.29635 65.6673 3
      vertex 8.13452 65.6268 0
      vertex 8.29635 65.6673 0
    endloop
  endfacet
  facet normal 0.941566 -0.33683 0
    outer loop
      vertex 7.0012 64.4935 3
      vertex 7.0574 64.6506 0
      vertex 7.0574 64.6506 3
    endloop
  endfacet
  facet normal 0.941566 -0.33683 0
    outer loop
      vertex 7.0574 64.6506 0
      vertex 7.0012 64.4935 3
      vertex 7.0012 64.4935 0
    endloop
  endfacet
  facet normal -0.427419 0.904054 0
    outer loop
      vertex 9.42937 62.5007 0
      vertex 9.27856 62.4294 3
      vertex 9.42937 62.5007 3
    endloop
  endfacet
  facet normal -0.427419 0.904054 0
    outer loop
      vertex 9.27856 62.4294 3
      vertex 9.42937 62.5007 0
      vertex 9.27856 62.4294 0
    endloop
  endfacet
  facet normal -0.427419 -0.904054 0
    outer loop
      vertex 9.27856 65.5706 0
      vertex 9.42937 65.4993 3
      vertex 9.27856 65.5706 3
    endloop
  endfacet
  facet normal -0.427419 -0.904054 -0
    outer loop
      vertex 9.42937 65.4993 3
      vertex 9.27856 65.5706 0
      vertex 9.42937 65.4993 0
    endloop
  endfacet
  facet normal 0.146857 -0.989158 0
    outer loop
      vertex 8.29635 65.6673 0
      vertex 8.46137 65.6918 3
      vertex 8.29635 65.6673 3
    endloop
  endfacet
  facet normal 0.146857 -0.989158 0
    outer loop
      vertex 8.46137 65.6918 3
      vertex 8.29635 65.6673 0
      vertex 8.46137 65.6918 0
    endloop
  endfacet
  facet normal -0.146857 0.989158 0
    outer loop
      vertex 8.95965 62.3327 0
      vertex 8.79463 62.3082 3
      vertex 8.95965 62.3327 3
    endloop
  endfacet
  facet normal -0.146857 0.989158 0
    outer loop
      vertex 8.79463 62.3082 3
      vertex 8.95965 62.3327 0
      vertex 8.79463 62.3082 0
    endloop
  endfacet
  facet normal -0.242775 0.970083 0
    outer loop
      vertex 9.12148 62.3732 0
      vertex 8.95965 62.3327 3
      vertex 9.12148 62.3732 3
    endloop
  endfacet
  facet normal -0.242775 0.970083 0
    outer loop
      vertex 8.95965 62.3327 3
      vertex 9.12148 62.3732 0
      vertex 8.95965 62.3327 0
    endloop
  endfacet
  facet normal -0.803211 0.595695 0
    outer loop
      vertex 9.94212 62.9215 0
      vertex 10.0415 63.0555 3
      vertex 10.0415 63.0555 0
    endloop
  endfacet
  facet normal -0.803211 0.595695 0
    outer loop
      vertex 10.0415 63.0555 3
      vertex 9.94212 62.9215 0
      vertex 9.94212 62.9215 3
    endloop
  endfacet
  facet normal -0.857652 0.514231 0
    outer loop
      vertex 10.0415 63.0555 0
      vertex 10.1273 63.1986 3
      vertex 10.1273 63.1986 0
    endloop
  endfacet
  facet normal -0.857652 0.514231 0
    outer loop
      vertex 10.1273 63.1986 3
      vertex 10.0415 63.0555 0
      vertex 10.0415 63.0555 3
    endloop
  endfacet
  facet normal -0.514231 -0.857652 0
    outer loop
      vertex 9.42937 65.4993 0
      vertex 9.57247 65.4135 3
      vertex 9.42937 65.4993 3
    endloop
  endfacet
  facet normal -0.514231 -0.857652 -0
    outer loop
      vertex 9.57247 65.4135 3
      vertex 9.42937 65.4993 0
      vertex 9.57247 65.4135 0
    endloop
  endfacet
  facet normal -0.941566 0.33683 0
    outer loop
      vertex 10.1986 63.3494 0
      vertex 10.2548 63.5065 3
      vertex 10.2548 63.5065 0
    endloop
  endfacet
  facet normal -0.941566 0.33683 0
    outer loop
      vertex 10.2548 63.5065 3
      vertex 10.1986 63.3494 0
      vertex 10.1986 63.3494 3
    endloop
  endfacet
  facet normal 0.857731 0.514099 0
    outer loop
      vertex 7.2145 63.0555 3
      vertex 7.12873 63.1986 0
      vertex 7.12873 63.1986 3
    endloop
  endfacet
  facet normal 0.857731 0.514099 0
    outer loop
      vertex 7.12873 63.1986 0
      vertex 7.2145 63.0555 3
      vertex 7.2145 63.0555 0
    endloop
  endfacet
  facet normal -0.857652 -0.514231 0
    outer loop
      vertex 10.1273 64.8014 0
      vertex 10.0415 64.9445 3
      vertex 10.0415 64.9445 0
    endloop
  endfacet
  facet normal -0.857652 -0.514231 0
    outer loop
      vertex 10.0415 64.9445 3
      vertex 10.1273 64.8014 0
      vertex 10.1273 64.8014 3
    endloop
  endfacet
  facet normal 0.427396 -0.904065 0
    outer loop
      vertex 7.82662 65.4993 0
      vertex 7.97744 65.5706 3
      vertex 7.82662 65.4993 3
    endloop
  endfacet
  facet normal 0.427396 -0.904065 0
    outer loop
      vertex 7.97744 65.5706 3
      vertex 7.82662 65.4993 0
      vertex 7.97744 65.5706 0
    endloop
  endfacet
  facet normal 0.740905 0.67161 0
    outer loop
      vertex 7.42592 62.7979 3
      vertex 7.31388 62.9215 0
      vertex 7.31388 62.9215 3
    endloop
  endfacet
  facet normal 0.740905 0.67161 0
    outer loop
      vertex 7.31388 62.9215 0
      vertex 7.42592 62.7979 3
      vertex 7.42592 62.7979 0
    endloop
  endfacet
  facet normal 0.427396 0.904065 -0
    outer loop
      vertex 7.97744 62.4294 0
      vertex 7.82662 62.5007 3
      vertex 7.97744 62.4294 3
    endloop
  endfacet
  facet normal 0.427396 0.904065 0
    outer loop
      vertex 7.82662 62.5007 3
      vertex 7.97744 62.4294 0
      vertex 7.82662 62.5007 0
    endloop
  endfacet
  facet normal 0.941566 0.33683 0
    outer loop
      vertex 7.0574 63.3494 3
      vertex 7.0012 63.5065 0
      vertex 7.0012 63.5065 3
    endloop
  endfacet
  facet normal 0.941566 0.33683 0
    outer loop
      vertex 7.0012 63.5065 0
      vertex 7.0574 63.3494 3
      vertex 7.0574 63.3494 0
    endloop
  endfacet
  facet normal 0.514258 0.857636 -0
    outer loop
      vertex 7.82662 62.5007 0
      vertex 7.68353 62.5865 3
      vertex 7.82662 62.5007 3
    endloop
  endfacet
  facet normal 0.514258 0.857636 0
    outer loop
      vertex 7.68353 62.5865 3
      vertex 7.82662 62.5007 0
      vertex 7.68353 62.5865 0
    endloop
  endfacet
  facet normal 0.970048 -0.242913 0
    outer loop
      vertex 7 64.4887 3.1
      vertex 6.96066 64.3316 3.1
      vertex 7 64.4887 3
    endloop
  endfacet
  facet normal 0.970143 -0.242536 0
    outer loop
      vertex 7 64.4887 3
      vertex 7.0012 64.4935 0
      vertex 7.0012 64.4935 3
    endloop
  endfacet
  facet normal 0.970048 -0.242913 0
    outer loop
      vertex 6.96066 64.3316 0
      vertex 7 64.4887 3
      vertex 6.96066 64.3316 3.1
    endloop
  endfacet
  facet normal 0.970051 -0.242902 -6.23133e-07
    outer loop
      vertex 7 64.4887 3
      vertex 6.96066 64.3316 0
      vertex 7.0012 64.4935 0
    endloop
  endfacet
  facet normal 0.989181 -0.146699 0
    outer loop
      vertex 6.93619 64.1666 3.1
      vertex 6.96066 64.3316 0
      vertex 6.96066 64.3316 3.1
    endloop
  endfacet
  facet normal 0.989181 -0.146699 0
    outer loop
      vertex 6.96066 64.3316 0
      vertex 6.93619 64.1666 3.1
      vertex 6.93619 64.1666 0
    endloop
  endfacet
  facet normal -0.336868 -0.941552 0
    outer loop
      vertex 9.12148 65.6268 0
      vertex 9.27856 65.5706 3
      vertex 9.12148 65.6268 3
    endloop
  endfacet
  facet normal -0.336868 -0.941552 -0
    outer loop
      vertex 9.27856 65.5706 3
      vertex 9.12148 65.6268 0
      vertex 9.27856 65.5706 0
    endloop
  endfacet
  facet normal 0.803211 0.595695 0
    outer loop
      vertex 7.31388 62.9215 3
      vertex 7.2145 63.0555 0
      vertex 7.2145 63.0555 3
    endloop
  endfacet
  facet normal 0.803211 0.595695 0
    outer loop
      vertex 7.2145 63.0555 0
      vertex 7.31388 62.9215 3
      vertex 7.31388 62.9215 0
    endloop
  endfacet
  facet normal 0.989194 0.146612 0
    outer loop
      vertex 6.96066 63.6683 3.1
      vertex 6.93619 63.8334 0
      vertex 6.93619 63.8334 3.1
    endloop
  endfacet
  facet normal 0.989194 0.146612 0
    outer loop
      vertex 6.93619 63.8334 0
      vertex 6.96066 63.6683 3.1
      vertex 6.96066 63.6683 0
    endloop
  endfacet
  facet normal 0.671448 0.741051 -0
    outer loop
      vertex 7.54953 62.6859 0
      vertex 7.42592 62.7979 3
      vertex 7.54953 62.6859 3
    endloop
  endfacet
  facet normal 0.671448 0.741051 0
    outer loop
      vertex 7.42592 62.7979 3
      vertex 7.54953 62.6859 0
      vertex 7.42592 62.7979 0
    endloop
  endfacet
  facet normal 0.803211 -0.595695 0
    outer loop
      vertex 7.2145 64.9445 3
      vertex 7.31388 65.0785 0
      vertex 7.31388 65.0785 3
    endloop
  endfacet
  facet normal 0.803211 -0.595695 0
    outer loop
      vertex 7.31388 65.0785 0
      vertex 7.2145 64.9445 3
      vertex 7.2145 64.9445 0
    endloop
  endfacet
  facet normal 0.857731 -0.514099 0
    outer loop
      vertex 7.12873 64.8014 3
      vertex 7.2145 64.9445 0
      vertex 7.2145 64.9445 3
    endloop
  endfacet
  facet normal 0.857731 -0.514099 0
    outer loop
      vertex 7.2145 64.9445 0
      vertex 7.12873 64.8014 3
      vertex 7.12873 64.8014 0
    endloop
  endfacet
  facet normal 0 0 -1
    outer loop
      vertex 6.96066 63.6683 3.1
      vertex 7 64.4887 3.1
      vertex 7 63.5113 3.1
    endloop
  endfacet
  facet normal 0 0 -1
    outer loop
      vertex 6.96066 63.6683 3.1
      vertex 6.96066 64.3316 3.1
      vertex 7 64.4887 3.1
    endloop
  endfacet
  facet normal 0 0 -1
    outer loop
      vertex 6.93619 63.8334 3.1
      vertex 6.96066 64.3316 3.1
      vertex 6.96066 63.6683 3.1
    endloop
  endfacet
  facet normal 0 0 -1
    outer loop
      vertex 6.93619 63.8334 3.1
      vertex 6.93619 64.1666 3.1
      vertex 6.96066 64.3316 3.1
    endloop
  endfacet
  facet normal 0 -0 -1
    outer loop
      vertex 6.93619 64.1666 3.1
      vertex 6.93619 63.8334 3.1
      vertex 6.928 64 3.1
    endloop
  endfacet
  facet normal 0.0491513 0.998791 -0
    outer loop
      vertex 8.628 62.3 0
      vertex 8.46137 62.3082 3
      vertex 8.628 62.3 3
    endloop
  endfacet
  facet normal 0.0491513 0.998791 0
    outer loop
      vertex 8.46137 62.3082 3
      vertex 8.628 62.3 0
      vertex 8.46137 62.3082 0
    endloop
  endfacet
  facet normal 0.998794 -0.0491004 0
    outer loop
      vertex 6.928 64 3.1
      vertex 6.93619 64.1666 0
      vertex 6.93619 64.1666 3.1
    endloop
  endfacet
  facet normal 0.998794 -0.0491004 0
    outer loop
      vertex 6.93619 64.1666 0
      vertex 6.928 64 3.1
      vertex 6.928 64 0
    endloop
  endfacet
  facet normal 0.336868 0.941552 -0
    outer loop
      vertex 8.13452 62.3732 0
      vertex 7.97744 62.4294 3
      vertex 8.13452 62.3732 3
    endloop
  endfacet
  facet normal 0.336868 0.941552 0
    outer loop
      vertex 7.97744 62.4294 3
      vertex 8.13452 62.3732 0
      vertex 7.97744 62.4294 0
    endloop
  endfacet
  facet normal -0.740905 0.67161 0
    outer loop
      vertex 9.83008 62.7979 0
      vertex 9.94212 62.9215 3
      vertex 9.94212 62.9215 0
    endloop
  endfacet
  facet normal -0.740905 0.67161 0
    outer loop
      vertex 9.94212 62.9215 3
      vertex 9.83008 62.7979 0
      vertex 9.83008 62.7979 3
    endloop
  endfacet
  facet normal 0.335127 0.942173 -0
    outer loop
      vertex 104.879 24.3132 0
      vertex 104.721 24.3694 3
      vertex 104.879 24.3132 3
    endloop
  endfacet
  facet normal 0.335127 0.942173 0
    outer loop
      vertex 104.721 24.3694 3
      vertex 104.879 24.3132 0
      vertex 104.721 24.3694 0
    endloop
  endfacet
  facet normal -0.988729 -0.149717 0
    outer loop
      vertex 107.064 26.1066 0
      vertex 107.039 26.2717 3
      vertex 107.039 26.2717 0
    endloop
  endfacet
  facet normal -0.988729 -0.149717 0
    outer loop
      vertex 107.039 26.2717 3
      vertex 107.064 26.1066 0
      vertex 107.064 26.1066 3
    endloop
  endfacet
  facet normal -0.998849 -0.0479639 0
    outer loop
      vertex 107.072 25.94 0
      vertex 107.064 26.1066 3
      vertex 107.064 26.1066 0
    endloop
  endfacet
  facet normal -0.998849 -0.0479639 0
    outer loop
      vertex 107.064 26.1066 3
      vertex 107.072 25.94 0
      vertex 107.072 25.94 3
    endloop
  endfacet
  facet normal -0.970774 -0.239994 0
    outer loop
      vertex 107.039 26.2717 0
      vertex 106.999 26.4335 3
      vertex 106.999 26.4335 0
    endloop
  endfacet
  facet normal -0.970774 -0.239994 0
    outer loop
      vertex 106.999 26.4335 3
      vertex 107.039 26.2717 0
      vertex 107.039 26.2717 3
    endloop
  endfacet
  facet normal 0.988729 -0.149717 0
    outer loop
      vertex 103.68 26.1066 3
      vertex 103.705 26.2717 0
      vertex 103.705 26.2717 3
    endloop
  endfacet
  facet normal 0.988729 -0.149717 0
    outer loop
      vertex 103.705 26.2717 0
      vertex 103.68 26.1066 3
      vertex 103.68 26.1066 0
    endloop
  endfacet
  facet normal 0.243953 0.969787 -0
    outer loop
      vertex 105.04 24.2727 0
      vertex 104.879 24.3132 3
      vertex 105.04 24.2727 3
    endloop
  endfacet
  facet normal 0.243953 0.969787 0
    outer loop
      vertex 104.879 24.3132 3
      vertex 105.04 24.2727 0
      vertex 104.879 24.3132 0
    endloop
  endfacet
  facet normal -0.335127 -0.942173 0
    outer loop
      vertex 105.865 27.5668 0
      vertex 106.023 27.5106 3
      vertex 105.865 27.5668 3
    endloop
  endfacet
  facet normal -0.335127 -0.942173 -0
    outer loop
      vertex 106.023 27.5106 3
      vertex 105.865 27.5668 0
      vertex 106.023 27.5106 0
    endloop
  endfacet
  facet normal 0.514496 -0.857493 0
    outer loop
      vertex 104.428 27.3535 0
      vertex 104.571 27.4393 3
      vertex 104.428 27.3535 3
    endloop
  endfacet
  facet normal 0.514496 -0.857493 0
    outer loop
      vertex 104.571 27.4393 3
      vertex 104.428 27.3535 0
      vertex 104.571 27.4393 0
    endloop
  endfacet
  facet normal 0.902418 0.430863 0
    outer loop
      vertex 103.873 25.1386 3
      vertex 103.801 25.2894 0
      vertex 103.801 25.2894 3
    endloop
  endfacet
  facet normal 0.902418 0.430863 0
    outer loop
      vertex 103.801 25.2894 0
      vertex 103.873 25.1386 3
      vertex 103.873 25.1386 0
    endloop
  endfacet
  facet normal 0.243953 -0.969787 0
    outer loop
      vertex 104.879 27.5668 0
      vertex 105.04 27.6073 3
      vertex 104.879 27.5668 3
    endloop
  endfacet
  facet normal 0.243953 -0.969787 0
    outer loop
      vertex 105.04 27.6073 3
      vertex 104.879 27.5668 0
      vertex 105.04 27.6073 0
    endloop
  endfacet
  facet normal 0.857123 0.515112 0
    outer loop
      vertex 103.959 24.9955 3
      vertex 103.873 25.1386 0
      vertex 103.873 25.1386 3
    endloop
  endfacet
  facet normal 0.857123 0.515112 0
    outer loop
      vertex 103.873 25.1386 0
      vertex 103.959 24.9955 3
      vertex 103.959 24.9955 0
    endloop
  endfacet
  facet normal -0.243953 0.969787 0
    outer loop
      vertex 105.865 24.3132 0
      vertex 105.704 24.2727 3
      vertex 105.865 24.3132 3
    endloop
  endfacet
  facet normal -0.243953 0.969787 0
    outer loop
      vertex 105.704 24.2727 3
      vertex 105.865 24.3132 0
      vertex 105.704 24.2727 0
    endloop
  endfacet
  facet normal 0.595772 0.803154 -0
    outer loop
      vertex 104.428 24.5265 0
      vertex 104.294 24.6259 3
      vertex 104.428 24.5265 3
    endloop
  endfacet
  facet normal 0.595772 0.803154 0
    outer loop
      vertex 104.294 24.6259 3
      vertex 104.428 24.5265 0
      vertex 104.294 24.6259 0
    endloop
  endfacet
  facet normal -0.514496 0.857493 0
    outer loop
      vertex 106.316 24.5265 0
      vertex 106.173 24.4407 3
      vertex 106.316 24.5265 3
    endloop
  endfacet
  facet normal -0.514496 0.857493 0
    outer loop
      vertex 106.173 24.4407 3
      vertex 106.316 24.5265 0
      vertex 106.173 24.4407 0
    endloop
  endfacet
  facet normal -0.804301 0.594222 0
    outer loop
      vertex 106.686 24.8615 0
      vertex 106.785 24.9955 3
      vertex 106.785 24.9955 0
    endloop
  endfacet
  facet normal -0.804301 0.594222 0
    outer loop
      vertex 106.785 24.9955 3
      vertex 106.686 24.8615 0
      vertex 106.686 24.8615 3
    endloop
  endfacet
  facet normal -0.146875 -0.989155 0
    outer loop
      vertex 105.539 27.6318 0
      vertex 105.704 27.6073 3
      vertex 105.539 27.6318 3
    endloop
  endfacet
  facet normal -0.146875 -0.989155 -0
    outer loop
      vertex 105.704 27.6073 3
      vertex 105.539 27.6318 0
      vertex 105.704 27.6073 0
    endloop
  endfacet
  facet normal 0.595772 -0.803154 0
    outer loop
      vertex 104.294 27.2541 0
      vertex 104.428 27.3535 3
      vertex 104.294 27.2541 3
    endloop
  endfacet
  facet normal 0.595772 -0.803154 0
    outer loop
      vertex 104.428 27.3535 3
      vertex 104.294 27.2541 0
      vertex 104.428 27.3535 0
    endloop
  endfacet
  facet normal 0.804301 -0.594222 0
    outer loop
      vertex 103.959 26.8845 3
      vertex 104.058 27.0185 0
      vertex 104.058 27.0185 3
    endloop
  endfacet
  facet normal 0.804301 -0.594222 0
    outer loop
      vertex 104.058 27.0185 0
      vertex 103.959 26.8845 3
      vertex 103.959 26.8845 0
    endloop
  endfacet
  facet normal -0.988729 0.149717 0
    outer loop
      vertex 107.039 25.6083 0
      vertex 107.064 25.7734 3
      vertex 107.064 25.7734 0
    endloop
  endfacet
  facet normal -0.988729 0.149717 0
    outer loop
      vertex 107.064 25.7734 3
      vertex 107.039 25.6083 0
      vertex 107.039 25.6083 3
    endloop
  endfacet
  facet normal 0.941945 -0.335767 0
    outer loop
      vertex 103.745 26.4335 3
      vertex 103.801 26.5906 0
      vertex 103.801 26.5906 3
    endloop
  endfacet
  facet normal 0.941945 -0.335767 0
    outer loop
      vertex 103.801 26.5906 0
      vertex 103.745 26.4335 3
      vertex 103.745 26.4335 0
    endloop
  endfacet
  facet normal -0.429302 -0.903161 0
    outer loop
      vertex 106.023 27.5106 0
      vertex 106.173 27.4393 3
      vertex 106.023 27.5106 3
    endloop
  endfacet
  facet normal -0.429302 -0.903161 -0
    outer loop
      vertex 106.173 27.4393 3
      vertex 106.023 27.5106 0
      vertex 106.173 27.4393 0
    endloop
  endfacet
  facet normal 0.941945 0.335767 0
    outer loop
      vertex 103.801 25.2894 3
      vertex 103.745 25.4465 0
      vertex 103.745 25.4465 3
    endloop
  endfacet
  facet normal 0.941945 0.335767 0
    outer loop
      vertex 103.745 25.4465 0
      vertex 103.801 25.2894 3
      vertex 103.801 25.2894 0
    endloop
  endfacet
  facet normal -0.970774 0.239994 0
    outer loop
      vertex 106.999 25.4465 0
      vertex 107.039 25.6083 3
      vertex 107.039 25.6083 0
    endloop
  endfacet
  facet normal -0.970774 0.239994 0
    outer loop
      vertex 107.039 25.6083 3
      vertex 106.999 25.4465 0
      vertex 106.999 25.4465 3
    endloop
  endfacet
  facet normal 0.0490427 -0.998797 0
    outer loop
      vertex 105.205 27.6318 0
      vertex 105.372 27.64 3
      vertex 105.205 27.6318 3
    endloop
  endfacet
  facet normal 0.0490427 -0.998797 0
    outer loop
      vertex 105.372 27.64 3
      vertex 105.205 27.6318 0
      vertex 105.372 27.64 0
    endloop
  endfacet
  facet normal -0.670286 -0.742103 0
    outer loop
      vertex 106.45 27.2541 0
      vertex 106.574 27.1421 3
      vertex 106.45 27.2541 3
    endloop
  endfacet
  facet normal -0.670286 -0.742103 -0
    outer loop
      vertex 106.574 27.1421 3
      vertex 106.45 27.2541 0
      vertex 106.574 27.1421 0
    endloop
  endfacet
  facet normal 0.429302 -0.903161 0
    outer loop
      vertex 104.571 27.4393 0
      vertex 104.721 27.5106 3
      vertex 104.571 27.4393 3
    endloop
  endfacet
  facet normal 0.429302 -0.903161 0
    outer loop
      vertex 104.721 27.5106 3
      vertex 104.571 27.4393 0
      vertex 104.721 27.5106 0
    endloop
  endfacet
  facet normal 0.670286 -0.742103 0
    outer loop
      vertex 104.17 27.1421 0
      vertex 104.294 27.2541 3
      vertex 104.17 27.1421 3
    endloop
  endfacet
  facet normal 0.670286 -0.742103 0
    outer loop
      vertex 104.294 27.2541 3
      vertex 104.17 27.1421 0
      vertex 104.294 27.2541 0
    endloop
  endfacet
  facet normal -0.335127 0.942173 0
    outer loop
      vertex 106.023 24.3694 0
      vertex 105.865 24.3132 3
      vertex 106.023 24.3694 3
    endloop
  endfacet
  facet normal -0.335127 0.942173 0
    outer loop
      vertex 105.865 24.3132 3
      vertex 106.023 24.3694 0
      vertex 105.865 24.3132 0
    endloop
  endfacet
  facet normal 0.335127 -0.942173 0
    outer loop
      vertex 104.721 27.5106 0
      vertex 104.879 27.5668 3
      vertex 104.721 27.5106 3
    endloop
  endfacet
  facet normal 0.335127 -0.942173 0
    outer loop
      vertex 104.879 27.5668 3
      vertex 104.721 27.5106 0
      vertex 104.879 27.5668 0
    endloop
  endfacet
  facet normal -0.804301 -0.594222 0
    outer loop
      vertex 106.785 26.8845 0
      vertex 106.686 27.0185 3
      vertex 106.686 27.0185 0
    endloop
  endfacet
  facet normal -0.804301 -0.594222 0
    outer loop
      vertex 106.686 27.0185 3
      vertex 106.785 26.8845 0
      vertex 106.785 26.8845 3
    endloop
  endfacet
  facet normal 0.857123 -0.515112 0
    outer loop
      vertex 103.873 26.7414 3
      vertex 103.959 26.8845 0
      vertex 103.959 26.8845 3
    endloop
  endfacet
  facet normal 0.857123 -0.515112 0
    outer loop
      vertex 103.959 26.8845 0
      vertex 103.873 26.7414 3
      vertex 103.873 26.7414 0
    endloop
  endfacet
  facet normal -0.998849 0.0479639 0
    outer loop
      vertex 107.064 25.7734 0
      vertex 107.072 25.94 3
      vertex 107.072 25.94 0
    endloop
  endfacet
  facet normal -0.998849 0.0479639 0
    outer loop
      vertex 107.072 25.94 3
      vertex 107.064 25.7734 0
      vertex 107.064 25.7734 3
    endloop
  endfacet
  facet normal -0.902418 0.430863 0
    outer loop
      vertex 106.871 25.1386 0
      vertex 106.943 25.2894 3
      vertex 106.943 25.2894 0
    endloop
  endfacet
  facet normal -0.902418 0.430863 0
    outer loop
      vertex 106.943 25.2894 3
      vertex 106.871 25.1386 0
      vertex 106.871 25.1386 3
    endloop
  endfacet
  facet normal 0.670286 0.742103 -0
    outer loop
      vertex 104.294 24.6259 0
      vertex 104.17 24.7379 3
      vertex 104.294 24.6259 3
    endloop
  endfacet
  facet normal 0.670286 0.742103 0
    outer loop
      vertex 104.17 24.7379 3
      vertex 104.294 24.6259 0
      vertex 104.17 24.7379 0
    endloop
  endfacet
  facet normal -0.595772 -0.803154 0
    outer loop
      vertex 106.316 27.3535 0
      vertex 106.45 27.2541 3
      vertex 106.316 27.3535 3
    endloop
  endfacet
  facet normal -0.595772 -0.803154 -0
    outer loop
      vertex 106.45 27.2541 3
      vertex 106.316 27.3535 0
      vertex 106.45 27.2541 0
    endloop
  endfacet
  facet normal 0.514496 0.857493 -0
    outer loop
      vertex 104.571 24.4407 0
      vertex 104.428 24.5265 3
      vertex 104.571 24.4407 3
    endloop
  endfacet
  facet normal 0.514496 0.857493 0
    outer loop
      vertex 104.428 24.5265 3
      vertex 104.571 24.4407 0
      vertex 104.428 24.5265 0
    endloop
  endfacet
  facet normal -0.514496 -0.857493 0
    outer loop
      vertex 106.173 27.4393 0
      vertex 106.316 27.3535 3
      vertex 106.173 27.4393 3
    endloop
  endfacet
  facet normal -0.514496 -0.857493 -0
    outer loop
      vertex 106.316 27.3535 3
      vertex 106.173 27.4393 0
      vertex 106.316 27.3535 0
    endloop
  endfacet
  facet normal -0.146875 0.989155 0
    outer loop
      vertex 105.704 24.2727 0
      vertex 105.539 24.2482 3
      vertex 105.704 24.2727 3
    endloop
  endfacet
  facet normal -0.146875 0.989155 0
    outer loop
      vertex 105.539 24.2482 3
      vertex 105.704 24.2727 0
      vertex 105.539 24.2482 0
    endloop
  endfacet
  facet normal -0.941945 -0.335767 0
    outer loop
      vertex 106.999 26.4335 0
      vertex 106.943 26.5906 3
      vertex 106.943 26.5906 0
    endloop
  endfacet
  facet normal -0.941945 -0.335767 0
    outer loop
      vertex 106.943 26.5906 3
      vertex 106.999 26.4335 0
      vertex 106.999 26.4335 3
    endloop
  endfacet
  facet normal -0.857123 0.515112 0
    outer loop
      vertex 106.785 24.9955 0
      vertex 106.871 25.1386 3
      vertex 106.871 25.1386 0
    endloop
  endfacet
  facet normal -0.857123 0.515112 0
    outer loop
      vertex 106.871 25.1386 3
      vertex 106.785 24.9955 0
      vertex 106.785 24.9955 3
    endloop
  endfacet
  facet normal 0.998849 0.0479639 0
    outer loop
      vertex 103.68 25.7734 3
      vertex 103.672 25.94 0
      vertex 103.672 25.94 3
    endloop
  endfacet
  facet normal 0.998849 0.0479639 0
    outer loop
      vertex 103.672 25.94 0
      vertex 103.68 25.7734 3
      vertex 103.68 25.7734 0
    endloop
  endfacet
  facet normal -0.941945 0.335767 0
    outer loop
      vertex 106.943 25.2894 0
      vertex 106.999 25.4465 3
      vertex 106.999 25.4465 0
    endloop
  endfacet
  facet normal -0.941945 0.335767 0
    outer loop
      vertex 106.999 25.4465 3
      vertex 106.943 25.2894 0
      vertex 106.943 25.2894 3
    endloop
  endfacet
  facet normal -0.741024 -0.671478 0
    outer loop
      vertex 106.686 27.0185 0
      vertex 106.574 27.1421 3
      vertex 106.574 27.1421 0
    endloop
  endfacet
  facet normal -0.741024 -0.671478 0
    outer loop
      vertex 106.574 27.1421 3
      vertex 106.686 27.0185 0
      vertex 106.686 27.0185 3
    endloop
  endfacet
  facet normal -0.0490427 -0.998797 0
    outer loop
      vertex 105.372 27.64 0
      vertex 105.539 27.6318 3
      vertex 105.372 27.64 3
    endloop
  endfacet
  facet normal -0.0490427 -0.998797 -0
    outer loop
      vertex 105.539 27.6318 3
      vertex 105.372 27.64 0
      vertex 105.539 27.6318 0
    endloop
  endfacet
  facet normal -0.902418 -0.430863 0
    outer loop
      vertex 106.943 26.5906 0
      vertex 106.871 26.7414 3
      vertex 106.871 26.7414 0
    endloop
  endfacet
  facet normal -0.902418 -0.430863 0
    outer loop
      vertex 106.871 26.7414 3
      vertex 106.943 26.5906 0
      vertex 106.943 26.5906 3
    endloop
  endfacet
  facet normal 0.146875 0.989155 -0
    outer loop
      vertex 105.205 24.2482 0
      vertex 105.04 24.2727 3
      vertex 105.205 24.2482 3
    endloop
  endfacet
  facet normal 0.146875 0.989155 0
    outer loop
      vertex 105.04 24.2727 3
      vertex 105.205 24.2482 0
      vertex 105.04 24.2727 0
    endloop
  endfacet
  facet normal -0.670286 0.742103 0
    outer loop
      vertex 106.574 24.7379 0
      vertex 106.45 24.6259 3
      vertex 106.574 24.7379 3
    endloop
  endfacet
  facet normal -0.670286 0.742103 0
    outer loop
      vertex 106.45 24.6259 3
      vertex 106.574 24.7379 0
      vertex 106.45 24.6259 0
    endloop
  endfacet
  facet normal -0.857123 -0.515112 0
    outer loop
      vertex 106.871 26.7414 0
      vertex 106.785 26.8845 3
      vertex 106.785 26.8845 0
    endloop
  endfacet
  facet normal -0.857123 -0.515112 0
    outer loop
      vertex 106.785 26.8845 3
      vertex 106.871 26.7414 0
      vertex 106.871 26.7414 3
    endloop
  endfacet
  facet normal 0.0490427 0.998797 -0
    outer loop
      vertex 105.372 24.24 0
      vertex 105.205 24.2482 3
      vertex 105.372 24.24 3
    endloop
  endfacet
  facet normal 0.0490427 0.998797 0
    outer loop
      vertex 105.205 24.2482 3
      vertex 105.372 24.24 0
      vertex 105.205 24.2482 0
    endloop
  endfacet
  facet normal 0.741024 -0.671478 0
    outer loop
      vertex 104.058 27.0185 3
      vertex 104.17 27.1421 0
      vertex 104.17 27.1421 3
    endloop
  endfacet
  facet normal 0.741024 -0.671478 0
    outer loop
      vertex 104.17 27.1421 0
      vertex 104.058 27.0185 3
      vertex 104.058 27.0185 0
    endloop
  endfacet
  facet normal 0.146875 -0.989155 0
    outer loop
      vertex 105.04 27.6073 0
      vertex 105.205 27.6318 3
      vertex 105.04 27.6073 3
    endloop
  endfacet
  facet normal 0.146875 -0.989155 0
    outer loop
      vertex 105.205 27.6318 3
      vertex 105.04 27.6073 0
      vertex 105.205 27.6318 0
    endloop
  endfacet
  facet normal 0.902418 -0.430863 0
    outer loop
      vertex 103.801 26.5906 3
      vertex 103.873 26.7414 0
      vertex 103.873 26.7414 3
    endloop
  endfacet
  facet normal 0.902418 -0.430863 0
    outer loop
      vertex 103.873 26.7414 0
      vertex 103.801 26.5906 3
      vertex 103.801 26.5906 0
    endloop
  endfacet
  facet normal 0.970774 -0.239994 0
    outer loop
      vertex 103.705 26.2717 3
      vertex 103.745 26.4335 0
      vertex 103.745 26.4335 3
    endloop
  endfacet
  facet normal 0.970774 -0.239994 0
    outer loop
      vertex 103.745 26.4335 0
      vertex 103.705 26.2717 3
      vertex 103.705 26.2717 0
    endloop
  endfacet
  facet normal -0.243953 -0.969787 0
    outer loop
      vertex 105.704 27.6073 0
      vertex 105.865 27.5668 3
      vertex 105.704 27.6073 3
    endloop
  endfacet
  facet normal -0.243953 -0.969787 -0
    outer loop
      vertex 105.865 27.5668 3
      vertex 105.704 27.6073 0
      vertex 105.865 27.5668 0
    endloop
  endfacet
  facet normal 0.970774 0.239994 0
    outer loop
      vertex 103.745 25.4465 3
      vertex 103.705 25.6083 0
      vertex 103.705 25.6083 3
    endloop
  endfacet
  facet normal 0.970774 0.239994 0
    outer loop
      vertex 103.705 25.6083 0
      vertex 103.745 25.4465 3
      vertex 103.745 25.4465 0
    endloop
  endfacet
  facet normal 0.429302 0.903161 -0
    outer loop
      vertex 104.721 24.3694 0
      vertex 104.571 24.4407 3
      vertex 104.721 24.3694 3
    endloop
  endfacet
  facet normal 0.429302 0.903161 0
    outer loop
      vertex 104.571 24.4407 3
      vertex 104.721 24.3694 0
      vertex 104.571 24.4407 0
    endloop
  endfacet
  facet normal 0.741024 0.671478 0
    outer loop
      vertex 104.17 24.7379 3
      vertex 104.058 24.8615 0
      vertex 104.058 24.8615 3
    endloop
  endfacet
  facet normal 0.741024 0.671478 0
    outer loop
      vertex 104.058 24.8615 0
      vertex 104.17 24.7379 3
      vertex 104.17 24.7379 0
    endloop
  endfacet
  facet normal -0.429302 0.903161 0
    outer loop
      vertex 106.173 24.4407 0
      vertex 106.023 24.3694 3
      vertex 106.173 24.4407 3
    endloop
  endfacet
  facet normal -0.429302 0.903161 0
    outer loop
      vertex 106.023 24.3694 3
      vertex 106.173 24.4407 0
      vertex 106.023 24.3694 0
    endloop
  endfacet
  facet normal -0.0490427 0.998797 0
    outer loop
      vertex 105.539 24.2482 0
      vertex 105.372 24.24 3
      vertex 105.539 24.2482 3
    endloop
  endfacet
  facet normal -0.0490427 0.998797 0
    outer loop
      vertex 105.372 24.24 3
      vertex 105.539 24.2482 0
      vertex 105.372 24.24 0
    endloop
  endfacet
  facet normal 0.988729 0.149717 0
    outer loop
      vertex 103.705 25.6083 3
      vertex 103.68 25.7734 0
      vertex 103.68 25.7734 3
    endloop
  endfacet
  facet normal 0.988729 0.149717 0
    outer loop
      vertex 103.68 25.7734 0
      vertex 103.705 25.6083 3
      vertex 103.705 25.6083 0
    endloop
  endfacet
  facet normal -0.595772 0.803154 0
    outer loop
      vertex 106.45 24.6259 0
      vertex 106.316 24.5265 3
      vertex 106.45 24.6259 3
    endloop
  endfacet
  facet normal -0.595772 0.803154 0
    outer loop
      vertex 106.316 24.5265 3
      vertex 106.45 24.6259 0
      vertex 106.316 24.5265 0
    endloop
  endfacet
  facet normal 0.804301 0.594222 0
    outer loop
      vertex 104.058 24.8615 3
      vertex 103.959 24.9955 0
      vertex 103.959 24.9955 3
    endloop
  endfacet
  facet normal 0.804301 0.594222 0
    outer loop
      vertex 103.959 24.9955 0
      vertex 104.058 24.8615 3
      vertex 104.058 24.8615 0
    endloop
  endfacet
  facet normal 0.998849 -0.0479639 0
    outer loop
      vertex 103.672 25.94 3
      vertex 103.68 26.1066 0
      vertex 103.68 26.1066 3
    endloop
  endfacet
  facet normal 0.998849 -0.0479639 0
    outer loop
      vertex 103.68 26.1066 0
      vertex 103.672 25.94 3
      vertex 103.672 25.94 0
    endloop
  endfacet
  facet normal -0.741024 0.671478 0
    outer loop
      vertex 106.574 24.7379 0
      vertex 106.686 24.8615 3
      vertex 106.686 24.8615 0
    endloop
  endfacet
  facet normal -0.741024 0.671478 0
    outer loop
      vertex 106.686 24.8615 3
      vertex 106.574 24.7379 0
      vertex 106.574 24.7379 3
    endloop
  endfacet
  facet normal 0.335127 0.942173 -0
    outer loop
      vertex 104.879 60.4332 0
      vertex 104.721 60.4894 3
      vertex 104.879 60.4332 3
    endloop
  endfacet
  facet normal 0.335127 0.942173 0
    outer loop
      vertex 104.721 60.4894 3
      vertex 104.879 60.4332 0
      vertex 104.721 60.4894 0
    endloop
  endfacet
  facet normal -0.988729 -0.149717 0
    outer loop
      vertex 107.064 62.2266 0
      vertex 107.039 62.3917 3
      vertex 107.039 62.3917 0
    endloop
  endfacet
  facet normal -0.988729 -0.149717 0
    outer loop
      vertex 107.039 62.3917 3
      vertex 107.064 62.2266 0
      vertex 107.064 62.2266 3
    endloop
  endfacet
  facet normal -0.998849 -0.0479639 0
    outer loop
      vertex 107.072 62.06 0
      vertex 107.064 62.2266 3
      vertex 107.064 62.2266 0
    endloop
  endfacet
  facet normal -0.998849 -0.0479639 0
    outer loop
      vertex 107.064 62.2266 3
      vertex 107.072 62.06 0
      vertex 107.072 62.06 3
    endloop
  endfacet
  facet normal -0.970774 -0.239994 0
    outer loop
      vertex 107.039 62.3917 0
      vertex 106.999 62.5535 3
      vertex 106.999 62.5535 0
    endloop
  endfacet
  facet normal -0.970774 -0.239994 0
    outer loop
      vertex 106.999 62.5535 3
      vertex 107.039 62.3917 0
      vertex 107.039 62.3917 3
    endloop
  endfacet
  facet normal 0.988729 -0.149717 0
    outer loop
      vertex 103.68 62.2266 3
      vertex 103.705 62.3917 0
      vertex 103.705 62.3917 3
    endloop
  endfacet
  facet normal 0.988729 -0.149717 0
    outer loop
      vertex 103.705 62.3917 0
      vertex 103.68 62.2266 3
      vertex 103.68 62.2266 0
    endloop
  endfacet
  facet normal 0.243953 0.969787 -0
    outer loop
      vertex 105.04 60.3927 0
      vertex 104.879 60.4332 3
      vertex 105.04 60.3927 3
    endloop
  endfacet
  facet normal 0.243953 0.969787 0
    outer loop
      vertex 104.879 60.4332 3
      vertex 105.04 60.3927 0
      vertex 104.879 60.4332 0
    endloop
  endfacet
  facet normal -0.335127 -0.942173 0
    outer loop
      vertex 105.865 63.6868 0
      vertex 106.023 63.6306 3
      vertex 105.865 63.6868 3
    endloop
  endfacet
  facet normal -0.335127 -0.942173 -0
    outer loop
      vertex 106.023 63.6306 3
      vertex 105.865 63.6868 0
      vertex 106.023 63.6306 0
    endloop
  endfacet
  facet normal 0.514496 -0.857493 0
    outer loop
      vertex 104.428 63.4735 0
      vertex 104.571 63.5593 3
      vertex 104.428 63.4735 3
    endloop
  endfacet
  facet normal 0.514496 -0.857493 0
    outer loop
      vertex 104.571 63.5593 3
      vertex 104.428 63.4735 0
      vertex 104.571 63.5593 0
    endloop
  endfacet
  facet normal 0.902418 0.430863 0
    outer loop
      vertex 103.873 61.2586 3
      vertex 103.801 61.4094 0
      vertex 103.801 61.4094 3
    endloop
  endfacet
  facet normal 0.902418 0.430863 0
    outer loop
      vertex 103.801 61.4094 0
      vertex 103.873 61.2586 3
      vertex 103.873 61.2586 0
    endloop
  endfacet
  facet normal 0.243953 -0.969787 0
    outer loop
      vertex 104.879 63.6868 0
      vertex 105.04 63.7273 3
      vertex 104.879 63.6868 3
    endloop
  endfacet
  facet normal 0.243953 -0.969787 0
    outer loop
      vertex 105.04 63.7273 3
      vertex 104.879 63.6868 0
      vertex 105.04 63.7273 0
    endloop
  endfacet
  facet normal 0.857123 0.515112 0
    outer loop
      vertex 103.959 61.1155 3
      vertex 103.873 61.2586 0
      vertex 103.873 61.2586 3
    endloop
  endfacet
  facet normal 0.857123 0.515112 0
    outer loop
      vertex 103.873 61.2586 0
      vertex 103.959 61.1155 3
      vertex 103.959 61.1155 0
    endloop
  endfacet
  facet normal -0.243953 0.969787 0
    outer loop
      vertex 105.865 60.4332 0
      vertex 105.704 60.3927 3
      vertex 105.865 60.4332 3
    endloop
  endfacet
  facet normal -0.243953 0.969787 0
    outer loop
      vertex 105.704 60.3927 3
      vertex 105.865 60.4332 0
      vertex 105.704 60.3927 0
    endloop
  endfacet
  facet normal 0.595772 0.803154 -0
    outer loop
      vertex 104.428 60.6465 0
      vertex 104.294 60.7459 3
      vertex 104.428 60.6465 3
    endloop
  endfacet
  facet normal 0.595772 0.803154 0
    outer loop
      vertex 104.294 60.7459 3
      vertex 104.428 60.6465 0
      vertex 104.294 60.7459 0
    endloop
  endfacet
  facet normal -0.514496 0.857493 0
    outer loop
      vertex 106.316 60.6465 0
      vertex 106.173 60.5607 3
      vertex 106.316 60.6465 3
    endloop
  endfacet
  facet normal -0.514496 0.857493 0
    outer loop
      vertex 106.173 60.5607 3
      vertex 106.316 60.6465 0
      vertex 106.173 60.5607 0
    endloop
  endfacet
  facet normal -0.804301 0.594222 0
    outer loop
      vertex 106.686 60.9815 0
      vertex 106.785 61.1155 3
      vertex 106.785 61.1155 0
    endloop
  endfacet
  facet normal -0.804301 0.594222 0
    outer loop
      vertex 106.785 61.1155 3
      vertex 106.686 60.9815 0
      vertex 106.686 60.9815 3
    endloop
  endfacet
  facet normal -0.146875 -0.989155 0
    outer loop
      vertex 105.539 63.7518 0
      vertex 105.704 63.7273 3
      vertex 105.539 63.7518 3
    endloop
  endfacet
  facet normal -0.146875 -0.989155 -0
    outer loop
      vertex 105.704 63.7273 3
      vertex 105.539 63.7518 0
      vertex 105.704 63.7273 0
    endloop
  endfacet
  facet normal 0.595772 -0.803154 0
    outer loop
      vertex 104.294 63.3741 0
      vertex 104.428 63.4735 3
      vertex 104.294 63.3741 3
    endloop
  endfacet
  facet normal 0.595772 -0.803154 0
    outer loop
      vertex 104.428 63.4735 3
      vertex 104.294 63.3741 0
      vertex 104.428 63.4735 0
    endloop
  endfacet
  facet normal -0.429302 0.903161 0
    outer loop
      vertex 106.173 60.5607 0
      vertex 106.023 60.4894 3
      vertex 106.173 60.5607 3
    endloop
  endfacet
  facet normal -0.429302 0.903161 0
    outer loop
      vertex 106.023 60.4894 3
      vertex 106.173 60.5607 0
      vertex 106.023 60.4894 0
    endloop
  endfacet
  facet normal 0.804301 -0.594222 0
    outer loop
      vertex 103.959 63.0045 3
      vertex 104.058 63.1385 0
      vertex 104.058 63.1385 3
    endloop
  endfacet
  facet normal 0.804301 -0.594222 0
    outer loop
      vertex 104.058 63.1385 0
      vertex 103.959 63.0045 3
      vertex 103.959 63.0045 0
    endloop
  endfacet
  facet normal -0.988729 0.149717 0
    outer loop
      vertex 107.039 61.7283 0
      vertex 107.064 61.8934 3
      vertex 107.064 61.8934 0
    endloop
  endfacet
  facet normal -0.988729 0.149717 0
    outer loop
      vertex 107.064 61.8934 3
      vertex 107.039 61.7283 0
      vertex 107.039 61.7283 3
    endloop
  endfacet
  facet normal 0.941945 -0.335767 0
    outer loop
      vertex 103.745 62.5535 3
      vertex 103.801 62.7106 0
      vertex 103.801 62.7106 3
    endloop
  endfacet
  facet normal 0.941945 -0.335767 0
    outer loop
      vertex 103.801 62.7106 0
      vertex 103.745 62.5535 3
      vertex 103.745 62.5535 0
    endloop
  endfacet
  facet normal -0.429302 -0.903161 0
    outer loop
      vertex 106.023 63.6306 0
      vertex 106.173 63.5593 3
      vertex 106.023 63.6306 3
    endloop
  endfacet
  facet normal -0.429302 -0.903161 -0
    outer loop
      vertex 106.173 63.5593 3
      vertex 106.023 63.6306 0
      vertex 106.173 63.5593 0
    endloop
  endfacet
  facet normal 0.941945 0.335767 0
    outer loop
      vertex 103.801 61.4094 3
      vertex 103.745 61.5665 0
      vertex 103.745 61.5665 3
    endloop
  endfacet
  facet normal 0.941945 0.335767 0
    outer loop
      vertex 103.745 61.5665 0
      vertex 103.801 61.4094 3
      vertex 103.801 61.4094 0
    endloop
  endfacet
  facet normal -0.970774 0.239994 0
    outer loop
      vertex 106.999 61.5665 0
      vertex 107.039 61.7283 3
      vertex 107.039 61.7283 0
    endloop
  endfacet
  facet normal -0.970774 0.239994 0
    outer loop
      vertex 107.039 61.7283 3
      vertex 106.999 61.5665 0
      vertex 106.999 61.5665 3
    endloop
  endfacet
  facet normal 0.0490427 -0.998797 0
    outer loop
      vertex 105.205 63.7518 0
      vertex 105.372 63.76 3
      vertex 105.205 63.7518 3
    endloop
  endfacet
  facet normal 0.0490427 -0.998797 0
    outer loop
      vertex 105.372 63.76 3
      vertex 105.205 63.7518 0
      vertex 105.372 63.76 0
    endloop
  endfacet
  facet normal 0.429302 -0.903161 0
    outer loop
      vertex 104.571 63.5593 0
      vertex 104.721 63.6306 3
      vertex 104.571 63.5593 3
    endloop
  endfacet
  facet normal 0.429302 -0.903161 0
    outer loop
      vertex 104.721 63.6306 3
      vertex 104.571 63.5593 0
      vertex 104.721 63.6306 0
    endloop
  endfacet
  facet normal 0.670286 -0.742103 0
    outer loop
      vertex 104.17 63.2621 0
      vertex 104.294 63.3741 3
      vertex 104.17 63.2621 3
    endloop
  endfacet
  facet normal 0.670286 -0.742103 0
    outer loop
      vertex 104.294 63.3741 3
      vertex 104.17 63.2621 0
      vertex 104.294 63.3741 0
    endloop
  endfacet
  facet normal -0.335127 0.942173 0
    outer loop
      vertex 106.023 60.4894 0
      vertex 105.865 60.4332 3
      vertex 106.023 60.4894 3
    endloop
  endfacet
  facet normal -0.335127 0.942173 0
    outer loop
      vertex 105.865 60.4332 3
      vertex 106.023 60.4894 0
      vertex 105.865 60.4332 0
    endloop
  endfacet
  facet normal 0.335127 -0.942173 0
    outer loop
      vertex 104.721 63.6306 0
      vertex 104.879 63.6868 3
      vertex 104.721 63.6306 3
    endloop
  endfacet
  facet normal 0.335127 -0.942173 0
    outer loop
      vertex 104.879 63.6868 3
      vertex 104.721 63.6306 0
      vertex 104.879 63.6868 0
    endloop
  endfacet
  facet normal -0.804301 -0.594222 0
    outer loop
      vertex 106.785 63.0045 0
      vertex 106.686 63.1385 3
      vertex 106.686 63.1385 0
    endloop
  endfacet
  facet normal -0.804301 -0.594222 0
    outer loop
      vertex 106.686 63.1385 3
      vertex 106.785 63.0045 0
      vertex 106.785 63.0045 3
    endloop
  endfacet
  facet normal 0.857123 -0.515112 0
    outer loop
      vertex 103.873 62.8614 3
      vertex 103.959 63.0045 0
      vertex 103.959 63.0045 3
    endloop
  endfacet
  facet normal 0.857123 -0.515112 0
    outer loop
      vertex 103.959 63.0045 0
      vertex 103.873 62.8614 3
      vertex 103.873 62.8614 0
    endloop
  endfacet
  facet normal -0.998849 0.0479639 0
    outer loop
      vertex 107.064 61.8934 0
      vertex 107.072 62.06 3
      vertex 107.072 62.06 0
    endloop
  endfacet
  facet normal -0.998849 0.0479639 0
    outer loop
      vertex 107.072 62.06 3
      vertex 107.064 61.8934 0
      vertex 107.064 61.8934 3
    endloop
  endfacet
  facet normal -0.902418 0.430863 0
    outer loop
      vertex 106.871 61.2586 0
      vertex 106.943 61.4094 3
      vertex 106.943 61.4094 0
    endloop
  endfacet
  facet normal -0.902418 0.430863 0
    outer loop
      vertex 106.943 61.4094 3
      vertex 106.871 61.2586 0
      vertex 106.871 61.2586 3
    endloop
  endfacet
  facet normal -0.595772 -0.803154 0
    outer loop
      vertex 106.316 63.4735 0
      vertex 106.45 63.3741 3
      vertex 106.316 63.4735 3
    endloop
  endfacet
  facet normal -0.595772 -0.803154 -0
    outer loop
      vertex 106.45 63.3741 3
      vertex 106.316 63.4735 0
      vertex 106.45 63.3741 0
    endloop
  endfacet
  facet normal 0.514496 0.857493 -0
    outer loop
      vertex 104.571 60.5607 0
      vertex 104.428 60.6465 3
      vertex 104.571 60.5607 3
    endloop
  endfacet
  facet normal 0.514496 0.857493 0
    outer loop
      vertex 104.428 60.6465 3
      vertex 104.571 60.5607 0
      vertex 104.428 60.6465 0
    endloop
  endfacet
  facet normal -0.514496 -0.857493 0
    outer loop
      vertex 106.173 63.5593 0
      vertex 106.316 63.4735 3
      vertex 106.173 63.5593 3
    endloop
  endfacet
  facet normal -0.514496 -0.857493 -0
    outer loop
      vertex 106.316 63.4735 3
      vertex 106.173 63.5593 0
      vertex 106.316 63.4735 0
    endloop
  endfacet
  facet normal -0.146875 0.989155 0
    outer loop
      vertex 105.704 60.3927 0
      vertex 105.539 60.3682 3
      vertex 105.704 60.3927 3
    endloop
  endfacet
  facet normal -0.146875 0.989155 0
    outer loop
      vertex 105.539 60.3682 3
      vertex 105.704 60.3927 0
      vertex 105.539 60.3682 0
    endloop
  endfacet
  facet normal -0.941945 -0.335767 0
    outer loop
      vertex 106.999 62.5535 0
      vertex 106.943 62.7106 3
      vertex 106.943 62.7106 0
    endloop
  endfacet
  facet normal -0.941945 -0.335767 0
    outer loop
      vertex 106.943 62.7106 3
      vertex 106.999 62.5535 0
      vertex 106.999 62.5535 3
    endloop
  endfacet
  facet normal -0.857123 0.515112 0
    outer loop
      vertex 106.785 61.1155 0
      vertex 106.871 61.2586 3
      vertex 106.871 61.2586 0
    endloop
  endfacet
  facet normal -0.857123 0.515112 0
    outer loop
      vertex 106.871 61.2586 3
      vertex 106.785 61.1155 0
      vertex 106.785 61.1155 3
    endloop
  endfacet
  facet normal 0.998849 0.0479639 0
    outer loop
      vertex 103.68 61.8934 3
      vertex 103.672 62.06 0
      vertex 103.672 62.06 3
    endloop
  endfacet
  facet normal 0.998849 0.0479639 0
    outer loop
      vertex 103.672 62.06 0
      vertex 103.68 61.8934 3
      vertex 103.68 61.8934 0
    endloop
  endfacet
  facet normal -0.941945 0.335767 0
    outer loop
      vertex 106.943 61.4094 0
      vertex 106.999 61.5665 3
      vertex 106.999 61.5665 0
    endloop
  endfacet
  facet normal -0.941945 0.335767 0
    outer loop
      vertex 106.999 61.5665 3
      vertex 106.943 61.4094 0
      vertex 106.943 61.4094 3
    endloop
  endfacet
  facet normal 0.146875 -0.989155 0
    outer loop
      vertex 105.04 63.7273 0
      vertex 105.205 63.7518 3
      vertex 105.04 63.7273 3
    endloop
  endfacet
  facet normal 0.146875 -0.989155 0
    outer loop
      vertex 105.205 63.7518 3
      vertex 105.04 63.7273 0
      vertex 105.205 63.7518 0
    endloop
  endfacet
  facet normal -0.741024 -0.671478 0
    outer loop
      vertex 106.686 63.1385 0
      vertex 106.574 63.2621 3
      vertex 106.574 63.2621 0
    endloop
  endfacet
  facet normal -0.741024 -0.671478 0
    outer loop
      vertex 106.574 63.2621 3
      vertex 106.686 63.1385 0
      vertex 106.686 63.1385 3
    endloop
  endfacet
  facet normal -0.0490427 -0.998797 0
    outer loop
      vertex 105.372 63.76 0
      vertex 105.539 63.7518 3
      vertex 105.372 63.76 3
    endloop
  endfacet
  facet normal -0.0490427 -0.998797 -0
    outer loop
      vertex 105.539 63.7518 3
      vertex 105.372 63.76 0
      vertex 105.539 63.7518 0
    endloop
  endfacet
  facet normal -0.902418 -0.430863 0
    outer loop
      vertex 106.943 62.7106 0
      vertex 106.871 62.8614 3
      vertex 106.871 62.8614 0
    endloop
  endfacet
  facet normal -0.902418 -0.430863 0
    outer loop
      vertex 106.871 62.8614 3
      vertex 106.943 62.7106 0
      vertex 106.943 62.7106 3
    endloop
  endfacet
  facet normal 0.146875 0.989155 -0
    outer loop
      vertex 105.205 60.3682 0
      vertex 105.04 60.3927 3
      vertex 105.205 60.3682 3
    endloop
  endfacet
  facet normal 0.146875 0.989155 0
    outer loop
      vertex 105.04 60.3927 3
      vertex 105.205 60.3682 0
      vertex 105.04 60.3927 0
    endloop
  endfacet
  facet normal -0.670286 0.742103 0
    outer loop
      vertex 106.574 60.8579 0
      vertex 106.45 60.7459 3
      vertex 106.574 60.8579 3
    endloop
  endfacet
  facet normal -0.670286 0.742103 0
    outer loop
      vertex 106.45 60.7459 3
      vertex 106.574 60.8579 0
      vertex 106.45 60.7459 0
    endloop
  endfacet
  facet normal -0.857123 -0.515112 0
    outer loop
      vertex 106.871 62.8614 0
      vertex 106.785 63.0045 3
      vertex 106.785 63.0045 0
    endloop
  endfacet
  facet normal -0.857123 -0.515112 0
    outer loop
      vertex 106.785 63.0045 3
      vertex 106.871 62.8614 0
      vertex 106.871 62.8614 3
    endloop
  endfacet
  facet normal 0.0490427 0.998797 -0
    outer loop
      vertex 105.372 60.36 0
      vertex 105.205 60.3682 3
      vertex 105.372 60.36 3
    endloop
  endfacet
  facet normal 0.0490427 0.998797 0
    outer loop
      vertex 105.205 60.3682 3
      vertex 105.372 60.36 0
      vertex 105.205 60.3682 0
    endloop
  endfacet
  facet normal 0.741024 -0.671478 0
    outer loop
      vertex 104.058 63.1385 3
      vertex 104.17 63.2621 0
      vertex 104.17 63.2621 3
    endloop
  endfacet
  facet normal 0.741024 -0.671478 0
    outer loop
      vertex 104.17 63.2621 0
      vertex 104.058 63.1385 3
      vertex 104.058 63.1385 0
    endloop
  endfacet
  facet normal -0.670286 -0.742103 0
    outer loop
      vertex 106.45 63.3741 0
      vertex 106.574 63.2621 3
      vertex 106.45 63.3741 3
    endloop
  endfacet
  facet normal -0.670286 -0.742103 -0
    outer loop
      vertex 106.574 63.2621 3
      vertex 106.45 63.3741 0
      vertex 106.574 63.2621 0
    endloop
  endfacet
  facet normal 0.902418 -0.430863 0
    outer loop
      vertex 103.801 62.7106 3
      vertex 103.873 62.8614 0
      vertex 103.873 62.8614 3
    endloop
  endfacet
  facet normal 0.902418 -0.430863 0
    outer loop
      vertex 103.873 62.8614 0
      vertex 103.801 62.7106 3
      vertex 103.801 62.7106 0
    endloop
  endfacet
  facet normal 0.670286 0.742103 -0
    outer loop
      vertex 104.294 60.7459 0
      vertex 104.17 60.8579 3
      vertex 104.294 60.7459 3
    endloop
  endfacet
  facet normal 0.670286 0.742103 0
    outer loop
      vertex 104.17 60.8579 3
      vertex 104.294 60.7459 0
      vertex 104.17 60.8579 0
    endloop
  endfacet
  facet normal 0.970774 -0.239994 0
    outer loop
      vertex 103.705 62.3917 3
      vertex 103.745 62.5535 0
      vertex 103.745 62.5535 3
    endloop
  endfacet
  facet normal 0.970774 -0.239994 0
    outer loop
      vertex 103.745 62.5535 0
      vertex 103.705 62.3917 3
      vertex 103.705 62.3917 0
    endloop
  endfacet
  facet normal -0.243953 -0.969787 0
    outer loop
      vertex 105.704 63.7273 0
      vertex 105.865 63.6868 3
      vertex 105.704 63.7273 3
    endloop
  endfacet
  facet normal -0.243953 -0.969787 -0
    outer loop
      vertex 105.865 63.6868 3
      vertex 105.704 63.7273 0
      vertex 105.865 63.6868 0
    endloop
  endfacet
  facet normal 0.970774 0.239994 0
    outer loop
      vertex 103.745 61.5665 3
      vertex 103.705 61.7283 0
      vertex 103.705 61.7283 3
    endloop
  endfacet
  facet normal 0.970774 0.239994 0
    outer loop
      vertex 103.705 61.7283 0
      vertex 103.745 61.5665 3
      vertex 103.745 61.5665 0
    endloop
  endfacet
  facet normal 0.429302 0.903161 -0
    outer loop
      vertex 104.721 60.4894 0
      vertex 104.571 60.5607 3
      vertex 104.721 60.4894 3
    endloop
  endfacet
  facet normal 0.429302 0.903161 0
    outer loop
      vertex 104.571 60.5607 3
      vertex 104.721 60.4894 0
      vertex 104.571 60.5607 0
    endloop
  endfacet
  facet normal 0.741024 0.671478 0
    outer loop
      vertex 104.17 60.8579 3
      vertex 104.058 60.9815 0
      vertex 104.058 60.9815 3
    endloop
  endfacet
  facet normal 0.741024 0.671478 0
    outer loop
      vertex 104.058 60.9815 0
      vertex 104.17 60.8579 3
      vertex 104.17 60.8579 0
    endloop
  endfacet
  facet normal -0.0490427 0.998797 0
    outer loop
      vertex 105.539 60.3682 0
      vertex 105.372 60.36 3
      vertex 105.539 60.3682 3
    endloop
  endfacet
  facet normal -0.0490427 0.998797 0
    outer loop
      vertex 105.372 60.36 3
      vertex 105.539 60.3682 0
      vertex 105.372 60.36 0
    endloop
  endfacet
  facet normal 0.988729 0.149717 0
    outer loop
      vertex 103.705 61.7283 3
      vertex 103.68 61.8934 0
      vertex 103.68 61.8934 3
    endloop
  endfacet
  facet normal 0.988729 0.149717 0
    outer loop
      vertex 103.68 61.8934 0
      vertex 103.705 61.7283 3
      vertex 103.705 61.7283 0
    endloop
  endfacet
  facet normal -0.595772 0.803154 0
    outer loop
      vertex 106.45 60.7459 0
      vertex 106.316 60.6465 3
      vertex 106.45 60.7459 3
    endloop
  endfacet
  facet normal -0.595772 0.803154 0
    outer loop
      vertex 106.316 60.6465 3
      vertex 106.45 60.7459 0
      vertex 106.316 60.6465 0
    endloop
  endfacet
  facet normal 0.804301 0.594222 0
    outer loop
      vertex 104.058 60.9815 3
      vertex 103.959 61.1155 0
      vertex 103.959 61.1155 3
    endloop
  endfacet
  facet normal 0.804301 0.594222 0
    outer loop
      vertex 103.959 61.1155 0
      vertex 104.058 60.9815 3
      vertex 104.058 60.9815 0
    endloop
  endfacet
  facet normal 0.998849 -0.0479639 0
    outer loop
      vertex 103.672 62.06 3
      vertex 103.68 62.2266 0
      vertex 103.68 62.2266 3
    endloop
  endfacet
  facet normal 0.998849 -0.0479639 0
    outer loop
      vertex 103.68 62.2266 0
      vertex 103.672 62.06 3
      vertex 103.672 62.06 0
    endloop
  endfacet
  facet normal -0.741024 0.671478 0
    outer loop
      vertex 106.574 60.8579 0
      vertex 106.686 60.9815 3
      vertex 106.686 60.9815 0
    endloop
  endfacet
  facet normal -0.741024 0.671478 0
    outer loop
      vertex 106.686 60.9815 3
      vertex 106.574 60.8579 0
      vertex 106.574 60.8579 3
    endloop
  endfacet
  facet normal -1 0 0
    outer loop
      vertex 33 12.5 0
      vertex 33 75.5 3
      vertex 33 75.5 0
    endloop
  endfacet
  facet normal -1 -0 0
    outer loop
      vertex 33 75.5 3
      vertex 33 12.5 0
      vertex 33 12.5 3
    endloop
  endfacet
  facet normal 0 0 -1
    outer loop
      vertex 17.9807 72.1079 3.1
      vertex 17.9807 72.8921 3.1
      vertex 18 72.5 3.1
    endloop
  endfacet
  facet normal 0 0 -1
    outer loop
      vertex 17.9231 71.7196 3.1
      vertex 17.9807 72.8921 3.1
      vertex 17.9807 72.1079 3.1
    endloop
  endfacet
  facet normal 0 0 -1
    outer loop
      vertex 17.9231 71.7196 3.1
      vertex 17.9231 73.2804 3.1
      vertex 17.9807 72.8921 3.1
    endloop
  endfacet
  facet normal 0 0 -1
    outer loop
      vertex 17.8278 71.3389 3.1
      vertex 17.9231 73.2804 3.1
      vertex 17.9231 71.7196 3.1
    endloop
  endfacet
  facet normal 0 0 -1
    outer loop
      vertex 17.8278 71.3389 3.1
      vertex 17.8278 73.6611 3.1
      vertex 17.9231 73.2804 3.1
    endloop
  endfacet
  facet normal 0 0 -1
    outer loop
      vertex 17.6955 70.9693 3.1
      vertex 17.8278 73.6611 3.1
      vertex 17.8278 71.3389 3.1
    endloop
  endfacet
  facet normal 0 0 -1
    outer loop
      vertex 17.6955 70.9693 3.1
      vertex 17.6955 74.0307 3.1
      vertex 17.8278 73.6611 3.1
    endloop
  endfacet
  facet normal 0 0 -1
    outer loop
      vertex 17.5277 70.6144 3.1
      vertex 17.6955 74.0307 3.1
      vertex 17.6955 70.9693 3.1
    endloop
  endfacet
  facet normal 0 0 -1
    outer loop
      vertex 17.5277 70.6144 3.1
      vertex 17.5277 74.3856 3.1
      vertex 17.6955 74.0307 3.1
    endloop
  endfacet
  facet normal 0 0 -1
    outer loop
      vertex 17.3259 70.2777 3.1
      vertex 17.5277 74.3856 3.1
      vertex 17.5277 70.6144 3.1
    endloop
  endfacet
  facet normal 0 0 -1
    outer loop
      vertex 17.3259 70.2777 3.1
      vertex 17.3259 74.7223 3.1
      vertex 17.5277 74.3856 3.1
    endloop
  endfacet
  facet normal 0 0 -1
    outer loop
      vertex 17 69.8609 3.1
      vertex 17.3259 70.2777 3.1
      vertex 17.092 69.9624 3.1
    endloop
  endfacet
  facet normal -0 0 -1
    outer loop
      vertex 17.3259 70.2777 3.1
      vertex 17 69.8609 3.1
      vertex 17.3259 74.7223 3.1
    endloop
  endfacet
  facet normal 0 0 -1
    outer loop
      vertex 17 75.1391 3.1
      vertex 17.3259 74.7223 3.1
      vertex 17 69.8609 3.1
    endloop
  endfacet
  facet normal 0 0 -1
    outer loop
      vertex 17.3259 74.7223 3.1
      vertex 17 75.1391 3.1
      vertex 17.092 75.0376 3.1
    endloop
  endfacet
  facet normal 0 0 -1
    outer loop
      vertex 17.9807 15.1079 3.1
      vertex 17.9807 15.8921 3.1
      vertex 18 15.5 3.1
    endloop
  endfacet
  facet normal 0 0 -1
    outer loop
      vertex 17.9231 14.7196 3.1
      vertex 17.9807 15.8921 3.1
      vertex 17.9807 15.1079 3.1
    endloop
  endfacet
  facet normal 0 0 -1
    outer loop
      vertex 17.9231 14.7196 3.1
      vertex 17.9231 16.2804 3.1
      vertex 17.9807 15.8921 3.1
    endloop
  endfacet
  facet normal 0 0 -1
    outer loop
      vertex 17.8278 14.3389 3.1
      vertex 17.9231 16.2804 3.1
      vertex 17.9231 14.7196 3.1
    endloop
  endfacet
  facet normal 0 0 -1
    outer loop
      vertex 17.8278 14.3389 3.1
      vertex 17.8278 16.6611 3.1
      vertex 17.9231 16.2804 3.1
    endloop
  endfacet
  facet normal 0 0 -1
    outer loop
      vertex 17.6955 13.9693 3.1
      vertex 17.8278 16.6611 3.1
      vertex 17.8278 14.3389 3.1
    endloop
  endfacet
  facet normal 0 0 -1
    outer loop
      vertex 17.6955 13.9693 3.1
      vertex 17.6955 17.0307 3.1
      vertex 17.8278 16.6611 3.1
    endloop
  endfacet
  facet normal 0 0 -1
    outer loop
      vertex 17.5277 13.6144 3.1
      vertex 17.6955 17.0307 3.1
      vertex 17.6955 13.9693 3.1
    endloop
  endfacet
  facet normal 0 0 -1
    outer loop
      vertex 17.5277 13.6144 3.1
      vertex 17.5277 17.3856 3.1
      vertex 17.6955 17.0307 3.1
    endloop
  endfacet
  facet normal 0 0 -1
    outer loop
      vertex 17.3259 13.2777 3.1
      vertex 17.5277 17.3856 3.1
      vertex 17.5277 13.6144 3.1
    endloop
  endfacet
  facet normal 0 0 -1
    outer loop
      vertex 17.3259 13.2777 3.1
      vertex 17.3259 17.7223 3.1
      vertex 17.5277 17.3856 3.1
    endloop
  endfacet
  facet normal 0 0 -1
    outer loop
      vertex 17 12.8609 3.1
      vertex 17.3259 13.2777 3.1
      vertex 17.092 12.9624 3.1
    endloop
  endfacet
  facet normal -0 0 -1
    outer loop
      vertex 17.3259 13.2777 3.1
      vertex 17 12.8609 3.1
      vertex 17.3259 17.7223 3.1
    endloop
  endfacet
  facet normal 0 0 -1
    outer loop
      vertex 17 18.1391 3.1
      vertex 17.3259 17.7223 3.1
      vertex 17 12.8609 3.1
    endloop
  endfacet
  facet normal 0 0 -1
    outer loop
      vertex 17.3259 17.7223 3.1
      vertex 17 18.1391 3.1
      vertex 17.092 18.0376 3.1
    endloop
  endfacet
  facet normal 1 0 0
    outer loop
      vertex 17 18.1391 3.1
      vertex 17 12.8609 3.1
      vertex 17 18.1391 3
    endloop
  endfacet
  facet normal 1 0 0
    outer loop
      vertex 17 75.1391 3.1
      vertex 17 69.8609 3.1
      vertex 17 75.1391 3
    endloop
  endfacet
  facet normal 1 -0 0
    outer loop
      vertex 17 75.1391 3
      vertex 17 75.5 0
      vertex 17 75.5 3
    endloop
  endfacet
  facet normal 1 0 0
    outer loop
      vertex 17 69.8609 3
      vertex 17 75.1391 3
      vertex 17 69.8609 3.1
    endloop
  endfacet
  facet normal 1 0 0
    outer loop
      vertex 17 75.1391 3
      vertex 17 69.8609 3
      vertex 17 75.5 0
    endloop
  endfacet
  facet normal 1 -0 0
    outer loop
      vertex 17 18.1391 3
      vertex 17 75.5 0
      vertex 17 69.8609 3
    endloop
  endfacet
  facet normal 1 0 0
    outer loop
      vertex 17 12.8609 3
      vertex 17 18.1391 3
      vertex 17 12.8609 3.1
    endloop
  endfacet
  facet normal 1 0 0
    outer loop
      vertex 17 12.5 0
      vertex 17 18.1391 3
      vertex 17 12.8609 3
    endloop
  endfacet
  facet normal 1 0 0
    outer loop
      vertex 17 12.5 0
      vertex 17 12.8609 3
      vertex 17 12.5 3
    endloop
  endfacet
  facet normal 1 0 0
    outer loop
      vertex 17 18.1391 3
      vertex 17 12.5 0
      vertex 17 75.5 0
    endloop
  endfacet
  facet normal 0 -1 0
    outer loop
      vertex 17 75.5 0
      vertex 33 75.5 3
      vertex 17 75.5 3
    endloop
  endfacet
  facet normal 0 -1 -0
    outer loop
      vertex 33 75.5 3
      vertex 17 75.5 0
      vertex 33 75.5 0
    endloop
  endfacet
  facet normal 0 1 -0
    outer loop
      vertex 33 12.5 0
      vertex 17 12.5 3
      vertex 33 12.5 3
    endloop
  endfacet
  facet normal 0 1 0
    outer loop
      vertex 17 12.5 3
      vertex 33 12.5 0
      vertex 17 12.5 0
    endloop
  endfacet
  facet normal -1 0 0
    outer loop
      vertex 61 12.5 0
      vertex 61 75.5 3
      vertex 61 75.5 0
    endloop
  endfacet
  facet normal -1 -0 0
    outer loop
      vertex 61 75.5 3
      vertex 61 12.5 0
      vertex 61 12.5 3
    endloop
  endfacet
  facet normal 1 -0 0
    outer loop
      vertex 45 12.5 3
      vertex 45 75.5 0
      vertex 45 75.5 3
    endloop
  endfacet
  facet normal 1 0 0
    outer loop
      vertex 45 75.5 0
      vertex 45 12.5 3
      vertex 45 12.5 0
    endloop
  endfacet
  facet normal 0 -1 0
    outer loop
      vertex 45 75.5 0
      vertex 61 75.5 3
      vertex 45 75.5 3
    endloop
  endfacet
  facet normal 0 -1 -0
    outer loop
      vertex 61 75.5 3
      vertex 45 75.5 0
      vertex 61 75.5 0
    endloop
  endfacet
  facet normal 0 1 -0
    outer loop
      vertex 61 12.5 0
      vertex 45 12.5 3
      vertex 61 12.5 3
    endloop
  endfacet
  facet normal 0 1 0
    outer loop
      vertex 45 12.5 3
      vertex 61 12.5 0
      vertex 45 12.5 0
    endloop
  endfacet
  facet normal -1 0 0
    outer loop
      vertex 89 12.5 0
      vertex 89 75.5 3
      vertex 89 75.5 0
    endloop
  endfacet
  facet normal -1 -0 0
    outer loop
      vertex 89 75.5 3
      vertex 89 12.5 0
      vertex 89 12.5 3
    endloop
  endfacet
  facet normal 1 -0 0
    outer loop
      vertex 73 12.5 3
      vertex 73 75.5 0
      vertex 73 75.5 3
    endloop
  endfacet
  facet normal 1 0 0
    outer loop
      vertex 73 75.5 0
      vertex 73 12.5 3
      vertex 73 12.5 0
    endloop
  endfacet
  facet normal 0 -1 0
    outer loop
      vertex 73 75.5 0
      vertex 89 75.5 3
      vertex 73 75.5 3
    endloop
  endfacet
  facet normal 0 -1 -0
    outer loop
      vertex 89 75.5 3
      vertex 73 75.5 0
      vertex 89 75.5 0
    endloop
  endfacet
  facet normal 0 1 -0
    outer loop
      vertex 89 12.5 0
      vertex 73 12.5 3
      vertex 89 12.5 3
    endloop
  endfacet
  facet normal 0 1 0
    outer loop
      vertex 73 12.5 3
      vertex 89 12.5 0
      vertex 73 12.5 0
    endloop
  endfacet
  facet normal -0.707107 -0.707107 0
    outer loop
      vertex 2.12132 2.12132 0
      vertex 0 4.24264 3
      vertex 0 4.24264 0
    endloop
  endfacet
  facet normal -0.707107 -0.707107 0
    outer loop
      vertex 0 4.24264 3
      vertex 2.12132 2.12132 0
      vertex 2.12132 2.12132 3
    endloop
  endfacet
  facet normal -0.707107 0.707107 0
    outer loop
      vertex 0 0 0
      vertex 2.12132 2.12132 3
      vertex 2.12132 2.12132 0
    endloop
  endfacet
  facet normal -0.707107 0.707107 0
    outer loop
      vertex 2.12132 2.12132 3
      vertex 0 0 0
      vertex 0 0 3
    endloop
  endfacet
  facet normal -0.707103 0.70711 0
    outer loop
      vertex 2.12132 85.8787 0
      vertex 4.24264 88 3
      vertex 4.24264 88 0
    endloop
  endfacet
  facet normal -0.707103 0.70711 0
    outer loop
      vertex 4.24264 88 3
      vertex 2.12132 85.8787 0
      vertex 2.12132 85.8787 3
    endloop
  endfacet
  facet normal 0.707103 0.70711 0
    outer loop
      vertex 2.12132 85.8787 3
      vertex 0 88 0
      vertex 0 88 3
    endloop
  endfacet
  facet normal 0.707103 0.70711 0
    outer loop
      vertex 0 88 0
      vertex 2.12132 85.8787 3
      vertex 2.12132 85.8787 0
    endloop
  endfacet
  facet normal 0.706993 -0.70722 0
    outer loop
      vertex 109.757 0 3
      vertex 111.879 2.12132 0
      vertex 111.879 2.12132 3
    endloop
  endfacet
  facet normal 0.706993 -0.70722 0
    outer loop
      vertex 111.879 2.12132 0
      vertex 109.757 0 3
      vertex 109.757 0 0
    endloop
  endfacet
  facet normal -0.70716 -0.707053 0
    outer loop
      vertex 111.879 2.12132 0
      vertex 114 0 3
      vertex 111.879 2.12132 3
    endloop
  endfacet
  facet normal -0.70716 -0.707053 -0
    outer loop
      vertex 114 0 3
      vertex 111.879 2.12132 0
      vertex 114 0 0
    endloop
  endfacet
  facet normal 0.707157 0.707057 0
    outer loop
      vertex 114 83.7574 3
      vertex 111.879 85.8787 0
      vertex 111.879 85.8787 3
    endloop
  endfacet
  facet normal 0.707157 0.707057 0
    outer loop
      vertex 111.879 85.8787 0
      vertex 114 83.7574 3
      vertex 114 83.7574 0
    endloop
  endfacet
  facet normal 0.707157 -0.707057 0
    outer loop
      vertex 111.879 85.8787 3
      vertex 114 88 0
      vertex 114 88 3
    endloop
  endfacet
  facet normal 0.707157 -0.707057 0
    outer loop
      vertex 114 88 0
      vertex 111.879 85.8787 3
      vertex 111.879 85.8787 0
    endloop
  endfacet
  facet normal -1 0 0
    outer loop
      vertex 66 76 0
      vertex 66 88 3
      vertex 66 88 0
    endloop
  endfacet
  facet normal -1 -0 0
    outer loop
      vertex 66 88 3
      vertex 66 76 0
      vertex 66 76 3
    endloop
  endfacet
  facet normal 1 -0 0
    outer loop
      vertex 48 76 3
      vertex 48 88 0
      vertex 48 88 3
    endloop
  endfacet
  facet normal 1 0 0
    outer loop
      vertex 48 88 0
      vertex 48 76 3
      vertex 48 76 0
    endloop
  endfacet
  facet normal 0 1 -0
    outer loop
      vertex 66 76 0
      vertex 48 76 3
      vertex 66 76 3
    endloop
  endfacet
  facet normal 0 1 0
    outer loop
      vertex 48 76 3
      vertex 66 76 0
      vertex 48 76 0
    endloop
  endfacet
  facet normal -1 0 0
    outer loop
      vertex 19 80 0
      vertex 19 88 3
      vertex 19 88 0
    endloop
  endfacet
  facet normal -1 -0 0
    outer loop
      vertex 19 88 3
      vertex 19 80 0
      vertex 19 80 3
    endloop
  endfacet
  facet normal 0 1 -0
    outer loop
      vertex 19 80 0
      vertex 7 80 3
      vertex 19 80 3
    endloop
  endfacet
  facet normal 0 1 0
    outer loop
      vertex 7 80 3
      vertex 19 80 0
      vertex 7 80 0
    endloop
  endfacet
  facet normal 1 -0 0
    outer loop
      vertex 113.9 39 3
      vertex 113.9 49 0
      vertex 113.9 49 3
    endloop
  endfacet
  facet normal 1 0 0
    outer loop
      vertex 113.9 49 0
      vertex 113.9 39 3
      vertex 113.9 39 0
    endloop
  endfacet
  facet normal 0 -1 0
    outer loop
      vertex 113.9 49 0
      vertex 114 49 3
      vertex 113.9 49 3
    endloop
  endfacet
  facet normal 0 -1 -0
    outer loop
      vertex 114 49 3
      vertex 113.9 49 0
      vertex 114 49 0
    endloop
  endfacet
  facet normal 0 1 -0
    outer loop
      vertex 114 39 0
      vertex 113.9 39 3
      vertex 114 39 3
    endloop
  endfacet
  facet normal 0 1 0
    outer loop
      vertex 113.9 39 3
      vertex 114 39 0
      vertex 113.9 39 0
    endloop
  endfacet
endsolid OpenSCAD_Model
