solid OpenSCAD_Model
  facet normal 1 -0 0
    outer loop
      vertex 208 49.5 26
      vertex 208 132.5 13
      vertex 208 132.5 26
    endloop
  endfacet
  facet normal 1 0 0
    outer loop
      vertex 208 132.5 13
      vertex 208 49.5 26
      vertex 208 49.5 13
    endloop
  endfacet
  facet normal 1 -0 0
    outer loop
      vertex 208 49.5 41
      vertex 208 132.5 27
      vertex 208 132.5 41
    endloop
  endfacet
  facet normal 1 0 0
    outer loop
      vertex 208 132.5 27
      vertex 208 49.5 41
      vertex 208 49.5 27
    endloop
  endfacet
  facet normal 0 0 -1
    outer loop
      vertex 31.4782 55.6123 10
      vertex 81 49.5 10
      vertex 31.5455 55.4141 10
    endloop
  endfacet
  facet normal 0 0 -1
    outer loop
      vertex 81 132.5 10
      vertex 31.5863 126.791 10
      vertex 31.6 127 10
    endloop
  endfacet
  facet normal 0 0 -1
    outer loop
      vertex 31.3856 55.8 10
      vertex 81 49.5 10
      vertex 31.4782 55.6123 10
    endloop
  endfacet
  facet normal 0 0 -1
    outer loop
      vertex 81 132.5 10
      vertex 31.5455 126.586 10
      vertex 31.5863 126.791 10
    endloop
  endfacet
  facet normal 0 0 -1
    outer loop
      vertex 31.2694 55.974 10
      vertex 81 49.5 10
      vertex 31.3856 55.8 10
    endloop
  endfacet
  facet normal 0 0 -1
    outer loop
      vertex 81 132.5 10
      vertex 31.4782 126.388 10
      vertex 31.5455 126.586 10
    endloop
  endfacet
  facet normal 0 0 -1
    outer loop
      vertex 31.1314 56.1314 10
      vertex 81 49.5 10
      vertex 31.2694 55.974 10
    endloop
  endfacet
  facet normal 0 0 -1
    outer loop
      vertex 81 132.5 10
      vertex 31.3856 126.2 10
      vertex 31.4782 126.388 10
    endloop
  endfacet
  facet normal 0 0 -1
    outer loop
      vertex 81 49.5 10
      vertex 31.1314 56.1314 10
      vertex 81 132.5 10
    endloop
  endfacet
  facet normal 0 0 -1
    outer loop
      vertex 81 132.5 10
      vertex 31.2694 126.026 10
      vertex 31.3856 126.2 10
    endloop
  endfacet
  facet normal 0 0 -1
    outer loop
      vertex 31.1314 125.869 10
      vertex 81 132.5 10
      vertex 31.1314 56.1314 10
    endloop
  endfacet
  facet normal 0 0 -1
    outer loop
      vertex 81 132.5 10
      vertex 31.1314 125.869 10
      vertex 31.2694 126.026 10
    endloop
  endfacet
  facet normal 0 0 -1
    outer loop
      vertex 30.974 56.2694 10
      vertex 31.1314 125.869 10
      vertex 31.1314 56.1314 10
    endloop
  endfacet
  facet normal 0 0 -1
    outer loop
      vertex 30.974 56.2694 10
      vertex 30.974 125.731 10
      vertex 31.1314 125.869 10
    endloop
  endfacet
  facet normal 0 0 -1
    outer loop
      vertex 30.8 56.3856 10
      vertex 30.974 125.731 10
      vertex 30.974 56.2694 10
    endloop
  endfacet
  facet normal 0 0 -1
    outer loop
      vertex 30.8 56.3856 10
      vertex 30.8 125.614 10
      vertex 30.974 125.731 10
    endloop
  endfacet
  facet normal 0 0 -1
    outer loop
      vertex 30.6123 56.4782 10
      vertex 30.8 125.614 10
      vertex 30.8 56.3856 10
    endloop
  endfacet
  facet normal 0 0 -1
    outer loop
      vertex 30.6123 56.4782 10
      vertex 30.6123 125.522 10
      vertex 30.8 125.614 10
    endloop
  endfacet
  facet normal 0 0 -1
    outer loop
      vertex 30.4141 56.5455 10
      vertex 30.6123 125.522 10
      vertex 30.6123 56.4782 10
    endloop
  endfacet
  facet normal 0 0 -1
    outer loop
      vertex 30.4141 56.5455 10
      vertex 30.4141 125.455 10
      vertex 30.6123 125.522 10
    endloop
  endfacet
  facet normal 0 0 -1
    outer loop
      vertex 30.2088 56.5863 10
      vertex 30.4141 125.455 10
      vertex 30.4141 56.5455 10
    endloop
  endfacet
  facet normal 0 0 -1
    outer loop
      vertex 30.2088 56.5863 10
      vertex 30.2088 125.414 10
      vertex 30.4141 125.455 10
    endloop
  endfacet
  facet normal 0 0 -1
    outer loop
      vertex 30 56.6 10
      vertex 30.2088 125.414 10
      vertex 30.2088 56.5863 10
    endloop
  endfacet
  facet normal 0 0 -1
    outer loop
      vertex 30 56.6 10
      vertex 30 125.4 10
      vertex 30.2088 125.414 10
    endloop
  endfacet
  facet normal 0 0 -1
    outer loop
      vertex 29.7912 56.5863 10
      vertex 30 125.4 10
      vertex 30 56.6 10
    endloop
  endfacet
  facet normal 0 0 -1
    outer loop
      vertex 29.7912 56.5863 10
      vertex 29.7912 125.414 10
      vertex 30 125.4 10
    endloop
  endfacet
  facet normal 0 0 -1
    outer loop
      vertex 29.5859 56.5455 10
      vertex 29.7912 125.414 10
      vertex 29.7912 56.5863 10
    endloop
  endfacet
  facet normal 0 0 -1
    outer loop
      vertex 29.5859 56.5455 10
      vertex 29.5859 125.455 10
      vertex 29.7912 125.414 10
    endloop
  endfacet
  facet normal 0 0 -1
    outer loop
      vertex 29.3877 56.4782 10
      vertex 29.5859 125.455 10
      vertex 29.5859 56.5455 10
    endloop
  endfacet
  facet normal 0 0 -1
    outer loop
      vertex 29.3877 56.4782 10
      vertex 29.3877 125.522 10
      vertex 29.5859 125.455 10
    endloop
  endfacet
  facet normal 0 0 -1
    outer loop
      vertex 29.2 56.3856 10
      vertex 29.3877 125.522 10
      vertex 29.3877 56.4782 10
    endloop
  endfacet
  facet normal 0 0 -1
    outer loop
      vertex 29.2 56.3856 10
      vertex 29.2 125.614 10
      vertex 29.3877 125.522 10
    endloop
  endfacet
  facet normal 0 0 -1
    outer loop
      vertex 29.026 56.2694 10
      vertex 29.2 125.614 10
      vertex 29.2 56.3856 10
    endloop
  endfacet
  facet normal 0 0 -1
    outer loop
      vertex 29.026 56.2694 10
      vertex 29.026 125.731 10
      vertex 29.2 125.614 10
    endloop
  endfacet
  facet normal 0 0 -1
    outer loop
      vertex -1 49.5 10
      vertex 29.026 56.2694 10
      vertex 28.8686 56.1314 10
    endloop
  endfacet
  facet normal -0 0 -1
    outer loop
      vertex 29.026 56.2694 10
      vertex -1 49.5 10
      vertex 29.026 125.731 10
    endloop
  endfacet
  facet normal 0 0 -1
    outer loop
      vertex -1 49.5 10
      vertex 28.8686 56.1314 10
      vertex 28.7306 55.974 10
    endloop
  endfacet
  facet normal 0 0 -1
    outer loop
      vertex -1 132.5 10
      vertex 29.026 125.731 10
      vertex -1 49.5 10
    endloop
  endfacet
  facet normal 0 0 -1
    outer loop
      vertex -1 49.5 10
      vertex 28.7306 55.974 10
      vertex 28.6144 55.8 10
    endloop
  endfacet
  facet normal 0 0 -1
    outer loop
      vertex 29.026 125.731 10
      vertex -1 132.5 10
      vertex 28.8686 125.869 10
    endloop
  endfacet
  facet normal 0 0 -1
    outer loop
      vertex -1 49.5 10
      vertex 28.6144 55.8 10
      vertex 28.5218 55.6123 10
    endloop
  endfacet
  facet normal 0 0 -1
    outer loop
      vertex 28.8686 125.869 10
      vertex -1 132.5 10
      vertex 28.7306 126.026 10
    endloop
  endfacet
  facet normal 0 0 -1
    outer loop
      vertex -1 49.5 10
      vertex 28.5218 55.6123 10
      vertex 28.4545 55.4141 10
    endloop
  endfacet
  facet normal 0 0 -1
    outer loop
      vertex 28.7306 126.026 10
      vertex -1 132.5 10
      vertex 28.6144 126.2 10
    endloop
  endfacet
  facet normal 0 0 -1
    outer loop
      vertex -1 49.5 10
      vertex 28.4545 55.4141 10
      vertex 28.4137 55.2088 10
    endloop
  endfacet
  facet normal 0 0 -1
    outer loop
      vertex 28.6144 126.2 10
      vertex -1 132.5 10
      vertex 28.5218 126.388 10
    endloop
  endfacet
  facet normal 0 0 -1
    outer loop
      vertex -1 49.5 10
      vertex 28.4137 55.2088 10
      vertex 28.4 55 10
    endloop
  endfacet
  facet normal 0 0 -1
    outer loop
      vertex 28.5218 126.388 10
      vertex -1 132.5 10
      vertex 28.4545 126.586 10
    endloop
  endfacet
  facet normal 0 0 -1
    outer loop
      vertex 31.5863 55.2088 10
      vertex 81 49.5 10
      vertex 31.6 55 10
    endloop
  endfacet
  facet normal 0 0 -1
    outer loop
      vertex 81 49.5 10
      vertex 31.5863 54.7912 10
      vertex 31.6 55 10
    endloop
  endfacet
  facet normal 0 0 -1
    outer loop
      vertex 81 49.5 10
      vertex 31.5455 54.5859 10
      vertex 31.5863 54.7912 10
    endloop
  endfacet
  facet normal 0 0 -1
    outer loop
      vertex 81 49.5 10
      vertex 31.4782 54.3877 10
      vertex 31.5455 54.5859 10
    endloop
  endfacet
  facet normal 0 0 -1
    outer loop
      vertex 81 49.5 10
      vertex 31.3856 54.2 10
      vertex 31.4782 54.3877 10
    endloop
  endfacet
  facet normal 0 0 -1
    outer loop
      vertex 81 49.5 10
      vertex 31.2694 54.026 10
      vertex 31.3856 54.2 10
    endloop
  endfacet
  facet normal 0 0 -1
    outer loop
      vertex 81 49.5 10
      vertex 31.1314 53.8686 10
      vertex 31.2694 54.026 10
    endloop
  endfacet
  facet normal 0 0 -1
    outer loop
      vertex 81 49.5 10
      vertex 30.974 53.7306 10
      vertex 31.1314 53.8686 10
    endloop
  endfacet
  facet normal 0 0 -1
    outer loop
      vertex 81 49.5 10
      vertex 30.8 53.6144 10
      vertex 30.974 53.7306 10
    endloop
  endfacet
  facet normal 0 0 -1
    outer loop
      vertex 81 49.5 10
      vertex 30.6123 53.5218 10
      vertex 30.8 53.6144 10
    endloop
  endfacet
  facet normal 0 0 -1
    outer loop
      vertex 81 49.5 10
      vertex 30.4141 53.4545 10
      vertex 30.6123 53.5218 10
    endloop
  endfacet
  facet normal 0 0 -1
    outer loop
      vertex 81 49.5 10
      vertex 30.2088 53.4137 10
      vertex 30.4141 53.4545 10
    endloop
  endfacet
  facet normal 0 0 -1
    outer loop
      vertex 81 49.5 10
      vertex 30 53.4 10
      vertex 30.2088 53.4137 10
    endloop
  endfacet
  facet normal 0 0 -1
    outer loop
      vertex -1 49.5 10
      vertex 30 53.4 10
      vertex 81 49.5 10
    endloop
  endfacet
  facet normal 0 0 -1
    outer loop
      vertex 28.4545 126.586 10
      vertex -1 132.5 10
      vertex 28.4137 126.791 10
    endloop
  endfacet
  facet normal -0 0 -1
    outer loop
      vertex 28.4137 54.7912 10
      vertex -1 49.5 10
      vertex 28.4 55 10
    endloop
  endfacet
  facet normal -0 0 -1
    outer loop
      vertex 28.4545 54.5859 10
      vertex -1 49.5 10
      vertex 28.4137 54.7912 10
    endloop
  endfacet
  facet normal -0 0 -1
    outer loop
      vertex 28.5218 54.3877 10
      vertex -1 49.5 10
      vertex 28.4545 54.5859 10
    endloop
  endfacet
  facet normal -0 0 -1
    outer loop
      vertex 28.6144 54.2 10
      vertex -1 49.5 10
      vertex 28.5218 54.3877 10
    endloop
  endfacet
  facet normal -0 0 -1
    outer loop
      vertex 28.7306 54.026 10
      vertex -1 49.5 10
      vertex 28.6144 54.2 10
    endloop
  endfacet
  facet normal -0 0 -1
    outer loop
      vertex 28.8686 53.8686 10
      vertex -1 49.5 10
      vertex 28.7306 54.026 10
    endloop
  endfacet
  facet normal -0 0 -1
    outer loop
      vertex 29.026 53.7306 10
      vertex -1 49.5 10
      vertex 28.8686 53.8686 10
    endloop
  endfacet
  facet normal -0 0 -1
    outer loop
      vertex 29.2 53.6144 10
      vertex -1 49.5 10
      vertex 29.026 53.7306 10
    endloop
  endfacet
  facet normal -0 0 -1
    outer loop
      vertex 29.3877 53.5218 10
      vertex -1 49.5 10
      vertex 29.2 53.6144 10
    endloop
  endfacet
  facet normal -0 0 -1
    outer loop
      vertex 29.5859 53.4545 10
      vertex -1 49.5 10
      vertex 29.3877 53.5218 10
    endloop
  endfacet
  facet normal -0 0 -1
    outer loop
      vertex 29.7912 53.4137 10
      vertex -1 49.5 10
      vertex 29.5859 53.4545 10
    endloop
  endfacet
  facet normal -0 0 -1
    outer loop
      vertex 30 53.4 10
      vertex -1 49.5 10
      vertex 29.7912 53.4137 10
    endloop
  endfacet
  facet normal 0 0 -1
    outer loop
      vertex 31.5455 55.4141 10
      vertex 81 49.5 10
      vertex 31.5863 55.2088 10
    endloop
  endfacet
  facet normal 0 0 -1
    outer loop
      vertex 31.5863 127.209 10
      vertex 81 132.5 10
      vertex 31.6 127 10
    endloop
  endfacet
  facet normal 0 0 -1
    outer loop
      vertex 31.5455 127.414 10
      vertex 81 132.5 10
      vertex 31.5863 127.209 10
    endloop
  endfacet
  facet normal 0 0 -1
    outer loop
      vertex 31.4782 127.612 10
      vertex 81 132.5 10
      vertex 31.5455 127.414 10
    endloop
  endfacet
  facet normal 0 0 -1
    outer loop
      vertex 31.3856 127.8 10
      vertex 81 132.5 10
      vertex 31.4782 127.612 10
    endloop
  endfacet
  facet normal 0 0 -1
    outer loop
      vertex 31.2694 127.974 10
      vertex 81 132.5 10
      vertex 31.3856 127.8 10
    endloop
  endfacet
  facet normal 0 0 -1
    outer loop
      vertex 31.1314 128.131 10
      vertex 81 132.5 10
      vertex 31.2694 127.974 10
    endloop
  endfacet
  facet normal 0 0 -1
    outer loop
      vertex 30.974 128.269 10
      vertex 81 132.5 10
      vertex 31.1314 128.131 10
    endloop
  endfacet
  facet normal 0 0 -1
    outer loop
      vertex 30.8 128.386 10
      vertex 81 132.5 10
      vertex 30.974 128.269 10
    endloop
  endfacet
  facet normal 0 0 -1
    outer loop
      vertex 30.6123 128.478 10
      vertex 81 132.5 10
      vertex 30.8 128.386 10
    endloop
  endfacet
  facet normal 0 0 -1
    outer loop
      vertex 30.4141 128.545 10
      vertex 81 132.5 10
      vertex 30.6123 128.478 10
    endloop
  endfacet
  facet normal 0 0 -1
    outer loop
      vertex 30.2088 128.586 10
      vertex 81 132.5 10
      vertex 30.4141 128.545 10
    endloop
  endfacet
  facet normal 0 0 -1
    outer loop
      vertex 30 128.6 10
      vertex 81 132.5 10
      vertex 30.2088 128.586 10
    endloop
  endfacet
  facet normal 0 0 -1
    outer loop
      vertex -1 132.5 10
      vertex 30 128.6 10
      vertex 29.7912 128.586 10
    endloop
  endfacet
  facet normal 0 0 -1
    outer loop
      vertex 28.4137 126.791 10
      vertex -1 132.5 10
      vertex 28.4 127 10
    endloop
  endfacet
  facet normal 0 0 -1
    outer loop
      vertex 28.4 127 10
      vertex -1 132.5 10
      vertex 28.4137 127.209 10
    endloop
  endfacet
  facet normal 0 0 -1
    outer loop
      vertex 28.4137 127.209 10
      vertex -1 132.5 10
      vertex 28.4545 127.414 10
    endloop
  endfacet
  facet normal 0 0 -1
    outer loop
      vertex 30 128.6 10
      vertex -1 132.5 10
      vertex 81 132.5 10
    endloop
  endfacet
  facet normal 0 0 -1
    outer loop
      vertex 29.5859 128.545 10
      vertex -1 132.5 10
      vertex 29.7912 128.586 10
    endloop
  endfacet
  facet normal 0 0 -1
    outer loop
      vertex 29.3877 128.478 10
      vertex -1 132.5 10
      vertex 29.5859 128.545 10
    endloop
  endfacet
  facet normal 0 0 -1
    outer loop
      vertex 29.2 128.386 10
      vertex -1 132.5 10
      vertex 29.3877 128.478 10
    endloop
  endfacet
  facet normal 0 0 -1
    outer loop
      vertex 29.026 128.269 10
      vertex -1 132.5 10
      vertex 29.2 128.386 10
    endloop
  endfacet
  facet normal 0 0 -1
    outer loop
      vertex 28.8686 128.131 10
      vertex -1 132.5 10
      vertex 29.026 128.269 10
    endloop
  endfacet
  facet normal 0 0 -1
    outer loop
      vertex 28.7306 127.974 10
      vertex -1 132.5 10
      vertex 28.8686 128.131 10
    endloop
  endfacet
  facet normal 0 0 -1
    outer loop
      vertex 28.6144 127.8 10
      vertex -1 132.5 10
      vertex 28.7306 127.974 10
    endloop
  endfacet
  facet normal 0 0 -1
    outer loop
      vertex 28.5218 127.612 10
      vertex -1 132.5 10
      vertex 28.6144 127.8 10
    endloop
  endfacet
  facet normal 0 0 -1
    outer loop
      vertex 28.4545 127.414 10
      vertex -1 132.5 10
      vertex 28.5218 127.612 10
    endloop
  endfacet
  facet normal 0 0 -1
    outer loop
      vertex 105.478 55.6123 10
      vertex 127 49.5 10
      vertex 105.545 55.4141 10
    endloop
  endfacet
  facet normal 0 0 -1
    outer loop
      vertex 127 132.5 10
      vertex 105.586 126.791 10
      vertex 105.6 127 10
    endloop
  endfacet
  facet normal 0 0 -1
    outer loop
      vertex 105.386 55.8 10
      vertex 127 49.5 10
      vertex 105.478 55.6123 10
    endloop
  endfacet
  facet normal 0 0 -1
    outer loop
      vertex 127 132.5 10
      vertex 105.545 126.586 10
      vertex 105.586 126.791 10
    endloop
  endfacet
  facet normal 0 0 -1
    outer loop
      vertex 105.269 55.974 10
      vertex 127 49.5 10
      vertex 105.386 55.8 10
    endloop
  endfacet
  facet normal 0 0 -1
    outer loop
      vertex 127 132.5 10
      vertex 105.478 126.388 10
      vertex 105.545 126.586 10
    endloop
  endfacet
  facet normal 0 0 -1
    outer loop
      vertex 105.131 56.1314 10
      vertex 127 49.5 10
      vertex 105.269 55.974 10
    endloop
  endfacet
  facet normal 0 0 -1
    outer loop
      vertex 127 132.5 10
      vertex 105.386 126.2 10
      vertex 105.478 126.388 10
    endloop
  endfacet
  facet normal 0 0 -1
    outer loop
      vertex 104.974 56.2694 10
      vertex 127 49.5 10
      vertex 105.131 56.1314 10
    endloop
  endfacet
  facet normal 0 0 -1
    outer loop
      vertex 127 132.5 10
      vertex 105.269 126.026 10
      vertex 105.386 126.2 10
    endloop
  endfacet
  facet normal 0 0 -1
    outer loop
      vertex 127 49.5 10
      vertex 104.974 56.2694 10
      vertex 127 132.5 10
    endloop
  endfacet
  facet normal 0 0 -1
    outer loop
      vertex 127 132.5 10
      vertex 105.131 125.869 10
      vertex 105.269 126.026 10
    endloop
  endfacet
  facet normal 0 0 -1
    outer loop
      vertex 104.974 125.731 10
      vertex 127 132.5 10
      vertex 104.974 56.2694 10
    endloop
  endfacet
  facet normal 0 0 -1
    outer loop
      vertex 127 132.5 10
      vertex 104.974 125.731 10
      vertex 105.131 125.869 10
    endloop
  endfacet
  facet normal 0 0 -1
    outer loop
      vertex 104.8 56.3856 10
      vertex 104.974 125.731 10
      vertex 104.974 56.2694 10
    endloop
  endfacet
  facet normal 0 0 -1
    outer loop
      vertex 104.8 56.3856 10
      vertex 104.8 125.614 10
      vertex 104.974 125.731 10
    endloop
  endfacet
  facet normal 0 0 -1
    outer loop
      vertex 104.612 56.4782 10
      vertex 104.8 125.614 10
      vertex 104.8 56.3856 10
    endloop
  endfacet
  facet normal 0 0 -1
    outer loop
      vertex 104.612 56.4782 10
      vertex 104.612 125.522 10
      vertex 104.8 125.614 10
    endloop
  endfacet
  facet normal 0 0 -1
    outer loop
      vertex 104.414 56.5455 10
      vertex 104.612 125.522 10
      vertex 104.612 56.4782 10
    endloop
  endfacet
  facet normal 0 0 -1
    outer loop
      vertex 104.414 56.5455 10
      vertex 104.414 125.455 10
      vertex 104.612 125.522 10
    endloop
  endfacet
  facet normal 0 0 -1
    outer loop
      vertex 104.209 56.5863 10
      vertex 104.414 125.455 10
      vertex 104.414 56.5455 10
    endloop
  endfacet
  facet normal 0 0 -1
    outer loop
      vertex 104.209 56.5863 10
      vertex 104.209 125.414 10
      vertex 104.414 125.455 10
    endloop
  endfacet
  facet normal 0 0 -1
    outer loop
      vertex 104 56.6 10
      vertex 104.209 125.414 10
      vertex 104.209 56.5863 10
    endloop
  endfacet
  facet normal 0 0 -1
    outer loop
      vertex 104 56.6 10
      vertex 104 125.4 10
      vertex 104.209 125.414 10
    endloop
  endfacet
  facet normal 0 0 -1
    outer loop
      vertex 103.791 56.5863 10
      vertex 104 125.4 10
      vertex 104 56.6 10
    endloop
  endfacet
  facet normal 0 0 -1
    outer loop
      vertex 103.791 56.5863 10
      vertex 103.791 125.414 10
      vertex 104 125.4 10
    endloop
  endfacet
  facet normal 0 0 -1
    outer loop
      vertex 103.586 56.5455 10
      vertex 103.791 125.414 10
      vertex 103.791 56.5863 10
    endloop
  endfacet
  facet normal 0 0 -1
    outer loop
      vertex 103.586 56.5455 10
      vertex 103.586 125.455 10
      vertex 103.791 125.414 10
    endloop
  endfacet
  facet normal 0 0 -1
    outer loop
      vertex 103.388 56.4782 10
      vertex 103.586 125.455 10
      vertex 103.586 56.5455 10
    endloop
  endfacet
  facet normal 0 0 -1
    outer loop
      vertex 103.388 56.4782 10
      vertex 103.388 125.522 10
      vertex 103.586 125.455 10
    endloop
  endfacet
  facet normal 0 0 -1
    outer loop
      vertex 103.2 56.3856 10
      vertex 103.388 125.522 10
      vertex 103.388 56.4782 10
    endloop
  endfacet
  facet normal 0 0 -1
    outer loop
      vertex 103.2 56.3856 10
      vertex 103.2 125.614 10
      vertex 103.388 125.522 10
    endloop
  endfacet
  facet normal 0 0 -1
    outer loop
      vertex 103.026 56.2694 10
      vertex 103.2 125.614 10
      vertex 103.2 56.3856 10
    endloop
  endfacet
  facet normal 0 0 -1
    outer loop
      vertex 103.026 56.2694 10
      vertex 103.026 125.731 10
      vertex 103.2 125.614 10
    endloop
  endfacet
  facet normal 0 0 -1
    outer loop
      vertex 81 49.5 10
      vertex 103.026 56.2694 10
      vertex 102.869 56.1314 10
    endloop
  endfacet
  facet normal -0 0 -1
    outer loop
      vertex 103.026 56.2694 10
      vertex 81 49.5 10
      vertex 103.026 125.731 10
    endloop
  endfacet
  facet normal 0 0 -1
    outer loop
      vertex 81 49.5 10
      vertex 102.869 56.1314 10
      vertex 102.731 55.974 10
    endloop
  endfacet
  facet normal 0 0 -1
    outer loop
      vertex 81 132.5 10
      vertex 103.026 125.731 10
      vertex 81 49.5 10
    endloop
  endfacet
  facet normal 0 0 -1
    outer loop
      vertex 81 49.5 10
      vertex 102.731 55.974 10
      vertex 102.614 55.8 10
    endloop
  endfacet
  facet normal 0 0 -1
    outer loop
      vertex 103.026 125.731 10
      vertex 81 132.5 10
      vertex 102.869 125.869 10
    endloop
  endfacet
  facet normal 0 0 -1
    outer loop
      vertex 81 49.5 10
      vertex 102.614 55.8 10
      vertex 102.522 55.6123 10
    endloop
  endfacet
  facet normal 0 0 -1
    outer loop
      vertex 102.869 125.869 10
      vertex 81 132.5 10
      vertex 102.731 126.026 10
    endloop
  endfacet
  facet normal 0 0 -1
    outer loop
      vertex 81 49.5 10
      vertex 102.522 55.6123 10
      vertex 102.455 55.4141 10
    endloop
  endfacet
  facet normal 0 0 -1
    outer loop
      vertex 102.731 126.026 10
      vertex 81 132.5 10
      vertex 102.614 126.2 10
    endloop
  endfacet
  facet normal 0 0 -1
    outer loop
      vertex 81 49.5 10
      vertex 102.455 55.4141 10
      vertex 102.414 55.2088 10
    endloop
  endfacet
  facet normal 0 0 -1
    outer loop
      vertex 102.614 126.2 10
      vertex 81 132.5 10
      vertex 102.522 126.388 10
    endloop
  endfacet
  facet normal 0 0 -1
    outer loop
      vertex 81 49.5 10
      vertex 102.414 55.2088 10
      vertex 102.4 55 10
    endloop
  endfacet
  facet normal 0 0 -1
    outer loop
      vertex 102.522 126.388 10
      vertex 81 132.5 10
      vertex 102.455 126.586 10
    endloop
  endfacet
  facet normal 0 0 -1
    outer loop
      vertex 104.414 53.4545 10
      vertex 127 49.5 10
      vertex 127 -1 10
    endloop
  endfacet
  facet normal 0 0 -1
    outer loop
      vertex 105.586 55.2088 10
      vertex 127 49.5 10
      vertex 105.6 55 10
    endloop
  endfacet
  facet normal 0 0 -1
    outer loop
      vertex 105.545 55.4141 10
      vertex 127 49.5 10
      vertex 105.586 55.2088 10
    endloop
  endfacet
  facet normal 0 0 -1
    outer loop
      vertex 127 49.5 10
      vertex 105.586 54.7912 10
      vertex 105.6 55 10
    endloop
  endfacet
  facet normal 0 0 -1
    outer loop
      vertex 127 49.5 10
      vertex 105.545 54.5859 10
      vertex 105.586 54.7912 10
    endloop
  endfacet
  facet normal 0 0 -1
    outer loop
      vertex 127 49.5 10
      vertex 105.478 54.3877 10
      vertex 105.545 54.5859 10
    endloop
  endfacet
  facet normal 0 0 -1
    outer loop
      vertex 127 49.5 10
      vertex 105.386 54.2 10
      vertex 105.478 54.3877 10
    endloop
  endfacet
  facet normal 0 0 -1
    outer loop
      vertex 127 49.5 10
      vertex 105.269 54.026 10
      vertex 105.386 54.2 10
    endloop
  endfacet
  facet normal 0 0 -1
    outer loop
      vertex 127 49.5 10
      vertex 105.131 53.8686 10
      vertex 105.269 54.026 10
    endloop
  endfacet
  facet normal 0 0 -1
    outer loop
      vertex 127 49.5 10
      vertex 104.974 53.7306 10
      vertex 105.131 53.8686 10
    endloop
  endfacet
  facet normal 0 0 -1
    outer loop
      vertex 127 49.5 10
      vertex 104.8 53.6144 10
      vertex 104.974 53.7306 10
    endloop
  endfacet
  facet normal 0 0 -1
    outer loop
      vertex 127 49.5 10
      vertex 104.612 53.5218 10
      vertex 104.8 53.6144 10
    endloop
  endfacet
  facet normal 0 0 -1
    outer loop
      vertex 127 49.5 10
      vertex 104.414 53.4545 10
      vertex 104.612 53.5218 10
    endloop
  endfacet
  facet normal 0 0 -1
    outer loop
      vertex 127 -1 10
      vertex 104.209 53.4137 10
      vertex 104.414 53.4545 10
    endloop
  endfacet
  facet normal 0 0 -1
    outer loop
      vertex 127 -1 10
      vertex 104 53.4 10
      vertex 104.209 53.4137 10
    endloop
  endfacet
  facet normal 0 0 -1
    outer loop
      vertex 81 -1 10
      vertex 104 53.4 10
      vertex 127 -1 10
    endloop
  endfacet
  facet normal -0 0 -1
    outer loop
      vertex 104 53.4 10
      vertex 81 -1 10
      vertex 103.791 53.4137 10
    endloop
  endfacet
  facet normal -0 0 -1
    outer loop
      vertex 103.791 53.4137 10
      vertex 81 -1 10
      vertex 103.586 53.4545 10
    endloop
  endfacet
  facet normal 0 0 -1
    outer loop
      vertex 81 49.5 10
      vertex 103.586 53.4545 10
      vertex 81 -1 10
    endloop
  endfacet
  facet normal -0 0 -1
    outer loop
      vertex 103.586 53.4545 10
      vertex 81 49.5 10
      vertex 103.388 53.5218 10
    endloop
  endfacet
  facet normal -0 0 -1
    outer loop
      vertex 103.388 53.5218 10
      vertex 81 49.5 10
      vertex 103.2 53.6144 10
    endloop
  endfacet
  facet normal -0 0 -1
    outer loop
      vertex 103.2 53.6144 10
      vertex 81 49.5 10
      vertex 103.026 53.7306 10
    endloop
  endfacet
  facet normal -0 0 -1
    outer loop
      vertex 103.026 53.7306 10
      vertex 81 49.5 10
      vertex 102.869 53.8686 10
    endloop
  endfacet
  facet normal -0 0 -1
    outer loop
      vertex 102.869 53.8686 10
      vertex 81 49.5 10
      vertex 102.731 54.026 10
    endloop
  endfacet
  facet normal -0 0 -1
    outer loop
      vertex 102.414 54.7912 10
      vertex 81 49.5 10
      vertex 102.4 55 10
    endloop
  endfacet
  facet normal -0 0 -1
    outer loop
      vertex 102.455 54.5859 10
      vertex 81 49.5 10
      vertex 102.414 54.7912 10
    endloop
  endfacet
  facet normal -0 0 -1
    outer loop
      vertex 102.522 54.3877 10
      vertex 81 49.5 10
      vertex 102.455 54.5859 10
    endloop
  endfacet
  facet normal -0 0 -1
    outer loop
      vertex 102.614 54.2 10
      vertex 81 49.5 10
      vertex 102.522 54.3877 10
    endloop
  endfacet
  facet normal -0 0 -1
    outer loop
      vertex 102.731 54.026 10
      vertex 81 49.5 10
      vertex 102.614 54.2 10
    endloop
  endfacet
  facet normal 0 0 -1
    outer loop
      vertex 105.586 127.209 10
      vertex 127 132.5 10
      vertex 105.6 127 10
    endloop
  endfacet
  facet normal 0 0 -1
    outer loop
      vertex 105.545 127.414 10
      vertex 127 132.5 10
      vertex 105.586 127.209 10
    endloop
  endfacet
  facet normal 0 0 -1
    outer loop
      vertex 105.478 127.612 10
      vertex 127 132.5 10
      vertex 105.545 127.414 10
    endloop
  endfacet
  facet normal 0 0 -1
    outer loop
      vertex 105.386 127.8 10
      vertex 127 132.5 10
      vertex 105.478 127.612 10
    endloop
  endfacet
  facet normal 0 0 -1
    outer loop
      vertex 105.269 127.974 10
      vertex 127 132.5 10
      vertex 105.386 127.8 10
    endloop
  endfacet
  facet normal 0 0 -1
    outer loop
      vertex 105.131 128.131 10
      vertex 127 132.5 10
      vertex 105.269 127.974 10
    endloop
  endfacet
  facet normal 0 0 -1
    outer loop
      vertex 104.974 128.269 10
      vertex 127 132.5 10
      vertex 105.131 128.131 10
    endloop
  endfacet
  facet normal 0 0 -1
    outer loop
      vertex 104.8 128.386 10
      vertex 127 132.5 10
      vertex 104.974 128.269 10
    endloop
  endfacet
  facet normal 0 0 -1
    outer loop
      vertex 104.612 128.478 10
      vertex 127 132.5 10
      vertex 104.8 128.386 10
    endloop
  endfacet
  facet normal 0 0 -1
    outer loop
      vertex 104.414 128.545 10
      vertex 127 132.5 10
      vertex 104.612 128.478 10
    endloop
  endfacet
  facet normal -0 0 -1
    outer loop
      vertex 127 132.5 10
      vertex 104.414 128.545 10
      vertex 127 183 10
    endloop
  endfacet
  facet normal 0 0 -1
    outer loop
      vertex 104.209 128.586 10
      vertex 127 183 10
      vertex 104.414 128.545 10
    endloop
  endfacet
  facet normal 0 0 -1
    outer loop
      vertex 104 128.6 10
      vertex 127 183 10
      vertex 104.209 128.586 10
    endloop
  endfacet
  facet normal 0 0 -1
    outer loop
      vertex 81 183 10
      vertex 104 128.6 10
      vertex 103.791 128.586 10
    endloop
  endfacet
  facet normal 0 0 -1
    outer loop
      vertex 81 183 10
      vertex 103.791 128.586 10
      vertex 103.586 128.545 10
    endloop
  endfacet
  facet normal 0 0 -1
    outer loop
      vertex 81 132.5 10
      vertex 103.586 128.545 10
      vertex 103.388 128.478 10
    endloop
  endfacet
  facet normal 0 0 -1
    outer loop
      vertex 81 132.5 10
      vertex 103.388 128.478 10
      vertex 103.2 128.386 10
    endloop
  endfacet
  facet normal 0 0 -1
    outer loop
      vertex 81 132.5 10
      vertex 103.2 128.386 10
      vertex 103.026 128.269 10
    endloop
  endfacet
  facet normal 0 0 -1
    outer loop
      vertex 81 132.5 10
      vertex 103.026 128.269 10
      vertex 102.869 128.131 10
    endloop
  endfacet
  facet normal 0 0 -1
    outer loop
      vertex 81 132.5 10
      vertex 102.869 128.131 10
      vertex 102.731 127.974 10
    endloop
  endfacet
  facet normal 0 0 -1
    outer loop
      vertex 81 132.5 10
      vertex 102.731 127.974 10
      vertex 102.614 127.8 10
    endloop
  endfacet
  facet normal 0 0 -1
    outer loop
      vertex 81 132.5 10
      vertex 102.614 127.8 10
      vertex 102.522 127.612 10
    endloop
  endfacet
  facet normal 0 0 -1
    outer loop
      vertex 102.455 126.586 10
      vertex 81 132.5 10
      vertex 102.414 126.791 10
    endloop
  endfacet
  facet normal 0 0 -1
    outer loop
      vertex 102.414 126.791 10
      vertex 81 132.5 10
      vertex 102.4 127 10
    endloop
  endfacet
  facet normal 0 0 -1
    outer loop
      vertex 102.4 127 10
      vertex 81 132.5 10
      vertex 102.414 127.209 10
    endloop
  endfacet
  facet normal 0 0 -1
    outer loop
      vertex 102.414 127.209 10
      vertex 81 132.5 10
      vertex 102.455 127.414 10
    endloop
  endfacet
  facet normal 0 0 -1
    outer loop
      vertex 81 132.5 10
      vertex 102.522 127.612 10
      vertex 102.455 127.414 10
    endloop
  endfacet
  facet normal 0 0 -1
    outer loop
      vertex 103.586 128.545 10
      vertex 81 132.5 10
      vertex 81 183 10
    endloop
  endfacet
  facet normal 0 0 -1
    outer loop
      vertex 104 128.6 10
      vertex 81 183 10
      vertex 127 183 10
    endloop
  endfacet
  facet normal 0 0 -1
    outer loop
      vertex 179.478 55.6123 10
      vertex 209 49.5 10
      vertex 179.545 55.4141 10
    endloop
  endfacet
  facet normal 0 0 -1
    outer loop
      vertex 209 132.5 10
      vertex 179.586 126.791 10
      vertex 179.6 127 10
    endloop
  endfacet
  facet normal 0 0 -1
    outer loop
      vertex 179.386 55.8 10
      vertex 209 49.5 10
      vertex 179.478 55.6123 10
    endloop
  endfacet
  facet normal 0 0 -1
    outer loop
      vertex 209 132.5 10
      vertex 179.545 126.586 10
      vertex 179.586 126.791 10
    endloop
  endfacet
  facet normal 0 0 -1
    outer loop
      vertex 179.269 55.974 10
      vertex 209 49.5 10
      vertex 179.386 55.8 10
    endloop
  endfacet
  facet normal 0 0 -1
    outer loop
      vertex 209 132.5 10
      vertex 179.478 126.388 10
      vertex 179.545 126.586 10
    endloop
  endfacet
  facet normal 0 0 -1
    outer loop
      vertex 179.131 56.1314 10
      vertex 209 49.5 10
      vertex 179.269 55.974 10
    endloop
  endfacet
  facet normal 0 0 -1
    outer loop
      vertex 209 132.5 10
      vertex 179.386 126.2 10
      vertex 179.478 126.388 10
    endloop
  endfacet
  facet normal 0 0 -1
    outer loop
      vertex 178.974 56.2694 10
      vertex 209 49.5 10
      vertex 179.131 56.1314 10
    endloop
  endfacet
  facet normal 0 0 -1
    outer loop
      vertex 209 132.5 10
      vertex 179.269 126.026 10
      vertex 179.386 126.2 10
    endloop
  endfacet
  facet normal 0 0 -1
    outer loop
      vertex 209 49.5 10
      vertex 178.974 56.2694 10
      vertex 209 132.5 10
    endloop
  endfacet
  facet normal 0 0 -1
    outer loop
      vertex 209 132.5 10
      vertex 179.131 125.869 10
      vertex 179.269 126.026 10
    endloop
  endfacet
  facet normal 0 0 -1
    outer loop
      vertex 178.974 125.731 10
      vertex 209 132.5 10
      vertex 178.974 56.2694 10
    endloop
  endfacet
  facet normal 0 0 -1
    outer loop
      vertex 209 132.5 10
      vertex 178.974 125.731 10
      vertex 179.131 125.869 10
    endloop
  endfacet
  facet normal 0 0 -1
    outer loop
      vertex 178.8 56.3856 10
      vertex 178.974 125.731 10
      vertex 178.974 56.2694 10
    endloop
  endfacet
  facet normal 0 0 -1
    outer loop
      vertex 178.8 56.3856 10
      vertex 178.8 125.614 10
      vertex 178.974 125.731 10
    endloop
  endfacet
  facet normal 0 0 -1
    outer loop
      vertex 178.612 56.4782 10
      vertex 178.8 125.614 10
      vertex 178.8 56.3856 10
    endloop
  endfacet
  facet normal 0 0 -1
    outer loop
      vertex 178.612 56.4782 10
      vertex 178.612 125.522 10
      vertex 178.8 125.614 10
    endloop
  endfacet
  facet normal 0 0 -1
    outer loop
      vertex 178.414 56.5455 10
      vertex 178.612 125.522 10
      vertex 178.612 56.4782 10
    endloop
  endfacet
  facet normal 0 0 -1
    outer loop
      vertex 178.414 56.5455 10
      vertex 178.414 125.455 10
      vertex 178.612 125.522 10
    endloop
  endfacet
  facet normal 0 0 -1
    outer loop
      vertex 178.209 56.5863 10
      vertex 178.414 125.455 10
      vertex 178.414 56.5455 10
    endloop
  endfacet
  facet normal 0 0 -1
    outer loop
      vertex 178.209 56.5863 10
      vertex 178.209 125.414 10
      vertex 178.414 125.455 10
    endloop
  endfacet
  facet normal 0 0 -1
    outer loop
      vertex 178 56.6 10
      vertex 178.209 125.414 10
      vertex 178.209 56.5863 10
    endloop
  endfacet
  facet normal 0 0 -1
    outer loop
      vertex 178 56.6 10
      vertex 178 125.4 10
      vertex 178.209 125.414 10
    endloop
  endfacet
  facet normal 0 0 -1
    outer loop
      vertex 177.791 56.5863 10
      vertex 178 125.4 10
      vertex 178 56.6 10
    endloop
  endfacet
  facet normal 0 0 -1
    outer loop
      vertex 177.791 56.5863 10
      vertex 177.791 125.414 10
      vertex 178 125.4 10
    endloop
  endfacet
  facet normal 0 0 -1
    outer loop
      vertex 177.586 56.5455 10
      vertex 177.791 125.414 10
      vertex 177.791 56.5863 10
    endloop
  endfacet
  facet normal 0 0 -1
    outer loop
      vertex 177.586 56.5455 10
      vertex 177.586 125.455 10
      vertex 177.791 125.414 10
    endloop
  endfacet
  facet normal 0 0 -1
    outer loop
      vertex 177.388 56.4782 10
      vertex 177.586 125.455 10
      vertex 177.586 56.5455 10
    endloop
  endfacet
  facet normal 0 0 -1
    outer loop
      vertex 177.388 56.4782 10
      vertex 177.388 125.522 10
      vertex 177.586 125.455 10
    endloop
  endfacet
  facet normal 0 0 -1
    outer loop
      vertex 177.2 56.3856 10
      vertex 177.388 125.522 10
      vertex 177.388 56.4782 10
    endloop
  endfacet
  facet normal 0 0 -1
    outer loop
      vertex 177.2 56.3856 10
      vertex 177.2 125.614 10
      vertex 177.388 125.522 10
    endloop
  endfacet
  facet normal 0 0 -1
    outer loop
      vertex 177.026 56.2694 10
      vertex 177.2 125.614 10
      vertex 177.2 56.3856 10
    endloop
  endfacet
  facet normal 0 0 -1
    outer loop
      vertex 177.026 56.2694 10
      vertex 177.026 125.731 10
      vertex 177.2 125.614 10
    endloop
  endfacet
  facet normal 0 0 -1
    outer loop
      vertex 176.869 56.1314 10
      vertex 177.026 125.731 10
      vertex 177.026 56.2694 10
    endloop
  endfacet
  facet normal 0 0 -1
    outer loop
      vertex 176.869 56.1314 10
      vertex 176.869 125.869 10
      vertex 177.026 125.731 10
    endloop
  endfacet
  facet normal 0 0 -1
    outer loop
      vertex 127 49.5 10
      vertex 176.869 56.1314 10
      vertex 176.731 55.974 10
    endloop
  endfacet
  facet normal -0 0 -1
    outer loop
      vertex 176.869 56.1314 10
      vertex 127 49.5 10
      vertex 176.869 125.869 10
    endloop
  endfacet
  facet normal 0 0 -1
    outer loop
      vertex 127 49.5 10
      vertex 176.731 55.974 10
      vertex 176.614 55.8 10
    endloop
  endfacet
  facet normal 0 0 -1
    outer loop
      vertex 127 132.5 10
      vertex 176.869 125.869 10
      vertex 127 49.5 10
    endloop
  endfacet
  facet normal 0 0 -1
    outer loop
      vertex 127 49.5 10
      vertex 176.614 55.8 10
      vertex 176.522 55.6123 10
    endloop
  endfacet
  facet normal 0 0 -1
    outer loop
      vertex 176.869 125.869 10
      vertex 127 132.5 10
      vertex 176.731 126.026 10
    endloop
  endfacet
  facet normal 0 0 -1
    outer loop
      vertex 127 49.5 10
      vertex 176.522 55.6123 10
      vertex 176.455 55.4141 10
    endloop
  endfacet
  facet normal 0 0 -1
    outer loop
      vertex 176.731 126.026 10
      vertex 127 132.5 10
      vertex 176.614 126.2 10
    endloop
  endfacet
  facet normal 0 0 -1
    outer loop
      vertex 127 49.5 10
      vertex 176.455 55.4141 10
      vertex 176.414 55.2088 10
    endloop
  endfacet
  facet normal 0 0 -1
    outer loop
      vertex 176.614 126.2 10
      vertex 127 132.5 10
      vertex 176.522 126.388 10
    endloop
  endfacet
  facet normal 0 0 -1
    outer loop
      vertex 127 49.5 10
      vertex 176.414 55.2088 10
      vertex 176.4 55 10
    endloop
  endfacet
  facet normal 0 0 -1
    outer loop
      vertex 176.522 126.388 10
      vertex 127 132.5 10
      vertex 176.455 126.586 10
    endloop
  endfacet
  facet normal 0 0 -1
    outer loop
      vertex 179.586 55.2088 10
      vertex 209 49.5 10
      vertex 179.6 55 10
    endloop
  endfacet
  facet normal 0 0 -1
    outer loop
      vertex 209 49.5 10
      vertex 179.586 54.7912 10
      vertex 179.6 55 10
    endloop
  endfacet
  facet normal 0 0 -1
    outer loop
      vertex 209 49.5 10
      vertex 179.545 54.5859 10
      vertex 179.586 54.7912 10
    endloop
  endfacet
  facet normal 0 0 -1
    outer loop
      vertex 209 49.5 10
      vertex 179.478 54.3877 10
      vertex 179.545 54.5859 10
    endloop
  endfacet
  facet normal 0 0 -1
    outer loop
      vertex 209 49.5 10
      vertex 179.386 54.2 10
      vertex 179.478 54.3877 10
    endloop
  endfacet
  facet normal 0 0 -1
    outer loop
      vertex 209 49.5 10
      vertex 179.269 54.026 10
      vertex 179.386 54.2 10
    endloop
  endfacet
  facet normal 0 0 -1
    outer loop
      vertex 209 49.5 10
      vertex 179.131 53.8686 10
      vertex 179.269 54.026 10
    endloop
  endfacet
  facet normal 0 0 -1
    outer loop
      vertex 209 49.5 10
      vertex 178.974 53.7306 10
      vertex 179.131 53.8686 10
    endloop
  endfacet
  facet normal 0 0 -1
    outer loop
      vertex 209 49.5 10
      vertex 178.8 53.6144 10
      vertex 178.974 53.7306 10
    endloop
  endfacet
  facet normal 0 0 -1
    outer loop
      vertex 209 49.5 10
      vertex 178.612 53.5218 10
      vertex 178.8 53.6144 10
    endloop
  endfacet
  facet normal 0 0 -1
    outer loop
      vertex 209 49.5 10
      vertex 178.414 53.4545 10
      vertex 178.612 53.5218 10
    endloop
  endfacet
  facet normal 0 0 -1
    outer loop
      vertex 209 49.5 10
      vertex 178.209 53.4137 10
      vertex 178.414 53.4545 10
    endloop
  endfacet
  facet normal 0 0 -1
    outer loop
      vertex 209 49.5 10
      vertex 178 53.4 10
      vertex 178.209 53.4137 10
    endloop
  endfacet
  facet normal 0 0 -1
    outer loop
      vertex 127 49.5 10
      vertex 178 53.4 10
      vertex 209 49.5 10
    endloop
  endfacet
  facet normal 0 0 -1
    outer loop
      vertex 176.455 126.586 10
      vertex 127 132.5 10
      vertex 176.414 126.791 10
    endloop
  endfacet
  facet normal -0 0 -1
    outer loop
      vertex 176.414 54.7912 10
      vertex 127 49.5 10
      vertex 176.4 55 10
    endloop
  endfacet
  facet normal -0 0 -1
    outer loop
      vertex 176.455 54.5859 10
      vertex 127 49.5 10
      vertex 176.414 54.7912 10
    endloop
  endfacet
  facet normal -0 0 -1
    outer loop
      vertex 176.522 54.3877 10
      vertex 127 49.5 10
      vertex 176.455 54.5859 10
    endloop
  endfacet
  facet normal -0 0 -1
    outer loop
      vertex 176.614 54.2 10
      vertex 127 49.5 10
      vertex 176.522 54.3877 10
    endloop
  endfacet
  facet normal -0 0 -1
    outer loop
      vertex 176.731 54.026 10
      vertex 127 49.5 10
      vertex 176.614 54.2 10
    endloop
  endfacet
  facet normal -0 0 -1
    outer loop
      vertex 176.869 53.8686 10
      vertex 127 49.5 10
      vertex 176.731 54.026 10
    endloop
  endfacet
  facet normal -0 0 -1
    outer loop
      vertex 177.026 53.7306 10
      vertex 127 49.5 10
      vertex 176.869 53.8686 10
    endloop
  endfacet
  facet normal -0 0 -1
    outer loop
      vertex 177.2 53.6144 10
      vertex 127 49.5 10
      vertex 177.026 53.7306 10
    endloop
  endfacet
  facet normal -0 0 -1
    outer loop
      vertex 177.388 53.5218 10
      vertex 127 49.5 10
      vertex 177.2 53.6144 10
    endloop
  endfacet
  facet normal -0 0 -1
    outer loop
      vertex 177.586 53.4545 10
      vertex 127 49.5 10
      vertex 177.388 53.5218 10
    endloop
  endfacet
  facet normal -0 0 -1
    outer loop
      vertex 177.791 53.4137 10
      vertex 127 49.5 10
      vertex 177.586 53.4545 10
    endloop
  endfacet
  facet normal -0 0 -1
    outer loop
      vertex 178 53.4 10
      vertex 127 49.5 10
      vertex 177.791 53.4137 10
    endloop
  endfacet
  facet normal 0 0 -1
    outer loop
      vertex 179.545 55.4141 10
      vertex 209 49.5 10
      vertex 179.586 55.2088 10
    endloop
  endfacet
  facet normal 0 0 -1
    outer loop
      vertex 179.586 127.209 10
      vertex 209 132.5 10
      vertex 179.6 127 10
    endloop
  endfacet
  facet normal 0 0 -1
    outer loop
      vertex 179.545 127.414 10
      vertex 209 132.5 10
      vertex 179.586 127.209 10
    endloop
  endfacet
  facet normal 0 0 -1
    outer loop
      vertex 179.478 127.612 10
      vertex 209 132.5 10
      vertex 179.545 127.414 10
    endloop
  endfacet
  facet normal 0 0 -1
    outer loop
      vertex 179.386 127.8 10
      vertex 209 132.5 10
      vertex 179.478 127.612 10
    endloop
  endfacet
  facet normal 0 0 -1
    outer loop
      vertex 179.269 127.974 10
      vertex 209 132.5 10
      vertex 179.386 127.8 10
    endloop
  endfacet
  facet normal 0 0 -1
    outer loop
      vertex 179.131 128.131 10
      vertex 209 132.5 10
      vertex 179.269 127.974 10
    endloop
  endfacet
  facet normal 0 0 -1
    outer loop
      vertex 178.974 128.269 10
      vertex 209 132.5 10
      vertex 179.131 128.131 10
    endloop
  endfacet
  facet normal 0 0 -1
    outer loop
      vertex 178.8 128.386 10
      vertex 209 132.5 10
      vertex 178.974 128.269 10
    endloop
  endfacet
  facet normal 0 0 -1
    outer loop
      vertex 178.612 128.478 10
      vertex 209 132.5 10
      vertex 178.8 128.386 10
    endloop
  endfacet
  facet normal 0 0 -1
    outer loop
      vertex 178.414 128.545 10
      vertex 209 132.5 10
      vertex 178.612 128.478 10
    endloop
  endfacet
  facet normal 0 0 -1
    outer loop
      vertex 178.209 128.586 10
      vertex 209 132.5 10
      vertex 178.414 128.545 10
    endloop
  endfacet
  facet normal 0 0 -1
    outer loop
      vertex 178 128.6 10
      vertex 209 132.5 10
      vertex 178.209 128.586 10
    endloop
  endfacet
  facet normal 0 0 -1
    outer loop
      vertex 127 132.5 10
      vertex 178 128.6 10
      vertex 177.791 128.586 10
    endloop
  endfacet
  facet normal 0 0 -1
    outer loop
      vertex 176.414 126.791 10
      vertex 127 132.5 10
      vertex 176.4 127 10
    endloop
  endfacet
  facet normal 0 0 -1
    outer loop
      vertex 176.4 127 10
      vertex 127 132.5 10
      vertex 176.414 127.209 10
    endloop
  endfacet
  facet normal 0 0 -1
    outer loop
      vertex 176.414 127.209 10
      vertex 127 132.5 10
      vertex 176.455 127.414 10
    endloop
  endfacet
  facet normal 0 0 -1
    outer loop
      vertex 176.455 127.414 10
      vertex 127 132.5 10
      vertex 176.522 127.612 10
    endloop
  endfacet
  facet normal 0 0 -1
    outer loop
      vertex 178 128.6 10
      vertex 127 132.5 10
      vertex 209 132.5 10
    endloop
  endfacet
  facet normal 0 0 -1
    outer loop
      vertex 177.586 128.545 10
      vertex 127 132.5 10
      vertex 177.791 128.586 10
    endloop
  endfacet
  facet normal 0 0 -1
    outer loop
      vertex 177.388 128.478 10
      vertex 127 132.5 10
      vertex 177.586 128.545 10
    endloop
  endfacet
  facet normal 0 0 -1
    outer loop
      vertex 177.2 128.386 10
      vertex 127 132.5 10
      vertex 177.388 128.478 10
    endloop
  endfacet
  facet normal 0 0 -1
    outer loop
      vertex 177.026 128.269 10
      vertex 127 132.5 10
      vertex 177.2 128.386 10
    endloop
  endfacet
  facet normal 0 0 -1
    outer loop
      vertex 176.869 128.131 10
      vertex 127 132.5 10
      vertex 177.026 128.269 10
    endloop
  endfacet
  facet normal 0 0 -1
    outer loop
      vertex 176.731 127.974 10
      vertex 127 132.5 10
      vertex 176.869 128.131 10
    endloop
  endfacet
  facet normal 0 0 -1
    outer loop
      vertex 176.614 127.8 10
      vertex 127 132.5 10
      vertex 176.731 127.974 10
    endloop
  endfacet
  facet normal 0 0 -1
    outer loop
      vertex 176.522 127.612 10
      vertex 127 132.5 10
      vertex 176.614 127.8 10
    endloop
  endfacet
  facet normal -1 0 0
    outer loop
      vertex 0 49.5 13
      vertex 0 132.5 15
      vertex 0 132.5 13
    endloop
  endfacet
  facet normal -1 -0 0
    outer loop
      vertex 0 132.5 15
      vertex 0 49.5 13
      vertex 0 49.5 15
    endloop
  endfacet
  facet normal -1 0 0
    outer loop
      vertex 0 49.5 32
      vertex 0 132.5 41
      vertex 0 132.5 32
    endloop
  endfacet
  facet normal -1 -0 0
    outer loop
      vertex 0 132.5 41
      vertex 0 49.5 32
      vertex 0 49.5 41
    endloop
  endfacet
  facet normal -1 0 0
    outer loop
      vertex 0 49.5 17
      vertex 0 132.5 20
      vertex 0 132.5 17
    endloop
  endfacet
  facet normal -1 -0 0
    outer loop
      vertex 0 132.5 20
      vertex 0 49.5 17
      vertex 0 49.5 20
    endloop
  endfacet
  facet normal -1 0 0
    outer loop
      vertex 0 49.5 22
      vertex 0 132.5 25
      vertex 0 132.5 22
    endloop
  endfacet
  facet normal -1 -0 0
    outer loop
      vertex 0 132.5 25
      vertex 0 49.5 22
      vertex 0 49.5 25
    endloop
  endfacet
  facet normal -1 0 0
    outer loop
      vertex 0 49.5 27
      vertex 0 132.5 30
      vertex 0 132.5 27
    endloop
  endfacet
  facet normal -1 -0 0
    outer loop
      vertex 0 132.5 30
      vertex 0 49.5 27
      vertex 0 49.5 30
    endloop
  endfacet
  facet normal 0 1 -0
    outer loop
      vertex 127 182 13
      vertex 81 182 26
      vertex 127 182 26
    endloop
  endfacet
  facet normal 0 1 0
    outer loop
      vertex 81 182 26
      vertex 127 182 13
      vertex 81 182 13
    endloop
  endfacet
  facet normal 0 1 -0
    outer loop
      vertex 127 182 27
      vertex 81 182 41
      vertex 127 182 41
    endloop
  endfacet
  facet normal 0 1 0
    outer loop
      vertex 81 182 41
      vertex 127 182 27
      vertex 81 182 27
    endloop
  endfacet
  facet normal 0 -1 0
    outer loop
      vertex 81 0 13
      vertex 127 0 26
      vertex 81 0 26
    endloop
  endfacet
  facet normal 0 -1 -0
    outer loop
      vertex 127 0 26
      vertex 81 0 13
      vertex 127 0 13
    endloop
  endfacet
  facet normal 0 -1 0
    outer loop
      vertex 81 0 27
      vertex 127 0 41
      vertex 81 0 41
    endloop
  endfacet
  facet normal 0 -1 -0
    outer loop
      vertex 127 0 41
      vertex 81 0 27
      vertex 127 0 27
    endloop
  endfacet
  facet normal -0 0 1
    outer loop
      vertex 81 0 13
      vertex 127 -1 13
      vertex 127 0 13
    endloop
  endfacet
  facet normal 0 0 1
    outer loop
      vertex 127 -1 13
      vertex 81 0 13
      vertex 81 -1 13
    endloop
  endfacet
  facet normal -0 0 1
    outer loop
      vertex 81 183 13
      vertex 127 182 13
      vertex 127 183 13
    endloop
  endfacet
  facet normal 0 0 1
    outer loop
      vertex 127 182 13
      vertex 81 183 13
      vertex 81 182 13
    endloop
  endfacet
  facet normal -0 0 1
    outer loop
      vertex -1 132.5 13
      vertex 0 49.5 13
      vertex 0 132.5 13
    endloop
  endfacet
  facet normal 0 0 1
    outer loop
      vertex 0 49.5 13
      vertex -1 132.5 13
      vertex -1 49.5 13
    endloop
  endfacet
  facet normal -0 0 1
    outer loop
      vertex 208 132.5 13
      vertex 209 49.5 13
      vertex 209 132.5 13
    endloop
  endfacet
  facet normal 0 0 1
    outer loop
      vertex 209 49.5 13
      vertex 208 132.5 13
      vertex 208 49.5 13
    endloop
  endfacet
  facet normal -0.965926 -2.59789e-08 0.258818
    outer loop
      vertex 0.26527 132.5 43
      vertex 4.57166 97.3797 59.0717
      vertex 2.14091 132.5 50
    endloop
  endfacet
  facet normal -0.965926 0 0.258819
    outer loop
      vertex 0.26527 132.5 43
      vertex 4.57166 84.6203 59.0717
      vertex 4.57166 97.3797 59.0717
    endloop
  endfacet
  facet normal -0.965926 0 0.258819
    outer loop
      vertex 4.57166 84.6203 59.0717
      vertex 0.26527 132.5 43
      vertex 0.26527 49.5 43
    endloop
  endfacet
  facet normal -0.965926 0 0.258819
    outer loop
      vertex 2.14091 132.5 50
      vertex 8.62528 171.541 74.2
      vertex 2.14091 179.404 50
    endloop
  endfacet
  facet normal -0.965926 2.07321e-07 0.258819
    outer loop
      vertex 8.62528 94.9615 74.2
      vertex 2.14091 132.5 50
      vertex 4.57166 97.3797 59.0717
    endloop
  endfacet
  facet normal -0.965926 2.01678e-06 0.25882
    outer loop
      vertex 8.62528 94.9615 74.2
      vertex 4.57166 97.3797 59.0717
      vertex 4.75775 96.8336 59.7662
    endloop
  endfacet
  facet normal -0.965926 -7.15741e-06 0.258818
    outer loop
      vertex 8.62528 94.9615 74.2
      vertex 4.75775 96.8336 59.7662
      vertex 4.9704 96.0223 60.5598
    endloop
  endfacet
  facet normal -0.965926 -2.74615e-06 0.258819
    outer loop
      vertex 8.62528 94.9615 74.2
      vertex 4.9704 96.0223 60.5598
      vertex 5.14958 95.125 61.2285
    endloop
  endfacet
  facet normal -0.965926 0 0.258819
    outer loop
      vertex 2.14091 132.5 50
      vertex 8.62528 94.9615 74.2
      vertex 8.62528 171.541 74.2
    endloop
  endfacet
  facet normal -0.965926 6.0587e-06 0.258819
    outer loop
      vertex 5.29223 94.1571 61.7609
      vertex 8.62528 94.9615 74.2
      vertex 5.14958 95.125 61.2285
    endloop
  endfacet
  facet normal -0.965926 -1.04158e-06 0.258819
    outer loop
      vertex 5.29223 94.1571 61.7609
      vertex 8.50674 94.1571 73.7576
      vertex 8.62528 94.9615 74.2
    endloop
  endfacet
  facet normal -0.965926 9.14035e-06 0.258819
    outer loop
      vertex 5.39589 93.1353 62.1478
      vertex 8.50674 94.1571 73.7576
      vertex 5.29223 94.1571 61.7609
    endloop
  endfacet
  facet normal -0.965925 -9.77056e-06 0.258821
    outer loop
      vertex 5.39589 93.1353 62.1478
      vertex 8.40308 93.1353 73.3707
      vertex 8.50674 94.1571 73.7576
    endloop
  endfacet
  facet normal -0.965925 -4.60674e-06 0.258821
    outer loop
      vertex 5.45881 92.0768 62.3826
      vertex 8.40308 93.1353 73.3707
      vertex 5.39589 93.1353 62.1478
    endloop
  endfacet
  facet normal -0.965926 4.80792e-06 0.25882
    outer loop
      vertex 5.45881 92.0768 62.3826
      vertex 8.34016 92.0768 73.1359
      vertex 8.40308 93.1353 73.3707
    endloop
  endfacet
  facet normal -0.965926 -1.10435e-05 0.25882
    outer loop
      vertex 5.47991 91 62.4613
      vertex 8.34016 92.0768 73.1359
      vertex 5.45881 92.0768 62.3826
    endloop
  endfacet
  facet normal -0.965926 1.12075e-05 0.258818
    outer loop
      vertex 5.47991 91 62.4613
      vertex 8.31906 91 73.0572
      vertex 8.34016 92.0768 73.1359
    endloop
  endfacet
  facet normal -0.965926 1.12075e-05 0.258818
    outer loop
      vertex 5.45881 89.9232 62.3826
      vertex 8.31906 91 73.0572
      vertex 5.47991 91 62.4613
    endloop
  endfacet
  facet normal -0.965926 -1.10435e-05 0.25882
    outer loop
      vertex 5.45881 89.9232 62.3826
      vertex 8.34016 89.9232 73.1359
      vertex 8.31906 91 73.0572
    endloop
  endfacet
  facet normal -0.965926 4.80792e-06 0.25882
    outer loop
      vertex 5.39589 88.8647 62.1478
      vertex 8.34016 89.9232 73.1359
      vertex 5.45881 89.9232 62.3826
    endloop
  endfacet
  facet normal -0.965925 -4.60674e-06 0.258821
    outer loop
      vertex 5.39589 88.8647 62.1478
      vertex 8.40308 88.8647 73.3707
      vertex 8.34016 89.9232 73.1359
    endloop
  endfacet
  facet normal -0.965925 -9.77056e-06 0.258821
    outer loop
      vertex 5.29223 87.8429 61.7609
      vertex 8.40308 88.8647 73.3707
      vertex 5.39589 88.8647 62.1478
    endloop
  endfacet
  facet normal -0.965926 9.14035e-06 0.258819
    outer loop
      vertex 5.29223 87.8429 61.7609
      vertex 8.50674 87.8429 73.7576
      vertex 8.40308 88.8647 73.3707
    endloop
  endfacet
  facet normal -0.965926 1.04158e-06 0.258819
    outer loop
      vertex 5.29223 87.8429 61.7609
      vertex 8.62528 87.0385 74.2
      vertex 8.50674 87.8429 73.7576
    endloop
  endfacet
  facet normal -0.965926 -6.0587e-06 0.258819
    outer loop
      vertex 5.14958 86.875 61.2285
      vertex 8.62528 87.0385 74.2
      vertex 5.29223 87.8429 61.7609
    endloop
  endfacet
  facet normal -0.965926 2.74615e-06 0.258819
    outer loop
      vertex 4.9704 85.9777 60.5598
      vertex 8.62528 87.0385 74.2
      vertex 5.14958 86.875 61.2285
    endloop
  endfacet
  facet normal -0.965926 7.15741e-06 0.258818
    outer loop
      vertex 4.75775 85.1664 59.7662
      vertex 8.62528 87.0385 74.2
      vertex 4.9704 85.9777 60.5598
    endloop
  endfacet
  facet normal -0.965926 -2.01678e-06 0.25882
    outer loop
      vertex 4.57166 84.6203 59.0717
      vertex 8.62528 87.0385 74.2
      vertex 4.75775 85.1664 59.7662
    endloop
  endfacet
  facet normal -0.965926 2.59789e-08 0.258818
    outer loop
      vertex 2.14091 49.5 50
      vertex 4.57166 84.6203 59.0717
      vertex 0.26527 49.5 43
    endloop
  endfacet
  facet normal -0.965926 -2.07321e-07 0.258819
    outer loop
      vertex 4.57166 84.6203 59.0717
      vertex 2.14091 49.5 50
      vertex 8.62528 87.0385 74.2
    endloop
  endfacet
  facet normal -0.965926 0 0.258819
    outer loop
      vertex 2.14091 49.5 50
      vertex 8.62528 10.4592 74.2
      vertex 8.62528 87.0385 74.2
    endloop
  endfacet
  facet normal -0.965926 0 0.258819
    outer loop
      vertex 8.62528 10.4592 74.2
      vertex 2.14091 49.5 50
      vertex 2.14091 2.59611 50
    endloop
  endfacet
  facet normal 0 -0.951056 0.309018
    outer loop
      vertex 8.62528 10.4592 74.2
      vertex 20.1436 2.59936 50.01
      vertex 26.6253 10.4592 74.2
    endloop
  endfacet
  facet normal 4.17015e-08 -0.951056 0.309018
    outer loop
      vertex 2.14091 2.59611 50
      vertex 20.1436 2.59936 50.01
      vertex 8.62528 10.4592 74.2
    endloop
  endfacet
  facet normal 0 -0.951034 0.309086
    outer loop
      vertex 20.1436 2.59936 50.01
      vertex 2.14091 2.59611 50
      vertex 20.1436 2.59611 50
    endloop
  endfacet
  facet normal 0 -0.951056 0.309018
    outer loop
      vertex 187.856 2.59936 50.01
      vertex 199.375 10.4592 74.2
      vertex 181.375 10.4592 74.2
    endloop
  endfacet
  facet normal 0 -0.951034 0.309086
    outer loop
      vertex 205.859 2.59611 50
      vertex 187.856 2.59936 50.01
      vertex 187.856 2.59611 50
    endloop
  endfacet
  facet normal -4.17008e-08 -0.951056 0.309018
    outer loop
      vertex 187.856 2.59936 50.01
      vertex 205.859 2.59611 50
      vertex 199.375 10.4592 74.2
    endloop
  endfacet
  facet normal 0 -0.951056 0.309017
    outer loop
      vertex 81 0.321671 43
      vertex 127 2.59611 50
      vertex 81 2.59611 50
    endloop
  endfacet
  facet normal 0 -0.951056 0.309017
    outer loop
      vertex 127 2.59611 50
      vertex 81 0.321671 43
      vertex 127 0.321671 43
    endloop
  endfacet
  facet normal 0 0.951054 0.309024
    outer loop
      vertex 20.1436 179.401 50.01
      vertex 8.62528 171.541 74.2
      vertex 26.6253 171.541 74.2
    endloop
  endfacet
  facet normal -0 0.957826 0.287348
    outer loop
      vertex 2.14091 179.404 50
      vertex 20.1436 179.401 50.01
      vertex 20.1436 179.404 50
    endloop
  endfacet
  facet normal -1.31654e-05 0.951056 0.309018
    outer loop
      vertex 20.1436 179.401 50.01
      vertex 2.14091 179.404 50
      vertex 8.62528 171.541 74.2
    endloop
  endfacet
  facet normal 0 0.951054 0.309024
    outer loop
      vertex 199.375 171.541 74.2
      vertex 187.856 179.401 50.01
      vertex 181.375 171.541 74.2
    endloop
  endfacet
  facet normal 1.31652e-05 0.951056 0.309018
    outer loop
      vertex 205.859 179.404 50
      vertex 187.856 179.401 50.01
      vertex 199.375 171.541 74.2
    endloop
  endfacet
  facet normal 0 0.957826 0.287348
    outer loop
      vertex 187.856 179.401 50.01
      vertex 205.859 179.404 50
      vertex 187.856 179.404 50
    endloop
  endfacet
  facet normal 0 0.951074 0.308963
    outer loop
      vertex 127 181.678 43
      vertex 81 179.404 50
      vertex 127 179.404 50
    endloop
  endfacet
  facet normal 0 0.951074 0.308963
    outer loop
      vertex 81 179.404 50
      vertex 127 181.678 43
      vertex 81 181.678 43
    endloop
  endfacet
  facet normal 0.978141 0.207943 0
    outer loop
      vertex 199.375 80 74.2
      vertex 205.859 49.5 50
      vertex 199.375 80 74.1992
    endloop
  endfacet
  facet normal 0.96593 -0 0.258805
    outer loop
      vertex 199.375 10.4592 74.2
      vertex 205.859 49.5 50
      vertex 199.375 80 74.2
    endloop
  endfacet
  facet normal 0.96593 0 0.258805
    outer loop
      vertex 205.859 49.5 50
      vertex 199.375 10.4592 74.2
      vertex 205.859 2.59611 50
    endloop
  endfacet
  facet normal 0.96593 0 0.258805
    outer loop
      vertex 199.375 171.541 74.2
      vertex 205.859 132.5 50
      vertex 205.859 179.404 50
    endloop
  endfacet
  facet normal 0.966029 -0.000321499 0.258435
    outer loop
      vertex 199.571 101.957 73.4665
      vertex 205.859 132.5 50
      vertex 199.375 102 74.1992
    endloop
  endfacet
  facet normal 0.96593 -0 0.258805
    outer loop
      vertex 199.375 102 74.2
      vertex 205.859 132.5 50
      vertex 199.375 171.541 74.2
    endloop
  endfacet
  facet normal 0.978141 -0.207943 0
    outer loop
      vertex 205.859 132.5 50
      vertex 199.375 102 74.2
      vertex 199.375 102 74.1992
    endloop
  endfacet
  facet normal 0.965864 0.000184918 0.25905
    outer loop
      vertex 199.804 101.906 72.5978
      vertex 205.859 132.5 50
      vertex 199.571 101.957 73.4665
    endloop
  endfacet
  facet normal 0.965869 0.000168766 0.25903
    outer loop
      vertex 200.079 101.723 71.5725
      vertex 205.859 132.5 50
      vertex 199.804 101.906 72.5978
    endloop
  endfacet
  facet normal 0.965936 -1.66992e-05 0.258783
    outer loop
      vertex 200.226 101.625 71.0238
      vertex 205.859 132.5 50
      vertex 200.079 101.723 71.5725
    endloop
  endfacet
  facet normal 0.965953 -6.45319e-05 0.258717
    outer loop
      vertex 200.633 101.163 69.5041
      vertex 205.859 132.5 50
      vertex 200.226 101.625 71.0238
    endloop
  endfacet
  facet normal 0.965881 0.000114185 0.258985
    outer loop
      vertex 201.019 100.526 68.0648
      vertex 205.859 132.5 50
      vertex 200.633 101.163 69.5041
    endloop
  endfacet
  facet normal 0.966002 -0.000158386 0.258535
    outer loop
      vertex 201.376 99.7269 66.7304
      vertex 205.859 132.5 50
      vertex 201.019 100.526 68.0648
    endloop
  endfacet
  facet normal 0.965969 -9.18379e-05 0.258657
    outer loop
      vertex 201.699 98.7782 65.5238
      vertex 205.859 132.5 50
      vertex 201.376 99.7269 66.7304
    endloop
  endfacet
  facet normal 0.664718 0.243192 0.706405
    outer loop
      vertex 201.7 98.7775 65.5231
      vertex 205.859 132.5 50
      vertex 201.699 98.7782 65.5238
    endloop
  endfacet
  facet normal 0.966709 -0.00144018 0.255875
    outer loop
      vertex 201.703 98.7658 65.5117
      vertex 205.859 132.5 50
      vertex 201.7 98.7775 65.5231
    endloop
  endfacet
  facet normal 0.965914 3.25157e-05 0.258865
    outer loop
      vertex 205.859 132.5 50
      vertex 201.703 98.7658 65.5117
      vertex 207.735 132.5 43
    endloop
  endfacet
  facet normal 0.965926 -0 0.258819
    outer loop
      vertex 201.703 98.6342 65.5117
      vertex 207.735 132.5 43
      vertex 201.703 98.7658 65.5117
    endloop
  endfacet
  facet normal 0.965926 -0 0.258819
    outer loop
      vertex 201.703 98.416 65.5117
      vertex 207.735 132.5 43
      vertex 201.703 98.6342 65.5117
    endloop
  endfacet
  facet normal 0.965926 -0 0.258819
    outer loop
      vertex 201.703 98.2378 65.5117
      vertex 207.735 132.5 43
      vertex 201.703 98.416 65.5117
    endloop
  endfacet
  facet normal 0.965926 -0 0.258819
    outer loop
      vertex 201.703 97.6608 65.5117
      vertex 207.735 132.5 43
      vertex 201.703 98.2378 65.5117
    endloop
  endfacet
  facet normal 0.965926 -0 0.258819
    outer loop
      vertex 201.703 94.6614 65.5117
      vertex 207.735 132.5 43
      vertex 201.703 97.6608 65.5117
    endloop
  endfacet
  facet normal 0.965926 -0 0.258819
    outer loop
      vertex 201.703 91.2105 65.5117
      vertex 207.735 132.5 43
      vertex 201.703 94.6614 65.5117
    endloop
  endfacet
  facet normal 0.965926 -0 0.258819
    outer loop
      vertex 201.703 90.7895 65.5117
      vertex 207.735 132.5 43
      vertex 201.703 91.2105 65.5117
    endloop
  endfacet
  facet normal 0.965926 0 0.258819
    outer loop
      vertex 207.735 49.5 43
      vertex 201.703 90.7895 65.5117
      vertex 201.703 87.3386 65.5117
    endloop
  endfacet
  facet normal 0.965926 0 0.258819
    outer loop
      vertex 207.735 49.5 43
      vertex 201.703 87.3386 65.5117
      vertex 201.703 84.3392 65.5117
    endloop
  endfacet
  facet normal 0.965926 0 0.258819
    outer loop
      vertex 207.735 49.5 43
      vertex 201.703 84.3392 65.5117
      vertex 201.703 83.7622 65.5117
    endloop
  endfacet
  facet normal 0.965926 0 0.258819
    outer loop
      vertex 207.735 49.5 43
      vertex 201.703 83.7622 65.5117
      vertex 201.703 83.584 65.5117
    endloop
  endfacet
  facet normal 0.965926 0 0.258819
    outer loop
      vertex 207.735 49.5 43
      vertex 201.703 83.584 65.5117
      vertex 201.703 83.3658 65.5117
    endloop
  endfacet
  facet normal 0.965926 0 0.258819
    outer loop
      vertex 207.735 49.5 43
      vertex 201.703 83.3658 65.5117
      vertex 201.703 83.2342 65.5117
    endloop
  endfacet
  facet normal 0.966029 0.000321465 0.258435
    outer loop
      vertex 205.859 49.5 50
      vertex 199.571 80.0431 73.4665
      vertex 199.375 80 74.1992
    endloop
  endfacet
  facet normal 0.965864 -0.000184917 0.25905
    outer loop
      vertex 205.859 49.5 50
      vertex 199.804 80.0941 72.5978
      vertex 199.571 80.0431 73.4665
    endloop
  endfacet
  facet normal 0.965869 -0.000168776 0.25903
    outer loop
      vertex 205.859 49.5 50
      vertex 200.079 80.277 71.5725
      vertex 199.804 80.0941 72.5978
    endloop
  endfacet
  facet normal 0.965936 1.6703e-05 0.258783
    outer loop
      vertex 205.859 49.5 50
      vertex 200.226 80.3748 71.0238
      vertex 200.079 80.277 71.5725
    endloop
  endfacet
  facet normal 0.965953 6.45203e-05 0.258717
    outer loop
      vertex 205.859 49.5 50
      vertex 200.633 80.8373 69.5041
      vertex 200.226 80.3748 71.0238
    endloop
  endfacet
  facet normal 0.965881 -0.000114207 0.258985
    outer loop
      vertex 205.859 49.5 50
      vertex 201.019 81.4737 68.0648
      vertex 200.633 80.8373 69.5041
    endloop
  endfacet
  facet normal 0.966002 0.000158372 0.258535
    outer loop
      vertex 205.859 49.5 50
      vertex 201.376 82.2731 66.7304
      vertex 201.019 81.4737 68.0648
    endloop
  endfacet
  facet normal 0.965969 9.18379e-05 0.258657
    outer loop
      vertex 205.859 49.5 50
      vertex 201.699 83.2218 65.5238
      vertex 201.376 82.2731 66.7304
    endloop
  endfacet
  facet normal 0.664718 -0.243192 0.706405
    outer loop
      vertex 205.859 49.5 50
      vertex 201.7 83.2225 65.5231
      vertex 201.699 83.2218 65.5238
    endloop
  endfacet
  facet normal 0.966709 0.00144018 0.255875
    outer loop
      vertex 205.859 49.5 50
      vertex 201.703 83.2342 65.5117
      vertex 201.7 83.2225 65.5231
    endloop
  endfacet
  facet normal 0.965914 -3.25157e-05 0.258865
    outer loop
      vertex 207.735 49.5 43
      vertex 201.703 83.2342 65.5117
      vertex 205.859 49.5 50
    endloop
  endfacet
  facet normal 0.965926 0 0.258819
    outer loop
      vertex 201.703 90.7895 65.5117
      vertex 207.735 49.5 43
      vertex 207.735 132.5 43
    endloop
  endfacet
  facet normal -1 0 0
    outer loop
      vertex 205 49.5 13
      vertex 205 132.5 46
      vertex 205 132.5 13
    endloop
  endfacet
  facet normal -1 -0 0
    outer loop
      vertex 205 132.5 46
      vertex 205 49.5 13
      vertex 205 49.5 46
    endloop
  endfacet
  facet normal 0 0 -1
    outer loop
      vertex 3 49.5 46
      vertex 4.10515 132.5 46
      vertex 4.10515 49.5 46
    endloop
  endfacet
  facet normal -0 0 -1
    outer loop
      vertex 4.10515 132.5 46
      vertex 3 49.5 46
      vertex 3 132.5 46
    endloop
  endfacet
  facet normal 0 0 -1
    outer loop
      vertex 81 177.66 46
      vertex 127 179 46
      vertex 127 177.66 46
    endloop
  endfacet
  facet normal -0 0 -1
    outer loop
      vertex 127 179 46
      vertex 81 177.66 46
      vertex 81 179 46
    endloop
  endfacet
  facet normal 0 0 -1
    outer loop
      vertex 81 3 46
      vertex 127 4.34013 46
      vertex 127 3 46
    endloop
  endfacet
  facet normal -0 0 -1
    outer loop
      vertex 127 4.34013 46
      vertex 81 3 46
      vertex 81 4.34013 46
    endloop
  endfacet
  facet normal 0 0 -1
    outer loop
      vertex 203.895 49.5 46
      vertex 205 132.5 46
      vertex 205 49.5 46
    endloop
  endfacet
  facet normal -0 0 -1
    outer loop
      vertex 205 132.5 46
      vertex 203.895 49.5 46
      vertex 203.895 132.5 46
    endloop
  endfacet
  facet normal 0 0 1
    outer loop
      vertex 33.6955 125.469 13
      vertex 81 132.5 13
      vertex 33.8637 125.965 13
    endloop
  endfacet
  facet normal 0 0 1
    outer loop
      vertex 81 49.5 13
      vertex 33.9658 55.5221 13
      vertex 34 55 13
    endloop
  endfacet
  facet normal 0 0 1
    outer loop
      vertex 33.4641 125 13
      vertex 81 132.5 13
      vertex 33.6955 125.469 13
    endloop
  endfacet
  facet normal 0 0 1
    outer loop
      vertex 81 49.5 13
      vertex 33.8637 56.0353 13
      vertex 33.9658 55.5221 13
    endloop
  endfacet
  facet normal 0 0 1
    outer loop
      vertex 33.1734 124.565 13
      vertex 81 132.5 13
      vertex 33.4641 125 13
    endloop
  endfacet
  facet normal 0 0 1
    outer loop
      vertex 81 49.5 13
      vertex 33.6955 56.5307 13
      vertex 33.8637 56.0353 13
    endloop
  endfacet
  facet normal 0 0 1
    outer loop
      vertex 32.8284 124.172 13
      vertex 81 132.5 13
      vertex 33.1734 124.565 13
    endloop
  endfacet
  facet normal 0 0 1
    outer loop
      vertex 81 49.5 13
      vertex 33.4641 57 13
      vertex 33.6955 56.5307 13
    endloop
  endfacet
  facet normal 0 0 1
    outer loop
      vertex 81 132.5 13
      vertex 32.8284 124.172 13
      vertex 81 49.5 13
    endloop
  endfacet
  facet normal 0 0 1
    outer loop
      vertex 81 49.5 13
      vertex 33.1734 57.435 13
      vertex 33.4641 57 13
    endloop
  endfacet
  facet normal -0 0 1
    outer loop
      vertex 32.8284 57.8284 13
      vertex 81 49.5 13
      vertex 32.8284 124.172 13
    endloop
  endfacet
  facet normal 0 0 1
    outer loop
      vertex 81 49.5 13
      vertex 32.8284 57.8284 13
      vertex 33.1734 57.435 13
    endloop
  endfacet
  facet normal -0 0 1
    outer loop
      vertex 32.435 123.827 13
      vertex 32.8284 57.8284 13
      vertex 32.8284 124.172 13
    endloop
  endfacet
  facet normal 0 0 1
    outer loop
      vertex 32.435 123.827 13
      vertex 32.435 58.1734 13
      vertex 32.8284 57.8284 13
    endloop
  endfacet
  facet normal -0 0 1
    outer loop
      vertex 32 123.536 13
      vertex 32.435 58.1734 13
      vertex 32.435 123.827 13
    endloop
  endfacet
  facet normal 0 0 1
    outer loop
      vertex 32 123.536 13
      vertex 32 58.4641 13
      vertex 32.435 58.1734 13
    endloop
  endfacet
  facet normal -0 0 1
    outer loop
      vertex 31.5307 123.304 13
      vertex 32 58.4641 13
      vertex 32 123.536 13
    endloop
  endfacet
  facet normal 0 0 1
    outer loop
      vertex 31.5307 123.304 13
      vertex 31.5307 58.6955 13
      vertex 32 58.4641 13
    endloop
  endfacet
  facet normal -0 0 1
    outer loop
      vertex 31.0353 123.136 13
      vertex 31.5307 58.6955 13
      vertex 31.5307 123.304 13
    endloop
  endfacet
  facet normal 0 0 1
    outer loop
      vertex 31.0353 123.136 13
      vertex 31.0353 58.8637 13
      vertex 31.5307 58.6955 13
    endloop
  endfacet
  facet normal -0 0 1
    outer loop
      vertex 30.5221 123.034 13
      vertex 31.0353 58.8637 13
      vertex 31.0353 123.136 13
    endloop
  endfacet
  facet normal 0 0 1
    outer loop
      vertex 30.5221 123.034 13
      vertex 30.5221 58.9658 13
      vertex 31.0353 58.8637 13
    endloop
  endfacet
  facet normal -0 0 1
    outer loop
      vertex 30 123 13
      vertex 30.5221 58.9658 13
      vertex 30.5221 123.034 13
    endloop
  endfacet
  facet normal 0 0 1
    outer loop
      vertex 30 123 13
      vertex 30 59 13
      vertex 30.5221 58.9658 13
    endloop
  endfacet
  facet normal 0 0 1
    outer loop
      vertex 29.4779 123.034 13
      vertex 30 59 13
      vertex 30 123 13
    endloop
  endfacet
  facet normal 0 0 1
    outer loop
      vertex 29.4779 123.034 13
      vertex 29.4779 58.9658 13
      vertex 30 59 13
    endloop
  endfacet
  facet normal 0 0 1
    outer loop
      vertex 28.9647 123.136 13
      vertex 29.4779 58.9658 13
      vertex 29.4779 123.034 13
    endloop
  endfacet
  facet normal 0 0 1
    outer loop
      vertex 28.9647 123.136 13
      vertex 28.9647 58.8637 13
      vertex 29.4779 58.9658 13
    endloop
  endfacet
  facet normal 0 0 1
    outer loop
      vertex 28.4693 123.304 13
      vertex 28.9647 58.8637 13
      vertex 28.9647 123.136 13
    endloop
  endfacet
  facet normal 0 0 1
    outer loop
      vertex 28.4693 123.304 13
      vertex 28.4693 58.6955 13
      vertex 28.9647 58.8637 13
    endloop
  endfacet
  facet normal 0 0 1
    outer loop
      vertex 28 123.536 13
      vertex 28.4693 58.6955 13
      vertex 28.4693 123.304 13
    endloop
  endfacet
  facet normal 0 0 1
    outer loop
      vertex 28 123.536 13
      vertex 28 58.4641 13
      vertex 28.4693 58.6955 13
    endloop
  endfacet
  facet normal 0 0 1
    outer loop
      vertex 27.565 123.827 13
      vertex 28 58.4641 13
      vertex 28 123.536 13
    endloop
  endfacet
  facet normal 0 0 1
    outer loop
      vertex 27.565 123.827 13
      vertex 27.565 58.1734 13
      vertex 28 58.4641 13
    endloop
  endfacet
  facet normal 0 0 1
    outer loop
      vertex 3 132.5 13
      vertex 27.565 123.827 13
      vertex 27.1716 124.172 13
    endloop
  endfacet
  facet normal 0 0 1
    outer loop
      vertex 27.565 123.827 13
      vertex 3 132.5 13
      vertex 27.565 58.1734 13
    endloop
  endfacet
  facet normal 0 0 1
    outer loop
      vertex 3 132.5 13
      vertex 27.1716 124.172 13
      vertex 26.8266 124.565 13
    endloop
  endfacet
  facet normal 0 0 1
    outer loop
      vertex 3 49.5 13
      vertex 27.565 58.1734 13
      vertex 3 132.5 13
    endloop
  endfacet
  facet normal 0 0 1
    outer loop
      vertex 3 132.5 13
      vertex 26.8266 124.565 13
      vertex 26.5359 125 13
    endloop
  endfacet
  facet normal 0 0 1
    outer loop
      vertex 27.565 58.1734 13
      vertex 3 49.5 13
      vertex 27.1716 57.8284 13
    endloop
  endfacet
  facet normal 0 0 1
    outer loop
      vertex 3 132.5 13
      vertex 26.5359 125 13
      vertex 26.3045 125.469 13
    endloop
  endfacet
  facet normal 0 0 1
    outer loop
      vertex 27.1716 57.8284 13
      vertex 3 49.5 13
      vertex 26.8266 57.435 13
    endloop
  endfacet
  facet normal 0 0 1
    outer loop
      vertex 3 132.5 13
      vertex 26.3045 125.469 13
      vertex 26.1363 125.965 13
    endloop
  endfacet
  facet normal 0 0 1
    outer loop
      vertex 26.8266 57.435 13
      vertex 3 49.5 13
      vertex 26.5359 57 13
    endloop
  endfacet
  facet normal 0 0 1
    outer loop
      vertex 3 132.5 13
      vertex 26.1363 125.965 13
      vertex 26.0342 126.478 13
    endloop
  endfacet
  facet normal 0 0 1
    outer loop
      vertex 26.5359 57 13
      vertex 3 49.5 13
      vertex 26.3045 56.5307 13
    endloop
  endfacet
  facet normal 0 0 1
    outer loop
      vertex 3 132.5 13
      vertex 26.0342 126.478 13
      vertex 26 127 13
    endloop
  endfacet
  facet normal 0 0 1
    outer loop
      vertex 26.3045 56.5307 13
      vertex 3 49.5 13
      vertex 26.1363 56.0353 13
    endloop
  endfacet
  facet normal 0 0 1
    outer loop
      vertex 33.9658 126.478 13
      vertex 81 132.5 13
      vertex 34 127 13
    endloop
  endfacet
  facet normal 0 0 1
    outer loop
      vertex 81 132.5 13
      vertex 33.9658 127.522 13
      vertex 34 127 13
    endloop
  endfacet
  facet normal 0 0 1
    outer loop
      vertex 81 132.5 13
      vertex 33.8637 128.035 13
      vertex 33.9658 127.522 13
    endloop
  endfacet
  facet normal 0 0 1
    outer loop
      vertex 81 132.5 13
      vertex 33.6955 128.531 13
      vertex 33.8637 128.035 13
    endloop
  endfacet
  facet normal 0 0 1
    outer loop
      vertex 81 132.5 13
      vertex 33.4641 129 13
      vertex 33.6955 128.531 13
    endloop
  endfacet
  facet normal 0 0 1
    outer loop
      vertex 81 132.5 13
      vertex 33.1734 129.435 13
      vertex 33.4641 129 13
    endloop
  endfacet
  facet normal 0 0 1
    outer loop
      vertex 81 132.5 13
      vertex 32.8284 129.828 13
      vertex 33.1734 129.435 13
    endloop
  endfacet
  facet normal 0 0 1
    outer loop
      vertex 81 132.5 13
      vertex 32.435 130.173 13
      vertex 32.8284 129.828 13
    endloop
  endfacet
  facet normal 0 0 1
    outer loop
      vertex 81 132.5 13
      vertex 32 130.464 13
      vertex 32.435 130.173 13
    endloop
  endfacet
  facet normal 0 0 1
    outer loop
      vertex 81 132.5 13
      vertex 31.5307 130.696 13
      vertex 32 130.464 13
    endloop
  endfacet
  facet normal 0 0 1
    outer loop
      vertex 81 132.5 13
      vertex 31.0353 130.864 13
      vertex 31.5307 130.696 13
    endloop
  endfacet
  facet normal 0 0 1
    outer loop
      vertex 81 132.5 13
      vertex 30.5221 130.966 13
      vertex 31.0353 130.864 13
    endloop
  endfacet
  facet normal 0 0 1
    outer loop
      vertex 81 132.5 13
      vertex 30 131 13
      vertex 30.5221 130.966 13
    endloop
  endfacet
  facet normal 0 0 1
    outer loop
      vertex 26.1363 56.0353 13
      vertex 3 49.5 13
      vertex 26.0342 55.5221 13
    endloop
  endfacet
  facet normal 0 0 1
    outer loop
      vertex 26.0342 127.522 13
      vertex 3 132.5 13
      vertex 26 127 13
    endloop
  endfacet
  facet normal 0 0 1
    outer loop
      vertex 26.1363 128.035 13
      vertex 3 132.5 13
      vertex 26.0342 127.522 13
    endloop
  endfacet
  facet normal 0 0 1
    outer loop
      vertex 26.3045 128.531 13
      vertex 3 132.5 13
      vertex 26.1363 128.035 13
    endloop
  endfacet
  facet normal 0 0 1
    outer loop
      vertex 26.5359 129 13
      vertex 3 132.5 13
      vertex 26.3045 128.531 13
    endloop
  endfacet
  facet normal 0 0 1
    outer loop
      vertex 26.8266 129.435 13
      vertex 3 132.5 13
      vertex 26.5359 129 13
    endloop
  endfacet
  facet normal 0 0 1
    outer loop
      vertex 27.1716 129.828 13
      vertex 3 132.5 13
      vertex 26.8266 129.435 13
    endloop
  endfacet
  facet normal 0 0 1
    outer loop
      vertex 27.565 130.173 13
      vertex 3 132.5 13
      vertex 27.1716 129.828 13
    endloop
  endfacet
  facet normal 0 0 1
    outer loop
      vertex 28 130.464 13
      vertex 3 132.5 13
      vertex 27.565 130.173 13
    endloop
  endfacet
  facet normal 0 0 1
    outer loop
      vertex 28.4693 130.696 13
      vertex 3 132.5 13
      vertex 28 130.464 13
    endloop
  endfacet
  facet normal 0 0 1
    outer loop
      vertex 28.9647 130.864 13
      vertex 3 132.5 13
      vertex 28.4693 130.696 13
    endloop
  endfacet
  facet normal 0 0 1
    outer loop
      vertex 29.4779 130.966 13
      vertex 3 132.5 13
      vertex 28.9647 130.864 13
    endloop
  endfacet
  facet normal 0 0 1
    outer loop
      vertex 30 131 13
      vertex 3 132.5 13
      vertex 29.4779 130.966 13
    endloop
  endfacet
  facet normal -0 0 1
    outer loop
      vertex 3 132.5 13
      vertex 30 131 13
      vertex 81 132.5 13
    endloop
  endfacet
  facet normal 0 0 1
    outer loop
      vertex 33.8637 125.965 13
      vertex 81 132.5 13
      vertex 33.9658 126.478 13
    endloop
  endfacet
  facet normal -0 0 1
    outer loop
      vertex 33.9658 54.4779 13
      vertex 81 49.5 13
      vertex 34 55 13
    endloop
  endfacet
  facet normal -0 0 1
    outer loop
      vertex 33.8637 53.9647 13
      vertex 81 49.5 13
      vertex 33.9658 54.4779 13
    endloop
  endfacet
  facet normal -0 0 1
    outer loop
      vertex 33.6955 53.4693 13
      vertex 81 49.5 13
      vertex 33.8637 53.9647 13
    endloop
  endfacet
  facet normal -0 0 1
    outer loop
      vertex 33.4641 53 13
      vertex 81 49.5 13
      vertex 33.6955 53.4693 13
    endloop
  endfacet
  facet normal -0 0 1
    outer loop
      vertex 33.1734 52.565 13
      vertex 81 49.5 13
      vertex 33.4641 53 13
    endloop
  endfacet
  facet normal -0 0 1
    outer loop
      vertex 32.8284 52.1716 13
      vertex 81 49.5 13
      vertex 33.1734 52.565 13
    endloop
  endfacet
  facet normal -0 0 1
    outer loop
      vertex 32.435 51.8266 13
      vertex 81 49.5 13
      vertex 32.8284 52.1716 13
    endloop
  endfacet
  facet normal -0 0 1
    outer loop
      vertex 32 51.5359 13
      vertex 81 49.5 13
      vertex 32.435 51.8266 13
    endloop
  endfacet
  facet normal -0 0 1
    outer loop
      vertex 31.5307 51.3045 13
      vertex 81 49.5 13
      vertex 32 51.5359 13
    endloop
  endfacet
  facet normal -0 0 1
    outer loop
      vertex 31.0353 51.1363 13
      vertex 81 49.5 13
      vertex 31.5307 51.3045 13
    endloop
  endfacet
  facet normal -0 0 1
    outer loop
      vertex 30.5221 51.0342 13
      vertex 81 49.5 13
      vertex 31.0353 51.1363 13
    endloop
  endfacet
  facet normal -0 0 1
    outer loop
      vertex 30 51 13
      vertex 81 49.5 13
      vertex 30.5221 51.0342 13
    endloop
  endfacet
  facet normal 0 0 1
    outer loop
      vertex 26.0342 55.5221 13
      vertex 3 49.5 13
      vertex 26 55 13
    endloop
  endfacet
  facet normal 0 0 1
    outer loop
      vertex 26 55 13
      vertex 3 49.5 13
      vertex 26.0342 54.4779 13
    endloop
  endfacet
  facet normal 0 0 1
    outer loop
      vertex 30 51 13
      vertex 3 49.5 13
      vertex 81 49.5 13
    endloop
  endfacet
  facet normal 0 0 1
    outer loop
      vertex 29.4779 51.0342 13
      vertex 3 49.5 13
      vertex 30 51 13
    endloop
  endfacet
  facet normal 0 0 1
    outer loop
      vertex 28.9647 51.1363 13
      vertex 3 49.5 13
      vertex 29.4779 51.0342 13
    endloop
  endfacet
  facet normal 0 0 1
    outer loop
      vertex 28.4693 51.3045 13
      vertex 3 49.5 13
      vertex 28.9647 51.1363 13
    endloop
  endfacet
  facet normal 0 0 1
    outer loop
      vertex 28 51.5359 13
      vertex 3 49.5 13
      vertex 28.4693 51.3045 13
    endloop
  endfacet
  facet normal 0 0 1
    outer loop
      vertex 27.565 51.8266 13
      vertex 3 49.5 13
      vertex 28 51.5359 13
    endloop
  endfacet
  facet normal 0 0 1
    outer loop
      vertex 27.1716 52.1716 13
      vertex 3 49.5 13
      vertex 27.565 51.8266 13
    endloop
  endfacet
  facet normal 0 0 1
    outer loop
      vertex 26.8266 52.565 13
      vertex 3 49.5 13
      vertex 27.1716 52.1716 13
    endloop
  endfacet
  facet normal 0 0 1
    outer loop
      vertex 26.5359 53 13
      vertex 3 49.5 13
      vertex 26.8266 52.565 13
    endloop
  endfacet
  facet normal 0 0 1
    outer loop
      vertex 26.3045 53.4693 13
      vertex 3 49.5 13
      vertex 26.5359 53 13
    endloop
  endfacet
  facet normal 0 0 1
    outer loop
      vertex 26.1363 53.9647 13
      vertex 3 49.5 13
      vertex 26.3045 53.4693 13
    endloop
  endfacet
  facet normal 0 0 1
    outer loop
      vertex 26.0342 54.4779 13
      vertex 3 49.5 13
      vertex 26.1363 53.9647 13
    endloop
  endfacet
  facet normal 0 0 1
    outer loop
      vertex 107.696 125.469 13
      vertex 127 132.5 13
      vertex 107.864 125.965 13
    endloop
  endfacet
  facet normal 0 0 1
    outer loop
      vertex 127 49.5 13
      vertex 107.966 55.5221 13
      vertex 108 55 13
    endloop
  endfacet
  facet normal 0 0 1
    outer loop
      vertex 107.464 125 13
      vertex 127 132.5 13
      vertex 107.696 125.469 13
    endloop
  endfacet
  facet normal 0 0 1
    outer loop
      vertex 127 49.5 13
      vertex 107.864 56.0353 13
      vertex 107.966 55.5221 13
    endloop
  endfacet
  facet normal 0 0 1
    outer loop
      vertex 107.173 124.565 13
      vertex 127 132.5 13
      vertex 107.464 125 13
    endloop
  endfacet
  facet normal 0 0 1
    outer loop
      vertex 127 49.5 13
      vertex 107.696 56.5307 13
      vertex 107.864 56.0353 13
    endloop
  endfacet
  facet normal 0 0 1
    outer loop
      vertex 106.828 124.172 13
      vertex 127 132.5 13
      vertex 107.173 124.565 13
    endloop
  endfacet
  facet normal 0 0 1
    outer loop
      vertex 127 49.5 13
      vertex 107.464 57 13
      vertex 107.696 56.5307 13
    endloop
  endfacet
  facet normal 0 0 1
    outer loop
      vertex 106.435 123.827 13
      vertex 127 132.5 13
      vertex 106.828 124.172 13
    endloop
  endfacet
  facet normal 0 0 1
    outer loop
      vertex 127 49.5 13
      vertex 107.173 57.435 13
      vertex 107.464 57 13
    endloop
  endfacet
  facet normal 0 0 1
    outer loop
      vertex 127 132.5 13
      vertex 106.435 123.827 13
      vertex 127 49.5 13
    endloop
  endfacet
  facet normal 0 0 1
    outer loop
      vertex 127 49.5 13
      vertex 106.828 57.8284 13
      vertex 107.173 57.435 13
    endloop
  endfacet
  facet normal -0 0 1
    outer loop
      vertex 106.435 58.1734 13
      vertex 127 49.5 13
      vertex 106.435 123.827 13
    endloop
  endfacet
  facet normal 0 0 1
    outer loop
      vertex 127 49.5 13
      vertex 106.435 58.1734 13
      vertex 106.828 57.8284 13
    endloop
  endfacet
  facet normal -0 0 1
    outer loop
      vertex 106 123.536 13
      vertex 106.435 58.1734 13
      vertex 106.435 123.827 13
    endloop
  endfacet
  facet normal 0 0 1
    outer loop
      vertex 106 123.536 13
      vertex 106 58.4641 13
      vertex 106.435 58.1734 13
    endloop
  endfacet
  facet normal -0 0 1
    outer loop
      vertex 105.531 123.304 13
      vertex 106 58.4641 13
      vertex 106 123.536 13
    endloop
  endfacet
  facet normal 0 0 1
    outer loop
      vertex 105.531 123.304 13
      vertex 105.531 58.6955 13
      vertex 106 58.4641 13
    endloop
  endfacet
  facet normal -0 0 1
    outer loop
      vertex 105.035 123.136 13
      vertex 105.531 58.6955 13
      vertex 105.531 123.304 13
    endloop
  endfacet
  facet normal 0 0 1
    outer loop
      vertex 105.035 123.136 13
      vertex 105.035 58.8637 13
      vertex 105.531 58.6955 13
    endloop
  endfacet
  facet normal -0 0 1
    outer loop
      vertex 104.522 123.034 13
      vertex 105.035 58.8637 13
      vertex 105.035 123.136 13
    endloop
  endfacet
  facet normal 0 0 1
    outer loop
      vertex 104.522 123.034 13
      vertex 104.522 58.9658 13
      vertex 105.035 58.8637 13
    endloop
  endfacet
  facet normal -0 0 1
    outer loop
      vertex 104 123 13
      vertex 104.522 58.9658 13
      vertex 104.522 123.034 13
    endloop
  endfacet
  facet normal 0 0 1
    outer loop
      vertex 104 123 13
      vertex 104 59 13
      vertex 104.522 58.9658 13
    endloop
  endfacet
  facet normal 0 0 1
    outer loop
      vertex 103.478 123.034 13
      vertex 104 59 13
      vertex 104 123 13
    endloop
  endfacet
  facet normal 0 0 1
    outer loop
      vertex 103.478 123.034 13
      vertex 103.478 58.9658 13
      vertex 104 59 13
    endloop
  endfacet
  facet normal 0 0 1
    outer loop
      vertex 102.965 123.136 13
      vertex 103.478 58.9658 13
      vertex 103.478 123.034 13
    endloop
  endfacet
  facet normal 0 0 1
    outer loop
      vertex 102.965 123.136 13
      vertex 102.965 58.8637 13
      vertex 103.478 58.9658 13
    endloop
  endfacet
  facet normal 0 0 1
    outer loop
      vertex 102.469 123.304 13
      vertex 102.965 58.8637 13
      vertex 102.965 123.136 13
    endloop
  endfacet
  facet normal 0 0 1
    outer loop
      vertex 102.469 123.304 13
      vertex 102.469 58.6955 13
      vertex 102.965 58.8637 13
    endloop
  endfacet
  facet normal 0 0 1
    outer loop
      vertex 102 123.536 13
      vertex 102.469 58.6955 13
      vertex 102.469 123.304 13
    endloop
  endfacet
  facet normal 0 0 1
    outer loop
      vertex 102 123.536 13
      vertex 102 58.4641 13
      vertex 102.469 58.6955 13
    endloop
  endfacet
  facet normal 0 0 1
    outer loop
      vertex 101.565 123.827 13
      vertex 102 58.4641 13
      vertex 102 123.536 13
    endloop
  endfacet
  facet normal 0 0 1
    outer loop
      vertex 101.565 123.827 13
      vertex 101.565 58.1734 13
      vertex 102 58.4641 13
    endloop
  endfacet
  facet normal 0 0 1
    outer loop
      vertex 81 132.5 13
      vertex 101.565 123.827 13
      vertex 101.172 124.172 13
    endloop
  endfacet
  facet normal 0 0 1
    outer loop
      vertex 101.565 123.827 13
      vertex 81 132.5 13
      vertex 101.565 58.1734 13
    endloop
  endfacet
  facet normal 0 0 1
    outer loop
      vertex 81 132.5 13
      vertex 101.172 124.172 13
      vertex 100.827 124.565 13
    endloop
  endfacet
  facet normal 0 0 1
    outer loop
      vertex 81 49.5 13
      vertex 101.565 58.1734 13
      vertex 81 132.5 13
    endloop
  endfacet
  facet normal 0 0 1
    outer loop
      vertex 81 132.5 13
      vertex 100.827 124.565 13
      vertex 100.536 125 13
    endloop
  endfacet
  facet normal 0 0 1
    outer loop
      vertex 101.565 58.1734 13
      vertex 81 49.5 13
      vertex 101.172 57.8284 13
    endloop
  endfacet
  facet normal 0 0 1
    outer loop
      vertex 81 132.5 13
      vertex 100.536 125 13
      vertex 100.304 125.469 13
    endloop
  endfacet
  facet normal 0 0 1
    outer loop
      vertex 101.172 57.8284 13
      vertex 81 49.5 13
      vertex 100.827 57.435 13
    endloop
  endfacet
  facet normal 0 0 1
    outer loop
      vertex 81 132.5 13
      vertex 100.304 125.469 13
      vertex 100.136 125.965 13
    endloop
  endfacet
  facet normal 0 0 1
    outer loop
      vertex 100.827 57.435 13
      vertex 81 49.5 13
      vertex 100.536 57 13
    endloop
  endfacet
  facet normal 0 0 1
    outer loop
      vertex 81 132.5 13
      vertex 100.136 125.965 13
      vertex 100.034 126.478 13
    endloop
  endfacet
  facet normal 0 0 1
    outer loop
      vertex 100.536 57 13
      vertex 81 49.5 13
      vertex 100.304 56.5307 13
    endloop
  endfacet
  facet normal 0 0 1
    outer loop
      vertex 81 132.5 13
      vertex 100.034 126.478 13
      vertex 100 127 13
    endloop
  endfacet
  facet normal 0 0 1
    outer loop
      vertex 100.304 56.5307 13
      vertex 81 49.5 13
      vertex 100.136 56.0353 13
    endloop
  endfacet
  facet normal 0 0 1
    outer loop
      vertex 105.531 130.696 13
      vertex 127 132.5 13
      vertex 127 179 13
    endloop
  endfacet
  facet normal 0 0 1
    outer loop
      vertex 107.966 126.478 13
      vertex 127 132.5 13
      vertex 108 127 13
    endloop
  endfacet
  facet normal 0 0 1
    outer loop
      vertex 107.864 125.965 13
      vertex 127 132.5 13
      vertex 107.966 126.478 13
    endloop
  endfacet
  facet normal 0 0 1
    outer loop
      vertex 127 132.5 13
      vertex 107.966 127.522 13
      vertex 108 127 13
    endloop
  endfacet
  facet normal 0 0 1
    outer loop
      vertex 127 132.5 13
      vertex 107.864 128.035 13
      vertex 107.966 127.522 13
    endloop
  endfacet
  facet normal 0 0 1
    outer loop
      vertex 127 132.5 13
      vertex 107.696 128.531 13
      vertex 107.864 128.035 13
    endloop
  endfacet
  facet normal 0 0 1
    outer loop
      vertex 127 132.5 13
      vertex 107.464 129 13
      vertex 107.696 128.531 13
    endloop
  endfacet
  facet normal 0 0 1
    outer loop
      vertex 127 132.5 13
      vertex 107.173 129.435 13
      vertex 107.464 129 13
    endloop
  endfacet
  facet normal 0 0 1
    outer loop
      vertex 127 132.5 13
      vertex 106.828 129.828 13
      vertex 107.173 129.435 13
    endloop
  endfacet
  facet normal 0 0 1
    outer loop
      vertex 127 132.5 13
      vertex 106.435 130.173 13
      vertex 106.828 129.828 13
    endloop
  endfacet
  facet normal 0 0 1
    outer loop
      vertex 127 132.5 13
      vertex 106 130.464 13
      vertex 106.435 130.173 13
    endloop
  endfacet
  facet normal 0 0 1
    outer loop
      vertex 127 132.5 13
      vertex 105.531 130.696 13
      vertex 106 130.464 13
    endloop
  endfacet
  facet normal 0 0 1
    outer loop
      vertex 127 179 13
      vertex 105.035 130.864 13
      vertex 105.531 130.696 13
    endloop
  endfacet
  facet normal 0 0 1
    outer loop
      vertex 127 179 13
      vertex 104.522 130.966 13
      vertex 105.035 130.864 13
    endloop
  endfacet
  facet normal 0 0 1
    outer loop
      vertex 127 179 13
      vertex 104 131 13
      vertex 104.522 130.966 13
    endloop
  endfacet
  facet normal -0 0 1
    outer loop
      vertex 81 179 13
      vertex 104 131 13
      vertex 127 179 13
    endloop
  endfacet
  facet normal 0 0 1
    outer loop
      vertex 104 131 13
      vertex 81 179 13
      vertex 103.478 130.966 13
    endloop
  endfacet
  facet normal 0 0 1
    outer loop
      vertex 103.478 130.966 13
      vertex 81 179 13
      vertex 102.965 130.864 13
    endloop
  endfacet
  facet normal 0 0 1
    outer loop
      vertex 102.965 130.864 13
      vertex 81 179 13
      vertex 102.469 130.696 13
    endloop
  endfacet
  facet normal -0 0 1
    outer loop
      vertex 81 132.5 13
      vertex 102.469 130.696 13
      vertex 81 179 13
    endloop
  endfacet
  facet normal 0 0 1
    outer loop
      vertex 102.469 130.696 13
      vertex 81 132.5 13
      vertex 102 130.464 13
    endloop
  endfacet
  facet normal 0 0 1
    outer loop
      vertex 102 130.464 13
      vertex 81 132.5 13
      vertex 101.565 130.173 13
    endloop
  endfacet
  facet normal 0 0 1
    outer loop
      vertex 101.565 130.173 13
      vertex 81 132.5 13
      vertex 101.172 129.828 13
    endloop
  endfacet
  facet normal 0 0 1
    outer loop
      vertex 100.034 127.522 13
      vertex 81 132.5 13
      vertex 100 127 13
    endloop
  endfacet
  facet normal 0 0 1
    outer loop
      vertex 100.136 128.035 13
      vertex 81 132.5 13
      vertex 100.034 127.522 13
    endloop
  endfacet
  facet normal 0 0 1
    outer loop
      vertex 100.304 128.531 13
      vertex 81 132.5 13
      vertex 100.136 128.035 13
    endloop
  endfacet
  facet normal 0 0 1
    outer loop
      vertex 100.536 129 13
      vertex 81 132.5 13
      vertex 100.304 128.531 13
    endloop
  endfacet
  facet normal 0 0 1
    outer loop
      vertex 100.827 129.435 13
      vertex 81 132.5 13
      vertex 100.536 129 13
    endloop
  endfacet
  facet normal 0 0 1
    outer loop
      vertex 101.172 129.828 13
      vertex 81 132.5 13
      vertex 100.827 129.435 13
    endloop
  endfacet
  facet normal -0 0 1
    outer loop
      vertex 107.966 54.4779 13
      vertex 127 49.5 13
      vertex 108 55 13
    endloop
  endfacet
  facet normal -0 0 1
    outer loop
      vertex 107.864 53.9647 13
      vertex 127 49.5 13
      vertex 107.966 54.4779 13
    endloop
  endfacet
  facet normal -0 0 1
    outer loop
      vertex 107.696 53.4693 13
      vertex 127 49.5 13
      vertex 107.864 53.9647 13
    endloop
  endfacet
  facet normal -0 0 1
    outer loop
      vertex 107.464 53 13
      vertex 127 49.5 13
      vertex 107.696 53.4693 13
    endloop
  endfacet
  facet normal -0 0 1
    outer loop
      vertex 107.173 52.565 13
      vertex 127 49.5 13
      vertex 107.464 53 13
    endloop
  endfacet
  facet normal -0 0 1
    outer loop
      vertex 106.828 52.1716 13
      vertex 127 49.5 13
      vertex 107.173 52.565 13
    endloop
  endfacet
  facet normal -0 0 1
    outer loop
      vertex 106.435 51.8266 13
      vertex 127 49.5 13
      vertex 106.828 52.1716 13
    endloop
  endfacet
  facet normal -0 0 1
    outer loop
      vertex 106 51.5359 13
      vertex 127 49.5 13
      vertex 106.435 51.8266 13
    endloop
  endfacet
  facet normal -0 0 1
    outer loop
      vertex 105.531 51.3045 13
      vertex 127 49.5 13
      vertex 106 51.5359 13
    endloop
  endfacet
  facet normal 0 0 1
    outer loop
      vertex 127 49.5 13
      vertex 105.531 51.3045 13
      vertex 127 3 13
    endloop
  endfacet
  facet normal -0 0 1
    outer loop
      vertex 105.035 51.1363 13
      vertex 127 3 13
      vertex 105.531 51.3045 13
    endloop
  endfacet
  facet normal -0 0 1
    outer loop
      vertex 104.522 51.0342 13
      vertex 127 3 13
      vertex 105.035 51.1363 13
    endloop
  endfacet
  facet normal -0 0 1
    outer loop
      vertex 104 51 13
      vertex 127 3 13
      vertex 104.522 51.0342 13
    endloop
  endfacet
  facet normal 0 0 1
    outer loop
      vertex 81 3 13
      vertex 104 51 13
      vertex 103.478 51.0342 13
    endloop
  endfacet
  facet normal 0 0 1
    outer loop
      vertex 81 3 13
      vertex 103.478 51.0342 13
      vertex 102.965 51.1363 13
    endloop
  endfacet
  facet normal 0 0 1
    outer loop
      vertex 81 3 13
      vertex 102.965 51.1363 13
      vertex 102.469 51.3045 13
    endloop
  endfacet
  facet normal 0 0 1
    outer loop
      vertex 81 49.5 13
      vertex 102.469 51.3045 13
      vertex 102 51.5359 13
    endloop
  endfacet
  facet normal 0 0 1
    outer loop
      vertex 81 49.5 13
      vertex 102 51.5359 13
      vertex 101.565 51.8266 13
    endloop
  endfacet
  facet normal 0 0 1
    outer loop
      vertex 81 49.5 13
      vertex 101.565 51.8266 13
      vertex 101.172 52.1716 13
    endloop
  endfacet
  facet normal 0 0 1
    outer loop
      vertex 81 49.5 13
      vertex 101.172 52.1716 13
      vertex 100.827 52.565 13
    endloop
  endfacet
  facet normal 0 0 1
    outer loop
      vertex 81 49.5 13
      vertex 100.827 52.565 13
      vertex 100.536 53 13
    endloop
  endfacet
  facet normal 0 0 1
    outer loop
      vertex 100.136 56.0353 13
      vertex 81 49.5 13
      vertex 100.034 55.5221 13
    endloop
  endfacet
  facet normal 0 0 1
    outer loop
      vertex 100.034 55.5221 13
      vertex 81 49.5 13
      vertex 100 55 13
    endloop
  endfacet
  facet normal 0 0 1
    outer loop
      vertex 100 55 13
      vertex 81 49.5 13
      vertex 100.034 54.4779 13
    endloop
  endfacet
  facet normal 0 0 1
    outer loop
      vertex 100.034 54.4779 13
      vertex 81 49.5 13
      vertex 100.136 53.9647 13
    endloop
  endfacet
  facet normal 0 0 1
    outer loop
      vertex 81 49.5 13
      vertex 100.304 53.4693 13
      vertex 100.136 53.9647 13
    endloop
  endfacet
  facet normal 0 0 1
    outer loop
      vertex 81 49.5 13
      vertex 100.536 53 13
      vertex 100.304 53.4693 13
    endloop
  endfacet
  facet normal 0 0 1
    outer loop
      vertex 102.469 51.3045 13
      vertex 81 49.5 13
      vertex 81 3 13
    endloop
  endfacet
  facet normal 0 0 1
    outer loop
      vertex 104 51 13
      vertex 81 3 13
      vertex 127 3 13
    endloop
  endfacet
  facet normal 0 0 1
    outer loop
      vertex 181.696 125.469 13
      vertex 205 132.5 13
      vertex 181.864 125.965 13
    endloop
  endfacet
  facet normal 0 0 1
    outer loop
      vertex 205 49.5 13
      vertex 181.966 55.5221 13
      vertex 182 55 13
    endloop
  endfacet
  facet normal 0 0 1
    outer loop
      vertex 181.464 125 13
      vertex 205 132.5 13
      vertex 181.696 125.469 13
    endloop
  endfacet
  facet normal 0 0 1
    outer loop
      vertex 205 49.5 13
      vertex 181.864 56.0353 13
      vertex 181.966 55.5221 13
    endloop
  endfacet
  facet normal 0 0 1
    outer loop
      vertex 181.173 124.565 13
      vertex 205 132.5 13
      vertex 181.464 125 13
    endloop
  endfacet
  facet normal 0 0 1
    outer loop
      vertex 205 49.5 13
      vertex 181.696 56.5307 13
      vertex 181.864 56.0353 13
    endloop
  endfacet
  facet normal 0 0 1
    outer loop
      vertex 180.828 124.172 13
      vertex 205 132.5 13
      vertex 181.173 124.565 13
    endloop
  endfacet
  facet normal 0 0 1
    outer loop
      vertex 205 49.5 13
      vertex 181.464 57 13
      vertex 181.696 56.5307 13
    endloop
  endfacet
  facet normal 0 0 1
    outer loop
      vertex 180.435 123.827 13
      vertex 205 132.5 13
      vertex 180.828 124.172 13
    endloop
  endfacet
  facet normal 0 0 1
    outer loop
      vertex 205 49.5 13
      vertex 181.173 57.435 13
      vertex 181.464 57 13
    endloop
  endfacet
  facet normal 0 0 1
    outer loop
      vertex 205 132.5 13
      vertex 180.435 123.827 13
      vertex 205 49.5 13
    endloop
  endfacet
  facet normal 0 0 1
    outer loop
      vertex 205 49.5 13
      vertex 180.828 57.8284 13
      vertex 181.173 57.435 13
    endloop
  endfacet
  facet normal -0 0 1
    outer loop
      vertex 180.435 58.1734 13
      vertex 205 49.5 13
      vertex 180.435 123.827 13
    endloop
  endfacet
  facet normal 0 0 1
    outer loop
      vertex 205 49.5 13
      vertex 180.435 58.1734 13
      vertex 180.828 57.8284 13
    endloop
  endfacet
  facet normal -0 0 1
    outer loop
      vertex 180 123.536 13
      vertex 180.435 58.1734 13
      vertex 180.435 123.827 13
    endloop
  endfacet
  facet normal 0 0 1
    outer loop
      vertex 180 123.536 13
      vertex 180 58.4641 13
      vertex 180.435 58.1734 13
    endloop
  endfacet
  facet normal -0 0 1
    outer loop
      vertex 179.531 123.304 13
      vertex 180 58.4641 13
      vertex 180 123.536 13
    endloop
  endfacet
  facet normal 0 0 1
    outer loop
      vertex 179.531 123.304 13
      vertex 179.531 58.6955 13
      vertex 180 58.4641 13
    endloop
  endfacet
  facet normal -0 0 1
    outer loop
      vertex 179.035 123.136 13
      vertex 179.531 58.6955 13
      vertex 179.531 123.304 13
    endloop
  endfacet
  facet normal 0 0 1
    outer loop
      vertex 179.035 123.136 13
      vertex 179.035 58.8637 13
      vertex 179.531 58.6955 13
    endloop
  endfacet
  facet normal -0 0 1
    outer loop
      vertex 178.522 123.034 13
      vertex 179.035 58.8637 13
      vertex 179.035 123.136 13
    endloop
  endfacet
  facet normal 0 0 1
    outer loop
      vertex 178.522 123.034 13
      vertex 178.522 58.9658 13
      vertex 179.035 58.8637 13
    endloop
  endfacet
  facet normal -0 0 1
    outer loop
      vertex 178 123 13
      vertex 178.522 58.9658 13
      vertex 178.522 123.034 13
    endloop
  endfacet
  facet normal 0 0 1
    outer loop
      vertex 178 123 13
      vertex 178 59 13
      vertex 178.522 58.9658 13
    endloop
  endfacet
  facet normal 0 0 1
    outer loop
      vertex 177.478 123.034 13
      vertex 178 59 13
      vertex 178 123 13
    endloop
  endfacet
  facet normal 0 0 1
    outer loop
      vertex 177.478 123.034 13
      vertex 177.478 58.9658 13
      vertex 178 59 13
    endloop
  endfacet
  facet normal 0 0 1
    outer loop
      vertex 176.965 123.136 13
      vertex 177.478 58.9658 13
      vertex 177.478 123.034 13
    endloop
  endfacet
  facet normal 0 0 1
    outer loop
      vertex 176.965 123.136 13
      vertex 176.965 58.8637 13
      vertex 177.478 58.9658 13
    endloop
  endfacet
  facet normal 0 0 1
    outer loop
      vertex 176.469 123.304 13
      vertex 176.965 58.8637 13
      vertex 176.965 123.136 13
    endloop
  endfacet
  facet normal 0 0 1
    outer loop
      vertex 176.469 123.304 13
      vertex 176.469 58.6955 13
      vertex 176.965 58.8637 13
    endloop
  endfacet
  facet normal 0 0 1
    outer loop
      vertex 176 123.536 13
      vertex 176.469 58.6955 13
      vertex 176.469 123.304 13
    endloop
  endfacet
  facet normal 0 0 1
    outer loop
      vertex 176 123.536 13
      vertex 176 58.4641 13
      vertex 176.469 58.6955 13
    endloop
  endfacet
  facet normal 0 0 1
    outer loop
      vertex 175.565 123.827 13
      vertex 176 58.4641 13
      vertex 176 123.536 13
    endloop
  endfacet
  facet normal 0 0 1
    outer loop
      vertex 175.565 123.827 13
      vertex 175.565 58.1734 13
      vertex 176 58.4641 13
    endloop
  endfacet
  facet normal 0 0 1
    outer loop
      vertex 175.172 124.172 13
      vertex 175.565 58.1734 13
      vertex 175.565 123.827 13
    endloop
  endfacet
  facet normal 0 0 1
    outer loop
      vertex 175.172 124.172 13
      vertex 175.172 57.8284 13
      vertex 175.565 58.1734 13
    endloop
  endfacet
  facet normal 0 0 1
    outer loop
      vertex 127 132.5 13
      vertex 175.172 124.172 13
      vertex 174.827 124.565 13
    endloop
  endfacet
  facet normal 0 0 1
    outer loop
      vertex 175.172 124.172 13
      vertex 127 132.5 13
      vertex 175.172 57.8284 13
    endloop
  endfacet
  facet normal 0 0 1
    outer loop
      vertex 127 132.5 13
      vertex 174.827 124.565 13
      vertex 174.536 125 13
    endloop
  endfacet
  facet normal 0 0 1
    outer loop
      vertex 127 49.5 13
      vertex 175.172 57.8284 13
      vertex 127 132.5 13
    endloop
  endfacet
  facet normal 0 0 1
    outer loop
      vertex 127 132.5 13
      vertex 174.536 125 13
      vertex 174.304 125.469 13
    endloop
  endfacet
  facet normal 0 0 1
    outer loop
      vertex 175.172 57.8284 13
      vertex 127 49.5 13
      vertex 174.827 57.435 13
    endloop
  endfacet
  facet normal 0 0 1
    outer loop
      vertex 127 132.5 13
      vertex 174.304 125.469 13
      vertex 174.136 125.965 13
    endloop
  endfacet
  facet normal 0 0 1
    outer loop
      vertex 174.827 57.435 13
      vertex 127 49.5 13
      vertex 174.536 57 13
    endloop
  endfacet
  facet normal 0 0 1
    outer loop
      vertex 127 132.5 13
      vertex 174.136 125.965 13
      vertex 174.034 126.478 13
    endloop
  endfacet
  facet normal 0 0 1
    outer loop
      vertex 174.536 57 13
      vertex 127 49.5 13
      vertex 174.304 56.5307 13
    endloop
  endfacet
  facet normal 0 0 1
    outer loop
      vertex 127 132.5 13
      vertex 174.034 126.478 13
      vertex 174 127 13
    endloop
  endfacet
  facet normal 0 0 1
    outer loop
      vertex 174.304 56.5307 13
      vertex 127 49.5 13
      vertex 174.136 56.0353 13
    endloop
  endfacet
  facet normal 0 0 1
    outer loop
      vertex 181.966 126.478 13
      vertex 205 132.5 13
      vertex 182 127 13
    endloop
  endfacet
  facet normal 0 0 1
    outer loop
      vertex 205 132.5 13
      vertex 181.966 127.522 13
      vertex 182 127 13
    endloop
  endfacet
  facet normal 0 0 1
    outer loop
      vertex 205 132.5 13
      vertex 181.864 128.035 13
      vertex 181.966 127.522 13
    endloop
  endfacet
  facet normal 0 0 1
    outer loop
      vertex 205 132.5 13
      vertex 181.696 128.531 13
      vertex 181.864 128.035 13
    endloop
  endfacet
  facet normal 0 0 1
    outer loop
      vertex 205 132.5 13
      vertex 181.464 129 13
      vertex 181.696 128.531 13
    endloop
  endfacet
  facet normal 0 0 1
    outer loop
      vertex 205 132.5 13
      vertex 181.173 129.435 13
      vertex 181.464 129 13
    endloop
  endfacet
  facet normal 0 0 1
    outer loop
      vertex 205 132.5 13
      vertex 180.828 129.828 13
      vertex 181.173 129.435 13
    endloop
  endfacet
  facet normal 0 0 1
    outer loop
      vertex 205 132.5 13
      vertex 180.435 130.173 13
      vertex 180.828 129.828 13
    endloop
  endfacet
  facet normal 0 0 1
    outer loop
      vertex 205 132.5 13
      vertex 180 130.464 13
      vertex 180.435 130.173 13
    endloop
  endfacet
  facet normal 0 0 1
    outer loop
      vertex 205 132.5 13
      vertex 179.531 130.696 13
      vertex 180 130.464 13
    endloop
  endfacet
  facet normal 0 0 1
    outer loop
      vertex 205 132.5 13
      vertex 179.035 130.864 13
      vertex 179.531 130.696 13
    endloop
  endfacet
  facet normal 0 0 1
    outer loop
      vertex 205 132.5 13
      vertex 178.522 130.966 13
      vertex 179.035 130.864 13
    endloop
  endfacet
  facet normal 0 0 1
    outer loop
      vertex 205 132.5 13
      vertex 178 131 13
      vertex 178.522 130.966 13
    endloop
  endfacet
  facet normal 0 0 1
    outer loop
      vertex 174.136 56.0353 13
      vertex 127 49.5 13
      vertex 174.034 55.5221 13
    endloop
  endfacet
  facet normal 0 0 1
    outer loop
      vertex 174.034 127.522 13
      vertex 127 132.5 13
      vertex 174 127 13
    endloop
  endfacet
  facet normal 0 0 1
    outer loop
      vertex 174.136 128.035 13
      vertex 127 132.5 13
      vertex 174.034 127.522 13
    endloop
  endfacet
  facet normal 0 0 1
    outer loop
      vertex 174.304 128.531 13
      vertex 127 132.5 13
      vertex 174.136 128.035 13
    endloop
  endfacet
  facet normal 0 0 1
    outer loop
      vertex 174.536 129 13
      vertex 127 132.5 13
      vertex 174.304 128.531 13
    endloop
  endfacet
  facet normal 0 0 1
    outer loop
      vertex 174.827 129.435 13
      vertex 127 132.5 13
      vertex 174.536 129 13
    endloop
  endfacet
  facet normal 0 0 1
    outer loop
      vertex 175.172 129.828 13
      vertex 127 132.5 13
      vertex 174.827 129.435 13
    endloop
  endfacet
  facet normal 0 0 1
    outer loop
      vertex 175.565 130.173 13
      vertex 127 132.5 13
      vertex 175.172 129.828 13
    endloop
  endfacet
  facet normal 0 0 1
    outer loop
      vertex 176 130.464 13
      vertex 127 132.5 13
      vertex 175.565 130.173 13
    endloop
  endfacet
  facet normal 0 0 1
    outer loop
      vertex 176.469 130.696 13
      vertex 127 132.5 13
      vertex 176 130.464 13
    endloop
  endfacet
  facet normal 0 0 1
    outer loop
      vertex 176.965 130.864 13
      vertex 127 132.5 13
      vertex 176.469 130.696 13
    endloop
  endfacet
  facet normal 0 0 1
    outer loop
      vertex 177.478 130.966 13
      vertex 127 132.5 13
      vertex 176.965 130.864 13
    endloop
  endfacet
  facet normal 0 0 1
    outer loop
      vertex 178 131 13
      vertex 127 132.5 13
      vertex 177.478 130.966 13
    endloop
  endfacet
  facet normal -0 0 1
    outer loop
      vertex 127 132.5 13
      vertex 178 131 13
      vertex 205 132.5 13
    endloop
  endfacet
  facet normal 0 0 1
    outer loop
      vertex 181.864 125.965 13
      vertex 205 132.5 13
      vertex 181.966 126.478 13
    endloop
  endfacet
  facet normal -0 0 1
    outer loop
      vertex 181.966 54.4779 13
      vertex 205 49.5 13
      vertex 182 55 13
    endloop
  endfacet
  facet normal -0 0 1
    outer loop
      vertex 181.864 53.9647 13
      vertex 205 49.5 13
      vertex 181.966 54.4779 13
    endloop
  endfacet
  facet normal -0 0 1
    outer loop
      vertex 181.696 53.4693 13
      vertex 205 49.5 13
      vertex 181.864 53.9647 13
    endloop
  endfacet
  facet normal -0 0 1
    outer loop
      vertex 181.464 53 13
      vertex 205 49.5 13
      vertex 181.696 53.4693 13
    endloop
  endfacet
  facet normal -0 0 1
    outer loop
      vertex 181.173 52.565 13
      vertex 205 49.5 13
      vertex 181.464 53 13
    endloop
  endfacet
  facet normal -0 0 1
    outer loop
      vertex 180.828 52.1716 13
      vertex 205 49.5 13
      vertex 181.173 52.565 13
    endloop
  endfacet
  facet normal -0 0 1
    outer loop
      vertex 180.435 51.8266 13
      vertex 205 49.5 13
      vertex 180.828 52.1716 13
    endloop
  endfacet
  facet normal -0 0 1
    outer loop
      vertex 180 51.5359 13
      vertex 205 49.5 13
      vertex 180.435 51.8266 13
    endloop
  endfacet
  facet normal -0 0 1
    outer loop
      vertex 179.531 51.3045 13
      vertex 205 49.5 13
      vertex 180 51.5359 13
    endloop
  endfacet
  facet normal -0 0 1
    outer loop
      vertex 179.035 51.1363 13
      vertex 205 49.5 13
      vertex 179.531 51.3045 13
    endloop
  endfacet
  facet normal -0 0 1
    outer loop
      vertex 178.522 51.0342 13
      vertex 205 49.5 13
      vertex 179.035 51.1363 13
    endloop
  endfacet
  facet normal -0 0 1
    outer loop
      vertex 178 51 13
      vertex 205 49.5 13
      vertex 178.522 51.0342 13
    endloop
  endfacet
  facet normal 0 0 1
    outer loop
      vertex 174.034 55.5221 13
      vertex 127 49.5 13
      vertex 174 55 13
    endloop
  endfacet
  facet normal 0 0 1
    outer loop
      vertex 174 55 13
      vertex 127 49.5 13
      vertex 174.034 54.4779 13
    endloop
  endfacet
  facet normal 0 0 1
    outer loop
      vertex 174.034 54.4779 13
      vertex 127 49.5 13
      vertex 174.136 53.9647 13
    endloop
  endfacet
  facet normal 0 0 1
    outer loop
      vertex 174.136 53.9647 13
      vertex 127 49.5 13
      vertex 174.304 53.4693 13
    endloop
  endfacet
  facet normal 0 0 1
    outer loop
      vertex 178 51 13
      vertex 127 49.5 13
      vertex 205 49.5 13
    endloop
  endfacet
  facet normal 0 0 1
    outer loop
      vertex 177.478 51.0342 13
      vertex 127 49.5 13
      vertex 178 51 13
    endloop
  endfacet
  facet normal 0 0 1
    outer loop
      vertex 176.965 51.1363 13
      vertex 127 49.5 13
      vertex 177.478 51.0342 13
    endloop
  endfacet
  facet normal 0 0 1
    outer loop
      vertex 176.469 51.3045 13
      vertex 127 49.5 13
      vertex 176.965 51.1363 13
    endloop
  endfacet
  facet normal 0 0 1
    outer loop
      vertex 176 51.5359 13
      vertex 127 49.5 13
      vertex 176.469 51.3045 13
    endloop
  endfacet
  facet normal 0 0 1
    outer loop
      vertex 175.565 51.8266 13
      vertex 127 49.5 13
      vertex 176 51.5359 13
    endloop
  endfacet
  facet normal 0 0 1
    outer loop
      vertex 175.172 52.1716 13
      vertex 127 49.5 13
      vertex 175.565 51.8266 13
    endloop
  endfacet
  facet normal 0 0 1
    outer loop
      vertex 174.827 52.565 13
      vertex 127 49.5 13
      vertex 175.172 52.1716 13
    endloop
  endfacet
  facet normal 0 0 1
    outer loop
      vertex 174.536 53 13
      vertex 127 49.5 13
      vertex 174.827 52.565 13
    endloop
  endfacet
  facet normal 0 0 1
    outer loop
      vertex 174.304 53.4693 13
      vertex 127 49.5 13
      vertex 174.536 53 13
    endloop
  endfacet
  facet normal 1 -0 0
    outer loop
      vertex 3 49.5 15
      vertex 3 132.5 13
      vertex 3 132.5 15
    endloop
  endfacet
  facet normal 1 0 0
    outer loop
      vertex 3 132.5 13
      vertex 3 49.5 15
      vertex 3 49.5 13
    endloop
  endfacet
  facet normal 1 -0 0
    outer loop
      vertex 3 49.5 46
      vertex 3 132.5 32
      vertex 3 132.5 46
    endloop
  endfacet
  facet normal 1 0 0
    outer loop
      vertex 3 132.5 32
      vertex 3 49.5 46
      vertex 3 49.5 32
    endloop
  endfacet
  facet normal 1 -0 0
    outer loop
      vertex 3 49.5 20
      vertex 3 132.5 17
      vertex 3 132.5 20
    endloop
  endfacet
  facet normal 1 0 0
    outer loop
      vertex 3 132.5 17
      vertex 3 49.5 20
      vertex 3 49.5 17
    endloop
  endfacet
  facet normal 1 -0 0
    outer loop
      vertex 3 49.5 25
      vertex 3 132.5 22
      vertex 3 132.5 25
    endloop
  endfacet
  facet normal 1 0 0
    outer loop
      vertex 3 132.5 22
      vertex 3 49.5 25
      vertex 3 49.5 22
    endloop
  endfacet
  facet normal 1 -0 0
    outer loop
      vertex 3 49.5 30
      vertex 3 132.5 27
      vertex 3 132.5 30
    endloop
  endfacet
  facet normal 1 0 0
    outer loop
      vertex 3 132.5 27
      vertex 3 49.5 30
      vertex 3 49.5 27
    endloop
  endfacet
  facet normal 0 -1 0
    outer loop
      vertex 81 179 13
      vertex 127 179 46
      vertex 81 179 46
    endloop
  endfacet
  facet normal 0 -1 -0
    outer loop
      vertex 127 179 46
      vertex 81 179 13
      vertex 127 179 13
    endloop
  endfacet
  facet normal 0 1 -0
    outer loop
      vertex 127 3 13
      vertex 81 3 46
      vertex 127 3 46
    endloop
  endfacet
  facet normal 0 1 0
    outer loop
      vertex 81 3 46
      vertex 127 3 13
      vertex 81 3 13
    endloop
  endfacet
  facet normal 0.963716 0 -0.26693
    outer loop
      vertex 11.916 168.188 74.2
      vertex 5.21308 132.5 50
      vertex 5.21308 176.316 50
    endloop
  endfacet
  facet normal 0.963712 -1.40368e-06 -0.266943
    outer loop
      vertex 6.12257 99.1988 53.2836
      vertex 5.21308 132.5 50
      vertex 6.36458 99.25 54.1573
    endloop
  endfacet
  facet normal 0.963716 1.70268e-07 -0.26693
    outer loop
      vertex 8.39188 96.0223 61.4766
      vertex 5.21308 132.5 50
      vertex 11.916 168.188 74.2
    endloop
  endfacet
  facet normal 0.963716 2.53573e-07 -0.266931
    outer loop
      vertex 5.21308 132.5 50
      vertex 6.69812 99.1794 55.3615
      vertex 6.36458 99.25 54.1573
    endloop
  endfacet
  facet normal 0.963717 8.25091e-07 -0.266927
    outer loop
      vertex 5.21308 132.5 50
      vertex 7.02595 98.9689 56.5451
      vertex 6.69812 99.1794 55.3615
    endloop
  endfacet
  facet normal 0.963712 -2.36622e-06 -0.266942
    outer loop
      vertex 5.21308 132.5 50
      vertex 7.34247 98.622 57.6878
      vertex 7.02595 98.9689 56.5451
    endloop
  endfacet
  facet normal 0.963722 5.92984e-06 -0.266908
    outer loop
      vertex 5.21308 132.5 50
      vertex 7.64225 98.1447 58.7702
      vertex 7.34247 98.622 57.6878
    endloop
  endfacet
  facet normal 0.963714 -2.39187e-06 -0.266939
    outer loop
      vertex 5.21308 132.5 50
      vertex 7.92018 97.5452 59.7736
      vertex 7.64225 98.1447 58.7702
    endloop
  endfacet
  facet normal 0.963717 1.7963e-06 -0.266925
    outer loop
      vertex 5.21308 132.5 50
      vertex 8.17148 96.8336 60.6809
      vertex 7.92018 97.5452 59.7736
    endloop
  endfacet
  facet normal 0.963713 -3.49422e-06 -0.266941
    outer loop
      vertex 5.21308 132.5 50
      vertex 8.39188 96.0223 61.4766
      vertex 8.17148 96.8336 60.6809
    endloop
  endfacet
  facet normal 0.963712 2.66457e-06 -0.266944
    outer loop
      vertex 11.916 168.188 74.2
      vertex 8.57758 95.125 62.147
      vertex 8.39188 96.0223 61.4766
    endloop
  endfacet
  facet normal 0.96372 -2.53119e-06 -0.266914
    outer loop
      vertex 11.916 168.188 74.2
      vertex 8.72542 94.1571 62.6808
      vertex 8.57758 95.125 62.147
    endloop
  endfacet
  facet normal 0.963716 -7.45991e-08 -0.266929
    outer loop
      vertex 11.916 168.188 74.2
      vertex 8.83286 93.1353 63.0687
      vertex 8.72542 94.1571 62.6808
    endloop
  endfacet
  facet normal 0.96371 3.30238e-06 -0.26695
    outer loop
      vertex 11.916 168.188 74.2
      vertex 8.89807 92.0768 63.3041
      vertex 8.83286 93.1353 63.0687
    endloop
  endfacet
  facet normal 0.963709 3.78668e-06 -0.266953
    outer loop
      vertex 11.916 168.188 74.2
      vertex 8.91993 91 63.383
      vertex 8.89807 92.0768 63.3041
    endloop
  endfacet
  facet normal 0.963716 0 -0.266928
    outer loop
      vertex 11.916 13.8117 74.2
      vertex 8.91993 91 63.383
      vertex 11.916 168.188 74.2
    endloop
  endfacet
  facet normal 0.963716 -2.53573e-07 -0.266931
    outer loop
      vertex 6.69812 82.8206 55.3615
      vertex 5.21308 49.5 50
      vertex 6.36458 82.75 54.1573
    endloop
  endfacet
  facet normal 0.963717 -8.25091e-07 -0.266927
    outer loop
      vertex 7.02595 83.0311 56.5451
      vertex 5.21308 49.5 50
      vertex 6.69812 82.8206 55.3615
    endloop
  endfacet
  facet normal 0.963712 2.36622e-06 -0.266942
    outer loop
      vertex 7.34247 83.378 57.6878
      vertex 5.21308 49.5 50
      vertex 7.02595 83.0311 56.5451
    endloop
  endfacet
  facet normal 0.963722 -5.92984e-06 -0.266908
    outer loop
      vertex 7.64225 83.8553 58.7702
      vertex 5.21308 49.5 50
      vertex 7.34247 83.378 57.6878
    endloop
  endfacet
  facet normal 0.963714 2.39187e-06 -0.266939
    outer loop
      vertex 7.92018 84.4548 59.7736
      vertex 5.21308 49.5 50
      vertex 7.64225 83.8553 58.7702
    endloop
  endfacet
  facet normal 0.963717 -1.7963e-06 -0.266925
    outer loop
      vertex 8.17148 85.1664 60.6809
      vertex 5.21308 49.5 50
      vertex 7.92018 84.4548 59.7736
    endloop
  endfacet
  facet normal 0.963713 3.49422e-06 -0.266941
    outer loop
      vertex 8.39188 85.9777 61.4766
      vertex 5.21308 49.5 50
      vertex 8.17148 85.1664 60.6809
    endloop
  endfacet
  facet normal 0.963712 -2.66457e-06 -0.266944
    outer loop
      vertex 11.916 13.8117 74.2
      vertex 8.39188 85.9777 61.4766
      vertex 8.57758 86.875 62.147
    endloop
  endfacet
  facet normal 0.96372 2.53118e-06 -0.266914
    outer loop
      vertex 11.916 13.8117 74.2
      vertex 8.57758 86.875 62.147
      vertex 8.72542 87.8429 62.6808
    endloop
  endfacet
  facet normal 0.963716 7.45989e-08 -0.266929
    outer loop
      vertex 11.916 13.8117 74.2
      vertex 8.72542 87.8429 62.6808
      vertex 8.83286 88.8647 63.0687
    endloop
  endfacet
  facet normal 0.963709 -3.78667e-06 -0.266953
    outer loop
      vertex 8.91993 91 63.383
      vertex 11.916 13.8117 74.2
      vertex 8.89807 89.9232 63.3041
    endloop
  endfacet
  facet normal 0.96371 -3.30237e-06 -0.26695
    outer loop
      vertex 11.916 13.8117 74.2
      vertex 8.83286 88.8647 63.0687
      vertex 8.89807 89.9232 63.3041
    endloop
  endfacet
  facet normal 0.963716 -1.70267e-07 -0.26693
    outer loop
      vertex 8.39188 85.9777 61.4766
      vertex 11.916 13.8117 74.2
      vertex 5.21308 49.5 50
    endloop
  endfacet
  facet normal 0.963716 0 -0.26693
    outer loop
      vertex 5.21308 49.5 50
      vertex 11.916 13.8117 74.2
      vertex 5.21308 5.68362 50
    endloop
  endfacet
  facet normal 0.963715 -2.81783e-07 -0.266932
    outer loop
      vertex 5.21308 132.5 50
      vertex 6.12257 99.1988 53.2836
      vertex 4.10515 132.5 46
    endloop
  endfacet
  facet normal 0.963716 0 -0.266931
    outer loop
      vertex 6.12257 82.8012 53.2836
      vertex 4.10515 132.5 46
      vertex 6.12257 99.1988 53.2836
    endloop
  endfacet
  facet normal 0.963712 1.40368e-06 -0.266943
    outer loop
      vertex 5.21308 49.5 50
      vertex 6.12257 82.8012 53.2836
      vertex 6.36458 82.75 54.1573
    endloop
  endfacet
  facet normal 0.963715 2.81783e-07 -0.266932
    outer loop
      vertex 4.10515 49.5 46
      vertex 6.12257 82.8012 53.2836
      vertex 5.21308 49.5 50
    endloop
  endfacet
  facet normal 0.963716 0 -0.266931
    outer loop
      vertex 6.12257 82.8012 53.2836
      vertex 4.10515 49.5 46
      vertex 4.10515 132.5 46
    endloop
  endfacet
  facet normal 0 0.947959 -0.318393
    outer loop
      vertex 127 4.34013 46
      vertex 81 5.68362 50
      vertex 127 5.68362 50
    endloop
  endfacet
  facet normal 0 0.947959 -0.318393
    outer loop
      vertex 81 5.68362 50
      vertex 127 4.34013 46
      vertex 81 4.34013 46
    endloop
  endfacet
  facet normal 0 0.947959 -0.318392
    outer loop
      vertex 127 5.68362 50
      vertex 196.084 13.8117 74.2
      vertex 202.787 5.68362 50
    endloop
  endfacet
  facet normal 0 0.947959 -0.318392
    outer loop
      vertex 196.084 13.8117 74.2
      vertex 127 5.68362 50
      vertex 11.916 13.8117 74.2
    endloop
  endfacet
  facet normal 0 0.947959 -0.318392
    outer loop
      vertex 81 5.68362 50
      vertex 11.916 13.8117 74.2
      vertex 127 5.68362 50
    endloop
  endfacet
  facet normal 0 0.947959 -0.318392
    outer loop
      vertex 11.916 13.8117 74.2
      vertex 81 5.68362 50
      vertex 5.21308 5.68362 50
    endloop
  endfacet
  facet normal 0 -0.947922 -0.318502
    outer loop
      vertex 81 177.66 46
      vertex 127 176.316 50
      vertex 81 176.316 50
    endloop
  endfacet
  facet normal 0 -0.947922 -0.318502
    outer loop
      vertex 127 176.316 50
      vertex 81 177.66 46
      vertex 127 177.66 46
    endloop
  endfacet
  facet normal -0 -0.94796 -0.318389
    outer loop
      vertex 81 176.316 50
      vertex 11.916 168.188 74.2
      vertex 5.21308 176.316 50
    endloop
  endfacet
  facet normal 0 -0.94796 -0.318389
    outer loop
      vertex 11.916 168.188 74.2
      vertex 81 176.316 50
      vertex 196.084 168.188 74.2
    endloop
  endfacet
  facet normal -0 -0.94796 -0.318389
    outer loop
      vertex 127 176.316 50
      vertex 196.084 168.188 74.2
      vertex 81 176.316 50
    endloop
  endfacet
  facet normal 0 -0.94796 -0.318389
    outer loop
      vertex 196.084 168.188 74.2
      vertex 127 176.316 50
      vertex 202.787 176.316 50
    endloop
  endfacet
  facet normal -0.963711 6.91696e-06 -0.266948
    outer loop
      vertex 198.523 97.6964 65.3926
      vertex 202.787 132.5 50
      vertex 203.895 132.5 46
    endloop
  endfacet
  facet normal -0.963578 -0.000420463 -0.267426
    outer loop
      vertex 202.787 132.5 50
      vertex 196.19 101.922 73.8181
      vertex 196.084 101.944 74.2
    endloop
  endfacet
  facet normal -0.96401 0.000889556 -0.265864
    outer loop
      vertex 202.787 132.5 50
      vertex 196.265 101.906 73.5461
      vertex 196.19 101.922 73.8181
    endloop
  endfacet
  facet normal -0.963899 0.000553916 -0.266269
    outer loop
      vertex 202.787 132.5 50
      vertex 196.354 101.849 73.2238
      vertex 196.265 101.906 73.5461
    endloop
  endfacet
  facet normal -0.963691 -5.90542e-05 -0.267021
    outer loop
      vertex 202.787 132.5 50
      vertex 196.702 101.625 71.9679
      vertex 196.354 101.849 73.2238
    endloop
  endfacet
  facet normal -0.963716 1.09902e-05 -0.266929
    outer loop
      vertex 202.787 132.5 50
      vertex 197.124 101.163 70.4443
      vertex 196.702 101.625 71.9679
    endloop
  endfacet
  facet normal -0.963676 -9.00831e-05 -0.267073
    outer loop
      vertex 202.787 132.5 50
      vertex 197.524 100.526 69.0012
      vertex 197.124 101.163 70.4443
    endloop
  endfacet
  facet normal -0.963657 -0.000134294 -0.267142
    outer loop
      vertex 202.787 132.5 50
      vertex 197.895 99.7269 67.6633
      vertex 197.524 100.526 69.0012
    endloop
  endfacet
  facet normal -0.963727 1.10533e-05 -0.266892
    outer loop
      vertex 202.787 132.5 50
      vertex 198.23 98.7782 66.4536
      vertex 197.895 99.7269 67.6633
    endloop
  endfacet
  facet normal -0.963988 0.00050774 -0.265946
    outer loop
      vertex 202.787 132.5 50
      vertex 198.34 98.3709 66.0541
      vertex 198.23 98.7782 66.4536
    endloop
  endfacet
  facet normal -0.963771 0.000109352 -0.266733
    outer loop
      vertex 202.787 132.5 50
      vertex 198.523 97.6964 65.3926
      vertex 198.34 98.3709 66.0541
    endloop
  endfacet
  facet normal -0.963648 -0.000130125 -0.267176
    outer loop
      vertex 203.895 132.5 46
      vertex 198.771 96.5 64.4987
      vertex 198.523 97.6964 65.3926
    endloop
  endfacet
  facet normal -0.963706 -1.34373e-05 -0.266965
    outer loop
      vertex 203.895 132.5 46
      vertex 198.918 95.5379 63.9681
      vertex 198.771 96.5 64.4987
    endloop
  endfacet
  facet normal -0.963832 0.000224203 -0.266511
    outer loop
      vertex 203.895 132.5 46
      vertex 198.968 95.2095 63.787
      vertex 198.918 95.5379 63.9681
    endloop
  endfacet
  facet normal -0.963767 0.000104155 -0.266745
    outer loop
      vertex 203.895 132.5 46
      vertex 199.111 93.847 63.2698
      vertex 198.968 95.2095 63.787
    endloop
  endfacet
  facet normal -0.963695 -2.04596e-05 -0.267004
    outer loop
      vertex 203.895 132.5 46
      vertex 199.198 92.4358 62.9559
      vertex 199.111 93.847 63.2698
    endloop
  endfacet
  facet normal -0.96308 -0.00102801 -0.269214
    outer loop
      vertex 203.895 132.5 46
      vertex 199.204 92.1571 62.9355
      vertex 199.198 92.4358 62.9559
    endloop
  endfacet
  facet normal -0.96349 -0.000362304 -0.267742
    outer loop
      vertex 203.895 132.5 46
      vertex 199.228 91 62.8507
      vertex 199.204 92.1571 62.9355
    endloop
  endfacet
  facet normal -0.96372 0 -0.266914
    outer loop
      vertex 203.895 49.5 46
      vertex 199.228 91 62.8507
      vertex 203.895 132.5 46
    endloop
  endfacet
  facet normal -0.96349 0.000362304 -0.267742
    outer loop
      vertex 199.228 91 62.8507
      vertex 203.895 49.5 46
      vertex 199.204 89.8429 62.9355
    endloop
  endfacet
  facet normal -0.96308 0.00102801 -0.269214
    outer loop
      vertex 199.204 89.8429 62.9355
      vertex 203.895 49.5 46
      vertex 199.198 89.5642 62.9559
    endloop
  endfacet
  facet normal -0.963695 2.04596e-05 -0.267004
    outer loop
      vertex 199.198 89.5642 62.9559
      vertex 203.895 49.5 46
      vertex 199.111 88.153 63.2698
    endloop
  endfacet
  facet normal -0.96401 -0.000889794 -0.265864
    outer loop
      vertex 202.787 49.5 50
      vertex 196.19 80.0782 73.8181
      vertex 196.265 80.0941 73.5461
    endloop
  endfacet
  facet normal -0.963767 -0.000104155 -0.266745
    outer loop
      vertex 199.111 88.153 63.2698
      vertex 203.895 49.5 46
      vertex 198.968 86.7905 63.787
    endloop
  endfacet
  facet normal -0.963832 -0.000224203 -0.266511
    outer loop
      vertex 203.895 49.5 46
      vertex 198.918 86.4621 63.9681
      vertex 198.968 86.7905 63.787
    endloop
  endfacet
  facet normal -0.963706 1.34373e-05 -0.266965
    outer loop
      vertex 203.895 49.5 46
      vertex 198.771 85.5 64.4987
      vertex 198.918 86.4621 63.9681
    endloop
  endfacet
  facet normal -0.963648 0.000130125 -0.267176
    outer loop
      vertex 203.895 49.5 46
      vertex 198.523 84.3036 65.3926
      vertex 198.771 85.5 64.4987
    endloop
  endfacet
  facet normal -0.963711 -6.91696e-06 -0.266948
    outer loop
      vertex 202.787 49.5 50
      vertex 198.523 84.3036 65.3926
      vertex 203.895 49.5 46
    endloop
  endfacet
  facet normal -0.963771 -0.000109352 -0.266733
    outer loop
      vertex 198.523 84.3036 65.3926
      vertex 202.787 49.5 50
      vertex 198.34 83.6291 66.0541
    endloop
  endfacet
  facet normal -0.963988 -0.00050774 -0.265946
    outer loop
      vertex 198.34 83.6291 66.0541
      vertex 202.787 49.5 50
      vertex 198.23 83.2218 66.4536
    endloop
  endfacet
  facet normal -0.963727 -1.10533e-05 -0.266892
    outer loop
      vertex 198.23 83.2218 66.4536
      vertex 202.787 49.5 50
      vertex 197.895 82.2731 67.6633
    endloop
  endfacet
  facet normal -0.963657 0.000134282 -0.267142
    outer loop
      vertex 197.895 82.2731 67.6633
      vertex 202.787 49.5 50
      vertex 197.524 81.4737 69.0012
    endloop
  endfacet
  facet normal -0.963676 9.01014e-05 -0.267073
    outer loop
      vertex 197.524 81.4737 69.0012
      vertex 202.787 49.5 50
      vertex 197.124 80.8373 70.4443
    endloop
  endfacet
  facet normal -0.963716 -1.09882e-05 -0.266929
    outer loop
      vertex 197.124 80.8373 70.4443
      vertex 202.787 49.5 50
      vertex 196.702 80.3748 71.9679
    endloop
  endfacet
  facet normal -0.963691 5.90724e-05 -0.267021
    outer loop
      vertex 196.702 80.3748 71.9679
      vertex 202.787 49.5 50
      vertex 196.354 80.1514 73.2238
    endloop
  endfacet
  facet normal -0.963898 -0.000553566 -0.26627
    outer loop
      vertex 196.354 80.1514 73.2238
      vertex 202.787 49.5 50
      vertex 196.265 80.0941 73.5461
    endloop
  endfacet
  facet normal -0.963578 0.000420132 -0.267426
    outer loop
      vertex 196.19 80.0782 73.8181
      vertex 202.787 49.5 50
      vertex 196.084 80.0558 74.2
    endloop
  endfacet
  facet normal -0.963715 0 -0.266933
    outer loop
      vertex 202.787 49.5 50
      vertex 196.084 13.8117 74.2
      vertex 196.084 80.0558 74.2
    endloop
  endfacet
  facet normal -0.963715 0 -0.266933
    outer loop
      vertex 196.084 13.8117 74.2
      vertex 202.787 49.5 50
      vertex 202.787 5.68362 50
    endloop
  endfacet
  facet normal -0.963715 0 -0.266933
    outer loop
      vertex 202.787 132.5 50
      vertex 196.084 168.188 74.2
      vertex 202.787 176.316 50
    endloop
  endfacet
  facet normal -0.963715 -0 -0.266933
    outer loop
      vertex 196.084 168.188 74.2
      vertex 202.787 132.5 50
      vertex 196.084 101.944 74.2
    endloop
  endfacet
  facet normal 0 0 -1
    outer loop
      vertex 81 0.321671 43
      vertex 127 1.5 43
      vertex 127 0.321671 43
    endloop
  endfacet
  facet normal -0 0 -1
    outer loop
      vertex 127 1.5 43
      vertex 81 0.321671 43
      vertex 81 1.5 43
    endloop
  endfacet
  facet normal 0 0 -1
    outer loop
      vertex 81 180.5 43
      vertex 127 181.678 43
      vertex 127 180.5 43
    endloop
  endfacet
  facet normal -0 0 -1
    outer loop
      vertex 127 181.678 43
      vertex 81 180.5 43
      vertex 81 181.678 43
    endloop
  endfacet
  facet normal 0 0 -1
    outer loop
      vertex 0.26527 49.5 43
      vertex 1.5 132.5 43
      vertex 1.5 49.5 43
    endloop
  endfacet
  facet normal -0 0 -1
    outer loop
      vertex 1.5 132.5 43
      vertex 0.26527 49.5 43
      vertex 0.26527 132.5 43
    endloop
  endfacet
  facet normal 0 0 -1
    outer loop
      vertex 206.5 49.5 43
      vertex 207.735 132.5 43
      vertex 207.735 49.5 43
    endloop
  endfacet
  facet normal -0 0 -1
    outer loop
      vertex 207.735 132.5 43
      vertex 206.5 49.5 43
      vertex 206.5 132.5 43
    endloop
  endfacet
  facet normal -0 0 1
    outer loop
      vertex 81 1.5 41
      vertex 127 0 41
      vertex 127 1.5 41
    endloop
  endfacet
  facet normal 0 0 1
    outer loop
      vertex 127 0 41
      vertex 81 1.5 41
      vertex 81 0 41
    endloop
  endfacet
  facet normal -0 0 1
    outer loop
      vertex 81 182 41
      vertex 127 180.5 41
      vertex 127 182 41
    endloop
  endfacet
  facet normal 0 0 1
    outer loop
      vertex 127 180.5 41
      vertex 81 182 41
      vertex 81 180.5 41
    endloop
  endfacet
  facet normal -0 0 1
    outer loop
      vertex 0 132.5 41
      vertex 1.5 49.5 41
      vertex 1.5 132.5 41
    endloop
  endfacet
  facet normal 0 0 1
    outer loop
      vertex 1.5 49.5 41
      vertex 0 132.5 41
      vertex 0 49.5 41
    endloop
  endfacet
  facet normal -0 0 1
    outer loop
      vertex 206.5 132.5 41
      vertex 208 49.5 41
      vertex 208 132.5 41
    endloop
  endfacet
  facet normal 0 0 1
    outer loop
      vertex 208 49.5 41
      vertex 206.5 132.5 41
      vertex 206.5 49.5 41
    endloop
  endfacet
  facet normal 1 -0 0
    outer loop
      vertex 206.5 49.5 43
      vertex 206.5 132.5 41
      vertex 206.5 132.5 43
    endloop
  endfacet
  facet normal 1 0 0
    outer loop
      vertex 206.5 132.5 41
      vertex 206.5 49.5 43
      vertex 206.5 49.5 41
    endloop
  endfacet
  facet normal -1 0 0
    outer loop
      vertex 1.5 49.5 41
      vertex 1.5 132.5 43
      vertex 1.5 132.5 41
    endloop
  endfacet
  facet normal -1 -0 0
    outer loop
      vertex 1.5 132.5 43
      vertex 1.5 49.5 41
      vertex 1.5 49.5 43
    endloop
  endfacet
  facet normal 0 1 -0
    outer loop
      vertex 127 180.5 41
      vertex 81 180.5 43
      vertex 127 180.5 43
    endloop
  endfacet
  facet normal 0 1 0
    outer loop
      vertex 81 180.5 43
      vertex 127 180.5 41
      vertex 81 180.5 41
    endloop
  endfacet
  facet normal 0 -1 0
    outer loop
      vertex 81 1.5 41
      vertex 127 1.5 43
      vertex 81 1.5 43
    endloop
  endfacet
  facet normal 0 -1 -0
    outer loop
      vertex 127 1.5 43
      vertex 81 1.5 41
      vertex 127 1.5 41
    endloop
  endfacet
  facet normal -1 0 0
    outer loop
      vertex 81 49.5 10
      vertex 81 3 13
      vertex 81 49.5 13
    endloop
  endfacet
  facet normal -1 0 0
    outer loop
      vertex 81 1.1 27
      vertex 81 3 46
      vertex 81 3 13
    endloop
  endfacet
  facet normal -1 0 0
    outer loop
      vertex 81 1.5 43
      vertex 81 3 46
      vertex 81 1.5 41
    endloop
  endfacet
  facet normal -1 0 0
    outer loop
      vertex 81 1.1 27
      vertex 81 3 13
      vertex 81 1.1 26
    endloop
  endfacet
  facet normal -1 0 0
    outer loop
      vertex 81 3 13
      vertex 81 0 13
      vertex 81 1.1 26
    endloop
  endfacet
  facet normal -1 0 0
    outer loop
      vertex 81 -1 10
      vertex 81 3 13
      vertex 81 49.5 10
    endloop
  endfacet
  facet normal -1 -0 0
    outer loop
      vertex 81 3 13
      vertex 81 -1 10
      vertex 81 0 13
    endloop
  endfacet
  facet normal -1 -0 0
    outer loop
      vertex 81 0 13
      vertex 81 -1 10
      vertex 81 -1 13
    endloop
  endfacet
  facet normal -1 0 0
    outer loop
      vertex 81 4.34013 46
      vertex 81 3.6 50
      vertex 81 5.68362 50
    endloop
  endfacet
  facet normal -1 0 0
    outer loop
      vertex 81 3 46
      vertex 81 3.6 50
      vertex 81 4.34013 46
    endloop
  endfacet
  facet normal -1 -0 0
    outer loop
      vertex 81 3.6 50
      vertex 81 3 46
      vertex 81 2.59611 50
    endloop
  endfacet
  facet normal -1 0 0
    outer loop
      vertex 81 0.321671 43
      vertex 81 3 46
      vertex 81 1.5 43
    endloop
  endfacet
  facet normal -1 -0 0
    outer loop
      vertex 81 3 46
      vertex 81 0.321671 43
      vertex 81 2.59611 50
    endloop
  endfacet
  facet normal -1 0 0
    outer loop
      vertex 81 3 46
      vertex 81 1.1 27
      vertex 81 1.5 41
    endloop
  endfacet
  facet normal -1 0 0
    outer loop
      vertex 81 0 41
      vertex 81 1.1 27
      vertex 81 0 27
    endloop
  endfacet
  facet normal -1 0 0
    outer loop
      vertex 81 1.1 27
      vertex 81 0 41
      vertex 81 1.5 41
    endloop
  endfacet
  facet normal -1 -0 0
    outer loop
      vertex 81 1.1 26
      vertex 81 0 13
      vertex 81 0 26
    endloop
  endfacet
  facet normal 0 0 -1
    outer loop
      vertex 205.859 2.59611 50
      vertex 202.787 5.68362 50
      vertex 205.859 49.5 50
    endloop
  endfacet
  facet normal 0 0 -1
    outer loop
      vertex 187.856 2.59611 50
      vertex 202.787 5.68362 50
      vertex 205.859 2.59611 50
    endloop
  endfacet
  facet normal 0 0 -1
    outer loop
      vertex 187.856 3.6 50
      vertex 202.787 5.68362 50
      vertex 187.856 2.59611 50
    endloop
  endfacet
  facet normal 0 0 -1
    outer loop
      vertex 127 5.68362 50
      vertex 187.856 3.6 50
      vertex 127 3.6 50
    endloop
  endfacet
  facet normal 0 0 -1
    outer loop
      vertex 187.856 3.6 50
      vertex 127 5.68362 50
      vertex 202.787 5.68362 50
    endloop
  endfacet
  facet normal -0 0 -1
    outer loop
      vertex 205.859 49.5 50
      vertex 202.787 5.68362 50
      vertex 202.787 49.5 50
    endloop
  endfacet
  facet normal 0 0 -1
    outer loop
      vertex 20.1436 2.59611 50
      vertex 5.21308 5.68362 50
      vertex 20.1436 3.6 50
    endloop
  endfacet
  facet normal 0 0 -1
    outer loop
      vertex 2.14091 2.59611 50
      vertex 5.21308 5.68362 50
      vertex 20.1436 2.59611 50
    endloop
  endfacet
  facet normal 0 0 -1
    outer loop
      vertex 2.14091 49.5 50
      vertex 5.21308 5.68362 50
      vertex 2.14091 2.59611 50
    endloop
  endfacet
  facet normal 0 0 -1
    outer loop
      vertex 5.21308 5.68362 50
      vertex 2.14091 49.5 50
      vertex 5.21308 49.5 50
    endloop
  endfacet
  facet normal 0 0 -1
    outer loop
      vertex 20.1436 3.6 50
      vertex 81 5.68362 50
      vertex 81 3.6 50
    endloop
  endfacet
  facet normal -0 0 -1
    outer loop
      vertex 81 5.68362 50
      vertex 20.1436 3.6 50
      vertex 5.21308 5.68362 50
    endloop
  endfacet
  facet normal -0 0 1
    outer loop
      vertex 81 3.6 50
      vertex 127 2.59611 50
      vertex 127 3.6 50
    endloop
  endfacet
  facet normal 0 0 1
    outer loop
      vertex 127 2.59611 50
      vertex 81 3.6 50
      vertex 81 2.59611 50
    endloop
  endfacet
  facet normal 0 -1 0
    outer loop
      vertex -1 49.5 10
      vertex 0 49.5 13
      vertex -1 49.5 13
    endloop
  endfacet
  facet normal 0 -1 -0
    outer loop
      vertex 0 49.5 13
      vertex -1 49.5 10
      vertex 3 49.5 13
    endloop
  endfacet
  facet normal 0 -1 0
    outer loop
      vertex 81 49.5 10
      vertex 3 49.5 13
      vertex -1 49.5 10
    endloop
  endfacet
  facet normal 0 -1 0
    outer loop
      vertex 3 49.5 13
      vertex 81 49.5 10
      vertex 81 49.5 13
    endloop
  endfacet
  facet normal 0 -1 0
    outer loop
      vertex 0 49.5 13
      vertex 3 49.5 15
      vertex 0 49.5 15
    endloop
  endfacet
  facet normal 0 -1 -0
    outer loop
      vertex 3 49.5 15
      vertex 0 49.5 13
      vertex 3 49.5 13
    endloop
  endfacet
  facet normal 0 -1 0
    outer loop
      vertex 0 49.5 41
      vertex 0 49.5 32
      vertex 1.5 49.5 41
    endloop
  endfacet
  facet normal 0 -1 0
    outer loop
      vertex 4.10515 49.5 46
      vertex 2.14091 49.5 50
      vertex 3 49.5 46
    endloop
  endfacet
  facet normal 0 -1 0
    outer loop
      vertex 0.26527 49.5 43
      vertex 3 49.5 46
      vertex 2.14091 49.5 50
    endloop
  endfacet
  facet normal 0 -1 0
    outer loop
      vertex 1.5 49.5 43
      vertex 3 49.5 46
      vertex 0.26527 49.5 43
    endloop
  endfacet
  facet normal 0 -1 0
    outer loop
      vertex 1.5 49.5 41
      vertex 3 49.5 46
      vertex 1.5 49.5 43
    endloop
  endfacet
  facet normal 0 -1 0
    outer loop
      vertex 3 49.5 32
      vertex 1.5 49.5 41
      vertex 0 49.5 32
    endloop
  endfacet
  facet normal 0 -1 0
    outer loop
      vertex 1.5 49.5 41
      vertex 3 49.5 32
      vertex 3 49.5 46
    endloop
  endfacet
  facet normal 0 -1 0
    outer loop
      vertex 2.14091 49.5 50
      vertex 4.10515 49.5 46
      vertex 5.21308 49.5 50
    endloop
  endfacet
  facet normal 0 -1 0
    outer loop
      vertex 0 49.5 17
      vertex 3 49.5 20
      vertex 0 49.5 20
    endloop
  endfacet
  facet normal 0 -1 -0
    outer loop
      vertex 3 49.5 20
      vertex 0 49.5 17
      vertex 3 49.5 17
    endloop
  endfacet
  facet normal 0 -1 0
    outer loop
      vertex 0 49.5 22
      vertex 3 49.5 25
      vertex 0 49.5 25
    endloop
  endfacet
  facet normal 0 -1 -0
    outer loop
      vertex 3 49.5 25
      vertex 0 49.5 22
      vertex 3 49.5 22
    endloop
  endfacet
  facet normal 0 -1 0
    outer loop
      vertex 0 49.5 27
      vertex 3 49.5 30
      vertex 0 49.5 30
    endloop
  endfacet
  facet normal 0 -1 -0
    outer loop
      vertex 3 49.5 30
      vertex 0 49.5 27
      vertex 3 49.5 27
    endloop
  endfacet
  facet normal 0 -1 0
    outer loop
      vertex 81 -1 10
      vertex 127 -1 13
      vertex 81 -1 13
    endloop
  endfacet
  facet normal 0 -1 -0
    outer loop
      vertex 127 -1 13
      vertex 81 -1 10
      vertex 127 -1 10
    endloop
  endfacet
  facet normal -1 0 0
    outer loop
      vertex 81 183 10
      vertex 81 182 13
      vertex 81 183 13
    endloop
  endfacet
  facet normal -1 0 0
    outer loop
      vertex 81 182 13
      vertex 81 180.9 26
      vertex 81 182 26
    endloop
  endfacet
  facet normal -1 0 0
    outer loop
      vertex 81 179 13
      vertex 81 180.9 27
      vertex 81 180.9 26
    endloop
  endfacet
  facet normal -1 0 0
    outer loop
      vertex 81 179 46
      vertex 81 180.5 43
      vertex 81 180.5 41
    endloop
  endfacet
  facet normal -1 0 0
    outer loop
      vertex 81 180.9 27
      vertex 81 179 46
      vertex 81 180.5 41
    endloop
  endfacet
  facet normal -1 -0 0
    outer loop
      vertex 81 180.9 27
      vertex 81 179 13
      vertex 81 179 46
    endloop
  endfacet
  facet normal -1 0 0
    outer loop
      vertex 81 182 13
      vertex 81 179 13
      vertex 81 180.9 26
    endloop
  endfacet
  facet normal -1 0 0
    outer loop
      vertex 81 183 10
      vertex 81 179 13
      vertex 81 182 13
    endloop
  endfacet
  facet normal -1 0 0
    outer loop
      vertex 81 132.5 10
      vertex 81 179 13
      vertex 81 183 10
    endloop
  endfacet
  facet normal -1 -0 0
    outer loop
      vertex 81 179 13
      vertex 81 132.5 10
      vertex 81 132.5 13
    endloop
  endfacet
  facet normal -1 0 0
    outer loop
      vertex 81 180.9 27
      vertex 81 182 41
      vertex 81 182 27
    endloop
  endfacet
  facet normal -1 -0 0
    outer loop
      vertex 81 182 41
      vertex 81 180.9 27
      vertex 81 180.5 41
    endloop
  endfacet
  facet normal -1 0 0
    outer loop
      vertex 81 181.678 43
      vertex 81 180.5 43
      vertex 81 179.404 50
    endloop
  endfacet
  facet normal -1 0 0
    outer loop
      vertex 81 180.5 43
      vertex 81 179 46
      vertex 81 179.404 50
    endloop
  endfacet
  facet normal -1 0 0
    outer loop
      vertex 81 179 46
      vertex 81 178.4 50
      vertex 81 179.404 50
    endloop
  endfacet
  facet normal -1 0 0
    outer loop
      vertex 81 177.66 46
      vertex 81 178.4 50
      vertex 81 179 46
    endloop
  endfacet
  facet normal -1 -0 0
    outer loop
      vertex 81 178.4 50
      vertex 81 177.66 46
      vertex 81 176.316 50
    endloop
  endfacet
  facet normal 0 0 -1
    outer loop
      vertex 127 176.316 50
      vertex 187.856 178.4 50
      vertex 202.787 176.316 50
    endloop
  endfacet
  facet normal -0 0 -1
    outer loop
      vertex 187.856 178.4 50
      vertex 127 176.316 50
      vertex 127 178.4 50
    endloop
  endfacet
  facet normal 0 0 -1
    outer loop
      vertex 202.787 176.316 50
      vertex 205.859 132.5 50
      vertex 202.787 132.5 50
    endloop
  endfacet
  facet normal 0 0 -1
    outer loop
      vertex 205.859 132.5 50
      vertex 202.787 176.316 50
      vertex 205.859 179.404 50
    endloop
  endfacet
  facet normal 0 0 -1
    outer loop
      vertex 187.856 179.404 50
      vertex 202.787 176.316 50
      vertex 187.856 178.4 50
    endloop
  endfacet
  facet normal 0 0 -1
    outer loop
      vertex 202.787 176.316 50
      vertex 187.856 179.404 50
      vertex 205.859 179.404 50
    endloop
  endfacet
  facet normal 0 0 -1
    outer loop
      vertex 5.21308 132.5 50
      vertex 2.14091 132.5 50
      vertex 5.21308 176.316 50
    endloop
  endfacet
  facet normal 0 0 -1
    outer loop
      vertex 81 176.316 50
      vertex 20.1436 178.4 50
      vertex 81 178.4 50
    endloop
  endfacet
  facet normal 0 0 -1
    outer loop
      vertex 5.21308 176.316 50
      vertex 20.1436 178.4 50
      vertex 81 176.316 50
    endloop
  endfacet
  facet normal 0 0 -1
    outer loop
      vertex 5.21308 176.316 50
      vertex 20.1436 179.404 50
      vertex 20.1436 178.4 50
    endloop
  endfacet
  facet normal 0 0 -1
    outer loop
      vertex 5.21308 176.316 50
      vertex 2.14091 179.404 50
      vertex 20.1436 179.404 50
    endloop
  endfacet
  facet normal 0 0 -1
    outer loop
      vertex 2.14091 179.404 50
      vertex 5.21308 176.316 50
      vertex 2.14091 132.5 50
    endloop
  endfacet
  facet normal -0 0 1
    outer loop
      vertex 81 179.404 50
      vertex 127 178.4 50
      vertex 127 179.404 50
    endloop
  endfacet
  facet normal 0 0 1
    outer loop
      vertex 127 178.4 50
      vertex 81 179.404 50
      vertex 81 178.4 50
    endloop
  endfacet
  facet normal 0 1 -0
    outer loop
      vertex 127 183 10
      vertex 81 183 13
      vertex 127 183 13
    endloop
  endfacet
  facet normal 0 1 0
    outer loop
      vertex 81 183 13
      vertex 127 183 10
      vertex 81 183 10
    endloop
  endfacet
  facet normal 0 1 -0
    outer loop
      vertex 81 132.5 10
      vertex 3 132.5 13
      vertex 81 132.5 13
    endloop
  endfacet
  facet normal 0 1 0
    outer loop
      vertex -1 132.5 10
      vertex 3 132.5 13
      vertex 81 132.5 10
    endloop
  endfacet
  facet normal 0 1 0
    outer loop
      vertex 3 132.5 13
      vertex -1 132.5 10
      vertex 0 132.5 13
    endloop
  endfacet
  facet normal 0 1 0
    outer loop
      vertex 0 132.5 13
      vertex -1 132.5 10
      vertex -1 132.5 13
    endloop
  endfacet
  facet normal 0 1 -0
    outer loop
      vertex 3 132.5 13
      vertex 0 132.5 15
      vertex 3 132.5 15
    endloop
  endfacet
  facet normal 0 1 0
    outer loop
      vertex 0 132.5 15
      vertex 3 132.5 13
      vertex 0 132.5 13
    endloop
  endfacet
  facet normal 0 1 0
    outer loop
      vertex 3 132.5 46
      vertex 1.5 132.5 41
      vertex 1.5 132.5 43
    endloop
  endfacet
  facet normal 0 1 -0
    outer loop
      vertex 3 132.5 32
      vertex 1.5 132.5 41
      vertex 3 132.5 46
    endloop
  endfacet
  facet normal 0 1 0
    outer loop
      vertex 0 132.5 32
      vertex 1.5 132.5 41
      vertex 3 132.5 32
    endloop
  endfacet
  facet normal 0 1 0
    outer loop
      vertex 1.5 132.5 41
      vertex 0 132.5 32
      vertex 0 132.5 41
    endloop
  endfacet
  facet normal 0 1 -0
    outer loop
      vertex 4.10515 132.5 46
      vertex 2.14091 132.5 50
      vertex 5.21308 132.5 50
    endloop
  endfacet
  facet normal 0 1 -0
    outer loop
      vertex 3 132.5 46
      vertex 2.14091 132.5 50
      vertex 4.10515 132.5 46
    endloop
  endfacet
  facet normal 0 1 0
    outer loop
      vertex 0.26527 132.5 43
      vertex 3 132.5 46
      vertex 1.5 132.5 43
    endloop
  endfacet
  facet normal 0 1 0
    outer loop
      vertex 3 132.5 46
      vertex 0.26527 132.5 43
      vertex 2.14091 132.5 50
    endloop
  endfacet
  facet normal 0 1 -0
    outer loop
      vertex 3 132.5 17
      vertex 0 132.5 20
      vertex 3 132.5 20
    endloop
  endfacet
  facet normal 0 1 0
    outer loop
      vertex 0 132.5 20
      vertex 3 132.5 17
      vertex 0 132.5 17
    endloop
  endfacet
  facet normal 0 1 -0
    outer loop
      vertex 3 132.5 22
      vertex 0 132.5 25
      vertex 3 132.5 25
    endloop
  endfacet
  facet normal 0 1 0
    outer loop
      vertex 0 132.5 25
      vertex 3 132.5 22
      vertex 0 132.5 22
    endloop
  endfacet
  facet normal 0 1 -0
    outer loop
      vertex 3 132.5 27
      vertex 0 132.5 30
      vertex 3 132.5 30
    endloop
  endfacet
  facet normal 0 1 0
    outer loop
      vertex 0 132.5 30
      vertex 3 132.5 27
      vertex 0 132.5 27
    endloop
  endfacet
  facet normal 1 -0 0
    outer loop
      vertex 127 3.6 50
      vertex 127 4.34013 46
      vertex 127 5.68362 50
    endloop
  endfacet
  facet normal 1 0 0
    outer loop
      vertex 127 3.6 50
      vertex 127 3 46
      vertex 127 4.34013 46
    endloop
  endfacet
  facet normal 1 0 0
    outer loop
      vertex 127 0.321671 43
      vertex 127 3 46
      vertex 127 2.59611 50
    endloop
  endfacet
  facet normal 1 -0 0
    outer loop
      vertex 127 2.59611 50
      vertex 127 3 46
      vertex 127 3.6 50
    endloop
  endfacet
  facet normal 1 -0 0
    outer loop
      vertex 127 3 13
      vertex 127 49.5 10
      vertex 127 49.5 13
    endloop
  endfacet
  facet normal 1 0 0
    outer loop
      vertex 127 3 46
      vertex 127 1.5 43
      vertex 127 1.5 41
    endloop
  endfacet
  facet normal 1 0 0
    outer loop
      vertex 127 1.1 27
      vertex 127 3 46
      vertex 127 1.5 41
    endloop
  endfacet
  facet normal 1 0 0
    outer loop
      vertex 127 3 46
      vertex 127 1.1 27
      vertex 127 3 13
    endloop
  endfacet
  facet normal 1 -0 0
    outer loop
      vertex 127 1.1 26
      vertex 127 3 13
      vertex 127 1.1 27
    endloop
  endfacet
  facet normal 1 0 0
    outer loop
      vertex 127 0 13
      vertex 127 1.1 26
      vertex 127 0 26
    endloop
  endfacet
  facet normal 1 0 0
    outer loop
      vertex 127 1.1 26
      vertex 127 0 13
      vertex 127 3 13
    endloop
  endfacet
  facet normal 1 0 0
    outer loop
      vertex 127 -1 10
      vertex 127 3 13
      vertex 127 0 13
    endloop
  endfacet
  facet normal 1 0 0
    outer loop
      vertex 127 -1 10
      vertex 127 0 13
      vertex 127 -1 13
    endloop
  endfacet
  facet normal 1 0 0
    outer loop
      vertex 127 3 13
      vertex 127 -1 10
      vertex 127 49.5 10
    endloop
  endfacet
  facet normal 1 -0 0
    outer loop
      vertex 127 0 41
      vertex 127 1.1 27
      vertex 127 1.5 41
    endloop
  endfacet
  facet normal 1 0 0
    outer loop
      vertex 127 1.1 27
      vertex 127 0 41
      vertex 127 0 27
    endloop
  endfacet
  facet normal 1 0 0
    outer loop
      vertex 127 3 46
      vertex 127 0.321671 43
      vertex 127 1.5 43
    endloop
  endfacet
  facet normal 0 -1 0
    outer loop
      vertex 127 49.5 10
      vertex 205 49.5 13
      vertex 127 49.5 13
    endloop
  endfacet
  facet normal 0 -1 0
    outer loop
      vertex 209 49.5 10
      vertex 205 49.5 13
      vertex 127 49.5 10
    endloop
  endfacet
  facet normal 0 -1 0
    outer loop
      vertex 205 49.5 13
      vertex 209 49.5 10
      vertex 208 49.5 13
    endloop
  endfacet
  facet normal 0 -1 0
    outer loop
      vertex 208 49.5 13
      vertex 209 49.5 10
      vertex 209 49.5 13
    endloop
  endfacet
  facet normal 0 -1 0
    outer loop
      vertex 205 49.5 46
      vertex 206.5 49.5 41
      vertex 206.5 49.5 43
    endloop
  endfacet
  facet normal 0 -1 0
    outer loop
      vertex 206.5 49.5 41
      vertex 206.9 49.5 27
      vertex 208 49.5 41
    endloop
  endfacet
  facet normal 0 -1 0
    outer loop
      vertex 205 49.5 46
      vertex 206.9 49.5 27
      vertex 206.5 49.5 41
    endloop
  endfacet
  facet normal 0 -1 0
    outer loop
      vertex 205 49.5 13
      vertex 206.9 49.5 27
      vertex 205 49.5 46
    endloop
  endfacet
  facet normal 0 -1 -0
    outer loop
      vertex 206.9 49.5 27
      vertex 205 49.5 13
      vertex 206.9 49.5 26
    endloop
  endfacet
  facet normal 0 -1 0
    outer loop
      vertex 208 49.5 13
      vertex 206.9 49.5 26
      vertex 205 49.5 13
    endloop
  endfacet
  facet normal 0 -1 0
    outer loop
      vertex 206.9 49.5 26
      vertex 208 49.5 13
      vertex 208 49.5 26
    endloop
  endfacet
  facet normal 0 -1 0
    outer loop
      vertex 203.895 49.5 46
      vertex 205.859 49.5 50
      vertex 202.787 49.5 50
    endloop
  endfacet
  facet normal 0 -1 0
    outer loop
      vertex 205 49.5 46
      vertex 205.859 49.5 50
      vertex 203.895 49.5 46
    endloop
  endfacet
  facet normal 0 -1 0
    outer loop
      vertex 207.735 49.5 43
      vertex 205 49.5 46
      vertex 206.5 49.5 43
    endloop
  endfacet
  facet normal 0 -1 0
    outer loop
      vertex 205 49.5 46
      vertex 207.735 49.5 43
      vertex 205.859 49.5 50
    endloop
  endfacet
  facet normal 0 -1 -0
    outer loop
      vertex 208 49.5 41
      vertex 206.9 49.5 27
      vertex 208 49.5 27
    endloop
  endfacet
  facet normal 1 0 0
    outer loop
      vertex 127 181.678 43
      vertex 127 179 46
      vertex 127 180.5 43
    endloop
  endfacet
  facet normal 1 -0 0
    outer loop
      vertex 127 179 46
      vertex 127 181.678 43
      vertex 127 179.404 50
    endloop
  endfacet
  facet normal 1 0 0
    outer loop
      vertex 127 182 41
      vertex 127 180.9 27
      vertex 127 182 27
    endloop
  endfacet
  facet normal 1 0 0
    outer loop
      vertex 127 179 46
      vertex 127 180.9 27
      vertex 127 180.5 41
    endloop
  endfacet
  facet normal 1 -0 0
    outer loop
      vertex 127 180.5 41
      vertex 127 180.9 27
      vertex 127 182 41
    endloop
  endfacet
  facet normal 1 0 0
    outer loop
      vertex 127 182 26
      vertex 127 180.9 26
      vertex 127 182 13
    endloop
  endfacet
  facet normal 1 -0 0
    outer loop
      vertex 127 182 13
      vertex 127 183 10
      vertex 127 183 13
    endloop
  endfacet
  facet normal 1 0 0
    outer loop
      vertex 127 180.5 43
      vertex 127 179 46
      vertex 127 180.5 41
    endloop
  endfacet
  facet normal 1 0 0
    outer loop
      vertex 127 179 13
      vertex 127 180.9 27
      vertex 127 179 46
    endloop
  endfacet
  facet normal 1 0 0
    outer loop
      vertex 127 180.9 27
      vertex 127 179 13
      vertex 127 180.9 26
    endloop
  endfacet
  facet normal 1 0 0
    outer loop
      vertex 127 180.9 26
      vertex 127 179 13
      vertex 127 182 13
    endloop
  endfacet
  facet normal 1 -0 0
    outer loop
      vertex 127 179 13
      vertex 127 183 10
      vertex 127 182 13
    endloop
  endfacet
  facet normal 1 0 0
    outer loop
      vertex 127 132.5 10
      vertex 127 179 13
      vertex 127 132.5 13
    endloop
  endfacet
  facet normal 1 0 0
    outer loop
      vertex 127 179 13
      vertex 127 132.5 10
      vertex 127 183 10
    endloop
  endfacet
  facet normal 1 -0 0
    outer loop
      vertex 127 178.4 50
      vertex 127 179 46
      vertex 127 179.404 50
    endloop
  endfacet
  facet normal 1 0 0
    outer loop
      vertex 127 178.4 50
      vertex 127 177.66 46
      vertex 127 179 46
    endloop
  endfacet
  facet normal 1 0 -0
    outer loop
      vertex 127 177.66 46
      vertex 127 178.4 50
      vertex 127 176.316 50
    endloop
  endfacet
  facet normal 0 1 0
    outer loop
      vertex 208 132.5 26
      vertex 208 132.5 13
      vertex 206.9 132.5 26
    endloop
  endfacet
  facet normal 0 1 0
    outer loop
      vertex 206.9 132.5 27
      vertex 208 132.5 41
      vertex 208 132.5 27
    endloop
  endfacet
  facet normal 0 1 0
    outer loop
      vertex 203.895 132.5 46
      vertex 205.859 132.5 50
      vertex 205 132.5 46
    endloop
  endfacet
  facet normal 0 1 0
    outer loop
      vertex 207.735 132.5 43
      vertex 205 132.5 46
      vertex 205.859 132.5 50
    endloop
  endfacet
  facet normal 0 1 -0
    outer loop
      vertex 206.5 132.5 43
      vertex 205 132.5 46
      vertex 207.735 132.5 43
    endloop
  endfacet
  facet normal 0 1 -0
    outer loop
      vertex 206.5 132.5 41
      vertex 205 132.5 46
      vertex 206.5 132.5 43
    endloop
  endfacet
  facet normal 0 1 0
    outer loop
      vertex 208 132.5 41
      vertex 206.9 132.5 27
      vertex 206.5 132.5 41
    endloop
  endfacet
  facet normal 0 1 0
    outer loop
      vertex 206.5 132.5 41
      vertex 206.9 132.5 27
      vertex 205 132.5 46
    endloop
  endfacet
  facet normal 0 1 0
    outer loop
      vertex 205 132.5 13
      vertex 206.9 132.5 27
      vertex 206.9 132.5 26
    endloop
  endfacet
  facet normal 0 1 0
    outer loop
      vertex 205 132.5 13
      vertex 206.9 132.5 26
      vertex 208 132.5 13
    endloop
  endfacet
  facet normal 0 1 0
    outer loop
      vertex 206.9 132.5 27
      vertex 205 132.5 13
      vertex 205 132.5 46
    endloop
  endfacet
  facet normal 0 1 0
    outer loop
      vertex 205.859 132.5 50
      vertex 203.895 132.5 46
      vertex 202.787 132.5 50
    endloop
  endfacet
  facet normal 0 1 -0
    outer loop
      vertex 209 132.5 10
      vertex 208 132.5 13
      vertex 209 132.5 13
    endloop
  endfacet
  facet normal 0 1 0
    outer loop
      vertex 208 132.5 13
      vertex 209 132.5 10
      vertex 205 132.5 13
    endloop
  endfacet
  facet normal 0 1 0
    outer loop
      vertex 127 132.5 10
      vertex 205 132.5 13
      vertex 209 132.5 10
    endloop
  endfacet
  facet normal 0 1 0
    outer loop
      vertex 205 132.5 13
      vertex 127 132.5 10
      vertex 127 132.5 13
    endloop
  endfacet
  facet normal -0.253866 -0.195116 0.947355
    outer loop
      vertex 8.40308 93.1353 73.3707
      vertex 10.0014 92.0768 73.581
      vertex 9.94689 93.1353 73.7844
    endloop
  endfacet
  facet normal -0.253833 -0.195061 0.947375
    outer loop
      vertex 10.0014 92.0768 73.581
      vertex 8.40308 93.1353 73.3707
      vertex 8.34016 92.0768 73.1359
    endloop
  endfacet
  facet normal -0.25825 -0.0654118 0.963861
    outer loop
      vertex 8.34016 92.0768 73.1359
      vertex 10.0196 91 73.5128
      vertex 10.0014 92.0768 73.581
    endloop
  endfacet
  facet normal -0.258234 -0.065386 0.963867
    outer loop
      vertex 10.0196 91 73.5128
      vertex 8.34016 92.0768 73.1359
      vertex 8.31906 91 73.0572
    endloop
  endfacet
  facet normal -0.245067 -0.321413 0.914678
    outer loop
      vertex 8.50674 94.1571 73.7576
      vertex 9.94689 93.1353 73.7844
      vertex 9.85711 94.1571 74.1194
    endloop
  endfacet
  facet normal -0.245102 -0.321463 0.914651
    outer loop
      vertex 9.94689 93.1353 73.7844
      vertex 8.50674 94.1571 73.7576
      vertex 8.40308 93.1353 73.3707
    endloop
  endfacet
  facet normal -0.23212 -0.442255 0.866332
    outer loop
      vertex 8.50674 94.1571 73.7576
      vertex 9.83552 94.3263 74.2
      vertex 8.62528 94.9615 74.2
    endloop
  endfacet
  facet normal -0.232109 -0.442294 0.866315
    outer loop
      vertex 9.83552 94.3263 74.2
      vertex 8.50674 94.1571 73.7576
      vertex 9.85711 94.1571 74.1194
    endloop
  endfacet
  facet normal -0.232109 0.442294 0.866315
    outer loop
      vertex 8.50674 87.8429 73.7576
      vertex 9.83552 87.6737 74.2
      vertex 9.85711 87.8429 74.1194
    endloop
  endfacet
  facet normal -0.23212 0.442255 0.866332
    outer loop
      vertex 9.83552 87.6737 74.2
      vertex 8.50674 87.8429 73.7576
      vertex 8.62528 87.0385 74.2
    endloop
  endfacet
  facet normal -0.253866 0.195116 0.947355
    outer loop
      vertex 10.0014 89.9232 73.581
      vertex 8.40308 88.8647 73.3707
      vertex 9.94689 88.8647 73.7844
    endloop
  endfacet
  facet normal -0.253833 0.195061 0.947375
    outer loop
      vertex 8.40308 88.8647 73.3707
      vertex 10.0014 89.9232 73.581
      vertex 8.34016 89.9232 73.1359
    endloop
  endfacet
  facet normal -0.966017 -0.000136126 -0.258477
    outer loop
      vertex 9.94689 93.1353 73.7844
      vertex 9.83552 94.3263 74.2
      vertex 9.85711 94.1571 74.1194
    endloop
  endfacet
  facet normal -0.965926 -8.29766e-06 -0.258819
    outer loop
      vertex 10.0014 92.0768 73.581
      vertex 9.83552 94.3263 74.2
      vertex 9.94689 93.1353 73.7844
    endloop
  endfacet
  facet normal -0.965837 8.88733e-05 -0.259149
    outer loop
      vertex 10.0196 91 73.5128
      vertex 9.83552 94.3263 74.2
      vertex 10.0014 92.0768 73.581
    endloop
  endfacet
  facet normal -0.966002 -4.71755e-05 -0.258534
    outer loop
      vertex 10.0014 89.9232 73.581
      vertex 9.83552 94.3263 74.2
      vertex 10.0196 91 73.5128
    endloop
  endfacet
  facet normal -0.965916 1.0576e-06 -0.258854
    outer loop
      vertex 9.94689 88.8647 73.7844
      vertex 9.83552 94.3263 74.2
      vertex 10.0014 89.9232 73.581
    endloop
  endfacet
  facet normal -0.966017 0.000136126 -0.258477
    outer loop
      vertex 9.83552 87.6737 74.2
      vertex 9.94689 88.8647 73.7844
      vertex 9.85711 87.8429 74.1194
    endloop
  endfacet
  facet normal -0.96592 0 -0.258841
    outer loop
      vertex 9.94689 88.8647 73.7844
      vertex 9.83552 87.6737 74.2
      vertex 9.83552 94.3263 74.2
    endloop
  endfacet
  facet normal -0.25825 0.0654118 0.963861
    outer loop
      vertex 10.0196 91 73.5128
      vertex 8.34016 89.9232 73.1359
      vertex 10.0014 89.9232 73.581
    endloop
  endfacet
  facet normal -0.258234 0.065386 0.963867
    outer loop
      vertex 8.34016 89.9232 73.1359
      vertex 10.0196 91 73.5128
      vertex 8.31906 91 73.0572
    endloop
  endfacet
  facet normal -0.245067 0.321413 0.914678
    outer loop
      vertex 9.94689 88.8647 73.7844
      vertex 8.50674 87.8429 73.7576
      vertex 9.85711 87.8429 74.1194
    endloop
  endfacet
  facet normal -0.245102 0.321463 0.914651
    outer loop
      vertex 8.50674 87.8429 73.7576
      vertex 9.94689 88.8647 73.7844
      vertex 8.40308 88.8647 73.3707
    endloop
  endfacet
  facet normal 0.2152 -0.555532 -0.803164
    outer loop
      vertex 5.14958 95.125 61.2285
      vertex 8.39188 96.0223 61.4766
      vertex 8.57758 95.125 62.147
    endloop
  endfacet
  facet normal 0.215206 -0.555558 -0.803145
    outer loop
      vertex 8.39188 96.0223 61.4766
      vertex 5.14958 95.125 61.2285
      vertex 4.9704 96.0223 60.5598
    endloop
  endfacet
  facet normal 0.245074 -0.321458 -0.91466
    outer loop
      vertex 5.39589 93.1353 62.1478
      vertex 8.72542 94.1571 62.6808
      vertex 8.83286 93.1353 63.0687
    endloop
  endfacet
  facet normal 0.245076 -0.321468 -0.914656
    outer loop
      vertex 8.72542 94.1571 62.6808
      vertex 5.39589 93.1353 62.1478
      vertex 5.29223 94.1571 61.7609
    endloop
  endfacet
  facet normal 0.0169336 -0.997858 -0.0631928
    outer loop
      vertex 5.64165 99.1794 55.0784
      vertex 6.36458 99.25 54.1573
      vertex 6.69812 99.1794 55.3615
    endloop
  endfacet
  facet normal 0.016929 -0.997858 -0.0631964
    outer loop
      vertex 6.36458 99.25 54.1573
      vertex 5.64165 99.1794 55.0784
      vertex 5.92035 99.25 54.0383
    endloop
  endfacet
  facet normal 0.253836 -0.195049 -0.947377
    outer loop
      vertex 5.45881 92.0768 62.3826
      vertex 8.83286 93.1353 63.0687
      vertex 8.89807 92.0768 63.3041
    endloop
  endfacet
  facet normal 0.253839 -0.195061 -0.947374
    outer loop
      vertex 8.83286 93.1353 63.0687
      vertex 5.45881 92.0768 62.3826
      vertex 5.39589 93.1353 62.1478
    endloop
  endfacet
  facet normal 0.194588 -0.659372 -0.726198
    outer loop
      vertex 4.9704 96.0223 60.5598
      vertex 8.17148 96.8336 60.6809
      vertex 8.39188 96.0223 61.4766
    endloop
  endfacet
  facet normal 0.194586 -0.659362 -0.726208
    outer loop
      vertex 8.17148 96.8336 60.6809
      vertex 4.9704 96.0223 60.5598
      vertex 4.75775 96.8336 59.7662
    endloop
  endfacet
  facet normal 0.0832006 0.946921 -0.310512
    outer loop
      vertex 7.02595 83.0311 56.5451
      vertex 5.10322 83.378 57.0878
      vertex 7.34247 83.378 57.6878
    endloop
  endfacet
  facet normal 0.0831985 0.94692 -0.310518
    outer loop
      vertex 5.10322 83.378 57.0878
      vertex 7.02595 83.0311 56.5451
      vertex 5.36771 83.0311 56.1008
    endloop
  endfacet
  facet normal 0.114475 -0.896882 -0.427198
    outer loop
      vertex 4.85272 98.1447 58.0227
      vertex 7.34247 98.622 57.6878
      vertex 7.64225 98.1447 58.7702
    endloop
  endfacet
  facet normal 0.114471 -0.896874 -0.427215
    outer loop
      vertex 7.34247 98.622 57.6878
      vertex 4.85272 98.1447 58.0227
      vertex 5.10322 98.622 57.0878
    endloop
  endfacet
  facet normal 0.0169336 0.997858 -0.0631928
    outer loop
      vertex 6.36458 82.75 54.1573
      vertex 5.64165 82.8206 55.0784
      vertex 6.69812 82.8206 55.3615
    endloop
  endfacet
  facet normal 0.016929 0.997858 -0.0631964
    outer loop
      vertex 5.64165 82.8206 55.0784
      vertex 6.36458 82.75 54.1573
      vertex 5.92035 82.75 54.0383
    endloop
  endfacet
  facet normal 0.0504825 0.980791 -0.188414
    outer loop
      vertex 6.69812 82.8206 55.3615
      vertex 5.36771 83.0311 56.1008
      vertex 7.02595 83.0311 56.5451
    endloop
  endfacet
  facet normal 0.0504868 0.980793 -0.188406
    outer loop
      vertex 5.36771 83.0311 56.1008
      vertex 6.69812 82.8206 55.3615
      vertex 5.64165 82.8206 55.0784
    endloop
  endfacet
  facet normal 0.194588 0.659372 -0.726198
    outer loop
      vertex 8.17148 85.1664 60.6809
      vertex 4.9704 85.9777 60.5598
      vertex 8.39188 85.9777 61.4766
    endloop
  endfacet
  facet normal 0.194586 0.659362 -0.726208
    outer loop
      vertex 4.9704 85.9777 60.5598
      vertex 8.17148 85.1664 60.6809
      vertex 4.75775 85.1664 59.7662
    endloop
  endfacet
  facet normal 0.23212 0.442314 -0.866302
    outer loop
      vertex 8.57758 86.875 62.147
      vertex 5.29223 87.8429 61.7609
      vertex 8.72542 87.8429 62.6808
    endloop
  endfacet
  facet normal 0.232118 0.442307 -0.866305
    outer loop
      vertex 5.29223 87.8429 61.7609
      vertex 8.57758 86.875 62.147
      vertex 5.14958 86.875 61.2285
    endloop
  endfacet
  facet normal -0.01692 -0.99786 0.0631627
    outer loop
      vertex 6.12257 99.1988 53.2836
      vertex 6.36458 99.25 54.1573
      vertex 5.92035 99.25 54.0383
    endloop
  endfacet
  facet normal 0.23212 -0.442314 -0.866302
    outer loop
      vertex 5.29223 94.1571 61.7609
      vertex 8.57758 95.125 62.147
      vertex 8.72542 94.1571 62.6808
    endloop
  endfacet
  facet normal 0.232118 -0.442307 -0.866305
    outer loop
      vertex 8.57758 95.125 62.147
      vertex 5.29223 94.1571 61.7609
      vertex 5.14958 95.125 61.2285
    endloop
  endfacet
  facet normal 0.143794 -0.831485 -0.536615
    outer loop
      vertex 4.62049 97.5452 58.8894
      vertex 7.64225 98.1447 58.7702
      vertex 7.92018 97.5452 59.7736
    endloop
  endfacet
  facet normal 0.143794 -0.831486 -0.536613
    outer loop
      vertex 7.64225 98.1447 58.7702
      vertex 4.62049 97.5452 58.8894
      vertex 4.85272 98.1447 58.0227
    endloop
  endfacet
  facet normal 0.17066 -0.751807 -0.636915
    outer loop
      vertex 4.75775 96.8336 59.7662
      vertex 7.92018 97.5452 59.7736
      vertex 8.17148 96.8336 60.6809
    endloop
  endfacet
  facet normal 0.170525 -0.751857 -0.636893
    outer loop
      vertex 4.62049 97.5452 58.8894
      vertex 4.75775 96.8336 59.7662
      vertex 4.57166 97.3797 59.0717
    endloop
  endfacet
  facet normal 0.170664 -0.751827 -0.636891
    outer loop
      vertex 4.75775 96.8336 59.7662
      vertex 4.62049 97.5452 58.8894
      vertex 7.92018 97.5452 59.7736
    endloop
  endfacet
  facet normal 0.253836 0.195049 -0.947377
    outer loop
      vertex 8.83286 88.8647 63.0687
      vertex 5.45881 89.9232 62.3826
      vertex 8.89807 89.9232 63.3041
    endloop
  endfacet
  facet normal 0.253839 0.195061 -0.947374
    outer loop
      vertex 5.45881 89.9232 62.3826
      vertex 8.83286 88.8647 63.0687
      vertex 5.39589 88.8647 62.1478
    endloop
  endfacet
  facet normal 0.258252 0.065382 -0.963863
    outer loop
      vertex 8.89807 89.9232 63.3041
      vertex 5.47991 91 62.4613
      vertex 8.91993 91 63.383
    endloop
  endfacet
  facet normal 0.258253 0.0653852 -0.963862
    outer loop
      vertex 5.47991 91 62.4613
      vertex 8.89807 89.9232 63.3041
      vertex 5.45881 89.9232 62.3826
    endloop
  endfacet
  facet normal -0.01692 0.99786 0.0631627
    outer loop
      vertex 6.36458 82.75 54.1573
      vertex 6.12257 82.8012 53.2836
      vertex 5.92035 82.75 54.0383
    endloop
  endfacet
  facet normal 0.0832006 -0.946921 -0.310512
    outer loop
      vertex 5.10322 98.622 57.0878
      vertex 7.02595 98.9689 56.5451
      vertex 7.34247 98.622 57.6878
    endloop
  endfacet
  facet normal 0.0831985 -0.94692 -0.310518
    outer loop
      vertex 7.02595 98.9689 56.5451
      vertex 5.10322 98.622 57.0878
      vertex 5.36771 98.9689 56.1008
    endloop
  endfacet
  facet normal 0.245074 0.321458 -0.91466
    outer loop
      vertex 8.72542 87.8429 62.6808
      vertex 5.39589 88.8647 62.1478
      vertex 8.83286 88.8647 63.0687
    endloop
  endfacet
  facet normal 0.245076 0.321468 -0.914656
    outer loop
      vertex 5.39589 88.8647 62.1478
      vertex 8.72542 87.8429 62.6808
      vertex 5.29223 87.8429 61.7609
    endloop
  endfacet
  facet normal 0.965925 -5.32037e-05 0.258821
    outer loop
      vertex 5.64165 99.1794 55.0784
      vertex 6.12257 99.1988 53.2836
      vertex 5.92035 99.25 54.0383
    endloop
  endfacet
  facet normal 0.965925 6.77174e-05 0.258822
    outer loop
      vertex 5.36771 98.9689 56.1008
      vertex 6.12257 99.1988 53.2836
      vertex 5.64165 99.1794 55.0784
    endloop
  endfacet
  facet normal 0.965928 -9.57825e-05 0.25881
    outer loop
      vertex 5.10322 98.622 57.0878
      vertex 6.12257 99.1988 53.2836
      vertex 5.36771 98.9689 56.1008
    endloop
  endfacet
  facet normal 0.965924 2.89173e-05 0.258827
    outer loop
      vertex 4.85272 98.1447 58.0227
      vertex 6.12257 99.1988 53.2836
      vertex 5.10322 98.622 57.0878
    endloop
  endfacet
  facet normal 0.965855 0.000412023 0.259083
    outer loop
      vertex 4.57166 97.3797 59.0717
      vertex 4.85272 98.1447 58.0227
      vertex 4.62049 97.5452 58.8894
    endloop
  endfacet
  facet normal 0.965923 3.8797e-05 0.258829
    outer loop
      vertex 4.85272 98.1447 58.0227
      vertex 4.57166 97.3797 59.0717
      vertex 6.12257 99.1988 53.2836
    endloop
  endfacet
  facet normal 0.965926 -0 0.258818
    outer loop
      vertex 4.57166 84.6203 59.0717
      vertex 6.12257 99.1988 53.2836
      vertex 4.57166 97.3797 59.0717
    endloop
  endfacet
  facet normal 0.965855 -0.000412023 0.259083
    outer loop
      vertex 4.85272 83.8553 58.0227
      vertex 4.57166 84.6203 59.0717
      vertex 4.62049 84.4548 58.8894
    endloop
  endfacet
  facet normal 0.965923 -3.8797e-05 0.258829
    outer loop
      vertex 4.57166 84.6203 59.0717
      vertex 4.85272 83.8553 58.0227
      vertex 6.12257 82.8012 53.2836
    endloop
  endfacet
  facet normal 0.965924 -2.89173e-05 0.258827
    outer loop
      vertex 6.12257 82.8012 53.2836
      vertex 4.85272 83.8553 58.0227
      vertex 5.10322 83.378 57.0878
    endloop
  endfacet
  facet normal 0.965928 9.57825e-05 0.25881
    outer loop
      vertex 6.12257 82.8012 53.2836
      vertex 5.10322 83.378 57.0878
      vertex 5.36771 83.0311 56.1008
    endloop
  endfacet
  facet normal 0.965925 -6.77174e-05 0.258822
    outer loop
      vertex 6.12257 82.8012 53.2836
      vertex 5.36771 83.0311 56.1008
      vertex 5.64165 82.8206 55.0784
    endloop
  endfacet
  facet normal 0.965926 0 0.258818
    outer loop
      vertex 4.57166 84.6203 59.0717
      vertex 6.12257 82.8012 53.2836
      vertex 6.12257 99.1988 53.2836
    endloop
  endfacet
  facet normal 0.965925 5.32037e-05 0.258821
    outer loop
      vertex 6.12257 82.8012 53.2836
      vertex 5.64165 82.8206 55.0784
      vertex 5.92035 82.75 54.0383
    endloop
  endfacet
  facet normal 0.114475 0.896882 -0.427198
    outer loop
      vertex 7.34247 83.378 57.6878
      vertex 4.85272 83.8553 58.0227
      vertex 7.64225 83.8553 58.7702
    endloop
  endfacet
  facet normal 0.114471 0.896874 -0.427215
    outer loop
      vertex 4.85272 83.8553 58.0227
      vertex 7.34247 83.378 57.6878
      vertex 5.10322 83.378 57.0878
    endloop
  endfacet
  facet normal 0.0504825 -0.980791 -0.188414
    outer loop
      vertex 5.36771 98.9689 56.1008
      vertex 6.69812 99.1794 55.3615
      vertex 7.02595 98.9689 56.5451
    endloop
  endfacet
  facet normal 0.0504868 -0.980793 -0.188406
    outer loop
      vertex 6.69812 99.1794 55.3615
      vertex 5.36771 98.9689 56.1008
      vertex 5.64165 99.1794 55.0784
    endloop
  endfacet
  facet normal 0.17066 0.751807 -0.636915
    outer loop
      vertex 7.92018 84.4548 59.7736
      vertex 4.75775 85.1664 59.7662
      vertex 8.17148 85.1664 60.6809
    endloop
  endfacet
  facet normal 0.170664 0.751827 -0.636891
    outer loop
      vertex 4.62049 84.4548 58.8894
      vertex 4.75775 85.1664 59.7662
      vertex 7.92018 84.4548 59.7736
    endloop
  endfacet
  facet normal 0.170525 0.751857 -0.636893
    outer loop
      vertex 4.75775 85.1664 59.7662
      vertex 4.62049 84.4548 58.8894
      vertex 4.57166 84.6203 59.0717
    endloop
  endfacet
  facet normal 0.143794 0.831485 -0.536615
    outer loop
      vertex 7.64225 83.8553 58.7702
      vertex 4.62049 84.4548 58.8894
      vertex 7.92018 84.4548 59.7736
    endloop
  endfacet
  facet normal 0.143794 0.831486 -0.536613
    outer loop
      vertex 4.62049 84.4548 58.8894
      vertex 7.64225 83.8553 58.7702
      vertex 4.85272 83.8553 58.0227
    endloop
  endfacet
  facet normal 0.2152 0.555532 -0.803164
    outer loop
      vertex 8.39188 85.9777 61.4766
      vertex 5.14958 86.875 61.2285
      vertex 8.57758 86.875 62.147
    endloop
  endfacet
  facet normal 0.215206 0.555558 -0.803145
    outer loop
      vertex 5.14958 86.875 61.2285
      vertex 8.39188 85.9777 61.4766
      vertex 4.9704 85.9777 60.5598
    endloop
  endfacet
  facet normal 0.258252 -0.065382 -0.963863
    outer loop
      vertex 5.47991 91 62.4613
      vertex 8.89807 92.0768 63.3041
      vertex 8.91993 91 63.383
    endloop
  endfacet
  facet normal 0.258253 -0.0653852 -0.963862
    outer loop
      vertex 8.89807 92.0768 63.3041
      vertex 5.47991 91 62.4613
      vertex 5.45881 92.0768 62.3826
    endloop
  endfacet
  facet normal 0 0 -1
    outer loop
      vertex 0 49.5 17
      vertex 3 132.5 17
      vertex 3 49.5 17
    endloop
  endfacet
  facet normal -0 0 -1
    outer loop
      vertex 3 132.5 17
      vertex 0 49.5 17
      vertex 0 132.5 17
    endloop
  endfacet
  facet normal -0 0 1
    outer loop
      vertex 0 132.5 15
      vertex 3 49.5 15
      vertex 3 132.5 15
    endloop
  endfacet
  facet normal 0 0 1
    outer loop
      vertex 3 49.5 15
      vertex 0 132.5 15
      vertex 0 49.5 15
    endloop
  endfacet
  facet normal 0 0 -1
    outer loop
      vertex 0 49.5 22
      vertex 3 132.5 22
      vertex 3 49.5 22
    endloop
  endfacet
  facet normal -0 0 -1
    outer loop
      vertex 3 132.5 22
      vertex 0 49.5 22
      vertex 0 132.5 22
    endloop
  endfacet
  facet normal -0 0 1
    outer loop
      vertex 0 132.5 20
      vertex 3 49.5 20
      vertex 3 132.5 20
    endloop
  endfacet
  facet normal 0 0 1
    outer loop
      vertex 3 49.5 20
      vertex 0 132.5 20
      vertex 0 49.5 20
    endloop
  endfacet
  facet normal 0 0 -1
    outer loop
      vertex 0 49.5 27
      vertex 3 132.5 27
      vertex 3 49.5 27
    endloop
  endfacet
  facet normal -0 0 -1
    outer loop
      vertex 3 132.5 27
      vertex 0 49.5 27
      vertex 0 132.5 27
    endloop
  endfacet
  facet normal 0 0 -1
    outer loop
      vertex 81 0 27
      vertex 127 1.1 27
      vertex 127 0 27
    endloop
  endfacet
  facet normal -0 0 -1
    outer loop
      vertex 127 1.1 27
      vertex 81 0 27
      vertex 81 1.1 27
    endloop
  endfacet
  facet normal 0 0 -1
    outer loop
      vertex 81 180.9 27
      vertex 127 182 27
      vertex 127 180.9 27
    endloop
  endfacet
  facet normal -0 0 -1
    outer loop
      vertex 127 182 27
      vertex 81 180.9 27
      vertex 81 182 27
    endloop
  endfacet
  facet normal 0 0 -1
    outer loop
      vertex 206.9 49.5 27
      vertex 208 132.5 27
      vertex 208 49.5 27
    endloop
  endfacet
  facet normal -0 0 -1
    outer loop
      vertex 208 132.5 27
      vertex 206.9 49.5 27
      vertex 206.9 132.5 27
    endloop
  endfacet
  facet normal -0 0 1
    outer loop
      vertex 0 132.5 25
      vertex 3 49.5 25
      vertex 3 132.5 25
    endloop
  endfacet
  facet normal 0 0 1
    outer loop
      vertex 3 49.5 25
      vertex 0 132.5 25
      vertex 0 49.5 25
    endloop
  endfacet
  facet normal 0 0 -1
    outer loop
      vertex 0 49.5 32
      vertex 3 132.5 32
      vertex 3 49.5 32
    endloop
  endfacet
  facet normal -0 0 -1
    outer loop
      vertex 3 132.5 32
      vertex 0 49.5 32
      vertex 0 132.5 32
    endloop
  endfacet
  facet normal -0 0 1
    outer loop
      vertex 0 132.5 30
      vertex 3 49.5 30
      vertex 3 132.5 30
    endloop
  endfacet
  facet normal 0 0 1
    outer loop
      vertex 3 49.5 30
      vertex 0 132.5 30
      vertex 0 49.5 30
    endloop
  endfacet
  facet normal -0 0 1
    outer loop
      vertex 81 1.1 26
      vertex 127 0 26
      vertex 127 1.1 26
    endloop
  endfacet
  facet normal 0 0 1
    outer loop
      vertex 127 0 26
      vertex 81 1.1 26
      vertex 81 0 26
    endloop
  endfacet
  facet normal -0 0 1
    outer loop
      vertex 81 182 26
      vertex 127 180.9 26
      vertex 127 182 26
    endloop
  endfacet
  facet normal 0 0 1
    outer loop
      vertex 127 180.9 26
      vertex 81 182 26
      vertex 81 180.9 26
    endloop
  endfacet
  facet normal -0 0 1
    outer loop
      vertex 206.9 132.5 26
      vertex 208 49.5 26
      vertex 208 132.5 26
    endloop
  endfacet
  facet normal 0 0 1
    outer loop
      vertex 208 49.5 26
      vertex 206.9 132.5 26
      vertex 206.9 49.5 26
    endloop
  endfacet
  facet normal 0 -1 0
    outer loop
      vertex 81 1.1 26
      vertex 127 1.1 27
      vertex 81 1.1 27
    endloop
  endfacet
  facet normal 0 -1 -0
    outer loop
      vertex 127 1.1 27
      vertex 81 1.1 26
      vertex 127 1.1 26
    endloop
  endfacet
  facet normal 0 1 -0
    outer loop
      vertex 127 180.9 26
      vertex 81 180.9 27
      vertex 127 180.9 27
    endloop
  endfacet
  facet normal 0 1 0
    outer loop
      vertex 81 180.9 27
      vertex 127 180.9 26
      vertex 81 180.9 26
    endloop
  endfacet
  facet normal 1 -0 0
    outer loop
      vertex 206.9 49.5 27
      vertex 206.9 132.5 26
      vertex 206.9 132.5 27
    endloop
  endfacet
  facet normal 1 0 0
    outer loop
      vertex 206.9 132.5 26
      vertex 206.9 49.5 27
      vertex 206.9 49.5 26
    endloop
  endfacet
  facet normal -0.965931 0 0.258798
    outer loop
      vertex 201.703 91.2105 65.5117
      vertex 201.703 94.6614 65.5117
      vertex 200.872 91 62.4101
    endloop
  endfacet
  facet normal 0.0169189 -0.997847 0.063362
    outer loop
      vertex 196.265 101.906 73.5461
      vertex 199.571 101.957 73.4665
      vertex 196.19 101.922 73.8181
    endloop
  endfacet
  facet normal 0.0169133 -0.997863 0.0631194
    outer loop
      vertex 199.571 101.957 73.4665
      vertex 196.265 101.906 73.5461
      vertex 199.804 101.906 72.5978
    endloop
  endfacet
  facet normal 0.0831006 -0.947037 0.310186
    outer loop
      vertex 197.124 101.163 70.4443
      vertex 200.226 101.625 71.0238
      vertex 196.702 101.625 71.9679
    endloop
  endfacet
  facet normal 0.0831055 -0.947043 0.310165
    outer loop
      vertex 200.226 101.625 71.0238
      vertex 197.124 101.163 70.4443
      vertex 200.633 101.163 69.5041
    endloop
  endfacet
  facet normal 0.258278 -0.0653388 0.963859
    outer loop
      vertex 199.204 92.1571 62.9355
      vertex 200.872 91 62.4101
      vertex 200.896 92.4358 62.501
    endloop
  endfacet
  facet normal 0.258317 -0.0652796 0.963852
    outer loop
      vertex 200.872 91 62.4101
      vertex 199.204 92.1571 62.9355
      vertex 199.228 91 62.8507
    endloop
  endfacet
  facet normal -0.965931 0 0.258798
    outer loop
      vertex 201.703 87.3386 65.5117
      vertex 201.703 90.7895 65.5117
      vertex 200.872 91 62.4101
    endloop
  endfacet
  facet normal -0.965855 0 0.259082
    outer loop
      vertex 201.703 83.584 65.5117
      vertex 201.703 83.7622 65.5117
      vertex 201.46 84.3036 64.6058
    endloop
  endfacet
  facet normal 0.215211 0.555596 0.803117
    outer loop
      vertex 198.771 85.5 64.4987
      vertex 201.46 84.3036 64.6058
      vertex 201.253 85.5 63.8336
    endloop
  endfacet
  facet normal 0.215168 0.555508 0.80319
    outer loop
      vertex 201.46 84.3036 64.6058
      vertex 198.771 85.5 64.4987
      vertex 198.523 84.3036 65.3926
    endloop
  endfacet
  facet normal 0.0169962 -0.997919 0.0622043
    outer loop
      vertex 196.19 101.922 73.8181
      vertex 199.372 102 74.2
      vertex 196.084 101.944 74.2
    endloop
  endfacet
  facet normal 0.0168898 -0.997866 0.0630801
    outer loop
      vertex 199.571 101.957 73.4665
      vertex 199.372 102 74.2
      vertex 196.19 101.922 73.8181
    endloop
  endfacet
  facet normal 0.0168161 -0.997868 0.0630603
    outer loop
      vertex 199.372 102 74.2
      vertex 199.571 101.957 73.4665
      vertex 199.375 102 74.1992
    endloop
  endfacet
  facet normal 0.232135 -0.442371 0.866269
    outer loop
      vertex 198.968 95.2095 63.787
      vertex 201.088 95.2095 63.2189
      vertex 198.918 95.5379 63.9681
    endloop
  endfacet
  facet normal -0.965855 0 0.259082
    outer loop
      vertex 201.46 97.6964 64.6058
      vertex 201.703 97.6608 65.5117
      vertex 201.703 98.2378 65.5117
    endloop
  endfacet
  facet normal -0.965856 -0.000107162 0.259079
    outer loop
      vertex 201.703 97.6608 65.5117
      vertex 201.46 97.6964 64.6058
      vertex 201.253 96.5 63.8336
    endloop
  endfacet
  facet normal 0 1 0
    outer loop
      vertex 199.375 80 74.2
      vertex 199.375 80 74.1992
      vertex 199.372 80 74.2
    endloop
  endfacet
  facet normal -0.96472 -0.00205536 0.263269
    outer loop
      vertex 201.253 96.5 63.8336
      vertex 201.088 95.2095 63.2189
      vertex 200.969 93.847 62.7722
    endloop
  endfacet
  facet normal 0.194756 -0.540362 0.818584
    outer loop
      vertex 201.699 98.7782 65.5238
      vertex 198.34 98.3709 66.0541
      vertex 201.7 98.7775 65.5231
    endloop
  endfacet
  facet normal 0.194597 -0.659564 0.726022
    outer loop
      vertex 198.34 98.3709 66.0541
      vertex 201.699 98.7782 65.5238
      vertex 198.23 98.7782 66.4536
    endloop
  endfacet
  facet normal -0.965931 0 0.258798
    outer loop
      vertex 201.703 90.7895 65.5117
      vertex 201.703 91.2105 65.5117
      vertex 200.872 91 62.4101
    endloop
  endfacet
  facet normal -0.966052 -5.59621e-05 0.258348
    outer loop
      vertex 200.969 88.153 62.7722
      vertex 201.253 85.5 63.8336
      vertex 200.872 91 62.4101
    endloop
  endfacet
  facet normal -0.966052 5.59621e-05 0.258348
    outer loop
      vertex 201.253 96.5 63.8336
      vertex 200.969 93.847 62.7722
      vertex 200.872 91 62.4101
    endloop
  endfacet
  facet normal 0.244981 -0.321297 0.914742
    outer loop
      vertex 201.088 95.2095 63.2189
      vertex 199.111 93.847 63.2698
      vertex 200.969 93.847 62.7722
    endloop
  endfacet
  facet normal 0.2451 -0.321473 0.914648
    outer loop
      vertex 199.111 93.847 63.2698
      vertex 201.088 95.2095 63.2189
      vertex 198.968 95.2095 63.787
    endloop
  endfacet
  facet normal 0.215211 -0.555596 0.803117
    outer loop
      vertex 201.46 97.6964 64.6058
      vertex 198.771 96.5 64.4987
      vertex 201.253 96.5 63.8336
    endloop
  endfacet
  facet normal 0.215168 -0.555508 0.80319
    outer loop
      vertex 198.771 96.5 64.4987
      vertex 201.46 97.6964 64.6058
      vertex 198.523 97.6964 65.3926
    endloop
  endfacet
  facet normal 0.114562 -0.896696 0.427566
    outer loop
      vertex 197.524 100.526 69.0012
      vertex 200.633 101.163 69.5041
      vertex 197.124 101.163 70.4443
    endloop
  endfacet
  facet normal 0.114559 -0.896691 0.427577
    outer loop
      vertex 200.633 101.163 69.5041
      vertex 197.524 100.526 69.0012
      vertex 201.019 100.526 68.0648
    endloop
  endfacet
  facet normal 0.170683 -0.751828 0.636884
    outer loop
      vertex 198.23 98.7782 66.4536
      vertex 201.376 99.7269 66.7304
      vertex 197.895 99.7269 67.6633
    endloop
  endfacet
  facet normal 0.170695 -0.751856 0.636848
    outer loop
      vertex 201.376 99.7269 66.7304
      vertex 198.23 98.7782 66.4536
      vertex 201.699 98.7782 65.5238
    endloop
  endfacet
  facet normal 0.0505804 -0.980687 0.188929
    outer loop
      vertex 196.702 101.625 71.9679
      vertex 200.079 101.723 71.5725
      vertex 196.354 101.849 73.2238
    endloop
  endfacet
  facet normal 0.0505556 -0.980731 0.188707
    outer loop
      vertex 200.079 101.723 71.5725
      vertex 196.702 101.625 71.9679
      vertex 200.226 101.625 71.0238
    endloop
  endfacet
  facet normal 0.050204 -0.981008 0.187358
    outer loop
      vertex 196.354 101.849 73.2238
      vertex 199.804 101.906 72.5978
      vertex 196.265 101.906 73.5461
    endloop
  endfacet
  facet normal 0.0504206 -0.980764 0.188574
    outer loop
      vertex 199.804 101.906 72.5978
      vertex 196.354 101.849 73.2238
      vertex 200.079 101.723 71.5725
    endloop
  endfacet
  facet normal 0.244981 0.321297 0.914742
    outer loop
      vertex 199.111 88.153 63.2698
      vertex 201.088 86.7905 63.2189
      vertex 200.969 88.153 62.7722
    endloop
  endfacet
  facet normal 0.2451 0.321473 0.914648
    outer loop
      vertex 201.088 86.7905 63.2189
      vertex 199.111 88.153 63.2698
      vertex 198.968 86.7905 63.787
    endloop
  endfacet
  facet normal -0.96472 0.00205536 0.263269
    outer loop
      vertex 201.088 86.7905 63.2189
      vertex 201.253 85.5 63.8336
      vertex 200.969 88.153 62.7722
    endloop
  endfacet
  facet normal 0.232135 0.442371 0.866269
    outer loop
      vertex 201.088 86.7905 63.2189
      vertex 198.968 86.7905 63.787
      vertex 198.918 86.4621 63.9681
    endloop
  endfacet
  facet normal 0.232151 0.44232 0.866291
    outer loop
      vertex 198.918 86.4621 63.9681
      vertex 201.253 85.5 63.8336
      vertex 201.088 86.7905 63.2189
    endloop
  endfacet
  facet normal 0.232143 0.442299 0.866303
    outer loop
      vertex 201.253 85.5 63.8336
      vertex 198.918 86.4621 63.9681
      vertex 198.771 85.5 64.4987
    endloop
  endfacet
  facet normal 0.2538 0.195189 0.947358
    outer loop
      vertex 199.198 89.5642 62.9559
      vertex 200.969 88.153 62.7722
      vertex 200.896 89.5642 62.501
    endloop
  endfacet
  facet normal 0.253727 0.195092 0.947397
    outer loop
      vertex 200.969 88.153 62.7722
      vertex 199.198 89.5642 62.9559
      vertex 199.111 88.153 63.2698
    endloop
  endfacet
  facet normal -0.965014 0.000468997 0.262197
    outer loop
      vertex 200.896 89.5642 62.501
      vertex 200.969 88.153 62.7722
      vertex 200.872 91 62.4101
    endloop
  endfacet
  facet normal -0.965855 0 0.259082
    outer loop
      vertex 201.703 83.3658 65.5117
      vertex 201.703 83.584 65.5117
      vertex 201.46 84.3036 64.6058
    endloop
  endfacet
  facet normal -0.965855 0 0.259082
    outer loop
      vertex 201.703 83.2342 65.5117
      vertex 201.703 83.3658 65.5117
      vertex 201.46 84.3036 64.6058
    endloop
  endfacet
  facet normal 0 -1 0
    outer loop
      vertex 199.375 102 74.1992
      vertex 199.375 102 74.2
      vertex 199.372 102 74.2
    endloop
  endfacet
  facet normal -0.965014 -0.000468997 0.262197
    outer loop
      vertex 200.969 93.847 62.7722
      vertex 200.896 92.4358 62.501
      vertex 200.872 91 62.4101
    endloop
  endfacet
  facet normal 0.2538 -0.195189 0.947358
    outer loop
      vertex 200.969 93.847 62.7722
      vertex 199.198 92.4358 62.9559
      vertex 200.896 92.4358 62.501
    endloop
  endfacet
  facet normal 0.253727 -0.195092 0.947397
    outer loop
      vertex 199.198 92.4358 62.9559
      vertex 200.969 93.847 62.7722
      vertex 199.111 93.847 63.2698
    endloop
  endfacet
  facet normal 0.191296 -0.659376 0.727069
    outer loop
      vertex 201.7 98.7775 65.5231
      vertex 201.46 97.6964 64.6058
      vertex 201.703 98.7658 65.5117
    endloop
  endfacet
  facet normal 0.194558 -0.65937 0.726208
    outer loop
      vertex 198.34 98.3709 66.0541
      vertex 201.46 97.6964 64.6058
      vertex 201.7 98.7775 65.5231
    endloop
  endfacet
  facet normal 0.194539 -0.659405 0.726182
    outer loop
      vertex 201.46 97.6964 64.6058
      vertex 198.34 98.3709 66.0541
      vertex 198.523 97.6964 65.3926
    endloop
  endfacet
  facet normal -0.965875 0 0.259009
    outer loop
      vertex 201.253 96.5 63.8336
      vertex 201.703 94.6614 65.5117
      vertex 201.703 97.6608 65.5117
    endloop
  endfacet
  facet normal -0.965902 -9.93803e-05 0.258908
    outer loop
      vertex 201.703 94.6614 65.5117
      vertex 201.253 96.5 63.8336
      vertex 200.872 91 62.4101
    endloop
  endfacet
  facet normal -0.965855 0 0.259082
    outer loop
      vertex 201.703 98.6342 65.5117
      vertex 201.703 98.7658 65.5117
      vertex 201.46 97.6964 64.6058
    endloop
  endfacet
  facet normal -0.965902 9.93803e-05 0.258908
    outer loop
      vertex 201.253 85.5 63.8336
      vertex 201.703 87.3386 65.5117
      vertex 200.872 91 62.4101
    endloop
  endfacet
  facet normal -0.965875 0 0.259009
    outer loop
      vertex 201.703 87.3386 65.5117
      vertex 201.253 85.5 63.8336
      vertex 201.703 84.3392 65.5117
    endloop
  endfacet
  facet normal -0.965856 0.000107162 0.259079
    outer loop
      vertex 201.46 84.3036 64.6058
      vertex 201.703 84.3392 65.5117
      vertex 201.253 85.5 63.8336
    endloop
  endfacet
  facet normal -0.965855 0 0.259082
    outer loop
      vertex 201.703 84.3392 65.5117
      vertex 201.46 84.3036 64.6058
      vertex 201.703 83.7622 65.5117
    endloop
  endfacet
  facet normal 0.258231 0.0649948 0.963895
    outer loop
      vertex 200.896 89.5642 62.501
      vertex 199.204 89.8429 62.9355
      vertex 199.198 89.5642 62.9559
    endloop
  endfacet
  facet normal 0.258317 0.0652796 0.963852
    outer loop
      vertex 199.204 89.8429 62.9355
      vertex 200.872 91 62.4101
      vertex 199.228 91 62.8507
    endloop
  endfacet
  facet normal 0.258278 0.0653388 0.963859
    outer loop
      vertex 200.872 91 62.4101
      vertex 199.204 89.8429 62.9355
      vertex 200.896 89.5642 62.501
    endloop
  endfacet
  facet normal 0.194756 0.540362 0.818584
    outer loop
      vertex 198.34 83.6291 66.0541
      vertex 201.699 83.2218 65.5238
      vertex 201.7 83.2225 65.5231
    endloop
  endfacet
  facet normal 0.194597 0.659564 0.726022
    outer loop
      vertex 201.699 83.2218 65.5238
      vertex 198.34 83.6291 66.0541
      vertex 198.23 83.2218 66.4536
    endloop
  endfacet
  facet normal 0.232151 -0.44232 0.866291
    outer loop
      vertex 201.253 96.5 63.8336
      vertex 198.918 95.5379 63.9681
      vertex 201.088 95.2095 63.2189
    endloop
  endfacet
  facet normal 0.232143 -0.442299 0.866303
    outer loop
      vertex 198.918 95.5379 63.9681
      vertex 201.253 96.5 63.8336
      vertex 198.771 96.5 64.4987
    endloop
  endfacet
  facet normal 0.258231 -0.0649948 0.963895
    outer loop
      vertex 199.204 92.1571 62.9355
      vertex 200.896 92.4358 62.501
      vertex 199.198 92.4358 62.9559
    endloop
  endfacet
  facet normal -0.965855 0 0.259082
    outer loop
      vertex 201.703 98.416 65.5117
      vertex 201.703 98.6342 65.5117
      vertex 201.46 97.6964 64.6058
    endloop
  endfacet
  facet normal -0.965855 0 0.259082
    outer loop
      vertex 201.703 98.2378 65.5117
      vertex 201.703 98.416 65.5117
      vertex 201.46 97.6964 64.6058
    endloop
  endfacet
  facet normal 0.14375 -0.831549 0.536529
    outer loop
      vertex 197.895 99.7269 67.6633
      vertex 201.019 100.526 68.0648
      vertex 197.524 100.526 69.0012
    endloop
  endfacet
  facet normal 0.14377 -0.831591 0.536458
    outer loop
      vertex 201.019 100.526 68.0648
      vertex 197.895 99.7269 67.6633
      vertex 201.376 99.7269 66.7304
    endloop
  endfacet
  facet normal 0.0169104 0.997871 0.0629942
    outer loop
      vertex 199.571 80.0431 73.4665
      vertex 196.265 80.0941 73.5461
      vertex 196.19 80.0782 73.8181
    endloop
  endfacet
  facet normal 0.0169133 0.997863 0.0631194
    outer loop
      vertex 196.265 80.0941 73.5461
      vertex 199.571 80.0431 73.4665
      vertex 199.804 80.0941 72.5978
    endloop
  endfacet
  facet normal 0.016855 0.997858 0.0632063
    outer loop
      vertex 199.571 80.0431 73.4665
      vertex 199.372 80 74.2
      vertex 199.375 80 74.1992
    endloop
  endfacet
  facet normal 0.0169344 0.997855 0.0632286
    outer loop
      vertex 199.372 80 74.2
      vertex 196.19 80.0782 73.8181
      vertex 196.084 80.0558 74.2
    endloop
  endfacet
  facet normal 0.0169345 0.997855 0.0632277
    outer loop
      vertex 199.372 80 74.2
      vertex 199.571 80.0431 73.4665
      vertex 196.19 80.0782 73.8181
    endloop
  endfacet
  facet normal 0.114475 0.896861 0.427242
    outer loop
      vertex 200.633 80.8373 69.5041
      vertex 197.524 81.4737 69.0012
      vertex 197.124 80.8373 70.4443
    endloop
  endfacet
  facet normal 0.114472 0.896856 0.427253
    outer loop
      vertex 197.524 81.4737 69.0012
      vertex 200.633 80.8373 69.5041
      vertex 201.019 81.4737 68.0648
    endloop
  endfacet
  facet normal 0.191296 0.659376 0.727069
    outer loop
      vertex 201.46 84.3036 64.6058
      vertex 201.7 83.2225 65.5231
      vertex 201.703 83.2342 65.5117
    endloop
  endfacet
  facet normal 0.194539 0.659405 0.726182
    outer loop
      vertex 198.34 83.6291 66.0541
      vertex 201.46 84.3036 64.6058
      vertex 198.523 84.3036 65.3926
    endloop
  endfacet
  facet normal 0.194558 0.65937 0.726208
    outer loop
      vertex 201.46 84.3036 64.6058
      vertex 198.34 83.6291 66.0541
      vertex 201.7 83.2225 65.5231
    endloop
  endfacet
  facet normal 0.0504582 0.980813 0.188307
    outer loop
      vertex 199.804 80.0941 72.5978
      vertex 196.354 80.1514 73.2238
      vertex 196.265 80.0941 73.5461
    endloop
  endfacet
  facet normal 0.0504926 0.980774 0.1885
    outer loop
      vertex 196.354 80.1514 73.2238
      vertex 199.804 80.0941 72.5978
      vertex 200.079 80.277 71.5725
    endloop
  endfacet
  facet normal 0.143787 0.831452 0.536668
    outer loop
      vertex 201.019 81.4737 68.0648
      vertex 197.895 82.2731 67.6633
      vertex 197.524 81.4737 69.0012
    endloop
  endfacet
  facet normal 0.143807 0.831494 0.536597
    outer loop
      vertex 197.895 82.2731 67.6633
      vertex 201.019 81.4737 68.0648
      vertex 201.376 82.2731 66.7304
    endloop
  endfacet
  facet normal 0.170683 0.751828 0.636884
    outer loop
      vertex 201.376 82.2731 66.7304
      vertex 198.23 83.2218 66.4536
      vertex 197.895 82.2731 67.6633
    endloop
  endfacet
  facet normal 0.170695 0.751856 0.636848
    outer loop
      vertex 198.23 83.2218 66.4536
      vertex 201.376 82.2731 66.7304
      vertex 201.699 83.2218 65.5238
    endloop
  endfacet
  facet normal 0.0504687 0.980786 0.188447
    outer loop
      vertex 200.079 80.277 71.5725
      vertex 196.702 80.3748 71.9679
      vertex 196.354 80.1514 73.2238
    endloop
  endfacet
  facet normal 0.0504564 0.980808 0.188336
    outer loop
      vertex 196.702 80.3748 71.9679
      vertex 200.079 80.277 71.5725
      vertex 200.226 80.3748 71.0238
    endloop
  endfacet
  facet normal 0.0831813 0.946931 0.310487
    outer loop
      vertex 200.226 80.3748 71.0238
      vertex 197.124 80.8373 70.4443
      vertex 196.702 80.3748 71.9679
    endloop
  endfacet
  facet normal 0.0831862 0.946938 0.310466
    outer loop
      vertex 197.124 80.8373 70.4443
      vertex 200.226 80.3748 71.0238
      vertex 200.633 80.8373 69.5041
    endloop
  endfacet
  facet normal 0 -0.940581 0.339569
    outer loop
      vertex 81 3.6 50
      vertex 26.628 12.3367 74.2
      vertex 20.1436 3.6 50
    endloop
  endfacet
  facet normal 0 -0.940581 0.339569
    outer loop
      vertex 26.628 12.3367 74.2
      vertex 81 3.6 50
      vertex 181.372 12.3367 74.2
    endloop
  endfacet
  facet normal 0 -0.940581 0.339569
    outer loop
      vertex 127 3.6 50
      vertex 181.372 12.3367 74.2
      vertex 81 3.6 50
    endloop
  endfacet
  facet normal 0 -0.940581 0.339569
    outer loop
      vertex 181.372 12.3367 74.2
      vertex 127 3.6 50
      vertex 187.856 3.6 50
    endloop
  endfacet
  facet normal -1 0 0
    outer loop
      vertex 187.856 3.6 50
      vertex 187.856 2.59936 50.01
      vertex 187.856 3.6 50.01
    endloop
  endfacet
  facet normal -1 0 -0
    outer loop
      vertex 187.856 2.59936 50.01
      vertex 187.856 3.6 50
      vertex 187.856 2.59611 50
    endloop
  endfacet
  facet normal -0.803013 -0.595961 -0
    outer loop
      vertex 187.856 3.6 50.01
      vertex 181.372 12.3367 74.2
      vertex 187.856 3.6 50
    endloop
  endfacet
  facet normal -0.767976 -0.63998 0.0252896
    outer loop
      vertex 181.372 12.3367 74.2
      vertex 187.856 3.6 50.01
      vertex 181.375 12.3331 74.2
    endloop
  endfacet
  facet normal -0.965933 0 -0.258793
    outer loop
      vertex 187.856 3.6 50.01
      vertex 181.375 10.4592 74.2
      vertex 181.375 12.3331 74.2
    endloop
  endfacet
  facet normal -0.965933 0 -0.258793
    outer loop
      vertex 181.375 10.4592 74.2
      vertex 187.856 3.6 50.01
      vertex 187.856 2.59936 50.01
    endloop
  endfacet
  facet normal 1 -0 0
    outer loop
      vertex 20.1436 2.59936 50.01
      vertex 20.1436 3.6 50
      vertex 20.1436 3.6 50.01
    endloop
  endfacet
  facet normal 1 0 0
    outer loop
      vertex 20.1436 3.6 50
      vertex 20.1436 2.59936 50.01
      vertex 20.1436 2.59611 50
    endloop
  endfacet
  facet normal 0.799998 -0.599998 0.00225299
    outer loop
      vertex 20.1436 3.6 50.01
      vertex 26.628 12.3367 74.2
      vertex 26.6253 12.3331 74.2
    endloop
  endfacet
  facet normal 0.802995 -0.595985 0
    outer loop
      vertex 26.628 12.3367 74.2
      vertex 20.1436 3.6 50.01
      vertex 20.1436 3.6 50
    endloop
  endfacet
  facet normal 0.965926 0 -0.258819
    outer loop
      vertex 26.6253 10.4592 74.2
      vertex 20.1436 3.6 50.01
      vertex 26.6253 12.3331 74.2
    endloop
  endfacet
  facet normal 0.965926 0 -0.258819
    outer loop
      vertex 20.1436 3.6 50.01
      vertex 26.6253 10.4592 74.2
      vertex 20.1436 2.59936 50.01
    endloop
  endfacet
  facet normal 0.828681 0.55936 -0.0201064
    outer loop
      vertex 26.628 169.663 74.2
      vertex 20.1436 178.4 50.01
      vertex 26.6253 169.667 74.2
    endloop
  endfacet
  facet normal 0.803005 0.595972 0
    outer loop
      vertex 20.1436 178.4 50.01
      vertex 26.628 169.663 74.2
      vertex 20.1436 178.4 50
    endloop
  endfacet
  facet normal -0.965933 0 -0.258793
    outer loop
      vertex 187.856 178.4 50.01
      vertex 181.375 171.541 74.2
      vertex 187.856 179.401 50.01
    endloop
  endfacet
  facet normal -0.965933 -0 -0.258793
    outer loop
      vertex 181.375 171.541 74.2
      vertex 187.856 178.4 50.01
      vertex 181.375 169.667 74.2
    endloop
  endfacet
  facet normal -1 0 0
    outer loop
      vertex 187.856 178.4 50
      vertex 187.856 179.401 50.01
      vertex 187.856 179.404 50
    endloop
  endfacet
  facet normal -1 -0 0
    outer loop
      vertex 187.856 179.401 50.01
      vertex 187.856 178.4 50
      vertex 187.856 178.4 50.01
    endloop
  endfacet
  facet normal -0.803023 0.595948 0
    outer loop
      vertex 181.372 169.663 74.2
      vertex 187.856 178.4 50.01
      vertex 187.856 178.4 50
    endloop
  endfacet
  facet normal -0.799998 0.599998 0.00227366
    outer loop
      vertex 187.856 178.4 50.01
      vertex 181.372 169.663 74.2
      vertex 181.375 169.667 74.2
    endloop
  endfacet
  facet normal 1 0 0
    outer loop
      vertex 20.1436 178.4 50
      vertex 20.1436 179.401 50.01
      vertex 20.1436 178.4 50.01
    endloop
  endfacet
  facet normal 1 0 0
    outer loop
      vertex 20.1436 179.401 50.01
      vertex 20.1436 178.4 50
      vertex 20.1436 179.404 50
    endloop
  endfacet
  facet normal 0 0.940657 0.339358
    outer loop
      vertex 181.372 169.663 74.2
      vertex 160.614 169.759 73.9339
      vertex 160.614 169.663 74.2
    endloop
  endfacet
  facet normal 0 0.940582 0.339566
    outer loop
      vertex 182.084 173.483 63.6186
      vertex 153.614 169.759 73.9339
      vertex 160.614 169.759 73.9339
    endloop
  endfacet
  facet normal 0 0.940582 0.339566
    outer loop
      vertex 153.614 169.759 73.9339
      vertex 182.084 173.483 63.6186
      vertex 145.614 169.759 73.9339
    endloop
  endfacet
  facet normal 0 0.940582 0.339566
    outer loop
      vertex 145.614 169.759 73.9339
      vertex 182.084 173.483 63.6186
      vertex 138.614 169.759 73.9339
    endloop
  endfacet
  facet normal 0 0.940582 0.339566
    outer loop
      vertex 138.614 169.759 73.9339
      vertex 182.084 173.483 63.6186
      vertex 130.614 169.759 73.9339
    endloop
  endfacet
  facet normal 0 0.940582 0.339566
    outer loop
      vertex 130.614 169.759 73.9339
      vertex 182.084 173.483 63.6186
      vertex 123.614 169.759 73.9339
    endloop
  endfacet
  facet normal 0 0.940582 0.339566
    outer loop
      vertex 123.614 169.759 73.9339
      vertex 182.084 173.483 63.6186
      vertex 115.614 169.759 73.9339
    endloop
  endfacet
  facet normal 0 0.940582 0.339566
    outer loop
      vertex 115.614 169.759 73.9339
      vertex 182.084 173.483 63.6186
      vertex 108.614 169.759 73.9339
    endloop
  endfacet
  facet normal 0 0.940582 0.339566
    outer loop
      vertex 108.614 169.759 73.9339
      vertex 182.084 173.483 63.6186
      vertex 100.614 169.759 73.9339
    endloop
  endfacet
  facet normal -0 0.940582 0.339566
    outer loop
      vertex 25.9163 173.483 63.6186
      vertex 100.614 169.759 73.9339
      vertex 182.084 173.483 63.6186
    endloop
  endfacet
  facet normal 0 0.940582 0.339566
    outer loop
      vertex 100.614 169.759 73.9339
      vertex 25.9163 173.483 63.6186
      vertex 93.614 169.759 73.9339
    endloop
  endfacet
  facet normal 0 0.940582 0.339566
    outer loop
      vertex 93.614 169.759 73.9339
      vertex 25.9163 173.483 63.6186
      vertex 85.614 169.759 73.9339
    endloop
  endfacet
  facet normal 0 0.940582 0.339566
    outer loop
      vertex 85.614 169.759 73.9339
      vertex 25.9163 173.483 63.6186
      vertex 78.614 169.759 73.9339
    endloop
  endfacet
  facet normal 0 0.940582 0.339566
    outer loop
      vertex 78.614 169.759 73.9339
      vertex 25.9163 173.483 63.6186
      vertex 70.614 169.759 73.9339
    endloop
  endfacet
  facet normal 0 0.940582 0.339566
    outer loop
      vertex 70.614 169.759 73.9339
      vertex 25.9163 173.483 63.6186
      vertex 63.614 169.759 73.9339
    endloop
  endfacet
  facet normal 0 0.940582 0.339566
    outer loop
      vertex 63.614 169.759 73.9339
      vertex 25.9163 173.483 63.6186
      vertex 55.614 169.759 73.9339
    endloop
  endfacet
  facet normal 0 0.940582 0.339566
    outer loop
      vertex 48.614 169.759 73.9339
      vertex 25.9163 173.483 63.6186
      vertex 40.614 169.759 73.9339
    endloop
  endfacet
  facet normal 0 0.940582 0.339566
    outer loop
      vertex 55.614 169.759 73.9339
      vertex 25.9163 173.483 63.6186
      vertex 48.614 169.759 73.9339
    endloop
  endfacet
  facet normal -2.94192e-06 0.940584 0.339561
    outer loop
      vertex 181.372 169.663 74.2
      vertex 182.084 173.483 63.6186
      vertex 160.614 169.759 73.9339
    endloop
  endfacet
  facet normal 0 0.940602 0.339512
    outer loop
      vertex 182.084 173.823 62.6775
      vertex 156.423 175.346 58.4581
      vertex 156.423 173.823 62.6775
    endloop
  endfacet
  facet normal 0 0.940565 0.339614
    outer loop
      vertex 127 178.4 50
      vertex 149.423 175.346 58.4581
      vertex 156.423 175.346 58.4581
    endloop
  endfacet
  facet normal 0 0.940565 0.339614
    outer loop
      vertex 149.423 175.346 58.4581
      vertex 127 178.4 50
      vertex 141.423 175.346 58.4581
    endloop
  endfacet
  facet normal 0 0.940565 0.339614
    outer loop
      vertex 141.423 175.346 58.4581
      vertex 127 178.4 50
      vertex 134.423 175.346 58.4581
    endloop
  endfacet
  facet normal 0 0.940565 0.339614
    outer loop
      vertex 134.423 175.346 58.4581
      vertex 127 178.4 50
      vertex 126.423 175.346 58.4581
    endloop
  endfacet
  facet normal 0 0.940565 0.339614
    outer loop
      vertex 126.423 175.346 58.4581
      vertex 127 178.4 50
      vertex 119.423 175.346 58.4581
    endloop
  endfacet
  facet normal 0 0.940565 0.339614
    outer loop
      vertex 119.423 175.346 58.4581
      vertex 127 178.4 50
      vertex 111.423 175.346 58.4581
    endloop
  endfacet
  facet normal 0 0.940565 0.339614
    outer loop
      vertex 111.423 175.346 58.4581
      vertex 127 178.4 50
      vertex 104.423 175.346 58.4581
    endloop
  endfacet
  facet normal -0 0.940565 0.339614
    outer loop
      vertex 81 178.4 50
      vertex 104.423 175.346 58.4581
      vertex 127 178.4 50
    endloop
  endfacet
  facet normal 0 0.940565 0.339614
    outer loop
      vertex 104.423 175.346 58.4581
      vertex 81 178.4 50
      vertex 96.4233 175.346 58.4581
    endloop
  endfacet
  facet normal 0 0.940565 0.339614
    outer loop
      vertex 96.4233 175.346 58.4581
      vertex 81 178.4 50
      vertex 89.4233 175.346 58.4581
    endloop
  endfacet
  facet normal 0 0.940565 0.339614
    outer loop
      vertex 89.4233 175.346 58.4581
      vertex 81 178.4 50
      vertex 81.4233 175.346 58.4581
    endloop
  endfacet
  facet normal 0 0.940565 0.339614
    outer loop
      vertex 81.4233 175.346 58.4581
      vertex 81 178.4 50
      vertex 74.4233 175.346 58.4581
    endloop
  endfacet
  facet normal 0 0.940565 0.339614
    outer loop
      vertex 74.4233 175.346 58.4581
      vertex 81 178.4 50
      vertex 66.4233 175.346 58.4581
    endloop
  endfacet
  facet normal 0 0.940565 0.339614
    outer loop
      vertex 59.4233 175.346 58.4581
      vertex 81 178.4 50
      vertex 51.4233 175.346 58.4581
    endloop
  endfacet
  facet normal -0 0.940565 0.339614
    outer loop
      vertex 20.1436 178.4 50
      vertex 51.4233 175.346 58.4581
      vertex 81 178.4 50
    endloop
  endfacet
  facet normal 0 0.940565 0.339614
    outer loop
      vertex 51.4233 175.346 58.4581
      vertex 20.1436 178.4 50
      vertex 44.4233 175.346 58.4581
    endloop
  endfacet
  facet normal -0 0.940565 0.339614
    outer loop
      vertex 127 178.4 50
      vertex 156.423 175.346 58.4581
      vertex 187.856 178.4 50
    endloop
  endfacet
  facet normal -1.17314e-05 0.940579 0.339575
    outer loop
      vertex 182.084 173.823 62.6775
      vertex 187.856 178.4 50
      vertex 156.423 175.346 58.4581
    endloop
  endfacet
  facet normal 0.000508219 0.940503 0.339784
    outer loop
      vertex 182.084 173.483 63.6186
      vertex 187.856 178.4 50
      vertex 182.084 173.823 62.6775
    endloop
  endfacet
  facet normal -0.000104198 0.940586 0.339555
    outer loop
      vertex 187.856 178.4 50
      vertex 182.084 173.483 63.6186
      vertex 181.372 169.663 74.2
    endloop
  endfacet
  facet normal 0 0.940657 0.339358
    outer loop
      vertex 153.614 169.759 73.9339
      vertex 145.614 169.663 74.2
      vertex 153.614 169.663 74.2
    endloop
  endfacet
  facet normal 0 0.940657 0.339358
    outer loop
      vertex 145.614 169.663 74.2
      vertex 153.614 169.759 73.9339
      vertex 145.614 169.759 73.9339
    endloop
  endfacet
  facet normal 0 0.940657 0.339358
    outer loop
      vertex 138.614 169.759 73.9339
      vertex 130.614 169.663 74.2
      vertex 138.614 169.663 74.2
    endloop
  endfacet
  facet normal 0 0.940657 0.339358
    outer loop
      vertex 130.614 169.663 74.2
      vertex 138.614 169.759 73.9339
      vertex 130.614 169.759 73.9339
    endloop
  endfacet
  facet normal 0 0.940657 0.339358
    outer loop
      vertex 123.614 169.759 73.9339
      vertex 115.614 169.663 74.2
      vertex 123.614 169.663 74.2
    endloop
  endfacet
  facet normal 0 0.940657 0.339358
    outer loop
      vertex 115.614 169.663 74.2
      vertex 123.614 169.759 73.9339
      vertex 115.614 169.759 73.9339
    endloop
  endfacet
  facet normal 0 0.940657 0.339358
    outer loop
      vertex 108.614 169.759 73.9339
      vertex 100.614 169.663 74.2
      vertex 108.614 169.663 74.2
    endloop
  endfacet
  facet normal 0 0.940657 0.339358
    outer loop
      vertex 100.614 169.663 74.2
      vertex 108.614 169.759 73.9339
      vertex 100.614 169.759 73.9339
    endloop
  endfacet
  facet normal 0 0.940657 0.339358
    outer loop
      vertex 93.614 169.759 73.9339
      vertex 85.614 169.663 74.2
      vertex 93.614 169.663 74.2
    endloop
  endfacet
  facet normal 0 0.940657 0.339358
    outer loop
      vertex 85.614 169.663 74.2
      vertex 93.614 169.759 73.9339
      vertex 85.614 169.759 73.9339
    endloop
  endfacet
  facet normal 0 0.940657 0.339358
    outer loop
      vertex 78.614 169.759 73.9339
      vertex 70.614 169.663 74.2
      vertex 78.614 169.663 74.2
    endloop
  endfacet
  facet normal 0 0.940657 0.339358
    outer loop
      vertex 70.614 169.663 74.2
      vertex 78.614 169.759 73.9339
      vertex 70.614 169.759 73.9339
    endloop
  endfacet
  facet normal 0 0.940657 0.339358
    outer loop
      vertex 63.614 169.759 73.9339
      vertex 55.614 169.663 74.2
      vertex 63.614 169.663 74.2
    endloop
  endfacet
  facet normal 0 0.940657 0.339358
    outer loop
      vertex 55.614 169.663 74.2
      vertex 63.614 169.759 73.9339
      vertex 55.614 169.759 73.9339
    endloop
  endfacet
  facet normal 0 0.940657 0.339358
    outer loop
      vertex 48.614 169.759 73.9339
      vertex 40.614 169.663 74.2
      vertex 48.614 169.663 74.2
    endloop
  endfacet
  facet normal 0 0.940657 0.339358
    outer loop
      vertex 40.614 169.663 74.2
      vertex 48.614 169.759 73.9339
      vertex 40.614 169.759 73.9339
    endloop
  endfacet
  facet normal 0 0.940657 0.339358
    outer loop
      vertex 33.614 169.759 73.9339
      vertex 26.628 169.663 74.2
      vertex 33.614 169.663 74.2
    endloop
  endfacet
  facet normal 0 0.940582 0.339566
    outer loop
      vertex 40.614 169.759 73.9339
      vertex 25.9163 173.483 63.6186
      vertex 33.614 169.759 73.9339
    endloop
  endfacet
  facet normal 8.72671e-06 0.940584 0.339561
    outer loop
      vertex 33.614 169.759 73.9339
      vertex 25.9163 173.483 63.6186
      vertex 26.628 169.663 74.2
    endloop
  endfacet
  facet normal 0 0.940565 0.339614
    outer loop
      vertex 66.4233 175.346 58.4581
      vertex 81 178.4 50
      vertex 59.4233 175.346 58.4581
    endloop
  endfacet
  facet normal 0 0.940565 0.339614
    outer loop
      vertex 44.4233 175.346 58.4581
      vertex 20.1436 178.4 50
      vertex 36.4233 175.346 58.4581
    endloop
  endfacet
  facet normal 0.000104175 0.940586 0.339555
    outer loop
      vertex 25.9163 173.483 63.6186
      vertex 20.1436 178.4 50
      vertex 26.628 169.663 74.2
    endloop
  endfacet
  facet normal -0.000508157 0.940503 0.339784
    outer loop
      vertex 25.9163 173.823 62.6775
      vertex 20.1436 178.4 50
      vertex 25.9163 173.483 63.6186
    endloop
  endfacet
  facet normal 5.96097e-05 0.940586 0.339556
    outer loop
      vertex 29.4233 175.346 58.4581
      vertex 20.1436 178.4 50
      vertex 25.9163 173.823 62.6775
    endloop
  endfacet
  facet normal 0 0.940565 0.339614
    outer loop
      vertex 36.4233 175.346 58.4581
      vertex 20.1436 178.4 50
      vertex 29.4233 175.346 58.4581
    endloop
  endfacet
  facet normal 0 0.940602 0.339512
    outer loop
      vertex 29.4233 173.823 62.6775
      vertex 29.4233 175.346 58.4581
      vertex 25.9163 173.823 62.6775
    endloop
  endfacet
  facet normal 0 0.940602 0.339512
    outer loop
      vertex 149.423 175.346 58.4581
      vertex 141.423 173.823 62.6775
      vertex 149.423 173.823 62.6775
    endloop
  endfacet
  facet normal 0 0.940602 0.339512
    outer loop
      vertex 141.423 173.823 62.6775
      vertex 149.423 175.346 58.4581
      vertex 141.423 175.346 58.4581
    endloop
  endfacet
  facet normal 0 0.940602 0.339512
    outer loop
      vertex 134.423 175.346 58.4581
      vertex 126.423 173.823 62.6775
      vertex 134.423 173.823 62.6775
    endloop
  endfacet
  facet normal 0 0.940602 0.339512
    outer loop
      vertex 126.423 173.823 62.6775
      vertex 134.423 175.346 58.4581
      vertex 126.423 175.346 58.4581
    endloop
  endfacet
  facet normal 0 0.940602 0.339512
    outer loop
      vertex 119.423 175.346 58.4581
      vertex 111.423 173.823 62.6775
      vertex 119.423 173.823 62.6775
    endloop
  endfacet
  facet normal 0 0.940602 0.339512
    outer loop
      vertex 111.423 173.823 62.6775
      vertex 119.423 175.346 58.4581
      vertex 111.423 175.346 58.4581
    endloop
  endfacet
  facet normal 0 0.940602 0.339512
    outer loop
      vertex 104.423 175.346 58.4581
      vertex 96.4233 173.823 62.6775
      vertex 104.423 173.823 62.6775
    endloop
  endfacet
  facet normal 0 0.940602 0.339512
    outer loop
      vertex 96.4233 173.823 62.6775
      vertex 104.423 175.346 58.4581
      vertex 96.4233 175.346 58.4581
    endloop
  endfacet
  facet normal 0 0.940602 0.339512
    outer loop
      vertex 89.4233 175.346 58.4581
      vertex 81.4233 173.823 62.6775
      vertex 89.4233 173.823 62.6775
    endloop
  endfacet
  facet normal 0 0.940602 0.339512
    outer loop
      vertex 81.4233 173.823 62.6775
      vertex 89.4233 175.346 58.4581
      vertex 81.4233 175.346 58.4581
    endloop
  endfacet
  facet normal 0 0.940602 0.339512
    outer loop
      vertex 74.4233 175.346 58.4581
      vertex 66.4233 173.823 62.6775
      vertex 74.4233 173.823 62.6775
    endloop
  endfacet
  facet normal 0 0.940602 0.339512
    outer loop
      vertex 66.4233 173.823 62.6775
      vertex 74.4233 175.346 58.4581
      vertex 66.4233 175.346 58.4581
    endloop
  endfacet
  facet normal 0 0.940602 0.339512
    outer loop
      vertex 59.4233 175.346 58.4581
      vertex 51.4233 173.823 62.6775
      vertex 59.4233 173.823 62.6775
    endloop
  endfacet
  facet normal 0 0.940602 0.339512
    outer loop
      vertex 51.4233 173.823 62.6775
      vertex 59.4233 175.346 58.4581
      vertex 51.4233 175.346 58.4581
    endloop
  endfacet
  facet normal 0 0.940602 0.339512
    outer loop
      vertex 44.4233 175.346 58.4581
      vertex 36.4233 173.823 62.6775
      vertex 44.4233 173.823 62.6775
    endloop
  endfacet
  facet normal 0 0.940602 0.339512
    outer loop
      vertex 36.4233 173.823 62.6775
      vertex 44.4233 175.346 58.4581
      vertex 36.4233 175.346 58.4581
    endloop
  endfacet
  facet normal 0.965926 0 -0.258819
    outer loop
      vertex 26.6253 171.541 74.2
      vertex 20.1436 178.4 50.01
      vertex 20.1436 179.401 50.01
    endloop
  endfacet
  facet normal 0.965926 0 -0.258819
    outer loop
      vertex 20.1436 178.4 50.01
      vertex 26.6253 171.541 74.2
      vertex 26.6253 169.667 74.2
    endloop
  endfacet
  facet normal -1 0 0
    outer loop
      vertex 29.4233 6.42954 61.313
      vertex 29.4233 6.59092 62.2948
      vertex 29.4233 6.7335 62.2484
    endloop
  endfacet
  facet normal -1 0 0
    outer loop
      vertex 29.4233 6.59092 62.2948
      vertex 29.4233 6.42954 61.313
      vertex 29.4233 6.28696 61.3593
    endloop
  endfacet
  facet normal -1 0 0
    outer loop
      vertex 29.4233 7.04252 63.1995
      vertex 29.4233 7.67754 65.639
      vertex 29.4233 7.82012 65.5927
    endloop
  endfacet
  facet normal -1 0 0
    outer loop
      vertex 29.4233 7.67754 65.639
      vertex 29.4233 7.04252 63.1995
      vertex 29.4233 6.89994 63.2458
    endloop
  endfacet
  facet normal 1 0 0
    outer loop
      vertex 36.4233 7.67754 65.639
      vertex 36.4233 7.04252 63.1995
      vertex 36.4233 7.82012 65.5927
    endloop
  endfacet
  facet normal 1 0 -0
    outer loop
      vertex 36.4233 7.04252 63.1995
      vertex 36.4233 7.67754 65.639
      vertex 36.4233 6.89994 63.2458
    endloop
  endfacet
  facet normal 1 0 0
    outer loop
      vertex 36.4233 6.59092 62.2948
      vertex 36.4233 6.42954 61.313
      vertex 36.4233 6.7335 62.2484
    endloop
  endfacet
  facet normal 1 0 -0
    outer loop
      vertex 36.4233 6.42954 61.313
      vertex 36.4233 6.59092 62.2948
      vertex 36.4233 6.28696 61.3593
    endloop
  endfacet
  facet normal 0 0.951056 -0.309018
    outer loop
      vertex 36.4233 7.04252 63.1995
      vertex 29.4233 7.82012 65.5927
      vertex 36.4233 7.82012 65.5927
    endloop
  endfacet
  facet normal 0 0.951056 -0.309018
    outer loop
      vertex 29.4233 7.82012 65.5927
      vertex 36.4233 7.04252 63.1995
      vertex 29.4233 7.04252 63.1995
    endloop
  endfacet
  facet normal 0 0.951048 -0.309045
    outer loop
      vertex 36.4233 6.42954 61.313
      vertex 29.4233 6.7335 62.2484
      vertex 36.4233 6.7335 62.2484
    endloop
  endfacet
  facet normal 0 0.951048 -0.309045
    outer loop
      vertex 29.4233 6.7335 62.2484
      vertex 36.4233 6.42954 61.313
      vertex 29.4233 6.42954 61.313
    endloop
  endfacet
  facet normal -0 0.308854 0.95111
    outer loop
      vertex 29.4233 7.82012 65.5927
      vertex 36.4233 7.67754 65.639
      vertex 36.4233 7.82012 65.5927
    endloop
  endfacet
  facet normal 0 0.308854 0.95111
    outer loop
      vertex 36.4233 7.67754 65.639
      vertex 29.4233 7.82012 65.5927
      vertex 29.4233 7.67754 65.639
    endloop
  endfacet
  facet normal 0 -0.308854 -0.95111
    outer loop
      vertex 29.4233 6.28696 61.3593
      vertex 36.4233 6.42954 61.313
      vertex 36.4233 6.28696 61.3593
    endloop
  endfacet
  facet normal -0 -0.308854 -0.95111
    outer loop
      vertex 36.4233 6.42954 61.313
      vertex 29.4233 6.28696 61.3593
      vertex 29.4233 6.42954 61.313
    endloop
  endfacet
  facet normal -1 0 0
    outer loop
      vertex 44.4233 6.42954 61.313
      vertex 44.4233 6.59092 62.2948
      vertex 44.4233 6.7335 62.2484
    endloop
  endfacet
  facet normal -1 0 0
    outer loop
      vertex 44.4233 6.59092 62.2948
      vertex 44.4233 6.42954 61.313
      vertex 44.4233 6.28696 61.3593
    endloop
  endfacet
  facet normal -1 0 0
    outer loop
      vertex 44.4233 7.04252 63.1995
      vertex 44.4233 7.67754 65.639
      vertex 44.4233 7.82012 65.5927
    endloop
  endfacet
  facet normal -1 0 0
    outer loop
      vertex 44.4233 7.67754 65.639
      vertex 44.4233 7.04252 63.1995
      vertex 44.4233 6.89994 63.2458
    endloop
  endfacet
  facet normal 1 0 0
    outer loop
      vertex 51.4233 7.67754 65.639
      vertex 51.4233 7.04252 63.1995
      vertex 51.4233 7.82012 65.5927
    endloop
  endfacet
  facet normal 1 0 -0
    outer loop
      vertex 51.4233 7.04252 63.1995
      vertex 51.4233 7.67754 65.639
      vertex 51.4233 6.89994 63.2458
    endloop
  endfacet
  facet normal 1 0 0
    outer loop
      vertex 51.4233 6.59092 62.2948
      vertex 51.4233 6.42954 61.313
      vertex 51.4233 6.7335 62.2484
    endloop
  endfacet
  facet normal 1 0 -0
    outer loop
      vertex 51.4233 6.42954 61.313
      vertex 51.4233 6.59092 62.2948
      vertex 51.4233 6.28696 61.3593
    endloop
  endfacet
  facet normal 0 0.951056 -0.309018
    outer loop
      vertex 51.4233 7.04252 63.1995
      vertex 44.4233 7.82012 65.5927
      vertex 51.4233 7.82012 65.5927
    endloop
  endfacet
  facet normal 0 0.951056 -0.309018
    outer loop
      vertex 44.4233 7.82012 65.5927
      vertex 51.4233 7.04252 63.1995
      vertex 44.4233 7.04252 63.1995
    endloop
  endfacet
  facet normal 0 0.951048 -0.309045
    outer loop
      vertex 51.4233 6.42954 61.313
      vertex 44.4233 6.7335 62.2484
      vertex 51.4233 6.7335 62.2484
    endloop
  endfacet
  facet normal 0 0.951048 -0.309045
    outer loop
      vertex 44.4233 6.7335 62.2484
      vertex 51.4233 6.42954 61.313
      vertex 44.4233 6.42954 61.313
    endloop
  endfacet
  facet normal -0 0.308854 0.95111
    outer loop
      vertex 44.4233 7.82012 65.5927
      vertex 51.4233 7.67754 65.639
      vertex 51.4233 7.82012 65.5927
    endloop
  endfacet
  facet normal 0 0.308854 0.95111
    outer loop
      vertex 51.4233 7.67754 65.639
      vertex 44.4233 7.82012 65.5927
      vertex 44.4233 7.67754 65.639
    endloop
  endfacet
  facet normal 0 -0.308854 -0.95111
    outer loop
      vertex 44.4233 6.28696 61.3593
      vertex 51.4233 6.42954 61.313
      vertex 51.4233 6.28696 61.3593
    endloop
  endfacet
  facet normal -0 -0.308854 -0.95111
    outer loop
      vertex 51.4233 6.42954 61.313
      vertex 44.4233 6.28696 61.3593
      vertex 44.4233 6.42954 61.313
    endloop
  endfacet
  facet normal -1 0 0
    outer loop
      vertex 59.4233 6.42954 61.313
      vertex 59.4233 6.59092 62.2948
      vertex 59.4233 6.7335 62.2484
    endloop
  endfacet
  facet normal -1 0 0
    outer loop
      vertex 59.4233 6.59092 62.2948
      vertex 59.4233 6.42954 61.313
      vertex 59.4233 6.28696 61.3593
    endloop
  endfacet
  facet normal -1 0 0
    outer loop
      vertex 59.4233 7.04252 63.1995
      vertex 59.4233 7.67754 65.639
      vertex 59.4233 7.82012 65.5927
    endloop
  endfacet
  facet normal -1 0 0
    outer loop
      vertex 59.4233 7.67754 65.639
      vertex 59.4233 7.04252 63.1995
      vertex 59.4233 6.89994 63.2458
    endloop
  endfacet
  facet normal 1 0 0
    outer loop
      vertex 66.4233 7.67754 65.639
      vertex 66.4233 7.04252 63.1995
      vertex 66.4233 7.82012 65.5927
    endloop
  endfacet
  facet normal 1 0 -0
    outer loop
      vertex 66.4233 7.04252 63.1995
      vertex 66.4233 7.67754 65.639
      vertex 66.4233 6.89994 63.2458
    endloop
  endfacet
  facet normal 1 0 0
    outer loop
      vertex 66.4233 6.59092 62.2948
      vertex 66.4233 6.42954 61.313
      vertex 66.4233 6.7335 62.2484
    endloop
  endfacet
  facet normal 1 0 -0
    outer loop
      vertex 66.4233 6.42954 61.313
      vertex 66.4233 6.59092 62.2948
      vertex 66.4233 6.28696 61.3593
    endloop
  endfacet
  facet normal 0 0.951056 -0.309018
    outer loop
      vertex 66.4233 7.04252 63.1995
      vertex 59.4233 7.82012 65.5927
      vertex 66.4233 7.82012 65.5927
    endloop
  endfacet
  facet normal 0 0.951056 -0.309018
    outer loop
      vertex 59.4233 7.82012 65.5927
      vertex 66.4233 7.04252 63.1995
      vertex 59.4233 7.04252 63.1995
    endloop
  endfacet
  facet normal 0 0.951048 -0.309045
    outer loop
      vertex 66.4233 6.42954 61.313
      vertex 59.4233 6.7335 62.2484
      vertex 66.4233 6.7335 62.2484
    endloop
  endfacet
  facet normal 0 0.951048 -0.309045
    outer loop
      vertex 59.4233 6.7335 62.2484
      vertex 66.4233 6.42954 61.313
      vertex 59.4233 6.42954 61.313
    endloop
  endfacet
  facet normal -0 0.308854 0.95111
    outer loop
      vertex 59.4233 7.82012 65.5927
      vertex 66.4233 7.67754 65.639
      vertex 66.4233 7.82012 65.5927
    endloop
  endfacet
  facet normal 0 0.308854 0.95111
    outer loop
      vertex 66.4233 7.67754 65.639
      vertex 59.4233 7.82012 65.5927
      vertex 59.4233 7.67754 65.639
    endloop
  endfacet
  facet normal 0 -0.308854 -0.95111
    outer loop
      vertex 59.4233 6.28696 61.3593
      vertex 66.4233 6.42954 61.313
      vertex 66.4233 6.28696 61.3593
    endloop
  endfacet
  facet normal -0 -0.308854 -0.95111
    outer loop
      vertex 66.4233 6.42954 61.313
      vertex 59.4233 6.28696 61.3593
      vertex 59.4233 6.42954 61.313
    endloop
  endfacet
  facet normal -1 0 0
    outer loop
      vertex 74.4233 6.42954 61.313
      vertex 74.4233 6.59092 62.2948
      vertex 74.4233 6.7335 62.2484
    endloop
  endfacet
  facet normal -1 0 0
    outer loop
      vertex 74.4233 6.59092 62.2948
      vertex 74.4233 6.42954 61.313
      vertex 74.4233 6.28696 61.3593
    endloop
  endfacet
  facet normal -1 0 0
    outer loop
      vertex 74.4233 7.04252 63.1995
      vertex 74.4233 7.67754 65.639
      vertex 74.4233 7.82012 65.5927
    endloop
  endfacet
  facet normal -1 0 0
    outer loop
      vertex 74.4233 7.67754 65.639
      vertex 74.4233 7.04252 63.1995
      vertex 74.4233 6.89994 63.2458
    endloop
  endfacet
  facet normal 0 0.951056 -0.309018
    outer loop
      vertex 81.4233 7.04252 63.1995
      vertex 74.4233 7.82012 65.5927
      vertex 81.4233 7.82012 65.5927
    endloop
  endfacet
  facet normal 0 0.951056 -0.309018
    outer loop
      vertex 74.4233 7.82012 65.5927
      vertex 81.4233 7.04252 63.1995
      vertex 74.4233 7.04252 63.1995
    endloop
  endfacet
  facet normal 0 0.951048 -0.309045
    outer loop
      vertex 81.4233 6.42954 61.313
      vertex 74.4233 6.7335 62.2484
      vertex 81.4233 6.7335 62.2484
    endloop
  endfacet
  facet normal 0 0.951048 -0.309045
    outer loop
      vertex 74.4233 6.7335 62.2484
      vertex 81.4233 6.42954 61.313
      vertex 74.4233 6.42954 61.313
    endloop
  endfacet
  facet normal 0 -0.308854 -0.95111
    outer loop
      vertex 74.4233 6.28696 61.3593
      vertex 81.4233 6.42954 61.313
      vertex 81.4233 6.28696 61.3593
    endloop
  endfacet
  facet normal -0 -0.308854 -0.95111
    outer loop
      vertex 81.4233 6.42954 61.313
      vertex 74.4233 6.28696 61.3593
      vertex 74.4233 6.42954 61.313
    endloop
  endfacet
  facet normal -0 0.308854 0.95111
    outer loop
      vertex 74.4233 7.82012 65.5927
      vertex 81.4233 7.67754 65.639
      vertex 81.4233 7.82012 65.5927
    endloop
  endfacet
  facet normal 0 0.308854 0.95111
    outer loop
      vertex 81.4233 7.67754 65.639
      vertex 74.4233 7.82012 65.5927
      vertex 74.4233 7.67754 65.639
    endloop
  endfacet
  facet normal 1 0 0
    outer loop
      vertex 81.4233 7.67754 65.639
      vertex 81.4233 7.04252 63.1995
      vertex 81.4233 7.82012 65.5927
    endloop
  endfacet
  facet normal 1 0 -0
    outer loop
      vertex 81.4233 7.04252 63.1995
      vertex 81.4233 7.67754 65.639
      vertex 81.4233 6.89994 63.2458
    endloop
  endfacet
  facet normal 1 0 0
    outer loop
      vertex 81.4233 6.59092 62.2948
      vertex 81.4233 6.42954 61.313
      vertex 81.4233 6.7335 62.2484
    endloop
  endfacet
  facet normal 1 0 -0
    outer loop
      vertex 81.4233 6.42954 61.313
      vertex 81.4233 6.59092 62.2948
      vertex 81.4233 6.28696 61.3593
    endloop
  endfacet
  facet normal -1 0 0
    outer loop
      vertex 89.4233 6.42954 61.313
      vertex 89.4233 6.59092 62.2948
      vertex 89.4233 6.7335 62.2484
    endloop
  endfacet
  facet normal -1 0 0
    outer loop
      vertex 89.4233 6.59092 62.2948
      vertex 89.4233 6.42954 61.313
      vertex 89.4233 6.28696 61.3593
    endloop
  endfacet
  facet normal -1 0 0
    outer loop
      vertex 89.4233 7.04252 63.1995
      vertex 89.4233 7.67754 65.639
      vertex 89.4233 7.82012 65.5927
    endloop
  endfacet
  facet normal -1 0 0
    outer loop
      vertex 89.4233 7.67754 65.639
      vertex 89.4233 7.04252 63.1995
      vertex 89.4233 6.89994 63.2458
    endloop
  endfacet
  facet normal 1 0 0
    outer loop
      vertex 96.4233 7.67754 65.639
      vertex 96.4233 7.04252 63.1995
      vertex 96.4233 7.82012 65.5927
    endloop
  endfacet
  facet normal 1 0 -0
    outer loop
      vertex 96.4233 7.04252 63.1995
      vertex 96.4233 7.67754 65.639
      vertex 96.4233 6.89994 63.2458
    endloop
  endfacet
  facet normal 1 0 0
    outer loop
      vertex 96.4233 6.59092 62.2948
      vertex 96.4233 6.42954 61.313
      vertex 96.4233 6.7335 62.2484
    endloop
  endfacet
  facet normal 1 0 -0
    outer loop
      vertex 96.4233 6.42954 61.313
      vertex 96.4233 6.59092 62.2948
      vertex 96.4233 6.28696 61.3593
    endloop
  endfacet
  facet normal 0 0.951056 -0.309018
    outer loop
      vertex 96.4233 7.04252 63.1995
      vertex 89.4233 7.82012 65.5927
      vertex 96.4233 7.82012 65.5927
    endloop
  endfacet
  facet normal 0 0.951056 -0.309018
    outer loop
      vertex 89.4233 7.82012 65.5927
      vertex 96.4233 7.04252 63.1995
      vertex 89.4233 7.04252 63.1995
    endloop
  endfacet
  facet normal 0 0.951048 -0.309045
    outer loop
      vertex 96.4233 6.42954 61.313
      vertex 89.4233 6.7335 62.2484
      vertex 96.4233 6.7335 62.2484
    endloop
  endfacet
  facet normal 0 0.951048 -0.309045
    outer loop
      vertex 89.4233 6.7335 62.2484
      vertex 96.4233 6.42954 61.313
      vertex 89.4233 6.42954 61.313
    endloop
  endfacet
  facet normal 0 -0.308854 -0.95111
    outer loop
      vertex 89.4233 6.28696 61.3593
      vertex 96.4233 6.42954 61.313
      vertex 96.4233 6.28696 61.3593
    endloop
  endfacet
  facet normal -0 -0.308854 -0.95111
    outer loop
      vertex 96.4233 6.42954 61.313
      vertex 89.4233 6.28696 61.3593
      vertex 89.4233 6.42954 61.313
    endloop
  endfacet
  facet normal -0 0.308854 0.95111
    outer loop
      vertex 89.4233 7.82012 65.5927
      vertex 96.4233 7.67754 65.639
      vertex 96.4233 7.82012 65.5927
    endloop
  endfacet
  facet normal 0 0.308854 0.95111
    outer loop
      vertex 96.4233 7.67754 65.639
      vertex 89.4233 7.82012 65.5927
      vertex 89.4233 7.67754 65.639
    endloop
  endfacet
  facet normal -1 0 0
    outer loop
      vertex 104.423 6.42954 61.313
      vertex 104.423 6.59092 62.2948
      vertex 104.423 6.7335 62.2484
    endloop
  endfacet
  facet normal -1 0 0
    outer loop
      vertex 104.423 6.59092 62.2948
      vertex 104.423 6.42954 61.313
      vertex 104.423 6.28696 61.3593
    endloop
  endfacet
  facet normal -1 0 0
    outer loop
      vertex 104.423 7.04252 63.1995
      vertex 104.423 7.67754 65.639
      vertex 104.423 7.82012 65.5927
    endloop
  endfacet
  facet normal -1 0 0
    outer loop
      vertex 104.423 7.67754 65.639
      vertex 104.423 7.04252 63.1995
      vertex 104.423 6.89994 63.2458
    endloop
  endfacet
  facet normal 1 0 0
    outer loop
      vertex 111.423 7.67754 65.639
      vertex 111.423 7.04252 63.1995
      vertex 111.423 7.82012 65.5927
    endloop
  endfacet
  facet normal 1 0 -0
    outer loop
      vertex 111.423 7.04252 63.1995
      vertex 111.423 7.67754 65.639
      vertex 111.423 6.89994 63.2458
    endloop
  endfacet
  facet normal 1 0 0
    outer loop
      vertex 111.423 6.59092 62.2948
      vertex 111.423 6.42954 61.313
      vertex 111.423 6.7335 62.2484
    endloop
  endfacet
  facet normal 1 0 -0
    outer loop
      vertex 111.423 6.42954 61.313
      vertex 111.423 6.59092 62.2948
      vertex 111.423 6.28696 61.3593
    endloop
  endfacet
  facet normal 0 0.951056 -0.309018
    outer loop
      vertex 111.423 7.04252 63.1995
      vertex 104.423 7.82012 65.5927
      vertex 111.423 7.82012 65.5927
    endloop
  endfacet
  facet normal 0 0.951056 -0.309018
    outer loop
      vertex 104.423 7.82012 65.5927
      vertex 111.423 7.04252 63.1995
      vertex 104.423 7.04252 63.1995
    endloop
  endfacet
  facet normal 0 0.951048 -0.309045
    outer loop
      vertex 111.423 6.42954 61.313
      vertex 104.423 6.7335 62.2484
      vertex 111.423 6.7335 62.2484
    endloop
  endfacet
  facet normal 0 0.951048 -0.309045
    outer loop
      vertex 104.423 6.7335 62.2484
      vertex 111.423 6.42954 61.313
      vertex 104.423 6.42954 61.313
    endloop
  endfacet
  facet normal 0 -0.308854 -0.95111
    outer loop
      vertex 104.423 6.28696 61.3593
      vertex 111.423 6.42954 61.313
      vertex 111.423 6.28696 61.3593
    endloop
  endfacet
  facet normal -0 -0.308854 -0.95111
    outer loop
      vertex 111.423 6.42954 61.313
      vertex 104.423 6.28696 61.3593
      vertex 104.423 6.42954 61.313
    endloop
  endfacet
  facet normal -0 0.308854 0.95111
    outer loop
      vertex 104.423 7.82012 65.5927
      vertex 111.423 7.67754 65.639
      vertex 111.423 7.82012 65.5927
    endloop
  endfacet
  facet normal 0 0.308854 0.95111
    outer loop
      vertex 111.423 7.67754 65.639
      vertex 104.423 7.82012 65.5927
      vertex 104.423 7.67754 65.639
    endloop
  endfacet
  facet normal -1 0 0
    outer loop
      vertex 119.423 6.42954 61.313
      vertex 119.423 6.59092 62.2948
      vertex 119.423 6.7335 62.2484
    endloop
  endfacet
  facet normal -1 0 0
    outer loop
      vertex 119.423 6.59092 62.2948
      vertex 119.423 6.42954 61.313
      vertex 119.423 6.28696 61.3593
    endloop
  endfacet
  facet normal -1 0 0
    outer loop
      vertex 119.423 7.04252 63.1995
      vertex 119.423 7.67754 65.639
      vertex 119.423 7.82012 65.5927
    endloop
  endfacet
  facet normal -1 0 0
    outer loop
      vertex 119.423 7.67754 65.639
      vertex 119.423 7.04252 63.1995
      vertex 119.423 6.89994 63.2458
    endloop
  endfacet
  facet normal 1 0 0
    outer loop
      vertex 126.423 7.67754 65.639
      vertex 126.423 7.04252 63.1995
      vertex 126.423 7.82012 65.5927
    endloop
  endfacet
  facet normal 1 0 -0
    outer loop
      vertex 126.423 7.04252 63.1995
      vertex 126.423 7.67754 65.639
      vertex 126.423 6.89994 63.2458
    endloop
  endfacet
  facet normal 1 0 0
    outer loop
      vertex 126.423 6.59092 62.2948
      vertex 126.423 6.42954 61.313
      vertex 126.423 6.7335 62.2484
    endloop
  endfacet
  facet normal 1 0 -0
    outer loop
      vertex 126.423 6.42954 61.313
      vertex 126.423 6.59092 62.2948
      vertex 126.423 6.28696 61.3593
    endloop
  endfacet
  facet normal 0 0.951056 -0.309018
    outer loop
      vertex 126.423 7.04252 63.1995
      vertex 119.423 7.82012 65.5927
      vertex 126.423 7.82012 65.5927
    endloop
  endfacet
  facet normal 0 0.951056 -0.309018
    outer loop
      vertex 119.423 7.82012 65.5927
      vertex 126.423 7.04252 63.1995
      vertex 119.423 7.04252 63.1995
    endloop
  endfacet
  facet normal 0 0.951048 -0.309045
    outer loop
      vertex 126.423 6.42954 61.313
      vertex 119.423 6.7335 62.2484
      vertex 126.423 6.7335 62.2484
    endloop
  endfacet
  facet normal 0 0.951048 -0.309045
    outer loop
      vertex 119.423 6.7335 62.2484
      vertex 126.423 6.42954 61.313
      vertex 119.423 6.42954 61.313
    endloop
  endfacet
  facet normal 0 -0.308854 -0.95111
    outer loop
      vertex 119.423 6.28696 61.3593
      vertex 126.423 6.42954 61.313
      vertex 126.423 6.28696 61.3593
    endloop
  endfacet
  facet normal -0 -0.308854 -0.95111
    outer loop
      vertex 126.423 6.42954 61.313
      vertex 119.423 6.28696 61.3593
      vertex 119.423 6.42954 61.313
    endloop
  endfacet
  facet normal -0 0.308854 0.95111
    outer loop
      vertex 119.423 7.82012 65.5927
      vertex 126.423 7.67754 65.639
      vertex 126.423 7.82012 65.5927
    endloop
  endfacet
  facet normal 0 0.308854 0.95111
    outer loop
      vertex 126.423 7.67754 65.639
      vertex 119.423 7.82012 65.5927
      vertex 119.423 7.67754 65.639
    endloop
  endfacet
  facet normal -1 0 0
    outer loop
      vertex 134.423 6.42954 61.313
      vertex 134.423 6.59092 62.2948
      vertex 134.423 6.7335 62.2484
    endloop
  endfacet
  facet normal -1 0 0
    outer loop
      vertex 134.423 6.59092 62.2948
      vertex 134.423 6.42954 61.313
      vertex 134.423 6.28696 61.3593
    endloop
  endfacet
  facet normal -1 0 0
    outer loop
      vertex 134.423 7.04252 63.1995
      vertex 134.423 7.67754 65.639
      vertex 134.423 7.82012 65.5927
    endloop
  endfacet
  facet normal -1 0 0
    outer loop
      vertex 134.423 7.67754 65.639
      vertex 134.423 7.04252 63.1995
      vertex 134.423 6.89994 63.2458
    endloop
  endfacet
  facet normal 1 0 0
    outer loop
      vertex 141.423 7.67754 65.639
      vertex 141.423 7.04252 63.1995
      vertex 141.423 7.82012 65.5927
    endloop
  endfacet
  facet normal 1 0 -0
    outer loop
      vertex 141.423 7.04252 63.1995
      vertex 141.423 7.67754 65.639
      vertex 141.423 6.89994 63.2458
    endloop
  endfacet
  facet normal 1 0 0
    outer loop
      vertex 141.423 6.59092 62.2948
      vertex 141.423 6.42954 61.313
      vertex 141.423 6.7335 62.2484
    endloop
  endfacet
  facet normal 1 0 -0
    outer loop
      vertex 141.423 6.42954 61.313
      vertex 141.423 6.59092 62.2948
      vertex 141.423 6.28696 61.3593
    endloop
  endfacet
  facet normal 0 0.951056 -0.309018
    outer loop
      vertex 141.423 7.04252 63.1995
      vertex 134.423 7.82012 65.5927
      vertex 141.423 7.82012 65.5927
    endloop
  endfacet
  facet normal 0 0.951056 -0.309018
    outer loop
      vertex 134.423 7.82012 65.5927
      vertex 141.423 7.04252 63.1995
      vertex 134.423 7.04252 63.1995
    endloop
  endfacet
  facet normal 0 0.951048 -0.309045
    outer loop
      vertex 141.423 6.42954 61.313
      vertex 134.423 6.7335 62.2484
      vertex 141.423 6.7335 62.2484
    endloop
  endfacet
  facet normal 0 0.951048 -0.309045
    outer loop
      vertex 134.423 6.7335 62.2484
      vertex 141.423 6.42954 61.313
      vertex 134.423 6.42954 61.313
    endloop
  endfacet
  facet normal 0 -0.308854 -0.95111
    outer loop
      vertex 134.423 6.28696 61.3593
      vertex 141.423 6.42954 61.313
      vertex 141.423 6.28696 61.3593
    endloop
  endfacet
  facet normal -0 -0.308854 -0.95111
    outer loop
      vertex 141.423 6.42954 61.313
      vertex 134.423 6.28696 61.3593
      vertex 134.423 6.42954 61.313
    endloop
  endfacet
  facet normal -0 0.308854 0.95111
    outer loop
      vertex 134.423 7.82012 65.5927
      vertex 141.423 7.67754 65.639
      vertex 141.423 7.82012 65.5927
    endloop
  endfacet
  facet normal 0 0.308854 0.95111
    outer loop
      vertex 141.423 7.67754 65.639
      vertex 134.423 7.82012 65.5927
      vertex 134.423 7.67754 65.639
    endloop
  endfacet
  facet normal -1 0 0
    outer loop
      vertex 149.423 6.42954 61.313
      vertex 149.423 6.59092 62.2948
      vertex 149.423 6.7335 62.2484
    endloop
  endfacet
  facet normal -1 0 0
    outer loop
      vertex 149.423 6.59092 62.2948
      vertex 149.423 6.42954 61.313
      vertex 149.423 6.28696 61.3593
    endloop
  endfacet
  facet normal -1 0 0
    outer loop
      vertex 149.423 7.04252 63.1995
      vertex 149.423 7.67754 65.639
      vertex 149.423 7.82012 65.5927
    endloop
  endfacet
  facet normal -1 0 0
    outer loop
      vertex 149.423 7.67754 65.639
      vertex 149.423 7.04252 63.1995
      vertex 149.423 6.89994 63.2458
    endloop
  endfacet
  facet normal 0 0.951056 -0.309018
    outer loop
      vertex 156.423 7.04252 63.1995
      vertex 149.423 7.82012 65.5927
      vertex 156.423 7.82012 65.5927
    endloop
  endfacet
  facet normal 0 0.951056 -0.309018
    outer loop
      vertex 149.423 7.82012 65.5927
      vertex 156.423 7.04252 63.1995
      vertex 149.423 7.04252 63.1995
    endloop
  endfacet
  facet normal 0 0.951048 -0.309045
    outer loop
      vertex 156.423 6.42954 61.313
      vertex 149.423 6.7335 62.2484
      vertex 156.423 6.7335 62.2484
    endloop
  endfacet
  facet normal 0 0.951048 -0.309045
    outer loop
      vertex 149.423 6.7335 62.2484
      vertex 156.423 6.42954 61.313
      vertex 149.423 6.42954 61.313
    endloop
  endfacet
  facet normal 0 -0.308854 -0.95111
    outer loop
      vertex 149.423 6.28696 61.3593
      vertex 156.423 6.42954 61.313
      vertex 156.423 6.28696 61.3593
    endloop
  endfacet
  facet normal -0 -0.308854 -0.95111
    outer loop
      vertex 156.423 6.42954 61.313
      vertex 149.423 6.28696 61.3593
      vertex 149.423 6.42954 61.313
    endloop
  endfacet
  facet normal -0 0.308854 0.95111
    outer loop
      vertex 149.423 7.82012 65.5927
      vertex 156.423 7.67754 65.639
      vertex 156.423 7.82012 65.5927
    endloop
  endfacet
  facet normal 0 0.308854 0.95111
    outer loop
      vertex 156.423 7.67754 65.639
      vertex 149.423 7.82012 65.5927
      vertex 149.423 7.67754 65.639
    endloop
  endfacet
  facet normal 1 0 0
    outer loop
      vertex 156.423 7.67754 65.639
      vertex 156.423 7.04252 63.1995
      vertex 156.423 7.82012 65.5927
    endloop
  endfacet
  facet normal 1 0 -0
    outer loop
      vertex 156.423 7.04252 63.1995
      vertex 156.423 7.67754 65.639
      vertex 156.423 6.89994 63.2458
    endloop
  endfacet
  facet normal 1 0 0
    outer loop
      vertex 156.423 6.59092 62.2948
      vertex 156.423 6.42954 61.313
      vertex 156.423 6.7335 62.2484
    endloop
  endfacet
  facet normal 1 0 -0
    outer loop
      vertex 156.423 6.42954 61.313
      vertex 156.423 6.59092 62.2948
      vertex 156.423 6.28696 61.3593
    endloop
  endfacet
  facet normal -1 0 0
    outer loop
      vertex 25.9163 7.0274 62.1529
      vertex 25.9163 6.89994 63.2458
      vertex 25.9163 7.33641 63.104
    endloop
  endfacet
  facet normal -1 0 -0
    outer loop
      vertex 25.9163 6.89994 63.2458
      vertex 25.9163 7.0274 62.1529
      vertex 25.9163 6.59092 62.2948
    endloop
  endfacet
  facet normal 0 0.951063 -0.308998
    outer loop
      vertex 182.084 7.0274 62.1529
      vertex 25.9163 7.33641 63.104
      vertex 182.084 7.33641 63.104
    endloop
  endfacet
  facet normal 0 0.951063 -0.308998
    outer loop
      vertex 25.9163 7.33641 63.104
      vertex 182.084 7.0274 62.1529
      vertex 25.9163 7.0274 62.1529
    endloop
  endfacet
  facet normal 7.88264e-07 0.308982 0.951068
    outer loop
      vertex 182.084 7.33641 63.104
      vertex 156.423 7.04252 63.1995
      vertex 182.084 6.89994 63.2458
    endloop
  endfacet
  facet normal 0 0.309044 0.951048
    outer loop
      vertex 182.084 7.33641 63.104
      vertex 149.423 7.04252 63.1995
      vertex 156.423 7.04252 63.1995
    endloop
  endfacet
  facet normal 0 0.308854 0.95111
    outer loop
      vertex 149.423 7.04252 63.1995
      vertex 141.423 7.04252 63.1995
      vertex 149.423 6.89994 63.2458
    endloop
  endfacet
  facet normal 0 0.309044 0.951048
    outer loop
      vertex 182.084 7.33641 63.104
      vertex 141.423 7.04252 63.1995
      vertex 149.423 7.04252 63.1995
    endloop
  endfacet
  facet normal 0 0.309044 0.951048
    outer loop
      vertex 182.084 7.33641 63.104
      vertex 134.423 7.04252 63.1995
      vertex 141.423 7.04252 63.1995
    endloop
  endfacet
  facet normal 0 0.308854 0.95111
    outer loop
      vertex 134.423 7.04252 63.1995
      vertex 126.423 7.04252 63.1995
      vertex 134.423 6.89994 63.2458
    endloop
  endfacet
  facet normal 0 0.309044 0.951048
    outer loop
      vertex 182.084 7.33641 63.104
      vertex 126.423 7.04252 63.1995
      vertex 134.423 7.04252 63.1995
    endloop
  endfacet
  facet normal 0 0.309044 0.951048
    outer loop
      vertex 182.084 7.33641 63.104
      vertex 119.423 7.04252 63.1995
      vertex 126.423 7.04252 63.1995
    endloop
  endfacet
  facet normal 0 0.308854 0.95111
    outer loop
      vertex 119.423 7.04252 63.1995
      vertex 111.423 7.04252 63.1995
      vertex 119.423 6.89994 63.2458
    endloop
  endfacet
  facet normal 0 0.309044 0.951048
    outer loop
      vertex 182.084 7.33641 63.104
      vertex 111.423 7.04252 63.1995
      vertex 119.423 7.04252 63.1995
    endloop
  endfacet
  facet normal 0 0.309044 0.951048
    outer loop
      vertex 182.084 7.33641 63.104
      vertex 104.423 7.04252 63.1995
      vertex 111.423 7.04252 63.1995
    endloop
  endfacet
  facet normal 0 0.308854 0.95111
    outer loop
      vertex 104.423 7.04252 63.1995
      vertex 96.4233 7.04252 63.1995
      vertex 104.423 6.89994 63.2458
    endloop
  endfacet
  facet normal 0 0.309044 0.951048
    outer loop
      vertex 182.084 7.33641 63.104
      vertex 96.4233 7.04252 63.1995
      vertex 104.423 7.04252 63.1995
    endloop
  endfacet
  facet normal 0 0.309044 0.951048
    outer loop
      vertex 182.084 7.33641 63.104
      vertex 89.4233 7.04252 63.1995
      vertex 96.4233 7.04252 63.1995
    endloop
  endfacet
  facet normal 0 0.308854 0.95111
    outer loop
      vertex 89.4233 7.04252 63.1995
      vertex 81.4233 7.04252 63.1995
      vertex 89.4233 6.89994 63.2458
    endloop
  endfacet
  facet normal 0 0.309044 0.951048
    outer loop
      vertex 182.084 7.33641 63.104
      vertex 81.4233 7.04252 63.1995
      vertex 89.4233 7.04252 63.1995
    endloop
  endfacet
  facet normal 0 0.309044 0.951048
    outer loop
      vertex 182.084 7.33641 63.104
      vertex 74.4233 7.04252 63.1995
      vertex 81.4233 7.04252 63.1995
    endloop
  endfacet
  facet normal 0 0.308854 0.95111
    outer loop
      vertex 74.4233 7.04252 63.1995
      vertex 66.4233 7.04252 63.1995
      vertex 74.4233 6.89994 63.2458
    endloop
  endfacet
  facet normal 0 0.309044 0.951048
    outer loop
      vertex 182.084 7.33641 63.104
      vertex 66.4233 7.04252 63.1995
      vertex 74.4233 7.04252 63.1995
    endloop
  endfacet
  facet normal 0 0.309044 0.951048
    outer loop
      vertex 182.084 7.33641 63.104
      vertex 59.4233 7.04252 63.1995
      vertex 66.4233 7.04252 63.1995
    endloop
  endfacet
  facet normal 0 0.308854 0.95111
    outer loop
      vertex 59.4233 7.04252 63.1995
      vertex 51.4233 7.04252 63.1995
      vertex 59.4233 6.89994 63.2458
    endloop
  endfacet
  facet normal 0 0.309044 0.951048
    outer loop
      vertex 182.084 7.33641 63.104
      vertex 51.4233 7.04252 63.1995
      vertex 59.4233 7.04252 63.1995
    endloop
  endfacet
  facet normal -0 0.309044 0.951048
    outer loop
      vertex 25.9163 7.33641 63.104
      vertex 51.4233 7.04252 63.1995
      vertex 182.084 7.33641 63.104
    endloop
  endfacet
  facet normal 0 0.308854 0.95111
    outer loop
      vertex 44.4233 7.04252 63.1995
      vertex 36.4233 7.04252 63.1995
      vertex 44.4233 6.89994 63.2458
    endloop
  endfacet
  facet normal 0 0.309044 0.951048
    outer loop
      vertex 51.4233 7.04252 63.1995
      vertex 25.9163 7.33641 63.104
      vertex 44.4233 7.04252 63.1995
    endloop
  endfacet
  facet normal 0 0.309044 0.951048
    outer loop
      vertex 44.4233 7.04252 63.1995
      vertex 25.9163 7.33641 63.104
      vertex 36.4233 7.04252 63.1995
    endloop
  endfacet
  facet normal 0 0.309044 0.951048
    outer loop
      vertex 36.4233 7.04252 63.1995
      vertex 25.9163 7.33641 63.104
      vertex 29.4233 7.04252 63.1995
    endloop
  endfacet
  facet normal -5.76779e-06 0.308982 0.951068
    outer loop
      vertex 25.9163 6.89994 63.2458
      vertex 29.4233 7.04252 63.1995
      vertex 25.9163 7.33641 63.104
    endloop
  endfacet
  facet normal 0 0.308854 0.95111
    outer loop
      vertex 29.4233 7.04252 63.1995
      vertex 25.9163 6.89994 63.2458
      vertex 29.4233 6.89994 63.2458
    endloop
  endfacet
  facet normal 0 0.308854 0.95111
    outer loop
      vertex 182.084 6.89994 63.2458
      vertex 156.423 7.04252 63.1995
      vertex 156.423 6.89994 63.2458
    endloop
  endfacet
  facet normal 0 0.308854 0.95111
    outer loop
      vertex 149.423 6.89994 63.2458
      vertex 141.423 7.04252 63.1995
      vertex 141.423 6.89994 63.2458
    endloop
  endfacet
  facet normal 0 0.308854 0.95111
    outer loop
      vertex 134.423 6.89994 63.2458
      vertex 126.423 7.04252 63.1995
      vertex 126.423 6.89994 63.2458
    endloop
  endfacet
  facet normal 0 0.308854 0.95111
    outer loop
      vertex 119.423 6.89994 63.2458
      vertex 111.423 7.04252 63.1995
      vertex 111.423 6.89994 63.2458
    endloop
  endfacet
  facet normal 0 0.308854 0.95111
    outer loop
      vertex 104.423 6.89994 63.2458
      vertex 96.4233 7.04252 63.1995
      vertex 96.4233 6.89994 63.2458
    endloop
  endfacet
  facet normal 0 0.308854 0.95111
    outer loop
      vertex 89.4233 6.89994 63.2458
      vertex 81.4233 7.04252 63.1995
      vertex 81.4233 6.89994 63.2458
    endloop
  endfacet
  facet normal 0 0.308854 0.95111
    outer loop
      vertex 74.4233 6.89994 63.2458
      vertex 66.4233 7.04252 63.1995
      vertex 66.4233 6.89994 63.2458
    endloop
  endfacet
  facet normal 0 0.308854 0.95111
    outer loop
      vertex 59.4233 6.89994 63.2458
      vertex 51.4233 7.04252 63.1995
      vertex 51.4233 6.89994 63.2458
    endloop
  endfacet
  facet normal 0 0.308854 0.95111
    outer loop
      vertex 44.4233 6.89994 63.2458
      vertex 36.4233 7.04252 63.1995
      vertex 36.4233 6.89994 63.2458
    endloop
  endfacet
  facet normal -0 -0.309457 -0.950913
    outer loop
      vertex 29.4233 6.59092 62.2948
      vertex 25.9163 6.59092 62.2948
      vertex 29.4233 6.7335 62.2484
    endloop
  endfacet
  facet normal -0 -0.309457 -0.950913
    outer loop
      vertex 44.4233 6.59092 62.2948
      vertex 36.4233 6.59092 62.2948
      vertex 44.4233 6.7335 62.2484
    endloop
  endfacet
  facet normal -0 -0.309457 -0.950913
    outer loop
      vertex 59.4233 6.59092 62.2948
      vertex 51.4233 6.59092 62.2948
      vertex 59.4233 6.7335 62.2484
    endloop
  endfacet
  facet normal -0 -0.309457 -0.950913
    outer loop
      vertex 74.4233 6.59092 62.2948
      vertex 66.4233 6.59092 62.2948
      vertex 74.4233 6.7335 62.2484
    endloop
  endfacet
  facet normal -0 -0.309457 -0.950913
    outer loop
      vertex 89.4233 6.59092 62.2948
      vertex 81.4233 6.59092 62.2948
      vertex 89.4233 6.7335 62.2484
    endloop
  endfacet
  facet normal -0 -0.309457 -0.950913
    outer loop
      vertex 104.423 6.59092 62.2948
      vertex 96.4233 6.59092 62.2948
      vertex 104.423 6.7335 62.2484
    endloop
  endfacet
  facet normal -0 -0.309457 -0.950913
    outer loop
      vertex 119.423 6.59092 62.2948
      vertex 111.423 6.59092 62.2948
      vertex 119.423 6.7335 62.2484
    endloop
  endfacet
  facet normal -0 -0.309457 -0.950913
    outer loop
      vertex 134.423 6.59092 62.2948
      vertex 126.423 6.59092 62.2948
      vertex 134.423 6.7335 62.2484
    endloop
  endfacet
  facet normal -0 -0.309457 -0.950913
    outer loop
      vertex 149.423 6.59092 62.2948
      vertex 141.423 6.59092 62.2948
      vertex 149.423 6.7335 62.2484
    endloop
  endfacet
  facet normal 0 -0.309457 -0.950913
    outer loop
      vertex 156.423 6.7335 62.2484
      vertex 182.084 6.59092 62.2948
      vertex 156.423 6.59092 62.2948
    endloop
  endfacet
  facet normal 1.74654e-06 -0.309173 -0.951006
    outer loop
      vertex 182.084 6.59092 62.2948
      vertex 156.423 6.7335 62.2484
      vertex 182.084 7.0274 62.1529
    endloop
  endfacet
  facet normal 0 -0.309035 -0.951051
    outer loop
      vertex 149.423 6.7335 62.2484
      vertex 182.084 7.0274 62.1529
      vertex 156.423 6.7335 62.2484
    endloop
  endfacet
  facet normal 0 -0.309457 -0.950913
    outer loop
      vertex 141.423 6.7335 62.2484
      vertex 149.423 6.7335 62.2484
      vertex 141.423 6.59092 62.2948
    endloop
  endfacet
  facet normal 0 -0.309035 -0.951051
    outer loop
      vertex 141.423 6.7335 62.2484
      vertex 182.084 7.0274 62.1529
      vertex 149.423 6.7335 62.2484
    endloop
  endfacet
  facet normal 0 -0.309035 -0.951051
    outer loop
      vertex 134.423 6.7335 62.2484
      vertex 182.084 7.0274 62.1529
      vertex 141.423 6.7335 62.2484
    endloop
  endfacet
  facet normal 0 -0.309457 -0.950913
    outer loop
      vertex 126.423 6.7335 62.2484
      vertex 134.423 6.7335 62.2484
      vertex 126.423 6.59092 62.2948
    endloop
  endfacet
  facet normal 0 -0.309035 -0.951051
    outer loop
      vertex 126.423 6.7335 62.2484
      vertex 182.084 7.0274 62.1529
      vertex 134.423 6.7335 62.2484
    endloop
  endfacet
  facet normal 0 -0.309035 -0.951051
    outer loop
      vertex 119.423 6.7335 62.2484
      vertex 182.084 7.0274 62.1529
      vertex 126.423 6.7335 62.2484
    endloop
  endfacet
  facet normal 0 -0.309457 -0.950913
    outer loop
      vertex 111.423 6.7335 62.2484
      vertex 119.423 6.7335 62.2484
      vertex 111.423 6.59092 62.2948
    endloop
  endfacet
  facet normal 0 -0.309035 -0.951051
    outer loop
      vertex 111.423 6.7335 62.2484
      vertex 182.084 7.0274 62.1529
      vertex 119.423 6.7335 62.2484
    endloop
  endfacet
  facet normal 0 -0.309035 -0.951051
    outer loop
      vertex 104.423 6.7335 62.2484
      vertex 182.084 7.0274 62.1529
      vertex 111.423 6.7335 62.2484
    endloop
  endfacet
  facet normal 0 -0.309457 -0.950913
    outer loop
      vertex 96.4233 6.7335 62.2484
      vertex 104.423 6.7335 62.2484
      vertex 96.4233 6.59092 62.2948
    endloop
  endfacet
  facet normal 0 -0.309035 -0.951051
    outer loop
      vertex 96.4233 6.7335 62.2484
      vertex 182.084 7.0274 62.1529
      vertex 104.423 6.7335 62.2484
    endloop
  endfacet
  facet normal 0 -0.309035 -0.951051
    outer loop
      vertex 89.4233 6.7335 62.2484
      vertex 182.084 7.0274 62.1529
      vertex 96.4233 6.7335 62.2484
    endloop
  endfacet
  facet normal 0 -0.309457 -0.950913
    outer loop
      vertex 81.4233 6.7335 62.2484
      vertex 89.4233 6.7335 62.2484
      vertex 81.4233 6.59092 62.2948
    endloop
  endfacet
  facet normal 0 -0.309035 -0.951051
    outer loop
      vertex 81.4233 6.7335 62.2484
      vertex 182.084 7.0274 62.1529
      vertex 89.4233 6.7335 62.2484
    endloop
  endfacet
  facet normal 0 -0.309035 -0.951051
    outer loop
      vertex 74.4233 6.7335 62.2484
      vertex 182.084 7.0274 62.1529
      vertex 81.4233 6.7335 62.2484
    endloop
  endfacet
  facet normal 0 -0.309457 -0.950913
    outer loop
      vertex 66.4233 6.7335 62.2484
      vertex 74.4233 6.7335 62.2484
      vertex 66.4233 6.59092 62.2948
    endloop
  endfacet
  facet normal 0 -0.309035 -0.951051
    outer loop
      vertex 66.4233 6.7335 62.2484
      vertex 182.084 7.0274 62.1529
      vertex 74.4233 6.7335 62.2484
    endloop
  endfacet
  facet normal 0 -0.309035 -0.951051
    outer loop
      vertex 59.4233 6.7335 62.2484
      vertex 182.084 7.0274 62.1529
      vertex 66.4233 6.7335 62.2484
    endloop
  endfacet
  facet normal 0 -0.309457 -0.950913
    outer loop
      vertex 51.4233 6.7335 62.2484
      vertex 59.4233 6.7335 62.2484
      vertex 51.4233 6.59092 62.2948
    endloop
  endfacet
  facet normal 0 -0.309035 -0.951051
    outer loop
      vertex 51.4233 6.7335 62.2484
      vertex 182.084 7.0274 62.1529
      vertex 59.4233 6.7335 62.2484
    endloop
  endfacet
  facet normal 0 -0.309035 -0.951051
    outer loop
      vertex 25.9163 7.0274 62.1529
      vertex 51.4233 6.7335 62.2484
      vertex 44.4233 6.7335 62.2484
    endloop
  endfacet
  facet normal 0 -0.309457 -0.950913
    outer loop
      vertex 36.4233 6.7335 62.2484
      vertex 44.4233 6.7335 62.2484
      vertex 36.4233 6.59092 62.2948
    endloop
  endfacet
  facet normal 0 -0.309035 -0.951051
    outer loop
      vertex 25.9163 7.0274 62.1529
      vertex 44.4233 6.7335 62.2484
      vertex 36.4233 6.7335 62.2484
    endloop
  endfacet
  facet normal 0 -0.309035 -0.951051
    outer loop
      vertex 25.9163 7.0274 62.1529
      vertex 36.4233 6.7335 62.2484
      vertex 29.4233 6.7335 62.2484
    endloop
  endfacet
  facet normal 0 -0.309035 -0.951051
    outer loop
      vertex 51.4233 6.7335 62.2484
      vertex 25.9163 7.0274 62.1529
      vertex 182.084 7.0274 62.1529
    endloop
  endfacet
  facet normal -1.27796e-05 -0.309173 -0.951006
    outer loop
      vertex 25.9163 7.0274 62.1529
      vertex 29.4233 6.7335 62.2484
      vertex 25.9163 6.59092 62.2948
    endloop
  endfacet
  facet normal 1 0 0
    outer loop
      vertex 182.084 6.89994 63.2458
      vertex 182.084 7.0274 62.1529
      vertex 182.084 7.33641 63.104
    endloop
  endfacet
  facet normal 1 0 0
    outer loop
      vertex 182.084 7.0274 62.1529
      vertex 182.084 6.89994 63.2458
      vertex 182.084 6.59092 62.2948
    endloop
  endfacet
  facet normal 0 -0.951057 0.309015
    outer loop
      vertex 149.423 6.28696 61.3593
      vertex 156.423 6.59092 62.2948
      vertex 149.423 6.59092 62.2948
    endloop
  endfacet
  facet normal 0 -0.951057 0.309015
    outer loop
      vertex 156.423 6.59092 62.2948
      vertex 149.423 6.28696 61.3593
      vertex 156.423 6.28696 61.3593
    endloop
  endfacet
  facet normal 0 -0.951057 0.309015
    outer loop
      vertex 134.423 6.28696 61.3593
      vertex 141.423 6.59092 62.2948
      vertex 134.423 6.59092 62.2948
    endloop
  endfacet
  facet normal 0 -0.951057 0.309015
    outer loop
      vertex 141.423 6.59092 62.2948
      vertex 134.423 6.28696 61.3593
      vertex 141.423 6.28696 61.3593
    endloop
  endfacet
  facet normal 0 -0.951057 0.309015
    outer loop
      vertex 119.423 6.28696 61.3593
      vertex 126.423 6.59092 62.2948
      vertex 119.423 6.59092 62.2948
    endloop
  endfacet
  facet normal 0 -0.951057 0.309015
    outer loop
      vertex 126.423 6.59092 62.2948
      vertex 119.423 6.28696 61.3593
      vertex 126.423 6.28696 61.3593
    endloop
  endfacet
  facet normal 0 -0.951057 0.309015
    outer loop
      vertex 104.423 6.28696 61.3593
      vertex 111.423 6.59092 62.2948
      vertex 104.423 6.59092 62.2948
    endloop
  endfacet
  facet normal 0 -0.951057 0.309015
    outer loop
      vertex 111.423 6.59092 62.2948
      vertex 104.423 6.28696 61.3593
      vertex 111.423 6.28696 61.3593
    endloop
  endfacet
  facet normal 0 -0.951057 0.309015
    outer loop
      vertex 89.4233 6.28696 61.3593
      vertex 96.4233 6.59092 62.2948
      vertex 89.4233 6.59092 62.2948
    endloop
  endfacet
  facet normal 0 -0.951057 0.309015
    outer loop
      vertex 96.4233 6.59092 62.2948
      vertex 89.4233 6.28696 61.3593
      vertex 96.4233 6.28696 61.3593
    endloop
  endfacet
  facet normal 0 -0.951057 0.309015
    outer loop
      vertex 74.4233 6.28696 61.3593
      vertex 81.4233 6.59092 62.2948
      vertex 74.4233 6.59092 62.2948
    endloop
  endfacet
  facet normal 0 -0.951057 0.309015
    outer loop
      vertex 81.4233 6.59092 62.2948
      vertex 74.4233 6.28696 61.3593
      vertex 81.4233 6.28696 61.3593
    endloop
  endfacet
  facet normal 0 -0.951057 0.309015
    outer loop
      vertex 59.4233 6.28696 61.3593
      vertex 66.4233 6.59092 62.2948
      vertex 59.4233 6.59092 62.2948
    endloop
  endfacet
  facet normal 0 -0.951057 0.309015
    outer loop
      vertex 66.4233 6.59092 62.2948
      vertex 59.4233 6.28696 61.3593
      vertex 66.4233 6.28696 61.3593
    endloop
  endfacet
  facet normal 0 -0.951057 0.309015
    outer loop
      vertex 44.4233 6.28696 61.3593
      vertex 51.4233 6.59092 62.2948
      vertex 44.4233 6.59092 62.2948
    endloop
  endfacet
  facet normal 0 -0.951057 0.309015
    outer loop
      vertex 51.4233 6.59092 62.2948
      vertex 44.4233 6.28696 61.3593
      vertex 51.4233 6.28696 61.3593
    endloop
  endfacet
  facet normal 0 -0.951057 0.309015
    outer loop
      vertex 29.4233 6.28696 61.3593
      vertex 36.4233 6.59092 62.2948
      vertex 29.4233 6.59092 62.2948
    endloop
  endfacet
  facet normal 0 -0.951057 0.309015
    outer loop
      vertex 36.4233 6.59092 62.2948
      vertex 29.4233 6.28696 61.3593
      vertex 36.4233 6.28696 61.3593
    endloop
  endfacet
  facet normal 0 -0.95105 0.309036
    outer loop
      vertex 29.4233 6.59092 62.2948
      vertex 29.4233 6.89994 63.2458
      vertex 25.9163 6.89994 63.2458
    endloop
  endfacet
  facet normal 0 -0.95105 0.309036
    outer loop
      vertex 29.4233 6.89994 63.2458
      vertex 29.4233 6.59092 62.2948
      vertex 36.4233 6.89994 63.2458
    endloop
  endfacet
  facet normal 0 -0.95105 0.309036
    outer loop
      vertex 36.4233 6.89994 63.2458
      vertex 36.4233 6.59092 62.2948
      vertex 44.4233 6.89994 63.2458
    endloop
  endfacet
  facet normal 0 -0.95105 0.309036
    outer loop
      vertex 44.4233 6.59092 62.2948
      vertex 44.4233 6.89994 63.2458
      vertex 36.4233 6.59092 62.2948
    endloop
  endfacet
  facet normal 0 -0.95105 0.309036
    outer loop
      vertex 51.4233 6.59092 62.2948
      vertex 51.4233 6.89994 63.2458
      vertex 44.4233 6.59092 62.2948
    endloop
  endfacet
  facet normal 0 -0.95105 0.309036
    outer loop
      vertex 51.4233 6.89994 63.2458
      vertex 51.4233 6.59092 62.2948
      vertex 59.4233 6.89994 63.2458
    endloop
  endfacet
  facet normal 0 -0.95105 0.309036
    outer loop
      vertex 59.4233 6.89994 63.2458
      vertex 59.4233 6.59092 62.2948
      vertex 66.4233 6.89994 63.2458
    endloop
  endfacet
  facet normal 0 -0.95105 0.309036
    outer loop
      vertex 66.4233 6.89994 63.2458
      vertex 66.4233 6.59092 62.2948
      vertex 74.4233 6.89994 63.2458
    endloop
  endfacet
  facet normal 0 -0.95105 0.309036
    outer loop
      vertex 74.4233 6.59092 62.2948
      vertex 74.4233 6.89994 63.2458
      vertex 66.4233 6.59092 62.2948
    endloop
  endfacet
  facet normal 0 -0.95105 0.309036
    outer loop
      vertex 81.4233 6.59092 62.2948
      vertex 81.4233 6.89994 63.2458
      vertex 74.4233 6.59092 62.2948
    endloop
  endfacet
  facet normal 0 -0.95105 0.309036
    outer loop
      vertex 89.4233 6.59092 62.2948
      vertex 89.4233 6.89994 63.2458
      vertex 81.4233 6.59092 62.2948
    endloop
  endfacet
  facet normal 0 -0.95105 0.309036
    outer loop
      vertex 89.4233 6.89994 63.2458
      vertex 89.4233 6.59092 62.2948
      vertex 96.4233 6.89994 63.2458
    endloop
  endfacet
  facet normal 0 -0.95105 0.309036
    outer loop
      vertex 96.4233 6.89994 63.2458
      vertex 96.4233 6.59092 62.2948
      vertex 104.423 6.89994 63.2458
    endloop
  endfacet
  facet normal 0 -0.95105 0.309036
    outer loop
      vertex 104.423 6.59092 62.2948
      vertex 104.423 6.89994 63.2458
      vertex 96.4233 6.59092 62.2948
    endloop
  endfacet
  facet normal 0 -0.95105 0.309036
    outer loop
      vertex 104.423 6.89994 63.2458
      vertex 104.423 6.59092 62.2948
      vertex 111.423 6.89994 63.2458
    endloop
  endfacet
  facet normal 0 -0.95105 0.309036
    outer loop
      vertex 111.423 6.59092 62.2948
      vertex 111.423 6.89994 63.2458
      vertex 104.423 6.59092 62.2948
    endloop
  endfacet
  facet normal 0 -0.95105 0.309036
    outer loop
      vertex 111.423 6.89994 63.2458
      vertex 111.423 6.59092 62.2948
      vertex 119.423 6.89994 63.2458
    endloop
  endfacet
  facet normal 0 -0.95105 0.309036
    outer loop
      vertex 119.423 6.59092 62.2948
      vertex 119.423 6.89994 63.2458
      vertex 111.423 6.59092 62.2948
    endloop
  endfacet
  facet normal 0 -0.95105 0.309036
    outer loop
      vertex 29.4233 6.59092 62.2948
      vertex 25.9163 6.89994 63.2458
      vertex 25.9163 6.59092 62.2948
    endloop
  endfacet
  facet normal 0 -0.95105 0.309036
    outer loop
      vertex 36.4233 6.89994 63.2458
      vertex 29.4233 6.59092 62.2948
      vertex 36.4233 6.59092 62.2948
    endloop
  endfacet
  facet normal 0 -0.95105 0.309036
    outer loop
      vertex 44.4233 6.89994 63.2458
      vertex 44.4233 6.59092 62.2948
      vertex 51.4233 6.89994 63.2458
    endloop
  endfacet
  facet normal 0 -0.95105 0.309036
    outer loop
      vertex 59.4233 6.59092 62.2948
      vertex 59.4233 6.89994 63.2458
      vertex 51.4233 6.59092 62.2948
    endloop
  endfacet
  facet normal 0 -0.95105 0.309036
    outer loop
      vertex 66.4233 6.59092 62.2948
      vertex 66.4233 6.89994 63.2458
      vertex 59.4233 6.59092 62.2948
    endloop
  endfacet
  facet normal 0 -0.95105 0.309036
    outer loop
      vertex 74.4233 6.89994 63.2458
      vertex 74.4233 6.59092 62.2948
      vertex 81.4233 6.89994 63.2458
    endloop
  endfacet
  facet normal 0 -0.95105 0.309036
    outer loop
      vertex 81.4233 6.89994 63.2458
      vertex 81.4233 6.59092 62.2948
      vertex 89.4233 6.89994 63.2458
    endloop
  endfacet
  facet normal 0 -0.95105 0.309036
    outer loop
      vertex 96.4233 6.59092 62.2948
      vertex 96.4233 6.89994 63.2458
      vertex 89.4233 6.59092 62.2948
    endloop
  endfacet
  facet normal 0 -0.95105 0.309036
    outer loop
      vertex 119.423 6.89994 63.2458
      vertex 119.423 6.59092 62.2948
      vertex 126.423 6.89994 63.2458
    endloop
  endfacet
  facet normal 0 -0.95105 0.309036
    outer loop
      vertex 126.423 6.59092 62.2948
      vertex 126.423 6.89994 63.2458
      vertex 119.423 6.59092 62.2948
    endloop
  endfacet
  facet normal 0 -0.95105 0.309036
    outer loop
      vertex 126.423 6.89994 63.2458
      vertex 126.423 6.59092 62.2948
      vertex 134.423 6.89994 63.2458
    endloop
  endfacet
  facet normal 0 -0.95105 0.309036
    outer loop
      vertex 134.423 6.59092 62.2948
      vertex 134.423 6.89994 63.2458
      vertex 126.423 6.59092 62.2948
    endloop
  endfacet
  facet normal 0 -0.95105 0.309036
    outer loop
      vertex 134.423 6.89994 63.2458
      vertex 134.423 6.59092 62.2948
      vertex 141.423 6.89994 63.2458
    endloop
  endfacet
  facet normal 0 -0.95105 0.309036
    outer loop
      vertex 141.423 6.59092 62.2948
      vertex 141.423 6.89994 63.2458
      vertex 134.423 6.59092 62.2948
    endloop
  endfacet
  facet normal 0 -0.95105 0.309036
    outer loop
      vertex 141.423 6.89994 63.2458
      vertex 141.423 6.59092 62.2948
      vertex 149.423 6.89994 63.2458
    endloop
  endfacet
  facet normal 0 -0.95105 0.309036
    outer loop
      vertex 149.423 6.59092 62.2948
      vertex 149.423 6.89994 63.2458
      vertex 141.423 6.59092 62.2948
    endloop
  endfacet
  facet normal 0 -0.95105 0.309036
    outer loop
      vertex 149.423 6.89994 63.2458
      vertex 149.423 6.59092 62.2948
      vertex 156.423 6.89994 63.2458
    endloop
  endfacet
  facet normal 0 -0.95105 0.309036
    outer loop
      vertex 156.423 6.59092 62.2948
      vertex 156.423 6.89994 63.2458
      vertex 149.423 6.59092 62.2948
    endloop
  endfacet
  facet normal 0 -0.95105 0.309036
    outer loop
      vertex 156.423 6.89994 63.2458
      vertex 156.423 6.59092 62.2948
      vertex 182.084 6.89994 63.2458
    endloop
  endfacet
  facet normal 0 -0.95105 0.309036
    outer loop
      vertex 182.084 6.89994 63.2458
      vertex 156.423 6.59092 62.2948
      vertex 182.084 6.59092 62.2948
    endloop
  endfacet
  facet normal 0 -0.951056 0.309018
    outer loop
      vertex 29.4233 6.89994 63.2458
      vertex 36.4233 7.67754 65.639
      vertex 29.4233 7.67754 65.639
    endloop
  endfacet
  facet normal 0 -0.951056 0.309018
    outer loop
      vertex 36.4233 7.67754 65.639
      vertex 29.4233 6.89994 63.2458
      vertex 36.4233 6.89994 63.2458
    endloop
  endfacet
  facet normal 0 -0.951056 0.309018
    outer loop
      vertex 44.4233 6.89994 63.2458
      vertex 51.4233 7.67754 65.639
      vertex 44.4233 7.67754 65.639
    endloop
  endfacet
  facet normal 0 -0.951056 0.309018
    outer loop
      vertex 51.4233 7.67754 65.639
      vertex 44.4233 6.89994 63.2458
      vertex 51.4233 6.89994 63.2458
    endloop
  endfacet
  facet normal 0 -0.951056 0.309018
    outer loop
      vertex 59.4233 6.89994 63.2458
      vertex 66.4233 7.67754 65.639
      vertex 59.4233 7.67754 65.639
    endloop
  endfacet
  facet normal 0 -0.951056 0.309018
    outer loop
      vertex 66.4233 7.67754 65.639
      vertex 59.4233 6.89994 63.2458
      vertex 66.4233 6.89994 63.2458
    endloop
  endfacet
  facet normal 0 -0.951056 0.309018
    outer loop
      vertex 74.4233 6.89994 63.2458
      vertex 81.4233 7.67754 65.639
      vertex 74.4233 7.67754 65.639
    endloop
  endfacet
  facet normal 0 -0.951056 0.309018
    outer loop
      vertex 81.4233 7.67754 65.639
      vertex 74.4233 6.89994 63.2458
      vertex 81.4233 6.89994 63.2458
    endloop
  endfacet
  facet normal 0 -0.951056 0.309018
    outer loop
      vertex 89.4233 6.89994 63.2458
      vertex 96.4233 7.67754 65.639
      vertex 89.4233 7.67754 65.639
    endloop
  endfacet
  facet normal 0 -0.951056 0.309018
    outer loop
      vertex 96.4233 7.67754 65.639
      vertex 89.4233 6.89994 63.2458
      vertex 96.4233 6.89994 63.2458
    endloop
  endfacet
  facet normal 0 -0.951056 0.309018
    outer loop
      vertex 104.423 6.89994 63.2458
      vertex 111.423 7.67754 65.639
      vertex 104.423 7.67754 65.639
    endloop
  endfacet
  facet normal 0 -0.951056 0.309018
    outer loop
      vertex 111.423 7.67754 65.639
      vertex 104.423 6.89994 63.2458
      vertex 111.423 6.89994 63.2458
    endloop
  endfacet
  facet normal 0 -0.951056 0.309018
    outer loop
      vertex 119.423 6.89994 63.2458
      vertex 126.423 7.67754 65.639
      vertex 119.423 7.67754 65.639
    endloop
  endfacet
  facet normal 0 -0.951056 0.309018
    outer loop
      vertex 126.423 7.67754 65.639
      vertex 119.423 6.89994 63.2458
      vertex 126.423 6.89994 63.2458
    endloop
  endfacet
  facet normal 0 -0.951056 0.309018
    outer loop
      vertex 134.423 6.89994 63.2458
      vertex 141.423 7.67754 65.639
      vertex 134.423 7.67754 65.639
    endloop
  endfacet
  facet normal 0 -0.951056 0.309018
    outer loop
      vertex 141.423 7.67754 65.639
      vertex 134.423 6.89994 63.2458
      vertex 141.423 6.89994 63.2458
    endloop
  endfacet
  facet normal 0 -0.951056 0.309018
    outer loop
      vertex 149.423 6.89994 63.2458
      vertex 156.423 7.67754 65.639
      vertex 149.423 7.67754 65.639
    endloop
  endfacet
  facet normal 0 -0.951056 0.309018
    outer loop
      vertex 156.423 7.67754 65.639
      vertex 149.423 6.89994 63.2458
      vertex 156.423 6.89994 63.2458
    endloop
  endfacet
  facet normal 0 0.30885 -0.951111
    outer loop
      vertex 29.4233 175.346 58.4581
      vertex 36.4233 176.531 58.8429
      vertex 36.4233 175.346 58.4581
    endloop
  endfacet
  facet normal 0 0.30885 -0.951111
    outer loop
      vertex 36.4233 176.531 58.8429
      vertex 29.4233 175.346 58.4581
      vertex 29.4233 176.531 58.8429
    endloop
  endfacet
  facet normal 1 0 0
    outer loop
      vertex 36.4233 175.14 63.1226
      vertex 36.4233 174.983 63.0716
      vertex 36.4233 174.988 63.056
    endloop
  endfacet
  facet normal 1 -0 0
    outer loop
      vertex 36.4233 174.988 63.056
      vertex 36.4233 176.531 58.8429
      vertex 36.4233 175.14 63.1226
    endloop
  endfacet
  facet normal 1 0 0
    outer loop
      vertex 36.4233 176.531 58.8429
      vertex 36.4233 174.988 63.056
      vertex 36.4233 175.346 58.4581
    endloop
  endfacet
  facet normal 1 0 0
    outer loop
      vertex 36.4233 175.346 58.4581
      vertex 36.4233 174.988 63.056
      vertex 36.4233 173.823 62.6775
    endloop
  endfacet
  facet normal -1 0 0
    outer loop
      vertex 29.4233 174.988 63.056
      vertex 29.4233 176.531 58.8429
      vertex 29.4233 175.346 58.4581
    endloop
  endfacet
  facet normal -1 0 0
    outer loop
      vertex 29.4233 176.531 58.8429
      vertex 29.4233 174.988 63.056
      vertex 29.4233 175.14 63.1226
    endloop
  endfacet
  facet normal -1 0 -0
    outer loop
      vertex 29.4233 174.988 63.056
      vertex 29.4233 175.346 58.4581
      vertex 29.4233 173.823 62.6775
    endloop
  endfacet
  facet normal -1 0 0
    outer loop
      vertex 29.4233 175.14 63.1226
      vertex 29.4233 174.988 63.056
      vertex 29.4233 174.983 63.0716
    endloop
  endfacet
  facet normal 0 -0.308949 0.951079
    outer loop
      vertex 29.4233 175.14 63.1226
      vertex 36.4233 174.983 63.0716
      vertex 36.4233 175.14 63.1226
    endloop
  endfacet
  facet normal 0 -0.308949 0.951079
    outer loop
      vertex 36.4233 174.983 63.0716
      vertex 29.4233 175.14 63.1226
      vertex 29.4233 174.983 63.0716
    endloop
  endfacet
  facet normal 0 0.30885 -0.951111
    outer loop
      vertex 44.4233 175.346 58.4581
      vertex 51.4233 176.531 58.8429
      vertex 51.4233 175.346 58.4581
    endloop
  endfacet
  facet normal 0 0.30885 -0.951111
    outer loop
      vertex 51.4233 176.531 58.8429
      vertex 44.4233 175.346 58.4581
      vertex 44.4233 176.531 58.8429
    endloop
  endfacet
  facet normal 1 0 0
    outer loop
      vertex 51.4233 175.14 63.1226
      vertex 51.4233 174.983 63.0716
      vertex 51.4233 174.988 63.056
    endloop
  endfacet
  facet normal 1 -0 0
    outer loop
      vertex 51.4233 174.988 63.056
      vertex 51.4233 176.531 58.8429
      vertex 51.4233 175.14 63.1226
    endloop
  endfacet
  facet normal 1 0 0
    outer loop
      vertex 51.4233 176.531 58.8429
      vertex 51.4233 174.988 63.056
      vertex 51.4233 175.346 58.4581
    endloop
  endfacet
  facet normal 1 0 0
    outer loop
      vertex 51.4233 175.346 58.4581
      vertex 51.4233 174.988 63.056
      vertex 51.4233 173.823 62.6775
    endloop
  endfacet
  facet normal -1 0 0
    outer loop
      vertex 44.4233 174.988 63.056
      vertex 44.4233 176.531 58.8429
      vertex 44.4233 175.346 58.4581
    endloop
  endfacet
  facet normal -1 0 0
    outer loop
      vertex 44.4233 176.531 58.8429
      vertex 44.4233 174.988 63.056
      vertex 44.4233 175.14 63.1226
    endloop
  endfacet
  facet normal -1 0 -0
    outer loop
      vertex 44.4233 174.988 63.056
      vertex 44.4233 175.346 58.4581
      vertex 44.4233 173.823 62.6775
    endloop
  endfacet
  facet normal -1 0 0
    outer loop
      vertex 44.4233 175.14 63.1226
      vertex 44.4233 174.988 63.056
      vertex 44.4233 174.983 63.0716
    endloop
  endfacet
  facet normal 0 -0.308949 0.951079
    outer loop
      vertex 44.4233 175.14 63.1226
      vertex 51.4233 174.983 63.0716
      vertex 51.4233 175.14 63.1226
    endloop
  endfacet
  facet normal 0 -0.308949 0.951079
    outer loop
      vertex 51.4233 174.983 63.0716
      vertex 44.4233 175.14 63.1226
      vertex 44.4233 174.983 63.0716
    endloop
  endfacet
  facet normal 0 0.30885 -0.951111
    outer loop
      vertex 59.4233 175.346 58.4581
      vertex 66.4233 176.531 58.8429
      vertex 66.4233 175.346 58.4581
    endloop
  endfacet
  facet normal 0 0.30885 -0.951111
    outer loop
      vertex 66.4233 176.531 58.8429
      vertex 59.4233 175.346 58.4581
      vertex 59.4233 176.531 58.8429
    endloop
  endfacet
  facet normal 1 0 0
    outer loop
      vertex 66.4233 175.14 63.1226
      vertex 66.4233 174.983 63.0716
      vertex 66.4233 174.988 63.056
    endloop
  endfacet
  facet normal 1 -0 0
    outer loop
      vertex 66.4233 174.988 63.056
      vertex 66.4233 176.531 58.8429
      vertex 66.4233 175.14 63.1226
    endloop
  endfacet
  facet normal 1 0 0
    outer loop
      vertex 66.4233 176.531 58.8429
      vertex 66.4233 174.988 63.056
      vertex 66.4233 175.346 58.4581
    endloop
  endfacet
  facet normal 1 0 0
    outer loop
      vertex 66.4233 175.346 58.4581
      vertex 66.4233 174.988 63.056
      vertex 66.4233 173.823 62.6775
    endloop
  endfacet
  facet normal -1 0 0
    outer loop
      vertex 59.4233 174.988 63.056
      vertex 59.4233 176.531 58.8429
      vertex 59.4233 175.346 58.4581
    endloop
  endfacet
  facet normal -1 0 0
    outer loop
      vertex 59.4233 176.531 58.8429
      vertex 59.4233 174.988 63.056
      vertex 59.4233 175.14 63.1226
    endloop
  endfacet
  facet normal -1 0 -0
    outer loop
      vertex 59.4233 174.988 63.056
      vertex 59.4233 175.346 58.4581
      vertex 59.4233 173.823 62.6775
    endloop
  endfacet
  facet normal -1 0 0
    outer loop
      vertex 59.4233 175.14 63.1226
      vertex 59.4233 174.988 63.056
      vertex 59.4233 174.983 63.0716
    endloop
  endfacet
  facet normal 0 -0.308949 0.951079
    outer loop
      vertex 59.4233 175.14 63.1226
      vertex 66.4233 174.983 63.0716
      vertex 66.4233 175.14 63.1226
    endloop
  endfacet
  facet normal 0 -0.308949 0.951079
    outer loop
      vertex 66.4233 174.983 63.0716
      vertex 59.4233 175.14 63.1226
      vertex 59.4233 174.983 63.0716
    endloop
  endfacet
  facet normal 0 0.30885 -0.951111
    outer loop
      vertex 74.4233 175.346 58.4581
      vertex 81.4233 176.531 58.8429
      vertex 81.4233 175.346 58.4581
    endloop
  endfacet
  facet normal 0 0.30885 -0.951111
    outer loop
      vertex 81.4233 176.531 58.8429
      vertex 74.4233 175.346 58.4581
      vertex 74.4233 176.531 58.8429
    endloop
  endfacet
  facet normal 1 0 0
    outer loop
      vertex 81.4233 175.14 63.1226
      vertex 81.4233 174.983 63.0716
      vertex 81.4233 174.988 63.056
    endloop
  endfacet
  facet normal 1 -0 0
    outer loop
      vertex 81.4233 174.988 63.056
      vertex 81.4233 176.531 58.8429
      vertex 81.4233 175.14 63.1226
    endloop
  endfacet
  facet normal 1 0 0
    outer loop
      vertex 81.4233 176.531 58.8429
      vertex 81.4233 174.988 63.056
      vertex 81.4233 175.346 58.4581
    endloop
  endfacet
  facet normal 1 0 0
    outer loop
      vertex 81.4233 175.346 58.4581
      vertex 81.4233 174.988 63.056
      vertex 81.4233 173.823 62.6775
    endloop
  endfacet
  facet normal -1 0 0
    outer loop
      vertex 74.4233 174.988 63.056
      vertex 74.4233 176.531 58.8429
      vertex 74.4233 175.346 58.4581
    endloop
  endfacet
  facet normal -1 0 0
    outer loop
      vertex 74.4233 176.531 58.8429
      vertex 74.4233 174.988 63.056
      vertex 74.4233 175.14 63.1226
    endloop
  endfacet
  facet normal -1 0 -0
    outer loop
      vertex 74.4233 174.988 63.056
      vertex 74.4233 175.346 58.4581
      vertex 74.4233 173.823 62.6775
    endloop
  endfacet
  facet normal -1 0 0
    outer loop
      vertex 74.4233 175.14 63.1226
      vertex 74.4233 174.988 63.056
      vertex 74.4233 174.983 63.0716
    endloop
  endfacet
  facet normal 0 -0.308949 0.951079
    outer loop
      vertex 74.4233 175.14 63.1226
      vertex 81.4233 174.983 63.0716
      vertex 81.4233 175.14 63.1226
    endloop
  endfacet
  facet normal 0 -0.308949 0.951079
    outer loop
      vertex 81.4233 174.983 63.0716
      vertex 74.4233 175.14 63.1226
      vertex 74.4233 174.983 63.0716
    endloop
  endfacet
  facet normal 0 0.30885 -0.951111
    outer loop
      vertex 89.4233 175.346 58.4581
      vertex 96.4233 176.531 58.8429
      vertex 96.4233 175.346 58.4581
    endloop
  endfacet
  facet normal 0 0.30885 -0.951111
    outer loop
      vertex 96.4233 176.531 58.8429
      vertex 89.4233 175.346 58.4581
      vertex 89.4233 176.531 58.8429
    endloop
  endfacet
  facet normal 1 0 0
    outer loop
      vertex 96.4233 175.14 63.1226
      vertex 96.4233 174.983 63.0716
      vertex 96.4233 174.988 63.056
    endloop
  endfacet
  facet normal 1 -0 0
    outer loop
      vertex 96.4233 174.988 63.056
      vertex 96.4233 176.531 58.8429
      vertex 96.4233 175.14 63.1226
    endloop
  endfacet
  facet normal 1 0 0
    outer loop
      vertex 96.4233 176.531 58.8429
      vertex 96.4233 174.988 63.056
      vertex 96.4233 175.346 58.4581
    endloop
  endfacet
  facet normal 1 0 0
    outer loop
      vertex 96.4233 175.346 58.4581
      vertex 96.4233 174.988 63.056
      vertex 96.4233 173.823 62.6775
    endloop
  endfacet
  facet normal -1 0 0
    outer loop
      vertex 89.4233 174.988 63.056
      vertex 89.4233 176.531 58.8429
      vertex 89.4233 175.346 58.4581
    endloop
  endfacet
  facet normal -1 0 0
    outer loop
      vertex 89.4233 176.531 58.8429
      vertex 89.4233 174.988 63.056
      vertex 89.4233 175.14 63.1226
    endloop
  endfacet
  facet normal -1 0 -0
    outer loop
      vertex 89.4233 174.988 63.056
      vertex 89.4233 175.346 58.4581
      vertex 89.4233 173.823 62.6775
    endloop
  endfacet
  facet normal -1 0 0
    outer loop
      vertex 89.4233 175.14 63.1226
      vertex 89.4233 174.988 63.056
      vertex 89.4233 174.983 63.0716
    endloop
  endfacet
  facet normal 0 -0.308949 0.951079
    outer loop
      vertex 89.4233 175.14 63.1226
      vertex 96.4233 174.983 63.0716
      vertex 96.4233 175.14 63.1226
    endloop
  endfacet
  facet normal 0 -0.308949 0.951079
    outer loop
      vertex 96.4233 174.983 63.0716
      vertex 89.4233 175.14 63.1226
      vertex 89.4233 174.983 63.0716
    endloop
  endfacet
  facet normal 0 0.30885 -0.951111
    outer loop
      vertex 104.423 175.346 58.4581
      vertex 111.423 176.531 58.8429
      vertex 111.423 175.346 58.4581
    endloop
  endfacet
  facet normal 0 0.30885 -0.951111
    outer loop
      vertex 111.423 176.531 58.8429
      vertex 104.423 175.346 58.4581
      vertex 104.423 176.531 58.8429
    endloop
  endfacet
  facet normal 1 0 0
    outer loop
      vertex 111.423 175.14 63.1226
      vertex 111.423 174.983 63.0716
      vertex 111.423 174.988 63.056
    endloop
  endfacet
  facet normal 1 -0 0
    outer loop
      vertex 111.423 174.988 63.056
      vertex 111.423 176.531 58.8429
      vertex 111.423 175.14 63.1226
    endloop
  endfacet
  facet normal 1 0 0
    outer loop
      vertex 111.423 176.531 58.8429
      vertex 111.423 174.988 63.056
      vertex 111.423 175.346 58.4581
    endloop
  endfacet
  facet normal 1 0 0
    outer loop
      vertex 111.423 175.346 58.4581
      vertex 111.423 174.988 63.056
      vertex 111.423 173.823 62.6775
    endloop
  endfacet
  facet normal -1 0 0
    outer loop
      vertex 104.423 174.988 63.056
      vertex 104.423 176.531 58.8429
      vertex 104.423 175.346 58.4581
    endloop
  endfacet
  facet normal -1 0 0
    outer loop
      vertex 104.423 176.531 58.8429
      vertex 104.423 174.988 63.056
      vertex 104.423 175.14 63.1226
    endloop
  endfacet
  facet normal -1 0 -0
    outer loop
      vertex 104.423 174.988 63.056
      vertex 104.423 175.346 58.4581
      vertex 104.423 173.823 62.6775
    endloop
  endfacet
  facet normal -1 0 0
    outer loop
      vertex 104.423 175.14 63.1226
      vertex 104.423 174.988 63.056
      vertex 104.423 174.983 63.0716
    endloop
  endfacet
  facet normal 0 -0.308949 0.951079
    outer loop
      vertex 104.423 175.14 63.1226
      vertex 111.423 174.983 63.0716
      vertex 111.423 175.14 63.1226
    endloop
  endfacet
  facet normal 0 -0.308949 0.951079
    outer loop
      vertex 111.423 174.983 63.0716
      vertex 104.423 175.14 63.1226
      vertex 104.423 174.983 63.0716
    endloop
  endfacet
  facet normal 0 0.30885 -0.951111
    outer loop
      vertex 119.423 175.346 58.4581
      vertex 126.423 176.531 58.8429
      vertex 126.423 175.346 58.4581
    endloop
  endfacet
  facet normal 0 0.30885 -0.951111
    outer loop
      vertex 126.423 176.531 58.8429
      vertex 119.423 175.346 58.4581
      vertex 119.423 176.531 58.8429
    endloop
  endfacet
  facet normal 1 0 0
    outer loop
      vertex 126.423 175.14 63.1226
      vertex 126.423 174.983 63.0716
      vertex 126.423 174.988 63.056
    endloop
  endfacet
  facet normal 1 -0 0
    outer loop
      vertex 126.423 174.988 63.056
      vertex 126.423 176.531 58.8429
      vertex 126.423 175.14 63.1226
    endloop
  endfacet
  facet normal 1 0 0
    outer loop
      vertex 126.423 176.531 58.8429
      vertex 126.423 174.988 63.056
      vertex 126.423 175.346 58.4581
    endloop
  endfacet
  facet normal 1 0 0
    outer loop
      vertex 126.423 175.346 58.4581
      vertex 126.423 174.988 63.056
      vertex 126.423 173.823 62.6775
    endloop
  endfacet
  facet normal -1 0 0
    outer loop
      vertex 119.423 174.988 63.056
      vertex 119.423 176.531 58.8429
      vertex 119.423 175.346 58.4581
    endloop
  endfacet
  facet normal -1 0 0
    outer loop
      vertex 119.423 176.531 58.8429
      vertex 119.423 174.988 63.056
      vertex 119.423 175.14 63.1226
    endloop
  endfacet
  facet normal -1 0 -0
    outer loop
      vertex 119.423 174.988 63.056
      vertex 119.423 175.346 58.4581
      vertex 119.423 173.823 62.6775
    endloop
  endfacet
  facet normal -1 0 0
    outer loop
      vertex 119.423 175.14 63.1226
      vertex 119.423 174.988 63.056
      vertex 119.423 174.983 63.0716
    endloop
  endfacet
  facet normal 0 -0.308949 0.951079
    outer loop
      vertex 119.423 175.14 63.1226
      vertex 126.423 174.983 63.0716
      vertex 126.423 175.14 63.1226
    endloop
  endfacet
  facet normal 0 -0.308949 0.951079
    outer loop
      vertex 126.423 174.983 63.0716
      vertex 119.423 175.14 63.1226
      vertex 119.423 174.983 63.0716
    endloop
  endfacet
  facet normal 0 0.30885 -0.951111
    outer loop
      vertex 134.423 175.346 58.4581
      vertex 141.423 176.531 58.8429
      vertex 141.423 175.346 58.4581
    endloop
  endfacet
  facet normal 0 0.30885 -0.951111
    outer loop
      vertex 141.423 176.531 58.8429
      vertex 134.423 175.346 58.4581
      vertex 134.423 176.531 58.8429
    endloop
  endfacet
  facet normal 1 0 0
    outer loop
      vertex 141.423 175.14 63.1226
      vertex 141.423 174.983 63.0716
      vertex 141.423 174.988 63.056
    endloop
  endfacet
  facet normal 1 -0 0
    outer loop
      vertex 141.423 174.988 63.056
      vertex 141.423 176.531 58.8429
      vertex 141.423 175.14 63.1226
    endloop
  endfacet
  facet normal 1 0 0
    outer loop
      vertex 141.423 176.531 58.8429
      vertex 141.423 174.988 63.056
      vertex 141.423 175.346 58.4581
    endloop
  endfacet
  facet normal 1 0 0
    outer loop
      vertex 141.423 175.346 58.4581
      vertex 141.423 174.988 63.056
      vertex 141.423 173.823 62.6775
    endloop
  endfacet
  facet normal -1 0 0
    outer loop
      vertex 134.423 174.988 63.056
      vertex 134.423 176.531 58.8429
      vertex 134.423 175.346 58.4581
    endloop
  endfacet
  facet normal -1 0 0
    outer loop
      vertex 134.423 176.531 58.8429
      vertex 134.423 174.988 63.056
      vertex 134.423 175.14 63.1226
    endloop
  endfacet
  facet normal -1 0 -0
    outer loop
      vertex 134.423 174.988 63.056
      vertex 134.423 175.346 58.4581
      vertex 134.423 173.823 62.6775
    endloop
  endfacet
  facet normal -1 0 0
    outer loop
      vertex 134.423 175.14 63.1226
      vertex 134.423 174.988 63.056
      vertex 134.423 174.983 63.0716
    endloop
  endfacet
  facet normal 0 -0.308949 0.951079
    outer loop
      vertex 134.423 175.14 63.1226
      vertex 141.423 174.983 63.0716
      vertex 141.423 175.14 63.1226
    endloop
  endfacet
  facet normal 0 -0.308949 0.951079
    outer loop
      vertex 141.423 174.983 63.0716
      vertex 134.423 175.14 63.1226
      vertex 134.423 174.983 63.0716
    endloop
  endfacet
  facet normal 0 0.30885 -0.951111
    outer loop
      vertex 149.423 175.346 58.4581
      vertex 156.423 176.531 58.8429
      vertex 156.423 175.346 58.4581
    endloop
  endfacet
  facet normal 0 0.30885 -0.951111
    outer loop
      vertex 156.423 176.531 58.8429
      vertex 149.423 175.346 58.4581
      vertex 149.423 176.531 58.8429
    endloop
  endfacet
  facet normal 1 0 0
    outer loop
      vertex 156.423 175.14 63.1226
      vertex 156.423 174.983 63.0716
      vertex 156.423 174.988 63.056
    endloop
  endfacet
  facet normal 1 -0 0
    outer loop
      vertex 156.423 174.988 63.056
      vertex 156.423 176.531 58.8429
      vertex 156.423 175.14 63.1226
    endloop
  endfacet
  facet normal 1 0 0
    outer loop
      vertex 156.423 176.531 58.8429
      vertex 156.423 174.988 63.056
      vertex 156.423 175.346 58.4581
    endloop
  endfacet
  facet normal 1 0 0
    outer loop
      vertex 156.423 175.346 58.4581
      vertex 156.423 174.988 63.056
      vertex 156.423 173.823 62.6775
    endloop
  endfacet
  facet normal -1 0 0
    outer loop
      vertex 149.423 174.988 63.056
      vertex 149.423 176.531 58.8429
      vertex 149.423 175.346 58.4581
    endloop
  endfacet
  facet normal -1 0 0
    outer loop
      vertex 149.423 176.531 58.8429
      vertex 149.423 174.988 63.056
      vertex 149.423 175.14 63.1226
    endloop
  endfacet
  facet normal -1 0 -0
    outer loop
      vertex 149.423 174.988 63.056
      vertex 149.423 175.346 58.4581
      vertex 149.423 173.823 62.6775
    endloop
  endfacet
  facet normal -1 0 0
    outer loop
      vertex 149.423 175.14 63.1226
      vertex 149.423 174.988 63.056
      vertex 149.423 174.983 63.0716
    endloop
  endfacet
  facet normal 0 -0.308949 0.951079
    outer loop
      vertex 149.423 175.14 63.1226
      vertex 156.423 174.983 63.0716
      vertex 156.423 175.14 63.1226
    endloop
  endfacet
  facet normal 0 -0.308949 0.951079
    outer loop
      vertex 156.423 174.983 63.0716
      vertex 149.423 175.14 63.1226
      vertex 149.423 174.983 63.0716
    endloop
  endfacet
  facet normal 1 0 0
    outer loop
      vertex 40.614 170.578 74.2
      vertex 40.614 169.663 74.2
      vertex 40.614 169.759 73.9339
    endloop
  endfacet
  facet normal -1 0 0
    outer loop
      vertex 33.614 169.759 73.9339
      vertex 33.614 169.663 74.2
      vertex 33.614 170.578 74.2
    endloop
  endfacet
  facet normal 0 0.309007 -0.95106
    outer loop
      vertex 33.614 169.759 73.9339
      vertex 40.614 170.578 74.2
      vertex 40.614 169.759 73.9339
    endloop
  endfacet
  facet normal 0 0.309007 -0.95106
    outer loop
      vertex 40.614 170.578 74.2
      vertex 33.614 169.759 73.9339
      vertex 33.614 170.578 74.2
    endloop
  endfacet
  facet normal 1 0 0
    outer loop
      vertex 55.614 170.578 74.2
      vertex 55.614 169.663 74.2
      vertex 55.614 169.759 73.9339
    endloop
  endfacet
  facet normal -1 0 0
    outer loop
      vertex 48.614 169.759 73.9339
      vertex 48.614 169.663 74.2
      vertex 48.614 170.578 74.2
    endloop
  endfacet
  facet normal 0 0.309007 -0.95106
    outer loop
      vertex 48.614 169.759 73.9339
      vertex 55.614 170.578 74.2
      vertex 55.614 169.759 73.9339
    endloop
  endfacet
  facet normal 0 0.309007 -0.95106
    outer loop
      vertex 55.614 170.578 74.2
      vertex 48.614 169.759 73.9339
      vertex 48.614 170.578 74.2
    endloop
  endfacet
  facet normal 1 0 0
    outer loop
      vertex 70.614 170.578 74.2
      vertex 70.614 169.663 74.2
      vertex 70.614 169.759 73.9339
    endloop
  endfacet
  facet normal -1 0 0
    outer loop
      vertex 63.614 169.759 73.9339
      vertex 63.614 169.663 74.2
      vertex 63.614 170.578 74.2
    endloop
  endfacet
  facet normal 0 0.309007 -0.95106
    outer loop
      vertex 63.614 169.759 73.9339
      vertex 70.614 170.578 74.2
      vertex 70.614 169.759 73.9339
    endloop
  endfacet
  facet normal 0 0.309007 -0.95106
    outer loop
      vertex 70.614 170.578 74.2
      vertex 63.614 169.759 73.9339
      vertex 63.614 170.578 74.2
    endloop
  endfacet
  facet normal 1 0 0
    outer loop
      vertex 85.614 170.578 74.2
      vertex 85.614 169.663 74.2
      vertex 85.614 169.759 73.9339
    endloop
  endfacet
  facet normal -1 0 0
    outer loop
      vertex 78.614 169.759 73.9339
      vertex 78.614 169.663 74.2
      vertex 78.614 170.578 74.2
    endloop
  endfacet
  facet normal 0 0.309007 -0.95106
    outer loop
      vertex 78.614 169.759 73.9339
      vertex 85.614 170.578 74.2
      vertex 85.614 169.759 73.9339
    endloop
  endfacet
  facet normal 0 0.309007 -0.95106
    outer loop
      vertex 85.614 170.578 74.2
      vertex 78.614 169.759 73.9339
      vertex 78.614 170.578 74.2
    endloop
  endfacet
  facet normal 1 0 0
    outer loop
      vertex 100.614 170.578 74.2
      vertex 100.614 169.663 74.2
      vertex 100.614 169.759 73.9339
    endloop
  endfacet
  facet normal -1 0 0
    outer loop
      vertex 93.614 169.759 73.9339
      vertex 93.614 169.663 74.2
      vertex 93.614 170.578 74.2
    endloop
  endfacet
  facet normal 0 0.309007 -0.95106
    outer loop
      vertex 93.614 169.759 73.9339
      vertex 100.614 170.578 74.2
      vertex 100.614 169.759 73.9339
    endloop
  endfacet
  facet normal 0 0.309007 -0.95106
    outer loop
      vertex 100.614 170.578 74.2
      vertex 93.614 169.759 73.9339
      vertex 93.614 170.578 74.2
    endloop
  endfacet
  facet normal 1 0 0
    outer loop
      vertex 115.614 170.578 74.2
      vertex 115.614 169.663 74.2
      vertex 115.614 169.759 73.9339
    endloop
  endfacet
  facet normal -1 0 0
    outer loop
      vertex 108.614 169.759 73.9339
      vertex 108.614 169.663 74.2
      vertex 108.614 170.578 74.2
    endloop
  endfacet
  facet normal 0 0.309007 -0.95106
    outer loop
      vertex 108.614 169.759 73.9339
      vertex 115.614 170.578 74.2
      vertex 115.614 169.759 73.9339
    endloop
  endfacet
  facet normal 0 0.309007 -0.95106
    outer loop
      vertex 115.614 170.578 74.2
      vertex 108.614 169.759 73.9339
      vertex 108.614 170.578 74.2
    endloop
  endfacet
  facet normal 1 0 0
    outer loop
      vertex 130.614 170.578 74.2
      vertex 130.614 169.663 74.2
      vertex 130.614 169.759 73.9339
    endloop
  endfacet
  facet normal -1 0 0
    outer loop
      vertex 123.614 169.759 73.9339
      vertex 123.614 169.663 74.2
      vertex 123.614 170.578 74.2
    endloop
  endfacet
  facet normal 0 0.309007 -0.95106
    outer loop
      vertex 123.614 169.759 73.9339
      vertex 130.614 170.578 74.2
      vertex 130.614 169.759 73.9339
    endloop
  endfacet
  facet normal 0 0.309007 -0.95106
    outer loop
      vertex 130.614 170.578 74.2
      vertex 123.614 169.759 73.9339
      vertex 123.614 170.578 74.2
    endloop
  endfacet
  facet normal 1 0 0
    outer loop
      vertex 145.614 170.578 74.2
      vertex 145.614 169.663 74.2
      vertex 145.614 169.759 73.9339
    endloop
  endfacet
  facet normal -1 0 0
    outer loop
      vertex 138.614 169.759 73.9339
      vertex 138.614 169.663 74.2
      vertex 138.614 170.578 74.2
    endloop
  endfacet
  facet normal 0 0.309007 -0.95106
    outer loop
      vertex 138.614 169.759 73.9339
      vertex 145.614 170.578 74.2
      vertex 145.614 169.759 73.9339
    endloop
  endfacet
  facet normal 0 0.309007 -0.95106
    outer loop
      vertex 145.614 170.578 74.2
      vertex 138.614 169.759 73.9339
      vertex 138.614 170.578 74.2
    endloop
  endfacet
  facet normal 1 0 0
    outer loop
      vertex 160.614 170.578 74.2
      vertex 160.614 169.663 74.2
      vertex 160.614 169.759 73.9339
    endloop
  endfacet
  facet normal -1 0 0
    outer loop
      vertex 153.614 169.759 73.9339
      vertex 153.614 169.663 74.2
      vertex 153.614 170.578 74.2
    endloop
  endfacet
  facet normal 0 0.309007 -0.95106
    outer loop
      vertex 153.614 169.759 73.9339
      vertex 160.614 170.578 74.2
      vertex 160.614 169.759 73.9339
    endloop
  endfacet
  facet normal 0 0.309007 -0.95106
    outer loop
      vertex 160.614 170.578 74.2
      vertex 153.614 169.759 73.9339
      vertex 153.614 170.578 74.2
    endloop
  endfacet
  facet normal 1 0 0
    outer loop
      vertex 182.084 174.679 64.007
      vertex 182.084 173.823 62.6775
      vertex 182.084 174.988 63.056
    endloop
  endfacet
  facet normal 1 0 -0
    outer loop
      vertex 182.084 173.823 62.6775
      vertex 182.084 174.679 64.007
      vertex 182.084 173.483 63.6186
    endloop
  endfacet
  facet normal 0 0.952282 0.305219
    outer loop
      vertex 44.4233 174.988 63.056
      vertex 36.4233 174.983 63.0716
      vertex 44.4233 174.983 63.0716
    endloop
  endfacet
  facet normal 0 0.952282 0.305219
    outer loop
      vertex 36.4233 174.983 63.0716
      vertex 44.4233 174.988 63.056
      vertex 36.4233 174.988 63.056
    endloop
  endfacet
  facet normal 0 0.952282 0.305219
    outer loop
      vertex 59.4233 174.988 63.056
      vertex 51.4233 174.983 63.0716
      vertex 59.4233 174.983 63.0716
    endloop
  endfacet
  facet normal 0 0.952282 0.305219
    outer loop
      vertex 51.4233 174.983 63.0716
      vertex 59.4233 174.988 63.056
      vertex 51.4233 174.988 63.056
    endloop
  endfacet
  facet normal 0 0.952282 0.305219
    outer loop
      vertex 74.4233 174.988 63.056
      vertex 66.4233 174.983 63.0716
      vertex 74.4233 174.983 63.0716
    endloop
  endfacet
  facet normal 0 0.952282 0.305219
    outer loop
      vertex 66.4233 174.983 63.0716
      vertex 74.4233 174.988 63.056
      vertex 66.4233 174.988 63.056
    endloop
  endfacet
  facet normal 0 0.952282 0.305219
    outer loop
      vertex 89.4233 174.988 63.056
      vertex 81.4233 174.983 63.0716
      vertex 89.4233 174.983 63.0716
    endloop
  endfacet
  facet normal 0 0.952282 0.305219
    outer loop
      vertex 81.4233 174.983 63.0716
      vertex 89.4233 174.988 63.056
      vertex 81.4233 174.988 63.056
    endloop
  endfacet
  facet normal 0 0.952282 0.305219
    outer loop
      vertex 104.423 174.988 63.056
      vertex 96.4233 174.983 63.0716
      vertex 104.423 174.983 63.0716
    endloop
  endfacet
  facet normal 0 0.952282 0.305219
    outer loop
      vertex 96.4233 174.983 63.0716
      vertex 104.423 174.988 63.056
      vertex 96.4233 174.988 63.056
    endloop
  endfacet
  facet normal 0 0.952282 0.305219
    outer loop
      vertex 119.423 174.988 63.056
      vertex 111.423 174.983 63.0716
      vertex 119.423 174.983 63.0716
    endloop
  endfacet
  facet normal 0 0.952282 0.305219
    outer loop
      vertex 111.423 174.983 63.0716
      vertex 119.423 174.988 63.056
      vertex 111.423 174.988 63.056
    endloop
  endfacet
  facet normal 0 0.952282 0.305219
    outer loop
      vertex 134.423 174.988 63.056
      vertex 126.423 174.983 63.0716
      vertex 134.423 174.983 63.0716
    endloop
  endfacet
  facet normal 0 0.952282 0.305219
    outer loop
      vertex 126.423 174.983 63.0716
      vertex 134.423 174.988 63.056
      vertex 126.423 174.988 63.056
    endloop
  endfacet
  facet normal 0 0.952282 0.305219
    outer loop
      vertex 149.423 174.988 63.056
      vertex 141.423 174.983 63.0716
      vertex 149.423 174.983 63.0716
    endloop
  endfacet
  facet normal 0 0.952282 0.305219
    outer loop
      vertex 141.423 174.983 63.0716
      vertex 149.423 174.988 63.056
      vertex 141.423 174.988 63.056
    endloop
  endfacet
  facet normal -0 0.951036 0.309081
    outer loop
      vertex 149.423 174.983 63.0716
      vertex 182.084 174.679 64.007
      vertex 156.423 174.983 63.0716
    endloop
  endfacet
  facet normal 2.54877e-06 0.951056 0.309018
    outer loop
      vertex 182.084 174.988 63.056
      vertex 156.423 174.983 63.0716
      vertex 182.084 174.679 64.007
    endloop
  endfacet
  facet normal 0 0.952282 0.305219
    outer loop
      vertex 156.423 174.983 63.0716
      vertex 182.084 174.988 63.056
      vertex 156.423 174.988 63.056
    endloop
  endfacet
  facet normal -0 0.951036 0.309081
    outer loop
      vertex 141.423 174.983 63.0716
      vertex 182.084 174.679 64.007
      vertex 149.423 174.983 63.0716
    endloop
  endfacet
  facet normal -0 0.951036 0.309081
    outer loop
      vertex 134.423 174.983 63.0716
      vertex 182.084 174.679 64.007
      vertex 141.423 174.983 63.0716
    endloop
  endfacet
  facet normal -0 0.951036 0.309081
    outer loop
      vertex 126.423 174.983 63.0716
      vertex 182.084 174.679 64.007
      vertex 134.423 174.983 63.0716
    endloop
  endfacet
  facet normal 0 0.951036 0.309081
    outer loop
      vertex 182.084 174.679 64.007
      vertex 126.423 174.983 63.0716
      vertex 25.9163 174.679 64.007
    endloop
  endfacet
  facet normal -0 0.951036 0.309081
    outer loop
      vertex 119.423 174.983 63.0716
      vertex 25.9163 174.679 64.007
      vertex 126.423 174.983 63.0716
    endloop
  endfacet
  facet normal -0 0.951036 0.309081
    outer loop
      vertex 111.423 174.983 63.0716
      vertex 25.9163 174.679 64.007
      vertex 119.423 174.983 63.0716
    endloop
  endfacet
  facet normal -0 0.951036 0.309081
    outer loop
      vertex 104.423 174.983 63.0716
      vertex 25.9163 174.679 64.007
      vertex 111.423 174.983 63.0716
    endloop
  endfacet
  facet normal -0 0.951036 0.309081
    outer loop
      vertex 96.4233 174.983 63.0716
      vertex 25.9163 174.679 64.007
      vertex 104.423 174.983 63.0716
    endloop
  endfacet
  facet normal -0 0.951036 0.309081
    outer loop
      vertex 89.4233 174.983 63.0716
      vertex 25.9163 174.679 64.007
      vertex 96.4233 174.983 63.0716
    endloop
  endfacet
  facet normal -0 0.951036 0.309081
    outer loop
      vertex 81.4233 174.983 63.0716
      vertex 25.9163 174.679 64.007
      vertex 89.4233 174.983 63.0716
    endloop
  endfacet
  facet normal -0 0.951036 0.309081
    outer loop
      vertex 74.4233 174.983 63.0716
      vertex 25.9163 174.679 64.007
      vertex 81.4233 174.983 63.0716
    endloop
  endfacet
  facet normal -0 0.951036 0.309081
    outer loop
      vertex 66.4233 174.983 63.0716
      vertex 25.9163 174.679 64.007
      vertex 74.4233 174.983 63.0716
    endloop
  endfacet
  facet normal -0 0.951036 0.309081
    outer loop
      vertex 59.4233 174.983 63.0716
      vertex 25.9163 174.679 64.007
      vertex 66.4233 174.983 63.0716
    endloop
  endfacet
  facet normal -0 0.951036 0.309081
    outer loop
      vertex 51.4233 174.983 63.0716
      vertex 25.9163 174.679 64.007
      vertex 59.4233 174.983 63.0716
    endloop
  endfacet
  facet normal -0 0.951036 0.309081
    outer loop
      vertex 44.4233 174.983 63.0716
      vertex 25.9163 174.679 64.007
      vertex 51.4233 174.983 63.0716
    endloop
  endfacet
  facet normal -0 0.951036 0.309081
    outer loop
      vertex 36.4233 174.983 63.0716
      vertex 25.9163 174.679 64.007
      vertex 44.4233 174.983 63.0716
    endloop
  endfacet
  facet normal -0 0.951036 0.309081
    outer loop
      vertex 29.4233 174.983 63.0716
      vertex 25.9163 174.679 64.007
      vertex 36.4233 174.983 63.0716
    endloop
  endfacet
  facet normal -0 0.952282 0.305219
    outer loop
      vertex 25.9163 174.988 63.056
      vertex 29.4233 174.983 63.0716
      vertex 29.4233 174.988 63.056
    endloop
  endfacet
  facet normal -1.86495e-05 0.951056 0.309018
    outer loop
      vertex 29.4233 174.983 63.0716
      vertex 25.9163 174.988 63.056
      vertex 25.9163 174.679 64.007
    endloop
  endfacet
  facet normal -1 0 0
    outer loop
      vertex 25.9163 173.823 62.6775
      vertex 25.9163 174.679 64.007
      vertex 25.9163 174.988 63.056
    endloop
  endfacet
  facet normal -1 0 0
    outer loop
      vertex 25.9163 174.679 64.007
      vertex 25.9163 173.823 62.6775
      vertex 25.9163 173.483 63.6186
    endloop
  endfacet
  facet normal 0 0.308994 -0.951064
    outer loop
      vertex 25.9163 173.823 62.6775
      vertex 29.4233 174.988 63.056
      vertex 29.4233 173.823 62.6775
    endloop
  endfacet
  facet normal 0 0.308994 -0.951064
    outer loop
      vertex 29.4233 174.988 63.056
      vertex 25.9163 173.823 62.6775
      vertex 25.9163 174.988 63.056
    endloop
  endfacet
  facet normal 0 0.308994 -0.951064
    outer loop
      vertex 156.423 173.823 62.6775
      vertex 182.084 174.988 63.056
      vertex 182.084 173.823 62.6775
    endloop
  endfacet
  facet normal 0 0.308994 -0.951064
    outer loop
      vertex 182.084 174.988 63.056
      vertex 156.423 173.823 62.6775
      vertex 156.423 174.988 63.056
    endloop
  endfacet
  facet normal 0 0.308994 -0.951064
    outer loop
      vertex 36.4233 173.823 62.6775
      vertex 44.4233 174.988 63.056
      vertex 44.4233 173.823 62.6775
    endloop
  endfacet
  facet normal 0 0.308994 -0.951064
    outer loop
      vertex 44.4233 174.988 63.056
      vertex 36.4233 173.823 62.6775
      vertex 36.4233 174.988 63.056
    endloop
  endfacet
  facet normal 0 0.308994 -0.951064
    outer loop
      vertex 51.4233 173.823 62.6775
      vertex 59.4233 174.988 63.056
      vertex 59.4233 173.823 62.6775
    endloop
  endfacet
  facet normal 0 0.308994 -0.951064
    outer loop
      vertex 59.4233 174.988 63.056
      vertex 51.4233 173.823 62.6775
      vertex 51.4233 174.988 63.056
    endloop
  endfacet
  facet normal 0 0.308994 -0.951064
    outer loop
      vertex 66.4233 173.823 62.6775
      vertex 74.4233 174.988 63.056
      vertex 74.4233 173.823 62.6775
    endloop
  endfacet
  facet normal 0 0.308994 -0.951064
    outer loop
      vertex 74.4233 174.988 63.056
      vertex 66.4233 173.823 62.6775
      vertex 66.4233 174.988 63.056
    endloop
  endfacet
  facet normal 0 0.308994 -0.951064
    outer loop
      vertex 81.4233 173.823 62.6775
      vertex 89.4233 174.988 63.056
      vertex 89.4233 173.823 62.6775
    endloop
  endfacet
  facet normal 0 0.308994 -0.951064
    outer loop
      vertex 89.4233 174.988 63.056
      vertex 81.4233 173.823 62.6775
      vertex 81.4233 174.988 63.056
    endloop
  endfacet
  facet normal 0 0.308994 -0.951064
    outer loop
      vertex 96.4233 173.823 62.6775
      vertex 104.423 174.988 63.056
      vertex 104.423 173.823 62.6775
    endloop
  endfacet
  facet normal 0 0.308994 -0.951064
    outer loop
      vertex 104.423 174.988 63.056
      vertex 96.4233 173.823 62.6775
      vertex 96.4233 174.988 63.056
    endloop
  endfacet
  facet normal 0 0.308994 -0.951064
    outer loop
      vertex 111.423 173.823 62.6775
      vertex 119.423 174.988 63.056
      vertex 119.423 173.823 62.6775
    endloop
  endfacet
  facet normal 0 0.308994 -0.951064
    outer loop
      vertex 119.423 174.988 63.056
      vertex 111.423 173.823 62.6775
      vertex 111.423 174.988 63.056
    endloop
  endfacet
  facet normal 0 0.308994 -0.951064
    outer loop
      vertex 126.423 173.823 62.6775
      vertex 134.423 174.988 63.056
      vertex 134.423 173.823 62.6775
    endloop
  endfacet
  facet normal 0 0.308994 -0.951064
    outer loop
      vertex 134.423 174.988 63.056
      vertex 126.423 173.823 62.6775
      vertex 126.423 174.988 63.056
    endloop
  endfacet
  facet normal 0 0.308994 -0.951064
    outer loop
      vertex 141.423 173.823 62.6775
      vertex 149.423 174.988 63.056
      vertex 149.423 173.823 62.6775
    endloop
  endfacet
  facet normal 0 0.308994 -0.951064
    outer loop
      vertex 149.423 174.988 63.056
      vertex 141.423 173.823 62.6775
      vertex 141.423 174.988 63.056
    endloop
  endfacet
  facet normal 0 -0.30887 0.951104
    outer loop
      vertex 25.9163 174.679 64.007
      vertex 182.084 173.483 63.6186
      vertex 182.084 174.679 64.007
    endloop
  endfacet
  facet normal 0 -0.30887 0.951104
    outer loop
      vertex 182.084 173.483 63.6186
      vertex 25.9163 174.679 64.007
      vertex 25.9163 173.483 63.6186
    endloop
  endfacet
  facet normal 0 0.951028 0.309106
    outer loop
      vertex 36.4233 176.531 58.8429
      vertex 29.4233 175.14 63.1226
      vertex 36.4233 175.14 63.1226
    endloop
  endfacet
  facet normal 0 0.951028 0.309106
    outer loop
      vertex 29.4233 175.14 63.1226
      vertex 36.4233 176.531 58.8429
      vertex 29.4233 176.531 58.8429
    endloop
  endfacet
  facet normal 0 0.951028 0.309106
    outer loop
      vertex 51.4233 176.531 58.8429
      vertex 44.4233 175.14 63.1226
      vertex 51.4233 175.14 63.1226
    endloop
  endfacet
  facet normal 0 0.951028 0.309106
    outer loop
      vertex 44.4233 175.14 63.1226
      vertex 51.4233 176.531 58.8429
      vertex 44.4233 176.531 58.8429
    endloop
  endfacet
  facet normal 0 0.951028 0.309106
    outer loop
      vertex 66.4233 176.531 58.8429
      vertex 59.4233 175.14 63.1226
      vertex 66.4233 175.14 63.1226
    endloop
  endfacet
  facet normal 0 0.951028 0.309106
    outer loop
      vertex 59.4233 175.14 63.1226
      vertex 66.4233 176.531 58.8429
      vertex 59.4233 176.531 58.8429
    endloop
  endfacet
  facet normal 0 0.951028 0.309106
    outer loop
      vertex 81.4233 176.531 58.8429
      vertex 74.4233 175.14 63.1226
      vertex 81.4233 175.14 63.1226
    endloop
  endfacet
  facet normal 0 0.951028 0.309106
    outer loop
      vertex 74.4233 175.14 63.1226
      vertex 81.4233 176.531 58.8429
      vertex 74.4233 176.531 58.8429
    endloop
  endfacet
  facet normal 0 0.951028 0.309106
    outer loop
      vertex 96.4233 176.531 58.8429
      vertex 89.4233 175.14 63.1226
      vertex 96.4233 175.14 63.1226
    endloop
  endfacet
  facet normal 0 0.951028 0.309106
    outer loop
      vertex 89.4233 175.14 63.1226
      vertex 96.4233 176.531 58.8429
      vertex 89.4233 176.531 58.8429
    endloop
  endfacet
  facet normal 0 0.951028 0.309106
    outer loop
      vertex 111.423 176.531 58.8429
      vertex 104.423 175.14 63.1226
      vertex 111.423 175.14 63.1226
    endloop
  endfacet
  facet normal 0 0.951028 0.309106
    outer loop
      vertex 104.423 175.14 63.1226
      vertex 111.423 176.531 58.8429
      vertex 104.423 176.531 58.8429
    endloop
  endfacet
  facet normal 0 0.951028 0.309106
    outer loop
      vertex 126.423 176.531 58.8429
      vertex 119.423 175.14 63.1226
      vertex 126.423 175.14 63.1226
    endloop
  endfacet
  facet normal 0 0.951028 0.309106
    outer loop
      vertex 119.423 175.14 63.1226
      vertex 126.423 176.531 58.8429
      vertex 119.423 176.531 58.8429
    endloop
  endfacet
  facet normal 0 0.951028 0.309106
    outer loop
      vertex 141.423 176.531 58.8429
      vertex 134.423 175.14 63.1226
      vertex 141.423 175.14 63.1226
    endloop
  endfacet
  facet normal 0 0.951028 0.309106
    outer loop
      vertex 134.423 175.14 63.1226
      vertex 141.423 176.531 58.8429
      vertex 134.423 176.531 58.8429
    endloop
  endfacet
  facet normal 0 0.951028 0.309106
    outer loop
      vertex 156.423 176.531 58.8429
      vertex 149.423 175.14 63.1226
      vertex 156.423 175.14 63.1226
    endloop
  endfacet
  facet normal 0 0.951028 0.309106
    outer loop
      vertex 149.423 175.14 63.1226
      vertex 156.423 176.531 58.8429
      vertex 149.423 176.531 58.8429
    endloop
  endfacet
  facet normal 0.321498 0.94691 -0
    outer loop
      vertex 31.5307 58.6955 13
      vertex 31.0353 58.8637 42
      vertex 31.5307 58.6955 42
    endloop
  endfacet
  facet normal 0.321498 0.94691 0
    outer loop
      vertex 31.0353 58.8637 42
      vertex 31.5307 58.6955 13
      vertex 31.0353 58.8637 13
    endloop
  endfacet
  facet normal 0.980779 0.195124 0
    outer loop
      vertex 33.9658 55.5221 42
      vertex 33.8637 56.0353 13
      vertex 33.8637 56.0353 42
    endloop
  endfacet
  facet normal 0.980779 0.195124 0
    outer loop
      vertex 33.8637 56.0353 13
      vertex 33.9658 55.5221 42
      vertex 33.9658 55.5221 13
    endloop
  endfacet
  facet normal 0.997861 0.0653646 0
    outer loop
      vertex 34 55 42
      vertex 33.9658 55.5221 13
      vertex 33.9658 55.5221 42
    endloop
  endfacet
  facet normal 0.997861 0.0653646 0
    outer loop
      vertex 33.9658 55.5221 13
      vertex 34 55 42
      vertex 34 55 13
    endloop
  endfacet
  facet normal 0.94691 0.321498 0
    outer loop
      vertex 33.8637 56.0353 42
      vertex 33.6955 56.5307 13
      vertex 33.6955 56.5307 42
    endloop
  endfacet
  facet normal 0.94691 0.321498 0
    outer loop
      vertex 33.6955 56.5307 13
      vertex 33.8637 56.0353 42
      vertex 33.8637 56.0353 13
    endloop
  endfacet
  facet normal 0.442238 0.896898 -0
    outer loop
      vertex 32 58.4641 13
      vertex 31.5307 58.6955 42
      vertex 32 58.4641 42
    endloop
  endfacet
  facet normal 0.442238 0.896898 0
    outer loop
      vertex 31.5307 58.6955 42
      vertex 32 58.4641 13
      vertex 31.5307 58.6955 13
    endloop
  endfacet
  facet normal -0.997861 -0.0653646 0
    outer loop
      vertex 26.0342 54.4779 13
      vertex 26 55 42
      vertex 26 55 13
    endloop
  endfacet
  facet normal -0.997861 -0.0653646 0
    outer loop
      vertex 26 55 42
      vertex 26.0342 54.4779 13
      vertex 26.0342 54.4779 42
    endloop
  endfacet
  facet normal 0.896898 0.442238 0
    outer loop
      vertex 33.6955 56.5307 42
      vertex 33.4641 57 13
      vertex 33.4641 57 42
    endloop
  endfacet
  facet normal 0.896898 0.442238 0
    outer loop
      vertex 33.4641 57 13
      vertex 33.6955 56.5307 42
      vertex 33.6955 56.5307 13
    endloop
  endfacet
  facet normal 0.831432 0.555626 0
    outer loop
      vertex 33.4641 57 42
      vertex 33.1734 57.435 13
      vertex 33.1734 57.435 42
    endloop
  endfacet
  facet normal 0.831432 0.555626 0
    outer loop
      vertex 33.1734 57.435 13
      vertex 33.4641 57 42
      vertex 33.4641 57 13
    endloop
  endfacet
  facet normal 0.659343 0.751842 -0
    outer loop
      vertex 32.8284 57.8284 13
      vertex 32.435 58.1734 42
      vertex 32.8284 57.8284 42
    endloop
  endfacet
  facet normal 0.659343 0.751842 0
    outer loop
      vertex 32.435 58.1734 42
      vertex 32.8284 57.8284 13
      vertex 32.435 58.1734 13
    endloop
  endfacet
  facet normal -0.659343 0.751842 0
    outer loop
      vertex 27.565 58.1734 13
      vertex 27.1716 57.8284 42
      vertex 27.565 58.1734 42
    endloop
  endfacet
  facet normal -0.659343 0.751842 0
    outer loop
      vertex 27.1716 57.8284 42
      vertex 27.565 58.1734 13
      vertex 27.1716 57.8284 13
    endloop
  endfacet
  facet normal 0.751842 0.659343 0
    outer loop
      vertex 33.1734 57.435 42
      vertex 32.8284 57.8284 13
      vertex 32.8284 57.8284 42
    endloop
  endfacet
  facet normal 0.751842 0.659343 0
    outer loop
      vertex 32.8284 57.8284 13
      vertex 33.1734 57.435 42
      vertex 33.1734 57.435 13
    endloop
  endfacet
  facet normal -0.980779 0.195124 0
    outer loop
      vertex 26.0342 55.5221 13
      vertex 26.1363 56.0353 42
      vertex 26.1363 56.0353 13
    endloop
  endfacet
  facet normal -0.980779 0.195124 0
    outer loop
      vertex 26.1363 56.0353 42
      vertex 26.0342 55.5221 13
      vertex 26.0342 55.5221 42
    endloop
  endfacet
  facet normal -0.997861 0.0653646 0
    outer loop
      vertex 26 55 13
      vertex 26.0342 55.5221 42
      vertex 26.0342 55.5221 13
    endloop
  endfacet
  facet normal -0.997861 0.0653646 0
    outer loop
      vertex 26.0342 55.5221 42
      vertex 26 55 13
      vertex 26 55 42
    endloop
  endfacet
  facet normal -0.751842 -0.659343 0
    outer loop
      vertex 27.1716 52.1716 13
      vertex 26.8266 52.565 42
      vertex 26.8266 52.565 13
    endloop
  endfacet
  facet normal -0.751842 -0.659343 0
    outer loop
      vertex 26.8266 52.565 42
      vertex 27.1716 52.1716 13
      vertex 27.1716 52.1716 42
    endloop
  endfacet
  facet normal 0.195124 -0.980779 0
    outer loop
      vertex 30.5221 51.0342 13
      vertex 31.0353 51.1363 42
      vertex 30.5221 51.0342 42
    endloop
  endfacet
  facet normal 0.195124 -0.980779 0
    outer loop
      vertex 31.0353 51.1363 42
      vertex 30.5221 51.0342 13
      vertex 31.0353 51.1363 13
    endloop
  endfacet
  facet normal -0.442238 0.896898 0
    outer loop
      vertex 28.4693 58.6955 13
      vertex 28 58.4641 42
      vertex 28.4693 58.6955 42
    endloop
  endfacet
  facet normal -0.442238 0.896898 0
    outer loop
      vertex 28 58.4641 42
      vertex 28.4693 58.6955 13
      vertex 28 58.4641 13
    endloop
  endfacet
  facet normal -0.321498 -0.94691 0
    outer loop
      vertex 28.4693 51.3045 13
      vertex 28.9647 51.1363 42
      vertex 28.4693 51.3045 42
    endloop
  endfacet
  facet normal -0.321498 -0.94691 -0
    outer loop
      vertex 28.9647 51.1363 42
      vertex 28.4693 51.3045 13
      vertex 28.9647 51.1363 13
    endloop
  endfacet
  facet normal 0.980779 -0.195124 0
    outer loop
      vertex 33.8637 53.9647 42
      vertex 33.9658 54.4779 13
      vertex 33.9658 54.4779 42
    endloop
  endfacet
  facet normal 0.980779 -0.195124 0
    outer loop
      vertex 33.9658 54.4779 13
      vertex 33.8637 53.9647 42
      vertex 33.8637 53.9647 13
    endloop
  endfacet
  facet normal -0.751842 0.659343 0
    outer loop
      vertex 26.8266 57.435 13
      vertex 27.1716 57.8284 42
      vertex 27.1716 57.8284 13
    endloop
  endfacet
  facet normal -0.751842 0.659343 0
    outer loop
      vertex 27.1716 57.8284 42
      vertex 26.8266 57.435 13
      vertex 26.8266 57.435 42
    endloop
  endfacet
  facet normal 0.831432 -0.555626 0
    outer loop
      vertex 33.1734 52.565 42
      vertex 33.4641 53 13
      vertex 33.4641 53 42
    endloop
  endfacet
  facet normal 0.831432 -0.555626 0
    outer loop
      vertex 33.4641 53 13
      vertex 33.1734 52.565 42
      vertex 33.1734 52.565 13
    endloop
  endfacet
  facet normal -0.321498 0.94691 0
    outer loop
      vertex 28.9647 58.8637 13
      vertex 28.4693 58.6955 42
      vertex 28.9647 58.8637 42
    endloop
  endfacet
  facet normal -0.321498 0.94691 0
    outer loop
      vertex 28.4693 58.6955 42
      vertex 28.9647 58.8637 13
      vertex 28.4693 58.6955 13
    endloop
  endfacet
  facet normal -0.980779 -0.195124 0
    outer loop
      vertex 26.1363 53.9647 13
      vertex 26.0342 54.4779 42
      vertex 26.0342 54.4779 13
    endloop
  endfacet
  facet normal -0.980779 -0.195124 0
    outer loop
      vertex 26.0342 54.4779 42
      vertex 26.1363 53.9647 13
      vertex 26.1363 53.9647 42
    endloop
  endfacet
  facet normal -0.195124 -0.980779 0
    outer loop
      vertex 28.9647 51.1363 13
      vertex 29.4779 51.0342 42
      vertex 28.9647 51.1363 42
    endloop
  endfacet
  facet normal -0.195124 -0.980779 -0
    outer loop
      vertex 29.4779 51.0342 42
      vertex 28.9647 51.1363 13
      vertex 29.4779 51.0342 13
    endloop
  endfacet
  facet normal 0.555626 0.831432 -0
    outer loop
      vertex 32.435 58.1734 13
      vertex 32 58.4641 42
      vertex 32.435 58.1734 42
    endloop
  endfacet
  facet normal 0.555626 0.831432 0
    outer loop
      vertex 32 58.4641 42
      vertex 32.435 58.1734 13
      vertex 32 58.4641 13
    endloop
  endfacet
  facet normal 0.94691 -0.321498 0
    outer loop
      vertex 33.6955 53.4693 42
      vertex 33.8637 53.9647 13
      vertex 33.8637 53.9647 42
    endloop
  endfacet
  facet normal 0.94691 -0.321498 0
    outer loop
      vertex 33.8637 53.9647 13
      vertex 33.6955 53.4693 42
      vertex 33.6955 53.4693 13
    endloop
  endfacet
  facet normal 0.0653646 -0.997861 0
    outer loop
      vertex 30 51 13
      vertex 30.5221 51.0342 42
      vertex 30 51 42
    endloop
  endfacet
  facet normal 0.0653646 -0.997861 0
    outer loop
      vertex 30.5221 51.0342 42
      vertex 30 51 13
      vertex 30.5221 51.0342 13
    endloop
  endfacet
  facet normal 0.751842 -0.659343 0
    outer loop
      vertex 32.8284 52.1716 42
      vertex 33.1734 52.565 13
      vertex 33.1734 52.565 42
    endloop
  endfacet
  facet normal 0.751842 -0.659343 0
    outer loop
      vertex 33.1734 52.565 13
      vertex 32.8284 52.1716 42
      vertex 32.8284 52.1716 13
    endloop
  endfacet
  facet normal -0.0653646 0.997861 0
    outer loop
      vertex 30 59 13
      vertex 29.4779 58.9658 42
      vertex 30 59 42
    endloop
  endfacet
  facet normal -0.0653646 0.997861 0
    outer loop
      vertex 29.4779 58.9658 42
      vertex 30 59 13
      vertex 29.4779 58.9658 13
    endloop
  endfacet
  facet normal 0.555626 -0.831432 0
    outer loop
      vertex 32 51.5359 13
      vertex 32.435 51.8266 42
      vertex 32 51.5359 42
    endloop
  endfacet
  facet normal 0.555626 -0.831432 0
    outer loop
      vertex 32.435 51.8266 42
      vertex 32 51.5359 13
      vertex 32.435 51.8266 13
    endloop
  endfacet
  facet normal -0.659343 -0.751842 0
    outer loop
      vertex 27.1716 52.1716 13
      vertex 27.565 51.8266 42
      vertex 27.1716 52.1716 42
    endloop
  endfacet
  facet normal -0.659343 -0.751842 -0
    outer loop
      vertex 27.565 51.8266 42
      vertex 27.1716 52.1716 13
      vertex 27.565 51.8266 13
    endloop
  endfacet
  facet normal -0.555626 -0.831432 0
    outer loop
      vertex 27.565 51.8266 13
      vertex 28 51.5359 42
      vertex 27.565 51.8266 42
    endloop
  endfacet
  facet normal -0.555626 -0.831432 -0
    outer loop
      vertex 28 51.5359 42
      vertex 27.565 51.8266 13
      vertex 28 51.5359 13
    endloop
  endfacet
  facet normal -0.896898 0.442238 0
    outer loop
      vertex 26.3045 56.5307 13
      vertex 26.5359 57 42
      vertex 26.5359 57 13
    endloop
  endfacet
  facet normal -0.896898 0.442238 0
    outer loop
      vertex 26.5359 57 42
      vertex 26.3045 56.5307 13
      vertex 26.3045 56.5307 42
    endloop
  endfacet
  facet normal 0.0653646 0.997861 -0
    outer loop
      vertex 30.5221 58.9658 13
      vertex 30 59 42
      vertex 30.5221 58.9658 42
    endloop
  endfacet
  facet normal 0.0653646 0.997861 0
    outer loop
      vertex 30 59 42
      vertex 30.5221 58.9658 13
      vertex 30 59 13
    endloop
  endfacet
  facet normal 0.997861 -0.0653646 0
    outer loop
      vertex 33.9658 54.4779 42
      vertex 34 55 13
      vertex 34 55 42
    endloop
  endfacet
  facet normal 0.997861 -0.0653646 0
    outer loop
      vertex 34 55 13
      vertex 33.9658 54.4779 42
      vertex 33.9658 54.4779 13
    endloop
  endfacet
  facet normal -0.195124 0.980779 0
    outer loop
      vertex 29.4779 58.9658 13
      vertex 28.9647 58.8637 42
      vertex 29.4779 58.9658 42
    endloop
  endfacet
  facet normal -0.195124 0.980779 0
    outer loop
      vertex 28.9647 58.8637 42
      vertex 29.4779 58.9658 13
      vertex 28.9647 58.8637 13
    endloop
  endfacet
  facet normal -0.555626 0.831432 0
    outer loop
      vertex 28 58.4641 13
      vertex 27.565 58.1734 42
      vertex 28 58.4641 42
    endloop
  endfacet
  facet normal -0.555626 0.831432 0
    outer loop
      vertex 27.565 58.1734 42
      vertex 28 58.4641 13
      vertex 27.565 58.1734 13
    endloop
  endfacet
  facet normal -0.0653646 -0.997861 0
    outer loop
      vertex 29.4779 51.0342 13
      vertex 30 51 42
      vertex 29.4779 51.0342 42
    endloop
  endfacet
  facet normal -0.0653646 -0.997861 -0
    outer loop
      vertex 30 51 42
      vertex 29.4779 51.0342 13
      vertex 30 51 13
    endloop
  endfacet
  facet normal 0.896898 -0.442238 0
    outer loop
      vertex 33.4641 53 42
      vertex 33.6955 53.4693 13
      vertex 33.6955 53.4693 42
    endloop
  endfacet
  facet normal 0.896898 -0.442238 0
    outer loop
      vertex 33.6955 53.4693 13
      vertex 33.4641 53 42
      vertex 33.4641 53 13
    endloop
  endfacet
  facet normal -0.94691 0.321498 0
    outer loop
      vertex 26.1363 56.0353 13
      vertex 26.3045 56.5307 42
      vertex 26.3045 56.5307 13
    endloop
  endfacet
  facet normal -0.94691 0.321498 0
    outer loop
      vertex 26.3045 56.5307 42
      vertex 26.1363 56.0353 13
      vertex 26.1363 56.0353 42
    endloop
  endfacet
  facet normal -0.94691 -0.321498 0
    outer loop
      vertex 26.3045 53.4693 13
      vertex 26.1363 53.9647 42
      vertex 26.1363 53.9647 13
    endloop
  endfacet
  facet normal -0.94691 -0.321498 0
    outer loop
      vertex 26.1363 53.9647 42
      vertex 26.3045 53.4693 13
      vertex 26.3045 53.4693 42
    endloop
  endfacet
  facet normal -0.831432 0.555626 0
    outer loop
      vertex 26.5359 57 13
      vertex 26.8266 57.435 42
      vertex 26.8266 57.435 13
    endloop
  endfacet
  facet normal -0.831432 0.555626 0
    outer loop
      vertex 26.8266 57.435 42
      vertex 26.5359 57 13
      vertex 26.5359 57 42
    endloop
  endfacet
  facet normal 0.442238 -0.896898 0
    outer loop
      vertex 31.5307 51.3045 13
      vertex 32 51.5359 42
      vertex 31.5307 51.3045 42
    endloop
  endfacet
  facet normal 0.442238 -0.896898 0
    outer loop
      vertex 32 51.5359 42
      vertex 31.5307 51.3045 13
      vertex 32 51.5359 13
    endloop
  endfacet
  facet normal 0.321498 -0.94691 0
    outer loop
      vertex 31.0353 51.1363 13
      vertex 31.5307 51.3045 42
      vertex 31.0353 51.1363 42
    endloop
  endfacet
  facet normal 0.321498 -0.94691 0
    outer loop
      vertex 31.5307 51.3045 42
      vertex 31.0353 51.1363 13
      vertex 31.5307 51.3045 13
    endloop
  endfacet
  facet normal -0.896898 -0.442238 0
    outer loop
      vertex 26.5359 53 13
      vertex 26.3045 53.4693 42
      vertex 26.3045 53.4693 13
    endloop
  endfacet
  facet normal -0.896898 -0.442238 0
    outer loop
      vertex 26.3045 53.4693 42
      vertex 26.5359 53 13
      vertex 26.5359 53 42
    endloop
  endfacet
  facet normal 0.195124 0.980779 -0
    outer loop
      vertex 31.0353 58.8637 13
      vertex 30.5221 58.9658 42
      vertex 31.0353 58.8637 42
    endloop
  endfacet
  facet normal 0.195124 0.980779 0
    outer loop
      vertex 30.5221 58.9658 42
      vertex 31.0353 58.8637 13
      vertex 30.5221 58.9658 13
    endloop
  endfacet
  facet normal -0.442238 -0.896898 0
    outer loop
      vertex 28 51.5359 13
      vertex 28.4693 51.3045 42
      vertex 28 51.5359 42
    endloop
  endfacet
  facet normal -0.442238 -0.896898 -0
    outer loop
      vertex 28.4693 51.3045 42
      vertex 28 51.5359 13
      vertex 28.4693 51.3045 13
    endloop
  endfacet
  facet normal 0.659343 -0.751842 0
    outer loop
      vertex 32.435 51.8266 13
      vertex 32.8284 52.1716 42
      vertex 32.435 51.8266 42
    endloop
  endfacet
  facet normal 0.659343 -0.751842 0
    outer loop
      vertex 32.8284 52.1716 42
      vertex 32.435 51.8266 13
      vertex 32.8284 52.1716 13
    endloop
  endfacet
  facet normal -0.831432 -0.555626 0
    outer loop
      vertex 26.8266 52.565 13
      vertex 26.5359 53 42
      vertex 26.5359 53 13
    endloop
  endfacet
  facet normal -0.831432 -0.555626 0
    outer loop
      vertex 26.5359 53 42
      vertex 26.8266 52.565 13
      vertex 26.8266 52.565 42
    endloop
  endfacet
  facet normal -0.194922 -0.980819 0
    outer loop
      vertex 30.2088 56.5863 10
      vertex 30.4141 56.5455 42
      vertex 30.2088 56.5863 42
    endloop
  endfacet
  facet normal -0.194922 -0.980819 -0
    outer loop
      vertex 30.4141 56.5455 42
      vertex 30.2088 56.5863 10
      vertex 30.4141 56.5455 10
    endloop
  endfacet
  facet normal -0.980819 -0.194922 0
    outer loop
      vertex 31.5863 55.2088 10
      vertex 31.5455 55.4141 42
      vertex 31.5455 55.4141 10
    endloop
  endfacet
  facet normal -0.980819 -0.194922 0
    outer loop
      vertex 31.5455 55.4141 42
      vertex 31.5863 55.2088 10
      vertex 31.5863 55.2088 42
    endloop
  endfacet
  facet normal -0.997854 -0.0654722 0
    outer loop
      vertex 31.6 55 10
      vertex 31.5863 55.2088 42
      vertex 31.5863 55.2088 10
    endloop
  endfacet
  facet normal -0.997854 -0.0654722 0
    outer loop
      vertex 31.5863 55.2088 42
      vertex 31.6 55 10
      vertex 31.6 55 42
    endloop
  endfacet
  facet normal -0.946901 -0.321526 0
    outer loop
      vertex 31.5455 55.4141 10
      vertex 31.4782 55.6123 42
      vertex 31.4782 55.6123 10
    endloop
  endfacet
  facet normal -0.946901 -0.321526 0
    outer loop
      vertex 31.4782 55.6123 42
      vertex 31.5455 55.4141 10
      vertex 31.5455 55.4141 42
    endloop
  endfacet
  facet normal -0.831609 -0.555362 0
    outer loop
      vertex 31.3856 55.8 10
      vertex 31.2694 55.974 42
      vertex 31.2694 55.974 10
    endloop
  endfacet
  facet normal -0.831609 -0.555362 0
    outer loop
      vertex 31.2694 55.974 42
      vertex 31.3856 55.8 10
      vertex 31.3856 55.8 42
    endloop
  endfacet
  facet normal -0.321526 -0.946901 0
    outer loop
      vertex 30.4141 56.5455 10
      vertex 30.6123 56.4782 42
      vertex 30.4141 56.5455 42
    endloop
  endfacet
  facet normal -0.321526 -0.946901 -0
    outer loop
      vertex 30.6123 56.4782 42
      vertex 30.4141 56.5455 10
      vertex 30.6123 56.4782 10
    endloop
  endfacet
  facet normal -0.896803 -0.442429 0
    outer loop
      vertex 31.4782 55.6123 10
      vertex 31.3856 55.8 42
      vertex 31.3856 55.8 10
    endloop
  endfacet
  facet normal -0.896803 -0.442429 0
    outer loop
      vertex 31.3856 55.8 42
      vertex 31.4782 55.6123 10
      vertex 31.4782 55.6123 42
    endloop
  endfacet
  facet normal -0.751925 -0.659248 0
    outer loop
      vertex 31.2694 55.974 10
      vertex 31.1314 56.1314 42
      vertex 31.1314 56.1314 10
    endloop
  endfacet
  facet normal -0.751925 -0.659248 0
    outer loop
      vertex 31.1314 56.1314 42
      vertex 31.2694 55.974 10
      vertex 31.2694 55.974 42
    endloop
  endfacet
  facet normal -0.442429 -0.896803 0
    outer loop
      vertex 30.6123 56.4782 10
      vertex 30.8 56.3856 42
      vertex 30.6123 56.4782 42
    endloop
  endfacet
  facet normal -0.442429 -0.896803 -0
    outer loop
      vertex 30.8 56.3856 42
      vertex 30.6123 56.4782 10
      vertex 30.8 56.3856 10
    endloop
  endfacet
  facet normal -0.659248 -0.751925 0
    outer loop
      vertex 30.974 56.2694 10
      vertex 31.1314 56.1314 42
      vertex 30.974 56.2694 42
    endloop
  endfacet
  facet normal -0.659248 -0.751925 -0
    outer loop
      vertex 31.1314 56.1314 42
      vertex 30.974 56.2694 10
      vertex 31.1314 56.1314 10
    endloop
  endfacet
  facet normal -0.0654722 -0.997854 0
    outer loop
      vertex 30 56.6 10
      vertex 30.2088 56.5863 42
      vertex 30 56.6 42
    endloop
  endfacet
  facet normal -0.0654722 -0.997854 -0
    outer loop
      vertex 30.2088 56.5863 42
      vertex 30 56.6 10
      vertex 30.2088 56.5863 10
    endloop
  endfacet
  facet normal -0.555362 -0.831609 0
    outer loop
      vertex 30.8 56.3856 10
      vertex 30.974 56.2694 42
      vertex 30.8 56.3856 42
    endloop
  endfacet
  facet normal -0.555362 -0.831609 -0
    outer loop
      vertex 30.974 56.2694 42
      vertex 30.8 56.3856 10
      vertex 30.974 56.2694 10
    endloop
  endfacet
  facet normal 0.321156 0.947026 -0
    outer loop
      vertex 31.5307 130.696 13
      vertex 31.0353 130.864 42
      vertex 31.5307 130.696 42
    endloop
  endfacet
  facet normal 0.321156 0.947026 0
    outer loop
      vertex 31.0353 130.864 42
      vertex 31.5307 130.696 13
      vertex 31.0353 130.864 13
    endloop
  endfacet
  facet normal 0.980764 0.195197 0
    outer loop
      vertex 33.9658 127.522 42
      vertex 33.8637 128.035 13
      vertex 33.8637 128.035 42
    endloop
  endfacet
  facet normal 0.980764 0.195197 0
    outer loop
      vertex 33.8637 128.035 13
      vertex 33.9658 127.522 42
      vertex 33.9658 127.522 13
    endloop
  endfacet
  facet normal 0.997861 0.0653771 0
    outer loop
      vertex 34 127 42
      vertex 33.9658 127.522 13
      vertex 33.9658 127.522 42
    endloop
  endfacet
  facet normal 0.997861 0.0653771 0
    outer loop
      vertex 33.9658 127.522 13
      vertex 34 127 42
      vertex 34 127 13
    endloop
  endfacet
  facet normal 0.947028 0.32115 0
    outer loop
      vertex 33.8637 128.035 42
      vertex 33.6955 128.531 13
      vertex 33.6955 128.531 42
    endloop
  endfacet
  facet normal 0.947028 0.32115 0
    outer loop
      vertex 33.6955 128.531 13
      vertex 33.8637 128.035 42
      vertex 33.8637 128.035 13
    endloop
  endfacet
  facet normal 0.443159 0.896443 -0
    outer loop
      vertex 32 130.464 13
      vertex 31.5307 130.696 42
      vertex 32 130.464 42
    endloop
  endfacet
  facet normal 0.443159 0.896443 0
    outer loop
      vertex 31.5307 130.696 42
      vertex 32 130.464 13
      vertex 31.5307 130.696 13
    endloop
  endfacet
  facet normal -0.997861 -0.0653771 0
    outer loop
      vertex 26.0342 126.478 13
      vertex 26 127 42
      vertex 26 127 13
    endloop
  endfacet
  facet normal -0.997861 -0.0653771 0
    outer loop
      vertex 26 127 42
      vertex 26.0342 126.478 13
      vertex 26.0342 126.478 42
    endloop
  endfacet
  facet normal 0.896786 0.442465 0
    outer loop
      vertex 33.6955 128.531 42
      vertex 33.4641 129 13
      vertex 33.4641 129 42
    endloop
  endfacet
  facet normal 0.896786 0.442465 0
    outer loop
      vertex 33.4641 129 13
      vertex 33.6955 128.531 42
      vertex 33.6955 128.531 13
    endloop
  endfacet
  facet normal 0.831432 0.555626 0
    outer loop
      vertex 33.4641 129 42
      vertex 33.1734 129.435 13
      vertex 33.1734 129.435 42
    endloop
  endfacet
  facet normal 0.831432 0.555626 0
    outer loop
      vertex 33.1734 129.435 13
      vertex 33.4641 129 42
      vertex 33.4641 129 13
    endloop
  endfacet
  facet normal 0.659343 0.751842 -0
    outer loop
      vertex 32.8284 129.828 13
      vertex 32.435 130.173 42
      vertex 32.8284 129.828 42
    endloop
  endfacet
  facet normal 0.659343 0.751842 0
    outer loop
      vertex 32.435 130.173 42
      vertex 32.8284 129.828 13
      vertex 32.435 130.173 13
    endloop
  endfacet
  facet normal -0.659343 0.751842 0
    outer loop
      vertex 27.565 130.173 13
      vertex 27.1716 129.828 42
      vertex 27.565 130.173 42
    endloop
  endfacet
  facet normal -0.659343 0.751842 0
    outer loop
      vertex 27.1716 129.828 42
      vertex 27.565 130.173 13
      vertex 27.1716 129.828 13
    endloop
  endfacet
  facet normal 0.75151 0.659722 0
    outer loop
      vertex 33.1734 129.435 42
      vertex 32.8284 129.828 13
      vertex 32.8284 129.828 42
    endloop
  endfacet
  facet normal 0.75151 0.659722 0
    outer loop
      vertex 32.8284 129.828 13
      vertex 33.1734 129.435 42
      vertex 33.1734 129.435 13
    endloop
  endfacet
  facet normal -0.980764 0.195197 0
    outer loop
      vertex 26.0342 127.522 13
      vertex 26.1363 128.035 42
      vertex 26.1363 128.035 13
    endloop
  endfacet
  facet normal -0.980764 0.195197 0
    outer loop
      vertex 26.1363 128.035 42
      vertex 26.0342 127.522 13
      vertex 26.0342 127.522 42
    endloop
  endfacet
  facet normal -0.997861 0.0653771 0
    outer loop
      vertex 26 127 13
      vertex 26.0342 127.522 42
      vertex 26.0342 127.522 13
    endloop
  endfacet
  facet normal -0.997861 0.0653771 0
    outer loop
      vertex 26.0342 127.522 42
      vertex 26 127 13
      vertex 26 127 42
    endloop
  endfacet
  facet normal -0.75151 -0.659722 0
    outer loop
      vertex 27.1716 124.172 13
      vertex 26.8266 124.565 42
      vertex 26.8266 124.565 13
    endloop
  endfacet
  facet normal -0.75151 -0.659722 0
    outer loop
      vertex 26.8266 124.565 42
      vertex 27.1716 124.172 13
      vertex 27.1716 124.172 42
    endloop
  endfacet
  facet normal 0.19494 -0.980815 0
    outer loop
      vertex 30.5221 123.034 13
      vertex 31.0353 123.136 42
      vertex 30.5221 123.034 42
    endloop
  endfacet
  facet normal 0.19494 -0.980815 0
    outer loop
      vertex 31.0353 123.136 42
      vertex 30.5221 123.034 13
      vertex 31.0353 123.136 13
    endloop
  endfacet
  facet normal -0.443159 0.896443 0
    outer loop
      vertex 28.4693 130.696 13
      vertex 28 130.464 42
      vertex 28.4693 130.696 42
    endloop
  endfacet
  facet normal -0.443159 0.896443 0
    outer loop
      vertex 28 130.464 42
      vertex 28.4693 130.696 13
      vertex 28 130.464 13
    endloop
  endfacet
  facet normal -0.321156 -0.947026 0
    outer loop
      vertex 28.4693 123.304 13
      vertex 28.9647 123.136 42
      vertex 28.4693 123.304 42
    endloop
  endfacet
  facet normal -0.321156 -0.947026 -0
    outer loop
      vertex 28.9647 123.136 42
      vertex 28.4693 123.304 13
      vertex 28.9647 123.136 13
    endloop
  endfacet
  facet normal 0.980764 -0.195197 0
    outer loop
      vertex 33.8637 125.965 42
      vertex 33.9658 126.478 13
      vertex 33.9658 126.478 42
    endloop
  endfacet
  facet normal 0.980764 -0.195197 0
    outer loop
      vertex 33.9658 126.478 13
      vertex 33.8637 125.965 42
      vertex 33.8637 125.965 13
    endloop
  endfacet
  facet normal -0.75151 0.659722 0
    outer loop
      vertex 26.8266 129.435 13
      vertex 27.1716 129.828 42
      vertex 27.1716 129.828 13
    endloop
  endfacet
  facet normal -0.75151 0.659722 0
    outer loop
      vertex 27.1716 129.828 42
      vertex 26.8266 129.435 13
      vertex 26.8266 129.435 42
    endloop
  endfacet
  facet normal 0.831432 -0.555626 0
    outer loop
      vertex 33.1734 124.565 42
      vertex 33.4641 125 13
      vertex 33.4641 125 42
    endloop
  endfacet
  facet normal 0.831432 -0.555626 0
    outer loop
      vertex 33.4641 125 13
      vertex 33.1734 124.565 42
      vertex 33.1734 124.565 13
    endloop
  endfacet
  facet normal -0.321156 0.947026 0
    outer loop
      vertex 28.9647 130.864 13
      vertex 28.4693 130.696 42
      vertex 28.9647 130.864 42
    endloop
  endfacet
  facet normal -0.321156 0.947026 0
    outer loop
      vertex 28.4693 130.696 42
      vertex 28.9647 130.864 13
      vertex 28.4693 130.696 13
    endloop
  endfacet
  facet normal -0.980764 -0.195197 0
    outer loop
      vertex 26.1363 125.965 13
      vertex 26.0342 126.478 42
      vertex 26.0342 126.478 13
    endloop
  endfacet
  facet normal -0.980764 -0.195197 0
    outer loop
      vertex 26.0342 126.478 42
      vertex 26.1363 125.965 13
      vertex 26.1363 125.965 42
    endloop
  endfacet
  facet normal -0.19494 -0.980815 0
    outer loop
      vertex 28.9647 123.136 13
      vertex 29.4779 123.034 42
      vertex 28.9647 123.136 42
    endloop
  endfacet
  facet normal -0.19494 -0.980815 -0
    outer loop
      vertex 29.4779 123.034 42
      vertex 28.9647 123.136 13
      vertex 29.4779 123.034 13
    endloop
  endfacet
  facet normal 0.556022 0.831167 -0
    outer loop
      vertex 32.435 130.173 13
      vertex 32 130.464 42
      vertex 32.435 130.173 42
    endloop
  endfacet
  facet normal 0.556022 0.831167 0
    outer loop
      vertex 32 130.464 42
      vertex 32.435 130.173 13
      vertex 32 130.464 13
    endloop
  endfacet
  facet normal 0.947028 -0.32115 0
    outer loop
      vertex 33.6955 125.469 42
      vertex 33.8637 125.965 13
      vertex 33.8637 125.965 42
    endloop
  endfacet
  facet normal 0.947028 -0.32115 0
    outer loop
      vertex 33.8637 125.965 13
      vertex 33.6955 125.469 42
      vertex 33.6955 125.469 13
    endloop
  endfacet
  facet normal 0.064984 -0.997886 0
    outer loop
      vertex 30 123 13
      vertex 30.5221 123.034 42
      vertex 30 123 42
    endloop
  endfacet
  facet normal 0.064984 -0.997886 0
    outer loop
      vertex 30.5221 123.034 42
      vertex 30 123 13
      vertex 30.5221 123.034 13
    endloop
  endfacet
  facet normal 0.75151 -0.659722 0
    outer loop
      vertex 32.8284 124.172 42
      vertex 33.1734 124.565 13
      vertex 33.1734 124.565 42
    endloop
  endfacet
  facet normal 0.75151 -0.659722 0
    outer loop
      vertex 33.1734 124.565 13
      vertex 32.8284 124.172 42
      vertex 32.8284 124.172 13
    endloop
  endfacet
  facet normal -0.064984 0.997886 0
    outer loop
      vertex 30 131 13
      vertex 29.4779 130.966 42
      vertex 30 131 42
    endloop
  endfacet
  facet normal -0.064984 0.997886 0
    outer loop
      vertex 29.4779 130.966 42
      vertex 30 131 13
      vertex 29.4779 130.966 13
    endloop
  endfacet
  facet normal 0.556022 -0.831167 0
    outer loop
      vertex 32 123.536 13
      vertex 32.435 123.827 42
      vertex 32 123.536 42
    endloop
  endfacet
  facet normal 0.556022 -0.831167 0
    outer loop
      vertex 32.435 123.827 42
      vertex 32 123.536 13
      vertex 32.435 123.827 13
    endloop
  endfacet
  facet normal -0.659343 -0.751842 0
    outer loop
      vertex 27.1716 124.172 13
      vertex 27.565 123.827 42
      vertex 27.1716 124.172 42
    endloop
  endfacet
  facet normal -0.659343 -0.751842 -0
    outer loop
      vertex 27.565 123.827 42
      vertex 27.1716 124.172 13
      vertex 27.565 123.827 13
    endloop
  endfacet
  facet normal -0.556022 -0.831167 0
    outer loop
      vertex 27.565 123.827 13
      vertex 28 123.536 42
      vertex 27.565 123.827 42
    endloop
  endfacet
  facet normal -0.556022 -0.831167 -0
    outer loop
      vertex 28 123.536 42
      vertex 27.565 123.827 13
      vertex 28 123.536 13
    endloop
  endfacet
  facet normal -0.896786 0.442465 0
    outer loop
      vertex 26.3045 128.531 13
      vertex 26.5359 129 42
      vertex 26.5359 129 13
    endloop
  endfacet
  facet normal -0.896786 0.442465 0
    outer loop
      vertex 26.5359 129 42
      vertex 26.3045 128.531 13
      vertex 26.3045 128.531 42
    endloop
  endfacet
  facet normal 0.064984 0.997886 -0
    outer loop
      vertex 30.5221 130.966 13
      vertex 30 131 42
      vertex 30.5221 130.966 42
    endloop
  endfacet
  facet normal 0.064984 0.997886 0
    outer loop
      vertex 30 131 42
      vertex 30.5221 130.966 13
      vertex 30 131 13
    endloop
  endfacet
  facet normal 0.997861 -0.0653771 0
    outer loop
      vertex 33.9658 126.478 42
      vertex 34 127 13
      vertex 34 127 42
    endloop
  endfacet
  facet normal 0.997861 -0.0653771 0
    outer loop
      vertex 34 127 13
      vertex 33.9658 126.478 42
      vertex 33.9658 126.478 13
    endloop
  endfacet
  facet normal -0.19494 0.980815 0
    outer loop
      vertex 29.4779 130.966 13
      vertex 28.9647 130.864 42
      vertex 29.4779 130.966 42
    endloop
  endfacet
  facet normal -0.19494 0.980815 0
    outer loop
      vertex 28.9647 130.864 42
      vertex 29.4779 130.966 13
      vertex 28.9647 130.864 13
    endloop
  endfacet
  facet normal -0.556022 0.831167 0
    outer loop
      vertex 28 130.464 13
      vertex 27.565 130.173 42
      vertex 28 130.464 42
    endloop
  endfacet
  facet normal -0.556022 0.831167 0
    outer loop
      vertex 27.565 130.173 42
      vertex 28 130.464 13
      vertex 27.565 130.173 13
    endloop
  endfacet
  facet normal -0.064984 -0.997886 0
    outer loop
      vertex 29.4779 123.034 13
      vertex 30 123 42
      vertex 29.4779 123.034 42
    endloop
  endfacet
  facet normal -0.064984 -0.997886 -0
    outer loop
      vertex 30 123 42
      vertex 29.4779 123.034 13
      vertex 30 123 13
    endloop
  endfacet
  facet normal 0.896786 -0.442465 0
    outer loop
      vertex 33.4641 125 42
      vertex 33.6955 125.469 13
      vertex 33.6955 125.469 42
    endloop
  endfacet
  facet normal 0.896786 -0.442465 0
    outer loop
      vertex 33.6955 125.469 13
      vertex 33.4641 125 42
      vertex 33.4641 125 13
    endloop
  endfacet
  facet normal -0.947028 0.32115 0
    outer loop
      vertex 26.1363 128.035 13
      vertex 26.3045 128.531 42
      vertex 26.3045 128.531 13
    endloop
  endfacet
  facet normal -0.947028 0.32115 0
    outer loop
      vertex 26.3045 128.531 42
      vertex 26.1363 128.035 13
      vertex 26.1363 128.035 42
    endloop
  endfacet
  facet normal -0.947028 -0.32115 0
    outer loop
      vertex 26.3045 125.469 13
      vertex 26.1363 125.965 42
      vertex 26.1363 125.965 13
    endloop
  endfacet
  facet normal -0.947028 -0.32115 0
    outer loop
      vertex 26.1363 125.965 42
      vertex 26.3045 125.469 13
      vertex 26.3045 125.469 42
    endloop
  endfacet
  facet normal -0.831432 0.555626 0
    outer loop
      vertex 26.5359 129 13
      vertex 26.8266 129.435 42
      vertex 26.8266 129.435 13
    endloop
  endfacet
  facet normal -0.831432 0.555626 0
    outer loop
      vertex 26.8266 129.435 42
      vertex 26.5359 129 13
      vertex 26.5359 129 42
    endloop
  endfacet
  facet normal 0.443159 -0.896443 0
    outer loop
      vertex 31.5307 123.304 13
      vertex 32 123.536 42
      vertex 31.5307 123.304 42
    endloop
  endfacet
  facet normal 0.443159 -0.896443 0
    outer loop
      vertex 32 123.536 42
      vertex 31.5307 123.304 13
      vertex 32 123.536 13
    endloop
  endfacet
  facet normal 0.321156 -0.947026 0
    outer loop
      vertex 31.0353 123.136 13
      vertex 31.5307 123.304 42
      vertex 31.0353 123.136 42
    endloop
  endfacet
  facet normal 0.321156 -0.947026 0
    outer loop
      vertex 31.5307 123.304 42
      vertex 31.0353 123.136 13
      vertex 31.5307 123.304 13
    endloop
  endfacet
  facet normal -0.896786 -0.442465 0
    outer loop
      vertex 26.5359 125 13
      vertex 26.3045 125.469 42
      vertex 26.3045 125.469 13
    endloop
  endfacet
  facet normal -0.896786 -0.442465 0
    outer loop
      vertex 26.3045 125.469 42
      vertex 26.5359 125 13
      vertex 26.5359 125 42
    endloop
  endfacet
  facet normal 0.19494 0.980815 -0
    outer loop
      vertex 31.0353 130.864 13
      vertex 30.5221 130.966 42
      vertex 31.0353 130.864 42
    endloop
  endfacet
  facet normal 0.19494 0.980815 0
    outer loop
      vertex 30.5221 130.966 42
      vertex 31.0353 130.864 13
      vertex 30.5221 130.966 13
    endloop
  endfacet
  facet normal -0.443159 -0.896443 0
    outer loop
      vertex 28 123.536 13
      vertex 28.4693 123.304 42
      vertex 28 123.536 42
    endloop
  endfacet
  facet normal -0.443159 -0.896443 -0
    outer loop
      vertex 28.4693 123.304 42
      vertex 28 123.536 13
      vertex 28.4693 123.304 13
    endloop
  endfacet
  facet normal 0.659343 -0.751842 0
    outer loop
      vertex 32.435 123.827 13
      vertex 32.8284 124.172 42
      vertex 32.435 123.827 42
    endloop
  endfacet
  facet normal 0.659343 -0.751842 0
    outer loop
      vertex 32.8284 124.172 42
      vertex 32.435 123.827 13
      vertex 32.8284 124.172 13
    endloop
  endfacet
  facet normal -0.831432 -0.555626 0
    outer loop
      vertex 26.8266 124.565 13
      vertex 26.5359 125 42
      vertex 26.5359 125 13
    endloop
  endfacet
  facet normal -0.831432 -0.555626 0
    outer loop
      vertex 26.5359 125 42
      vertex 26.8266 124.565 13
      vertex 26.8266 124.565 42
    endloop
  endfacet
  facet normal -0.195841 -0.980636 0
    outer loop
      vertex 30.2088 128.586 10
      vertex 30.4141 128.545 42
      vertex 30.2088 128.586 42
    endloop
  endfacet
  facet normal -0.195841 -0.980636 -0
    outer loop
      vertex 30.4141 128.545 42
      vertex 30.2088 128.586 10
      vertex 30.4141 128.545 10
    endloop
  endfacet
  facet normal -0.980764 -0.195196 0
    outer loop
      vertex 31.5863 127.209 10
      vertex 31.5455 127.414 42
      vertex 31.5455 127.414 10
    endloop
  endfacet
  facet normal -0.980764 -0.195196 0
    outer loop
      vertex 31.5455 127.414 42
      vertex 31.5863 127.209 10
      vertex 31.5863 127.209 42
    endloop
  endfacet
  facet normal -0.997858 -0.0654099 0
    outer loop
      vertex 31.6 127 10
      vertex 31.5863 127.209 42
      vertex 31.5863 127.209 10
    endloop
  endfacet
  facet normal -0.997858 -0.0654099 0
    outer loop
      vertex 31.5863 127.209 42
      vertex 31.6 127 10
      vertex 31.6 127 42
    endloop
  endfacet
  facet normal -0.946802 -0.321817 0
    outer loop
      vertex 31.5455 127.414 10
      vertex 31.4782 127.612 42
      vertex 31.4782 127.612 10
    endloop
  endfacet
  facet normal -0.946802 -0.321817 0
    outer loop
      vertex 31.4782 127.612 42
      vertex 31.5455 127.414 10
      vertex 31.5455 127.414 42
    endloop
  endfacet
  facet normal -0.831609 -0.555362 0
    outer loop
      vertex 31.3856 127.8 10
      vertex 31.2694 127.974 42
      vertex 31.2694 127.974 10
    endloop
  endfacet
  facet normal -0.831609 -0.555362 0
    outer loop
      vertex 31.2694 127.974 42
      vertex 31.3856 127.8 10
      vertex 31.3856 127.8 42
    endloop
  endfacet
  facet normal -0.32024 -0.947336 0
    outer loop
      vertex 30.4141 128.545 10
      vertex 30.6123 128.478 42
      vertex 30.4141 128.545 42
    endloop
  endfacet
  facet normal -0.32024 -0.947336 -0
    outer loop
      vertex 30.6123 128.478 42
      vertex 30.4141 128.545 10
      vertex 30.6123 128.478 10
    endloop
  endfacet
  facet normal -0.897083 -0.441861 0
    outer loop
      vertex 31.4782 127.612 10
      vertex 31.3856 127.8 42
      vertex 31.3856 127.8 10
    endloop
  endfacet
  facet normal -0.897083 -0.441861 0
    outer loop
      vertex 31.3856 127.8 42
      vertex 31.4782 127.612 10
      vertex 31.4782 127.612 42
    endloop
  endfacet
  facet normal -0.751093 -0.660196 0
    outer loop
      vertex 31.2694 127.974 10
      vertex 31.1314 128.131 42
      vertex 31.1314 128.131 10
    endloop
  endfacet
  facet normal -0.751093 -0.660196 0
    outer loop
      vertex 31.1314 128.131 42
      vertex 31.2694 127.974 10
      vertex 31.2694 127.974 42
    endloop
  endfacet
  facet normal -0.440119 -0.897939 0
    outer loop
      vertex 30.6123 128.478 10
      vertex 30.8 128.386 42
      vertex 30.6123 128.478 42
    endloop
  endfacet
  facet normal -0.440119 -0.897939 -0
    outer loop
      vertex 30.8 128.386 42
      vertex 30.6123 128.478 10
      vertex 30.8 128.386 10
    endloop
  endfacet
  facet normal -0.659248 -0.751925 0
    outer loop
      vertex 30.974 128.269 10
      vertex 31.1314 128.131 42
      vertex 30.974 128.269 42
    endloop
  endfacet
  facet normal -0.659248 -0.751925 -0
    outer loop
      vertex 31.1314 128.131 42
      vertex 30.974 128.269 10
      vertex 31.1314 128.131 10
    endloop
  endfacet
  facet normal -0.0668996 -0.99776 0
    outer loop
      vertex 30 128.6 10
      vertex 30.2088 128.586 42
      vertex 30 128.6 42
    endloop
  endfacet
  facet normal -0.0668996 -0.99776 -0
    outer loop
      vertex 30.2088 128.586 42
      vertex 30 128.6 10
      vertex 30.2088 128.586 10
    endloop
  endfacet
  facet normal -0.557998 -0.829843 0
    outer loop
      vertex 30.8 128.386 10
      vertex 30.974 128.269 42
      vertex 30.8 128.386 42
    endloop
  endfacet
  facet normal -0.557998 -0.829843 -0
    outer loop
      vertex 30.974 128.269 42
      vertex 30.8 128.386 10
      vertex 30.974 128.269 10
    endloop
  endfacet
  facet normal 0.32115 0.947028 -0
    outer loop
      vertex 179.531 58.6955 13
      vertex 179.035 58.8637 42
      vertex 179.531 58.6955 42
    endloop
  endfacet
  facet normal 0.32115 0.947028 0
    outer loop
      vertex 179.035 58.8637 42
      vertex 179.531 58.6955 13
      vertex 179.035 58.8637 13
    endloop
  endfacet
  facet normal 0.980815 0.19494 0
    outer loop
      vertex 181.966 55.5221 42
      vertex 181.864 56.0353 13
      vertex 181.864 56.0353 42
    endloop
  endfacet
  facet normal 0.980815 0.19494 0
    outer loop
      vertex 181.864 56.0353 13
      vertex 181.966 55.5221 42
      vertex 181.966 55.5221 13
    endloop
  endfacet
  facet normal 0.997886 0.064984 0
    outer loop
      vertex 182 55 42
      vertex 181.966 55.5221 13
      vertex 181.966 55.5221 42
    endloop
  endfacet
  facet normal 0.997886 0.064984 0
    outer loop
      vertex 181.966 55.5221 13
      vertex 182 55 42
      vertex 182 55 13
    endloop
  endfacet
  facet normal 0.947026 0.321156 0
    outer loop
      vertex 181.864 56.0353 42
      vertex 181.696 56.5307 13
      vertex 181.696 56.5307 42
    endloop
  endfacet
  facet normal 0.947026 0.321156 0
    outer loop
      vertex 181.696 56.5307 13
      vertex 181.864 56.0353 42
      vertex 181.864 56.0353 13
    endloop
  endfacet
  facet normal 0.442465 0.896786 -0
    outer loop
      vertex 180 58.4641 13
      vertex 179.531 58.6955 42
      vertex 180 58.4641 42
    endloop
  endfacet
  facet normal 0.442465 0.896786 0
    outer loop
      vertex 179.531 58.6955 42
      vertex 180 58.4641 13
      vertex 179.531 58.6955 13
    endloop
  endfacet
  facet normal -0.997886 -0.064984 0
    outer loop
      vertex 174.034 54.4779 13
      vertex 174 55 42
      vertex 174 55 13
    endloop
  endfacet
  facet normal -0.997886 -0.064984 0
    outer loop
      vertex 174 55 42
      vertex 174.034 54.4779 13
      vertex 174.034 54.4779 42
    endloop
  endfacet
  facet normal 0.896443 0.443159 0
    outer loop
      vertex 181.696 56.5307 42
      vertex 181.464 57 13
      vertex 181.464 57 42
    endloop
  endfacet
  facet normal 0.896443 0.443159 0
    outer loop
      vertex 181.464 57 13
      vertex 181.696 56.5307 42
      vertex 181.696 56.5307 13
    endloop
  endfacet
  facet normal 0.831167 0.556022 0
    outer loop
      vertex 181.464 57 42
      vertex 181.173 57.435 13
      vertex 181.173 57.435 42
    endloop
  endfacet
  facet normal 0.831167 0.556022 0
    outer loop
      vertex 181.173 57.435 13
      vertex 181.464 57 42
      vertex 181.464 57 13
    endloop
  endfacet
  facet normal 0.659722 0.75151 -0
    outer loop
      vertex 180.828 57.8284 13
      vertex 180.435 58.1734 42
      vertex 180.828 57.8284 42
    endloop
  endfacet
  facet normal 0.659722 0.75151 0
    outer loop
      vertex 180.435 58.1734 42
      vertex 180.828 57.8284 13
      vertex 180.435 58.1734 13
    endloop
  endfacet
  facet normal -0.659722 0.75151 0
    outer loop
      vertex 175.565 58.1734 13
      vertex 175.172 57.8284 42
      vertex 175.565 58.1734 42
    endloop
  endfacet
  facet normal -0.659722 0.75151 0
    outer loop
      vertex 175.172 57.8284 42
      vertex 175.565 58.1734 13
      vertex 175.172 57.8284 13
    endloop
  endfacet
  facet normal 0.751842 0.659343 0
    outer loop
      vertex 181.173 57.435 42
      vertex 180.828 57.8284 13
      vertex 180.828 57.8284 42
    endloop
  endfacet
  facet normal 0.751842 0.659343 0
    outer loop
      vertex 180.828 57.8284 13
      vertex 181.173 57.435 42
      vertex 181.173 57.435 13
    endloop
  endfacet
  facet normal -0.980815 0.19494 0
    outer loop
      vertex 174.034 55.5221 13
      vertex 174.136 56.0353 42
      vertex 174.136 56.0353 13
    endloop
  endfacet
  facet normal -0.980815 0.19494 0
    outer loop
      vertex 174.136 56.0353 42
      vertex 174.034 55.5221 13
      vertex 174.034 55.5221 42
    endloop
  endfacet
  facet normal -0.997886 0.064984 0
    outer loop
      vertex 174 55 13
      vertex 174.034 55.5221 42
      vertex 174.034 55.5221 13
    endloop
  endfacet
  facet normal -0.997886 0.064984 0
    outer loop
      vertex 174.034 55.5221 42
      vertex 174 55 13
      vertex 174 55 42
    endloop
  endfacet
  facet normal -0.751842 -0.659343 0
    outer loop
      vertex 175.172 52.1716 13
      vertex 174.827 52.565 42
      vertex 174.827 52.565 13
    endloop
  endfacet
  facet normal -0.751842 -0.659343 0
    outer loop
      vertex 174.827 52.565 42
      vertex 175.172 52.1716 13
      vertex 175.172 52.1716 42
    endloop
  endfacet
  facet normal 0.195197 -0.980764 0
    outer loop
      vertex 178.522 51.0342 13
      vertex 179.035 51.1363 42
      vertex 178.522 51.0342 42
    endloop
  endfacet
  facet normal 0.195197 -0.980764 0
    outer loop
      vertex 179.035 51.1363 42
      vertex 178.522 51.0342 13
      vertex 179.035 51.1363 13
    endloop
  endfacet
  facet normal -0.442465 0.896786 0
    outer loop
      vertex 176.469 58.6955 13
      vertex 176 58.4641 42
      vertex 176.469 58.6955 42
    endloop
  endfacet
  facet normal -0.442465 0.896786 0
    outer loop
      vertex 176 58.4641 42
      vertex 176.469 58.6955 13
      vertex 176 58.4641 13
    endloop
  endfacet
  facet normal -0.32115 -0.947028 0
    outer loop
      vertex 176.469 51.3045 13
      vertex 176.965 51.1363 42
      vertex 176.469 51.3045 42
    endloop
  endfacet
  facet normal -0.32115 -0.947028 -0
    outer loop
      vertex 176.965 51.1363 42
      vertex 176.469 51.3045 13
      vertex 176.965 51.1363 13
    endloop
  endfacet
  facet normal 0.980815 -0.19494 0
    outer loop
      vertex 181.864 53.9647 42
      vertex 181.966 54.4779 13
      vertex 181.966 54.4779 42
    endloop
  endfacet
  facet normal 0.980815 -0.19494 0
    outer loop
      vertex 181.966 54.4779 13
      vertex 181.864 53.9647 42
      vertex 181.864 53.9647 13
    endloop
  endfacet
  facet normal -0.751842 0.659343 0
    outer loop
      vertex 174.827 57.435 13
      vertex 175.172 57.8284 42
      vertex 175.172 57.8284 13
    endloop
  endfacet
  facet normal -0.751842 0.659343 0
    outer loop
      vertex 175.172 57.8284 42
      vertex 174.827 57.435 13
      vertex 174.827 57.435 42
    endloop
  endfacet
  facet normal 0.831167 -0.556022 0
    outer loop
      vertex 181.173 52.565 42
      vertex 181.464 53 13
      vertex 181.464 53 42
    endloop
  endfacet
  facet normal 0.831167 -0.556022 0
    outer loop
      vertex 181.464 53 13
      vertex 181.173 52.565 42
      vertex 181.173 52.565 13
    endloop
  endfacet
  facet normal -0.32115 0.947028 0
    outer loop
      vertex 176.965 58.8637 13
      vertex 176.469 58.6955 42
      vertex 176.965 58.8637 42
    endloop
  endfacet
  facet normal -0.32115 0.947028 0
    outer loop
      vertex 176.469 58.6955 42
      vertex 176.965 58.8637 13
      vertex 176.469 58.6955 13
    endloop
  endfacet
  facet normal -0.980815 -0.19494 0
    outer loop
      vertex 174.136 53.9647 13
      vertex 174.034 54.4779 42
      vertex 174.034 54.4779 13
    endloop
  endfacet
  facet normal -0.980815 -0.19494 0
    outer loop
      vertex 174.034 54.4779 42
      vertex 174.136 53.9647 13
      vertex 174.136 53.9647 42
    endloop
  endfacet
  facet normal -0.195197 -0.980764 0
    outer loop
      vertex 176.965 51.1363 13
      vertex 177.478 51.0342 42
      vertex 176.965 51.1363 42
    endloop
  endfacet
  facet normal -0.195197 -0.980764 -0
    outer loop
      vertex 177.478 51.0342 42
      vertex 176.965 51.1363 13
      vertex 177.478 51.0342 13
    endloop
  endfacet
  facet normal 0.555626 0.831432 -0
    outer loop
      vertex 180.435 58.1734 13
      vertex 180 58.4641 42
      vertex 180.435 58.1734 42
    endloop
  endfacet
  facet normal 0.555626 0.831432 0
    outer loop
      vertex 180 58.4641 42
      vertex 180.435 58.1734 13
      vertex 180 58.4641 13
    endloop
  endfacet
  facet normal 0.947026 -0.321156 0
    outer loop
      vertex 181.696 53.4693 42
      vertex 181.864 53.9647 13
      vertex 181.864 53.9647 42
    endloop
  endfacet
  facet normal 0.947026 -0.321156 0
    outer loop
      vertex 181.864 53.9647 13
      vertex 181.696 53.4693 42
      vertex 181.696 53.4693 13
    endloop
  endfacet
  facet normal 0.0653771 -0.997861 0
    outer loop
      vertex 178 51 13
      vertex 178.522 51.0342 42
      vertex 178 51 42
    endloop
  endfacet
  facet normal 0.0653771 -0.997861 0
    outer loop
      vertex 178.522 51.0342 42
      vertex 178 51 13
      vertex 178.522 51.0342 13
    endloop
  endfacet
  facet normal 0.751842 -0.659343 0
    outer loop
      vertex 180.828 52.1716 42
      vertex 181.173 52.565 13
      vertex 181.173 52.565 42
    endloop
  endfacet
  facet normal 0.751842 -0.659343 0
    outer loop
      vertex 181.173 52.565 13
      vertex 180.828 52.1716 42
      vertex 180.828 52.1716 13
    endloop
  endfacet
  facet normal -0.0653771 0.997861 0
    outer loop
      vertex 178 59 13
      vertex 177.478 58.9658 42
      vertex 178 59 42
    endloop
  endfacet
  facet normal -0.0653771 0.997861 0
    outer loop
      vertex 177.478 58.9658 42
      vertex 178 59 13
      vertex 177.478 58.9658 13
    endloop
  endfacet
  facet normal 0.555626 -0.831432 0
    outer loop
      vertex 180 51.5359 13
      vertex 180.435 51.8266 42
      vertex 180 51.5359 42
    endloop
  endfacet
  facet normal 0.555626 -0.831432 0
    outer loop
      vertex 180.435 51.8266 42
      vertex 180 51.5359 13
      vertex 180.435 51.8266 13
    endloop
  endfacet
  facet normal -0.659722 -0.75151 0
    outer loop
      vertex 175.172 52.1716 13
      vertex 175.565 51.8266 42
      vertex 175.172 52.1716 42
    endloop
  endfacet
  facet normal -0.659722 -0.75151 -0
    outer loop
      vertex 175.565 51.8266 42
      vertex 175.172 52.1716 13
      vertex 175.565 51.8266 13
    endloop
  endfacet
  facet normal -0.555626 -0.831432 0
    outer loop
      vertex 175.565 51.8266 13
      vertex 176 51.5359 42
      vertex 175.565 51.8266 42
    endloop
  endfacet
  facet normal -0.555626 -0.831432 -0
    outer loop
      vertex 176 51.5359 42
      vertex 175.565 51.8266 13
      vertex 176 51.5359 13
    endloop
  endfacet
  facet normal -0.896443 0.443159 0
    outer loop
      vertex 174.304 56.5307 13
      vertex 174.536 57 42
      vertex 174.536 57 13
    endloop
  endfacet
  facet normal -0.896443 0.443159 0
    outer loop
      vertex 174.536 57 42
      vertex 174.304 56.5307 13
      vertex 174.304 56.5307 42
    endloop
  endfacet
  facet normal 0.0653771 0.997861 -0
    outer loop
      vertex 178.522 58.9658 13
      vertex 178 59 42
      vertex 178.522 58.9658 42
    endloop
  endfacet
  facet normal 0.0653771 0.997861 0
    outer loop
      vertex 178 59 42
      vertex 178.522 58.9658 13
      vertex 178 59 13
    endloop
  endfacet
  facet normal 0.997886 -0.064984 0
    outer loop
      vertex 181.966 54.4779 42
      vertex 182 55 13
      vertex 182 55 42
    endloop
  endfacet
  facet normal 0.997886 -0.064984 0
    outer loop
      vertex 182 55 13
      vertex 181.966 54.4779 42
      vertex 181.966 54.4779 13
    endloop
  endfacet
  facet normal -0.195197 0.980764 0
    outer loop
      vertex 177.478 58.9658 13
      vertex 176.965 58.8637 42
      vertex 177.478 58.9658 42
    endloop
  endfacet
  facet normal -0.195197 0.980764 0
    outer loop
      vertex 176.965 58.8637 42
      vertex 177.478 58.9658 13
      vertex 176.965 58.8637 13
    endloop
  endfacet
  facet normal -0.555626 0.831432 0
    outer loop
      vertex 176 58.4641 13
      vertex 175.565 58.1734 42
      vertex 176 58.4641 42
    endloop
  endfacet
  facet normal -0.555626 0.831432 0
    outer loop
      vertex 175.565 58.1734 42
      vertex 176 58.4641 13
      vertex 175.565 58.1734 13
    endloop
  endfacet
  facet normal -0.0653771 -0.997861 0
    outer loop
      vertex 177.478 51.0342 13
      vertex 178 51 42
      vertex 177.478 51.0342 42
    endloop
  endfacet
  facet normal -0.0653771 -0.997861 -0
    outer loop
      vertex 178 51 42
      vertex 177.478 51.0342 13
      vertex 178 51 13
    endloop
  endfacet
  facet normal 0.896443 -0.443159 0
    outer loop
      vertex 181.464 53 42
      vertex 181.696 53.4693 13
      vertex 181.696 53.4693 42
    endloop
  endfacet
  facet normal 0.896443 -0.443159 0
    outer loop
      vertex 181.696 53.4693 13
      vertex 181.464 53 42
      vertex 181.464 53 13
    endloop
  endfacet
  facet normal -0.947026 0.321156 0
    outer loop
      vertex 174.136 56.0353 13
      vertex 174.304 56.5307 42
      vertex 174.304 56.5307 13
    endloop
  endfacet
  facet normal -0.947026 0.321156 0
    outer loop
      vertex 174.304 56.5307 42
      vertex 174.136 56.0353 13
      vertex 174.136 56.0353 42
    endloop
  endfacet
  facet normal -0.947026 -0.321156 0
    outer loop
      vertex 174.304 53.4693 13
      vertex 174.136 53.9647 42
      vertex 174.136 53.9647 13
    endloop
  endfacet
  facet normal -0.947026 -0.321156 0
    outer loop
      vertex 174.136 53.9647 42
      vertex 174.304 53.4693 13
      vertex 174.304 53.4693 42
    endloop
  endfacet
  facet normal -0.831167 0.556022 0
    outer loop
      vertex 174.536 57 13
      vertex 174.827 57.435 42
      vertex 174.827 57.435 13
    endloop
  endfacet
  facet normal -0.831167 0.556022 0
    outer loop
      vertex 174.827 57.435 42
      vertex 174.536 57 13
      vertex 174.536 57 42
    endloop
  endfacet
  facet normal 0.442465 -0.896786 0
    outer loop
      vertex 179.531 51.3045 13
      vertex 180 51.5359 42
      vertex 179.531 51.3045 42
    endloop
  endfacet
  facet normal 0.442465 -0.896786 0
    outer loop
      vertex 180 51.5359 42
      vertex 179.531 51.3045 13
      vertex 180 51.5359 13
    endloop
  endfacet
  facet normal 0.32115 -0.947028 0
    outer loop
      vertex 179.035 51.1363 13
      vertex 179.531 51.3045 42
      vertex 179.035 51.1363 42
    endloop
  endfacet
  facet normal 0.32115 -0.947028 0
    outer loop
      vertex 179.531 51.3045 42
      vertex 179.035 51.1363 13
      vertex 179.531 51.3045 13
    endloop
  endfacet
  facet normal -0.896443 -0.443159 0
    outer loop
      vertex 174.536 53 13
      vertex 174.304 53.4693 42
      vertex 174.304 53.4693 13
    endloop
  endfacet
  facet normal -0.896443 -0.443159 0
    outer loop
      vertex 174.304 53.4693 42
      vertex 174.536 53 13
      vertex 174.536 53 42
    endloop
  endfacet
  facet normal 0.195197 0.980764 -0
    outer loop
      vertex 179.035 58.8637 13
      vertex 178.522 58.9658 42
      vertex 179.035 58.8637 42
    endloop
  endfacet
  facet normal 0.195197 0.980764 0
    outer loop
      vertex 178.522 58.9658 42
      vertex 179.035 58.8637 13
      vertex 178.522 58.9658 13
    endloop
  endfacet
  facet normal -0.442465 -0.896786 0
    outer loop
      vertex 176 51.5359 13
      vertex 176.469 51.3045 42
      vertex 176 51.5359 42
    endloop
  endfacet
  facet normal -0.442465 -0.896786 -0
    outer loop
      vertex 176.469 51.3045 42
      vertex 176 51.5359 13
      vertex 176.469 51.3045 13
    endloop
  endfacet
  facet normal 0.659722 -0.75151 0
    outer loop
      vertex 180.435 51.8266 13
      vertex 180.828 52.1716 42
      vertex 180.435 51.8266 42
    endloop
  endfacet
  facet normal 0.659722 -0.75151 0
    outer loop
      vertex 180.828 52.1716 42
      vertex 180.435 51.8266 13
      vertex 180.828 52.1716 13
    endloop
  endfacet
  facet normal -0.831167 -0.556022 0
    outer loop
      vertex 174.827 52.565 13
      vertex 174.536 53 42
      vertex 174.536 53 13
    endloop
  endfacet
  facet normal -0.831167 -0.556022 0
    outer loop
      vertex 174.536 53 42
      vertex 174.827 52.565 13
      vertex 174.827 52.565 42
    endloop
  endfacet
  facet normal -0.195196 -0.980764 0
    outer loop
      vertex 178.209 56.5863 10
      vertex 178.414 56.5455 42
      vertex 178.209 56.5863 42
    endloop
  endfacet
  facet normal -0.195196 -0.980764 -0
    outer loop
      vertex 178.414 56.5455 42
      vertex 178.209 56.5863 10
      vertex 178.414 56.5455 10
    endloop
  endfacet
  facet normal -0.980636 -0.195841 0
    outer loop
      vertex 179.586 55.2088 10
      vertex 179.545 55.4141 42
      vertex 179.545 55.4141 10
    endloop
  endfacet
  facet normal -0.980636 -0.195841 0
    outer loop
      vertex 179.545 55.4141 42
      vertex 179.586 55.2088 10
      vertex 179.586 55.2088 42
    endloop
  endfacet
  facet normal -0.99776 -0.0668996 0
    outer loop
      vertex 179.6 55 10
      vertex 179.586 55.2088 42
      vertex 179.586 55.2088 10
    endloop
  endfacet
  facet normal -0.99776 -0.0668996 0
    outer loop
      vertex 179.586 55.2088 42
      vertex 179.6 55 10
      vertex 179.6 55 42
    endloop
  endfacet
  facet normal -0.947336 -0.32024 0
    outer loop
      vertex 179.545 55.4141 10
      vertex 179.478 55.6123 42
      vertex 179.478 55.6123 10
    endloop
  endfacet
  facet normal -0.947336 -0.32024 0
    outer loop
      vertex 179.478 55.6123 42
      vertex 179.545 55.4141 10
      vertex 179.545 55.4141 42
    endloop
  endfacet
  facet normal -0.829843 -0.557998 0
    outer loop
      vertex 179.386 55.8 10
      vertex 179.269 55.974 42
      vertex 179.269 55.974 10
    endloop
  endfacet
  facet normal -0.829843 -0.557998 0
    outer loop
      vertex 179.269 55.974 42
      vertex 179.386 55.8 10
      vertex 179.386 55.8 42
    endloop
  endfacet
  facet normal -0.321817 -0.946802 0
    outer loop
      vertex 178.414 56.5455 10
      vertex 178.612 56.4782 42
      vertex 178.414 56.5455 42
    endloop
  endfacet
  facet normal -0.321817 -0.946802 -0
    outer loop
      vertex 178.612 56.4782 42
      vertex 178.414 56.5455 10
      vertex 178.612 56.4782 10
    endloop
  endfacet
  facet normal -0.897939 -0.440119 0
    outer loop
      vertex 179.478 55.6123 10
      vertex 179.386 55.8 42
      vertex 179.386 55.8 10
    endloop
  endfacet
  facet normal -0.897939 -0.440119 0
    outer loop
      vertex 179.386 55.8 42
      vertex 179.478 55.6123 10
      vertex 179.478 55.6123 42
    endloop
  endfacet
  facet normal -0.751925 -0.659248 0
    outer loop
      vertex 179.269 55.974 10
      vertex 179.131 56.1314 42
      vertex 179.131 56.1314 10
    endloop
  endfacet
  facet normal -0.751925 -0.659248 0
    outer loop
      vertex 179.131 56.1314 42
      vertex 179.269 55.974 10
      vertex 179.269 55.974 42
    endloop
  endfacet
  facet normal -0.441861 -0.897083 0
    outer loop
      vertex 178.612 56.4782 10
      vertex 178.8 56.3856 42
      vertex 178.612 56.4782 42
    endloop
  endfacet
  facet normal -0.441861 -0.897083 -0
    outer loop
      vertex 178.8 56.3856 42
      vertex 178.612 56.4782 10
      vertex 178.8 56.3856 10
    endloop
  endfacet
  facet normal -0.660196 -0.751093 0
    outer loop
      vertex 178.974 56.2694 10
      vertex 179.131 56.1314 42
      vertex 178.974 56.2694 42
    endloop
  endfacet
  facet normal -0.660196 -0.751093 -0
    outer loop
      vertex 179.131 56.1314 42
      vertex 178.974 56.2694 10
      vertex 179.131 56.1314 10
    endloop
  endfacet
  facet normal -0.0654099 -0.997858 0
    outer loop
      vertex 178 56.6 10
      vertex 178.209 56.5863 42
      vertex 178 56.6 42
    endloop
  endfacet
  facet normal -0.0654099 -0.997858 -0
    outer loop
      vertex 178.209 56.5863 42
      vertex 178 56.6 10
      vertex 178.209 56.5863 10
    endloop
  endfacet
  facet normal -0.555362 -0.831609 0
    outer loop
      vertex 178.8 56.3856 10
      vertex 178.974 56.2694 42
      vertex 178.8 56.3856 42
    endloop
  endfacet
  facet normal -0.555362 -0.831609 -0
    outer loop
      vertex 178.974 56.2694 42
      vertex 178.8 56.3856 10
      vertex 178.974 56.2694 10
    endloop
  endfacet
  facet normal 0.320807 0.947145 -0
    outer loop
      vertex 179.531 130.696 13
      vertex 179.035 130.864 42
      vertex 179.531 130.696 42
    endloop
  endfacet
  facet normal 0.320807 0.947145 0
    outer loop
      vertex 179.035 130.864 42
      vertex 179.531 130.696 13
      vertex 179.035 130.864 13
    endloop
  endfacet
  facet normal 0.980801 0.195013 0
    outer loop
      vertex 181.966 127.522 42
      vertex 181.864 128.035 13
      vertex 181.864 128.035 42
    endloop
  endfacet
  facet normal 0.980801 0.195013 0
    outer loop
      vertex 181.864 128.035 13
      vertex 181.966 127.522 42
      vertex 181.966 127.522 13
    endloop
  endfacet
  facet normal 0.997886 0.0649964 0
    outer loop
      vertex 182 127 42
      vertex 181.966 127.522 13
      vertex 181.966 127.522 42
    endloop
  endfacet
  facet normal 0.997886 0.0649964 0
    outer loop
      vertex 181.966 127.522 13
      vertex 182 127 42
      vertex 182 127 13
    endloop
  endfacet
  facet normal 0.947145 0.320807 0
    outer loop
      vertex 181.864 128.035 42
      vertex 181.696 128.531 13
      vertex 181.696 128.531 42
    endloop
  endfacet
  facet normal 0.947145 0.320807 0
    outer loop
      vertex 181.696 128.531 13
      vertex 181.864 128.035 42
      vertex 181.864 128.035 13
    endloop
  endfacet
  facet normal 0.443387 0.89633 -0
    outer loop
      vertex 180 130.464 13
      vertex 179.531 130.696 42
      vertex 180 130.464 42
    endloop
  endfacet
  facet normal 0.443387 0.89633 0
    outer loop
      vertex 179.531 130.696 42
      vertex 180 130.464 13
      vertex 179.531 130.696 13
    endloop
  endfacet
  facet normal -0.997886 -0.0649964 0
    outer loop
      vertex 174.034 126.478 13
      vertex 174 127 42
      vertex 174 127 13
    endloop
  endfacet
  facet normal -0.997886 -0.0649964 0
    outer loop
      vertex 174 127 42
      vertex 174.034 126.478 13
      vertex 174.034 126.478 42
    endloop
  endfacet
  facet normal 0.89633 0.443387 0
    outer loop
      vertex 181.696 128.531 42
      vertex 181.464 129 13
      vertex 181.464 129 42
    endloop
  endfacet
  facet normal 0.89633 0.443387 0
    outer loop
      vertex 181.464 129 13
      vertex 181.696 128.531 42
      vertex 181.696 128.531 13
    endloop
  endfacet
  facet normal 0.831167 0.556022 0
    outer loop
      vertex 181.464 129 42
      vertex 181.173 129.435 13
      vertex 181.173 129.435 42
    endloop
  endfacet
  facet normal 0.831167 0.556022 0
    outer loop
      vertex 181.173 129.435 13
      vertex 181.464 129 42
      vertex 181.464 129 13
    endloop
  endfacet
  facet normal 0.659722 0.75151 -0
    outer loop
      vertex 180.828 129.828 13
      vertex 180.435 130.173 42
      vertex 180.828 129.828 42
    endloop
  endfacet
  facet normal 0.659722 0.75151 0
    outer loop
      vertex 180.435 130.173 42
      vertex 180.828 129.828 13
      vertex 180.435 130.173 13
    endloop
  endfacet
  facet normal -0.659722 0.75151 0
    outer loop
      vertex 175.565 130.173 13
      vertex 175.172 129.828 42
      vertex 175.565 130.173 42
    endloop
  endfacet
  facet normal -0.659722 0.75151 0
    outer loop
      vertex 175.172 129.828 42
      vertex 175.565 130.173 13
      vertex 175.172 129.828 13
    endloop
  endfacet
  facet normal 0.75151 0.659722 0
    outer loop
      vertex 181.173 129.435 42
      vertex 180.828 129.828 13
      vertex 180.828 129.828 42
    endloop
  endfacet
  facet normal 0.75151 0.659722 0
    outer loop
      vertex 180.828 129.828 13
      vertex 181.173 129.435 42
      vertex 181.173 129.435 13
    endloop
  endfacet
  facet normal -0.980801 0.195013 0
    outer loop
      vertex 174.034 127.522 13
      vertex 174.136 128.035 42
      vertex 174.136 128.035 13
    endloop
  endfacet
  facet normal -0.980801 0.195013 0
    outer loop
      vertex 174.136 128.035 42
      vertex 174.034 127.522 13
      vertex 174.034 127.522 42
    endloop
  endfacet
  facet normal -0.997886 0.0649964 0
    outer loop
      vertex 174 127 13
      vertex 174.034 127.522 42
      vertex 174.034 127.522 13
    endloop
  endfacet
  facet normal -0.997886 0.0649964 0
    outer loop
      vertex 174.034 127.522 42
      vertex 174 127 13
      vertex 174 127 42
    endloop
  endfacet
  facet normal -0.75151 -0.659722 0
    outer loop
      vertex 175.172 124.172 13
      vertex 174.827 124.565 42
      vertex 174.827 124.565 13
    endloop
  endfacet
  facet normal -0.75151 -0.659722 0
    outer loop
      vertex 174.827 124.565 42
      vertex 175.172 124.172 13
      vertex 175.172 124.172 42
    endloop
  endfacet
  facet normal 0.195013 -0.980801 0
    outer loop
      vertex 178.522 123.034 13
      vertex 179.035 123.136 42
      vertex 178.522 123.034 42
    endloop
  endfacet
  facet normal 0.195013 -0.980801 0
    outer loop
      vertex 179.035 123.136 42
      vertex 178.522 123.034 13
      vertex 179.035 123.136 13
    endloop
  endfacet
  facet normal -0.443387 0.89633 0
    outer loop
      vertex 176.469 130.696 13
      vertex 176 130.464 42
      vertex 176.469 130.696 42
    endloop
  endfacet
  facet normal -0.443387 0.89633 0
    outer loop
      vertex 176 130.464 42
      vertex 176.469 130.696 13
      vertex 176 130.464 13
    endloop
  endfacet
  facet normal -0.320807 -0.947145 0
    outer loop
      vertex 176.469 123.304 13
      vertex 176.965 123.136 42
      vertex 176.469 123.304 42
    endloop
  endfacet
  facet normal -0.320807 -0.947145 -0
    outer loop
      vertex 176.965 123.136 42
      vertex 176.469 123.304 13
      vertex 176.965 123.136 13
    endloop
  endfacet
  facet normal 0.980801 -0.195013 0
    outer loop
      vertex 181.864 125.965 42
      vertex 181.966 126.478 13
      vertex 181.966 126.478 42
    endloop
  endfacet
  facet normal 0.980801 -0.195013 0
    outer loop
      vertex 181.966 126.478 13
      vertex 181.864 125.965 42
      vertex 181.864 125.965 13
    endloop
  endfacet
  facet normal -0.75151 0.659722 0
    outer loop
      vertex 174.827 129.435 13
      vertex 175.172 129.828 42
      vertex 175.172 129.828 13
    endloop
  endfacet
  facet normal -0.75151 0.659722 0
    outer loop
      vertex 175.172 129.828 42
      vertex 174.827 129.435 13
      vertex 174.827 129.435 42
    endloop
  endfacet
  facet normal 0.831167 -0.556022 0
    outer loop
      vertex 181.173 124.565 42
      vertex 181.464 125 13
      vertex 181.464 125 42
    endloop
  endfacet
  facet normal 0.831167 -0.556022 0
    outer loop
      vertex 181.464 125 13
      vertex 181.173 124.565 42
      vertex 181.173 124.565 13
    endloop
  endfacet
  facet normal -0.320807 0.947145 0
    outer loop
      vertex 176.965 130.864 13
      vertex 176.469 130.696 42
      vertex 176.965 130.864 42
    endloop
  endfacet
  facet normal -0.320807 0.947145 0
    outer loop
      vertex 176.469 130.696 42
      vertex 176.965 130.864 13
      vertex 176.469 130.696 13
    endloop
  endfacet
  facet normal -0.980801 -0.195013 0
    outer loop
      vertex 174.136 125.965 13
      vertex 174.034 126.478 42
      vertex 174.034 126.478 13
    endloop
  endfacet
  facet normal -0.980801 -0.195013 0
    outer loop
      vertex 174.034 126.478 42
      vertex 174.136 125.965 13
      vertex 174.136 125.965 42
    endloop
  endfacet
  facet normal -0.195013 -0.980801 0
    outer loop
      vertex 176.965 123.136 13
      vertex 177.478 123.034 42
      vertex 176.965 123.136 42
    endloop
  endfacet
  facet normal -0.195013 -0.980801 -0
    outer loop
      vertex 177.478 123.034 42
      vertex 176.965 123.136 13
      vertex 177.478 123.034 13
    endloop
  endfacet
  facet normal 0.556022 0.831167 -0
    outer loop
      vertex 180.435 130.173 13
      vertex 180 130.464 42
      vertex 180.435 130.173 42
    endloop
  endfacet
  facet normal 0.556022 0.831167 0
    outer loop
      vertex 180 130.464 42
      vertex 180.435 130.173 13
      vertex 180 130.464 13
    endloop
  endfacet
  facet normal 0.947145 -0.320807 0
    outer loop
      vertex 181.696 125.469 42
      vertex 181.864 125.965 13
      vertex 181.864 125.965 42
    endloop
  endfacet
  facet normal 0.947145 -0.320807 0
    outer loop
      vertex 181.864 125.965 13
      vertex 181.696 125.469 42
      vertex 181.696 125.469 13
    endloop
  endfacet
  facet normal 0.0649964 -0.997886 0
    outer loop
      vertex 178 123 13
      vertex 178.522 123.034 42
      vertex 178 123 42
    endloop
  endfacet
  facet normal 0.0649964 -0.997886 0
    outer loop
      vertex 178.522 123.034 42
      vertex 178 123 13
      vertex 178.522 123.034 13
    endloop
  endfacet
  facet normal 0.75151 -0.659722 0
    outer loop
      vertex 180.828 124.172 42
      vertex 181.173 124.565 13
      vertex 181.173 124.565 42
    endloop
  endfacet
  facet normal 0.75151 -0.659722 0
    outer loop
      vertex 181.173 124.565 13
      vertex 180.828 124.172 42
      vertex 180.828 124.172 13
    endloop
  endfacet
  facet normal -0.0649964 0.997886 0
    outer loop
      vertex 178 131 13
      vertex 177.478 130.966 42
      vertex 178 131 42
    endloop
  endfacet
  facet normal -0.0649964 0.997886 0
    outer loop
      vertex 177.478 130.966 42
      vertex 178 131 13
      vertex 177.478 130.966 13
    endloop
  endfacet
  facet normal 0.556022 -0.831167 0
    outer loop
      vertex 180 123.536 13
      vertex 180.435 123.827 42
      vertex 180 123.536 42
    endloop
  endfacet
  facet normal 0.556022 -0.831167 0
    outer loop
      vertex 180.435 123.827 42
      vertex 180 123.536 13
      vertex 180.435 123.827 13
    endloop
  endfacet
  facet normal -0.659722 -0.75151 0
    outer loop
      vertex 175.172 124.172 13
      vertex 175.565 123.827 42
      vertex 175.172 124.172 42
    endloop
  endfacet
  facet normal -0.659722 -0.75151 -0
    outer loop
      vertex 175.565 123.827 42
      vertex 175.172 124.172 13
      vertex 175.565 123.827 13
    endloop
  endfacet
  facet normal -0.556022 -0.831167 0
    outer loop
      vertex 175.565 123.827 13
      vertex 176 123.536 42
      vertex 175.565 123.827 42
    endloop
  endfacet
  facet normal -0.556022 -0.831167 -0
    outer loop
      vertex 176 123.536 42
      vertex 175.565 123.827 13
      vertex 176 123.536 13
    endloop
  endfacet
  facet normal -0.89633 0.443387 0
    outer loop
      vertex 174.304 128.531 13
      vertex 174.536 129 42
      vertex 174.536 129 13
    endloop
  endfacet
  facet normal -0.89633 0.443387 0
    outer loop
      vertex 174.536 129 42
      vertex 174.304 128.531 13
      vertex 174.304 128.531 42
    endloop
  endfacet
  facet normal 0.0649964 0.997886 -0
    outer loop
      vertex 178.522 130.966 13
      vertex 178 131 42
      vertex 178.522 130.966 42
    endloop
  endfacet
  facet normal 0.0649964 0.997886 0
    outer loop
      vertex 178 131 42
      vertex 178.522 130.966 13
      vertex 178 131 13
    endloop
  endfacet
  facet normal 0.997886 -0.0649964 0
    outer loop
      vertex 181.966 126.478 42
      vertex 182 127 13
      vertex 182 127 42
    endloop
  endfacet
  facet normal 0.997886 -0.0649964 0
    outer loop
      vertex 182 127 13
      vertex 181.966 126.478 42
      vertex 181.966 126.478 13
    endloop
  endfacet
  facet normal -0.195013 0.980801 0
    outer loop
      vertex 177.478 130.966 13
      vertex 176.965 130.864 42
      vertex 177.478 130.966 42
    endloop
  endfacet
  facet normal -0.195013 0.980801 0
    outer loop
      vertex 176.965 130.864 42
      vertex 177.478 130.966 13
      vertex 176.965 130.864 13
    endloop
  endfacet
  facet normal -0.556022 0.831167 0
    outer loop
      vertex 176 130.464 13
      vertex 175.565 130.173 42
      vertex 176 130.464 42
    endloop
  endfacet
  facet normal -0.556022 0.831167 0
    outer loop
      vertex 175.565 130.173 42
      vertex 176 130.464 13
      vertex 175.565 130.173 13
    endloop
  endfacet
  facet normal -0.0649964 -0.997886 0
    outer loop
      vertex 177.478 123.034 13
      vertex 178 123 42
      vertex 177.478 123.034 42
    endloop
  endfacet
  facet normal -0.0649964 -0.997886 -0
    outer loop
      vertex 178 123 42
      vertex 177.478 123.034 13
      vertex 178 123 13
    endloop
  endfacet
  facet normal 0.89633 -0.443387 0
    outer loop
      vertex 181.464 125 42
      vertex 181.696 125.469 13
      vertex 181.696 125.469 42
    endloop
  endfacet
  facet normal 0.89633 -0.443387 0
    outer loop
      vertex 181.696 125.469 13
      vertex 181.464 125 42
      vertex 181.464 125 13
    endloop
  endfacet
  facet normal -0.947145 0.320807 0
    outer loop
      vertex 174.136 128.035 13
      vertex 174.304 128.531 42
      vertex 174.304 128.531 13
    endloop
  endfacet
  facet normal -0.947145 0.320807 0
    outer loop
      vertex 174.304 128.531 42
      vertex 174.136 128.035 13
      vertex 174.136 128.035 42
    endloop
  endfacet
  facet normal -0.947145 -0.320807 0
    outer loop
      vertex 174.304 125.469 13
      vertex 174.136 125.965 42
      vertex 174.136 125.965 13
    endloop
  endfacet
  facet normal -0.947145 -0.320807 0
    outer loop
      vertex 174.136 125.965 42
      vertex 174.304 125.469 13
      vertex 174.304 125.469 42
    endloop
  endfacet
  facet normal -0.831167 0.556022 0
    outer loop
      vertex 174.536 129 13
      vertex 174.827 129.435 42
      vertex 174.827 129.435 13
    endloop
  endfacet
  facet normal -0.831167 0.556022 0
    outer loop
      vertex 174.827 129.435 42
      vertex 174.536 129 13
      vertex 174.536 129 42
    endloop
  endfacet
  facet normal 0.443387 -0.89633 0
    outer loop
      vertex 179.531 123.304 13
      vertex 180 123.536 42
      vertex 179.531 123.304 42
    endloop
  endfacet
  facet normal 0.443387 -0.89633 0
    outer loop
      vertex 180 123.536 42
      vertex 179.531 123.304 13
      vertex 180 123.536 13
    endloop
  endfacet
  facet normal 0.320807 -0.947145 0
    outer loop
      vertex 179.035 123.136 13
      vertex 179.531 123.304 42
      vertex 179.035 123.136 42
    endloop
  endfacet
  facet normal 0.320807 -0.947145 0
    outer loop
      vertex 179.531 123.304 42
      vertex 179.035 123.136 13
      vertex 179.531 123.304 13
    endloop
  endfacet
  facet normal -0.89633 -0.443387 0
    outer loop
      vertex 174.536 125 13
      vertex 174.304 125.469 42
      vertex 174.304 125.469 13
    endloop
  endfacet
  facet normal -0.89633 -0.443387 0
    outer loop
      vertex 174.304 125.469 42
      vertex 174.536 125 13
      vertex 174.536 125 42
    endloop
  endfacet
  facet normal 0.195013 0.980801 -0
    outer loop
      vertex 179.035 130.864 13
      vertex 178.522 130.966 42
      vertex 179.035 130.864 42
    endloop
  endfacet
  facet normal 0.195013 0.980801 0
    outer loop
      vertex 178.522 130.966 42
      vertex 179.035 130.864 13
      vertex 178.522 130.966 13
    endloop
  endfacet
  facet normal -0.443387 -0.89633 0
    outer loop
      vertex 176 123.536 13
      vertex 176.469 123.304 42
      vertex 176 123.536 42
    endloop
  endfacet
  facet normal -0.443387 -0.89633 -0
    outer loop
      vertex 176.469 123.304 42
      vertex 176 123.536 13
      vertex 176.469 123.304 13
    endloop
  endfacet
  facet normal 0.659722 -0.75151 0
    outer loop
      vertex 180.435 123.827 13
      vertex 180.828 124.172 42
      vertex 180.435 123.827 42
    endloop
  endfacet
  facet normal 0.659722 -0.75151 0
    outer loop
      vertex 180.828 124.172 42
      vertex 180.435 123.827 13
      vertex 180.828 124.172 13
    endloop
  endfacet
  facet normal -0.831167 -0.556022 0
    outer loop
      vertex 174.827 124.565 13
      vertex 174.536 125 42
      vertex 174.536 125 13
    endloop
  endfacet
  facet normal -0.831167 -0.556022 0
    outer loop
      vertex 174.536 125 42
      vertex 174.827 124.565 13
      vertex 174.827 124.565 42
    endloop
  endfacet
  facet normal -0.196116 -0.980581 0
    outer loop
      vertex 178.209 128.586 10
      vertex 178.414 128.545 42
      vertex 178.209 128.586 42
    endloop
  endfacet
  facet normal -0.196116 -0.980581 -0
    outer loop
      vertex 178.414 128.545 42
      vertex 178.209 128.586 10
      vertex 178.414 128.545 10
    endloop
  endfacet
  facet normal -0.980581 -0.196116 0
    outer loop
      vertex 179.586 127.209 10
      vertex 179.545 127.414 42
      vertex 179.545 127.414 10
    endloop
  endfacet
  facet normal -0.980581 -0.196116 0
    outer loop
      vertex 179.545 127.414 42
      vertex 179.586 127.209 10
      vertex 179.586 127.209 42
    endloop
  endfacet
  facet normal -0.997764 -0.0668359 0
    outer loop
      vertex 179.6 127 10
      vertex 179.586 127.209 42
      vertex 179.586 127.209 10
    endloop
  endfacet
  facet normal -0.997764 -0.0668359 0
    outer loop
      vertex 179.586 127.209 42
      vertex 179.6 127 10
      vertex 179.6 127 42
    endloop
  endfacet
  facet normal -0.947238 -0.32053 0
    outer loop
      vertex 179.545 127.414 10
      vertex 179.478 127.612 42
      vertex 179.478 127.612 10
    endloop
  endfacet
  facet normal -0.947238 -0.32053 0
    outer loop
      vertex 179.478 127.612 42
      vertex 179.545 127.414 10
      vertex 179.545 127.414 42
    endloop
  endfacet
  facet normal -0.829843 -0.557998 0
    outer loop
      vertex 179.386 127.8 10
      vertex 179.269 127.974 42
      vertex 179.269 127.974 10
    endloop
  endfacet
  facet normal -0.829843 -0.557998 0
    outer loop
      vertex 179.269 127.974 42
      vertex 179.386 127.8 10
      vertex 179.386 127.8 42
    endloop
  endfacet
  facet normal -0.32053 -0.947238 0
    outer loop
      vertex 178.414 128.545 10
      vertex 178.612 128.478 42
      vertex 178.414 128.545 42
    endloop
  endfacet
  facet normal -0.32053 -0.947238 -0
    outer loop
      vertex 178.612 128.478 42
      vertex 178.414 128.545 10
      vertex 178.612 128.478 10
    endloop
  endfacet
  facet normal -0.898217 -0.439553 0
    outer loop
      vertex 179.478 127.612 10
      vertex 179.386 127.8 42
      vertex 179.386 127.8 10
    endloop
  endfacet
  facet normal -0.898217 -0.439553 0
    outer loop
      vertex 179.386 127.8 42
      vertex 179.478 127.612 10
      vertex 179.478 127.612 42
    endloop
  endfacet
  facet normal -0.751093 -0.660196 0
    outer loop
      vertex 179.269 127.974 10
      vertex 179.131 128.131 42
      vertex 179.131 128.131 10
    endloop
  endfacet
  facet normal -0.751093 -0.660196 0
    outer loop
      vertex 179.131 128.131 42
      vertex 179.269 127.974 10
      vertex 179.269 127.974 42
    endloop
  endfacet
  facet normal -0.439553 -0.898217 0
    outer loop
      vertex 178.612 128.478 10
      vertex 178.8 128.386 42
      vertex 178.612 128.478 42
    endloop
  endfacet
  facet normal -0.439553 -0.898217 -0
    outer loop
      vertex 178.8 128.386 42
      vertex 178.612 128.478 10
      vertex 178.8 128.386 10
    endloop
  endfacet
  facet normal -0.660196 -0.751093 0
    outer loop
      vertex 178.974 128.269 10
      vertex 179.131 128.131 42
      vertex 178.974 128.269 42
    endloop
  endfacet
  facet normal -0.660196 -0.751093 -0
    outer loop
      vertex 179.131 128.131 42
      vertex 178.974 128.269 10
      vertex 179.131 128.131 10
    endloop
  endfacet
  facet normal -0.0668359 -0.997764 0
    outer loop
      vertex 178 128.6 10
      vertex 178.209 128.586 42
      vertex 178 128.6 42
    endloop
  endfacet
  facet normal -0.0668359 -0.997764 -0
    outer loop
      vertex 178.209 128.586 42
      vertex 178 128.6 10
      vertex 178.209 128.586 10
    endloop
  endfacet
  facet normal -0.557998 -0.829843 0
    outer loop
      vertex 178.8 128.386 10
      vertex 178.974 128.269 42
      vertex 178.8 128.386 42
    endloop
  endfacet
  facet normal -0.557998 -0.829843 -0
    outer loop
      vertex 178.974 128.269 42
      vertex 178.8 128.386 10
      vertex 178.974 128.269 10
    endloop
  endfacet
  facet normal 0.32115 0.947028 -0
    outer loop
      vertex 105.531 58.6955 13
      vertex 105.035 58.8637 42
      vertex 105.531 58.6955 42
    endloop
  endfacet
  facet normal 0.32115 0.947028 0
    outer loop
      vertex 105.035 58.8637 42
      vertex 105.531 58.6955 13
      vertex 105.035 58.8637 13
    endloop
  endfacet
  facet normal 0.980815 0.19494 0
    outer loop
      vertex 107.966 55.5221 42
      vertex 107.864 56.0353 13
      vertex 107.864 56.0353 42
    endloop
  endfacet
  facet normal 0.980815 0.19494 0
    outer loop
      vertex 107.864 56.0353 13
      vertex 107.966 55.5221 42
      vertex 107.966 55.5221 13
    endloop
  endfacet
  facet normal 0.997886 0.064984 0
    outer loop
      vertex 108 55 42
      vertex 107.966 55.5221 13
      vertex 107.966 55.5221 42
    endloop
  endfacet
  facet normal 0.997886 0.064984 0
    outer loop
      vertex 107.966 55.5221 13
      vertex 108 55 42
      vertex 108 55 13
    endloop
  endfacet
  facet normal 0.947026 0.321156 0
    outer loop
      vertex 107.864 56.0353 42
      vertex 107.696 56.5307 13
      vertex 107.696 56.5307 42
    endloop
  endfacet
  facet normal 0.947026 0.321156 0
    outer loop
      vertex 107.696 56.5307 13
      vertex 107.864 56.0353 42
      vertex 107.864 56.0353 13
    endloop
  endfacet
  facet normal 0.442465 0.896786 -0
    outer loop
      vertex 106 58.4641 13
      vertex 105.531 58.6955 42
      vertex 106 58.4641 42
    endloop
  endfacet
  facet normal 0.442465 0.896786 0
    outer loop
      vertex 105.531 58.6955 42
      vertex 106 58.4641 13
      vertex 105.531 58.6955 13
    endloop
  endfacet
  facet normal -0.997886 -0.064984 0
    outer loop
      vertex 100.034 54.4779 13
      vertex 100 55 42
      vertex 100 55 13
    endloop
  endfacet
  facet normal -0.997886 -0.064984 0
    outer loop
      vertex 100 55 42
      vertex 100.034 54.4779 13
      vertex 100.034 54.4779 42
    endloop
  endfacet
  facet normal 0.896443 0.443159 0
    outer loop
      vertex 107.696 56.5307 42
      vertex 107.464 57 13
      vertex 107.464 57 42
    endloop
  endfacet
  facet normal 0.896443 0.443159 0
    outer loop
      vertex 107.464 57 13
      vertex 107.696 56.5307 42
      vertex 107.696 56.5307 13
    endloop
  endfacet
  facet normal 0.831167 0.556022 0
    outer loop
      vertex 107.464 57 42
      vertex 107.173 57.435 13
      vertex 107.173 57.435 42
    endloop
  endfacet
  facet normal 0.831167 0.556022 0
    outer loop
      vertex 107.173 57.435 13
      vertex 107.464 57 42
      vertex 107.464 57 13
    endloop
  endfacet
  facet normal 0.659722 0.75151 -0
    outer loop
      vertex 106.828 57.8284 13
      vertex 106.435 58.1734 42
      vertex 106.828 57.8284 42
    endloop
  endfacet
  facet normal 0.659722 0.75151 0
    outer loop
      vertex 106.435 58.1734 42
      vertex 106.828 57.8284 13
      vertex 106.435 58.1734 13
    endloop
  endfacet
  facet normal -0.659722 0.75151 0
    outer loop
      vertex 101.565 58.1734 13
      vertex 101.172 57.8284 42
      vertex 101.565 58.1734 42
    endloop
  endfacet
  facet normal -0.659722 0.75151 0
    outer loop
      vertex 101.172 57.8284 42
      vertex 101.565 58.1734 13
      vertex 101.172 57.8284 13
    endloop
  endfacet
  facet normal 0.751842 0.659343 0
    outer loop
      vertex 107.173 57.435 42
      vertex 106.828 57.8284 13
      vertex 106.828 57.8284 42
    endloop
  endfacet
  facet normal 0.751842 0.659343 0
    outer loop
      vertex 106.828 57.8284 13
      vertex 107.173 57.435 42
      vertex 107.173 57.435 13
    endloop
  endfacet
  facet normal -0.980815 0.19494 0
    outer loop
      vertex 100.034 55.5221 13
      vertex 100.136 56.0353 42
      vertex 100.136 56.0353 13
    endloop
  endfacet
  facet normal -0.980815 0.19494 0
    outer loop
      vertex 100.136 56.0353 42
      vertex 100.034 55.5221 13
      vertex 100.034 55.5221 42
    endloop
  endfacet
  facet normal -0.997886 0.064984 0
    outer loop
      vertex 100 55 13
      vertex 100.034 55.5221 42
      vertex 100.034 55.5221 13
    endloop
  endfacet
  facet normal -0.997886 0.064984 0
    outer loop
      vertex 100.034 55.5221 42
      vertex 100 55 13
      vertex 100 55 42
    endloop
  endfacet
  facet normal -0.751842 -0.659343 0
    outer loop
      vertex 101.172 52.1716 13
      vertex 100.827 52.565 42
      vertex 100.827 52.565 13
    endloop
  endfacet
  facet normal -0.751842 -0.659343 0
    outer loop
      vertex 100.827 52.565 42
      vertex 101.172 52.1716 13
      vertex 101.172 52.1716 42
    endloop
  endfacet
  facet normal 0.195197 -0.980764 0
    outer loop
      vertex 104.522 51.0342 13
      vertex 105.035 51.1363 42
      vertex 104.522 51.0342 42
    endloop
  endfacet
  facet normal 0.195197 -0.980764 0
    outer loop
      vertex 105.035 51.1363 42
      vertex 104.522 51.0342 13
      vertex 105.035 51.1363 13
    endloop
  endfacet
  facet normal -0.442465 0.896786 0
    outer loop
      vertex 102.469 58.6955 13
      vertex 102 58.4641 42
      vertex 102.469 58.6955 42
    endloop
  endfacet
  facet normal -0.442465 0.896786 0
    outer loop
      vertex 102 58.4641 42
      vertex 102.469 58.6955 13
      vertex 102 58.4641 13
    endloop
  endfacet
  facet normal -0.32115 -0.947028 0
    outer loop
      vertex 102.469 51.3045 13
      vertex 102.965 51.1363 42
      vertex 102.469 51.3045 42
    endloop
  endfacet
  facet normal -0.32115 -0.947028 -0
    outer loop
      vertex 102.965 51.1363 42
      vertex 102.469 51.3045 13
      vertex 102.965 51.1363 13
    endloop
  endfacet
  facet normal 0.980815 -0.19494 0
    outer loop
      vertex 107.864 53.9647 42
      vertex 107.966 54.4779 13
      vertex 107.966 54.4779 42
    endloop
  endfacet
  facet normal 0.980815 -0.19494 0
    outer loop
      vertex 107.966 54.4779 13
      vertex 107.864 53.9647 42
      vertex 107.864 53.9647 13
    endloop
  endfacet
  facet normal -0.751842 0.659343 0
    outer loop
      vertex 100.827 57.435 13
      vertex 101.172 57.8284 42
      vertex 101.172 57.8284 13
    endloop
  endfacet
  facet normal -0.751842 0.659343 0
    outer loop
      vertex 101.172 57.8284 42
      vertex 100.827 57.435 13
      vertex 100.827 57.435 42
    endloop
  endfacet
  facet normal 0.831167 -0.556022 0
    outer loop
      vertex 107.173 52.565 42
      vertex 107.464 53 13
      vertex 107.464 53 42
    endloop
  endfacet
  facet normal 0.831167 -0.556022 0
    outer loop
      vertex 107.464 53 13
      vertex 107.173 52.565 42
      vertex 107.173 52.565 13
    endloop
  endfacet
  facet normal -0.32115 0.947028 0
    outer loop
      vertex 102.965 58.8637 13
      vertex 102.469 58.6955 42
      vertex 102.965 58.8637 42
    endloop
  endfacet
  facet normal -0.32115 0.947028 0
    outer loop
      vertex 102.469 58.6955 42
      vertex 102.965 58.8637 13
      vertex 102.469 58.6955 13
    endloop
  endfacet
  facet normal -0.980815 -0.19494 0
    outer loop
      vertex 100.136 53.9647 13
      vertex 100.034 54.4779 42
      vertex 100.034 54.4779 13
    endloop
  endfacet
  facet normal -0.980815 -0.19494 0
    outer loop
      vertex 100.034 54.4779 42
      vertex 100.136 53.9647 13
      vertex 100.136 53.9647 42
    endloop
  endfacet
  facet normal -0.195197 -0.980764 0
    outer loop
      vertex 102.965 51.1363 13
      vertex 103.478 51.0342 42
      vertex 102.965 51.1363 42
    endloop
  endfacet
  facet normal -0.195197 -0.980764 -0
    outer loop
      vertex 103.478 51.0342 42
      vertex 102.965 51.1363 13
      vertex 103.478 51.0342 13
    endloop
  endfacet
  facet normal 0.555626 0.831432 -0
    outer loop
      vertex 106.435 58.1734 13
      vertex 106 58.4641 42
      vertex 106.435 58.1734 42
    endloop
  endfacet
  facet normal 0.555626 0.831432 0
    outer loop
      vertex 106 58.4641 42
      vertex 106.435 58.1734 13
      vertex 106 58.4641 13
    endloop
  endfacet
  facet normal 0.947026 -0.321156 0
    outer loop
      vertex 107.696 53.4693 42
      vertex 107.864 53.9647 13
      vertex 107.864 53.9647 42
    endloop
  endfacet
  facet normal 0.947026 -0.321156 0
    outer loop
      vertex 107.864 53.9647 13
      vertex 107.696 53.4693 42
      vertex 107.696 53.4693 13
    endloop
  endfacet
  facet normal 0.0653771 -0.997861 0
    outer loop
      vertex 104 51 13
      vertex 104.522 51.0342 42
      vertex 104 51 42
    endloop
  endfacet
  facet normal 0.0653771 -0.997861 0
    outer loop
      vertex 104.522 51.0342 42
      vertex 104 51 13
      vertex 104.522 51.0342 13
    endloop
  endfacet
  facet normal 0.751842 -0.659343 0
    outer loop
      vertex 106.828 52.1716 42
      vertex 107.173 52.565 13
      vertex 107.173 52.565 42
    endloop
  endfacet
  facet normal 0.751842 -0.659343 0
    outer loop
      vertex 107.173 52.565 13
      vertex 106.828 52.1716 42
      vertex 106.828 52.1716 13
    endloop
  endfacet
  facet normal -0.0653771 0.997861 0
    outer loop
      vertex 104 59 13
      vertex 103.478 58.9658 42
      vertex 104 59 42
    endloop
  endfacet
  facet normal -0.0653771 0.997861 0
    outer loop
      vertex 103.478 58.9658 42
      vertex 104 59 13
      vertex 103.478 58.9658 13
    endloop
  endfacet
  facet normal 0.555626 -0.831432 0
    outer loop
      vertex 106 51.5359 13
      vertex 106.435 51.8266 42
      vertex 106 51.5359 42
    endloop
  endfacet
  facet normal 0.555626 -0.831432 0
    outer loop
      vertex 106.435 51.8266 42
      vertex 106 51.5359 13
      vertex 106.435 51.8266 13
    endloop
  endfacet
  facet normal -0.659722 -0.75151 0
    outer loop
      vertex 101.172 52.1716 13
      vertex 101.565 51.8266 42
      vertex 101.172 52.1716 42
    endloop
  endfacet
  facet normal -0.659722 -0.75151 -0
    outer loop
      vertex 101.565 51.8266 42
      vertex 101.172 52.1716 13
      vertex 101.565 51.8266 13
    endloop
  endfacet
  facet normal -0.555626 -0.831432 0
    outer loop
      vertex 101.565 51.8266 13
      vertex 102 51.5359 42
      vertex 101.565 51.8266 42
    endloop
  endfacet
  facet normal -0.555626 -0.831432 -0
    outer loop
      vertex 102 51.5359 42
      vertex 101.565 51.8266 13
      vertex 102 51.5359 13
    endloop
  endfacet
  facet normal -0.896443 0.443159 0
    outer loop
      vertex 100.304 56.5307 13
      vertex 100.536 57 42
      vertex 100.536 57 13
    endloop
  endfacet
  facet normal -0.896443 0.443159 0
    outer loop
      vertex 100.536 57 42
      vertex 100.304 56.5307 13
      vertex 100.304 56.5307 42
    endloop
  endfacet
  facet normal 0.0653771 0.997861 -0
    outer loop
      vertex 104.522 58.9658 13
      vertex 104 59 42
      vertex 104.522 58.9658 42
    endloop
  endfacet
  facet normal 0.0653771 0.997861 0
    outer loop
      vertex 104 59 42
      vertex 104.522 58.9658 13
      vertex 104 59 13
    endloop
  endfacet
  facet normal 0.997886 -0.064984 0
    outer loop
      vertex 107.966 54.4779 42
      vertex 108 55 13
      vertex 108 55 42
    endloop
  endfacet
  facet normal 0.997886 -0.064984 0
    outer loop
      vertex 108 55 13
      vertex 107.966 54.4779 42
      vertex 107.966 54.4779 13
    endloop
  endfacet
  facet normal -0.195197 0.980764 0
    outer loop
      vertex 103.478 58.9658 13
      vertex 102.965 58.8637 42
      vertex 103.478 58.9658 42
    endloop
  endfacet
  facet normal -0.195197 0.980764 0
    outer loop
      vertex 102.965 58.8637 42
      vertex 103.478 58.9658 13
      vertex 102.965 58.8637 13
    endloop
  endfacet
  facet normal -0.555626 0.831432 0
    outer loop
      vertex 102 58.4641 13
      vertex 101.565 58.1734 42
      vertex 102 58.4641 42
    endloop
  endfacet
  facet normal -0.555626 0.831432 0
    outer loop
      vertex 101.565 58.1734 42
      vertex 102 58.4641 13
      vertex 101.565 58.1734 13
    endloop
  endfacet
  facet normal -0.0653771 -0.997861 0
    outer loop
      vertex 103.478 51.0342 13
      vertex 104 51 42
      vertex 103.478 51.0342 42
    endloop
  endfacet
  facet normal -0.0653771 -0.997861 -0
    outer loop
      vertex 104 51 42
      vertex 103.478 51.0342 13
      vertex 104 51 13
    endloop
  endfacet
  facet normal 0.896443 -0.443159 0
    outer loop
      vertex 107.464 53 42
      vertex 107.696 53.4693 13
      vertex 107.696 53.4693 42
    endloop
  endfacet
  facet normal 0.896443 -0.443159 0
    outer loop
      vertex 107.696 53.4693 13
      vertex 107.464 53 42
      vertex 107.464 53 13
    endloop
  endfacet
  facet normal -0.947026 0.321156 0
    outer loop
      vertex 100.136 56.0353 13
      vertex 100.304 56.5307 42
      vertex 100.304 56.5307 13
    endloop
  endfacet
  facet normal -0.947026 0.321156 0
    outer loop
      vertex 100.304 56.5307 42
      vertex 100.136 56.0353 13
      vertex 100.136 56.0353 42
    endloop
  endfacet
  facet normal -0.947026 -0.321156 0
    outer loop
      vertex 100.304 53.4693 13
      vertex 100.136 53.9647 42
      vertex 100.136 53.9647 13
    endloop
  endfacet
  facet normal -0.947026 -0.321156 0
    outer loop
      vertex 100.136 53.9647 42
      vertex 100.304 53.4693 13
      vertex 100.304 53.4693 42
    endloop
  endfacet
  facet normal -0.831167 0.556022 0
    outer loop
      vertex 100.536 57 13
      vertex 100.827 57.435 42
      vertex 100.827 57.435 13
    endloop
  endfacet
  facet normal -0.831167 0.556022 0
    outer loop
      vertex 100.827 57.435 42
      vertex 100.536 57 13
      vertex 100.536 57 42
    endloop
  endfacet
  facet normal 0.442465 -0.896786 0
    outer loop
      vertex 105.531 51.3045 13
      vertex 106 51.5359 42
      vertex 105.531 51.3045 42
    endloop
  endfacet
  facet normal 0.442465 -0.896786 0
    outer loop
      vertex 106 51.5359 42
      vertex 105.531 51.3045 13
      vertex 106 51.5359 13
    endloop
  endfacet
  facet normal 0.32115 -0.947028 0
    outer loop
      vertex 105.035 51.1363 13
      vertex 105.531 51.3045 42
      vertex 105.035 51.1363 42
    endloop
  endfacet
  facet normal 0.32115 -0.947028 0
    outer loop
      vertex 105.531 51.3045 42
      vertex 105.035 51.1363 13
      vertex 105.531 51.3045 13
    endloop
  endfacet
  facet normal -0.896443 -0.443159 0
    outer loop
      vertex 100.536 53 13
      vertex 100.304 53.4693 42
      vertex 100.304 53.4693 13
    endloop
  endfacet
  facet normal -0.896443 -0.443159 0
    outer loop
      vertex 100.304 53.4693 42
      vertex 100.536 53 13
      vertex 100.536 53 42
    endloop
  endfacet
  facet normal 0.195197 0.980764 -0
    outer loop
      vertex 105.035 58.8637 13
      vertex 104.522 58.9658 42
      vertex 105.035 58.8637 42
    endloop
  endfacet
  facet normal 0.195197 0.980764 0
    outer loop
      vertex 104.522 58.9658 42
      vertex 105.035 58.8637 13
      vertex 104.522 58.9658 13
    endloop
  endfacet
  facet normal -0.442465 -0.896786 0
    outer loop
      vertex 102 51.5359 13
      vertex 102.469 51.3045 42
      vertex 102 51.5359 42
    endloop
  endfacet
  facet normal -0.442465 -0.896786 -0
    outer loop
      vertex 102.469 51.3045 42
      vertex 102 51.5359 13
      vertex 102.469 51.3045 13
    endloop
  endfacet
  facet normal 0.659722 -0.75151 0
    outer loop
      vertex 106.435 51.8266 13
      vertex 106.828 52.1716 42
      vertex 106.435 51.8266 42
    endloop
  endfacet
  facet normal 0.659722 -0.75151 0
    outer loop
      vertex 106.828 52.1716 42
      vertex 106.435 51.8266 13
      vertex 106.828 52.1716 13
    endloop
  endfacet
  facet normal -0.831167 -0.556022 0
    outer loop
      vertex 100.827 52.565 13
      vertex 100.536 53 42
      vertex 100.536 53 13
    endloop
  endfacet
  facet normal -0.831167 -0.556022 0
    outer loop
      vertex 100.536 53 42
      vertex 100.827 52.565 13
      vertex 100.827 52.565 42
    endloop
  endfacet
  facet normal -0.195196 -0.980764 0
    outer loop
      vertex 104.209 56.5863 10
      vertex 104.414 56.5455 42
      vertex 104.209 56.5863 42
    endloop
  endfacet
  facet normal -0.195196 -0.980764 -0
    outer loop
      vertex 104.414 56.5455 42
      vertex 104.209 56.5863 10
      vertex 104.414 56.5455 10
    endloop
  endfacet
  facet normal -0.980636 -0.195841 0
    outer loop
      vertex 105.586 55.2088 10
      vertex 105.545 55.4141 42
      vertex 105.545 55.4141 10
    endloop
  endfacet
  facet normal -0.980636 -0.195841 0
    outer loop
      vertex 105.545 55.4141 42
      vertex 105.586 55.2088 10
      vertex 105.586 55.2088 42
    endloop
  endfacet
  facet normal -0.99776 -0.0668996 0
    outer loop
      vertex 105.6 55 10
      vertex 105.586 55.2088 42
      vertex 105.586 55.2088 10
    endloop
  endfacet
  facet normal -0.99776 -0.0668996 0
    outer loop
      vertex 105.586 55.2088 42
      vertex 105.6 55 10
      vertex 105.6 55 42
    endloop
  endfacet
  facet normal -0.947336 -0.32024 0
    outer loop
      vertex 105.545 55.4141 10
      vertex 105.478 55.6123 42
      vertex 105.478 55.6123 10
    endloop
  endfacet
  facet normal -0.947336 -0.32024 0
    outer loop
      vertex 105.478 55.6123 42
      vertex 105.545 55.4141 10
      vertex 105.545 55.4141 42
    endloop
  endfacet
  facet normal -0.829843 -0.557998 0
    outer loop
      vertex 105.386 55.8 10
      vertex 105.269 55.974 42
      vertex 105.269 55.974 10
    endloop
  endfacet
  facet normal -0.829843 -0.557998 0
    outer loop
      vertex 105.269 55.974 42
      vertex 105.386 55.8 10
      vertex 105.386 55.8 42
    endloop
  endfacet
  facet normal -0.321817 -0.946802 0
    outer loop
      vertex 104.414 56.5455 10
      vertex 104.612 56.4782 42
      vertex 104.414 56.5455 42
    endloop
  endfacet
  facet normal -0.321817 -0.946802 -0
    outer loop
      vertex 104.612 56.4782 42
      vertex 104.414 56.5455 10
      vertex 104.612 56.4782 10
    endloop
  endfacet
  facet normal -0.897939 -0.440119 0
    outer loop
      vertex 105.478 55.6123 10
      vertex 105.386 55.8 42
      vertex 105.386 55.8 10
    endloop
  endfacet
  facet normal -0.897939 -0.440119 0
    outer loop
      vertex 105.386 55.8 42
      vertex 105.478 55.6123 10
      vertex 105.478 55.6123 42
    endloop
  endfacet
  facet normal -0.751925 -0.659248 0
    outer loop
      vertex 105.269 55.974 10
      vertex 105.131 56.1314 42
      vertex 105.131 56.1314 10
    endloop
  endfacet
  facet normal -0.751925 -0.659248 0
    outer loop
      vertex 105.131 56.1314 42
      vertex 105.269 55.974 10
      vertex 105.269 55.974 42
    endloop
  endfacet
  facet normal -0.441861 -0.897083 0
    outer loop
      vertex 104.612 56.4782 10
      vertex 104.8 56.3856 42
      vertex 104.612 56.4782 42
    endloop
  endfacet
  facet normal -0.441861 -0.897083 -0
    outer loop
      vertex 104.8 56.3856 42
      vertex 104.612 56.4782 10
      vertex 104.8 56.3856 10
    endloop
  endfacet
  facet normal -0.660196 -0.751093 0
    outer loop
      vertex 104.974 56.2694 10
      vertex 105.131 56.1314 42
      vertex 104.974 56.2694 42
    endloop
  endfacet
  facet normal -0.660196 -0.751093 -0
    outer loop
      vertex 105.131 56.1314 42
      vertex 104.974 56.2694 10
      vertex 105.131 56.1314 10
    endloop
  endfacet
  facet normal -0.0654099 -0.997858 0
    outer loop
      vertex 104 56.6 10
      vertex 104.209 56.5863 42
      vertex 104 56.6 42
    endloop
  endfacet
  facet normal -0.0654099 -0.997858 -0
    outer loop
      vertex 104.209 56.5863 42
      vertex 104 56.6 10
      vertex 104.209 56.5863 10
    endloop
  endfacet
  facet normal -0.555362 -0.831609 0
    outer loop
      vertex 104.8 56.3856 10
      vertex 104.974 56.2694 42
      vertex 104.8 56.3856 42
    endloop
  endfacet
  facet normal -0.555362 -0.831609 -0
    outer loop
      vertex 104.974 56.2694 42
      vertex 104.8 56.3856 10
      vertex 104.974 56.2694 10
    endloop
  endfacet
  facet normal 0.320807 0.947145 -0
    outer loop
      vertex 105.531 130.696 13
      vertex 105.035 130.864 42
      vertex 105.531 130.696 42
    endloop
  endfacet
  facet normal 0.320807 0.947145 0
    outer loop
      vertex 105.035 130.864 42
      vertex 105.531 130.696 13
      vertex 105.035 130.864 13
    endloop
  endfacet
  facet normal 0.980801 0.195013 0
    outer loop
      vertex 107.966 127.522 42
      vertex 107.864 128.035 13
      vertex 107.864 128.035 42
    endloop
  endfacet
  facet normal 0.980801 0.195013 0
    outer loop
      vertex 107.864 128.035 13
      vertex 107.966 127.522 42
      vertex 107.966 127.522 13
    endloop
  endfacet
  facet normal 0.997886 0.0649964 0
    outer loop
      vertex 108 127 42
      vertex 107.966 127.522 13
      vertex 107.966 127.522 42
    endloop
  endfacet
  facet normal 0.997886 0.0649964 0
    outer loop
      vertex 107.966 127.522 13
      vertex 108 127 42
      vertex 108 127 13
    endloop
  endfacet
  facet normal 0.947145 0.320807 0
    outer loop
      vertex 107.864 128.035 42
      vertex 107.696 128.531 13
      vertex 107.696 128.531 42
    endloop
  endfacet
  facet normal 0.947145 0.320807 0
    outer loop
      vertex 107.696 128.531 13
      vertex 107.864 128.035 42
      vertex 107.864 128.035 13
    endloop
  endfacet
  facet normal 0.443387 0.89633 -0
    outer loop
      vertex 106 130.464 13
      vertex 105.531 130.696 42
      vertex 106 130.464 42
    endloop
  endfacet
  facet normal 0.443387 0.89633 0
    outer loop
      vertex 105.531 130.696 42
      vertex 106 130.464 13
      vertex 105.531 130.696 13
    endloop
  endfacet
  facet normal -0.997886 -0.0649964 0
    outer loop
      vertex 100.034 126.478 13
      vertex 100 127 42
      vertex 100 127 13
    endloop
  endfacet
  facet normal -0.997886 -0.0649964 0
    outer loop
      vertex 100 127 42
      vertex 100.034 126.478 13
      vertex 100.034 126.478 42
    endloop
  endfacet
  facet normal 0.89633 0.443387 0
    outer loop
      vertex 107.696 128.531 42
      vertex 107.464 129 13
      vertex 107.464 129 42
    endloop
  endfacet
  facet normal 0.89633 0.443387 0
    outer loop
      vertex 107.464 129 13
      vertex 107.696 128.531 42
      vertex 107.696 128.531 13
    endloop
  endfacet
  facet normal 0.831167 0.556022 0
    outer loop
      vertex 107.464 129 42
      vertex 107.173 129.435 13
      vertex 107.173 129.435 42
    endloop
  endfacet
  facet normal 0.831167 0.556022 0
    outer loop
      vertex 107.173 129.435 13
      vertex 107.464 129 42
      vertex 107.464 129 13
    endloop
  endfacet
  facet normal 0.659722 0.75151 -0
    outer loop
      vertex 106.828 129.828 13
      vertex 106.435 130.173 42
      vertex 106.828 129.828 42
    endloop
  endfacet
  facet normal 0.659722 0.75151 0
    outer loop
      vertex 106.435 130.173 42
      vertex 106.828 129.828 13
      vertex 106.435 130.173 13
    endloop
  endfacet
  facet normal -0.659722 0.75151 0
    outer loop
      vertex 101.565 130.173 13
      vertex 101.172 129.828 42
      vertex 101.565 130.173 42
    endloop
  endfacet
  facet normal -0.659722 0.75151 0
    outer loop
      vertex 101.172 129.828 42
      vertex 101.565 130.173 13
      vertex 101.172 129.828 13
    endloop
  endfacet
  facet normal 0.75151 0.659722 0
    outer loop
      vertex 107.173 129.435 42
      vertex 106.828 129.828 13
      vertex 106.828 129.828 42
    endloop
  endfacet
  facet normal 0.75151 0.659722 0
    outer loop
      vertex 106.828 129.828 13
      vertex 107.173 129.435 42
      vertex 107.173 129.435 13
    endloop
  endfacet
  facet normal -0.980801 0.195013 0
    outer loop
      vertex 100.034 127.522 13
      vertex 100.136 128.035 42
      vertex 100.136 128.035 13
    endloop
  endfacet
  facet normal -0.980801 0.195013 0
    outer loop
      vertex 100.136 128.035 42
      vertex 100.034 127.522 13
      vertex 100.034 127.522 42
    endloop
  endfacet
  facet normal -0.997886 0.0649964 0
    outer loop
      vertex 100 127 13
      vertex 100.034 127.522 42
      vertex 100.034 127.522 13
    endloop
  endfacet
  facet normal -0.997886 0.0649964 0
    outer loop
      vertex 100.034 127.522 42
      vertex 100 127 13
      vertex 100 127 42
    endloop
  endfacet
  facet normal -0.75151 -0.659722 0
    outer loop
      vertex 101.172 124.172 13
      vertex 100.827 124.565 42
      vertex 100.827 124.565 13
    endloop
  endfacet
  facet normal -0.75151 -0.659722 0
    outer loop
      vertex 100.827 124.565 42
      vertex 101.172 124.172 13
      vertex 101.172 124.172 42
    endloop
  endfacet
  facet normal 0.195013 -0.980801 0
    outer loop
      vertex 104.522 123.034 13
      vertex 105.035 123.136 42
      vertex 104.522 123.034 42
    endloop
  endfacet
  facet normal 0.195013 -0.980801 0
    outer loop
      vertex 105.035 123.136 42
      vertex 104.522 123.034 13
      vertex 105.035 123.136 13
    endloop
  endfacet
  facet normal -0.443387 0.89633 0
    outer loop
      vertex 102.469 130.696 13
      vertex 102 130.464 42
      vertex 102.469 130.696 42
    endloop
  endfacet
  facet normal -0.443387 0.89633 0
    outer loop
      vertex 102 130.464 42
      vertex 102.469 130.696 13
      vertex 102 130.464 13
    endloop
  endfacet
  facet normal -0.320807 -0.947145 0
    outer loop
      vertex 102.469 123.304 13
      vertex 102.965 123.136 42
      vertex 102.469 123.304 42
    endloop
  endfacet
  facet normal -0.320807 -0.947145 -0
    outer loop
      vertex 102.965 123.136 42
      vertex 102.469 123.304 13
      vertex 102.965 123.136 13
    endloop
  endfacet
  facet normal 0.980801 -0.195013 0
    outer loop
      vertex 107.864 125.965 42
      vertex 107.966 126.478 13
      vertex 107.966 126.478 42
    endloop
  endfacet
  facet normal 0.980801 -0.195013 0
    outer loop
      vertex 107.966 126.478 13
      vertex 107.864 125.965 42
      vertex 107.864 125.965 13
    endloop
  endfacet
  facet normal -0.75151 0.659722 0
    outer loop
      vertex 100.827 129.435 13
      vertex 101.172 129.828 42
      vertex 101.172 129.828 13
    endloop
  endfacet
  facet normal -0.75151 0.659722 0
    outer loop
      vertex 101.172 129.828 42
      vertex 100.827 129.435 13
      vertex 100.827 129.435 42
    endloop
  endfacet
  facet normal 0.831167 -0.556022 0
    outer loop
      vertex 107.173 124.565 42
      vertex 107.464 125 13
      vertex 107.464 125 42
    endloop
  endfacet
  facet normal 0.831167 -0.556022 0
    outer loop
      vertex 107.464 125 13
      vertex 107.173 124.565 42
      vertex 107.173 124.565 13
    endloop
  endfacet
  facet normal -0.320807 0.947145 0
    outer loop
      vertex 102.965 130.864 13
      vertex 102.469 130.696 42
      vertex 102.965 130.864 42
    endloop
  endfacet
  facet normal -0.320807 0.947145 0
    outer loop
      vertex 102.469 130.696 42
      vertex 102.965 130.864 13
      vertex 102.469 130.696 13
    endloop
  endfacet
  facet normal -0.980801 -0.195013 0
    outer loop
      vertex 100.136 125.965 13
      vertex 100.034 126.478 42
      vertex 100.034 126.478 13
    endloop
  endfacet
  facet normal -0.980801 -0.195013 0
    outer loop
      vertex 100.034 126.478 42
      vertex 100.136 125.965 13
      vertex 100.136 125.965 42
    endloop
  endfacet
  facet normal -0.195013 -0.980801 0
    outer loop
      vertex 102.965 123.136 13
      vertex 103.478 123.034 42
      vertex 102.965 123.136 42
    endloop
  endfacet
  facet normal -0.195013 -0.980801 -0
    outer loop
      vertex 103.478 123.034 42
      vertex 102.965 123.136 13
      vertex 103.478 123.034 13
    endloop
  endfacet
  facet normal 0.556022 0.831167 -0
    outer loop
      vertex 106.435 130.173 13
      vertex 106 130.464 42
      vertex 106.435 130.173 42
    endloop
  endfacet
  facet normal 0.556022 0.831167 0
    outer loop
      vertex 106 130.464 42
      vertex 106.435 130.173 13
      vertex 106 130.464 13
    endloop
  endfacet
  facet normal 0.947145 -0.320807 0
    outer loop
      vertex 107.696 125.469 42
      vertex 107.864 125.965 13
      vertex 107.864 125.965 42
    endloop
  endfacet
  facet normal 0.947145 -0.320807 0
    outer loop
      vertex 107.864 125.965 13
      vertex 107.696 125.469 42
      vertex 107.696 125.469 13
    endloop
  endfacet
  facet normal 0.0649964 -0.997886 0
    outer loop
      vertex 104 123 13
      vertex 104.522 123.034 42
      vertex 104 123 42
    endloop
  endfacet
  facet normal 0.0649964 -0.997886 0
    outer loop
      vertex 104.522 123.034 42
      vertex 104 123 13
      vertex 104.522 123.034 13
    endloop
  endfacet
  facet normal 0.75151 -0.659722 0
    outer loop
      vertex 106.828 124.172 42
      vertex 107.173 124.565 13
      vertex 107.173 124.565 42
    endloop
  endfacet
  facet normal 0.75151 -0.659722 0
    outer loop
      vertex 107.173 124.565 13
      vertex 106.828 124.172 42
      vertex 106.828 124.172 13
    endloop
  endfacet
  facet normal -0.0649964 0.997886 0
    outer loop
      vertex 104 131 13
      vertex 103.478 130.966 42
      vertex 104 131 42
    endloop
  endfacet
  facet normal -0.0649964 0.997886 0
    outer loop
      vertex 103.478 130.966 42
      vertex 104 131 13
      vertex 103.478 130.966 13
    endloop
  endfacet
  facet normal 0.556022 -0.831167 0
    outer loop
      vertex 106 123.536 13
      vertex 106.435 123.827 42
      vertex 106 123.536 42
    endloop
  endfacet
  facet normal 0.556022 -0.831167 0
    outer loop
      vertex 106.435 123.827 42
      vertex 106 123.536 13
      vertex 106.435 123.827 13
    endloop
  endfacet
  facet normal -0.659722 -0.75151 0
    outer loop
      vertex 101.172 124.172 13
      vertex 101.565 123.827 42
      vertex 101.172 124.172 42
    endloop
  endfacet
  facet normal -0.659722 -0.75151 -0
    outer loop
      vertex 101.565 123.827 42
      vertex 101.172 124.172 13
      vertex 101.565 123.827 13
    endloop
  endfacet
  facet normal -0.556022 -0.831167 0
    outer loop
      vertex 101.565 123.827 13
      vertex 102 123.536 42
      vertex 101.565 123.827 42
    endloop
  endfacet
  facet normal -0.556022 -0.831167 -0
    outer loop
      vertex 102 123.536 42
      vertex 101.565 123.827 13
      vertex 102 123.536 13
    endloop
  endfacet
  facet normal -0.89633 0.443387 0
    outer loop
      vertex 100.304 128.531 13
      vertex 100.536 129 42
      vertex 100.536 129 13
    endloop
  endfacet
  facet normal -0.89633 0.443387 0
    outer loop
      vertex 100.536 129 42
      vertex 100.304 128.531 13
      vertex 100.304 128.531 42
    endloop
  endfacet
  facet normal 0.0649964 0.997886 -0
    outer loop
      vertex 104.522 130.966 13
      vertex 104 131 42
      vertex 104.522 130.966 42
    endloop
  endfacet
  facet normal 0.0649964 0.997886 0
    outer loop
      vertex 104 131 42
      vertex 104.522 130.966 13
      vertex 104 131 13
    endloop
  endfacet
  facet normal 0.997886 -0.0649964 0
    outer loop
      vertex 107.966 126.478 42
      vertex 108 127 13
      vertex 108 127 42
    endloop
  endfacet
  facet normal 0.997886 -0.0649964 0
    outer loop
      vertex 108 127 13
      vertex 107.966 126.478 42
      vertex 107.966 126.478 13
    endloop
  endfacet
  facet normal -0.195013 0.980801 0
    outer loop
      vertex 103.478 130.966 13
      vertex 102.965 130.864 42
      vertex 103.478 130.966 42
    endloop
  endfacet
  facet normal -0.195013 0.980801 0
    outer loop
      vertex 102.965 130.864 42
      vertex 103.478 130.966 13
      vertex 102.965 130.864 13
    endloop
  endfacet
  facet normal -0.556022 0.831167 0
    outer loop
      vertex 102 130.464 13
      vertex 101.565 130.173 42
      vertex 102 130.464 42
    endloop
  endfacet
  facet normal -0.556022 0.831167 0
    outer loop
      vertex 101.565 130.173 42
      vertex 102 130.464 13
      vertex 101.565 130.173 13
    endloop
  endfacet
  facet normal -0.0649964 -0.997886 0
    outer loop
      vertex 103.478 123.034 13
      vertex 104 123 42
      vertex 103.478 123.034 42
    endloop
  endfacet
  facet normal -0.0649964 -0.997886 -0
    outer loop
      vertex 104 123 42
      vertex 103.478 123.034 13
      vertex 104 123 13
    endloop
  endfacet
  facet normal 0.89633 -0.443387 0
    outer loop
      vertex 107.464 125 42
      vertex 107.696 125.469 13
      vertex 107.696 125.469 42
    endloop
  endfacet
  facet normal 0.89633 -0.443387 0
    outer loop
      vertex 107.696 125.469 13
      vertex 107.464 125 42
      vertex 107.464 125 13
    endloop
  endfacet
  facet normal -0.947145 0.320807 0
    outer loop
      vertex 100.136 128.035 13
      vertex 100.304 128.531 42
      vertex 100.304 128.531 13
    endloop
  endfacet
  facet normal -0.947145 0.320807 0
    outer loop
      vertex 100.304 128.531 42
      vertex 100.136 128.035 13
      vertex 100.136 128.035 42
    endloop
  endfacet
  facet normal -0.947145 -0.320807 0
    outer loop
      vertex 100.304 125.469 13
      vertex 100.136 125.965 42
      vertex 100.136 125.965 13
    endloop
  endfacet
  facet normal -0.947145 -0.320807 0
    outer loop
      vertex 100.136 125.965 42
      vertex 100.304 125.469 13
      vertex 100.304 125.469 42
    endloop
  endfacet
  facet normal -0.831167 0.556022 0
    outer loop
      vertex 100.536 129 13
      vertex 100.827 129.435 42
      vertex 100.827 129.435 13
    endloop
  endfacet
  facet normal -0.831167 0.556022 0
    outer loop
      vertex 100.827 129.435 42
      vertex 100.536 129 13
      vertex 100.536 129 42
    endloop
  endfacet
  facet normal 0.443387 -0.89633 0
    outer loop
      vertex 105.531 123.304 13
      vertex 106 123.536 42
      vertex 105.531 123.304 42
    endloop
  endfacet
  facet normal 0.443387 -0.89633 0
    outer loop
      vertex 106 123.536 42
      vertex 105.531 123.304 13
      vertex 106 123.536 13
    endloop
  endfacet
  facet normal 0.320807 -0.947145 0
    outer loop
      vertex 105.035 123.136 13
      vertex 105.531 123.304 42
      vertex 105.035 123.136 42
    endloop
  endfacet
  facet normal 0.320807 -0.947145 0
    outer loop
      vertex 105.531 123.304 42
      vertex 105.035 123.136 13
      vertex 105.531 123.304 13
    endloop
  endfacet
  facet normal -0.89633 -0.443387 0
    outer loop
      vertex 100.536 125 13
      vertex 100.304 125.469 42
      vertex 100.304 125.469 13
    endloop
  endfacet
  facet normal -0.89633 -0.443387 0
    outer loop
      vertex 100.304 125.469 42
      vertex 100.536 125 13
      vertex 100.536 125 42
    endloop
  endfacet
  facet normal 0.195013 0.980801 -0
    outer loop
      vertex 105.035 130.864 13
      vertex 104.522 130.966 42
      vertex 105.035 130.864 42
    endloop
  endfacet
  facet normal 0.195013 0.980801 0
    outer loop
      vertex 104.522 130.966 42
      vertex 105.035 130.864 13
      vertex 104.522 130.966 13
    endloop
  endfacet
  facet normal -0.443387 -0.89633 0
    outer loop
      vertex 102 123.536 13
      vertex 102.469 123.304 42
      vertex 102 123.536 42
    endloop
  endfacet
  facet normal -0.443387 -0.89633 -0
    outer loop
      vertex 102.469 123.304 42
      vertex 102 123.536 13
      vertex 102.469 123.304 13
    endloop
  endfacet
  facet normal 0.659722 -0.75151 0
    outer loop
      vertex 106.435 123.827 13
      vertex 106.828 124.172 42
      vertex 106.435 123.827 42
    endloop
  endfacet
  facet normal 0.659722 -0.75151 0
    outer loop
      vertex 106.828 124.172 42
      vertex 106.435 123.827 13
      vertex 106.828 124.172 13
    endloop
  endfacet
  facet normal -0.831167 -0.556022 0
    outer loop
      vertex 100.827 124.565 13
      vertex 100.536 125 42
      vertex 100.536 125 13
    endloop
  endfacet
  facet normal -0.831167 -0.556022 0
    outer loop
      vertex 100.536 125 42
      vertex 100.827 124.565 13
      vertex 100.827 124.565 42
    endloop
  endfacet
  facet normal -0.196116 -0.980581 0
    outer loop
      vertex 104.209 128.586 10
      vertex 104.414 128.545 42
      vertex 104.209 128.586 42
    endloop
  endfacet
  facet normal -0.196116 -0.980581 -0
    outer loop
      vertex 104.414 128.545 42
      vertex 104.209 128.586 10
      vertex 104.414 128.545 10
    endloop
  endfacet
  facet normal -0.980581 -0.196116 0
    outer loop
      vertex 105.586 127.209 10
      vertex 105.545 127.414 42
      vertex 105.545 127.414 10
    endloop
  endfacet
  facet normal -0.980581 -0.196116 0
    outer loop
      vertex 105.545 127.414 42
      vertex 105.586 127.209 10
      vertex 105.586 127.209 42
    endloop
  endfacet
  facet normal -0.997764 -0.0668359 0
    outer loop
      vertex 105.6 127 10
      vertex 105.586 127.209 42
      vertex 105.586 127.209 10
    endloop
  endfacet
  facet normal -0.997764 -0.0668359 0
    outer loop
      vertex 105.586 127.209 42
      vertex 105.6 127 10
      vertex 105.6 127 42
    endloop
  endfacet
  facet normal -0.947238 -0.32053 0
    outer loop
      vertex 105.545 127.414 10
      vertex 105.478 127.612 42
      vertex 105.478 127.612 10
    endloop
  endfacet
  facet normal -0.947238 -0.32053 0
    outer loop
      vertex 105.478 127.612 42
      vertex 105.545 127.414 10
      vertex 105.545 127.414 42
    endloop
  endfacet
  facet normal -0.829843 -0.557998 0
    outer loop
      vertex 105.386 127.8 10
      vertex 105.269 127.974 42
      vertex 105.269 127.974 10
    endloop
  endfacet
  facet normal -0.829843 -0.557998 0
    outer loop
      vertex 105.269 127.974 42
      vertex 105.386 127.8 10
      vertex 105.386 127.8 42
    endloop
  endfacet
  facet normal -0.32053 -0.947238 0
    outer loop
      vertex 104.414 128.545 10
      vertex 104.612 128.478 42
      vertex 104.414 128.545 42
    endloop
  endfacet
  facet normal -0.32053 -0.947238 -0
    outer loop
      vertex 104.612 128.478 42
      vertex 104.414 128.545 10
      vertex 104.612 128.478 10
    endloop
  endfacet
  facet normal -0.898217 -0.439553 0
    outer loop
      vertex 105.478 127.612 10
      vertex 105.386 127.8 42
      vertex 105.386 127.8 10
    endloop
  endfacet
  facet normal -0.898217 -0.439553 0
    outer loop
      vertex 105.386 127.8 42
      vertex 105.478 127.612 10
      vertex 105.478 127.612 42
    endloop
  endfacet
  facet normal -0.751093 -0.660196 0
    outer loop
      vertex 105.269 127.974 10
      vertex 105.131 128.131 42
      vertex 105.131 128.131 10
    endloop
  endfacet
  facet normal -0.751093 -0.660196 0
    outer loop
      vertex 105.131 128.131 42
      vertex 105.269 127.974 10
      vertex 105.269 127.974 42
    endloop
  endfacet
  facet normal -0.439553 -0.898217 0
    outer loop
      vertex 104.612 128.478 10
      vertex 104.8 128.386 42
      vertex 104.612 128.478 42
    endloop
  endfacet
  facet normal -0.439553 -0.898217 -0
    outer loop
      vertex 104.8 128.386 42
      vertex 104.612 128.478 10
      vertex 104.8 128.386 10
    endloop
  endfacet
  facet normal -0.660196 -0.751093 0
    outer loop
      vertex 104.974 128.269 10
      vertex 105.131 128.131 42
      vertex 104.974 128.269 42
    endloop
  endfacet
  facet normal -0.660196 -0.751093 -0
    outer loop
      vertex 105.131 128.131 42
      vertex 104.974 128.269 10
      vertex 105.131 128.131 10
    endloop
  endfacet
  facet normal -0.0668359 -0.997764 0
    outer loop
      vertex 104 128.6 10
      vertex 104.209 128.586 42
      vertex 104 128.6 42
    endloop
  endfacet
  facet normal -0.0668359 -0.997764 -0
    outer loop
      vertex 104.209 128.586 42
      vertex 104 128.6 10
      vertex 104.209 128.586 10
    endloop
  endfacet
  facet normal -0.557998 -0.829843 0
    outer loop
      vertex 104.8 128.386 10
      vertex 104.974 128.269 42
      vertex 104.8 128.386 42
    endloop
  endfacet
  facet normal -0.557998 -0.829843 -0
    outer loop
      vertex 104.974 128.269 42
      vertex 104.8 128.386 10
      vertex 104.974 128.269 10
    endloop
  endfacet
  facet normal 0.946901 0.321526 0
    outer loop
      vertex 28.5218 54.3877 42
      vertex 28.4545 54.5859 10
      vertex 28.4545 54.5859 42
    endloop
  endfacet
  facet normal 0.946901 0.321526 0
    outer loop
      vertex 28.4545 54.5859 10
      vertex 28.5218 54.3877 42
      vertex 28.5218 54.3877 10
    endloop
  endfacet
  facet normal -0.980819 0.194922 0
    outer loop
      vertex 31.5455 54.5859 10
      vertex 31.5863 54.7912 42
      vertex 31.5863 54.7912 10
    endloop
  endfacet
  facet normal -0.980819 0.194922 0
    outer loop
      vertex 31.5863 54.7912 42
      vertex 31.5455 54.5859 10
      vertex 31.5455 54.5859 42
    endloop
  endfacet
  facet normal 0.555362 -0.831609 0
    outer loop
      vertex 29.026 56.2694 10
      vertex 29.2 56.3856 42
      vertex 29.026 56.2694 42
    endloop
  endfacet
  facet normal 0.555362 -0.831609 0
    outer loop
      vertex 29.2 56.3856 42
      vertex 29.026 56.2694 10
      vertex 29.2 56.3856 10
    endloop
  endfacet
  facet normal -0.946901 0.321526 0
    outer loop
      vertex 31.4782 54.3877 10
      vertex 31.5455 54.5859 42
      vertex 31.5455 54.5859 10
    endloop
  endfacet
  facet normal -0.946901 0.321526 0
    outer loop
      vertex 31.5455 54.5859 42
      vertex 31.4782 54.3877 10
      vertex 31.4782 54.3877 42
    endloop
  endfacet
  facet normal -0.442429 0.896803 0
    outer loop
      vertex 30.8 53.6144 10
      vertex 30.6123 53.5218 42
      vertex 30.8 53.6144 42
    endloop
  endfacet
  facet normal -0.442429 0.896803 0
    outer loop
      vertex 30.6123 53.5218 42
      vertex 30.8 53.6144 10
      vertex 30.6123 53.5218 10
    endloop
  endfacet
  facet normal 0.659248 -0.751925 0
    outer loop
      vertex 28.8686 56.1314 10
      vertex 29.026 56.2694 42
      vertex 28.8686 56.1314 42
    endloop
  endfacet
  facet normal 0.659248 -0.751925 0
    outer loop
      vertex 29.026 56.2694 42
      vertex 28.8686 56.1314 10
      vertex 29.026 56.2694 10
    endloop
  endfacet
  facet normal 0.194922 -0.980819 0
    outer loop
      vertex 29.5859 56.5455 10
      vertex 29.7912 56.5863 42
      vertex 29.5859 56.5455 42
    endloop
  endfacet
  facet normal 0.194922 -0.980819 0
    outer loop
      vertex 29.7912 56.5863 42
      vertex 29.5859 56.5455 10
      vertex 29.7912 56.5863 10
    endloop
  endfacet
  facet normal -0.831609 0.555362 0
    outer loop
      vertex 31.2694 54.026 10
      vertex 31.3856 54.2 42
      vertex 31.3856 54.2 10
    endloop
  endfacet
  facet normal -0.831609 0.555362 0
    outer loop
      vertex 31.3856 54.2 42
      vertex 31.2694 54.026 10
      vertex 31.2694 54.026 42
    endloop
  endfacet
  facet normal -0.0654722 0.997854 0
    outer loop
      vertex 30.2088 53.4137 10
      vertex 30 53.4 42
      vertex 30.2088 53.4137 42
    endloop
  endfacet
  facet normal -0.0654722 0.997854 0
    outer loop
      vertex 30 53.4 42
      vertex 30.2088 53.4137 10
      vertex 30 53.4 10
    endloop
  endfacet
  facet normal 0.896803 0.442429 0
    outer loop
      vertex 28.6144 54.2 42
      vertex 28.5218 54.3877 10
      vertex 28.5218 54.3877 42
    endloop
  endfacet
  facet normal 0.896803 0.442429 0
    outer loop
      vertex 28.5218 54.3877 10
      vertex 28.6144 54.2 42
      vertex 28.6144 54.2 10
    endloop
  endfacet
  facet normal 0.321526 0.946901 -0
    outer loop
      vertex 29.5859 53.4545 10
      vertex 29.3877 53.5218 42
      vertex 29.5859 53.4545 42
    endloop
  endfacet
  facet normal 0.321526 0.946901 0
    outer loop
      vertex 29.3877 53.5218 42
      vertex 29.5859 53.4545 10
      vertex 29.3877 53.5218 10
    endloop
  endfacet
  facet normal 0.442429 -0.896803 0
    outer loop
      vertex 29.2 56.3856 10
      vertex 29.3877 56.4782 42
      vertex 29.2 56.3856 42
    endloop
  endfacet
  facet normal 0.442429 -0.896803 0
    outer loop
      vertex 29.3877 56.4782 42
      vertex 29.2 56.3856 10
      vertex 29.3877 56.4782 10
    endloop
  endfacet
  facet normal 0.442429 0.896803 -0
    outer loop
      vertex 29.3877 53.5218 10
      vertex 29.2 53.6144 42
      vertex 29.3877 53.5218 42
    endloop
  endfacet
  facet normal 0.442429 0.896803 0
    outer loop
      vertex 29.2 53.6144 42
      vertex 29.3877 53.5218 10
      vertex 29.2 53.6144 10
    endloop
  endfacet
  facet normal 0.980819 0.194922 0
    outer loop
      vertex 28.4545 54.5859 42
      vertex 28.4137 54.7912 10
      vertex 28.4137 54.7912 42
    endloop
  endfacet
  facet normal 0.980819 0.194922 0
    outer loop
      vertex 28.4137 54.7912 10
      vertex 28.4545 54.5859 42
      vertex 28.4545 54.5859 10
    endloop
  endfacet
  facet normal 0.555362 0.831609 -0
    outer loop
      vertex 29.2 53.6144 10
      vertex 29.026 53.7306 42
      vertex 29.2 53.6144 42
    endloop
  endfacet
  facet normal 0.555362 0.831609 0
    outer loop
      vertex 29.026 53.7306 42
      vertex 29.2 53.6144 10
      vertex 29.026 53.7306 10
    endloop
  endfacet
  facet normal -0.194922 0.980819 0
    outer loop
      vertex 30.4141 53.4545 10
      vertex 30.2088 53.4137 42
      vertex 30.4141 53.4545 42
    endloop
  endfacet
  facet normal -0.194922 0.980819 0
    outer loop
      vertex 30.2088 53.4137 42
      vertex 30.4141 53.4545 10
      vertex 30.2088 53.4137 10
    endloop
  endfacet
  facet normal 0.751925 0.659248 0
    outer loop
      vertex 28.8686 53.8686 42
      vertex 28.7306 54.026 10
      vertex 28.7306 54.026 42
    endloop
  endfacet
  facet normal 0.751925 0.659248 0
    outer loop
      vertex 28.7306 54.026 10
      vertex 28.8686 53.8686 42
      vertex 28.8686 53.8686 10
    endloop
  endfacet
  facet normal 0.751925 -0.659248 0
    outer loop
      vertex 28.7306 55.974 42
      vertex 28.8686 56.1314 10
      vertex 28.8686 56.1314 42
    endloop
  endfacet
  facet normal 0.751925 -0.659248 0
    outer loop
      vertex 28.8686 56.1314 10
      vertex 28.7306 55.974 42
      vertex 28.7306 55.974 10
    endloop
  endfacet
  facet normal -0.997854 0.0654722 0
    outer loop
      vertex 31.5863 54.7912 10
      vertex 31.6 55 42
      vertex 31.6 55 10
    endloop
  endfacet
  facet normal -0.997854 0.0654722 0
    outer loop
      vertex 31.6 55 42
      vertex 31.5863 54.7912 10
      vertex 31.5863 54.7912 42
    endloop
  endfacet
  facet normal 0.831609 -0.555362 0
    outer loop
      vertex 28.6144 55.8 42
      vertex 28.7306 55.974 10
      vertex 28.7306 55.974 42
    endloop
  endfacet
  facet normal 0.831609 -0.555362 0
    outer loop
      vertex 28.7306 55.974 10
      vertex 28.6144 55.8 42
      vertex 28.6144 55.8 10
    endloop
  endfacet
  facet normal 0.659248 0.751925 -0
    outer loop
      vertex 29.026 53.7306 10
      vertex 28.8686 53.8686 42
      vertex 29.026 53.7306 42
    endloop
  endfacet
  facet normal 0.659248 0.751925 0
    outer loop
      vertex 28.8686 53.8686 42
      vertex 29.026 53.7306 10
      vertex 28.8686 53.8686 10
    endloop
  endfacet
  facet normal 0.997854 0.0654722 0
    outer loop
      vertex 28.4137 54.7912 42
      vertex 28.4 55 10
      vertex 28.4 55 42
    endloop
  endfacet
  facet normal 0.997854 0.0654722 0
    outer loop
      vertex 28.4 55 10
      vertex 28.4137 54.7912 42
      vertex 28.4137 54.7912 10
    endloop
  endfacet
  facet normal -0.659248 0.751925 0
    outer loop
      vertex 31.1314 53.8686 10
      vertex 30.974 53.7306 42
      vertex 31.1314 53.8686 42
    endloop
  endfacet
  facet normal -0.659248 0.751925 0
    outer loop
      vertex 30.974 53.7306 42
      vertex 31.1314 53.8686 10
      vertex 30.974 53.7306 10
    endloop
  endfacet
  facet normal -0.321526 0.946901 0
    outer loop
      vertex 30.6123 53.5218 10
      vertex 30.4141 53.4545 42
      vertex 30.6123 53.5218 42
    endloop
  endfacet
  facet normal -0.321526 0.946901 0
    outer loop
      vertex 30.4141 53.4545 42
      vertex 30.6123 53.5218 10
      vertex 30.4141 53.4545 10
    endloop
  endfacet
  facet normal -0.555362 0.831609 0
    outer loop
      vertex 30.974 53.7306 10
      vertex 30.8 53.6144 42
      vertex 30.974 53.7306 42
    endloop
  endfacet
  facet normal -0.555362 0.831609 0
    outer loop
      vertex 30.8 53.6144 42
      vertex 30.974 53.7306 10
      vertex 30.8 53.6144 10
    endloop
  endfacet
  facet normal -0.751925 0.659248 0
    outer loop
      vertex 31.1314 53.8686 10
      vertex 31.2694 54.026 42
      vertex 31.2694 54.026 10
    endloop
  endfacet
  facet normal -0.751925 0.659248 0
    outer loop
      vertex 31.2694 54.026 42
      vertex 31.1314 53.8686 10
      vertex 31.1314 53.8686 42
    endloop
  endfacet
  facet normal 0.831609 0.555362 0
    outer loop
      vertex 28.7306 54.026 42
      vertex 28.6144 54.2 10
      vertex 28.6144 54.2 42
    endloop
  endfacet
  facet normal 0.831609 0.555362 0
    outer loop
      vertex 28.6144 54.2 10
      vertex 28.7306 54.026 42
      vertex 28.7306 54.026 10
    endloop
  endfacet
  facet normal 0.0654722 0.997854 -0
    outer loop
      vertex 30 53.4 10
      vertex 29.7912 53.4137 42
      vertex 30 53.4 42
    endloop
  endfacet
  facet normal 0.0654722 0.997854 0
    outer loop
      vertex 29.7912 53.4137 42
      vertex 30 53.4 10
      vertex 29.7912 53.4137 10
    endloop
  endfacet
  facet normal -0.896803 0.442429 0
    outer loop
      vertex 31.3856 54.2 10
      vertex 31.4782 54.3877 42
      vertex 31.4782 54.3877 10
    endloop
  endfacet
  facet normal -0.896803 0.442429 0
    outer loop
      vertex 31.4782 54.3877 42
      vertex 31.3856 54.2 10
      vertex 31.3856 54.2 42
    endloop
  endfacet
  facet normal 0.0654722 -0.997854 0
    outer loop
      vertex 29.7912 56.5863 10
      vertex 30 56.6 42
      vertex 29.7912 56.5863 42
    endloop
  endfacet
  facet normal 0.0654722 -0.997854 0
    outer loop
      vertex 30 56.6 42
      vertex 29.7912 56.5863 10
      vertex 30 56.6 10
    endloop
  endfacet
  facet normal 0.980819 -0.194922 0
    outer loop
      vertex 28.4137 55.2088 42
      vertex 28.4545 55.4141 10
      vertex 28.4545 55.4141 42
    endloop
  endfacet
  facet normal 0.980819 -0.194922 0
    outer loop
      vertex 28.4545 55.4141 10
      vertex 28.4137 55.2088 42
      vertex 28.4137 55.2088 10
    endloop
  endfacet
  facet normal 0.194922 0.980819 -0
    outer loop
      vertex 29.7912 53.4137 10
      vertex 29.5859 53.4545 42
      vertex 29.7912 53.4137 42
    endloop
  endfacet
  facet normal 0.194922 0.980819 0
    outer loop
      vertex 29.5859 53.4545 42
      vertex 29.7912 53.4137 10
      vertex 29.5859 53.4545 10
    endloop
  endfacet
  facet normal 0.321526 -0.946901 0
    outer loop
      vertex 29.3877 56.4782 10
      vertex 29.5859 56.5455 42
      vertex 29.3877 56.4782 42
    endloop
  endfacet
  facet normal 0.321526 -0.946901 0
    outer loop
      vertex 29.5859 56.5455 42
      vertex 29.3877 56.4782 10
      vertex 29.5859 56.5455 10
    endloop
  endfacet
  facet normal 0.896803 -0.442429 0
    outer loop
      vertex 28.5218 55.6123 42
      vertex 28.6144 55.8 10
      vertex 28.6144 55.8 42
    endloop
  endfacet
  facet normal 0.896803 -0.442429 0
    outer loop
      vertex 28.6144 55.8 10
      vertex 28.5218 55.6123 42
      vertex 28.5218 55.6123 10
    endloop
  endfacet
  facet normal 0.946901 -0.321526 0
    outer loop
      vertex 28.4545 55.4141 42
      vertex 28.5218 55.6123 10
      vertex 28.5218 55.6123 42
    endloop
  endfacet
  facet normal 0.946901 -0.321526 0
    outer loop
      vertex 28.5218 55.6123 10
      vertex 28.4545 55.4141 42
      vertex 28.4545 55.4141 10
    endloop
  endfacet
  facet normal 0.997854 -0.0654722 0
    outer loop
      vertex 28.4 55 42
      vertex 28.4137 55.2088 10
      vertex 28.4137 55.2088 42
    endloop
  endfacet
  facet normal 0.997854 -0.0654722 0
    outer loop
      vertex 28.4137 55.2088 10
      vertex 28.4 55 42
      vertex 28.4 55 10
    endloop
  endfacet
  facet normal 0.946802 0.321817 0
    outer loop
      vertex 28.5218 126.388 42
      vertex 28.4545 126.586 10
      vertex 28.4545 126.586 42
    endloop
  endfacet
  facet normal 0.946802 0.321817 0
    outer loop
      vertex 28.4545 126.586 10
      vertex 28.5218 126.388 42
      vertex 28.5218 126.388 10
    endloop
  endfacet
  facet normal -0.980764 0.195196 0
    outer loop
      vertex 31.5455 126.586 10
      vertex 31.5863 126.791 42
      vertex 31.5863 126.791 10
    endloop
  endfacet
  facet normal -0.980764 0.195196 0
    outer loop
      vertex 31.5863 126.791 42
      vertex 31.5455 126.586 10
      vertex 31.5455 126.586 42
    endloop
  endfacet
  facet normal 0.557998 -0.829843 0
    outer loop
      vertex 29.026 128.269 10
      vertex 29.2 128.386 42
      vertex 29.026 128.269 42
    endloop
  endfacet
  facet normal 0.557998 -0.829843 0
    outer loop
      vertex 29.2 128.386 42
      vertex 29.026 128.269 10
      vertex 29.2 128.386 10
    endloop
  endfacet
  facet normal -0.946802 0.321817 0
    outer loop
      vertex 31.4782 126.388 10
      vertex 31.5455 126.586 42
      vertex 31.5455 126.586 10
    endloop
  endfacet
  facet normal -0.946802 0.321817 0
    outer loop
      vertex 31.5455 126.586 42
      vertex 31.4782 126.388 10
      vertex 31.4782 126.388 42
    endloop
  endfacet
  facet normal -0.440119 0.897939 0
    outer loop
      vertex 30.8 125.614 10
      vertex 30.6123 125.522 42
      vertex 30.8 125.614 42
    endloop
  endfacet
  facet normal -0.440119 0.897939 0
    outer loop
      vertex 30.6123 125.522 42
      vertex 30.8 125.614 10
      vertex 30.6123 125.522 10
    endloop
  endfacet
  facet normal 0.659248 -0.751925 0
    outer loop
      vertex 28.8686 128.131 10
      vertex 29.026 128.269 42
      vertex 28.8686 128.131 42
    endloop
  endfacet
  facet normal 0.659248 -0.751925 0
    outer loop
      vertex 29.026 128.269 42
      vertex 28.8686 128.131 10
      vertex 29.026 128.269 10
    endloop
  endfacet
  facet normal 0.195841 -0.980636 0
    outer loop
      vertex 29.5859 128.545 10
      vertex 29.7912 128.586 42
      vertex 29.5859 128.545 42
    endloop
  endfacet
  facet normal 0.195841 -0.980636 0
    outer loop
      vertex 29.7912 128.586 42
      vertex 29.5859 128.545 10
      vertex 29.7912 128.586 10
    endloop
  endfacet
  facet normal -0.831609 0.555362 0
    outer loop
      vertex 31.2694 126.026 10
      vertex 31.3856 126.2 42
      vertex 31.3856 126.2 10
    endloop
  endfacet
  facet normal -0.831609 0.555362 0
    outer loop
      vertex 31.3856 126.2 42
      vertex 31.2694 126.026 10
      vertex 31.2694 126.026 42
    endloop
  endfacet
  facet normal -0.0668996 0.99776 0
    outer loop
      vertex 30.2088 125.414 10
      vertex 30 125.4 42
      vertex 30.2088 125.414 42
    endloop
  endfacet
  facet normal -0.0668996 0.99776 0
    outer loop
      vertex 30 125.4 42
      vertex 30.2088 125.414 10
      vertex 30 125.4 10
    endloop
  endfacet
  facet normal 0.897083 0.441861 0
    outer loop
      vertex 28.6144 126.2 42
      vertex 28.5218 126.388 10
      vertex 28.5218 126.388 42
    endloop
  endfacet
  facet normal 0.897083 0.441861 0
    outer loop
      vertex 28.5218 126.388 10
      vertex 28.6144 126.2 42
      vertex 28.6144 126.2 10
    endloop
  endfacet
  facet normal 0.32024 0.947336 -0
    outer loop
      vertex 29.5859 125.455 10
      vertex 29.3877 125.522 42
      vertex 29.5859 125.455 42
    endloop
  endfacet
  facet normal 0.32024 0.947336 0
    outer loop
      vertex 29.3877 125.522 42
      vertex 29.5859 125.455 10
      vertex 29.3877 125.522 10
    endloop
  endfacet
  facet normal 0.440119 -0.897939 0
    outer loop
      vertex 29.2 128.386 10
      vertex 29.3877 128.478 42
      vertex 29.2 128.386 42
    endloop
  endfacet
  facet normal 0.440119 -0.897939 0
    outer loop
      vertex 29.3877 128.478 42
      vertex 29.2 128.386 10
      vertex 29.3877 128.478 10
    endloop
  endfacet
  facet normal 0.440119 0.897939 -0
    outer loop
      vertex 29.3877 125.522 10
      vertex 29.2 125.614 42
      vertex 29.3877 125.522 42
    endloop
  endfacet
  facet normal 0.440119 0.897939 0
    outer loop
      vertex 29.2 125.614 42
      vertex 29.3877 125.522 10
      vertex 29.2 125.614 10
    endloop
  endfacet
  facet normal 0.980764 0.195196 0
    outer loop
      vertex 28.4545 126.586 42
      vertex 28.4137 126.791 10
      vertex 28.4137 126.791 42
    endloop
  endfacet
  facet normal 0.980764 0.195196 0
    outer loop
      vertex 28.4137 126.791 10
      vertex 28.4545 126.586 42
      vertex 28.4545 126.586 10
    endloop
  endfacet
  facet normal 0.557998 0.829843 -0
    outer loop
      vertex 29.2 125.614 10
      vertex 29.026 125.731 42
      vertex 29.2 125.614 42
    endloop
  endfacet
  facet normal 0.557998 0.829843 0
    outer loop
      vertex 29.026 125.731 42
      vertex 29.2 125.614 10
      vertex 29.026 125.731 10
    endloop
  endfacet
  facet normal -0.195841 0.980636 0
    outer loop
      vertex 30.4141 125.455 10
      vertex 30.2088 125.414 42
      vertex 30.4141 125.455 42
    endloop
  endfacet
  facet normal -0.195841 0.980636 0
    outer loop
      vertex 30.2088 125.414 42
      vertex 30.4141 125.455 10
      vertex 30.2088 125.414 10
    endloop
  endfacet
  facet normal 0.751093 0.660196 0
    outer loop
      vertex 28.8686 125.869 42
      vertex 28.7306 126.026 10
      vertex 28.7306 126.026 42
    endloop
  endfacet
  facet normal 0.751093 0.660196 0
    outer loop
      vertex 28.7306 126.026 10
      vertex 28.8686 125.869 42
      vertex 28.8686 125.869 10
    endloop
  endfacet
  facet normal 0.751093 -0.660196 0
    outer loop
      vertex 28.7306 127.974 42
      vertex 28.8686 128.131 10
      vertex 28.8686 128.131 42
    endloop
  endfacet
  facet normal 0.751093 -0.660196 0
    outer loop
      vertex 28.8686 128.131 10
      vertex 28.7306 127.974 42
      vertex 28.7306 127.974 10
    endloop
  endfacet
  facet normal -0.997858 0.0654099 0
    outer loop
      vertex 31.5863 126.791 10
      vertex 31.6 127 42
      vertex 31.6 127 10
    endloop
  endfacet
  facet normal -0.997858 0.0654099 0
    outer loop
      vertex 31.6 127 42
      vertex 31.5863 126.791 10
      vertex 31.5863 126.791 42
    endloop
  endfacet
  facet normal 0.659248 0.751925 -0
    outer loop
      vertex 29.026 125.731 10
      vertex 28.8686 125.869 42
      vertex 29.026 125.731 42
    endloop
  endfacet
  facet normal 0.659248 0.751925 0
    outer loop
      vertex 28.8686 125.869 42
      vertex 29.026 125.731 10
      vertex 28.8686 125.869 10
    endloop
  endfacet
  facet normal 0.997858 0.0654099 0
    outer loop
      vertex 28.4137 126.791 42
      vertex 28.4 127 10
      vertex 28.4 127 42
    endloop
  endfacet
  facet normal 0.997858 0.0654099 0
    outer loop
      vertex 28.4 127 10
      vertex 28.4137 126.791 42
      vertex 28.4137 126.791 10
    endloop
  endfacet
  facet normal -0.32024 0.947336 0
    outer loop
      vertex 30.6123 125.522 10
      vertex 30.4141 125.455 42
      vertex 30.6123 125.522 42
    endloop
  endfacet
  facet normal -0.32024 0.947336 0
    outer loop
      vertex 30.4141 125.455 42
      vertex 30.6123 125.522 10
      vertex 30.4141 125.455 10
    endloop
  endfacet
  facet normal -0.557998 0.829843 0
    outer loop
      vertex 30.974 125.731 10
      vertex 30.8 125.614 42
      vertex 30.974 125.731 42
    endloop
  endfacet
  facet normal -0.557998 0.829843 0
    outer loop
      vertex 30.8 125.614 42
      vertex 30.974 125.731 10
      vertex 30.8 125.614 10
    endloop
  endfacet
  facet normal -0.751093 0.660196 0
    outer loop
      vertex 31.1314 125.869 10
      vertex 31.2694 126.026 42
      vertex 31.2694 126.026 10
    endloop
  endfacet
  facet normal -0.751093 0.660196 0
    outer loop
      vertex 31.2694 126.026 42
      vertex 31.1314 125.869 10
      vertex 31.1314 125.869 42
    endloop
  endfacet
  facet normal 0.831609 0.555362 0
    outer loop
      vertex 28.7306 126.026 42
      vertex 28.6144 126.2 10
      vertex 28.6144 126.2 42
    endloop
  endfacet
  facet normal 0.831609 0.555362 0
    outer loop
      vertex 28.6144 126.2 10
      vertex 28.7306 126.026 42
      vertex 28.7306 126.026 10
    endloop
  endfacet
  facet normal -0.659248 0.751925 0
    outer loop
      vertex 31.1314 125.869 10
      vertex 30.974 125.731 42
      vertex 31.1314 125.869 42
    endloop
  endfacet
  facet normal -0.659248 0.751925 0
    outer loop
      vertex 30.974 125.731 42
      vertex 31.1314 125.869 10
      vertex 30.974 125.731 10
    endloop
  endfacet
  facet normal 0.0668996 0.99776 -0
    outer loop
      vertex 30 125.4 10
      vertex 29.7912 125.414 42
      vertex 30 125.4 42
    endloop
  endfacet
  facet normal 0.0668996 0.99776 0
    outer loop
      vertex 29.7912 125.414 42
      vertex 30 125.4 10
      vertex 29.7912 125.414 10
    endloop
  endfacet
  facet normal -0.897083 0.441861 0
    outer loop
      vertex 31.3856 126.2 10
      vertex 31.4782 126.388 42
      vertex 31.4782 126.388 10
    endloop
  endfacet
  facet normal -0.897083 0.441861 0
    outer loop
      vertex 31.4782 126.388 42
      vertex 31.3856 126.2 10
      vertex 31.3856 126.2 42
    endloop
  endfacet
  facet normal 0.0668996 -0.99776 0
    outer loop
      vertex 29.7912 128.586 10
      vertex 30 128.6 42
      vertex 29.7912 128.586 42
    endloop
  endfacet
  facet normal 0.0668996 -0.99776 0
    outer loop
      vertex 30 128.6 42
      vertex 29.7912 128.586 10
      vertex 30 128.6 10
    endloop
  endfacet
  facet normal 0.980764 -0.195196 0
    outer loop
      vertex 28.4137 127.209 42
      vertex 28.4545 127.414 10
      vertex 28.4545 127.414 42
    endloop
  endfacet
  facet normal 0.980764 -0.195196 0
    outer loop
      vertex 28.4545 127.414 10
      vertex 28.4137 127.209 42
      vertex 28.4137 127.209 10
    endloop
  endfacet
  facet normal 0.32024 -0.947336 0
    outer loop
      vertex 29.3877 128.478 10
      vertex 29.5859 128.545 42
      vertex 29.3877 128.478 42
    endloop
  endfacet
  facet normal 0.32024 -0.947336 0
    outer loop
      vertex 29.5859 128.545 42
      vertex 29.3877 128.478 10
      vertex 29.5859 128.545 10
    endloop
  endfacet
  facet normal 0.897083 -0.441861 0
    outer loop
      vertex 28.5218 127.612 42
      vertex 28.6144 127.8 10
      vertex 28.6144 127.8 42
    endloop
  endfacet
  facet normal 0.897083 -0.441861 0
    outer loop
      vertex 28.6144 127.8 10
      vertex 28.5218 127.612 42
      vertex 28.5218 127.612 10
    endloop
  endfacet
  facet normal 0.195841 0.980636 -0
    outer loop
      vertex 29.7912 125.414 10
      vertex 29.5859 125.455 42
      vertex 29.7912 125.414 42
    endloop
  endfacet
  facet normal 0.195841 0.980636 0
    outer loop
      vertex 29.5859 125.455 42
      vertex 29.7912 125.414 10
      vertex 29.5859 125.455 10
    endloop
  endfacet
  facet normal 0.946802 -0.321817 0
    outer loop
      vertex 28.4545 127.414 42
      vertex 28.5218 127.612 10
      vertex 28.5218 127.612 42
    endloop
  endfacet
  facet normal 0.946802 -0.321817 0
    outer loop
      vertex 28.5218 127.612 10
      vertex 28.4545 127.414 42
      vertex 28.4545 127.414 10
    endloop
  endfacet
  facet normal 0.997858 -0.0654099 0
    outer loop
      vertex 28.4 127 42
      vertex 28.4137 127.209 10
      vertex 28.4137 127.209 42
    endloop
  endfacet
  facet normal 0.997858 -0.0654099 0
    outer loop
      vertex 28.4137 127.209 10
      vertex 28.4 127 42
      vertex 28.4 127 10
    endloop
  endfacet
  facet normal 0.831609 -0.555362 0
    outer loop
      vertex 28.6144 127.8 42
      vertex 28.7306 127.974 10
      vertex 28.7306 127.974 42
    endloop
  endfacet
  facet normal 0.831609 -0.555362 0
    outer loop
      vertex 28.7306 127.974 10
      vertex 28.6144 127.8 42
      vertex 28.6144 127.8 10
    endloop
  endfacet
  facet normal 0.555362 0.831609 -0
    outer loop
      vertex 177.2 53.6144 10
      vertex 177.026 53.7306 42
      vertex 177.2 53.6144 42
    endloop
  endfacet
  facet normal 0.555362 0.831609 0
    outer loop
      vertex 177.026 53.7306 42
      vertex 177.2 53.6144 10
      vertex 177.026 53.7306 10
    endloop
  endfacet
  facet normal -0.0654099 0.997858 0
    outer loop
      vertex 178.209 53.4137 10
      vertex 178 53.4 42
      vertex 178.209 53.4137 42
    endloop
  endfacet
  facet normal -0.0654099 0.997858 0
    outer loop
      vertex 178 53.4 42
      vertex 178.209 53.4137 10
      vertex 178 53.4 10
    endloop
  endfacet
  facet normal -0.441861 0.897083 0
    outer loop
      vertex 178.8 53.6144 10
      vertex 178.612 53.5218 42
      vertex 178.8 53.6144 42
    endloop
  endfacet
  facet normal -0.441861 0.897083 0
    outer loop
      vertex 178.612 53.5218 42
      vertex 178.8 53.6144 10
      vertex 178.612 53.5218 10
    endloop
  endfacet
  facet normal 0.321817 0.946802 -0
    outer loop
      vertex 177.586 53.4545 10
      vertex 177.388 53.5218 42
      vertex 177.586 53.4545 42
    endloop
  endfacet
  facet normal 0.321817 0.946802 0
    outer loop
      vertex 177.388 53.5218 42
      vertex 177.586 53.4545 10
      vertex 177.388 53.5218 10
    endloop
  endfacet
  facet normal -0.751925 0.659248 0
    outer loop
      vertex 179.131 53.8686 10
      vertex 179.269 54.026 42
      vertex 179.269 54.026 10
    endloop
  endfacet
  facet normal -0.751925 0.659248 0
    outer loop
      vertex 179.269 54.026 42
      vertex 179.131 53.8686 10
      vertex 179.131 53.8686 42
    endloop
  endfacet
  facet normal -0.829843 0.557998 0
    outer loop
      vertex 179.269 54.026 10
      vertex 179.386 54.2 42
      vertex 179.386 54.2 10
    endloop
  endfacet
  facet normal -0.829843 0.557998 0
    outer loop
      vertex 179.386 54.2 42
      vertex 179.269 54.026 10
      vertex 179.269 54.026 42
    endloop
  endfacet
  facet normal -0.980636 0.195841 0
    outer loop
      vertex 179.545 54.5859 10
      vertex 179.586 54.7912 42
      vertex 179.586 54.7912 10
    endloop
  endfacet
  facet normal -0.980636 0.195841 0
    outer loop
      vertex 179.586 54.7912 42
      vertex 179.545 54.5859 10
      vertex 179.545 54.5859 42
    endloop
  endfacet
  facet normal 0.555362 -0.831609 0
    outer loop
      vertex 177.026 56.2694 10
      vertex 177.2 56.3856 42
      vertex 177.026 56.2694 42
    endloop
  endfacet
  facet normal 0.555362 -0.831609 0
    outer loop
      vertex 177.2 56.3856 42
      vertex 177.026 56.2694 10
      vertex 177.2 56.3856 10
    endloop
  endfacet
  facet normal 0.0654099 0.997858 -0
    outer loop
      vertex 178 53.4 10
      vertex 177.791 53.4137 42
      vertex 178 53.4 42
    endloop
  endfacet
  facet normal 0.0654099 0.997858 0
    outer loop
      vertex 177.791 53.4137 42
      vertex 178 53.4 10
      vertex 177.791 53.4137 10
    endloop
  endfacet
  facet normal 0.660196 -0.751093 0
    outer loop
      vertex 176.869 56.1314 10
      vertex 177.026 56.2694 42
      vertex 176.869 56.1314 42
    endloop
  endfacet
  facet normal 0.660196 -0.751093 0
    outer loop
      vertex 177.026 56.2694 42
      vertex 176.869 56.1314 10
      vertex 177.026 56.2694 10
    endloop
  endfacet
  facet normal -0.99776 0.0668996 0
    outer loop
      vertex 179.586 54.7912 10
      vertex 179.6 55 42
      vertex 179.6 55 10
    endloop
  endfacet
  facet normal -0.99776 0.0668996 0
    outer loop
      vertex 179.6 55 42
      vertex 179.586 54.7912 10
      vertex 179.586 54.7912 42
    endloop
  endfacet
  facet normal -0.555362 0.831609 0
    outer loop
      vertex 178.974 53.7306 10
      vertex 178.8 53.6144 42
      vertex 178.974 53.7306 42
    endloop
  endfacet
  facet normal -0.555362 0.831609 0
    outer loop
      vertex 178.8 53.6144 42
      vertex 178.974 53.7306 10
      vertex 178.8 53.6144 10
    endloop
  endfacet
  facet normal -0.897939 0.440119 0
    outer loop
      vertex 179.386 54.2 10
      vertex 179.478 54.3877 42
      vertex 179.478 54.3877 10
    endloop
  endfacet
  facet normal -0.897939 0.440119 0
    outer loop
      vertex 179.478 54.3877 42
      vertex 179.386 54.2 10
      vertex 179.386 54.2 42
    endloop
  endfacet
  facet normal -0.947336 0.32024 0
    outer loop
      vertex 179.478 54.3877 10
      vertex 179.545 54.5859 42
      vertex 179.545 54.5859 10
    endloop
  endfacet
  facet normal -0.947336 0.32024 0
    outer loop
      vertex 179.545 54.5859 42
      vertex 179.478 54.3877 10
      vertex 179.478 54.3877 42
    endloop
  endfacet
  facet normal 0.897939 0.440119 0
    outer loop
      vertex 176.614 54.2 42
      vertex 176.522 54.3877 10
      vertex 176.522 54.3877 42
    endloop
  endfacet
  facet normal 0.897939 0.440119 0
    outer loop
      vertex 176.522 54.3877 10
      vertex 176.614 54.2 42
      vertex 176.614 54.2 10
    endloop
  endfacet
  facet normal -0.321817 0.946802 0
    outer loop
      vertex 178.612 53.5218 10
      vertex 178.414 53.4545 42
      vertex 178.612 53.5218 42
    endloop
  endfacet
  facet normal -0.321817 0.946802 0
    outer loop
      vertex 178.414 53.4545 42
      vertex 178.612 53.5218 10
      vertex 178.414 53.4545 10
    endloop
  endfacet
  facet normal 0.947336 0.32024 0
    outer loop
      vertex 176.522 54.3877 42
      vertex 176.455 54.5859 10
      vertex 176.455 54.5859 42
    endloop
  endfacet
  facet normal 0.947336 0.32024 0
    outer loop
      vertex 176.455 54.5859 10
      vertex 176.522 54.3877 42
      vertex 176.522 54.3877 10
    endloop
  endfacet
  facet normal 0.751925 0.659248 0
    outer loop
      vertex 176.869 53.8686 42
      vertex 176.731 54.026 10
      vertex 176.731 54.026 42
    endloop
  endfacet
  facet normal 0.751925 0.659248 0
    outer loop
      vertex 176.731 54.026 10
      vertex 176.869 53.8686 42
      vertex 176.869 53.8686 10
    endloop
  endfacet
  facet normal 0.99776 -0.0668996 0
    outer loop
      vertex 176.4 55 42
      vertex 176.414 55.2088 10
      vertex 176.414 55.2088 42
    endloop
  endfacet
  facet normal 0.99776 -0.0668996 0
    outer loop
      vertex 176.414 55.2088 10
      vertex 176.4 55 42
      vertex 176.4 55 10
    endloop
  endfacet
  facet normal 0.441861 -0.897083 0
    outer loop
      vertex 177.2 56.3856 10
      vertex 177.388 56.4782 42
      vertex 177.2 56.3856 42
    endloop
  endfacet
  facet normal 0.441861 -0.897083 0
    outer loop
      vertex 177.388 56.4782 42
      vertex 177.2 56.3856 10
      vertex 177.388 56.4782 10
    endloop
  endfacet
  facet normal 0.897939 -0.440119 0
    outer loop
      vertex 176.522 55.6123 42
      vertex 176.614 55.8 10
      vertex 176.614 55.8 42
    endloop
  endfacet
  facet normal 0.897939 -0.440119 0
    outer loop
      vertex 176.614 55.8 10
      vertex 176.522 55.6123 42
      vertex 176.522 55.6123 10
    endloop
  endfacet
  facet normal 0.980636 -0.195841 0
    outer loop
      vertex 176.414 55.2088 42
      vertex 176.455 55.4141 10
      vertex 176.455 55.4141 42
    endloop
  endfacet
  facet normal 0.980636 -0.195841 0
    outer loop
      vertex 176.455 55.4141 10
      vertex 176.414 55.2088 42
      vertex 176.414 55.2088 10
    endloop
  endfacet
  facet normal 0.829843 0.557998 0
    outer loop
      vertex 176.731 54.026 42
      vertex 176.614 54.2 10
      vertex 176.614 54.2 42
    endloop
  endfacet
  facet normal 0.829843 0.557998 0
    outer loop
      vertex 176.614 54.2 10
      vertex 176.731 54.026 42
      vertex 176.731 54.026 10
    endloop
  endfacet
  facet normal -0.660196 0.751093 0
    outer loop
      vertex 179.131 53.8686 10
      vertex 178.974 53.7306 42
      vertex 179.131 53.8686 42
    endloop
  endfacet
  facet normal -0.660196 0.751093 0
    outer loop
      vertex 178.974 53.7306 42
      vertex 179.131 53.8686 10
      vertex 178.974 53.7306 10
    endloop
  endfacet
  facet normal 0.195196 0.980764 -0
    outer loop
      vertex 177.791 53.4137 10
      vertex 177.586 53.4545 42
      vertex 177.791 53.4137 42
    endloop
  endfacet
  facet normal 0.195196 0.980764 0
    outer loop
      vertex 177.586 53.4545 42
      vertex 177.791 53.4137 10
      vertex 177.586 53.4545 10
    endloop
  endfacet
  facet normal 0.829843 -0.557998 0
    outer loop
      vertex 176.614 55.8 42
      vertex 176.731 55.974 10
      vertex 176.731 55.974 42
    endloop
  endfacet
  facet normal 0.829843 -0.557998 0
    outer loop
      vertex 176.731 55.974 10
      vertex 176.614 55.8 42
      vertex 176.614 55.8 10
    endloop
  endfacet
  facet normal 0.980636 0.195841 0
    outer loop
      vertex 176.455 54.5859 42
      vertex 176.414 54.7912 10
      vertex 176.414 54.7912 42
    endloop
  endfacet
  facet normal 0.980636 0.195841 0
    outer loop
      vertex 176.414 54.7912 10
      vertex 176.455 54.5859 42
      vertex 176.455 54.5859 10
    endloop
  endfacet
  facet normal -0.195196 0.980764 0
    outer loop
      vertex 178.414 53.4545 10
      vertex 178.209 53.4137 42
      vertex 178.414 53.4545 42
    endloop
  endfacet
  facet normal -0.195196 0.980764 0
    outer loop
      vertex 178.209 53.4137 42
      vertex 178.414 53.4545 10
      vertex 178.209 53.4137 10
    endloop
  endfacet
  facet normal 0.195196 -0.980764 0
    outer loop
      vertex 177.586 56.5455 10
      vertex 177.791 56.5863 42
      vertex 177.586 56.5455 42
    endloop
  endfacet
  facet normal 0.195196 -0.980764 0
    outer loop
      vertex 177.791 56.5863 42
      vertex 177.586 56.5455 10
      vertex 177.791 56.5863 10
    endloop
  endfacet
  facet normal 0.947336 -0.32024 0
    outer loop
      vertex 176.455 55.4141 42
      vertex 176.522 55.6123 10
      vertex 176.522 55.6123 42
    endloop
  endfacet
  facet normal 0.947336 -0.32024 0
    outer loop
      vertex 176.522 55.6123 10
      vertex 176.455 55.4141 42
      vertex 176.455 55.4141 10
    endloop
  endfacet
  facet normal 0.751925 -0.659248 0
    outer loop
      vertex 176.731 55.974 42
      vertex 176.869 56.1314 10
      vertex 176.869 56.1314 42
    endloop
  endfacet
  facet normal 0.751925 -0.659248 0
    outer loop
      vertex 176.869 56.1314 10
      vertex 176.731 55.974 42
      vertex 176.731 55.974 10
    endloop
  endfacet
  facet normal 0.321817 -0.946802 0
    outer loop
      vertex 177.388 56.4782 10
      vertex 177.586 56.5455 42
      vertex 177.388 56.4782 42
    endloop
  endfacet
  facet normal 0.321817 -0.946802 0
    outer loop
      vertex 177.586 56.5455 42
      vertex 177.388 56.4782 10
      vertex 177.586 56.5455 10
    endloop
  endfacet
  facet normal 0.0654099 -0.997858 0
    outer loop
      vertex 177.791 56.5863 10
      vertex 178 56.6 42
      vertex 177.791 56.5863 42
    endloop
  endfacet
  facet normal 0.0654099 -0.997858 0
    outer loop
      vertex 178 56.6 42
      vertex 177.791 56.5863 10
      vertex 178 56.6 10
    endloop
  endfacet
  facet normal 0.99776 0.0668996 0
    outer loop
      vertex 176.414 54.7912 42
      vertex 176.4 55 10
      vertex 176.4 55 42
    endloop
  endfacet
  facet normal 0.99776 0.0668996 0
    outer loop
      vertex 176.4 55 10
      vertex 176.414 54.7912 42
      vertex 176.414 54.7912 10
    endloop
  endfacet
  facet normal 0.660196 0.751093 -0
    outer loop
      vertex 177.026 53.7306 10
      vertex 176.869 53.8686 42
      vertex 177.026 53.7306 42
    endloop
  endfacet
  facet normal 0.660196 0.751093 0
    outer loop
      vertex 176.869 53.8686 42
      vertex 177.026 53.7306 10
      vertex 176.869 53.8686 10
    endloop
  endfacet
  facet normal 0.441861 0.897083 -0
    outer loop
      vertex 177.388 53.5218 10
      vertex 177.2 53.6144 42
      vertex 177.388 53.5218 42
    endloop
  endfacet
  facet normal 0.441861 0.897083 0
    outer loop
      vertex 177.2 53.6144 42
      vertex 177.388 53.5218 10
      vertex 177.2 53.6144 10
    endloop
  endfacet
  facet normal 0.947238 0.32053 0
    outer loop
      vertex 176.522 126.388 42
      vertex 176.455 126.586 10
      vertex 176.455 126.586 42
    endloop
  endfacet
  facet normal 0.947238 0.32053 0
    outer loop
      vertex 176.455 126.586 10
      vertex 176.522 126.388 42
      vertex 176.522 126.388 10
    endloop
  endfacet
  facet normal -0.980581 0.196116 0
    outer loop
      vertex 179.545 126.586 10
      vertex 179.586 126.791 42
      vertex 179.586 126.791 10
    endloop
  endfacet
  facet normal -0.980581 0.196116 0
    outer loop
      vertex 179.586 126.791 42
      vertex 179.545 126.586 10
      vertex 179.545 126.586 42
    endloop
  endfacet
  facet normal 0.557998 -0.829843 0
    outer loop
      vertex 177.026 128.269 10
      vertex 177.2 128.386 42
      vertex 177.026 128.269 42
    endloop
  endfacet
  facet normal 0.557998 -0.829843 0
    outer loop
      vertex 177.2 128.386 42
      vertex 177.026 128.269 10
      vertex 177.2 128.386 10
    endloop
  endfacet
  facet normal -0.947238 0.32053 0
    outer loop
      vertex 179.478 126.388 10
      vertex 179.545 126.586 42
      vertex 179.545 126.586 10
    endloop
  endfacet
  facet normal -0.947238 0.32053 0
    outer loop
      vertex 179.545 126.586 42
      vertex 179.478 126.388 10
      vertex 179.478 126.388 42
    endloop
  endfacet
  facet normal -0.439553 0.898217 0
    outer loop
      vertex 178.8 125.614 10
      vertex 178.612 125.522 42
      vertex 178.8 125.614 42
    endloop
  endfacet
  facet normal -0.439553 0.898217 0
    outer loop
      vertex 178.612 125.522 42
      vertex 178.8 125.614 10
      vertex 178.612 125.522 10
    endloop
  endfacet
  facet normal 0.660196 -0.751093 0
    outer loop
      vertex 176.869 128.131 10
      vertex 177.026 128.269 42
      vertex 176.869 128.131 42
    endloop
  endfacet
  facet normal 0.660196 -0.751093 0
    outer loop
      vertex 177.026 128.269 42
      vertex 176.869 128.131 10
      vertex 177.026 128.269 10
    endloop
  endfacet
  facet normal 0.196116 -0.980581 0
    outer loop
      vertex 177.586 128.545 10
      vertex 177.791 128.586 42
      vertex 177.586 128.545 42
    endloop
  endfacet
  facet normal 0.196116 -0.980581 0
    outer loop
      vertex 177.791 128.586 42
      vertex 177.586 128.545 10
      vertex 177.791 128.586 10
    endloop
  endfacet
  facet normal -0.829843 0.557998 0
    outer loop
      vertex 179.269 126.026 10
      vertex 179.386 126.2 42
      vertex 179.386 126.2 10
    endloop
  endfacet
  facet normal -0.829843 0.557998 0
    outer loop
      vertex 179.386 126.2 42
      vertex 179.269 126.026 10
      vertex 179.269 126.026 42
    endloop
  endfacet
  facet normal -0.0668359 0.997764 0
    outer loop
      vertex 178.209 125.414 10
      vertex 178 125.4 42
      vertex 178.209 125.414 42
    endloop
  endfacet
  facet normal -0.0668359 0.997764 0
    outer loop
      vertex 178 125.4 42
      vertex 178.209 125.414 10
      vertex 178 125.4 10
    endloop
  endfacet
  facet normal 0.898217 0.439553 0
    outer loop
      vertex 176.614 126.2 42
      vertex 176.522 126.388 10
      vertex 176.522 126.388 42
    endloop
  endfacet
  facet normal 0.898217 0.439553 0
    outer loop
      vertex 176.522 126.388 10
      vertex 176.614 126.2 42
      vertex 176.614 126.2 10
    endloop
  endfacet
  facet normal 0.32053 0.947238 -0
    outer loop
      vertex 177.586 125.455 10
      vertex 177.388 125.522 42
      vertex 177.586 125.455 42
    endloop
  endfacet
  facet normal 0.32053 0.947238 0
    outer loop
      vertex 177.388 125.522 42
      vertex 177.586 125.455 10
      vertex 177.388 125.522 10
    endloop
  endfacet
  facet normal 0.439553 -0.898217 0
    outer loop
      vertex 177.2 128.386 10
      vertex 177.388 128.478 42
      vertex 177.2 128.386 42
    endloop
  endfacet
  facet normal 0.439553 -0.898217 0
    outer loop
      vertex 177.388 128.478 42
      vertex 177.2 128.386 10
      vertex 177.388 128.478 10
    endloop
  endfacet
  facet normal 0.439553 0.898217 -0
    outer loop
      vertex 177.388 125.522 10
      vertex 177.2 125.614 42
      vertex 177.388 125.522 42
    endloop
  endfacet
  facet normal 0.439553 0.898217 0
    outer loop
      vertex 177.2 125.614 42
      vertex 177.388 125.522 10
      vertex 177.2 125.614 10
    endloop
  endfacet
  facet normal 0.980581 0.196116 0
    outer loop
      vertex 176.455 126.586 42
      vertex 176.414 126.791 10
      vertex 176.414 126.791 42
    endloop
  endfacet
  facet normal 0.980581 0.196116 0
    outer loop
      vertex 176.414 126.791 10
      vertex 176.455 126.586 42
      vertex 176.455 126.586 10
    endloop
  endfacet
  facet normal 0.557998 0.829843 -0
    outer loop
      vertex 177.2 125.614 10
      vertex 177.026 125.731 42
      vertex 177.2 125.614 42
    endloop
  endfacet
  facet normal 0.557998 0.829843 0
    outer loop
      vertex 177.026 125.731 42
      vertex 177.2 125.614 10
      vertex 177.026 125.731 10
    endloop
  endfacet
  facet normal -0.196116 0.980581 0
    outer loop
      vertex 178.414 125.455 10
      vertex 178.209 125.414 42
      vertex 178.414 125.455 42
    endloop
  endfacet
  facet normal -0.196116 0.980581 0
    outer loop
      vertex 178.209 125.414 42
      vertex 178.414 125.455 10
      vertex 178.209 125.414 10
    endloop
  endfacet
  facet normal 0.751093 0.660196 0
    outer loop
      vertex 176.869 125.869 42
      vertex 176.731 126.026 10
      vertex 176.731 126.026 42
    endloop
  endfacet
  facet normal 0.751093 0.660196 0
    outer loop
      vertex 176.731 126.026 10
      vertex 176.869 125.869 42
      vertex 176.869 125.869 10
    endloop
  endfacet
  facet normal 0.751093 -0.660196 0
    outer loop
      vertex 176.731 127.974 42
      vertex 176.869 128.131 10
      vertex 176.869 128.131 42
    endloop
  endfacet
  facet normal 0.751093 -0.660196 0
    outer loop
      vertex 176.869 128.131 10
      vertex 176.731 127.974 42
      vertex 176.731 127.974 10
    endloop
  endfacet
  facet normal -0.997764 0.0668359 0
    outer loop
      vertex 179.586 126.791 10
      vertex 179.6 127 42
      vertex 179.6 127 10
    endloop
  endfacet
  facet normal -0.997764 0.0668359 0
    outer loop
      vertex 179.6 127 42
      vertex 179.586 126.791 10
      vertex 179.586 126.791 42
    endloop
  endfacet
  facet normal 0.829843 -0.557998 0
    outer loop
      vertex 176.614 127.8 42
      vertex 176.731 127.974 10
      vertex 176.731 127.974 42
    endloop
  endfacet
  facet normal 0.829843 -0.557998 0
    outer loop
      vertex 176.731 127.974 10
      vertex 176.614 127.8 42
      vertex 176.614 127.8 10
    endloop
  endfacet
  facet normal 0.997764 0.0668359 0
    outer loop
      vertex 176.414 126.791 42
      vertex 176.4 127 10
      vertex 176.4 127 42
    endloop
  endfacet
  facet normal 0.997764 0.0668359 0
    outer loop
      vertex 176.4 127 10
      vertex 176.414 126.791 42
      vertex 176.414 126.791 10
    endloop
  endfacet
  facet normal -0.660196 0.751093 0
    outer loop
      vertex 179.131 125.869 10
      vertex 178.974 125.731 42
      vertex 179.131 125.869 42
    endloop
  endfacet
  facet normal -0.660196 0.751093 0
    outer loop
      vertex 178.974 125.731 42
      vertex 179.131 125.869 10
      vertex 178.974 125.731 10
    endloop
  endfacet
  facet normal -0.32053 0.947238 0
    outer loop
      vertex 178.612 125.522 10
      vertex 178.414 125.455 42
      vertex 178.612 125.522 42
    endloop
  endfacet
  facet normal -0.32053 0.947238 0
    outer loop
      vertex 178.414 125.455 42
      vertex 178.612 125.522 10
      vertex 178.414 125.455 10
    endloop
  endfacet
  facet normal -0.557998 0.829843 0
    outer loop
      vertex 178.974 125.731 10
      vertex 178.8 125.614 42
      vertex 178.974 125.731 42
    endloop
  endfacet
  facet normal -0.557998 0.829843 0
    outer loop
      vertex 178.8 125.614 42
      vertex 178.974 125.731 10
      vertex 178.8 125.614 10
    endloop
  endfacet
  facet normal -0.751093 0.660196 0
    outer loop
      vertex 179.131 125.869 10
      vertex 179.269 126.026 42
      vertex 179.269 126.026 10
    endloop
  endfacet
  facet normal -0.751093 0.660196 0
    outer loop
      vertex 179.269 126.026 42
      vertex 179.131 125.869 10
      vertex 179.131 125.869 42
    endloop
  endfacet
  facet normal 0.829843 0.557998 0
    outer loop
      vertex 176.731 126.026 42
      vertex 176.614 126.2 10
      vertex 176.614 126.2 42
    endloop
  endfacet
  facet normal 0.829843 0.557998 0
    outer loop
      vertex 176.614 126.2 10
      vertex 176.731 126.026 42
      vertex 176.731 126.026 10
    endloop
  endfacet
  facet normal 0.0668359 0.997764 -0
    outer loop
      vertex 178 125.4 10
      vertex 177.791 125.414 42
      vertex 178 125.4 42
    endloop
  endfacet
  facet normal 0.0668359 0.997764 0
    outer loop
      vertex 177.791 125.414 42
      vertex 178 125.4 10
      vertex 177.791 125.414 10
    endloop
  endfacet
  facet normal -0.898217 0.439553 0
    outer loop
      vertex 179.386 126.2 10
      vertex 179.478 126.388 42
      vertex 179.478 126.388 10
    endloop
  endfacet
  facet normal -0.898217 0.439553 0
    outer loop
      vertex 179.478 126.388 42
      vertex 179.386 126.2 10
      vertex 179.386 126.2 42
    endloop
  endfacet
  facet normal 0.0668359 -0.997764 0
    outer loop
      vertex 177.791 128.586 10
      vertex 178 128.6 42
      vertex 177.791 128.586 42
    endloop
  endfacet
  facet normal 0.0668359 -0.997764 0
    outer loop
      vertex 178 128.6 42
      vertex 177.791 128.586 10
      vertex 178 128.6 10
    endloop
  endfacet
  facet normal 0.980581 -0.196116 0
    outer loop
      vertex 176.414 127.209 42
      vertex 176.455 127.414 10
      vertex 176.455 127.414 42
    endloop
  endfacet
  facet normal 0.980581 -0.196116 0
    outer loop
      vertex 176.455 127.414 10
      vertex 176.414 127.209 42
      vertex 176.414 127.209 10
    endloop
  endfacet
  facet normal 0.32053 -0.947238 0
    outer loop
      vertex 177.388 128.478 10
      vertex 177.586 128.545 42
      vertex 177.388 128.478 42
    endloop
  endfacet
  facet normal 0.32053 -0.947238 0
    outer loop
      vertex 177.586 128.545 42
      vertex 177.388 128.478 10
      vertex 177.586 128.545 10
    endloop
  endfacet
  facet normal 0.898217 -0.439553 0
    outer loop
      vertex 176.522 127.612 42
      vertex 176.614 127.8 10
      vertex 176.614 127.8 42
    endloop
  endfacet
  facet normal 0.898217 -0.439553 0
    outer loop
      vertex 176.614 127.8 10
      vertex 176.522 127.612 42
      vertex 176.522 127.612 10
    endloop
  endfacet
  facet normal 0.196116 0.980581 -0
    outer loop
      vertex 177.791 125.414 10
      vertex 177.586 125.455 42
      vertex 177.791 125.414 42
    endloop
  endfacet
  facet normal 0.196116 0.980581 0
    outer loop
      vertex 177.586 125.455 42
      vertex 177.791 125.414 10
      vertex 177.586 125.455 10
    endloop
  endfacet
  facet normal 0.660196 0.751093 -0
    outer loop
      vertex 177.026 125.731 10
      vertex 176.869 125.869 42
      vertex 177.026 125.731 42
    endloop
  endfacet
  facet normal 0.660196 0.751093 0
    outer loop
      vertex 176.869 125.869 42
      vertex 177.026 125.731 10
      vertex 176.869 125.869 10
    endloop
  endfacet
  facet normal 0.947238 -0.32053 0
    outer loop
      vertex 176.455 127.414 42
      vertex 176.522 127.612 10
      vertex 176.522 127.612 42
    endloop
  endfacet
  facet normal 0.947238 -0.32053 0
    outer loop
      vertex 176.522 127.612 10
      vertex 176.455 127.414 42
      vertex 176.455 127.414 10
    endloop
  endfacet
  facet normal 0.997764 -0.0668359 0
    outer loop
      vertex 176.4 127 42
      vertex 176.414 127.209 10
      vertex 176.414 127.209 42
    endloop
  endfacet
  facet normal 0.997764 -0.0668359 0
    outer loop
      vertex 176.414 127.209 10
      vertex 176.4 127 42
      vertex 176.4 127 10
    endloop
  endfacet
  facet normal 0.947336 0.32024 0
    outer loop
      vertex 102.522 54.3877 42
      vertex 102.455 54.5859 10
      vertex 102.455 54.5859 42
    endloop
  endfacet
  facet normal 0.947336 0.32024 0
    outer loop
      vertex 102.455 54.5859 10
      vertex 102.522 54.3877 42
      vertex 102.522 54.3877 10
    endloop
  endfacet
  facet normal -0.980636 0.195841 0
    outer loop
      vertex 105.545 54.5859 10
      vertex 105.586 54.7912 42
      vertex 105.586 54.7912 10
    endloop
  endfacet
  facet normal -0.980636 0.195841 0
    outer loop
      vertex 105.586 54.7912 42
      vertex 105.545 54.5859 10
      vertex 105.545 54.5859 42
    endloop
  endfacet
  facet normal 0.555362 -0.831609 0
    outer loop
      vertex 103.026 56.2694 10
      vertex 103.2 56.3856 42
      vertex 103.026 56.2694 42
    endloop
  endfacet
  facet normal 0.555362 -0.831609 0
    outer loop
      vertex 103.2 56.3856 42
      vertex 103.026 56.2694 10
      vertex 103.2 56.3856 10
    endloop
  endfacet
  facet normal -0.947336 0.32024 0
    outer loop
      vertex 105.478 54.3877 10
      vertex 105.545 54.5859 42
      vertex 105.545 54.5859 10
    endloop
  endfacet
  facet normal -0.947336 0.32024 0
    outer loop
      vertex 105.545 54.5859 42
      vertex 105.478 54.3877 10
      vertex 105.478 54.3877 42
    endloop
  endfacet
  facet normal -0.441861 0.897083 0
    outer loop
      vertex 104.8 53.6144 10
      vertex 104.612 53.5218 42
      vertex 104.8 53.6144 42
    endloop
  endfacet
  facet normal -0.441861 0.897083 0
    outer loop
      vertex 104.612 53.5218 42
      vertex 104.8 53.6144 10
      vertex 104.612 53.5218 10
    endloop
  endfacet
  facet normal 0.660196 -0.751093 0
    outer loop
      vertex 102.869 56.1314 10
      vertex 103.026 56.2694 42
      vertex 102.869 56.1314 42
    endloop
  endfacet
  facet normal 0.660196 -0.751093 0
    outer loop
      vertex 103.026 56.2694 42
      vertex 102.869 56.1314 10
      vertex 103.026 56.2694 10
    endloop
  endfacet
  facet normal 0.195196 -0.980764 0
    outer loop
      vertex 103.586 56.5455 10
      vertex 103.791 56.5863 42
      vertex 103.586 56.5455 42
    endloop
  endfacet
  facet normal 0.195196 -0.980764 0
    outer loop
      vertex 103.791 56.5863 42
      vertex 103.586 56.5455 10
      vertex 103.791 56.5863 10
    endloop
  endfacet
  facet normal -0.829843 0.557998 0
    outer loop
      vertex 105.269 54.026 10
      vertex 105.386 54.2 42
      vertex 105.386 54.2 10
    endloop
  endfacet
  facet normal -0.829843 0.557998 0
    outer loop
      vertex 105.386 54.2 42
      vertex 105.269 54.026 10
      vertex 105.269 54.026 42
    endloop
  endfacet
  facet normal -0.0654099 0.997858 0
    outer loop
      vertex 104.209 53.4137 10
      vertex 104 53.4 42
      vertex 104.209 53.4137 42
    endloop
  endfacet
  facet normal -0.0654099 0.997858 0
    outer loop
      vertex 104 53.4 42
      vertex 104.209 53.4137 10
      vertex 104 53.4 10
    endloop
  endfacet
  facet normal 0.897939 0.440119 0
    outer loop
      vertex 102.614 54.2 42
      vertex 102.522 54.3877 10
      vertex 102.522 54.3877 42
    endloop
  endfacet
  facet normal 0.897939 0.440119 0
    outer loop
      vertex 102.522 54.3877 10
      vertex 102.614 54.2 42
      vertex 102.614 54.2 10
    endloop
  endfacet
  facet normal 0.321817 0.946802 -0
    outer loop
      vertex 103.586 53.4545 10
      vertex 103.388 53.5218 42
      vertex 103.586 53.4545 42
    endloop
  endfacet
  facet normal 0.321817 0.946802 0
    outer loop
      vertex 103.388 53.5218 42
      vertex 103.586 53.4545 10
      vertex 103.388 53.5218 10
    endloop
  endfacet
  facet normal 0.441861 -0.897083 0
    outer loop
      vertex 103.2 56.3856 10
      vertex 103.388 56.4782 42
      vertex 103.2 56.3856 42
    endloop
  endfacet
  facet normal 0.441861 -0.897083 0
    outer loop
      vertex 103.388 56.4782 42
      vertex 103.2 56.3856 10
      vertex 103.388 56.4782 10
    endloop
  endfacet
  facet normal 0.441861 0.897083 -0
    outer loop
      vertex 103.388 53.5218 10
      vertex 103.2 53.6144 42
      vertex 103.388 53.5218 42
    endloop
  endfacet
  facet normal 0.441861 0.897083 0
    outer loop
      vertex 103.2 53.6144 42
      vertex 103.388 53.5218 10
      vertex 103.2 53.6144 10
    endloop
  endfacet
  facet normal 0.980636 0.195841 0
    outer loop
      vertex 102.455 54.5859 42
      vertex 102.414 54.7912 10
      vertex 102.414 54.7912 42
    endloop
  endfacet
  facet normal 0.980636 0.195841 0
    outer loop
      vertex 102.414 54.7912 10
      vertex 102.455 54.5859 42
      vertex 102.455 54.5859 10
    endloop
  endfacet
  facet normal 0.555362 0.831609 -0
    outer loop
      vertex 103.2 53.6144 10
      vertex 103.026 53.7306 42
      vertex 103.2 53.6144 42
    endloop
  endfacet
  facet normal 0.555362 0.831609 0
    outer loop
      vertex 103.026 53.7306 42
      vertex 103.2 53.6144 10
      vertex 103.026 53.7306 10
    endloop
  endfacet
  facet normal -0.195196 0.980764 0
    outer loop
      vertex 104.414 53.4545 10
      vertex 104.209 53.4137 42
      vertex 104.414 53.4545 42
    endloop
  endfacet
  facet normal -0.195196 0.980764 0
    outer loop
      vertex 104.209 53.4137 42
      vertex 104.414 53.4545 10
      vertex 104.209 53.4137 10
    endloop
  endfacet
  facet normal 0.751925 0.659248 0
    outer loop
      vertex 102.869 53.8686 42
      vertex 102.731 54.026 10
      vertex 102.731 54.026 42
    endloop
  endfacet
  facet normal 0.751925 0.659248 0
    outer loop
      vertex 102.731 54.026 10
      vertex 102.869 53.8686 42
      vertex 102.869 53.8686 10
    endloop
  endfacet
  facet normal 0.751925 -0.659248 0
    outer loop
      vertex 102.731 55.974 42
      vertex 102.869 56.1314 10
      vertex 102.869 56.1314 42
    endloop
  endfacet
  facet normal 0.751925 -0.659248 0
    outer loop
      vertex 102.869 56.1314 10
      vertex 102.731 55.974 42
      vertex 102.731 55.974 10
    endloop
  endfacet
  facet normal -0.99776 0.0668996 0
    outer loop
      vertex 105.586 54.7912 10
      vertex 105.6 55 42
      vertex 105.6 55 10
    endloop
  endfacet
  facet normal -0.99776 0.0668996 0
    outer loop
      vertex 105.6 55 42
      vertex 105.586 54.7912 10
      vertex 105.586 54.7912 42
    endloop
  endfacet
  facet normal 0.829843 -0.557998 0
    outer loop
      vertex 102.614 55.8 42
      vertex 102.731 55.974 10
      vertex 102.731 55.974 42
    endloop
  endfacet
  facet normal 0.829843 -0.557998 0
    outer loop
      vertex 102.731 55.974 10
      vertex 102.614 55.8 42
      vertex 102.614 55.8 10
    endloop
  endfacet
  facet normal 0.99776 0.0668996 0
    outer loop
      vertex 102.414 54.7912 42
      vertex 102.4 55 10
      vertex 102.4 55 42
    endloop
  endfacet
  facet normal 0.99776 0.0668996 0
    outer loop
      vertex 102.4 55 10
      vertex 102.414 54.7912 42
      vertex 102.414 54.7912 10
    endloop
  endfacet
  facet normal -0.321817 0.946802 0
    outer loop
      vertex 104.612 53.5218 10
      vertex 104.414 53.4545 42
      vertex 104.612 53.5218 42
    endloop
  endfacet
  facet normal -0.321817 0.946802 0
    outer loop
      vertex 104.414 53.4545 42
      vertex 104.612 53.5218 10
      vertex 104.414 53.4545 10
    endloop
  endfacet
  facet normal -0.555362 0.831609 0
    outer loop
      vertex 104.974 53.7306 10
      vertex 104.8 53.6144 42
      vertex 104.974 53.7306 42
    endloop
  endfacet
  facet normal -0.555362 0.831609 0
    outer loop
      vertex 104.8 53.6144 42
      vertex 104.974 53.7306 10
      vertex 104.8 53.6144 10
    endloop
  endfacet
  facet normal -0.751925 0.659248 0
    outer loop
      vertex 105.131 53.8686 10
      vertex 105.269 54.026 42
      vertex 105.269 54.026 10
    endloop
  endfacet
  facet normal -0.751925 0.659248 0
    outer loop
      vertex 105.269 54.026 42
      vertex 105.131 53.8686 10
      vertex 105.131 53.8686 42
    endloop
  endfacet
  facet normal 0.829843 0.557998 0
    outer loop
      vertex 102.731 54.026 42
      vertex 102.614 54.2 10
      vertex 102.614 54.2 42
    endloop
  endfacet
  facet normal 0.829843 0.557998 0
    outer loop
      vertex 102.614 54.2 10
      vertex 102.731 54.026 42
      vertex 102.731 54.026 10
    endloop
  endfacet
  facet normal -0.660196 0.751093 0
    outer loop
      vertex 105.131 53.8686 10
      vertex 104.974 53.7306 42
      vertex 105.131 53.8686 42
    endloop
  endfacet
  facet normal -0.660196 0.751093 0
    outer loop
      vertex 104.974 53.7306 42
      vertex 105.131 53.8686 10
      vertex 104.974 53.7306 10
    endloop
  endfacet
  facet normal 0.0654099 0.997858 -0
    outer loop
      vertex 104 53.4 10
      vertex 103.791 53.4137 42
      vertex 104 53.4 42
    endloop
  endfacet
  facet normal 0.0654099 0.997858 0
    outer loop
      vertex 103.791 53.4137 42
      vertex 104 53.4 10
      vertex 103.791 53.4137 10
    endloop
  endfacet
  facet normal -0.897939 0.440119 0
    outer loop
      vertex 105.386 54.2 10
      vertex 105.478 54.3877 42
      vertex 105.478 54.3877 10
    endloop
  endfacet
  facet normal -0.897939 0.440119 0
    outer loop
      vertex 105.478 54.3877 42
      vertex 105.386 54.2 10
      vertex 105.386 54.2 42
    endloop
  endfacet
  facet normal 0.0654099 -0.997858 0
    outer loop
      vertex 103.791 56.5863 10
      vertex 104 56.6 42
      vertex 103.791 56.5863 42
    endloop
  endfacet
  facet normal 0.0654099 -0.997858 0
    outer loop
      vertex 104 56.6 42
      vertex 103.791 56.5863 10
      vertex 104 56.6 10
    endloop
  endfacet
  facet normal 0.980636 -0.195841 0
    outer loop
      vertex 102.414 55.2088 42
      vertex 102.455 55.4141 10
      vertex 102.455 55.4141 42
    endloop
  endfacet
  facet normal 0.980636 -0.195841 0
    outer loop
      vertex 102.455 55.4141 10
      vertex 102.414 55.2088 42
      vertex 102.414 55.2088 10
    endloop
  endfacet
  facet normal 0.195196 0.980764 -0
    outer loop
      vertex 103.791 53.4137 10
      vertex 103.586 53.4545 42
      vertex 103.791 53.4137 42
    endloop
  endfacet
  facet normal 0.195196 0.980764 0
    outer loop
      vertex 103.586 53.4545 42
      vertex 103.791 53.4137 10
      vertex 103.586 53.4545 10
    endloop
  endfacet
  facet normal 0.321817 -0.946802 0
    outer loop
      vertex 103.388 56.4782 10
      vertex 103.586 56.5455 42
      vertex 103.388 56.4782 42
    endloop
  endfacet
  facet normal 0.321817 -0.946802 0
    outer loop
      vertex 103.586 56.5455 42
      vertex 103.388 56.4782 10
      vertex 103.586 56.5455 10
    endloop
  endfacet
  facet normal 0.897939 -0.440119 0
    outer loop
      vertex 102.522 55.6123 42
      vertex 102.614 55.8 10
      vertex 102.614 55.8 42
    endloop
  endfacet
  facet normal 0.897939 -0.440119 0
    outer loop
      vertex 102.614 55.8 10
      vertex 102.522 55.6123 42
      vertex 102.522 55.6123 10
    endloop
  endfacet
  facet normal 0.660196 0.751093 -0
    outer loop
      vertex 103.026 53.7306 10
      vertex 102.869 53.8686 42
      vertex 103.026 53.7306 42
    endloop
  endfacet
  facet normal 0.660196 0.751093 0
    outer loop
      vertex 102.869 53.8686 42
      vertex 103.026 53.7306 10
      vertex 102.869 53.8686 10
    endloop
  endfacet
  facet normal 0.947336 -0.32024 0
    outer loop
      vertex 102.455 55.4141 42
      vertex 102.522 55.6123 10
      vertex 102.522 55.6123 42
    endloop
  endfacet
  facet normal 0.947336 -0.32024 0
    outer loop
      vertex 102.522 55.6123 10
      vertex 102.455 55.4141 42
      vertex 102.455 55.4141 10
    endloop
  endfacet
  facet normal 0.99776 -0.0668996 0
    outer loop
      vertex 102.4 55 42
      vertex 102.414 55.2088 10
      vertex 102.414 55.2088 42
    endloop
  endfacet
  facet normal 0.99776 -0.0668996 0
    outer loop
      vertex 102.414 55.2088 10
      vertex 102.4 55 42
      vertex 102.4 55 10
    endloop
  endfacet
  facet normal 0.947238 0.32053 0
    outer loop
      vertex 102.522 126.388 42
      vertex 102.455 126.586 10
      vertex 102.455 126.586 42
    endloop
  endfacet
  facet normal 0.947238 0.32053 0
    outer loop
      vertex 102.455 126.586 10
      vertex 102.522 126.388 42
      vertex 102.522 126.388 10
    endloop
  endfacet
  facet normal -0.980581 0.196116 0
    outer loop
      vertex 105.545 126.586 10
      vertex 105.586 126.791 42
      vertex 105.586 126.791 10
    endloop
  endfacet
  facet normal -0.980581 0.196116 0
    outer loop
      vertex 105.586 126.791 42
      vertex 105.545 126.586 10
      vertex 105.545 126.586 42
    endloop
  endfacet
  facet normal 0.557998 -0.829843 0
    outer loop
      vertex 103.026 128.269 10
      vertex 103.2 128.386 42
      vertex 103.026 128.269 42
    endloop
  endfacet
  facet normal 0.557998 -0.829843 0
    outer loop
      vertex 103.2 128.386 42
      vertex 103.026 128.269 10
      vertex 103.2 128.386 10
    endloop
  endfacet
  facet normal -0.947238 0.32053 0
    outer loop
      vertex 105.478 126.388 10
      vertex 105.545 126.586 42
      vertex 105.545 126.586 10
    endloop
  endfacet
  facet normal -0.947238 0.32053 0
    outer loop
      vertex 105.545 126.586 42
      vertex 105.478 126.388 10
      vertex 105.478 126.388 42
    endloop
  endfacet
  facet normal -0.439553 0.898217 0
    outer loop
      vertex 104.8 125.614 10
      vertex 104.612 125.522 42
      vertex 104.8 125.614 42
    endloop
  endfacet
  facet normal -0.439553 0.898217 0
    outer loop
      vertex 104.612 125.522 42
      vertex 104.8 125.614 10
      vertex 104.612 125.522 10
    endloop
  endfacet
  facet normal 0.660196 -0.751093 0
    outer loop
      vertex 102.869 128.131 10
      vertex 103.026 128.269 42
      vertex 102.869 128.131 42
    endloop
  endfacet
  facet normal 0.660196 -0.751093 0
    outer loop
      vertex 103.026 128.269 42
      vertex 102.869 128.131 10
      vertex 103.026 128.269 10
    endloop
  endfacet
  facet normal 0.196116 -0.980581 0
    outer loop
      vertex 103.586 128.545 10
      vertex 103.791 128.586 42
      vertex 103.586 128.545 42
    endloop
  endfacet
  facet normal 0.196116 -0.980581 0
    outer loop
      vertex 103.791 128.586 42
      vertex 103.586 128.545 10
      vertex 103.791 128.586 10
    endloop
  endfacet
  facet normal -0.829843 0.557998 0
    outer loop
      vertex 105.269 126.026 10
      vertex 105.386 126.2 42
      vertex 105.386 126.2 10
    endloop
  endfacet
  facet normal -0.829843 0.557998 0
    outer loop
      vertex 105.386 126.2 42
      vertex 105.269 126.026 10
      vertex 105.269 126.026 42
    endloop
  endfacet
  facet normal -0.0668359 0.997764 0
    outer loop
      vertex 104.209 125.414 10
      vertex 104 125.4 42
      vertex 104.209 125.414 42
    endloop
  endfacet
  facet normal -0.0668359 0.997764 0
    outer loop
      vertex 104 125.4 42
      vertex 104.209 125.414 10
      vertex 104 125.4 10
    endloop
  endfacet
  facet normal 0.898217 0.439553 0
    outer loop
      vertex 102.614 126.2 42
      vertex 102.522 126.388 10
      vertex 102.522 126.388 42
    endloop
  endfacet
  facet normal 0.898217 0.439553 0
    outer loop
      vertex 102.522 126.388 10
      vertex 102.614 126.2 42
      vertex 102.614 126.2 10
    endloop
  endfacet
  facet normal 0.32053 0.947238 -0
    outer loop
      vertex 103.586 125.455 10
      vertex 103.388 125.522 42
      vertex 103.586 125.455 42
    endloop
  endfacet
  facet normal 0.32053 0.947238 0
    outer loop
      vertex 103.388 125.522 42
      vertex 103.586 125.455 10
      vertex 103.388 125.522 10
    endloop
  endfacet
  facet normal 0.439553 -0.898217 0
    outer loop
      vertex 103.2 128.386 10
      vertex 103.388 128.478 42
      vertex 103.2 128.386 42
    endloop
  endfacet
  facet normal 0.439553 -0.898217 0
    outer loop
      vertex 103.388 128.478 42
      vertex 103.2 128.386 10
      vertex 103.388 128.478 10
    endloop
  endfacet
  facet normal 0.439553 0.898217 -0
    outer loop
      vertex 103.388 125.522 10
      vertex 103.2 125.614 42
      vertex 103.388 125.522 42
    endloop
  endfacet
  facet normal 0.439553 0.898217 0
    outer loop
      vertex 103.2 125.614 42
      vertex 103.388 125.522 10
      vertex 103.2 125.614 10
    endloop
  endfacet
  facet normal 0.980581 0.196116 0
    outer loop
      vertex 102.455 126.586 42
      vertex 102.414 126.791 10
      vertex 102.414 126.791 42
    endloop
  endfacet
  facet normal 0.980581 0.196116 0
    outer loop
      vertex 102.414 126.791 10
      vertex 102.455 126.586 42
      vertex 102.455 126.586 10
    endloop
  endfacet
  facet normal 0.557998 0.829843 -0
    outer loop
      vertex 103.2 125.614 10
      vertex 103.026 125.731 42
      vertex 103.2 125.614 42
    endloop
  endfacet
  facet normal 0.557998 0.829843 0
    outer loop
      vertex 103.026 125.731 42
      vertex 103.2 125.614 10
      vertex 103.026 125.731 10
    endloop
  endfacet
  facet normal -0.196116 0.980581 0
    outer loop
      vertex 104.414 125.455 10
      vertex 104.209 125.414 42
      vertex 104.414 125.455 42
    endloop
  endfacet
  facet normal -0.196116 0.980581 0
    outer loop
      vertex 104.209 125.414 42
      vertex 104.414 125.455 10
      vertex 104.209 125.414 10
    endloop
  endfacet
  facet normal 0.751093 0.660196 0
    outer loop
      vertex 102.869 125.869 42
      vertex 102.731 126.026 10
      vertex 102.731 126.026 42
    endloop
  endfacet
  facet normal 0.751093 0.660196 0
    outer loop
      vertex 102.731 126.026 10
      vertex 102.869 125.869 42
      vertex 102.869 125.869 10
    endloop
  endfacet
  facet normal 0.751093 -0.660196 0
    outer loop
      vertex 102.731 127.974 42
      vertex 102.869 128.131 10
      vertex 102.869 128.131 42
    endloop
  endfacet
  facet normal 0.751093 -0.660196 0
    outer loop
      vertex 102.869 128.131 10
      vertex 102.731 127.974 42
      vertex 102.731 127.974 10
    endloop
  endfacet
  facet normal -0.997764 0.0668359 0
    outer loop
      vertex 105.586 126.791 10
      vertex 105.6 127 42
      vertex 105.6 127 10
    endloop
  endfacet
  facet normal -0.997764 0.0668359 0
    outer loop
      vertex 105.6 127 42
      vertex 105.586 126.791 10
      vertex 105.586 126.791 42
    endloop
  endfacet
  facet normal 0.660196 0.751093 -0
    outer loop
      vertex 103.026 125.731 10
      vertex 102.869 125.869 42
      vertex 103.026 125.731 42
    endloop
  endfacet
  facet normal 0.660196 0.751093 0
    outer loop
      vertex 102.869 125.869 42
      vertex 103.026 125.731 10
      vertex 102.869 125.869 10
    endloop
  endfacet
  facet normal 0.997764 0.0668359 0
    outer loop
      vertex 102.414 126.791 42
      vertex 102.4 127 10
      vertex 102.4 127 42
    endloop
  endfacet
  facet normal 0.997764 0.0668359 0
    outer loop
      vertex 102.4 127 10
      vertex 102.414 126.791 42
      vertex 102.414 126.791 10
    endloop
  endfacet
  facet normal -0.32053 0.947238 0
    outer loop
      vertex 104.612 125.522 10
      vertex 104.414 125.455 42
      vertex 104.612 125.522 42
    endloop
  endfacet
  facet normal -0.32053 0.947238 0
    outer loop
      vertex 104.414 125.455 42
      vertex 104.612 125.522 10
      vertex 104.414 125.455 10
    endloop
  endfacet
  facet normal -0.557998 0.829843 0
    outer loop
      vertex 104.974 125.731 10
      vertex 104.8 125.614 42
      vertex 104.974 125.731 42
    endloop
  endfacet
  facet normal -0.557998 0.829843 0
    outer loop
      vertex 104.8 125.614 42
      vertex 104.974 125.731 10
      vertex 104.8 125.614 10
    endloop
  endfacet
  facet normal -0.751093 0.660196 0
    outer loop
      vertex 105.131 125.869 10
      vertex 105.269 126.026 42
      vertex 105.269 126.026 10
    endloop
  endfacet
  facet normal -0.751093 0.660196 0
    outer loop
      vertex 105.269 126.026 42
      vertex 105.131 125.869 10
      vertex 105.131 125.869 42
    endloop
  endfacet
  facet normal 0.829843 0.557998 0
    outer loop
      vertex 102.731 126.026 42
      vertex 102.614 126.2 10
      vertex 102.614 126.2 42
    endloop
  endfacet
  facet normal 0.829843 0.557998 0
    outer loop
      vertex 102.614 126.2 10
      vertex 102.731 126.026 42
      vertex 102.731 126.026 10
    endloop
  endfacet
  facet normal -0.660196 0.751093 0
    outer loop
      vertex 105.131 125.869 10
      vertex 104.974 125.731 42
      vertex 105.131 125.869 42
    endloop
  endfacet
  facet normal -0.660196 0.751093 0
    outer loop
      vertex 104.974 125.731 42
      vertex 105.131 125.869 10
      vertex 104.974 125.731 10
    endloop
  endfacet
  facet normal 0.0668359 0.997764 -0
    outer loop
      vertex 104 125.4 10
      vertex 103.791 125.414 42
      vertex 104 125.4 42
    endloop
  endfacet
  facet normal 0.0668359 0.997764 0
    outer loop
      vertex 103.791 125.414 42
      vertex 104 125.4 10
      vertex 103.791 125.414 10
    endloop
  endfacet
  facet normal -0.898217 0.439553 0
    outer loop
      vertex 105.386 126.2 10
      vertex 105.478 126.388 42
      vertex 105.478 126.388 10
    endloop
  endfacet
  facet normal -0.898217 0.439553 0
    outer loop
      vertex 105.478 126.388 42
      vertex 105.386 126.2 10
      vertex 105.386 126.2 42
    endloop
  endfacet
  facet normal 0.0668359 -0.997764 0
    outer loop
      vertex 103.791 128.586 10
      vertex 104 128.6 42
      vertex 103.791 128.586 42
    endloop
  endfacet
  facet normal 0.0668359 -0.997764 0
    outer loop
      vertex 104 128.6 42
      vertex 103.791 128.586 10
      vertex 104 128.6 10
    endloop
  endfacet
  facet normal 0.980581 -0.196116 0
    outer loop
      vertex 102.414 127.209 42
      vertex 102.455 127.414 10
      vertex 102.455 127.414 42
    endloop
  endfacet
  facet normal 0.980581 -0.196116 0
    outer loop
      vertex 102.455 127.414 10
      vertex 102.414 127.209 42
      vertex 102.414 127.209 10
    endloop
  endfacet
  facet normal 0.196116 0.980581 -0
    outer loop
      vertex 103.791 125.414 10
      vertex 103.586 125.455 42
      vertex 103.791 125.414 42
    endloop
  endfacet
  facet normal 0.196116 0.980581 0
    outer loop
      vertex 103.586 125.455 42
      vertex 103.791 125.414 10
      vertex 103.586 125.455 10
    endloop
  endfacet
  facet normal 0.32053 -0.947238 0
    outer loop
      vertex 103.388 128.478 10
      vertex 103.586 128.545 42
      vertex 103.388 128.478 42
    endloop
  endfacet
  facet normal 0.32053 -0.947238 0
    outer loop
      vertex 103.586 128.545 42
      vertex 103.388 128.478 10
      vertex 103.586 128.545 10
    endloop
  endfacet
  facet normal 0.898217 -0.439553 0
    outer loop
      vertex 102.522 127.612 42
      vertex 102.614 127.8 10
      vertex 102.614 127.8 42
    endloop
  endfacet
  facet normal 0.898217 -0.439553 0
    outer loop
      vertex 102.614 127.8 10
      vertex 102.522 127.612 42
      vertex 102.522 127.612 10
    endloop
  endfacet
  facet normal 0.947238 -0.32053 0
    outer loop
      vertex 102.455 127.414 42
      vertex 102.522 127.612 10
      vertex 102.522 127.612 42
    endloop
  endfacet
  facet normal 0.947238 -0.32053 0
    outer loop
      vertex 102.522 127.612 10
      vertex 102.455 127.414 42
      vertex 102.455 127.414 10
    endloop
  endfacet
  facet normal 0.997764 -0.0668359 0
    outer loop
      vertex 102.4 127 42
      vertex 102.414 127.209 10
      vertex 102.414 127.209 42
    endloop
  endfacet
  facet normal 0.997764 -0.0668359 0
    outer loop
      vertex 102.414 127.209 10
      vertex 102.4 127 42
      vertex 102.4 127 10
    endloop
  endfacet
  facet normal 0.829843 -0.557998 0
    outer loop
      vertex 102.614 127.8 42
      vertex 102.731 127.974 10
      vertex 102.731 127.974 42
    endloop
  endfacet
  facet normal 0.829843 -0.557998 0
    outer loop
      vertex 102.731 127.974 10
      vertex 102.614 127.8 42
      vertex 102.614 127.8 10
    endloop
  endfacet
  facet normal 0 0 1
    outer loop
      vertex 31.6 127 42
      vertex 34 127 42
      vertex 33.9658 127.522 42
    endloop
  endfacet
  facet normal 0 0 1
    outer loop
      vertex 31.5863 127.209 42
      vertex 33.9658 127.522 42
      vertex 33.8637 128.035 42
    endloop
  endfacet
  facet normal 0 0 1
    outer loop
      vertex 34 127 42
      vertex 31.6 127 42
      vertex 33.9658 126.478 42
    endloop
  endfacet
  facet normal 0 0 1
    outer loop
      vertex 31.5455 127.414 42
      vertex 33.8637 128.035 42
      vertex 33.6955 128.531 42
    endloop
  endfacet
  facet normal -0 0 1
    outer loop
      vertex 31.5863 126.791 42
      vertex 33.9658 126.478 42
      vertex 31.6 127 42
    endloop
  endfacet
  facet normal 0 0 1
    outer loop
      vertex 31.4782 127.612 42
      vertex 33.6955 128.531 42
      vertex 33.4641 129 42
    endloop
  endfacet
  facet normal 0 0 1
    outer loop
      vertex 33.9658 126.478 42
      vertex 31.5863 126.791 42
      vertex 33.8637 125.965 42
    endloop
  endfacet
  facet normal 0 0 1
    outer loop
      vertex 31.3856 127.8 42
      vertex 33.4641 129 42
      vertex 33.1734 129.435 42
    endloop
  endfacet
  facet normal -0 0 1
    outer loop
      vertex 31.5455 126.586 42
      vertex 33.8637 125.965 42
      vertex 31.5863 126.791 42
    endloop
  endfacet
  facet normal 0 0 1
    outer loop
      vertex 31.2694 127.974 42
      vertex 33.1734 129.435 42
      vertex 32.8284 129.828 42
    endloop
  endfacet
  facet normal 0 0 1
    outer loop
      vertex 33.8637 125.965 42
      vertex 31.5455 126.586 42
      vertex 33.6955 125.469 42
    endloop
  endfacet
  facet normal 0 0 1
    outer loop
      vertex 31.1314 128.131 42
      vertex 32.8284 129.828 42
      vertex 32.435 130.173 42
    endloop
  endfacet
  facet normal -0 0 1
    outer loop
      vertex 31.4782 126.388 42
      vertex 33.6955 125.469 42
      vertex 31.5455 126.586 42
    endloop
  endfacet
  facet normal 0 0 1
    outer loop
      vertex 30.974 128.269 42
      vertex 32.435 130.173 42
      vertex 32 130.464 42
    endloop
  endfacet
  facet normal 0 0 1
    outer loop
      vertex 33.6955 125.469 42
      vertex 31.4782 126.388 42
      vertex 33.4641 125 42
    endloop
  endfacet
  facet normal -0 0 1
    outer loop
      vertex 31.3856 126.2 42
      vertex 33.4641 125 42
      vertex 31.4782 126.388 42
    endloop
  endfacet
  facet normal 0 0 1
    outer loop
      vertex 33.9658 127.522 42
      vertex 31.5863 127.209 42
      vertex 31.6 127 42
    endloop
  endfacet
  facet normal 0 0 1
    outer loop
      vertex 33.8637 128.035 42
      vertex 31.5455 127.414 42
      vertex 31.5863 127.209 42
    endloop
  endfacet
  facet normal 0 0 1
    outer loop
      vertex 30.8 128.386 42
      vertex 32 130.464 42
      vertex 31.5307 130.696 42
    endloop
  endfacet
  facet normal 0 0 1
    outer loop
      vertex 33.6955 128.531 42
      vertex 31.4782 127.612 42
      vertex 31.5455 127.414 42
    endloop
  endfacet
  facet normal 0 0 1
    outer loop
      vertex 33.4641 129 42
      vertex 31.3856 127.8 42
      vertex 31.4782 127.612 42
    endloop
  endfacet
  facet normal 0 0 1
    outer loop
      vertex 33.1734 129.435 42
      vertex 31.2694 127.974 42
      vertex 31.3856 127.8 42
    endloop
  endfacet
  facet normal 0 0 1
    outer loop
      vertex 32.8284 129.828 42
      vertex 31.1314 128.131 42
      vertex 31.2694 127.974 42
    endloop
  endfacet
  facet normal 0 0 1
    outer loop
      vertex 30.6123 128.478 42
      vertex 31.5307 130.696 42
      vertex 31.0353 130.864 42
    endloop
  endfacet
  facet normal 0 0 1
    outer loop
      vertex 32.435 130.173 42
      vertex 30.974 128.269 42
      vertex 31.1314 128.131 42
    endloop
  endfacet
  facet normal 0 0 1
    outer loop
      vertex 32 130.464 42
      vertex 30.8 128.386 42
      vertex 30.974 128.269 42
    endloop
  endfacet
  facet normal 0 0 1
    outer loop
      vertex 31.5307 130.696 42
      vertex 30.6123 128.478 42
      vertex 30.8 128.386 42
    endloop
  endfacet
  facet normal 0 0 1
    outer loop
      vertex 30.4141 128.545 42
      vertex 31.0353 130.864 42
      vertex 30.5221 130.966 42
    endloop
  endfacet
  facet normal 0 0 1
    outer loop
      vertex 31.0353 130.864 42
      vertex 30.4141 128.545 42
      vertex 30.6123 128.478 42
    endloop
  endfacet
  facet normal 0 0 1
    outer loop
      vertex 30.5221 130.966 42
      vertex 30.2088 128.586 42
      vertex 30.4141 128.545 42
    endloop
  endfacet
  facet normal 0 0 1
    outer loop
      vertex 30 131 42
      vertex 30.2088 128.586 42
      vertex 30.5221 130.966 42
    endloop
  endfacet
  facet normal 0 0 1
    outer loop
      vertex 30 131 42
      vertex 30 128.6 42
      vertex 30.2088 128.586 42
    endloop
  endfacet
  facet normal 0 0 1
    outer loop
      vertex 30 131 42
      vertex 29.7912 128.586 42
      vertex 30 128.6 42
    endloop
  endfacet
  facet normal -0 0 1
    outer loop
      vertex 29.4779 130.966 42
      vertex 29.7912 128.586 42
      vertex 30 131 42
    endloop
  endfacet
  facet normal 0 0 1
    outer loop
      vertex 29.7912 128.586 42
      vertex 29.4779 130.966 42
      vertex 29.5859 128.545 42
    endloop
  endfacet
  facet normal -0 0 1
    outer loop
      vertex 28.9647 130.864 42
      vertex 29.5859 128.545 42
      vertex 29.4779 130.966 42
    endloop
  endfacet
  facet normal 0 0 1
    outer loop
      vertex 29.5859 128.545 42
      vertex 28.9647 130.864 42
      vertex 29.3877 128.478 42
    endloop
  endfacet
  facet normal -0 0 1
    outer loop
      vertex 28.4693 130.696 42
      vertex 29.3877 128.478 42
      vertex 28.9647 130.864 42
    endloop
  endfacet
  facet normal 0 0 1
    outer loop
      vertex 29.3877 128.478 42
      vertex 28.4693 130.696 42
      vertex 29.2 128.386 42
    endloop
  endfacet
  facet normal -0 0 1
    outer loop
      vertex 28 130.464 42
      vertex 29.2 128.386 42
      vertex 28.4693 130.696 42
    endloop
  endfacet
  facet normal 0 0 1
    outer loop
      vertex 29.2 128.386 42
      vertex 28 130.464 42
      vertex 29.026 128.269 42
    endloop
  endfacet
  facet normal -0 0 1
    outer loop
      vertex 27.565 130.173 42
      vertex 29.026 128.269 42
      vertex 28 130.464 42
    endloop
  endfacet
  facet normal 0 0 1
    outer loop
      vertex 29.026 128.269 42
      vertex 27.565 130.173 42
      vertex 28.8686 128.131 42
    endloop
  endfacet
  facet normal -0 0 1
    outer loop
      vertex 27.1716 129.828 42
      vertex 28.8686 128.131 42
      vertex 27.565 130.173 42
    endloop
  endfacet
  facet normal 0 0 1
    outer loop
      vertex 28.8686 128.131 42
      vertex 27.1716 129.828 42
      vertex 28.7306 127.974 42
    endloop
  endfacet
  facet normal -0 0 1
    outer loop
      vertex 26.8266 129.435 42
      vertex 28.7306 127.974 42
      vertex 27.1716 129.828 42
    endloop
  endfacet
  facet normal 0 0 1
    outer loop
      vertex 28.7306 127.974 42
      vertex 26.8266 129.435 42
      vertex 28.6144 127.8 42
    endloop
  endfacet
  facet normal -0 0 1
    outer loop
      vertex 26.5359 129 42
      vertex 28.6144 127.8 42
      vertex 26.8266 129.435 42
    endloop
  endfacet
  facet normal 0 0 1
    outer loop
      vertex 33.4641 125 42
      vertex 31.3856 126.2 42
      vertex 33.1734 124.565 42
    endloop
  endfacet
  facet normal -0 0 1
    outer loop
      vertex 31.2694 126.026 42
      vertex 33.1734 124.565 42
      vertex 31.3856 126.2 42
    endloop
  endfacet
  facet normal 0 0 1
    outer loop
      vertex 33.1734 124.565 42
      vertex 31.2694 126.026 42
      vertex 32.8284 124.172 42
    endloop
  endfacet
  facet normal -0 0 1
    outer loop
      vertex 31.1314 125.869 42
      vertex 32.8284 124.172 42
      vertex 31.2694 126.026 42
    endloop
  endfacet
  facet normal 0 0 1
    outer loop
      vertex 32.8284 124.172 42
      vertex 31.1314 125.869 42
      vertex 32.435 123.827 42
    endloop
  endfacet
  facet normal -0 0 1
    outer loop
      vertex 30.974 125.731 42
      vertex 32.435 123.827 42
      vertex 31.1314 125.869 42
    endloop
  endfacet
  facet normal 0 0 1
    outer loop
      vertex 32.435 123.827 42
      vertex 30.974 125.731 42
      vertex 32 123.536 42
    endloop
  endfacet
  facet normal -0 0 1
    outer loop
      vertex 30.8 125.614 42
      vertex 32 123.536 42
      vertex 30.974 125.731 42
    endloop
  endfacet
  facet normal 0 0 1
    outer loop
      vertex 32 123.536 42
      vertex 30.8 125.614 42
      vertex 31.5307 123.304 42
    endloop
  endfacet
  facet normal -0 0 1
    outer loop
      vertex 30.6123 125.522 42
      vertex 31.5307 123.304 42
      vertex 30.8 125.614 42
    endloop
  endfacet
  facet normal 0 0 1
    outer loop
      vertex 31.5307 123.304 42
      vertex 30.6123 125.522 42
      vertex 31.0353 123.136 42
    endloop
  endfacet
  facet normal -0 0 1
    outer loop
      vertex 30.4141 125.455 42
      vertex 31.0353 123.136 42
      vertex 30.6123 125.522 42
    endloop
  endfacet
  facet normal 0 0 1
    outer loop
      vertex 31.0353 123.136 42
      vertex 30.4141 125.455 42
      vertex 30.5221 123.034 42
    endloop
  endfacet
  facet normal -0 0 1
    outer loop
      vertex 30.2088 125.414 42
      vertex 30.5221 123.034 42
      vertex 30.4141 125.455 42
    endloop
  endfacet
  facet normal -0 0 1
    outer loop
      vertex 30 125.4 42
      vertex 30.5221 123.034 42
      vertex 30.2088 125.414 42
    endloop
  endfacet
  facet normal 0 0 1
    outer loop
      vertex 30 125.4 42
      vertex 30 123 42
      vertex 30.5221 123.034 42
    endloop
  endfacet
  facet normal 0 0 1
    outer loop
      vertex 29.7912 125.414 42
      vertex 30 123 42
      vertex 30 125.4 42
    endloop
  endfacet
  facet normal 0 0 1
    outer loop
      vertex 29.4779 123.034 42
      vertex 29.7912 125.414 42
      vertex 29.5859 125.455 42
    endloop
  endfacet
  facet normal 0 0 1
    outer loop
      vertex 29.7912 125.414 42
      vertex 29.4779 123.034 42
      vertex 30 123 42
    endloop
  endfacet
  facet normal 0 0 1
    outer loop
      vertex 28.9647 123.136 42
      vertex 29.5859 125.455 42
      vertex 29.3877 125.522 42
    endloop
  endfacet
  facet normal 0 0 1
    outer loop
      vertex 28.4693 123.304 42
      vertex 29.3877 125.522 42
      vertex 29.2 125.614 42
    endloop
  endfacet
  facet normal 0 0 1
    outer loop
      vertex 28 123.536 42
      vertex 29.2 125.614 42
      vertex 29.026 125.731 42
    endloop
  endfacet
  facet normal 0 0 1
    outer loop
      vertex 29.5859 125.455 42
      vertex 28.9647 123.136 42
      vertex 29.4779 123.034 42
    endloop
  endfacet
  facet normal 0 0 1
    outer loop
      vertex 27.565 123.827 42
      vertex 29.026 125.731 42
      vertex 28.8686 125.869 42
    endloop
  endfacet
  facet normal 0 0 1
    outer loop
      vertex 27.1716 124.172 42
      vertex 28.8686 125.869 42
      vertex 28.7306 126.026 42
    endloop
  endfacet
  facet normal 0 0 1
    outer loop
      vertex 26.8266 124.565 42
      vertex 28.7306 126.026 42
      vertex 28.6144 126.2 42
    endloop
  endfacet
  facet normal 0 0 1
    outer loop
      vertex 26.5359 125 42
      vertex 28.6144 126.2 42
      vertex 28.5218 126.388 42
    endloop
  endfacet
  facet normal 0 0 1
    outer loop
      vertex 29.3877 125.522 42
      vertex 28.4693 123.304 42
      vertex 28.9647 123.136 42
    endloop
  endfacet
  facet normal 0 0 1
    outer loop
      vertex 26.3045 125.469 42
      vertex 28.5218 126.388 42
      vertex 28.4545 126.586 42
    endloop
  endfacet
  facet normal 0 0 1
    outer loop
      vertex 26.1363 125.965 42
      vertex 28.4545 126.586 42
      vertex 28.4137 126.791 42
    endloop
  endfacet
  facet normal 0 0 1
    outer loop
      vertex 26.0342 126.478 42
      vertex 28.4137 126.791 42
      vertex 28.4 127 42
    endloop
  endfacet
  facet normal 0 0 1
    outer loop
      vertex 28.6144 127.8 42
      vertex 26.5359 129 42
      vertex 28.5218 127.612 42
    endloop
  endfacet
  facet normal 0 0 1
    outer loop
      vertex 29.2 125.614 42
      vertex 28 123.536 42
      vertex 28.4693 123.304 42
    endloop
  endfacet
  facet normal -0 0 1
    outer loop
      vertex 26.3045 128.531 42
      vertex 28.5218 127.612 42
      vertex 26.5359 129 42
    endloop
  endfacet
  facet normal 0 0 1
    outer loop
      vertex 29.026 125.731 42
      vertex 27.565 123.827 42
      vertex 28 123.536 42
    endloop
  endfacet
  facet normal 0 0 1
    outer loop
      vertex 28.5218 127.612 42
      vertex 26.3045 128.531 42
      vertex 28.4545 127.414 42
    endloop
  endfacet
  facet normal 0 0 1
    outer loop
      vertex 28.8686 125.869 42
      vertex 27.1716 124.172 42
      vertex 27.565 123.827 42
    endloop
  endfacet
  facet normal -0 0 1
    outer loop
      vertex 26.1363 128.035 42
      vertex 28.4545 127.414 42
      vertex 26.3045 128.531 42
    endloop
  endfacet
  facet normal 0 0 1
    outer loop
      vertex 28.7306 126.026 42
      vertex 26.8266 124.565 42
      vertex 27.1716 124.172 42
    endloop
  endfacet
  facet normal 0 0 1
    outer loop
      vertex 28.4545 127.414 42
      vertex 26.1363 128.035 42
      vertex 28.4137 127.209 42
    endloop
  endfacet
  facet normal 0 0 1
    outer loop
      vertex 28.6144 126.2 42
      vertex 26.5359 125 42
      vertex 26.8266 124.565 42
    endloop
  endfacet
  facet normal -0 0 1
    outer loop
      vertex 26.0342 127.522 42
      vertex 28.4137 127.209 42
      vertex 26.1363 128.035 42
    endloop
  endfacet
  facet normal 0 0 1
    outer loop
      vertex 28.5218 126.388 42
      vertex 26.3045 125.469 42
      vertex 26.5359 125 42
    endloop
  endfacet
  facet normal 0 0 1
    outer loop
      vertex 28.4137 127.209 42
      vertex 26.0342 127.522 42
      vertex 28.4 127 42
    endloop
  endfacet
  facet normal 0 0 1
    outer loop
      vertex 28.4545 126.586 42
      vertex 26.1363 125.965 42
      vertex 26.3045 125.469 42
    endloop
  endfacet
  facet normal 0 0 1
    outer loop
      vertex 26 127 42
      vertex 28.4 127 42
      vertex 26.0342 127.522 42
    endloop
  endfacet
  facet normal 0 0 1
    outer loop
      vertex 28.4137 126.791 42
      vertex 26.0342 126.478 42
      vertex 26.1363 125.965 42
    endloop
  endfacet
  facet normal 0 0 1
    outer loop
      vertex 28.4 127 42
      vertex 26 127 42
      vertex 26.0342 126.478 42
    endloop
  endfacet
  facet normal 0 0 1
    outer loop
      vertex 31.6 55 42
      vertex 34 55 42
      vertex 33.9658 55.5221 42
    endloop
  endfacet
  facet normal 0 0 1
    outer loop
      vertex 31.5863 55.2088 42
      vertex 33.9658 55.5221 42
      vertex 33.8637 56.0353 42
    endloop
  endfacet
  facet normal 0 0 1
    outer loop
      vertex 34 55 42
      vertex 31.6 55 42
      vertex 33.9658 54.4779 42
    endloop
  endfacet
  facet normal 0 0 1
    outer loop
      vertex 31.5455 55.4141 42
      vertex 33.8637 56.0353 42
      vertex 33.6955 56.5307 42
    endloop
  endfacet
  facet normal -0 0 1
    outer loop
      vertex 31.5863 54.7912 42
      vertex 33.9658 54.4779 42
      vertex 31.6 55 42
    endloop
  endfacet
  facet normal 0 0 1
    outer loop
      vertex 31.4782 55.6123 42
      vertex 33.6955 56.5307 42
      vertex 33.4641 57 42
    endloop
  endfacet
  facet normal 0 0 1
    outer loop
      vertex 33.9658 54.4779 42
      vertex 31.5863 54.7912 42
      vertex 33.8637 53.9647 42
    endloop
  endfacet
  facet normal 0 0 1
    outer loop
      vertex 31.3856 55.8 42
      vertex 33.4641 57 42
      vertex 33.1734 57.435 42
    endloop
  endfacet
  facet normal -0 0 1
    outer loop
      vertex 31.5455 54.5859 42
      vertex 33.8637 53.9647 42
      vertex 31.5863 54.7912 42
    endloop
  endfacet
  facet normal 0 0 1
    outer loop
      vertex 31.2694 55.974 42
      vertex 33.1734 57.435 42
      vertex 32.8284 57.8284 42
    endloop
  endfacet
  facet normal 0 0 1
    outer loop
      vertex 33.8637 53.9647 42
      vertex 31.5455 54.5859 42
      vertex 33.6955 53.4693 42
    endloop
  endfacet
  facet normal 0 0 1
    outer loop
      vertex 31.1314 56.1314 42
      vertex 32.8284 57.8284 42
      vertex 32.435 58.1734 42
    endloop
  endfacet
  facet normal -0 0 1
    outer loop
      vertex 31.4782 54.3877 42
      vertex 33.6955 53.4693 42
      vertex 31.5455 54.5859 42
    endloop
  endfacet
  facet normal 0 0 1
    outer loop
      vertex 30.974 56.2694 42
      vertex 32.435 58.1734 42
      vertex 32 58.4641 42
    endloop
  endfacet
  facet normal 0 0 1
    outer loop
      vertex 33.6955 53.4693 42
      vertex 31.4782 54.3877 42
      vertex 33.4641 53 42
    endloop
  endfacet
  facet normal -0 0 1
    outer loop
      vertex 31.3856 54.2 42
      vertex 33.4641 53 42
      vertex 31.4782 54.3877 42
    endloop
  endfacet
  facet normal 0 0 1
    outer loop
      vertex 33.9658 55.5221 42
      vertex 31.5863 55.2088 42
      vertex 31.6 55 42
    endloop
  endfacet
  facet normal 0 0 1
    outer loop
      vertex 33.8637 56.0353 42
      vertex 31.5455 55.4141 42
      vertex 31.5863 55.2088 42
    endloop
  endfacet
  facet normal 0 0 1
    outer loop
      vertex 30.8 56.3856 42
      vertex 32 58.4641 42
      vertex 31.5307 58.6955 42
    endloop
  endfacet
  facet normal 0 0 1
    outer loop
      vertex 33.6955 56.5307 42
      vertex 31.4782 55.6123 42
      vertex 31.5455 55.4141 42
    endloop
  endfacet
  facet normal 0 0 1
    outer loop
      vertex 33.4641 57 42
      vertex 31.3856 55.8 42
      vertex 31.4782 55.6123 42
    endloop
  endfacet
  facet normal 0 0 1
    outer loop
      vertex 33.1734 57.435 42
      vertex 31.2694 55.974 42
      vertex 31.3856 55.8 42
    endloop
  endfacet
  facet normal 0 0 1
    outer loop
      vertex 32.8284 57.8284 42
      vertex 31.1314 56.1314 42
      vertex 31.2694 55.974 42
    endloop
  endfacet
  facet normal 0 0 1
    outer loop
      vertex 30.6123 56.4782 42
      vertex 31.5307 58.6955 42
      vertex 31.0353 58.8637 42
    endloop
  endfacet
  facet normal 0 0 1
    outer loop
      vertex 32.435 58.1734 42
      vertex 30.974 56.2694 42
      vertex 31.1314 56.1314 42
    endloop
  endfacet
  facet normal 0 0 1
    outer loop
      vertex 32 58.4641 42
      vertex 30.8 56.3856 42
      vertex 30.974 56.2694 42
    endloop
  endfacet
  facet normal 0 0 1
    outer loop
      vertex 31.5307 58.6955 42
      vertex 30.6123 56.4782 42
      vertex 30.8 56.3856 42
    endloop
  endfacet
  facet normal 0 0 1
    outer loop
      vertex 30.4141 56.5455 42
      vertex 31.0353 58.8637 42
      vertex 30.5221 58.9658 42
    endloop
  endfacet
  facet normal 0 0 1
    outer loop
      vertex 31.0353 58.8637 42
      vertex 30.4141 56.5455 42
      vertex 30.6123 56.4782 42
    endloop
  endfacet
  facet normal 0 0 1
    outer loop
      vertex 30.5221 58.9658 42
      vertex 30.2088 56.5863 42
      vertex 30.4141 56.5455 42
    endloop
  endfacet
  facet normal 0 0 1
    outer loop
      vertex 30 59 42
      vertex 30.2088 56.5863 42
      vertex 30.5221 58.9658 42
    endloop
  endfacet
  facet normal 0 0 1
    outer loop
      vertex 30 59 42
      vertex 30 56.6 42
      vertex 30.2088 56.5863 42
    endloop
  endfacet
  facet normal 0 0 1
    outer loop
      vertex 30 59 42
      vertex 29.7912 56.5863 42
      vertex 30 56.6 42
    endloop
  endfacet
  facet normal -0 0 1
    outer loop
      vertex 29.4779 58.9658 42
      vertex 29.7912 56.5863 42
      vertex 30 59 42
    endloop
  endfacet
  facet normal 0 0 1
    outer loop
      vertex 29.7912 56.5863 42
      vertex 29.4779 58.9658 42
      vertex 29.5859 56.5455 42
    endloop
  endfacet
  facet normal -0 0 1
    outer loop
      vertex 28.9647 58.8637 42
      vertex 29.5859 56.5455 42
      vertex 29.4779 58.9658 42
    endloop
  endfacet
  facet normal 0 0 1
    outer loop
      vertex 29.5859 56.5455 42
      vertex 28.9647 58.8637 42
      vertex 29.3877 56.4782 42
    endloop
  endfacet
  facet normal -0 0 1
    outer loop
      vertex 28.4693 58.6955 42
      vertex 29.3877 56.4782 42
      vertex 28.9647 58.8637 42
    endloop
  endfacet
  facet normal 0 0 1
    outer loop
      vertex 29.3877 56.4782 42
      vertex 28.4693 58.6955 42
      vertex 29.2 56.3856 42
    endloop
  endfacet
  facet normal -0 0 1
    outer loop
      vertex 28 58.4641 42
      vertex 29.2 56.3856 42
      vertex 28.4693 58.6955 42
    endloop
  endfacet
  facet normal 0 0 1
    outer loop
      vertex 29.2 56.3856 42
      vertex 28 58.4641 42
      vertex 29.026 56.2694 42
    endloop
  endfacet
  facet normal -0 0 1
    outer loop
      vertex 27.565 58.1734 42
      vertex 29.026 56.2694 42
      vertex 28 58.4641 42
    endloop
  endfacet
  facet normal 0 0 1
    outer loop
      vertex 29.026 56.2694 42
      vertex 27.565 58.1734 42
      vertex 28.8686 56.1314 42
    endloop
  endfacet
  facet normal -0 0 1
    outer loop
      vertex 27.1716 57.8284 42
      vertex 28.8686 56.1314 42
      vertex 27.565 58.1734 42
    endloop
  endfacet
  facet normal 0 0 1
    outer loop
      vertex 28.8686 56.1314 42
      vertex 27.1716 57.8284 42
      vertex 28.7306 55.974 42
    endloop
  endfacet
  facet normal -0 0 1
    outer loop
      vertex 26.8266 57.435 42
      vertex 28.7306 55.974 42
      vertex 27.1716 57.8284 42
    endloop
  endfacet
  facet normal 0 0 1
    outer loop
      vertex 28.7306 55.974 42
      vertex 26.8266 57.435 42
      vertex 28.6144 55.8 42
    endloop
  endfacet
  facet normal -0 0 1
    outer loop
      vertex 26.5359 57 42
      vertex 28.6144 55.8 42
      vertex 26.8266 57.435 42
    endloop
  endfacet
  facet normal 0 0 1
    outer loop
      vertex 33.4641 53 42
      vertex 31.3856 54.2 42
      vertex 33.1734 52.565 42
    endloop
  endfacet
  facet normal -0 0 1
    outer loop
      vertex 31.2694 54.026 42
      vertex 33.1734 52.565 42
      vertex 31.3856 54.2 42
    endloop
  endfacet
  facet normal 0 0 1
    outer loop
      vertex 33.1734 52.565 42
      vertex 31.2694 54.026 42
      vertex 32.8284 52.1716 42
    endloop
  endfacet
  facet normal -0 0 1
    outer loop
      vertex 31.1314 53.8686 42
      vertex 32.8284 52.1716 42
      vertex 31.2694 54.026 42
    endloop
  endfacet
  facet normal 0 0 1
    outer loop
      vertex 32.8284 52.1716 42
      vertex 31.1314 53.8686 42
      vertex 32.435 51.8266 42
    endloop
  endfacet
  facet normal -0 0 1
    outer loop
      vertex 30.974 53.7306 42
      vertex 32.435 51.8266 42
      vertex 31.1314 53.8686 42
    endloop
  endfacet
  facet normal 0 0 1
    outer loop
      vertex 32.435 51.8266 42
      vertex 30.974 53.7306 42
      vertex 32 51.5359 42
    endloop
  endfacet
  facet normal -0 0 1
    outer loop
      vertex 30.8 53.6144 42
      vertex 32 51.5359 42
      vertex 30.974 53.7306 42
    endloop
  endfacet
  facet normal 0 0 1
    outer loop
      vertex 32 51.5359 42
      vertex 30.8 53.6144 42
      vertex 31.5307 51.3045 42
    endloop
  endfacet
  facet normal -0 0 1
    outer loop
      vertex 30.6123 53.5218 42
      vertex 31.5307 51.3045 42
      vertex 30.8 53.6144 42
    endloop
  endfacet
  facet normal 0 0 1
    outer loop
      vertex 31.5307 51.3045 42
      vertex 30.6123 53.5218 42
      vertex 31.0353 51.1363 42
    endloop
  endfacet
  facet normal -0 0 1
    outer loop
      vertex 30.4141 53.4545 42
      vertex 31.0353 51.1363 42
      vertex 30.6123 53.5218 42
    endloop
  endfacet
  facet normal 0 0 1
    outer loop
      vertex 31.0353 51.1363 42
      vertex 30.4141 53.4545 42
      vertex 30.5221 51.0342 42
    endloop
  endfacet
  facet normal -0 0 1
    outer loop
      vertex 30.2088 53.4137 42
      vertex 30.5221 51.0342 42
      vertex 30.4141 53.4545 42
    endloop
  endfacet
  facet normal -0 0 1
    outer loop
      vertex 30 53.4 42
      vertex 30.5221 51.0342 42
      vertex 30.2088 53.4137 42
    endloop
  endfacet
  facet normal 0 0 1
    outer loop
      vertex 30 53.4 42
      vertex 30 51 42
      vertex 30.5221 51.0342 42
    endloop
  endfacet
  facet normal 0 0 1
    outer loop
      vertex 29.7912 53.4137 42
      vertex 30 51 42
      vertex 30 53.4 42
    endloop
  endfacet
  facet normal 0 0 1
    outer loop
      vertex 29.4779 51.0342 42
      vertex 29.7912 53.4137 42
      vertex 29.5859 53.4545 42
    endloop
  endfacet
  facet normal 0 0 1
    outer loop
      vertex 29.7912 53.4137 42
      vertex 29.4779 51.0342 42
      vertex 30 51 42
    endloop
  endfacet
  facet normal 0 0 1
    outer loop
      vertex 28.9647 51.1363 42
      vertex 29.5859 53.4545 42
      vertex 29.3877 53.5218 42
    endloop
  endfacet
  facet normal 0 0 1
    outer loop
      vertex 28.4693 51.3045 42
      vertex 29.3877 53.5218 42
      vertex 29.2 53.6144 42
    endloop
  endfacet
  facet normal 0 0 1
    outer loop
      vertex 28 51.5359 42
      vertex 29.2 53.6144 42
      vertex 29.026 53.7306 42
    endloop
  endfacet
  facet normal 0 0 1
    outer loop
      vertex 29.5859 53.4545 42
      vertex 28.9647 51.1363 42
      vertex 29.4779 51.0342 42
    endloop
  endfacet
  facet normal 0 0 1
    outer loop
      vertex 27.565 51.8266 42
      vertex 29.026 53.7306 42
      vertex 28.8686 53.8686 42
    endloop
  endfacet
  facet normal 0 0 1
    outer loop
      vertex 27.1716 52.1716 42
      vertex 28.8686 53.8686 42
      vertex 28.7306 54.026 42
    endloop
  endfacet
  facet normal 0 0 1
    outer loop
      vertex 26.8266 52.565 42
      vertex 28.7306 54.026 42
      vertex 28.6144 54.2 42
    endloop
  endfacet
  facet normal 0 0 1
    outer loop
      vertex 26.5359 53 42
      vertex 28.6144 54.2 42
      vertex 28.5218 54.3877 42
    endloop
  endfacet
  facet normal 0 0 1
    outer loop
      vertex 29.3877 53.5218 42
      vertex 28.4693 51.3045 42
      vertex 28.9647 51.1363 42
    endloop
  endfacet
  facet normal 0 0 1
    outer loop
      vertex 26.3045 53.4693 42
      vertex 28.5218 54.3877 42
      vertex 28.4545 54.5859 42
    endloop
  endfacet
  facet normal 0 0 1
    outer loop
      vertex 26.1363 53.9647 42
      vertex 28.4545 54.5859 42
      vertex 28.4137 54.7912 42
    endloop
  endfacet
  facet normal 0 0 1
    outer loop
      vertex 26.0342 54.4779 42
      vertex 28.4137 54.7912 42
      vertex 28.4 55 42
    endloop
  endfacet
  facet normal 0 0 1
    outer loop
      vertex 28.6144 55.8 42
      vertex 26.5359 57 42
      vertex 28.5218 55.6123 42
    endloop
  endfacet
  facet normal 0 0 1
    outer loop
      vertex 29.2 53.6144 42
      vertex 28 51.5359 42
      vertex 28.4693 51.3045 42
    endloop
  endfacet
  facet normal -0 0 1
    outer loop
      vertex 26.3045 56.5307 42
      vertex 28.5218 55.6123 42
      vertex 26.5359 57 42
    endloop
  endfacet
  facet normal 0 0 1
    outer loop
      vertex 29.026 53.7306 42
      vertex 27.565 51.8266 42
      vertex 28 51.5359 42
    endloop
  endfacet
  facet normal 0 0 1
    outer loop
      vertex 28.5218 55.6123 42
      vertex 26.3045 56.5307 42
      vertex 28.4545 55.4141 42
    endloop
  endfacet
  facet normal 0 0 1
    outer loop
      vertex 28.8686 53.8686 42
      vertex 27.1716 52.1716 42
      vertex 27.565 51.8266 42
    endloop
  endfacet
  facet normal -0 0 1
    outer loop
      vertex 26.1363 56.0353 42
      vertex 28.4545 55.4141 42
      vertex 26.3045 56.5307 42
    endloop
  endfacet
  facet normal 0 0 1
    outer loop
      vertex 28.7306 54.026 42
      vertex 26.8266 52.565 42
      vertex 27.1716 52.1716 42
    endloop
  endfacet
  facet normal 0 0 1
    outer loop
      vertex 28.4545 55.4141 42
      vertex 26.1363 56.0353 42
      vertex 28.4137 55.2088 42
    endloop
  endfacet
  facet normal 0 0 1
    outer loop
      vertex 28.6144 54.2 42
      vertex 26.5359 53 42
      vertex 26.8266 52.565 42
    endloop
  endfacet
  facet normal -0 0 1
    outer loop
      vertex 26.0342 55.5221 42
      vertex 28.4137 55.2088 42
      vertex 26.1363 56.0353 42
    endloop
  endfacet
  facet normal 0 0 1
    outer loop
      vertex 28.5218 54.3877 42
      vertex 26.3045 53.4693 42
      vertex 26.5359 53 42
    endloop
  endfacet
  facet normal 0 0 1
    outer loop
      vertex 28.4137 55.2088 42
      vertex 26.0342 55.5221 42
      vertex 28.4 55 42
    endloop
  endfacet
  facet normal 0 0 1
    outer loop
      vertex 28.4545 54.5859 42
      vertex 26.1363 53.9647 42
      vertex 26.3045 53.4693 42
    endloop
  endfacet
  facet normal 0 0 1
    outer loop
      vertex 26 55 42
      vertex 28.4 55 42
      vertex 26.0342 55.5221 42
    endloop
  endfacet
  facet normal 0 0 1
    outer loop
      vertex 28.4137 54.7912 42
      vertex 26.0342 54.4779 42
      vertex 26.1363 53.9647 42
    endloop
  endfacet
  facet normal 0 0 1
    outer loop
      vertex 28.4 55 42
      vertex 26 55 42
      vertex 26.0342 54.4779 42
    endloop
  endfacet
  facet normal 0 0 1
    outer loop
      vertex 105.6 127 42
      vertex 108 127 42
      vertex 107.966 127.522 42
    endloop
  endfacet
  facet normal 0 0 1
    outer loop
      vertex 105.586 127.209 42
      vertex 107.966 127.522 42
      vertex 107.864 128.035 42
    endloop
  endfacet
  facet normal 0 0 1
    outer loop
      vertex 108 127 42
      vertex 105.6 127 42
      vertex 107.966 126.478 42
    endloop
  endfacet
  facet normal 0 0 1
    outer loop
      vertex 105.545 127.414 42
      vertex 107.864 128.035 42
      vertex 107.696 128.531 42
    endloop
  endfacet
  facet normal -0 0 1
    outer loop
      vertex 105.586 126.791 42
      vertex 107.966 126.478 42
      vertex 105.6 127 42
    endloop
  endfacet
  facet normal 0 0 1
    outer loop
      vertex 105.478 127.612 42
      vertex 107.696 128.531 42
      vertex 107.464 129 42
    endloop
  endfacet
  facet normal 0 0 1
    outer loop
      vertex 107.966 126.478 42
      vertex 105.586 126.791 42
      vertex 107.864 125.965 42
    endloop
  endfacet
  facet normal 0 0 1
    outer loop
      vertex 105.386 127.8 42
      vertex 107.464 129 42
      vertex 107.173 129.435 42
    endloop
  endfacet
  facet normal -0 0 1
    outer loop
      vertex 105.545 126.586 42
      vertex 107.864 125.965 42
      vertex 105.586 126.791 42
    endloop
  endfacet
  facet normal 0 0 1
    outer loop
      vertex 105.269 127.974 42
      vertex 107.173 129.435 42
      vertex 106.828 129.828 42
    endloop
  endfacet
  facet normal 0 0 1
    outer loop
      vertex 107.864 125.965 42
      vertex 105.545 126.586 42
      vertex 107.696 125.469 42
    endloop
  endfacet
  facet normal 0 0 1
    outer loop
      vertex 105.131 128.131 42
      vertex 106.828 129.828 42
      vertex 106.435 130.173 42
    endloop
  endfacet
  facet normal -0 0 1
    outer loop
      vertex 105.478 126.388 42
      vertex 107.696 125.469 42
      vertex 105.545 126.586 42
    endloop
  endfacet
  facet normal 0 0 1
    outer loop
      vertex 104.974 128.269 42
      vertex 106.435 130.173 42
      vertex 106 130.464 42
    endloop
  endfacet
  facet normal 0 0 1
    outer loop
      vertex 107.696 125.469 42
      vertex 105.478 126.388 42
      vertex 107.464 125 42
    endloop
  endfacet
  facet normal -0 0 1
    outer loop
      vertex 105.386 126.2 42
      vertex 107.464 125 42
      vertex 105.478 126.388 42
    endloop
  endfacet
  facet normal 0 0 1
    outer loop
      vertex 107.966 127.522 42
      vertex 105.586 127.209 42
      vertex 105.6 127 42
    endloop
  endfacet
  facet normal 0 0 1
    outer loop
      vertex 107.864 128.035 42
      vertex 105.545 127.414 42
      vertex 105.586 127.209 42
    endloop
  endfacet
  facet normal 0 0 1
    outer loop
      vertex 104.8 128.386 42
      vertex 106 130.464 42
      vertex 105.531 130.696 42
    endloop
  endfacet
  facet normal 0 0 1
    outer loop
      vertex 107.696 128.531 42
      vertex 105.478 127.612 42
      vertex 105.545 127.414 42
    endloop
  endfacet
  facet normal 0 0 1
    outer loop
      vertex 107.464 129 42
      vertex 105.386 127.8 42
      vertex 105.478 127.612 42
    endloop
  endfacet
  facet normal 0 0 1
    outer loop
      vertex 107.173 129.435 42
      vertex 105.269 127.974 42
      vertex 105.386 127.8 42
    endloop
  endfacet
  facet normal 0 0 1
    outer loop
      vertex 106.828 129.828 42
      vertex 105.131 128.131 42
      vertex 105.269 127.974 42
    endloop
  endfacet
  facet normal 0 0 1
    outer loop
      vertex 104.612 128.478 42
      vertex 105.531 130.696 42
      vertex 105.035 130.864 42
    endloop
  endfacet
  facet normal 0 0 1
    outer loop
      vertex 106.435 130.173 42
      vertex 104.974 128.269 42
      vertex 105.131 128.131 42
    endloop
  endfacet
  facet normal 0 0 1
    outer loop
      vertex 106 130.464 42
      vertex 104.8 128.386 42
      vertex 104.974 128.269 42
    endloop
  endfacet
  facet normal 0 0 1
    outer loop
      vertex 105.531 130.696 42
      vertex 104.612 128.478 42
      vertex 104.8 128.386 42
    endloop
  endfacet
  facet normal 0 0 1
    outer loop
      vertex 104.414 128.545 42
      vertex 105.035 130.864 42
      vertex 104.522 130.966 42
    endloop
  endfacet
  facet normal 0 0 1
    outer loop
      vertex 105.035 130.864 42
      vertex 104.414 128.545 42
      vertex 104.612 128.478 42
    endloop
  endfacet
  facet normal 0 0 1
    outer loop
      vertex 104.522 130.966 42
      vertex 104.209 128.586 42
      vertex 104.414 128.545 42
    endloop
  endfacet
  facet normal 0 0 1
    outer loop
      vertex 104 131 42
      vertex 104.209 128.586 42
      vertex 104.522 130.966 42
    endloop
  endfacet
  facet normal 0 0 1
    outer loop
      vertex 104 131 42
      vertex 104 128.6 42
      vertex 104.209 128.586 42
    endloop
  endfacet
  facet normal 0 0 1
    outer loop
      vertex 104 131 42
      vertex 103.791 128.586 42
      vertex 104 128.6 42
    endloop
  endfacet
  facet normal -0 0 1
    outer loop
      vertex 103.478 130.966 42
      vertex 103.791 128.586 42
      vertex 104 131 42
    endloop
  endfacet
  facet normal 0 0 1
    outer loop
      vertex 103.791 128.586 42
      vertex 103.478 130.966 42
      vertex 103.586 128.545 42
    endloop
  endfacet
  facet normal -0 0 1
    outer loop
      vertex 102.965 130.864 42
      vertex 103.586 128.545 42
      vertex 103.478 130.966 42
    endloop
  endfacet
  facet normal 0 0 1
    outer loop
      vertex 103.586 128.545 42
      vertex 102.965 130.864 42
      vertex 103.388 128.478 42
    endloop
  endfacet
  facet normal -0 0 1
    outer loop
      vertex 102.469 130.696 42
      vertex 103.388 128.478 42
      vertex 102.965 130.864 42
    endloop
  endfacet
  facet normal 0 0 1
    outer loop
      vertex 103.388 128.478 42
      vertex 102.469 130.696 42
      vertex 103.2 128.386 42
    endloop
  endfacet
  facet normal -0 0 1
    outer loop
      vertex 102 130.464 42
      vertex 103.2 128.386 42
      vertex 102.469 130.696 42
    endloop
  endfacet
  facet normal 0 0 1
    outer loop
      vertex 103.2 128.386 42
      vertex 102 130.464 42
      vertex 103.026 128.269 42
    endloop
  endfacet
  facet normal -0 0 1
    outer loop
      vertex 101.565 130.173 42
      vertex 103.026 128.269 42
      vertex 102 130.464 42
    endloop
  endfacet
  facet normal 0 0 1
    outer loop
      vertex 103.026 128.269 42
      vertex 101.565 130.173 42
      vertex 102.869 128.131 42
    endloop
  endfacet
  facet normal -0 0 1
    outer loop
      vertex 101.172 129.828 42
      vertex 102.869 128.131 42
      vertex 101.565 130.173 42
    endloop
  endfacet
  facet normal 0 0 1
    outer loop
      vertex 102.869 128.131 42
      vertex 101.172 129.828 42
      vertex 102.731 127.974 42
    endloop
  endfacet
  facet normal -0 0 1
    outer loop
      vertex 100.827 129.435 42
      vertex 102.731 127.974 42
      vertex 101.172 129.828 42
    endloop
  endfacet
  facet normal 0 0 1
    outer loop
      vertex 102.731 127.974 42
      vertex 100.827 129.435 42
      vertex 102.614 127.8 42
    endloop
  endfacet
  facet normal -0 0 1
    outer loop
      vertex 100.536 129 42
      vertex 102.614 127.8 42
      vertex 100.827 129.435 42
    endloop
  endfacet
  facet normal 0 0 1
    outer loop
      vertex 107.464 125 42
      vertex 105.386 126.2 42
      vertex 107.173 124.565 42
    endloop
  endfacet
  facet normal -0 0 1
    outer loop
      vertex 105.269 126.026 42
      vertex 107.173 124.565 42
      vertex 105.386 126.2 42
    endloop
  endfacet
  facet normal 0 0 1
    outer loop
      vertex 107.173 124.565 42
      vertex 105.269 126.026 42
      vertex 106.828 124.172 42
    endloop
  endfacet
  facet normal -0 0 1
    outer loop
      vertex 105.131 125.869 42
      vertex 106.828 124.172 42
      vertex 105.269 126.026 42
    endloop
  endfacet
  facet normal 0 0 1
    outer loop
      vertex 106.828 124.172 42
      vertex 105.131 125.869 42
      vertex 106.435 123.827 42
    endloop
  endfacet
  facet normal -0 0 1
    outer loop
      vertex 104.974 125.731 42
      vertex 106.435 123.827 42
      vertex 105.131 125.869 42
    endloop
  endfacet
  facet normal 0 0 1
    outer loop
      vertex 106.435 123.827 42
      vertex 104.974 125.731 42
      vertex 106 123.536 42
    endloop
  endfacet
  facet normal -0 0 1
    outer loop
      vertex 104.8 125.614 42
      vertex 106 123.536 42
      vertex 104.974 125.731 42
    endloop
  endfacet
  facet normal 0 0 1
    outer loop
      vertex 106 123.536 42
      vertex 104.8 125.614 42
      vertex 105.531 123.304 42
    endloop
  endfacet
  facet normal -0 0 1
    outer loop
      vertex 104.612 125.522 42
      vertex 105.531 123.304 42
      vertex 104.8 125.614 42
    endloop
  endfacet
  facet normal 0 0 1
    outer loop
      vertex 105.531 123.304 42
      vertex 104.612 125.522 42
      vertex 105.035 123.136 42
    endloop
  endfacet
  facet normal -0 0 1
    outer loop
      vertex 104.414 125.455 42
      vertex 105.035 123.136 42
      vertex 104.612 125.522 42
    endloop
  endfacet
  facet normal 0 0 1
    outer loop
      vertex 105.035 123.136 42
      vertex 104.414 125.455 42
      vertex 104.522 123.034 42
    endloop
  endfacet
  facet normal -0 0 1
    outer loop
      vertex 104.209 125.414 42
      vertex 104.522 123.034 42
      vertex 104.414 125.455 42
    endloop
  endfacet
  facet normal -0 0 1
    outer loop
      vertex 104 125.4 42
      vertex 104.522 123.034 42
      vertex 104.209 125.414 42
    endloop
  endfacet
  facet normal 0 0 1
    outer loop
      vertex 104 125.4 42
      vertex 104 123 42
      vertex 104.522 123.034 42
    endloop
  endfacet
  facet normal 0 0 1
    outer loop
      vertex 103.791 125.414 42
      vertex 104 123 42
      vertex 104 125.4 42
    endloop
  endfacet
  facet normal 0 0 1
    outer loop
      vertex 103.478 123.034 42
      vertex 103.791 125.414 42
      vertex 103.586 125.455 42
    endloop
  endfacet
  facet normal 0 0 1
    outer loop
      vertex 103.791 125.414 42
      vertex 103.478 123.034 42
      vertex 104 123 42
    endloop
  endfacet
  facet normal 0 0 1
    outer loop
      vertex 102.965 123.136 42
      vertex 103.586 125.455 42
      vertex 103.388 125.522 42
    endloop
  endfacet
  facet normal 0 0 1
    outer loop
      vertex 102.469 123.304 42
      vertex 103.388 125.522 42
      vertex 103.2 125.614 42
    endloop
  endfacet
  facet normal 0 0 1
    outer loop
      vertex 102 123.536 42
      vertex 103.2 125.614 42
      vertex 103.026 125.731 42
    endloop
  endfacet
  facet normal 0 0 1
    outer loop
      vertex 103.586 125.455 42
      vertex 102.965 123.136 42
      vertex 103.478 123.034 42
    endloop
  endfacet
  facet normal 0 0 1
    outer loop
      vertex 101.565 123.827 42
      vertex 103.026 125.731 42
      vertex 102.869 125.869 42
    endloop
  endfacet
  facet normal 0 0 1
    outer loop
      vertex 101.172 124.172 42
      vertex 102.869 125.869 42
      vertex 102.731 126.026 42
    endloop
  endfacet
  facet normal 0 0 1
    outer loop
      vertex 100.827 124.565 42
      vertex 102.731 126.026 42
      vertex 102.614 126.2 42
    endloop
  endfacet
  facet normal 0 0 1
    outer loop
      vertex 100.536 125 42
      vertex 102.614 126.2 42
      vertex 102.522 126.388 42
    endloop
  endfacet
  facet normal 0 0 1
    outer loop
      vertex 103.388 125.522 42
      vertex 102.469 123.304 42
      vertex 102.965 123.136 42
    endloop
  endfacet
  facet normal 0 0 1
    outer loop
      vertex 100.304 125.469 42
      vertex 102.522 126.388 42
      vertex 102.455 126.586 42
    endloop
  endfacet
  facet normal 0 0 1
    outer loop
      vertex 100.136 125.965 42
      vertex 102.455 126.586 42
      vertex 102.414 126.791 42
    endloop
  endfacet
  facet normal 0 0 1
    outer loop
      vertex 100.034 126.478 42
      vertex 102.414 126.791 42
      vertex 102.4 127 42
    endloop
  endfacet
  facet normal 0 0 1
    outer loop
      vertex 102.614 127.8 42
      vertex 100.536 129 42
      vertex 102.522 127.612 42
    endloop
  endfacet
  facet normal 0 0 1
    outer loop
      vertex 103.2 125.614 42
      vertex 102 123.536 42
      vertex 102.469 123.304 42
    endloop
  endfacet
  facet normal -0 0 1
    outer loop
      vertex 100.304 128.531 42
      vertex 102.522 127.612 42
      vertex 100.536 129 42
    endloop
  endfacet
  facet normal 0 0 1
    outer loop
      vertex 103.026 125.731 42
      vertex 101.565 123.827 42
      vertex 102 123.536 42
    endloop
  endfacet
  facet normal 0 0 1
    outer loop
      vertex 102.522 127.612 42
      vertex 100.304 128.531 42
      vertex 102.455 127.414 42
    endloop
  endfacet
  facet normal 0 0 1
    outer loop
      vertex 102.869 125.869 42
      vertex 101.172 124.172 42
      vertex 101.565 123.827 42
    endloop
  endfacet
  facet normal -0 0 1
    outer loop
      vertex 100.136 128.035 42
      vertex 102.455 127.414 42
      vertex 100.304 128.531 42
    endloop
  endfacet
  facet normal 0 0 1
    outer loop
      vertex 102.731 126.026 42
      vertex 100.827 124.565 42
      vertex 101.172 124.172 42
    endloop
  endfacet
  facet normal 0 0 1
    outer loop
      vertex 102.455 127.414 42
      vertex 100.136 128.035 42
      vertex 102.414 127.209 42
    endloop
  endfacet
  facet normal 0 0 1
    outer loop
      vertex 102.614 126.2 42
      vertex 100.536 125 42
      vertex 100.827 124.565 42
    endloop
  endfacet
  facet normal -0 0 1
    outer loop
      vertex 100.034 127.522 42
      vertex 102.414 127.209 42
      vertex 100.136 128.035 42
    endloop
  endfacet
  facet normal 0 0 1
    outer loop
      vertex 102.522 126.388 42
      vertex 100.304 125.469 42
      vertex 100.536 125 42
    endloop
  endfacet
  facet normal 0 0 1
    outer loop
      vertex 102.414 127.209 42
      vertex 100.034 127.522 42
      vertex 102.4 127 42
    endloop
  endfacet
  facet normal 0 0 1
    outer loop
      vertex 102.455 126.586 42
      vertex 100.136 125.965 42
      vertex 100.304 125.469 42
    endloop
  endfacet
  facet normal 0 0 1
    outer loop
      vertex 100 127 42
      vertex 102.4 127 42
      vertex 100.034 127.522 42
    endloop
  endfacet
  facet normal 0 0 1
    outer loop
      vertex 102.414 126.791 42
      vertex 100.034 126.478 42
      vertex 100.136 125.965 42
    endloop
  endfacet
  facet normal 0 0 1
    outer loop
      vertex 102.4 127 42
      vertex 100 127 42
      vertex 100.034 126.478 42
    endloop
  endfacet
  facet normal 0 0 1
    outer loop
      vertex 105.6 55 42
      vertex 108 55 42
      vertex 107.966 55.5221 42
    endloop
  endfacet
  facet normal 0 0 1
    outer loop
      vertex 105.586 55.2088 42
      vertex 107.966 55.5221 42
      vertex 107.864 56.0353 42
    endloop
  endfacet
  facet normal 0 0 1
    outer loop
      vertex 108 55 42
      vertex 105.6 55 42
      vertex 107.966 54.4779 42
    endloop
  endfacet
  facet normal 0 0 1
    outer loop
      vertex 105.545 55.4141 42
      vertex 107.864 56.0353 42
      vertex 107.696 56.5307 42
    endloop
  endfacet
  facet normal -0 0 1
    outer loop
      vertex 105.586 54.7912 42
      vertex 107.966 54.4779 42
      vertex 105.6 55 42
    endloop
  endfacet
  facet normal 0 0 1
    outer loop
      vertex 105.478 55.6123 42
      vertex 107.696 56.5307 42
      vertex 107.464 57 42
    endloop
  endfacet
  facet normal 0 0 1
    outer loop
      vertex 107.966 54.4779 42
      vertex 105.586 54.7912 42
      vertex 107.864 53.9647 42
    endloop
  endfacet
  facet normal 0 0 1
    outer loop
      vertex 105.386 55.8 42
      vertex 107.464 57 42
      vertex 107.173 57.435 42
    endloop
  endfacet
  facet normal -0 0 1
    outer loop
      vertex 105.545 54.5859 42
      vertex 107.864 53.9647 42
      vertex 105.586 54.7912 42
    endloop
  endfacet
  facet normal 0 0 1
    outer loop
      vertex 105.269 55.974 42
      vertex 107.173 57.435 42
      vertex 106.828 57.8284 42
    endloop
  endfacet
  facet normal 0 0 1
    outer loop
      vertex 107.864 53.9647 42
      vertex 105.545 54.5859 42
      vertex 107.696 53.4693 42
    endloop
  endfacet
  facet normal 0 0 1
    outer loop
      vertex 105.131 56.1314 42
      vertex 106.828 57.8284 42
      vertex 106.435 58.1734 42
    endloop
  endfacet
  facet normal -0 0 1
    outer loop
      vertex 105.478 54.3877 42
      vertex 107.696 53.4693 42
      vertex 105.545 54.5859 42
    endloop
  endfacet
  facet normal 0 0 1
    outer loop
      vertex 104.974 56.2694 42
      vertex 106.435 58.1734 42
      vertex 106 58.4641 42
    endloop
  endfacet
  facet normal 0 0 1
    outer loop
      vertex 107.696 53.4693 42
      vertex 105.478 54.3877 42
      vertex 107.464 53 42
    endloop
  endfacet
  facet normal -0 0 1
    outer loop
      vertex 105.386 54.2 42
      vertex 107.464 53 42
      vertex 105.478 54.3877 42
    endloop
  endfacet
  facet normal 0 0 1
    outer loop
      vertex 107.966 55.5221 42
      vertex 105.586 55.2088 42
      vertex 105.6 55 42
    endloop
  endfacet
  facet normal 0 0 1
    outer loop
      vertex 107.864 56.0353 42
      vertex 105.545 55.4141 42
      vertex 105.586 55.2088 42
    endloop
  endfacet
  facet normal 0 0 1
    outer loop
      vertex 104.8 56.3856 42
      vertex 106 58.4641 42
      vertex 105.531 58.6955 42
    endloop
  endfacet
  facet normal 0 0 1
    outer loop
      vertex 107.696 56.5307 42
      vertex 105.478 55.6123 42
      vertex 105.545 55.4141 42
    endloop
  endfacet
  facet normal 0 0 1
    outer loop
      vertex 107.464 57 42
      vertex 105.386 55.8 42
      vertex 105.478 55.6123 42
    endloop
  endfacet
  facet normal 0 0 1
    outer loop
      vertex 107.173 57.435 42
      vertex 105.269 55.974 42
      vertex 105.386 55.8 42
    endloop
  endfacet
  facet normal 0 0 1
    outer loop
      vertex 106.828 57.8284 42
      vertex 105.131 56.1314 42
      vertex 105.269 55.974 42
    endloop
  endfacet
  facet normal 0 0 1
    outer loop
      vertex 104.612 56.4782 42
      vertex 105.531 58.6955 42
      vertex 105.035 58.8637 42
    endloop
  endfacet
  facet normal 0 0 1
    outer loop
      vertex 106.435 58.1734 42
      vertex 104.974 56.2694 42
      vertex 105.131 56.1314 42
    endloop
  endfacet
  facet normal 0 0 1
    outer loop
      vertex 106 58.4641 42
      vertex 104.8 56.3856 42
      vertex 104.974 56.2694 42
    endloop
  endfacet
  facet normal 0 0 1
    outer loop
      vertex 105.531 58.6955 42
      vertex 104.612 56.4782 42
      vertex 104.8 56.3856 42
    endloop
  endfacet
  facet normal 0 0 1
    outer loop
      vertex 104.414 56.5455 42
      vertex 105.035 58.8637 42
      vertex 104.522 58.9658 42
    endloop
  endfacet
  facet normal 0 0 1
    outer loop
      vertex 105.035 58.8637 42
      vertex 104.414 56.5455 42
      vertex 104.612 56.4782 42
    endloop
  endfacet
  facet normal 0 0 1
    outer loop
      vertex 104.522 58.9658 42
      vertex 104.209 56.5863 42
      vertex 104.414 56.5455 42
    endloop
  endfacet
  facet normal 0 0 1
    outer loop
      vertex 104 59 42
      vertex 104.209 56.5863 42
      vertex 104.522 58.9658 42
    endloop
  endfacet
  facet normal 0 0 1
    outer loop
      vertex 104 59 42
      vertex 104 56.6 42
      vertex 104.209 56.5863 42
    endloop
  endfacet
  facet normal 0 0 1
    outer loop
      vertex 104 59 42
      vertex 103.791 56.5863 42
      vertex 104 56.6 42
    endloop
  endfacet
  facet normal -0 0 1
    outer loop
      vertex 103.478 58.9658 42
      vertex 103.791 56.5863 42
      vertex 104 59 42
    endloop
  endfacet
  facet normal 0 0 1
    outer loop
      vertex 103.791 56.5863 42
      vertex 103.478 58.9658 42
      vertex 103.586 56.5455 42
    endloop
  endfacet
  facet normal -0 0 1
    outer loop
      vertex 102.965 58.8637 42
      vertex 103.586 56.5455 42
      vertex 103.478 58.9658 42
    endloop
  endfacet
  facet normal 0 0 1
    outer loop
      vertex 103.586 56.5455 42
      vertex 102.965 58.8637 42
      vertex 103.388 56.4782 42
    endloop
  endfacet
  facet normal -0 0 1
    outer loop
      vertex 102.469 58.6955 42
      vertex 103.388 56.4782 42
      vertex 102.965 58.8637 42
    endloop
  endfacet
  facet normal 0 0 1
    outer loop
      vertex 103.388 56.4782 42
      vertex 102.469 58.6955 42
      vertex 103.2 56.3856 42
    endloop
  endfacet
  facet normal -0 0 1
    outer loop
      vertex 102 58.4641 42
      vertex 103.2 56.3856 42
      vertex 102.469 58.6955 42
    endloop
  endfacet
  facet normal 0 0 1
    outer loop
      vertex 103.2 56.3856 42
      vertex 102 58.4641 42
      vertex 103.026 56.2694 42
    endloop
  endfacet
  facet normal -0 0 1
    outer loop
      vertex 101.565 58.1734 42
      vertex 103.026 56.2694 42
      vertex 102 58.4641 42
    endloop
  endfacet
  facet normal 0 0 1
    outer loop
      vertex 103.026 56.2694 42
      vertex 101.565 58.1734 42
      vertex 102.869 56.1314 42
    endloop
  endfacet
  facet normal -0 0 1
    outer loop
      vertex 101.172 57.8284 42
      vertex 102.869 56.1314 42
      vertex 101.565 58.1734 42
    endloop
  endfacet
  facet normal 0 0 1
    outer loop
      vertex 102.869 56.1314 42
      vertex 101.172 57.8284 42
      vertex 102.731 55.974 42
    endloop
  endfacet
  facet normal -0 0 1
    outer loop
      vertex 100.827 57.435 42
      vertex 102.731 55.974 42
      vertex 101.172 57.8284 42
    endloop
  endfacet
  facet normal 0 0 1
    outer loop
      vertex 102.731 55.974 42
      vertex 100.827 57.435 42
      vertex 102.614 55.8 42
    endloop
  endfacet
  facet normal -0 0 1
    outer loop
      vertex 100.536 57 42
      vertex 102.614 55.8 42
      vertex 100.827 57.435 42
    endloop
  endfacet
  facet normal 0 0 1
    outer loop
      vertex 107.464 53 42
      vertex 105.386 54.2 42
      vertex 107.173 52.565 42
    endloop
  endfacet
  facet normal -0 0 1
    outer loop
      vertex 105.269 54.026 42
      vertex 107.173 52.565 42
      vertex 105.386 54.2 42
    endloop
  endfacet
  facet normal 0 0 1
    outer loop
      vertex 107.173 52.565 42
      vertex 105.269 54.026 42
      vertex 106.828 52.1716 42
    endloop
  endfacet
  facet normal -0 0 1
    outer loop
      vertex 105.131 53.8686 42
      vertex 106.828 52.1716 42
      vertex 105.269 54.026 42
    endloop
  endfacet
  facet normal 0 0 1
    outer loop
      vertex 106.828 52.1716 42
      vertex 105.131 53.8686 42
      vertex 106.435 51.8266 42
    endloop
  endfacet
  facet normal -0 0 1
    outer loop
      vertex 104.974 53.7306 42
      vertex 106.435 51.8266 42
      vertex 105.131 53.8686 42
    endloop
  endfacet
  facet normal 0 0 1
    outer loop
      vertex 106.435 51.8266 42
      vertex 104.974 53.7306 42
      vertex 106 51.5359 42
    endloop
  endfacet
  facet normal -0 0 1
    outer loop
      vertex 104.8 53.6144 42
      vertex 106 51.5359 42
      vertex 104.974 53.7306 42
    endloop
  endfacet
  facet normal 0 0 1
    outer loop
      vertex 106 51.5359 42
      vertex 104.8 53.6144 42
      vertex 105.531 51.3045 42
    endloop
  endfacet
  facet normal -0 0 1
    outer loop
      vertex 104.612 53.5218 42
      vertex 105.531 51.3045 42
      vertex 104.8 53.6144 42
    endloop
  endfacet
  facet normal 0 0 1
    outer loop
      vertex 105.531 51.3045 42
      vertex 104.612 53.5218 42
      vertex 105.035 51.1363 42
    endloop
  endfacet
  facet normal -0 0 1
    outer loop
      vertex 104.414 53.4545 42
      vertex 105.035 51.1363 42
      vertex 104.612 53.5218 42
    endloop
  endfacet
  facet normal 0 0 1
    outer loop
      vertex 105.035 51.1363 42
      vertex 104.414 53.4545 42
      vertex 104.522 51.0342 42
    endloop
  endfacet
  facet normal -0 0 1
    outer loop
      vertex 104.209 53.4137 42
      vertex 104.522 51.0342 42
      vertex 104.414 53.4545 42
    endloop
  endfacet
  facet normal -0 0 1
    outer loop
      vertex 104 53.4 42
      vertex 104.522 51.0342 42
      vertex 104.209 53.4137 42
    endloop
  endfacet
  facet normal 0 0 1
    outer loop
      vertex 104 53.4 42
      vertex 104 51 42
      vertex 104.522 51.0342 42
    endloop
  endfacet
  facet normal 0 0 1
    outer loop
      vertex 103.791 53.4137 42
      vertex 104 51 42
      vertex 104 53.4 42
    endloop
  endfacet
  facet normal 0 0 1
    outer loop
      vertex 103.478 51.0342 42
      vertex 103.791 53.4137 42
      vertex 103.586 53.4545 42
    endloop
  endfacet
  facet normal 0 0 1
    outer loop
      vertex 103.791 53.4137 42
      vertex 103.478 51.0342 42
      vertex 104 51 42
    endloop
  endfacet
  facet normal 0 0 1
    outer loop
      vertex 102.965 51.1363 42
      vertex 103.586 53.4545 42
      vertex 103.388 53.5218 42
    endloop
  endfacet
  facet normal 0 0 1
    outer loop
      vertex 102.469 51.3045 42
      vertex 103.388 53.5218 42
      vertex 103.2 53.6144 42
    endloop
  endfacet
  facet normal 0 0 1
    outer loop
      vertex 102 51.5359 42
      vertex 103.2 53.6144 42
      vertex 103.026 53.7306 42
    endloop
  endfacet
  facet normal 0 0 1
    outer loop
      vertex 103.586 53.4545 42
      vertex 102.965 51.1363 42
      vertex 103.478 51.0342 42
    endloop
  endfacet
  facet normal 0 0 1
    outer loop
      vertex 101.565 51.8266 42
      vertex 103.026 53.7306 42
      vertex 102.869 53.8686 42
    endloop
  endfacet
  facet normal 0 0 1
    outer loop
      vertex 101.172 52.1716 42
      vertex 102.869 53.8686 42
      vertex 102.731 54.026 42
    endloop
  endfacet
  facet normal 0 0 1
    outer loop
      vertex 100.827 52.565 42
      vertex 102.731 54.026 42
      vertex 102.614 54.2 42
    endloop
  endfacet
  facet normal 0 0 1
    outer loop
      vertex 100.536 53 42
      vertex 102.614 54.2 42
      vertex 102.522 54.3877 42
    endloop
  endfacet
  facet normal 0 0 1
    outer loop
      vertex 103.388 53.5218 42
      vertex 102.469 51.3045 42
      vertex 102.965 51.1363 42
    endloop
  endfacet
  facet normal 0 0 1
    outer loop
      vertex 100.304 53.4693 42
      vertex 102.522 54.3877 42
      vertex 102.455 54.5859 42
    endloop
  endfacet
  facet normal 0 0 1
    outer loop
      vertex 100.136 53.9647 42
      vertex 102.455 54.5859 42
      vertex 102.414 54.7912 42
    endloop
  endfacet
  facet normal 0 0 1
    outer loop
      vertex 100.034 54.4779 42
      vertex 102.414 54.7912 42
      vertex 102.4 55 42
    endloop
  endfacet
  facet normal 0 0 1
    outer loop
      vertex 102.614 55.8 42
      vertex 100.536 57 42
      vertex 102.522 55.6123 42
    endloop
  endfacet
  facet normal 0 0 1
    outer loop
      vertex 103.2 53.6144 42
      vertex 102 51.5359 42
      vertex 102.469 51.3045 42
    endloop
  endfacet
  facet normal -0 0 1
    outer loop
      vertex 100.304 56.5307 42
      vertex 102.522 55.6123 42
      vertex 100.536 57 42
    endloop
  endfacet
  facet normal 0 0 1
    outer loop
      vertex 103.026 53.7306 42
      vertex 101.565 51.8266 42
      vertex 102 51.5359 42
    endloop
  endfacet
  facet normal 0 0 1
    outer loop
      vertex 102.522 55.6123 42
      vertex 100.304 56.5307 42
      vertex 102.455 55.4141 42
    endloop
  endfacet
  facet normal 0 0 1
    outer loop
      vertex 102.869 53.8686 42
      vertex 101.172 52.1716 42
      vertex 101.565 51.8266 42
    endloop
  endfacet
  facet normal -0 0 1
    outer loop
      vertex 100.136 56.0353 42
      vertex 102.455 55.4141 42
      vertex 100.304 56.5307 42
    endloop
  endfacet
  facet normal 0 0 1
    outer loop
      vertex 102.731 54.026 42
      vertex 100.827 52.565 42
      vertex 101.172 52.1716 42
    endloop
  endfacet
  facet normal 0 0 1
    outer loop
      vertex 102.455 55.4141 42
      vertex 100.136 56.0353 42
      vertex 102.414 55.2088 42
    endloop
  endfacet
  facet normal 0 0 1
    outer loop
      vertex 102.614 54.2 42
      vertex 100.536 53 42
      vertex 100.827 52.565 42
    endloop
  endfacet
  facet normal -0 0 1
    outer loop
      vertex 100.034 55.5221 42
      vertex 102.414 55.2088 42
      vertex 100.136 56.0353 42
    endloop
  endfacet
  facet normal 0 0 1
    outer loop
      vertex 102.522 54.3877 42
      vertex 100.304 53.4693 42
      vertex 100.536 53 42
    endloop
  endfacet
  facet normal 0 0 1
    outer loop
      vertex 102.414 55.2088 42
      vertex 100.034 55.5221 42
      vertex 102.4 55 42
    endloop
  endfacet
  facet normal 0 0 1
    outer loop
      vertex 102.455 54.5859 42
      vertex 100.136 53.9647 42
      vertex 100.304 53.4693 42
    endloop
  endfacet
  facet normal 0 0 1
    outer loop
      vertex 100 55 42
      vertex 102.4 55 42
      vertex 100.034 55.5221 42
    endloop
  endfacet
  facet normal 0 0 1
    outer loop
      vertex 102.414 54.7912 42
      vertex 100.034 54.4779 42
      vertex 100.136 53.9647 42
    endloop
  endfacet
  facet normal 0 0 1
    outer loop
      vertex 102.4 55 42
      vertex 100 55 42
      vertex 100.034 54.4779 42
    endloop
  endfacet
  facet normal 0 0 1
    outer loop
      vertex 179.6 127 42
      vertex 182 127 42
      vertex 181.966 127.522 42
    endloop
  endfacet
  facet normal 0 0 1
    outer loop
      vertex 179.586 127.209 42
      vertex 181.966 127.522 42
      vertex 181.864 128.035 42
    endloop
  endfacet
  facet normal 0 0 1
    outer loop
      vertex 182 127 42
      vertex 179.6 127 42
      vertex 181.966 126.478 42
    endloop
  endfacet
  facet normal 0 0 1
    outer loop
      vertex 179.545 127.414 42
      vertex 181.864 128.035 42
      vertex 181.696 128.531 42
    endloop
  endfacet
  facet normal -0 0 1
    outer loop
      vertex 179.586 126.791 42
      vertex 181.966 126.478 42
      vertex 179.6 127 42
    endloop
  endfacet
  facet normal 0 0 1
    outer loop
      vertex 179.478 127.612 42
      vertex 181.696 128.531 42
      vertex 181.464 129 42
    endloop
  endfacet
  facet normal 0 0 1
    outer loop
      vertex 181.966 126.478 42
      vertex 179.586 126.791 42
      vertex 181.864 125.965 42
    endloop
  endfacet
  facet normal 0 0 1
    outer loop
      vertex 179.386 127.8 42
      vertex 181.464 129 42
      vertex 181.173 129.435 42
    endloop
  endfacet
  facet normal -0 0 1
    outer loop
      vertex 179.545 126.586 42
      vertex 181.864 125.965 42
      vertex 179.586 126.791 42
    endloop
  endfacet
  facet normal 0 0 1
    outer loop
      vertex 179.269 127.974 42
      vertex 181.173 129.435 42
      vertex 180.828 129.828 42
    endloop
  endfacet
  facet normal 0 0 1
    outer loop
      vertex 181.864 125.965 42
      vertex 179.545 126.586 42
      vertex 181.696 125.469 42
    endloop
  endfacet
  facet normal 0 0 1
    outer loop
      vertex 179.131 128.131 42
      vertex 180.828 129.828 42
      vertex 180.435 130.173 42
    endloop
  endfacet
  facet normal -0 0 1
    outer loop
      vertex 179.478 126.388 42
      vertex 181.696 125.469 42
      vertex 179.545 126.586 42
    endloop
  endfacet
  facet normal 0 0 1
    outer loop
      vertex 178.974 128.269 42
      vertex 180.435 130.173 42
      vertex 180 130.464 42
    endloop
  endfacet
  facet normal 0 0 1
    outer loop
      vertex 181.696 125.469 42
      vertex 179.478 126.388 42
      vertex 181.464 125 42
    endloop
  endfacet
  facet normal -0 0 1
    outer loop
      vertex 179.386 126.2 42
      vertex 181.464 125 42
      vertex 179.478 126.388 42
    endloop
  endfacet
  facet normal 0 0 1
    outer loop
      vertex 181.966 127.522 42
      vertex 179.586 127.209 42
      vertex 179.6 127 42
    endloop
  endfacet
  facet normal 0 0 1
    outer loop
      vertex 181.864 128.035 42
      vertex 179.545 127.414 42
      vertex 179.586 127.209 42
    endloop
  endfacet
  facet normal 0 0 1
    outer loop
      vertex 178.8 128.386 42
      vertex 180 130.464 42
      vertex 179.531 130.696 42
    endloop
  endfacet
  facet normal 0 0 1
    outer loop
      vertex 181.696 128.531 42
      vertex 179.478 127.612 42
      vertex 179.545 127.414 42
    endloop
  endfacet
  facet normal 0 0 1
    outer loop
      vertex 181.464 129 42
      vertex 179.386 127.8 42
      vertex 179.478 127.612 42
    endloop
  endfacet
  facet normal 0 0 1
    outer loop
      vertex 181.173 129.435 42
      vertex 179.269 127.974 42
      vertex 179.386 127.8 42
    endloop
  endfacet
  facet normal 0 0 1
    outer loop
      vertex 180.828 129.828 42
      vertex 179.131 128.131 42
      vertex 179.269 127.974 42
    endloop
  endfacet
  facet normal 0 0 1
    outer loop
      vertex 178.612 128.478 42
      vertex 179.531 130.696 42
      vertex 179.035 130.864 42
    endloop
  endfacet
  facet normal 0 0 1
    outer loop
      vertex 180.435 130.173 42
      vertex 178.974 128.269 42
      vertex 179.131 128.131 42
    endloop
  endfacet
  facet normal 0 0 1
    outer loop
      vertex 180 130.464 42
      vertex 178.8 128.386 42
      vertex 178.974 128.269 42
    endloop
  endfacet
  facet normal 0 0 1
    outer loop
      vertex 179.531 130.696 42
      vertex 178.612 128.478 42
      vertex 178.8 128.386 42
    endloop
  endfacet
  facet normal 0 0 1
    outer loop
      vertex 178.414 128.545 42
      vertex 179.035 130.864 42
      vertex 178.522 130.966 42
    endloop
  endfacet
  facet normal 0 0 1
    outer loop
      vertex 179.035 130.864 42
      vertex 178.414 128.545 42
      vertex 178.612 128.478 42
    endloop
  endfacet
  facet normal 0 0 1
    outer loop
      vertex 178.522 130.966 42
      vertex 178.209 128.586 42
      vertex 178.414 128.545 42
    endloop
  endfacet
  facet normal 0 0 1
    outer loop
      vertex 178 131 42
      vertex 178.209 128.586 42
      vertex 178.522 130.966 42
    endloop
  endfacet
  facet normal 0 0 1
    outer loop
      vertex 178 131 42
      vertex 178 128.6 42
      vertex 178.209 128.586 42
    endloop
  endfacet
  facet normal 0 0 1
    outer loop
      vertex 178 131 42
      vertex 177.791 128.586 42
      vertex 178 128.6 42
    endloop
  endfacet
  facet normal -0 0 1
    outer loop
      vertex 177.478 130.966 42
      vertex 177.791 128.586 42
      vertex 178 131 42
    endloop
  endfacet
  facet normal 0 0 1
    outer loop
      vertex 177.791 128.586 42
      vertex 177.478 130.966 42
      vertex 177.586 128.545 42
    endloop
  endfacet
  facet normal -0 0 1
    outer loop
      vertex 176.965 130.864 42
      vertex 177.586 128.545 42
      vertex 177.478 130.966 42
    endloop
  endfacet
  facet normal 0 0 1
    outer loop
      vertex 177.586 128.545 42
      vertex 176.965 130.864 42
      vertex 177.388 128.478 42
    endloop
  endfacet
  facet normal -0 0 1
    outer loop
      vertex 176.469 130.696 42
      vertex 177.388 128.478 42
      vertex 176.965 130.864 42
    endloop
  endfacet
  facet normal 0 0 1
    outer loop
      vertex 177.388 128.478 42
      vertex 176.469 130.696 42
      vertex 177.2 128.386 42
    endloop
  endfacet
  facet normal -0 0 1
    outer loop
      vertex 176 130.464 42
      vertex 177.2 128.386 42
      vertex 176.469 130.696 42
    endloop
  endfacet
  facet normal 0 0 1
    outer loop
      vertex 177.2 128.386 42
      vertex 176 130.464 42
      vertex 177.026 128.269 42
    endloop
  endfacet
  facet normal -0 0 1
    outer loop
      vertex 175.565 130.173 42
      vertex 177.026 128.269 42
      vertex 176 130.464 42
    endloop
  endfacet
  facet normal 0 0 1
    outer loop
      vertex 177.026 128.269 42
      vertex 175.565 130.173 42
      vertex 176.869 128.131 42
    endloop
  endfacet
  facet normal -0 0 1
    outer loop
      vertex 175.172 129.828 42
      vertex 176.869 128.131 42
      vertex 175.565 130.173 42
    endloop
  endfacet
  facet normal 0 0 1
    outer loop
      vertex 176.869 128.131 42
      vertex 175.172 129.828 42
      vertex 176.731 127.974 42
    endloop
  endfacet
  facet normal -0 0 1
    outer loop
      vertex 174.827 129.435 42
      vertex 176.731 127.974 42
      vertex 175.172 129.828 42
    endloop
  endfacet
  facet normal 0 0 1
    outer loop
      vertex 176.731 127.974 42
      vertex 174.827 129.435 42
      vertex 176.614 127.8 42
    endloop
  endfacet
  facet normal -0 0 1
    outer loop
      vertex 174.536 129 42
      vertex 176.614 127.8 42
      vertex 174.827 129.435 42
    endloop
  endfacet
  facet normal 0 0 1
    outer loop
      vertex 181.464 125 42
      vertex 179.386 126.2 42
      vertex 181.173 124.565 42
    endloop
  endfacet
  facet normal -0 0 1
    outer loop
      vertex 179.269 126.026 42
      vertex 181.173 124.565 42
      vertex 179.386 126.2 42
    endloop
  endfacet
  facet normal 0 0 1
    outer loop
      vertex 181.173 124.565 42
      vertex 179.269 126.026 42
      vertex 180.828 124.172 42
    endloop
  endfacet
  facet normal -0 0 1
    outer loop
      vertex 179.131 125.869 42
      vertex 180.828 124.172 42
      vertex 179.269 126.026 42
    endloop
  endfacet
  facet normal 0 0 1
    outer loop
      vertex 180.828 124.172 42
      vertex 179.131 125.869 42
      vertex 180.435 123.827 42
    endloop
  endfacet
  facet normal -0 0 1
    outer loop
      vertex 178.974 125.731 42
      vertex 180.435 123.827 42
      vertex 179.131 125.869 42
    endloop
  endfacet
  facet normal 0 0 1
    outer loop
      vertex 180.435 123.827 42
      vertex 178.974 125.731 42
      vertex 180 123.536 42
    endloop
  endfacet
  facet normal -0 0 1
    outer loop
      vertex 178.8 125.614 42
      vertex 180 123.536 42
      vertex 178.974 125.731 42
    endloop
  endfacet
  facet normal 0 0 1
    outer loop
      vertex 180 123.536 42
      vertex 178.8 125.614 42
      vertex 179.531 123.304 42
    endloop
  endfacet
  facet normal -0 0 1
    outer loop
      vertex 178.612 125.522 42
      vertex 179.531 123.304 42
      vertex 178.8 125.614 42
    endloop
  endfacet
  facet normal 0 0 1
    outer loop
      vertex 179.531 123.304 42
      vertex 178.612 125.522 42
      vertex 179.035 123.136 42
    endloop
  endfacet
  facet normal -0 0 1
    outer loop
      vertex 178.414 125.455 42
      vertex 179.035 123.136 42
      vertex 178.612 125.522 42
    endloop
  endfacet
  facet normal 0 0 1
    outer loop
      vertex 179.035 123.136 42
      vertex 178.414 125.455 42
      vertex 178.522 123.034 42
    endloop
  endfacet
  facet normal -0 0 1
    outer loop
      vertex 178.209 125.414 42
      vertex 178.522 123.034 42
      vertex 178.414 125.455 42
    endloop
  endfacet
  facet normal -0 0 1
    outer loop
      vertex 178 125.4 42
      vertex 178.522 123.034 42
      vertex 178.209 125.414 42
    endloop
  endfacet
  facet normal 0 0 1
    outer loop
      vertex 178 125.4 42
      vertex 178 123 42
      vertex 178.522 123.034 42
    endloop
  endfacet
  facet normal 0 0 1
    outer loop
      vertex 177.791 125.414 42
      vertex 178 123 42
      vertex 178 125.4 42
    endloop
  endfacet
  facet normal 0 0 1
    outer loop
      vertex 177.478 123.034 42
      vertex 177.791 125.414 42
      vertex 177.586 125.455 42
    endloop
  endfacet
  facet normal 0 0 1
    outer loop
      vertex 177.791 125.414 42
      vertex 177.478 123.034 42
      vertex 178 123 42
    endloop
  endfacet
  facet normal 0 0 1
    outer loop
      vertex 176.965 123.136 42
      vertex 177.586 125.455 42
      vertex 177.388 125.522 42
    endloop
  endfacet
  facet normal 0 0 1
    outer loop
      vertex 176.469 123.304 42
      vertex 177.388 125.522 42
      vertex 177.2 125.614 42
    endloop
  endfacet
  facet normal 0 0 1
    outer loop
      vertex 176 123.536 42
      vertex 177.2 125.614 42
      vertex 177.026 125.731 42
    endloop
  endfacet
  facet normal 0 0 1
    outer loop
      vertex 177.586 125.455 42
      vertex 176.965 123.136 42
      vertex 177.478 123.034 42
    endloop
  endfacet
  facet normal 0 0 1
    outer loop
      vertex 175.565 123.827 42
      vertex 177.026 125.731 42
      vertex 176.869 125.869 42
    endloop
  endfacet
  facet normal 0 0 1
    outer loop
      vertex 175.172 124.172 42
      vertex 176.869 125.869 42
      vertex 176.731 126.026 42
    endloop
  endfacet
  facet normal 0 0 1
    outer loop
      vertex 174.827 124.565 42
      vertex 176.731 126.026 42
      vertex 176.614 126.2 42
    endloop
  endfacet
  facet normal 0 0 1
    outer loop
      vertex 174.536 125 42
      vertex 176.614 126.2 42
      vertex 176.522 126.388 42
    endloop
  endfacet
  facet normal 0 0 1
    outer loop
      vertex 177.388 125.522 42
      vertex 176.469 123.304 42
      vertex 176.965 123.136 42
    endloop
  endfacet
  facet normal 0 0 1
    outer loop
      vertex 174.304 125.469 42
      vertex 176.522 126.388 42
      vertex 176.455 126.586 42
    endloop
  endfacet
  facet normal 0 0 1
    outer loop
      vertex 174.136 125.965 42
      vertex 176.455 126.586 42
      vertex 176.414 126.791 42
    endloop
  endfacet
  facet normal 0 0 1
    outer loop
      vertex 174.034 126.478 42
      vertex 176.414 126.791 42
      vertex 176.4 127 42
    endloop
  endfacet
  facet normal 0 0 1
    outer loop
      vertex 176.614 127.8 42
      vertex 174.536 129 42
      vertex 176.522 127.612 42
    endloop
  endfacet
  facet normal 0 0 1
    outer loop
      vertex 177.2 125.614 42
      vertex 176 123.536 42
      vertex 176.469 123.304 42
    endloop
  endfacet
  facet normal -0 0 1
    outer loop
      vertex 174.304 128.531 42
      vertex 176.522 127.612 42
      vertex 174.536 129 42
    endloop
  endfacet
  facet normal 0 0 1
    outer loop
      vertex 177.026 125.731 42
      vertex 175.565 123.827 42
      vertex 176 123.536 42
    endloop
  endfacet
  facet normal 0 0 1
    outer loop
      vertex 176.522 127.612 42
      vertex 174.304 128.531 42
      vertex 176.455 127.414 42
    endloop
  endfacet
  facet normal 0 0 1
    outer loop
      vertex 176.869 125.869 42
      vertex 175.172 124.172 42
      vertex 175.565 123.827 42
    endloop
  endfacet
  facet normal -0 0 1
    outer loop
      vertex 174.136 128.035 42
      vertex 176.455 127.414 42
      vertex 174.304 128.531 42
    endloop
  endfacet
  facet normal 0 0 1
    outer loop
      vertex 176.731 126.026 42
      vertex 174.827 124.565 42
      vertex 175.172 124.172 42
    endloop
  endfacet
  facet normal 0 0 1
    outer loop
      vertex 176.455 127.414 42
      vertex 174.136 128.035 42
      vertex 176.414 127.209 42
    endloop
  endfacet
  facet normal 0 0 1
    outer loop
      vertex 176.614 126.2 42
      vertex 174.536 125 42
      vertex 174.827 124.565 42
    endloop
  endfacet
  facet normal -0 0 1
    outer loop
      vertex 174.034 127.522 42
      vertex 176.414 127.209 42
      vertex 174.136 128.035 42
    endloop
  endfacet
  facet normal 0 0 1
    outer loop
      vertex 176.522 126.388 42
      vertex 174.304 125.469 42
      vertex 174.536 125 42
    endloop
  endfacet
  facet normal 0 0 1
    outer loop
      vertex 176.414 127.209 42
      vertex 174.034 127.522 42
      vertex 176.4 127 42
    endloop
  endfacet
  facet normal 0 0 1
    outer loop
      vertex 176.455 126.586 42
      vertex 174.136 125.965 42
      vertex 174.304 125.469 42
    endloop
  endfacet
  facet normal 0 0 1
    outer loop
      vertex 174 127 42
      vertex 176.4 127 42
      vertex 174.034 127.522 42
    endloop
  endfacet
  facet normal 0 0 1
    outer loop
      vertex 176.414 126.791 42
      vertex 174.034 126.478 42
      vertex 174.136 125.965 42
    endloop
  endfacet
  facet normal 0 0 1
    outer loop
      vertex 176.4 127 42
      vertex 174 127 42
      vertex 174.034 126.478 42
    endloop
  endfacet
  facet normal 0 0 1
    outer loop
      vertex 179.6 55 42
      vertex 182 55 42
      vertex 181.966 55.5221 42
    endloop
  endfacet
  facet normal 0 0 1
    outer loop
      vertex 179.586 55.2088 42
      vertex 181.966 55.5221 42
      vertex 181.864 56.0353 42
    endloop
  endfacet
  facet normal 0 0 1
    outer loop
      vertex 182 55 42
      vertex 179.6 55 42
      vertex 181.966 54.4779 42
    endloop
  endfacet
  facet normal 0 0 1
    outer loop
      vertex 179.545 55.4141 42
      vertex 181.864 56.0353 42
      vertex 181.696 56.5307 42
    endloop
  endfacet
  facet normal -0 0 1
    outer loop
      vertex 179.586 54.7912 42
      vertex 181.966 54.4779 42
      vertex 179.6 55 42
    endloop
  endfacet
  facet normal 0 0 1
    outer loop
      vertex 179.478 55.6123 42
      vertex 181.696 56.5307 42
      vertex 181.464 57 42
    endloop
  endfacet
  facet normal 0 0 1
    outer loop
      vertex 181.966 54.4779 42
      vertex 179.586 54.7912 42
      vertex 181.864 53.9647 42
    endloop
  endfacet
  facet normal 0 0 1
    outer loop
      vertex 179.386 55.8 42
      vertex 181.464 57 42
      vertex 181.173 57.435 42
    endloop
  endfacet
  facet normal -0 0 1
    outer loop
      vertex 179.545 54.5859 42
      vertex 181.864 53.9647 42
      vertex 179.586 54.7912 42
    endloop
  endfacet
  facet normal 0 0 1
    outer loop
      vertex 179.269 55.974 42
      vertex 181.173 57.435 42
      vertex 180.828 57.8284 42
    endloop
  endfacet
  facet normal 0 0 1
    outer loop
      vertex 181.864 53.9647 42
      vertex 179.545 54.5859 42
      vertex 181.696 53.4693 42
    endloop
  endfacet
  facet normal 0 0 1
    outer loop
      vertex 179.131 56.1314 42
      vertex 180.828 57.8284 42
      vertex 180.435 58.1734 42
    endloop
  endfacet
  facet normal -0 0 1
    outer loop
      vertex 179.478 54.3877 42
      vertex 181.696 53.4693 42
      vertex 179.545 54.5859 42
    endloop
  endfacet
  facet normal 0 0 1
    outer loop
      vertex 178.974 56.2694 42
      vertex 180.435 58.1734 42
      vertex 180 58.4641 42
    endloop
  endfacet
  facet normal 0 0 1
    outer loop
      vertex 181.696 53.4693 42
      vertex 179.478 54.3877 42
      vertex 181.464 53 42
    endloop
  endfacet
  facet normal -0 0 1
    outer loop
      vertex 179.386 54.2 42
      vertex 181.464 53 42
      vertex 179.478 54.3877 42
    endloop
  endfacet
  facet normal 0 0 1
    outer loop
      vertex 181.966 55.5221 42
      vertex 179.586 55.2088 42
      vertex 179.6 55 42
    endloop
  endfacet
  facet normal 0 0 1
    outer loop
      vertex 181.864 56.0353 42
      vertex 179.545 55.4141 42
      vertex 179.586 55.2088 42
    endloop
  endfacet
  facet normal 0 0 1
    outer loop
      vertex 178.8 56.3856 42
      vertex 180 58.4641 42
      vertex 179.531 58.6955 42
    endloop
  endfacet
  facet normal 0 0 1
    outer loop
      vertex 181.696 56.5307 42
      vertex 179.478 55.6123 42
      vertex 179.545 55.4141 42
    endloop
  endfacet
  facet normal 0 0 1
    outer loop
      vertex 181.464 57 42
      vertex 179.386 55.8 42
      vertex 179.478 55.6123 42
    endloop
  endfacet
  facet normal 0 0 1
    outer loop
      vertex 181.173 57.435 42
      vertex 179.269 55.974 42
      vertex 179.386 55.8 42
    endloop
  endfacet
  facet normal 0 0 1
    outer loop
      vertex 180.828 57.8284 42
      vertex 179.131 56.1314 42
      vertex 179.269 55.974 42
    endloop
  endfacet
  facet normal 0 0 1
    outer loop
      vertex 178.612 56.4782 42
      vertex 179.531 58.6955 42
      vertex 179.035 58.8637 42
    endloop
  endfacet
  facet normal 0 0 1
    outer loop
      vertex 180.435 58.1734 42
      vertex 178.974 56.2694 42
      vertex 179.131 56.1314 42
    endloop
  endfacet
  facet normal 0 0 1
    outer loop
      vertex 180 58.4641 42
      vertex 178.8 56.3856 42
      vertex 178.974 56.2694 42
    endloop
  endfacet
  facet normal 0 0 1
    outer loop
      vertex 179.531 58.6955 42
      vertex 178.612 56.4782 42
      vertex 178.8 56.3856 42
    endloop
  endfacet
  facet normal 0 0 1
    outer loop
      vertex 178.414 56.5455 42
      vertex 179.035 58.8637 42
      vertex 178.522 58.9658 42
    endloop
  endfacet
  facet normal 0 0 1
    outer loop
      vertex 179.035 58.8637 42
      vertex 178.414 56.5455 42
      vertex 178.612 56.4782 42
    endloop
  endfacet
  facet normal 0 0 1
    outer loop
      vertex 178.522 58.9658 42
      vertex 178.209 56.5863 42
      vertex 178.414 56.5455 42
    endloop
  endfacet
  facet normal 0 0 1
    outer loop
      vertex 178 59 42
      vertex 178.209 56.5863 42
      vertex 178.522 58.9658 42
    endloop
  endfacet
  facet normal 0 0 1
    outer loop
      vertex 178 59 42
      vertex 178 56.6 42
      vertex 178.209 56.5863 42
    endloop
  endfacet
  facet normal 0 0 1
    outer loop
      vertex 178 59 42
      vertex 177.791 56.5863 42
      vertex 178 56.6 42
    endloop
  endfacet
  facet normal -0 0 1
    outer loop
      vertex 177.478 58.9658 42
      vertex 177.791 56.5863 42
      vertex 178 59 42
    endloop
  endfacet
  facet normal 0 0 1
    outer loop
      vertex 177.791 56.5863 42
      vertex 177.478 58.9658 42
      vertex 177.586 56.5455 42
    endloop
  endfacet
  facet normal -0 0 1
    outer loop
      vertex 176.965 58.8637 42
      vertex 177.586 56.5455 42
      vertex 177.478 58.9658 42
    endloop
  endfacet
  facet normal 0 0 1
    outer loop
      vertex 177.586 56.5455 42
      vertex 176.965 58.8637 42
      vertex 177.388 56.4782 42
    endloop
  endfacet
  facet normal -0 0 1
    outer loop
      vertex 176.469 58.6955 42
      vertex 177.388 56.4782 42
      vertex 176.965 58.8637 42
    endloop
  endfacet
  facet normal 0 0 1
    outer loop
      vertex 177.388 56.4782 42
      vertex 176.469 58.6955 42
      vertex 177.2 56.3856 42
    endloop
  endfacet
  facet normal -0 0 1
    outer loop
      vertex 176 58.4641 42
      vertex 177.2 56.3856 42
      vertex 176.469 58.6955 42
    endloop
  endfacet
  facet normal 0 0 1
    outer loop
      vertex 177.2 56.3856 42
      vertex 176 58.4641 42
      vertex 177.026 56.2694 42
    endloop
  endfacet
  facet normal -0 0 1
    outer loop
      vertex 175.565 58.1734 42
      vertex 177.026 56.2694 42
      vertex 176 58.4641 42
    endloop
  endfacet
  facet normal 0 0 1
    outer loop
      vertex 177.026 56.2694 42
      vertex 175.565 58.1734 42
      vertex 176.869 56.1314 42
    endloop
  endfacet
  facet normal -0 0 1
    outer loop
      vertex 175.172 57.8284 42
      vertex 176.869 56.1314 42
      vertex 175.565 58.1734 42
    endloop
  endfacet
  facet normal 0 0 1
    outer loop
      vertex 176.869 56.1314 42
      vertex 175.172 57.8284 42
      vertex 176.731 55.974 42
    endloop
  endfacet
  facet normal -0 0 1
    outer loop
      vertex 174.827 57.435 42
      vertex 176.731 55.974 42
      vertex 175.172 57.8284 42
    endloop
  endfacet
  facet normal 0 0 1
    outer loop
      vertex 176.731 55.974 42
      vertex 174.827 57.435 42
      vertex 176.614 55.8 42
    endloop
  endfacet
  facet normal -0 0 1
    outer loop
      vertex 174.536 57 42
      vertex 176.614 55.8 42
      vertex 174.827 57.435 42
    endloop
  endfacet
  facet normal 0 0 1
    outer loop
      vertex 181.464 53 42
      vertex 179.386 54.2 42
      vertex 181.173 52.565 42
    endloop
  endfacet
  facet normal -0 0 1
    outer loop
      vertex 179.269 54.026 42
      vertex 181.173 52.565 42
      vertex 179.386 54.2 42
    endloop
  endfacet
  facet normal 0 0 1
    outer loop
      vertex 181.173 52.565 42
      vertex 179.269 54.026 42
      vertex 180.828 52.1716 42
    endloop
  endfacet
  facet normal -0 0 1
    outer loop
      vertex 179.131 53.8686 42
      vertex 180.828 52.1716 42
      vertex 179.269 54.026 42
    endloop
  endfacet
  facet normal 0 0 1
    outer loop
      vertex 180.828 52.1716 42
      vertex 179.131 53.8686 42
      vertex 180.435 51.8266 42
    endloop
  endfacet
  facet normal -0 0 1
    outer loop
      vertex 178.974 53.7306 42
      vertex 180.435 51.8266 42
      vertex 179.131 53.8686 42
    endloop
  endfacet
  facet normal 0 0 1
    outer loop
      vertex 180.435 51.8266 42
      vertex 178.974 53.7306 42
      vertex 180 51.5359 42
    endloop
  endfacet
  facet normal -0 0 1
    outer loop
      vertex 178.8 53.6144 42
      vertex 180 51.5359 42
      vertex 178.974 53.7306 42
    endloop
  endfacet
  facet normal 0 0 1
    outer loop
      vertex 180 51.5359 42
      vertex 178.8 53.6144 42
      vertex 179.531 51.3045 42
    endloop
  endfacet
  facet normal -0 0 1
    outer loop
      vertex 178.612 53.5218 42
      vertex 179.531 51.3045 42
      vertex 178.8 53.6144 42
    endloop
  endfacet
  facet normal 0 0 1
    outer loop
      vertex 179.531 51.3045 42
      vertex 178.612 53.5218 42
      vertex 179.035 51.1363 42
    endloop
  endfacet
  facet normal -0 0 1
    outer loop
      vertex 178.414 53.4545 42
      vertex 179.035 51.1363 42
      vertex 178.612 53.5218 42
    endloop
  endfacet
  facet normal 0 0 1
    outer loop
      vertex 179.035 51.1363 42
      vertex 178.414 53.4545 42
      vertex 178.522 51.0342 42
    endloop
  endfacet
  facet normal -0 0 1
    outer loop
      vertex 178.209 53.4137 42
      vertex 178.522 51.0342 42
      vertex 178.414 53.4545 42
    endloop
  endfacet
  facet normal -0 0 1
    outer loop
      vertex 178 53.4 42
      vertex 178.522 51.0342 42
      vertex 178.209 53.4137 42
    endloop
  endfacet
  facet normal 0 0 1
    outer loop
      vertex 178 53.4 42
      vertex 178 51 42
      vertex 178.522 51.0342 42
    endloop
  endfacet
  facet normal 0 0 1
    outer loop
      vertex 177.791 53.4137 42
      vertex 178 51 42
      vertex 178 53.4 42
    endloop
  endfacet
  facet normal 0 0 1
    outer loop
      vertex 177.478 51.0342 42
      vertex 177.791 53.4137 42
      vertex 177.586 53.4545 42
    endloop
  endfacet
  facet normal 0 0 1
    outer loop
      vertex 177.791 53.4137 42
      vertex 177.478 51.0342 42
      vertex 178 51 42
    endloop
  endfacet
  facet normal 0 0 1
    outer loop
      vertex 176.965 51.1363 42
      vertex 177.586 53.4545 42
      vertex 177.388 53.5218 42
    endloop
  endfacet
  facet normal 0 0 1
    outer loop
      vertex 176.469 51.3045 42
      vertex 177.388 53.5218 42
      vertex 177.2 53.6144 42
    endloop
  endfacet
  facet normal 0 0 1
    outer loop
      vertex 176 51.5359 42
      vertex 177.2 53.6144 42
      vertex 177.026 53.7306 42
    endloop
  endfacet
  facet normal 0 0 1
    outer loop
      vertex 177.586 53.4545 42
      vertex 176.965 51.1363 42
      vertex 177.478 51.0342 42
    endloop
  endfacet
  facet normal 0 0 1
    outer loop
      vertex 175.565 51.8266 42
      vertex 177.026 53.7306 42
      vertex 176.869 53.8686 42
    endloop
  endfacet
  facet normal 0 0 1
    outer loop
      vertex 175.172 52.1716 42
      vertex 176.869 53.8686 42
      vertex 176.731 54.026 42
    endloop
  endfacet
  facet normal 0 0 1
    outer loop
      vertex 174.827 52.565 42
      vertex 176.731 54.026 42
      vertex 176.614 54.2 42
    endloop
  endfacet
  facet normal 0 0 1
    outer loop
      vertex 174.536 53 42
      vertex 176.614 54.2 42
      vertex 176.522 54.3877 42
    endloop
  endfacet
  facet normal 0 0 1
    outer loop
      vertex 177.388 53.5218 42
      vertex 176.469 51.3045 42
      vertex 176.965 51.1363 42
    endloop
  endfacet
  facet normal 0 0 1
    outer loop
      vertex 174.304 53.4693 42
      vertex 176.522 54.3877 42
      vertex 176.455 54.5859 42
    endloop
  endfacet
  facet normal 0 0 1
    outer loop
      vertex 174.136 53.9647 42
      vertex 176.455 54.5859 42
      vertex 176.414 54.7912 42
    endloop
  endfacet
  facet normal 0 0 1
    outer loop
      vertex 174.034 54.4779 42
      vertex 176.414 54.7912 42
      vertex 176.4 55 42
    endloop
  endfacet
  facet normal 0 0 1
    outer loop
      vertex 176.614 55.8 42
      vertex 174.536 57 42
      vertex 176.522 55.6123 42
    endloop
  endfacet
  facet normal 0 0 1
    outer loop
      vertex 177.2 53.6144 42
      vertex 176 51.5359 42
      vertex 176.469 51.3045 42
    endloop
  endfacet
  facet normal -0 0 1
    outer loop
      vertex 174.304 56.5307 42
      vertex 176.522 55.6123 42
      vertex 174.536 57 42
    endloop
  endfacet
  facet normal 0 0 1
    outer loop
      vertex 177.026 53.7306 42
      vertex 175.565 51.8266 42
      vertex 176 51.5359 42
    endloop
  endfacet
  facet normal 0 0 1
    outer loop
      vertex 176.522 55.6123 42
      vertex 174.304 56.5307 42
      vertex 176.455 55.4141 42
    endloop
  endfacet
  facet normal 0 0 1
    outer loop
      vertex 176.869 53.8686 42
      vertex 175.172 52.1716 42
      vertex 175.565 51.8266 42
    endloop
  endfacet
  facet normal -0 0 1
    outer loop
      vertex 174.136 56.0353 42
      vertex 176.455 55.4141 42
      vertex 174.304 56.5307 42
    endloop
  endfacet
  facet normal 0 0 1
    outer loop
      vertex 176.731 54.026 42
      vertex 174.827 52.565 42
      vertex 175.172 52.1716 42
    endloop
  endfacet
  facet normal 0 0 1
    outer loop
      vertex 176.455 55.4141 42
      vertex 174.136 56.0353 42
      vertex 176.414 55.2088 42
    endloop
  endfacet
  facet normal 0 0 1
    outer loop
      vertex 176.614 54.2 42
      vertex 174.536 53 42
      vertex 174.827 52.565 42
    endloop
  endfacet
  facet normal -0 0 1
    outer loop
      vertex 174.034 55.5221 42
      vertex 176.414 55.2088 42
      vertex 174.136 56.0353 42
    endloop
  endfacet
  facet normal 0 0 1
    outer loop
      vertex 176.522 54.3877 42
      vertex 174.304 53.4693 42
      vertex 174.536 53 42
    endloop
  endfacet
  facet normal 0 0 1
    outer loop
      vertex 176.414 55.2088 42
      vertex 174.034 55.5221 42
      vertex 176.4 55 42
    endloop
  endfacet
  facet normal 0 0 1
    outer loop
      vertex 176.455 54.5859 42
      vertex 174.136 53.9647 42
      vertex 174.304 53.4693 42
    endloop
  endfacet
  facet normal 0 0 1
    outer loop
      vertex 174 55 42
      vertex 176.4 55 42
      vertex 174.034 55.5221 42
    endloop
  endfacet
  facet normal 0 0 1
    outer loop
      vertex 176.414 54.7912 42
      vertex 174.034 54.4779 42
      vertex 174.136 53.9647 42
    endloop
  endfacet
  facet normal 0 0 1
    outer loop
      vertex 176.4 55 42
      vertex 174 55 42
      vertex 174.034 54.4779 42
    endloop
  endfacet
  facet normal 1 -0 0
    outer loop
      vertex 209 49.5 13
      vertex 209 132.5 10
      vertex 209 132.5 13
    endloop
  endfacet
  facet normal 1 0 0
    outer loop
      vertex 209 132.5 10
      vertex 209 49.5 13
      vertex 209 49.5 10
    endloop
  endfacet
  facet normal 0 0 1
    outer loop
      vertex 26.6253 171.541 74.2
      vertex 11.916 168.188 74.2
      vertex 26.6253 169.667 74.2
    endloop
  endfacet
  facet normal 0 0 1
    outer loop
      vertex 11.916 168.188 74.2
      vertex 9.83552 94.3263 74.2
      vertex 11.916 13.8117 74.2
    endloop
  endfacet
  facet normal -0 0 1
    outer loop
      vertex 8.62528 171.541 74.2
      vertex 11.916 168.188 74.2
      vertex 26.6253 171.541 74.2
    endloop
  endfacet
  facet normal 0 0 1
    outer loop
      vertex 8.62528 94.9615 74.2
      vertex 11.916 168.188 74.2
      vertex 8.62528 171.541 74.2
    endloop
  endfacet
  facet normal 0 0 1
    outer loop
      vertex 11.916 168.188 74.2
      vertex 8.62528 94.9615 74.2
      vertex 9.83552 94.3263 74.2
    endloop
  endfacet
  facet normal 0 0 1
    outer loop
      vertex 40.614 170.578 74.2
      vertex 33.614 170.578 74.2
      vertex 40.614 169.663 74.2
    endloop
  endfacet
  facet normal 0 0 1
    outer loop
      vertex 55.614 170.578 74.2
      vertex 48.614 170.578 74.2
      vertex 55.614 169.663 74.2
    endloop
  endfacet
  facet normal 0 0 1
    outer loop
      vertex 70.614 170.578 74.2
      vertex 63.614 170.578 74.2
      vertex 70.614 169.663 74.2
    endloop
  endfacet
  facet normal 0 0 1
    outer loop
      vertex 85.614 170.578 74.2
      vertex 78.614 170.578 74.2
      vertex 85.614 169.663 74.2
    endloop
  endfacet
  facet normal 0 0 1
    outer loop
      vertex 100.614 170.578 74.2
      vertex 93.614 170.578 74.2
      vertex 100.614 169.663 74.2
    endloop
  endfacet
  facet normal 0 0 1
    outer loop
      vertex 115.614 170.578 74.2
      vertex 108.614 170.578 74.2
      vertex 115.614 169.663 74.2
    endloop
  endfacet
  facet normal 0 0 1
    outer loop
      vertex 130.614 170.578 74.2
      vertex 123.614 170.578 74.2
      vertex 130.614 169.663 74.2
    endloop
  endfacet
  facet normal 0 0 1
    outer loop
      vertex 145.614 170.578 74.2
      vertex 138.614 170.578 74.2
      vertex 145.614 169.663 74.2
    endloop
  endfacet
  facet normal 0 0 1
    outer loop
      vertex 160.614 170.578 74.2
      vertex 153.614 170.578 74.2
      vertex 160.614 169.663 74.2
    endloop
  endfacet
  facet normal -0 0 1
    outer loop
      vertex 196.084 168.188 74.2
      vertex 199.375 102 74.2
      vertex 199.375 171.541 74.2
    endloop
  endfacet
  facet normal 0 0 1
    outer loop
      vertex 199.375 102 74.2
      vertex 196.084 168.188 74.2
      vertex 199.372 102 74.2
    endloop
  endfacet
  facet normal -0 0 1
    outer loop
      vertex 181.375 171.541 74.2
      vertex 196.084 168.188 74.2
      vertex 199.375 171.541 74.2
    endloop
  endfacet
  facet normal -0 0 1
    outer loop
      vertex 181.375 169.667 74.2
      vertex 196.084 168.188 74.2
      vertex 181.375 171.541 74.2
    endloop
  endfacet
  facet normal -0 0 1
    outer loop
      vertex 181.372 169.663 74.2
      vertex 196.084 168.188 74.2
      vertex 181.375 169.667 74.2
    endloop
  endfacet
  facet normal -0 0 1
    outer loop
      vertex 160.614 169.663 74.2
      vertex 196.084 168.188 74.2
      vertex 181.372 169.663 74.2
    endloop
  endfacet
  facet normal 0 0 1
    outer loop
      vertex 153.614 169.663 74.2
      vertex 160.614 169.663 74.2
      vertex 153.614 170.578 74.2
    endloop
  endfacet
  facet normal -0 0 1
    outer loop
      vertex 153.614 169.663 74.2
      vertex 196.084 168.188 74.2
      vertex 160.614 169.663 74.2
    endloop
  endfacet
  facet normal -0 0 1
    outer loop
      vertex 145.614 169.663 74.2
      vertex 196.084 168.188 74.2
      vertex 153.614 169.663 74.2
    endloop
  endfacet
  facet normal 0 0 1
    outer loop
      vertex 138.614 169.663 74.2
      vertex 145.614 169.663 74.2
      vertex 138.614 170.578 74.2
    endloop
  endfacet
  facet normal -0 0 1
    outer loop
      vertex 138.614 169.663 74.2
      vertex 196.084 168.188 74.2
      vertex 145.614 169.663 74.2
    endloop
  endfacet
  facet normal -0 0 1
    outer loop
      vertex 130.614 169.663 74.2
      vertex 196.084 168.188 74.2
      vertex 138.614 169.663 74.2
    endloop
  endfacet
  facet normal 0 0 1
    outer loop
      vertex 123.614 169.663 74.2
      vertex 130.614 169.663 74.2
      vertex 123.614 170.578 74.2
    endloop
  endfacet
  facet normal -0 0 1
    outer loop
      vertex 123.614 169.663 74.2
      vertex 196.084 168.188 74.2
      vertex 130.614 169.663 74.2
    endloop
  endfacet
  facet normal -0 0 1
    outer loop
      vertex 115.614 169.663 74.2
      vertex 196.084 168.188 74.2
      vertex 123.614 169.663 74.2
    endloop
  endfacet
  facet normal 0 0 1
    outer loop
      vertex 108.614 169.663 74.2
      vertex 115.614 169.663 74.2
      vertex 108.614 170.578 74.2
    endloop
  endfacet
  facet normal -0 0 1
    outer loop
      vertex 108.614 169.663 74.2
      vertex 196.084 168.188 74.2
      vertex 115.614 169.663 74.2
    endloop
  endfacet
  facet normal -0 0 1
    outer loop
      vertex 100.614 169.663 74.2
      vertex 196.084 168.188 74.2
      vertex 108.614 169.663 74.2
    endloop
  endfacet
  facet normal 0 0 1
    outer loop
      vertex 93.614 169.663 74.2
      vertex 100.614 169.663 74.2
      vertex 93.614 170.578 74.2
    endloop
  endfacet
  facet normal -0 0 1
    outer loop
      vertex 93.614 169.663 74.2
      vertex 196.084 168.188 74.2
      vertex 100.614 169.663 74.2
    endloop
  endfacet
  facet normal -0 0 1
    outer loop
      vertex 85.614 169.663 74.2
      vertex 196.084 168.188 74.2
      vertex 93.614 169.663 74.2
    endloop
  endfacet
  facet normal 0 0 1
    outer loop
      vertex 78.614 169.663 74.2
      vertex 85.614 169.663 74.2
      vertex 78.614 170.578 74.2
    endloop
  endfacet
  facet normal -0 0 1
    outer loop
      vertex 78.614 169.663 74.2
      vertex 196.084 168.188 74.2
      vertex 85.614 169.663 74.2
    endloop
  endfacet
  facet normal 0 0 1
    outer loop
      vertex 11.916 168.188 74.2
      vertex 78.614 169.663 74.2
      vertex 70.614 169.663 74.2
    endloop
  endfacet
  facet normal 0 0 1
    outer loop
      vertex 63.614 169.663 74.2
      vertex 70.614 169.663 74.2
      vertex 63.614 170.578 74.2
    endloop
  endfacet
  facet normal 0 0 1
    outer loop
      vertex 11.916 168.188 74.2
      vertex 70.614 169.663 74.2
      vertex 63.614 169.663 74.2
    endloop
  endfacet
  facet normal 0 0 1
    outer loop
      vertex 11.916 168.188 74.2
      vertex 63.614 169.663 74.2
      vertex 55.614 169.663 74.2
    endloop
  endfacet
  facet normal 0 0 1
    outer loop
      vertex 48.614 169.663 74.2
      vertex 55.614 169.663 74.2
      vertex 48.614 170.578 74.2
    endloop
  endfacet
  facet normal 0 0 1
    outer loop
      vertex 11.916 168.188 74.2
      vertex 55.614 169.663 74.2
      vertex 48.614 169.663 74.2
    endloop
  endfacet
  facet normal 0 0 1
    outer loop
      vertex 11.916 168.188 74.2
      vertex 48.614 169.663 74.2
      vertex 40.614 169.663 74.2
    endloop
  endfacet
  facet normal 0 0 1
    outer loop
      vertex 33.614 169.663 74.2
      vertex 40.614 169.663 74.2
      vertex 33.614 170.578 74.2
    endloop
  endfacet
  facet normal 0 0 1
    outer loop
      vertex 11.916 168.188 74.2
      vertex 40.614 169.663 74.2
      vertex 33.614 169.663 74.2
    endloop
  endfacet
  facet normal 0 0 1
    outer loop
      vertex 11.916 168.188 74.2
      vertex 33.614 169.663 74.2
      vertex 26.628 169.663 74.2
    endloop
  endfacet
  facet normal 0 0 1
    outer loop
      vertex 78.614 169.663 74.2
      vertex 11.916 168.188 74.2
      vertex 196.084 168.188 74.2
    endloop
  endfacet
  facet normal 0 0 1
    outer loop
      vertex 11.916 168.188 74.2
      vertex 26.628 169.663 74.2
      vertex 26.6253 169.667 74.2
    endloop
  endfacet
  facet normal 0 0 1
    outer loop
      vertex 199.372 102 74.2
      vertex 196.084 168.188 74.2
      vertex 196.084 101.944 74.2
    endloop
  endfacet
  facet normal 0 0 1
    outer loop
      vertex 196.084 13.8117 74.2
      vertex 181.372 12.3367 74.2
      vertex 181.375 12.3331 74.2
    endloop
  endfacet
  facet normal 0 0 1
    outer loop
      vertex 196.084 13.8117 74.2
      vertex 26.628 12.3367 74.2
      vertex 181.372 12.3367 74.2
    endloop
  endfacet
  facet normal -0 0 1
    outer loop
      vertex 11.916 13.8117 74.2
      vertex 26.628 12.3367 74.2
      vertex 196.084 13.8117 74.2
    endloop
  endfacet
  facet normal 0 0 1
    outer loop
      vertex 11.916 13.8117 74.2
      vertex 26.6253 12.3331 74.2
      vertex 26.628 12.3367 74.2
    endloop
  endfacet
  facet normal 0 0 1
    outer loop
      vertex 11.916 13.8117 74.2
      vertex 26.6253 10.4592 74.2
      vertex 26.6253 12.3331 74.2
    endloop
  endfacet
  facet normal -0 0 1
    outer loop
      vertex 9.83552 87.6737 74.2
      vertex 11.916 13.8117 74.2
      vertex 9.83552 94.3263 74.2
    endloop
  endfacet
  facet normal -0 0 1
    outer loop
      vertex 8.62528 87.0385 74.2
      vertex 11.916 13.8117 74.2
      vertex 9.83552 87.6737 74.2
    endloop
  endfacet
  facet normal 0 0 1
    outer loop
      vertex 11.916 13.8117 74.2
      vertex 8.62528 10.4592 74.2
      vertex 26.6253 10.4592 74.2
    endloop
  endfacet
  facet normal 0 0 1
    outer loop
      vertex 8.62528 10.4592 74.2
      vertex 11.916 13.8117 74.2
      vertex 8.62528 87.0385 74.2
    endloop
  endfacet
  facet normal 0 0 1
    outer loop
      vertex 196.084 13.8117 74.2
      vertex 199.375 80 74.2
      vertex 199.372 80 74.2
    endloop
  endfacet
  facet normal 0 0 1
    outer loop
      vertex 196.084 13.8117 74.2
      vertex 199.372 80 74.2
      vertex 196.084 80.0558 74.2
    endloop
  endfacet
  facet normal 0 0 1
    outer loop
      vertex 199.375 80 74.2
      vertex 196.084 13.8117 74.2
      vertex 199.375 10.4592 74.2
    endloop
  endfacet
  facet normal 0 0 1
    outer loop
      vertex 181.375 10.4592 74.2
      vertex 196.084 13.8117 74.2
      vertex 181.375 12.3331 74.2
    endloop
  endfacet
  facet normal 0 0 1
    outer loop
      vertex 196.084 13.8117 74.2
      vertex 181.375 10.4592 74.2
      vertex 199.375 10.4592 74.2
    endloop
  endfacet
  facet normal -1 0 0
    outer loop
      vertex -1 49.5 10
      vertex -1 132.5 13
      vertex -1 132.5 10
    endloop
  endfacet
  facet normal -1 -0 0
    outer loop
      vertex -1 132.5 13
      vertex -1 49.5 10
      vertex -1 49.5 13
    endloop
  endfacet
endsolid OpenSCAD_Model
