solid OpenSCAD_Model
  facet normal 1 -0 0
    outer loop
      vertex 54 0 3
      vertex 54 14 0
      vertex 54 14 3
    endloop
  endfacet
  facet normal 1 0 0
    outer loop
      vertex 54 14 0
      vertex 54 0 3
      vertex 54 0 0
    endloop
  endfacet
  facet normal -0 0 1
    outer loop
      vertex 0 14 3
      vertex 0.5 0 3
      vertex 0.5 14 3
    endloop
  endfacet
  facet normal 0 0 1
    outer loop
      vertex 0.5 0 3
      vertex 0 14 3
      vertex 0 0 3
    endloop
  endfacet
  facet normal -0 0 1
    outer loop
      vertex 49.8 14 3
      vertex 54 0 3
      vertex 54 14 3
    endloop
  endfacet
  facet normal 0 0 1
    outer loop
      vertex 54 0 3
      vertex 49.8 14 3
      vertex 49.8 0 3
    endloop
  endfacet
  facet normal 0 0 1
    outer loop
      vertex 13.2935 7.94447 3
      vertex 20.4 10.0382 3
      vertex 20.3596 10.8647 3
    endloop
  endfacet
  facet normal 0 0 1
    outer loop
      vertex 13.1941 8.07847 3
      vertex 20.3596 10.8647 3
      vertex 20.2386 11.6832 3
    endloop
  endfacet
  facet normal 0 0 1
    outer loop
      vertex 20.4 10.0382 3
      vertex 13.2935 7.94447 3
      vertex 20.3596 9.21171 3
    endloop
  endfacet
  facet normal 0 0 1
    outer loop
      vertex 13.0821 8.20208 3
      vertex 20.2386 11.6832 3
      vertex 20.0383 12.4859 3
    endloop
  endfacet
  facet normal 0 -0 1
    outer loop
      vertex 13.3793 7.80137 3
      vertex 20.3596 9.21171 3
      vertex 13.2935 7.94447 3
    endloop
  endfacet
  facet normal 0 0 1
    outer loop
      vertex 13.0821 8.20208 3
      vertex 20.0383 12.4859 3
      vertex 19.7606 13.265 3
    endloop
  endfacet
  facet normal 0 0 1
    outer loop
      vertex 20.3596 9.21171 3
      vertex 13.3793 7.80137 3
      vertex 20.2386 8.39318 3
    endloop
  endfacet
  facet normal 0 0 1
    outer loop
      vertex 12.9585 8.31412 3
      vertex 19.7606 13.265 3
      vertex 19.4143 14 3
    endloop
  endfacet
  facet normal 0 -0 1
    outer loop
      vertex 13.4506 7.65056 3
      vertex 20.2386 8.39318 3
      vertex 13.3793 7.80137 3
    endloop
  endfacet
  facet normal 0 -0 1
    outer loop
      vertex 13.5068 7.49348 3
      vertex 20.0383 7.59049 3
      vertex 13.4506 7.65056 3
    endloop
  endfacet
  facet normal 0 0 1
    outer loop
      vertex 20.0383 7.59049 3
      vertex 13.5068 7.49348 3
      vertex 19.7606 6.81138 3
    endloop
  endfacet
  facet normal 0 0 1
    outer loop
      vertex 19.7606 6.81138 3
      vertex 13.5473 7.33165 3
      vertex 19.4081 6.06334 3
    endloop
  endfacet
  facet normal 0 0 1
    outer loop
      vertex 19.4081 6.06334 3
      vertex 13.5718 7.16663 3
      vertex 18.9843 5.35358 3
    endloop
  endfacet
  facet normal -0 0 1
    outer loop
      vertex 13.5718 6.83337 3
      vertex 18.9843 5.35358 3
      vertex 13.58 7 3
    endloop
  endfacet
  facet normal 0 0 1
    outer loop
      vertex 18.9843 5.35358 3
      vertex 13.5718 6.83337 3
      vertex 18.4933 4.68894 3
    endloop
  endfacet
  facet normal 0 0 1
    outer loop
      vertex 18.4933 4.68894 3
      vertex 13.5473 6.66835 3
      vertex 17.9397 4.07581 3
    endloop
  endfacet
  facet normal 0 0 1
    outer loop
      vertex 17.9397 4.07581 3
      vertex 13.5068 6.50652 3
      vertex 17.3289 3.52011 3
    endloop
  endfacet
  facet normal -0 0 1
    outer loop
      vertex 13.3793 6.19862 3
      vertex 17.3289 3.52011 3
      vertex 13.4506 6.34944 3
    endloop
  endfacet
  facet normal -0 0 1
    outer loop
      vertex 13.4506 6.34944 3
      vertex 17.3289 3.52011 3
      vertex 13.5068 6.50652 3
    endloop
  endfacet
  facet normal -0 0 1
    outer loop
      vertex 13.5068 6.50652 3
      vertex 17.9397 4.07581 3
      vertex 13.5473 6.66835 3
    endloop
  endfacet
  facet normal -0 0 1
    outer loop
      vertex 13.5473 6.66835 3
      vertex 18.4933 4.68894 3
      vertex 13.5718 6.83337 3
    endloop
  endfacet
  facet normal -0 -0 1
    outer loop
      vertex 13.58 7 3
      vertex 18.9843 5.35358 3
      vertex 13.5718 7.16663 3
    endloop
  endfacet
  facet normal -0 -0 1
    outer loop
      vertex 13.5718 7.16663 3
      vertex 19.4081 6.06334 3
      vertex 13.5473 7.33165 3
    endloop
  endfacet
  facet normal -0 -0 1
    outer loop
      vertex 13.5473 7.33165 3
      vertex 19.7606 6.81138 3
      vertex 13.5068 7.49348 3
    endloop
  endfacet
  facet normal 0 0 1
    outer loop
      vertex 20.2386 8.39318 3
      vertex 13.4506 7.65056 3
      vertex 20.0383 7.59049 3
    endloop
  endfacet
  facet normal 0 0 1
    outer loop
      vertex 20.3596 10.8647 3
      vertex 13.1941 8.07847 3
      vertex 13.2935 7.94447 3
    endloop
  endfacet
  facet normal 0 0 1
    outer loop
      vertex 20.2386 11.6832 3
      vertex 13.0821 8.20208 3
      vertex 13.1941 8.07847 3
    endloop
  endfacet
  facet normal 0 0 1
    outer loop
      vertex 19.7606 13.265 3
      vertex 12.9585 8.31412 3
      vertex 13.0821 8.20208 3
    endloop
  endfacet
  facet normal 0 0 1
    outer loop
      vertex 19.4143 14 3
      vertex 12.8245 8.4135 3
      vertex 12.9585 8.31412 3
    endloop
  endfacet
  facet normal 0 0 1
    outer loop
      vertex 19.4143 14 3
      vertex 12.6814 8.49927 3
      vertex 12.8245 8.4135 3
    endloop
  endfacet
  facet normal 0 0 1
    outer loop
      vertex 19.4143 14 3
      vertex 12.5306 8.57059 3
      vertex 12.6814 8.49927 3
    endloop
  endfacet
  facet normal 0 0 1
    outer loop
      vertex 19.4143 14 3
      vertex 12.3735 8.6268 3
      vertex 12.5306 8.57059 3
    endloop
  endfacet
  facet normal 0 0 1
    outer loop
      vertex 19.4143 14 3
      vertex 12.2117 8.66733 3
      vertex 12.3735 8.6268 3
    endloop
  endfacet
  facet normal 0 0 1
    outer loop
      vertex 19.4143 14 3
      vertex 12.0466 8.69181 3
      vertex 12.2117 8.66733 3
    endloop
  endfacet
  facet normal 0 0 1
    outer loop
      vertex 19.4143 14 3
      vertex 11.88 8.7 3
      vertex 12.0466 8.69181 3
    endloop
  endfacet
  facet normal -0 0 1
    outer loop
      vertex 4.58571 14 3
      vertex 11.88 8.7 3
      vertex 19.4143 14 3
    endloop
  endfacet
  facet normal 0 0 1
    outer loop
      vertex 11.88 8.7 3
      vertex 4.58571 14 3
      vertex 11.7134 8.69181 3
    endloop
  endfacet
  facet normal 0 0 1
    outer loop
      vertex 11.7134 8.69181 3
      vertex 4.58571 14 3
      vertex 11.5483 8.66733 3
    endloop
  endfacet
  facet normal 0 0 1
    outer loop
      vertex 11.5483 8.66733 3
      vertex 4.58571 14 3
      vertex 11.3865 8.6268 3
    endloop
  endfacet
  facet normal 0 0 1
    outer loop
      vertex 11.3865 8.6268 3
      vertex 4.58571 14 3
      vertex 11.2294 8.57059 3
    endloop
  endfacet
  facet normal 0 0 1
    outer loop
      vertex 11.2294 8.57059 3
      vertex 4.58571 14 3
      vertex 11.0786 8.49927 3
    endloop
  endfacet
  facet normal 0 0 1
    outer loop
      vertex 4.59186 6.06334 3
      vertex 10.18 7 3
      vertex 10.1882 7.16663 3
    endloop
  endfacet
  facet normal 0 0 1
    outer loop
      vertex 10.18 7 3
      vertex 8.78546 2.24797 3
      vertex 9.56161 1.96919 3
    endloop
  endfacet
  facet normal 0 0 1
    outer loop
      vertex 4.59186 6.06334 3
      vertex 10.1882 7.16663 3
      vertex 10.2127 7.33165 3
    endloop
  endfacet
  facet normal 0 0 1
    outer loop
      vertex 4.23941 6.81138 3
      vertex 10.2127 7.33165 3
      vertex 10.2532 7.49348 3
    endloop
  endfacet
  facet normal 0 0 1
    outer loop
      vertex 10.18 7 3
      vertex 8.04027 2.60176 3
      vertex 8.78546 2.24797 3
    endloop
  endfacet
  facet normal -0 0 1
    outer loop
      vertex 3.9617 7.59049 3
      vertex 10.2532 7.49348 3
      vertex 10.3094 7.65056 3
    endloop
  endfacet
  facet normal 0 0 1
    outer loop
      vertex 10.18 7 3
      vertex 7.33321 3.02717 3
      vertex 8.04027 2.60176 3
    endloop
  endfacet
  facet normal 0 0 1
    outer loop
      vertex 3.7614 8.39318 3
      vertex 10.3094 7.65056 3
      vertex 10.3807 7.80137 3
    endloop
  endfacet
  facet normal 0 0 1
    outer loop
      vertex 3.64045 9.21171 3
      vertex 10.3807 7.80137 3
      vertex 10.4665 7.94447 3
    endloop
  endfacet
  facet normal 0 0 1
    outer loop
      vertex 10.18 7 3
      vertex 6.6711 3.52011 3
      vertex 7.33321 3.02717 3
    endloop
  endfacet
  facet normal 0 0 1
    outer loop
      vertex 3.6 10.0382 3
      vertex 10.4665 7.94447 3
      vertex 10.5659 8.07847 3
    endloop
  endfacet
  facet normal 0 0 1
    outer loop
      vertex 10.18 7 3
      vertex 6.0603 4.07581 3
      vertex 6.6711 3.52011 3
    endloop
  endfacet
  facet normal 0 0 1
    outer loop
      vertex 3.7614 11.6832 3
      vertex 10.5659 8.07847 3
      vertex 10.6779 8.20208 3
    endloop
  endfacet
  facet normal 0 0 1
    outer loop
      vertex 3.9617 12.4859 3
      vertex 10.6779 8.20208 3
      vertex 10.8015 8.31412 3
    endloop
  endfacet
  facet normal 0 0 1
    outer loop
      vertex 10.18 7 3
      vertex 5.50671 4.68894 3
      vertex 6.0603 4.07581 3
    endloop
  endfacet
  facet normal 0 0 1
    outer loop
      vertex 4.23941 13.265 3
      vertex 10.8015 8.31412 3
      vertex 10.9355 8.4135 3
    endloop
  endfacet
  facet normal 0 0 1
    outer loop
      vertex 10.18 7 3
      vertex 5.01565 5.35358 3
      vertex 5.50671 4.68894 3
    endloop
  endfacet
  facet normal 0 0 1
    outer loop
      vertex 11.0786 8.49927 3
      vertex 4.58571 14 3
      vertex 10.9355 8.4135 3
    endloop
  endfacet
  facet normal 0 0 1
    outer loop
      vertex 10.18 7 3
      vertex 4.59186 6.06334 3
      vertex 5.01565 5.35358 3
    endloop
  endfacet
  facet normal -0 0 1
    outer loop
      vertex 4.23941 13.265 3
      vertex 10.9355 8.4135 3
      vertex 4.58571 14 3
    endloop
  endfacet
  facet normal 0 0 1
    outer loop
      vertex 10.8015 8.31412 3
      vertex 4.23941 13.265 3
      vertex 3.9617 12.4859 3
    endloop
  endfacet
  facet normal 0 0 1
    outer loop
      vertex 10.2127 7.33165 3
      vertex 4.23941 6.81138 3
      vertex 4.59186 6.06334 3
    endloop
  endfacet
  facet normal 0 0 1
    outer loop
      vertex 10.6779 8.20208 3
      vertex 3.9617 12.4859 3
      vertex 3.7614 11.6832 3
    endloop
  endfacet
  facet normal 0 0 1
    outer loop
      vertex 10.2532 7.49348 3
      vertex 3.9617 7.59049 3
      vertex 4.23941 6.81138 3
    endloop
  endfacet
  facet normal 0 0 1
    outer loop
      vertex 10.5659 8.07847 3
      vertex 3.7614 11.6832 3
      vertex 3.64045 10.8647 3
    endloop
  endfacet
  facet normal 0 0 1
    outer loop
      vertex 10.3094 7.65056 3
      vertex 3.7614 8.39318 3
      vertex 3.9617 7.59049 3
    endloop
  endfacet
  facet normal 0 0 1
    outer loop
      vertex 10.5659 8.07847 3
      vertex 3.64045 10.8647 3
      vertex 3.6 10.0382 3
    endloop
  endfacet
  facet normal 0 0 1
    outer loop
      vertex 10.3807 7.80137 3
      vertex 3.64045 9.21171 3
      vertex 3.7614 8.39318 3
    endloop
  endfacet
  facet normal 0 0 1
    outer loop
      vertex 10.4665 7.94447 3
      vertex 3.6 10.0382 3
      vertex 3.64045 9.21171 3
    endloop
  endfacet
  facet normal 0 0 1
    outer loop
      vertex 17.3289 3.52011 3
      vertex 13.3793 6.19862 3
      vertex 16.6668 3.02717 3
    endloop
  endfacet
  facet normal -0 0 1
    outer loop
      vertex 13.2935 6.05553 3
      vertex 16.6668 3.02717 3
      vertex 13.3793 6.19862 3
    endloop
  endfacet
  facet normal 0 0 1
    outer loop
      vertex 16.6668 3.02717 3
      vertex 13.2935 6.05553 3
      vertex 15.9597 2.60176 3
    endloop
  endfacet
  facet normal -0 0 1
    outer loop
      vertex 13.1941 5.92153 3
      vertex 15.9597 2.60176 3
      vertex 13.2935 6.05553 3
    endloop
  endfacet
  facet normal -0 0 1
    outer loop
      vertex 13.0821 5.79792 3
      vertex 15.9597 2.60176 3
      vertex 13.1941 5.92153 3
    endloop
  endfacet
  facet normal 0 0 1
    outer loop
      vertex 15.9597 2.60176 3
      vertex 13.0821 5.79792 3
      vertex 15.2145 2.24797 3
    endloop
  endfacet
  facet normal -0 0 1
    outer loop
      vertex 12.9585 5.68588 3
      vertex 15.2145 2.24797 3
      vertex 13.0821 5.79792 3
    endloop
  endfacet
  facet normal 0 0 1
    outer loop
      vertex 15.2145 2.24797 3
      vertex 12.9585 5.68588 3
      vertex 14.4384 1.96919 3
    endloop
  endfacet
  facet normal -0 0 1
    outer loop
      vertex 12.8245 5.5865 3
      vertex 14.4384 1.96919 3
      vertex 12.9585 5.68588 3
    endloop
  endfacet
  facet normal -0 0 1
    outer loop
      vertex 12.6814 5.50073 3
      vertex 14.4384 1.96919 3
      vertex 12.8245 5.5865 3
    endloop
  endfacet
  facet normal 0 0 1
    outer loop
      vertex 14.4384 1.96919 3
      vertex 12.6814 5.50073 3
      vertex 13.6388 1.76813 3
    endloop
  endfacet
  facet normal -0 0 1
    outer loop
      vertex 12.5306 5.4294 3
      vertex 13.6388 1.76813 3
      vertex 12.6814 5.50073 3
    endloop
  endfacet
  facet normal -0 0 1
    outer loop
      vertex 12.3735 5.3732 3
      vertex 13.6388 1.76813 3
      vertex 12.5306 5.4294 3
    endloop
  endfacet
  facet normal 0 0 1
    outer loop
      vertex 13.6388 1.76813 3
      vertex 12.3735 5.3732 3
      vertex 12.8233 1.64671 3
    endloop
  endfacet
  facet normal -0 0 1
    outer loop
      vertex 12.2117 5.33266 3
      vertex 12.8233 1.64671 3
      vertex 12.3735 5.3732 3
    endloop
  endfacet
  facet normal -0 0 1
    outer loop
      vertex 12.0466 5.30819 3
      vertex 12.8233 1.64671 3
      vertex 12.2117 5.33266 3
    endloop
  endfacet
  facet normal 0 0 1
    outer loop
      vertex 12.0466 5.30819 3
      vertex 12 1.60611 3
      vertex 12.8233 1.64671 3
    endloop
  endfacet
  facet normal -0 0 1
    outer loop
      vertex 11.88 5.3 3
      vertex 12 1.60611 3
      vertex 12.0466 5.30819 3
    endloop
  endfacet
  facet normal 0 0 1
    outer loop
      vertex 11.7134 5.30819 3
      vertex 12 1.60611 3
      vertex 11.88 5.3 3
    endloop
  endfacet
  facet normal 0 0 1
    outer loop
      vertex 11.1767 1.64671 3
      vertex 11.7134 5.30819 3
      vertex 11.5483 5.33266 3
    endloop
  endfacet
  facet normal 0 0 1
    outer loop
      vertex 10.3612 1.76813 3
      vertex 11.5483 5.33266 3
      vertex 11.3865 5.3732 3
    endloop
  endfacet
  facet normal 0 0 1
    outer loop
      vertex 10.3612 1.76813 3
      vertex 11.3865 5.3732 3
      vertex 11.2294 5.4294 3
    endloop
  endfacet
  facet normal 0 0 1
    outer loop
      vertex 11.7134 5.30819 3
      vertex 11.1767 1.64671 3
      vertex 12 1.60611 3
    endloop
  endfacet
  facet normal 0 0 1
    outer loop
      vertex 9.56161 1.96919 3
      vertex 11.2294 5.4294 3
      vertex 11.0786 5.50073 3
    endloop
  endfacet
  facet normal 0 0 1
    outer loop
      vertex 9.56161 1.96919 3
      vertex 11.0786 5.50073 3
      vertex 10.9355 5.5865 3
    endloop
  endfacet
  facet normal 0 0 1
    outer loop
      vertex 9.56161 1.96919 3
      vertex 10.9355 5.5865 3
      vertex 10.8015 5.68588 3
    endloop
  endfacet
  facet normal 0 0 1
    outer loop
      vertex 9.56161 1.96919 3
      vertex 10.8015 5.68588 3
      vertex 10.6779 5.79792 3
    endloop
  endfacet
  facet normal 0 0 1
    outer loop
      vertex 9.56161 1.96919 3
      vertex 10.6779 5.79792 3
      vertex 10.5659 5.92153 3
    endloop
  endfacet
  facet normal 0 0 1
    outer loop
      vertex 9.56161 1.96919 3
      vertex 10.5659 5.92153 3
      vertex 10.4665 6.05553 3
    endloop
  endfacet
  facet normal 0 0 1
    outer loop
      vertex 9.56161 1.96919 3
      vertex 10.4665 6.05553 3
      vertex 10.3807 6.19862 3
    endloop
  endfacet
  facet normal 0 0 1
    outer loop
      vertex 11.5483 5.33266 3
      vertex 10.3612 1.76813 3
      vertex 11.1767 1.64671 3
    endloop
  endfacet
  facet normal 0 0 1
    outer loop
      vertex 9.56161 1.96919 3
      vertex 10.3807 6.19862 3
      vertex 10.3094 6.34944 3
    endloop
  endfacet
  facet normal 0 0 1
    outer loop
      vertex 9.56161 1.96919 3
      vertex 10.3094 6.34944 3
      vertex 10.2532 6.50652 3
    endloop
  endfacet
  facet normal 0 0 1
    outer loop
      vertex 9.56161 1.96919 3
      vertex 10.2532 6.50652 3
      vertex 10.2127 6.66835 3
    endloop
  endfacet
  facet normal 0 0 1
    outer loop
      vertex 9.56161 1.96919 3
      vertex 10.2127 6.66835 3
      vertex 10.1882 6.83337 3
    endloop
  endfacet
  facet normal 0 0 1
    outer loop
      vertex 9.56161 1.96919 3
      vertex 10.1882 6.83337 3
      vertex 10.18 7 3
    endloop
  endfacet
  facet normal 0 0 1
    outer loop
      vertex 11.2294 5.4294 3
      vertex 9.56161 1.96919 3
      vertex 10.3612 1.76813 3
    endloop
  endfacet
  facet normal 0 0 1
    outer loop
      vertex 43.0645 8.4135 3
      vertex 46.4 10.0382 3
      vertex 46.3596 10.8647 3
    endloop
  endfacet
  facet normal 0 0 1
    outer loop
      vertex 42.7706 8.57059 3
      vertex 46.3596 10.8647 3
      vertex 46.2386 11.6832 3
    endloop
  endfacet
  facet normal 0 0 1
    outer loop
      vertex 46.4 10.0382 3
      vertex 43.0645 8.4135 3
      vertex 43.1985 8.31412 3
    endloop
  endfacet
  facet normal 0 0 1
    outer loop
      vertex 42.6135 8.6268 3
      vertex 46.2386 11.6832 3
      vertex 46.0383 12.4859 3
    endloop
  endfacet
  facet normal 0 -0 1
    outer loop
      vertex 43.3221 8.20208 3
      vertex 46.3596 9.21171 3
      vertex 43.1985 8.31412 3
    endloop
  endfacet
  facet normal 0 0 1
    outer loop
      vertex 42.4517 8.66733 3
      vertex 46.0383 12.4859 3
      vertex 45.7606 13.265 3
    endloop
  endfacet
  facet normal 0 0 1
    outer loop
      vertex 46.3596 9.21171 3
      vertex 43.4341 8.07847 3
      vertex 46.2386 8.39318 3
    endloop
  endfacet
  facet normal 0 0 1
    outer loop
      vertex 42.2866 8.69181 3
      vertex 45.7606 13.265 3
      vertex 45.4143 14 3
    endloop
  endfacet
  facet normal 0 -0 1
    outer loop
      vertex 43.6193 7.80137 3
      vertex 46.2386 8.39318 3
      vertex 43.5335 7.94447 3
    endloop
  endfacet
  facet normal 0 -0 1
    outer loop
      vertex 43.7468 7.49348 3
      vertex 46.0383 7.59049 3
      vertex 43.6906 7.65056 3
    endloop
  endfacet
  facet normal -0 -0 1
    outer loop
      vertex 43.8118 7.16663 3
      vertex 45.7606 6.81138 3
      vertex 43.7873 7.33165 3
    endloop
  endfacet
  facet normal 0 0 1
    outer loop
      vertex 45.7606 6.81138 3
      vertex 43.8118 6.83337 3
      vertex 45.4081 6.06334 3
    endloop
  endfacet
  facet normal -0 0 1
    outer loop
      vertex 43.7468 6.50652 3
      vertex 45.4081 6.06334 3
      vertex 43.7873 6.66835 3
    endloop
  endfacet
  facet normal -0 0 1
    outer loop
      vertex 43.7873 6.66835 3
      vertex 45.4081 6.06334 3
      vertex 43.8118 6.83337 3
    endloop
  endfacet
  facet normal -0 0 1
    outer loop
      vertex 43.8118 6.83337 3
      vertex 45.7606 6.81138 3
      vertex 43.82 7 3
    endloop
  endfacet
  facet normal -0 -0 1
    outer loop
      vertex 43.82 7 3
      vertex 45.7606 6.81138 3
      vertex 43.8118 7.16663 3
    endloop
  endfacet
  facet normal 0 0 1
    outer loop
      vertex 46.0383 7.59049 3
      vertex 43.7873 7.33165 3
      vertex 45.7606 6.81138 3
    endloop
  endfacet
  facet normal 0 -0 1
    outer loop
      vertex 43.7873 7.33165 3
      vertex 46.0383 7.59049 3
      vertex 43.7468 7.49348 3
    endloop
  endfacet
  facet normal -0 -0 1
    outer loop
      vertex 43.6906 7.65056 3
      vertex 46.0383 7.59049 3
      vertex 43.6193 7.80137 3
    endloop
  endfacet
  facet normal 0 0 1
    outer loop
      vertex 46.2386 8.39318 3
      vertex 43.6193 7.80137 3
      vertex 46.0383 7.59049 3
    endloop
  endfacet
  facet normal 0 -0 1
    outer loop
      vertex 43.5335 7.94447 3
      vertex 46.2386 8.39318 3
      vertex 43.4341 8.07847 3
    endloop
  endfacet
  facet normal 0 -0 1
    outer loop
      vertex 43.4341 8.07847 3
      vertex 46.3596 9.21171 3
      vertex 43.3221 8.20208 3
    endloop
  endfacet
  facet normal 0 0 1
    outer loop
      vertex 46.4 10.0382 3
      vertex 43.1985 8.31412 3
      vertex 46.3596 9.21171 3
    endloop
  endfacet
  facet normal 0 0 1
    outer loop
      vertex 46.3596 10.8647 3
      vertex 42.9214 8.49927 3
      vertex 43.0645 8.4135 3
    endloop
  endfacet
  facet normal 0 0 1
    outer loop
      vertex 46.3596 10.8647 3
      vertex 42.7706 8.57059 3
      vertex 42.9214 8.49927 3
    endloop
  endfacet
  facet normal 0 0 1
    outer loop
      vertex 46.2386 11.6832 3
      vertex 42.6135 8.6268 3
      vertex 42.7706 8.57059 3
    endloop
  endfacet
  facet normal 0 0 1
    outer loop
      vertex 46.0383 12.4859 3
      vertex 42.4517 8.66733 3
      vertex 42.6135 8.6268 3
    endloop
  endfacet
  facet normal 0 0 1
    outer loop
      vertex 45.7606 13.265 3
      vertex 42.2866 8.69181 3
      vertex 42.4517 8.66733 3
    endloop
  endfacet
  facet normal 0 0 1
    outer loop
      vertex 45.4143 14 3
      vertex 42.12 8.7 3
      vertex 42.2866 8.69181 3
    endloop
  endfacet
  facet normal 0 0 1
    outer loop
      vertex 45.4143 14 3
      vertex 41.9534 8.69181 3
      vertex 42.12 8.7 3
    endloop
  endfacet
  facet normal 0 0 1
    outer loop
      vertex 45.4143 14 3
      vertex 41.7883 8.66733 3
      vertex 41.9534 8.69181 3
    endloop
  endfacet
  facet normal 0 0 1
    outer loop
      vertex 45.4143 14 3
      vertex 41.6265 8.6268 3
      vertex 41.7883 8.66733 3
    endloop
  endfacet
  facet normal 0 0 1
    outer loop
      vertex 45.4143 14 3
      vertex 41.4694 8.57059 3
      vertex 41.6265 8.6268 3
    endloop
  endfacet
  facet normal 0 0 1
    outer loop
      vertex 45.4143 14 3
      vertex 41.3186 8.49927 3
      vertex 41.4694 8.57059 3
    endloop
  endfacet
  facet normal -0 0 1
    outer loop
      vertex 30.5857 14 3
      vertex 41.3186 8.49927 3
      vertex 45.4143 14 3
    endloop
  endfacet
  facet normal 0 0 1
    outer loop
      vertex 41.3186 8.49927 3
      vertex 30.5857 14 3
      vertex 41.1755 8.4135 3
    endloop
  endfacet
  facet normal 0 0 1
    outer loop
      vertex 41.1755 8.4135 3
      vertex 30.5857 14 3
      vertex 41.0415 8.31412 3
    endloop
  endfacet
  facet normal 0 0 1
    outer loop
      vertex 41.0415 8.31412 3
      vertex 30.5857 14 3
      vertex 40.9179 8.20208 3
    endloop
  endfacet
  facet normal 0 0 1
    outer loop
      vertex 32.6711 3.52011 3
      vertex 40.42 7 3
      vertex 40.4282 7.16663 3
    endloop
  endfacet
  facet normal 0 0 1
    outer loop
      vertex 40.42 7 3
      vertex 38.8233 1.64671 3
      vertex 39.6388 1.76813 3
    endloop
  endfacet
  facet normal 0 0 1
    outer loop
      vertex 31.5067 4.68894 3
      vertex 40.4282 7.16663 3
      vertex 40.4527 7.33165 3
    endloop
  endfacet
  facet normal 0 0 1
    outer loop
      vertex 30.5919 6.06334 3
      vertex 40.4527 7.33165 3
      vertex 40.4932 7.49348 3
    endloop
  endfacet
  facet normal 0 0 1
    outer loop
      vertex 40.42 7 3
      vertex 38 1.60611 3
      vertex 38.8233 1.64671 3
    endloop
  endfacet
  facet normal 0 0 1
    outer loop
      vertex 29.7614 8.39318 3
      vertex 40.4932 7.49348 3
      vertex 40.5494 7.65056 3
    endloop
  endfacet
  facet normal 0 0 1
    outer loop
      vertex 40.42 7 3
      vertex 37.1767 1.64671 3
      vertex 38 1.60611 3
    endloop
  endfacet
  facet normal 0 0 1
    outer loop
      vertex 29.6 10.0382 3
      vertex 40.5494 7.65056 3
      vertex 40.6207 7.80137 3
    endloop
  endfacet
  facet normal 0 0 1
    outer loop
      vertex 40.42 7 3
      vertex 36.3612 1.76813 3
      vertex 37.1767 1.64671 3
    endloop
  endfacet
  facet normal 0 0 1
    outer loop
      vertex 29.9617 12.4859 3
      vertex 40.6207 7.80137 3
      vertex 40.7065 7.94447 3
    endloop
  endfacet
  facet normal 0 0 1
    outer loop
      vertex 40.42 7 3
      vertex 35.5616 1.96919 3
      vertex 36.3612 1.76813 3
    endloop
  endfacet
  facet normal 0 0 1
    outer loop
      vertex 30.5857 14 3
      vertex 40.7065 7.94447 3
      vertex 40.8059 8.07847 3
    endloop
  endfacet
  facet normal 0 0 1
    outer loop
      vertex 40.9179 8.20208 3
      vertex 30.5857 14 3
      vertex 40.8059 8.07847 3
    endloop
  endfacet
  facet normal 0 0 1
    outer loop
      vertex 40.42 7 3
      vertex 34.7855 2.24797 3
      vertex 35.5616 1.96919 3
    endloop
  endfacet
  facet normal 0 0 1
    outer loop
      vertex 40.42 7 3
      vertex 34.0403 2.60176 3
      vertex 34.7855 2.24797 3
    endloop
  endfacet
  facet normal 0 0 1
    outer loop
      vertex 40.42 7 3
      vertex 33.3332 3.02717 3
      vertex 34.0403 2.60176 3
    endloop
  endfacet
  facet normal 0 0 1
    outer loop
      vertex 40.42 7 3
      vertex 32.6711 3.52011 3
      vertex 33.3332 3.02717 3
    endloop
  endfacet
  facet normal 0 0 1
    outer loop
      vertex 40.4282 7.16663 3
      vertex 32.0603 4.07581 3
      vertex 32.6711 3.52011 3
    endloop
  endfacet
  facet normal 0 0 1
    outer loop
      vertex 40.4282 7.16663 3
      vertex 31.5067 4.68894 3
      vertex 32.0603 4.07581 3
    endloop
  endfacet
  facet normal 0 0 1
    outer loop
      vertex 40.4527 7.33165 3
      vertex 31.0157 5.35358 3
      vertex 31.5067 4.68894 3
    endloop
  endfacet
  facet normal 0 0 1
    outer loop
      vertex 40.4527 7.33165 3
      vertex 30.5919 6.06334 3
      vertex 31.0157 5.35358 3
    endloop
  endfacet
  facet normal 0 0 1
    outer loop
      vertex 40.7065 7.94447 3
      vertex 30.5857 14 3
      vertex 30.2394 13.265 3
    endloop
  endfacet
  facet normal 0 0 1
    outer loop
      vertex 40.7065 7.94447 3
      vertex 30.2394 13.265 3
      vertex 29.9617 12.4859 3
    endloop
  endfacet
  facet normal 0 0 1
    outer loop
      vertex 40.4932 7.49348 3
      vertex 30.2394 6.81138 3
      vertex 30.5919 6.06334 3
    endloop
  endfacet
  facet normal 0 0 1
    outer loop
      vertex 40.6207 7.80137 3
      vertex 29.9617 12.4859 3
      vertex 29.7614 11.6832 3
    endloop
  endfacet
  facet normal 0 0 1
    outer loop
      vertex 40.4932 7.49348 3
      vertex 29.9617 7.59049 3
      vertex 30.2394 6.81138 3
    endloop
  endfacet
  facet normal 0 0 1
    outer loop
      vertex 40.6207 7.80137 3
      vertex 29.7614 11.6832 3
      vertex 29.6404 10.8647 3
    endloop
  endfacet
  facet normal 0 0 1
    outer loop
      vertex 40.4932 7.49348 3
      vertex 29.7614 8.39318 3
      vertex 29.9617 7.59049 3
    endloop
  endfacet
  facet normal 0 0 1
    outer loop
      vertex 40.6207 7.80137 3
      vertex 29.6404 10.8647 3
      vertex 29.6 10.0382 3
    endloop
  endfacet
  facet normal 0 0 1
    outer loop
      vertex 40.5494 7.65056 3
      vertex 29.6404 9.21171 3
      vertex 29.7614 8.39318 3
    endloop
  endfacet
  facet normal 0 0 1
    outer loop
      vertex 40.5494 7.65056 3
      vertex 29.6 10.0382 3
      vertex 29.6404 9.21171 3
    endloop
  endfacet
  facet normal -0 0 1
    outer loop
      vertex 43.6906 6.34944 3
      vertex 45.4081 6.06334 3
      vertex 43.7468 6.50652 3
    endloop
  endfacet
  facet normal 0 0 1
    outer loop
      vertex 45.4081 6.06334 3
      vertex 43.6906 6.34944 3
      vertex 44.9843 5.35358 3
    endloop
  endfacet
  facet normal -0 0 1
    outer loop
      vertex 43.6193 6.19862 3
      vertex 44.9843 5.35358 3
      vertex 43.6906 6.34944 3
    endloop
  endfacet
  facet normal -0 0 1
    outer loop
      vertex 43.5335 6.05553 3
      vertex 44.9843 5.35358 3
      vertex 43.6193 6.19862 3
    endloop
  endfacet
  facet normal -0 0 1
    outer loop
      vertex 43.4341 5.92153 3
      vertex 44.9843 5.35358 3
      vertex 43.5335 6.05553 3
    endloop
  endfacet
  facet normal 0 0 1
    outer loop
      vertex 44.9843 5.35358 3
      vertex 43.4341 5.92153 3
      vertex 44.4933 4.68894 3
    endloop
  endfacet
  facet normal -0 0 1
    outer loop
      vertex 43.3221 5.79792 3
      vertex 44.4933 4.68894 3
      vertex 43.4341 5.92153 3
    endloop
  endfacet
  facet normal -0 0 1
    outer loop
      vertex 43.1985 5.68588 3
      vertex 44.4933 4.68894 3
      vertex 43.3221 5.79792 3
    endloop
  endfacet
  facet normal -0 0 1
    outer loop
      vertex 43.0645 5.5865 3
      vertex 44.4933 4.68894 3
      vertex 43.1985 5.68588 3
    endloop
  endfacet
  facet normal 0 0 1
    outer loop
      vertex 44.4933 4.68894 3
      vertex 43.0645 5.5865 3
      vertex 43.9397 4.07581 3
    endloop
  endfacet
  facet normal -0 0 1
    outer loop
      vertex 42.9214 5.50073 3
      vertex 43.9397 4.07581 3
      vertex 43.0645 5.5865 3
    endloop
  endfacet
  facet normal -0 0 1
    outer loop
      vertex 42.7706 5.4294 3
      vertex 43.9397 4.07581 3
      vertex 42.9214 5.50073 3
    endloop
  endfacet
  facet normal 0 0 1
    outer loop
      vertex 43.9397 4.07581 3
      vertex 42.7706 5.4294 3
      vertex 43.3289 3.52011 3
    endloop
  endfacet
  facet normal -0 0 1
    outer loop
      vertex 42.6135 5.3732 3
      vertex 43.3289 3.52011 3
      vertex 42.7706 5.4294 3
    endloop
  endfacet
  facet normal -0 0 1
    outer loop
      vertex 42.4517 5.33266 3
      vertex 43.3289 3.52011 3
      vertex 42.6135 5.3732 3
    endloop
  endfacet
  facet normal -0 0 1
    outer loop
      vertex 42.2866 5.30819 3
      vertex 43.3289 3.52011 3
      vertex 42.4517 5.33266 3
    endloop
  endfacet
  facet normal 0 0 1
    outer loop
      vertex 43.3289 3.52011 3
      vertex 42.2866 5.30819 3
      vertex 42.6668 3.02717 3
    endloop
  endfacet
  facet normal -0 0 1
    outer loop
      vertex 42.12 5.3 3
      vertex 42.6668 3.02717 3
      vertex 42.2866 5.30819 3
    endloop
  endfacet
  facet normal 0 0 1
    outer loop
      vertex 41.9534 5.30819 3
      vertex 42.6668 3.02717 3
      vertex 42.12 5.3 3
    endloop
  endfacet
  facet normal 0 0 1
    outer loop
      vertex 41.7883 5.33266 3
      vertex 42.6668 3.02717 3
      vertex 41.9534 5.30819 3
    endloop
  endfacet
  facet normal 0 0 1
    outer loop
      vertex 42.6668 3.02717 3
      vertex 41.7883 5.33266 3
      vertex 41.9597 2.60176 3
    endloop
  endfacet
  facet normal 0 0 1
    outer loop
      vertex 41.6265 5.3732 3
      vertex 41.9597 2.60176 3
      vertex 41.7883 5.33266 3
    endloop
  endfacet
  facet normal 0 0 1
    outer loop
      vertex 41.4694 5.4294 3
      vertex 41.9597 2.60176 3
      vertex 41.6265 5.3732 3
    endloop
  endfacet
  facet normal 0 0 1
    outer loop
      vertex 41.2145 2.24797 3
      vertex 41.4694 5.4294 3
      vertex 41.3186 5.50073 3
    endloop
  endfacet
  facet normal 0 0 1
    outer loop
      vertex 41.4694 5.4294 3
      vertex 41.2145 2.24797 3
      vertex 41.9597 2.60176 3
    endloop
  endfacet
  facet normal 0 0 1
    outer loop
      vertex 41.1755 5.5865 3
      vertex 41.2145 2.24797 3
      vertex 41.3186 5.50073 3
    endloop
  endfacet
  facet normal 0 0 1
    outer loop
      vertex 40.4384 1.96919 3
      vertex 41.1755 5.5865 3
      vertex 41.0415 5.68588 3
    endloop
  endfacet
  facet normal 0 0 1
    outer loop
      vertex 39.6388 1.76813 3
      vertex 41.0415 5.68588 3
      vertex 40.9179 5.79792 3
    endloop
  endfacet
  facet normal 0 0 1
    outer loop
      vertex 39.6388 1.76813 3
      vertex 40.9179 5.79792 3
      vertex 40.8059 5.92153 3
    endloop
  endfacet
  facet normal 0 0 1
    outer loop
      vertex 39.6388 1.76813 3
      vertex 40.8059 5.92153 3
      vertex 40.7065 6.05553 3
    endloop
  endfacet
  facet normal 0 0 1
    outer loop
      vertex 39.6388 1.76813 3
      vertex 40.7065 6.05553 3
      vertex 40.6207 6.19862 3
    endloop
  endfacet
  facet normal 0 0 1
    outer loop
      vertex 39.6388 1.76813 3
      vertex 40.6207 6.19862 3
      vertex 40.5494 6.34944 3
    endloop
  endfacet
  facet normal 0 0 1
    outer loop
      vertex 39.6388 1.76813 3
      vertex 40.5494 6.34944 3
      vertex 40.4932 6.50652 3
    endloop
  endfacet
  facet normal 0 0 1
    outer loop
      vertex 39.6388 1.76813 3
      vertex 40.4932 6.50652 3
      vertex 40.4527 6.66835 3
    endloop
  endfacet
  facet normal 0 0 1
    outer loop
      vertex 41.1755 5.5865 3
      vertex 40.4384 1.96919 3
      vertex 41.2145 2.24797 3
    endloop
  endfacet
  facet normal 0 0 1
    outer loop
      vertex 39.6388 1.76813 3
      vertex 40.4527 6.66835 3
      vertex 40.4282 6.83337 3
    endloop
  endfacet
  facet normal 0 0 1
    outer loop
      vertex 39.6388 1.76813 3
      vertex 40.4282 6.83337 3
      vertex 40.42 7 3
    endloop
  endfacet
  facet normal 0 0 1
    outer loop
      vertex 41.0415 5.68588 3
      vertex 39.6388 1.76813 3
      vertex 40.4384 1.96919 3
    endloop
  endfacet
  facet normal 0 0 -1
    outer loop
      vertex 54 0 0
      vertex 43.82 7 0
      vertex 54 14 0
    endloop
  endfacet
  facet normal 0 0 -1
    outer loop
      vertex 54 0 0
      vertex 43.8118 6.83337 0
      vertex 43.82 7 0
    endloop
  endfacet
  facet normal 0 0 -1
    outer loop
      vertex 54 0 0
      vertex 43.7873 6.66835 0
      vertex 43.8118 6.83337 0
    endloop
  endfacet
  facet normal 0 0 -1
    outer loop
      vertex 54 0 0
      vertex 43.7468 6.50652 0
      vertex 43.7873 6.66835 0
    endloop
  endfacet
  facet normal 0 0 -1
    outer loop
      vertex 54 0 0
      vertex 43.6906 6.34944 0
      vertex 43.7468 6.50652 0
    endloop
  endfacet
  facet normal 0 0 -1
    outer loop
      vertex 54 0 0
      vertex 43.6193 6.19862 0
      vertex 43.6906 6.34944 0
    endloop
  endfacet
  facet normal 0 0 -1
    outer loop
      vertex 54 0 0
      vertex 43.5335 6.05553 0
      vertex 43.6193 6.19862 0
    endloop
  endfacet
  facet normal 0 0 -1
    outer loop
      vertex 54 0 0
      vertex 43.4341 5.92153 0
      vertex 43.5335 6.05553 0
    endloop
  endfacet
  facet normal 0 0 -1
    outer loop
      vertex 54 0 0
      vertex 43.3221 5.79792 0
      vertex 43.4341 5.92153 0
    endloop
  endfacet
  facet normal 0 0 -1
    outer loop
      vertex 54 0 0
      vertex 43.1985 5.68588 0
      vertex 43.3221 5.79792 0
    endloop
  endfacet
  facet normal 0 0 -1
    outer loop
      vertex 54 0 0
      vertex 43.0645 5.5865 0
      vertex 43.1985 5.68588 0
    endloop
  endfacet
  facet normal 0 0 -1
    outer loop
      vertex 54 0 0
      vertex 42.9214 5.50073 0
      vertex 43.0645 5.5865 0
    endloop
  endfacet
  facet normal 0 0 -1
    outer loop
      vertex 54 0 0
      vertex 42.7706 5.4294 0
      vertex 42.9214 5.50073 0
    endloop
  endfacet
  facet normal 0 0 -1
    outer loop
      vertex 54 0 0
      vertex 42.6135 5.3732 0
      vertex 42.7706 5.4294 0
    endloop
  endfacet
  facet normal 0 0 -1
    outer loop
      vertex 54 0 0
      vertex 42.4517 5.33266 0
      vertex 42.6135 5.3732 0
    endloop
  endfacet
  facet normal 0 0 -1
    outer loop
      vertex 54 0 0
      vertex 42.2866 5.30819 0
      vertex 42.4517 5.33266 0
    endloop
  endfacet
  facet normal 0 0 -1
    outer loop
      vertex 54 0 0
      vertex 42.12 5.3 0
      vertex 42.2866 5.30819 0
    endloop
  endfacet
  facet normal 0 0 -1
    outer loop
      vertex 54 0 0
      vertex 41.9534 5.30819 0
      vertex 42.12 5.3 0
    endloop
  endfacet
  facet normal 0 0 -1
    outer loop
      vertex 54 0 0
      vertex 41.7883 5.33266 0
      vertex 41.9534 5.30819 0
    endloop
  endfacet
  facet normal 0 0 -1
    outer loop
      vertex 54 0 0
      vertex 41.6265 5.3732 0
      vertex 41.7883 5.33266 0
    endloop
  endfacet
  facet normal 0 0 -1
    outer loop
      vertex 12.3735 5.3732 0
      vertex 41.6265 5.3732 0
      vertex 54 0 0
    endloop
  endfacet
  facet normal 0 0 -1
    outer loop
      vertex 40.4282 6.83337 0
      vertex 28.8239 14 0
      vertex 40.42 7 0
    endloop
  endfacet
  facet normal 0 0 -1
    outer loop
      vertex 40.4527 6.66835 0
      vertex 28.8239 14 0
      vertex 40.4282 6.83337 0
    endloop
  endfacet
  facet normal 0 0 -1
    outer loop
      vertex 40.4932 6.50652 0
      vertex 28.8239 14 0
      vertex 40.4527 6.66835 0
    endloop
  endfacet
  facet normal 0 0 -1
    outer loop
      vertex 40.5494 6.34944 0
      vertex 28.8239 14 0
      vertex 40.4932 6.50652 0
    endloop
  endfacet
  facet normal 0 0 -1
    outer loop
      vertex 40.6207 6.19862 0
      vertex 28.8239 14 0
      vertex 40.5494 6.34944 0
    endloop
  endfacet
  facet normal 0 0 -1
    outer loop
      vertex 13.3793 6.19862 0
      vertex 40.6207 6.19862 0
      vertex 40.7065 6.05553 0
    endloop
  endfacet
  facet normal 0 0 -1
    outer loop
      vertex 13.2935 6.05553 0
      vertex 40.7065 6.05553 0
      vertex 40.8059 5.92153 0
    endloop
  endfacet
  facet normal 0 0 -1
    outer loop
      vertex 13.1941 5.92153 0
      vertex 40.8059 5.92153 0
      vertex 40.9179 5.79792 0
    endloop
  endfacet
  facet normal 0 0 -1
    outer loop
      vertex 13.0821 5.79792 0
      vertex 40.9179 5.79792 0
      vertex 41.0415 5.68588 0
    endloop
  endfacet
  facet normal 0 0 -1
    outer loop
      vertex 12.9585 5.68588 0
      vertex 41.0415 5.68588 0
      vertex 41.1755 5.5865 0
    endloop
  endfacet
  facet normal 0 0 -1
    outer loop
      vertex 26.1268 16.9935 0
      vertex 29.2847 17.9514 0
      vertex 26.1673 16.8317 0
    endloop
  endfacet
  facet normal 0 0 -1
    outer loop
      vertex 26.0706 17.1506 0
      vertex 29.1194 18.4134 0
      vertex 26.1268 16.9935 0
    endloop
  endfacet
  facet normal -0 0 -1
    outer loop
      vertex 29.1194 18.4134 0
      vertex 26.0706 17.1506 0
      vertex 28.9096 18.857 0
    endloop
  endfacet
  facet normal -0 0 -1
    outer loop
      vertex 28.9096 18.857 0
      vertex 25.9993 17.3014 0
      vertex 28.6573 19.2779 0
    endloop
  endfacet
  facet normal 0 0 -1
    outer loop
      vertex 25.9135 17.4445 0
      vertex 28.6573 19.2779 0
      vertex 25.9993 17.3014 0
    endloop
  endfacet
  facet normal 0 0 -1
    outer loop
      vertex 25.8141 17.5785 0
      vertex 28.3651 19.672 0
      vertex 25.9135 17.4445 0
    endloop
  endfacet
  facet normal -0 0 -1
    outer loop
      vertex 29.2847 17.9514 0
      vertex 26.1268 16.9935 0
      vertex 29.1194 18.4134 0
    endloop
  endfacet
  facet normal 0 0 -1
    outer loop
      vertex 28.8239 14 0
      vertex 26.1918 16.3334 0
      vertex 26.2 16.5 0
    endloop
  endfacet
  facet normal 0 0 -1
    outer loop
      vertex 28.8239 14 0
      vertex 26.1673 16.1683 0
      vertex 26.1918 16.3334 0
    endloop
  endfacet
  facet normal 0 0 -1
    outer loop
      vertex 28.8239 14 0
      vertex 26.1268 16.0065 0
      vertex 26.1673 16.1683 0
    endloop
  endfacet
  facet normal 0 0 -1
    outer loop
      vertex 28.8239 14 0
      vertex 26.0706 15.8494 0
      vertex 26.1268 16.0065 0
    endloop
  endfacet
  facet normal 0 0 -1
    outer loop
      vertex 40.6207 6.19862 0
      vertex 13.3793 6.19862 0
      vertex 28.8239 14 0
    endloop
  endfacet
  facet normal 0 0 -1
    outer loop
      vertex 28.8239 14 0
      vertex 25.9993 15.6986 0
      vertex 26.0706 15.8494 0
    endloop
  endfacet
  facet normal 0 0 -1
    outer loop
      vertex 28.8239 14 0
      vertex 25.9135 15.5555 0
      vertex 25.9993 15.6986 0
    endloop
  endfacet
  facet normal 0 0 -1
    outer loop
      vertex 28.8239 14 0
      vertex 25.8141 15.4215 0
      vertex 25.9135 15.5555 0
    endloop
  endfacet
  facet normal 0 0 -1
    outer loop
      vertex 28.8239 14 0
      vertex 25.7021 15.2979 0
      vertex 25.8141 15.4215 0
    endloop
  endfacet
  facet normal 0 0 -1
    outer loop
      vertex 28.8239 14 0
      vertex 25.5785 15.1859 0
      vertex 25.7021 15.2979 0
    endloop
  endfacet
  facet normal 0 0 -1
    outer loop
      vertex 28.8239 14 0
      vertex 25.4445 15.0865 0
      vertex 25.5785 15.1859 0
    endloop
  endfacet
  facet normal 0 0 -1
    outer loop
      vertex 28.8239 14 0
      vertex 25.3014 15.0007 0
      vertex 25.4445 15.0865 0
    endloop
  endfacet
  facet normal 0 0 -1
    outer loop
      vertex 12.8245 5.5865 0
      vertex 41.1755 5.5865 0
      vertex 41.3186 5.50073 0
    endloop
  endfacet
  facet normal 0 0 -1
    outer loop
      vertex 28.8239 14 0
      vertex 25.1506 14.9294 0
      vertex 25.3014 15.0007 0
    endloop
  endfacet
  facet normal 0 0 -1
    outer loop
      vertex 28.8239 14 0
      vertex 24.9935 14.8732 0
      vertex 25.1506 14.9294 0
    endloop
  endfacet
  facet normal 0 0 -1
    outer loop
      vertex 28.8239 14 0
      vertex 24.8317 14.8327 0
      vertex 24.9935 14.8732 0
    endloop
  endfacet
  facet normal 0 -0 -1
    outer loop
      vertex 13.5068 6.50652 0
      vertex 28.8239 14 0
      vertex 13.4506 6.34944 0
    endloop
  endfacet
  facet normal 0 0 -1
    outer loop
      vertex 28.8239 14 0
      vertex 24.6666 14.8082 0
      vertex 24.8317 14.8327 0
    endloop
  endfacet
  facet normal 0 -0 -1
    outer loop
      vertex 24.5 14.8 0
      vertex 28.8239 14 0
      vertex 13.5068 6.50652 0
    endloop
  endfacet
  facet normal 0 0 -1
    outer loop
      vertex 28.8239 14 0
      vertex 24.5 14.8 0
      vertex 24.6666 14.8082 0
    endloop
  endfacet
  facet normal 0 -0 -1
    outer loop
      vertex 20.1761 14 0
      vertex 24.5 14.8 0
      vertex 13.5068 6.50652 0
    endloop
  endfacet
  facet normal -0 0 -1
    outer loop
      vertex 24.5 14.8 0
      vertex 20.1761 14 0
      vertex 24.3334 14.8082 0
    endloop
  endfacet
  facet normal -0 0 -1
    outer loop
      vertex 24.3334 14.8082 0
      vertex 20.1761 14 0
      vertex 24.1683 14.8327 0
    endloop
  endfacet
  facet normal 0 0 -1
    outer loop
      vertex 23.6986 17.9993 0
      vertex 22.143 20.9096 0
      vertex 22.5866 21.1194 0
    endloop
  endfacet
  facet normal 0 0 -1
    outer loop
      vertex 19.5 16.5 0
      vertex 22.8 16.5 0
      vertex 22.8082 16.3334 0
    endloop
  endfacet
  facet normal 0 0 -1
    outer loop
      vertex 22.8082 16.6666 0
      vertex 21.7221 20.6573 0
      vertex 22.143 20.9096 0
    endloop
  endfacet
  facet normal 0 0 -1
    outer loop
      vertex 19.5241 16.0099 0
      vertex 22.8082 16.3334 0
      vertex 22.8327 16.1683 0
    endloop
  endfacet
  facet normal 0 0 -1
    outer loop
      vertex 22.8082 16.6666 0
      vertex 21.328 20.3651 0
      vertex 21.7221 20.6573 0
    endloop
  endfacet
  facet normal 0 0 -1
    outer loop
      vertex 19.5961 15.5245 0
      vertex 22.8327 16.1683 0
      vertex 22.8732 16.0065 0
    endloop
  endfacet
  facet normal 0 0 -1
    outer loop
      vertex 22.8082 16.6666 0
      vertex 20.9645 20.0355 0
      vertex 21.328 20.3651 0
    endloop
  endfacet
  facet normal 0 0 -1
    outer loop
      vertex 19.7153 15.0486 0
      vertex 22.8732 16.0065 0
      vertex 22.9294 15.8494 0
    endloop
  endfacet
  facet normal 0 0 -1
    outer loop
      vertex 22.8082 16.6666 0
      vertex 20.6349 19.672 0
      vertex 20.9645 20.0355 0
    endloop
  endfacet
  facet normal 0 0 -1
    outer loop
      vertex 19.8806 14.5866 0
      vertex 22.9294 15.8494 0
      vertex 23.0007 15.6986 0
    endloop
  endfacet
  facet normal 0 0 -1
    outer loop
      vertex 22.8082 16.6666 0
      vertex 20.3427 19.2779 0
      vertex 20.6349 19.672 0
    endloop
  endfacet
  facet normal 0 0 -1
    outer loop
      vertex 20.1761 14 0
      vertex 23.0007 15.6986 0
      vertex 23.0865 15.5555 0
    endloop
  endfacet
  facet normal 0 0 -1
    outer loop
      vertex 23.0007 15.6986 0
      vertex 20.1761 14 0
      vertex 20.0904 14.143 0
    endloop
  endfacet
  facet normal -0 0 -1
    outer loop
      vertex 23.1859 15.4215 0
      vertex 20.1761 14 0
      vertex 23.0865 15.5555 0
    endloop
  endfacet
  facet normal -0 0 -1
    outer loop
      vertex 23.2979 15.2979 0
      vertex 20.1761 14 0
      vertex 23.1859 15.4215 0
    endloop
  endfacet
  facet normal -0 0 -1
    outer loop
      vertex 23.4215 15.1859 0
      vertex 20.1761 14 0
      vertex 23.2979 15.2979 0
    endloop
  endfacet
  facet normal -0 0 -1
    outer loop
      vertex 23.5555 15.0865 0
      vertex 20.1761 14 0
      vertex 23.4215 15.1859 0
    endloop
  endfacet
  facet normal -0 0 -1
    outer loop
      vertex 23.6986 15.0007 0
      vertex 20.1761 14 0
      vertex 23.5555 15.0865 0
    endloop
  endfacet
  facet normal -0 0 -1
    outer loop
      vertex 24.1683 14.8327 0
      vertex 20.1761 14 0
      vertex 24.0065 14.8732 0
    endloop
  endfacet
  facet normal 0 0 -1
    outer loop
      vertex 12.6814 5.50073 0
      vertex 41.3186 5.50073 0
      vertex 41.4694 5.4294 0
    endloop
  endfacet
  facet normal 0 0 -1
    outer loop
      vertex 41.6265 5.3732 0
      vertex 12.3735 5.3732 0
      vertex 41.4694 5.4294 0
    endloop
  endfacet
  facet normal 0 0 -1
    outer loop
      vertex 28.8239 14 0
      vertex 13.3793 6.19862 0
      vertex 13.4506 6.34944 0
    endloop
  endfacet
  facet normal 0 0 -1
    outer loop
      vertex 20.1761 14 0
      vertex 13.5718 6.83337 0
      vertex 13.58 7 0
    endloop
  endfacet
  facet normal 0 0 -1
    outer loop
      vertex 20.1761 14 0
      vertex 13.5473 6.66835 0
      vertex 13.5718 6.83337 0
    endloop
  endfacet
  facet normal 0 0 -1
    outer loop
      vertex 20.1761 14 0
      vertex 13.5068 6.50652 0
      vertex 13.5473 6.66835 0
    endloop
  endfacet
  facet normal -0 0 -1
    outer loop
      vertex 23.8494 14.9294 0
      vertex 20.1761 14 0
      vertex 23.6986 15.0007 0
    endloop
  endfacet
  facet normal -0 0 -1
    outer loop
      vertex 24.0065 14.8732 0
      vertex 20.1761 14 0
      vertex 23.8494 14.9294 0
    endloop
  endfacet
  facet normal 0 0 -1
    outer loop
      vertex 40.7065 6.05553 0
      vertex 13.2935 6.05553 0
      vertex 13.3793 6.19862 0
    endloop
  endfacet
  facet normal 0 0 -1
    outer loop
      vertex 40.8059 5.92153 0
      vertex 13.1941 5.92153 0
      vertex 13.2935 6.05553 0
    endloop
  endfacet
  facet normal 0 0 -1
    outer loop
      vertex 40.9179 5.79792 0
      vertex 13.0821 5.79792 0
      vertex 13.1941 5.92153 0
    endloop
  endfacet
  facet normal 0 0 -1
    outer loop
      vertex 41.0415 5.68588 0
      vertex 12.9585 5.68588 0
      vertex 13.0821 5.79792 0
    endloop
  endfacet
  facet normal 0 0 -1
    outer loop
      vertex 41.1755 5.5865 0
      vertex 12.8245 5.5865 0
      vertex 12.9585 5.68588 0
    endloop
  endfacet
  facet normal 0 0 -1
    outer loop
      vertex 41.3186 5.50073 0
      vertex 12.6814 5.50073 0
      vertex 12.8245 5.5865 0
    endloop
  endfacet
  facet normal 0 0 -1
    outer loop
      vertex 41.4694 5.4294 0
      vertex 12.5306 5.4294 0
      vertex 12.6814 5.50073 0
    endloop
  endfacet
  facet normal -0 0 -1
    outer loop
      vertex 41.4694 5.4294 0
      vertex 12.3735 5.3732 0
      vertex 12.5306 5.4294 0
    endloop
  endfacet
  facet normal 0 0 -1
    outer loop
      vertex 0 0 0
      vertex 12.3735 5.3732 0
      vertex 54 0 0
    endloop
  endfacet
  facet normal 0 0 -1
    outer loop
      vertex 12.3735 5.3732 0
      vertex 0 0 0
      vertex 12.2117 5.33266 0
    endloop
  endfacet
  facet normal 0 0 -1
    outer loop
      vertex 12.2117 5.33266 0
      vertex 0 0 0
      vertex 12.0466 5.30819 0
    endloop
  endfacet
  facet normal 0 0 -1
    outer loop
      vertex 12.0466 5.30819 0
      vertex 0 0 0
      vertex 11.88 5.3 0
    endloop
  endfacet
  facet normal -0 0 -1
    outer loop
      vertex 10.1882 6.83337 0
      vertex 0 0 0
      vertex 10.18 7 0
    endloop
  endfacet
  facet normal -0 0 -1
    outer loop
      vertex 10.2127 6.66835 0
      vertex 0 0 0
      vertex 10.1882 6.83337 0
    endloop
  endfacet
  facet normal -0 0 -1
    outer loop
      vertex 10.2532 6.50652 0
      vertex 0 0 0
      vertex 10.2127 6.66835 0
    endloop
  endfacet
  facet normal -0 0 -1
    outer loop
      vertex 10.3094 6.34944 0
      vertex 0 0 0
      vertex 10.2532 6.50652 0
    endloop
  endfacet
  facet normal -0 0 -1
    outer loop
      vertex 10.3807 6.19862 0
      vertex 0 0 0
      vertex 10.3094 6.34944 0
    endloop
  endfacet
  facet normal -0 0 -1
    outer loop
      vertex 10.4665 6.05553 0
      vertex 0 0 0
      vertex 10.3807 6.19862 0
    endloop
  endfacet
  facet normal -0 0 -1
    outer loop
      vertex 10.5659 5.92153 0
      vertex 0 0 0
      vertex 10.4665 6.05553 0
    endloop
  endfacet
  facet normal -0 0 -1
    outer loop
      vertex 10.6779 5.79792 0
      vertex 0 0 0
      vertex 10.5659 5.92153 0
    endloop
  endfacet
  facet normal -0 0 -1
    outer loop
      vertex 10.8015 5.68588 0
      vertex 0 0 0
      vertex 10.6779 5.79792 0
    endloop
  endfacet
  facet normal -0 0 -1
    outer loop
      vertex 10.9355 5.5865 0
      vertex 0 0 0
      vertex 10.8015 5.68588 0
    endloop
  endfacet
  facet normal -0 0 -1
    outer loop
      vertex 11.0786 5.50073 0
      vertex 0 0 0
      vertex 10.9355 5.5865 0
    endloop
  endfacet
  facet normal -0 0 -1
    outer loop
      vertex 11.2294 5.4294 0
      vertex 0 0 0
      vertex 11.0786 5.50073 0
    endloop
  endfacet
  facet normal -0 0 -1
    outer loop
      vertex 11.3865 5.3732 0
      vertex 0 0 0
      vertex 11.2294 5.4294 0
    endloop
  endfacet
  facet normal -0 0 -1
    outer loop
      vertex 11.5483 5.33266 0
      vertex 0 0 0
      vertex 11.3865 5.3732 0
    endloop
  endfacet
  facet normal -0 0 -1
    outer loop
      vertex 11.7134 5.30819 0
      vertex 0 0 0
      vertex 11.5483 5.33266 0
    endloop
  endfacet
  facet normal -0 0 -1
    outer loop
      vertex 11.88 5.3 0
      vertex 0 0 0
      vertex 11.7134 5.30819 0
    endloop
  endfacet
  facet normal 0 0 -1
    outer loop
      vertex 43.8118 7.16663 0
      vertex 54 14 0
      vertex 43.82 7 0
    endloop
  endfacet
  facet normal 0 0 -1
    outer loop
      vertex 43.7873 7.33165 0
      vertex 54 14 0
      vertex 43.8118 7.16663 0
    endloop
  endfacet
  facet normal 0 0 -1
    outer loop
      vertex 43.7468 7.49348 0
      vertex 54 14 0
      vertex 43.7873 7.33165 0
    endloop
  endfacet
  facet normal 0 0 -1
    outer loop
      vertex 43.6906 7.65056 0
      vertex 54 14 0
      vertex 43.7468 7.49348 0
    endloop
  endfacet
  facet normal 0 0 -1
    outer loop
      vertex 43.6193 7.80137 0
      vertex 54 14 0
      vertex 43.6906 7.65056 0
    endloop
  endfacet
  facet normal 0 0 -1
    outer loop
      vertex 43.5335 7.94447 0
      vertex 54 14 0
      vertex 43.6193 7.80137 0
    endloop
  endfacet
  facet normal 0 0 -1
    outer loop
      vertex 43.4341 8.07847 0
      vertex 54 14 0
      vertex 43.5335 7.94447 0
    endloop
  endfacet
  facet normal 0 0 -1
    outer loop
      vertex 43.3221 8.20208 0
      vertex 54 14 0
      vertex 43.4341 8.07847 0
    endloop
  endfacet
  facet normal 0 0 -1
    outer loop
      vertex 43.1985 8.31412 0
      vertex 54 14 0
      vertex 43.3221 8.20208 0
    endloop
  endfacet
  facet normal 0 0 -1
    outer loop
      vertex 43.0645 8.4135 0
      vertex 54 14 0
      vertex 43.1985 8.31412 0
    endloop
  endfacet
  facet normal 0 0 -1
    outer loop
      vertex 42.9214 8.49927 0
      vertex 54 14 0
      vertex 43.0645 8.4135 0
    endloop
  endfacet
  facet normal 0 0 -1
    outer loop
      vertex 42.7706 8.57059 0
      vertex 54 14 0
      vertex 42.9214 8.49927 0
    endloop
  endfacet
  facet normal 0 0 -1
    outer loop
      vertex 42.6135 8.6268 0
      vertex 54 14 0
      vertex 42.7706 8.57059 0
    endloop
  endfacet
  facet normal 0 0 -1
    outer loop
      vertex 42.4517 8.66733 0
      vertex 54 14 0
      vertex 42.6135 8.6268 0
    endloop
  endfacet
  facet normal 0 0 -1
    outer loop
      vertex 42.2866 8.69181 0
      vertex 54 14 0
      vertex 42.4517 8.66733 0
    endloop
  endfacet
  facet normal 0 0 -1
    outer loop
      vertex 42.12 8.7 0
      vertex 54 14 0
      vertex 42.2866 8.69181 0
    endloop
  endfacet
  facet normal 0 0 -1
    outer loop
      vertex 28.8239 14 0
      vertex 42.12 8.7 0
      vertex 41.9534 8.69181 0
    endloop
  endfacet
  facet normal 0 0 -1
    outer loop
      vertex 28.8239 14 0
      vertex 41.9534 8.69181 0
      vertex 41.7883 8.66733 0
    endloop
  endfacet
  facet normal 0 0 -1
    outer loop
      vertex 28.8239 14 0
      vertex 41.7883 8.66733 0
      vertex 41.6265 8.6268 0
    endloop
  endfacet
  facet normal 0 0 -1
    outer loop
      vertex 28.8239 14 0
      vertex 41.6265 8.6268 0
      vertex 41.4694 8.57059 0
    endloop
  endfacet
  facet normal 0 0 -1
    outer loop
      vertex 42.12 8.7 0
      vertex 28.8239 14 0
      vertex 54 14 0
    endloop
  endfacet
  facet normal 0 0 -1
    outer loop
      vertex 41.3186 8.49927 0
      vertex 28.8239 14 0
      vertex 41.4694 8.57059 0
    endloop
  endfacet
  facet normal 0 0 -1
    outer loop
      vertex 41.1755 8.4135 0
      vertex 28.8239 14 0
      vertex 41.3186 8.49927 0
    endloop
  endfacet
  facet normal 0 0 -1
    outer loop
      vertex 41.0415 8.31412 0
      vertex 28.8239 14 0
      vertex 41.1755 8.4135 0
    endloop
  endfacet
  facet normal 0 0 -1
    outer loop
      vertex 40.9179 8.20208 0
      vertex 28.8239 14 0
      vertex 41.0415 8.31412 0
    endloop
  endfacet
  facet normal 0 0 -1
    outer loop
      vertex 40.8059 8.07847 0
      vertex 28.8239 14 0
      vertex 40.9179 8.20208 0
    endloop
  endfacet
  facet normal 0 0 -1
    outer loop
      vertex 40.7065 7.94447 0
      vertex 28.8239 14 0
      vertex 40.8059 8.07847 0
    endloop
  endfacet
  facet normal 0 0 -1
    outer loop
      vertex 40.6207 7.80137 0
      vertex 28.8239 14 0
      vertex 40.7065 7.94447 0
    endloop
  endfacet
  facet normal 0 0 -1
    outer loop
      vertex 40.5494 7.65056 0
      vertex 28.8239 14 0
      vertex 40.6207 7.80137 0
    endloop
  endfacet
  facet normal 0 0 -1
    outer loop
      vertex 40.4932 7.49348 0
      vertex 28.8239 14 0
      vertex 40.5494 7.65056 0
    endloop
  endfacet
  facet normal 0 0 -1
    outer loop
      vertex 40.4527 7.33165 0
      vertex 28.8239 14 0
      vertex 40.4932 7.49348 0
    endloop
  endfacet
  facet normal 0 0 -1
    outer loop
      vertex 40.4282 7.16663 0
      vertex 28.8239 14 0
      vertex 40.4527 7.33165 0
    endloop
  endfacet
  facet normal 0 0 -1
    outer loop
      vertex 28.8239 14 0
      vertex 40.4282 7.16663 0
      vertex 40.42 7 0
    endloop
  endfacet
  facet normal 0 0 -1
    outer loop
      vertex 26.2 16.5 0
      vertex 29.5 16.5 0
      vertex 29.4759 16.0099 0
    endloop
  endfacet
  facet normal 0 0 -1
    outer loop
      vertex 29.5 16.5 0
      vertex 26.2 16.5 0
      vertex 29.5 16.51 0
    endloop
  endfacet
  facet normal 0 0 -1
    outer loop
      vertex 26.2 16.5 0
      vertex 29.4759 16.0099 0
      vertex 29.4039 15.5245 0
    endloop
  endfacet
  facet normal -0 0 -1
    outer loop
      vertex 29.5 16.51 0
      vertex 26.2 16.5 0
      vertex 29.4759 16.9901 0
    endloop
  endfacet
  facet normal 0 0 -1
    outer loop
      vertex 26.2 16.5 0
      vertex 29.4039 15.5245 0
      vertex 29.2847 15.0486 0
    endloop
  endfacet
  facet normal 0 0 -1
    outer loop
      vertex 26.1918 16.6666 0
      vertex 29.4759 16.9901 0
      vertex 26.2 16.5 0
    endloop
  endfacet
  facet normal 0 0 -1
    outer loop
      vertex 26.2 16.5 0
      vertex 29.2847 15.0486 0
      vertex 29.1194 14.5866 0
    endloop
  endfacet
  facet normal -0 0 -1
    outer loop
      vertex 29.4759 16.9901 0
      vertex 26.1918 16.6666 0
      vertex 29.4039 17.4755 0
    endloop
  endfacet
  facet normal 0 0 -1
    outer loop
      vertex 26.2 16.5 0
      vertex 28.9096 14.143 0
      vertex 28.8239 14 0
    endloop
  endfacet
  facet normal 0 0 -1
    outer loop
      vertex 28.9096 14.143 0
      vertex 26.2 16.5 0
      vertex 29.1194 14.5866 0
    endloop
  endfacet
  facet normal 0 0 -1
    outer loop
      vertex 26.1673 16.8317 0
      vertex 29.4039 17.4755 0
      vertex 26.1918 16.6666 0
    endloop
  endfacet
  facet normal -0 0 -1
    outer loop
      vertex 29.4039 17.4755 0
      vertex 26.1673 16.8317 0
      vertex 29.2847 17.9514 0
    endloop
  endfacet
  facet normal 0 0 -1
    outer loop
      vertex 25.9993 17.3014 0
      vertex 28.9096 18.857 0
      vertex 26.0706 17.1506 0
    endloop
  endfacet
  facet normal -0 0 -1
    outer loop
      vertex 28.6573 19.2779 0
      vertex 25.9135 17.4445 0
      vertex 28.3651 19.672 0
    endloop
  endfacet
  facet normal -0 0 -1
    outer loop
      vertex 28.3651 19.672 0
      vertex 25.8141 17.5785 0
      vertex 28.0355 20.0355 0
    endloop
  endfacet
  facet normal 0 0 -1
    outer loop
      vertex 25.7021 17.7021 0
      vertex 28.0355 20.0355 0
      vertex 25.8141 17.5785 0
    endloop
  endfacet
  facet normal -0 0 -1
    outer loop
      vertex 28.0355 20.0355 0
      vertex 25.7021 17.7021 0
      vertex 27.672 20.3651 0
    endloop
  endfacet
  facet normal 0 0 -1
    outer loop
      vertex 25.5785 17.8141 0
      vertex 27.672 20.3651 0
      vertex 25.7021 17.7021 0
    endloop
  endfacet
  facet normal -0 0 -1
    outer loop
      vertex 27.672 20.3651 0
      vertex 25.5785 17.8141 0
      vertex 27.2779 20.6573 0
    endloop
  endfacet
  facet normal 0 0 -1
    outer loop
      vertex 25.4445 17.9135 0
      vertex 27.2779 20.6573 0
      vertex 25.5785 17.8141 0
    endloop
  endfacet
  facet normal -0 0 -1
    outer loop
      vertex 27.2779 20.6573 0
      vertex 25.4445 17.9135 0
      vertex 26.857 20.9096 0
    endloop
  endfacet
  facet normal 0 0 -1
    outer loop
      vertex 25.3014 17.9993 0
      vertex 26.857 20.9096 0
      vertex 25.4445 17.9135 0
    endloop
  endfacet
  facet normal -0 0 -1
    outer loop
      vertex 26.857 20.9096 0
      vertex 25.3014 17.9993 0
      vertex 26.4134 21.1194 0
    endloop
  endfacet
  facet normal 0 0 -1
    outer loop
      vertex 25.1506 18.0706 0
      vertex 26.4134 21.1194 0
      vertex 25.3014 17.9993 0
    endloop
  endfacet
  facet normal -0 0 -1
    outer loop
      vertex 26.4134 21.1194 0
      vertex 25.1506 18.0706 0
      vertex 25.9514 21.2847 0
    endloop
  endfacet
  facet normal 0 0 -1
    outer loop
      vertex 24.9935 18.1268 0
      vertex 25.9514 21.2847 0
      vertex 25.1506 18.0706 0
    endloop
  endfacet
  facet normal -0 0 -1
    outer loop
      vertex 25.9514 21.2847 0
      vertex 24.9935 18.1268 0
      vertex 25.4755 21.4039 0
    endloop
  endfacet
  facet normal 0 0 -1
    outer loop
      vertex 24.8317 18.1673 0
      vertex 25.4755 21.4039 0
      vertex 24.9935 18.1268 0
    endloop
  endfacet
  facet normal -0 0 -1
    outer loop
      vertex 25.4755 21.4039 0
      vertex 24.8317 18.1673 0
      vertex 24.9901 21.4759 0
    endloop
  endfacet
  facet normal 0 0 -1
    outer loop
      vertex 24.6666 18.1918 0
      vertex 24.9901 21.4759 0
      vertex 24.8317 18.1673 0
    endloop
  endfacet
  facet normal 0 0 -1
    outer loop
      vertex 24.5 18.2 0
      vertex 24.9901 21.4759 0
      vertex 24.6666 18.1918 0
    endloop
  endfacet
  facet normal 0 0 -1
    outer loop
      vertex 24.5 18.2 0
      vertex 24.5 21.5 0
      vertex 24.9901 21.4759 0
    endloop
  endfacet
  facet normal 0 0 -1
    outer loop
      vertex 24.3334 18.1918 0
      vertex 24.5 21.5 0
      vertex 24.5 18.2 0
    endloop
  endfacet
  facet normal 0 0 -1
    outer loop
      vertex 24.0099 21.4759 0
      vertex 24.3334 18.1918 0
      vertex 24.1683 18.1673 0
    endloop
  endfacet
  facet normal 0 0 -1
    outer loop
      vertex 24.3334 18.1918 0
      vertex 24.0099 21.4759 0
      vertex 24.5 21.5 0
    endloop
  endfacet
  facet normal 0 0 -1
    outer loop
      vertex 23.5245 21.4039 0
      vertex 24.1683 18.1673 0
      vertex 24.0065 18.1268 0
    endloop
  endfacet
  facet normal 0 0 -1
    outer loop
      vertex 23.0486 21.2847 0
      vertex 24.0065 18.1268 0
      vertex 23.8494 18.0706 0
    endloop
  endfacet
  facet normal 0 0 -1
    outer loop
      vertex 22.5866 21.1194 0
      vertex 23.8494 18.0706 0
      vertex 23.6986 17.9993 0
    endloop
  endfacet
  facet normal 0 0 -1
    outer loop
      vertex 22.143 20.9096 0
      vertex 23.6986 17.9993 0
      vertex 23.5555 17.9135 0
    endloop
  endfacet
  facet normal 0 0 -1
    outer loop
      vertex 24.1683 18.1673 0
      vertex 23.5245 21.4039 0
      vertex 24.0099 21.4759 0
    endloop
  endfacet
  facet normal 0 0 -1
    outer loop
      vertex 22.143 20.9096 0
      vertex 23.5555 17.9135 0
      vertex 23.4215 17.8141 0
    endloop
  endfacet
  facet normal 0 0 -1
    outer loop
      vertex 22.143 20.9096 0
      vertex 23.4215 17.8141 0
      vertex 23.2979 17.7021 0
    endloop
  endfacet
  facet normal 0 0 -1
    outer loop
      vertex 22.143 20.9096 0
      vertex 23.2979 17.7021 0
      vertex 23.1859 17.5785 0
    endloop
  endfacet
  facet normal 0 0 -1
    outer loop
      vertex 22.143 20.9096 0
      vertex 23.1859 17.5785 0
      vertex 23.0865 17.4445 0
    endloop
  endfacet
  facet normal 0 0 -1
    outer loop
      vertex 24.0065 18.1268 0
      vertex 23.0486 21.2847 0
      vertex 23.5245 21.4039 0
    endloop
  endfacet
  facet normal 0 0 -1
    outer loop
      vertex 22.143 20.9096 0
      vertex 23.0865 17.4445 0
      vertex 23.0007 17.3014 0
    endloop
  endfacet
  facet normal 0 0 -1
    outer loop
      vertex 22.143 20.9096 0
      vertex 23.0007 17.3014 0
      vertex 22.9294 17.1506 0
    endloop
  endfacet
  facet normal 0 0 -1
    outer loop
      vertex 22.143 20.9096 0
      vertex 22.9294 17.1506 0
      vertex 22.8732 16.9935 0
    endloop
  endfacet
  facet normal 0 0 -1
    outer loop
      vertex 22.143 20.9096 0
      vertex 22.8732 16.9935 0
      vertex 22.8327 16.8317 0
    endloop
  endfacet
  facet normal 0 0 -1
    outer loop
      vertex 22.143 20.9096 0
      vertex 22.8327 16.8317 0
      vertex 22.8082 16.6666 0
    endloop
  endfacet
  facet normal 0 0 -1
    outer loop
      vertex 23.8494 18.0706 0
      vertex 22.5866 21.1194 0
      vertex 23.0486 21.2847 0
    endloop
  endfacet
  facet normal 0 0 -1
    outer loop
      vertex 19.5241 16.9901 0
      vertex 22.8082 16.6666 0
      vertex 22.8 16.5 0
    endloop
  endfacet
  facet normal 0 0 -1
    outer loop
      vertex 23.0007 15.6986 0
      vertex 20.0904 14.143 0
      vertex 19.8806 14.5866 0
    endloop
  endfacet
  facet normal 0 0 -1
    outer loop
      vertex 22.8082 16.6666 0
      vertex 20.0904 18.857 0
      vertex 20.3427 19.2779 0
    endloop
  endfacet
  facet normal 0 0 -1
    outer loop
      vertex 22.9294 15.8494 0
      vertex 19.8806 14.5866 0
      vertex 19.7153 15.0486 0
    endloop
  endfacet
  facet normal 0 0 -1
    outer loop
      vertex 22.8082 16.6666 0
      vertex 19.8806 18.4134 0
      vertex 20.0904 18.857 0
    endloop
  endfacet
  facet normal 0 0 -1
    outer loop
      vertex 22.8732 16.0065 0
      vertex 19.7153 15.0486 0
      vertex 19.5961 15.5245 0
    endloop
  endfacet
  facet normal 0 0 -1
    outer loop
      vertex 22.8082 16.6666 0
      vertex 19.7153 17.9514 0
      vertex 19.8806 18.4134 0
    endloop
  endfacet
  facet normal 0 0 -1
    outer loop
      vertex 22.8327 16.1683 0
      vertex 19.5961 15.5245 0
      vertex 19.5241 16.0099 0
    endloop
  endfacet
  facet normal 0 0 -1
    outer loop
      vertex 22.8082 16.6666 0
      vertex 19.5961 17.4755 0
      vertex 19.7153 17.9514 0
    endloop
  endfacet
  facet normal -0 0 -1
    outer loop
      vertex 22.8082 16.3334 0
      vertex 19.5241 16.0099 0
      vertex 19.5 16.5 0
    endloop
  endfacet
  facet normal 0 0 -1
    outer loop
      vertex 22.8082 16.6666 0
      vertex 19.5241 16.9901 0
      vertex 19.5961 17.4755 0
    endloop
  endfacet
  facet normal 0 0 -1
    outer loop
      vertex 22.8 16.5 0
      vertex 19.5 16.5 0
      vertex 19.5 16.51 0
    endloop
  endfacet
  facet normal 0 0 -1
    outer loop
      vertex 22.8 16.5 0
      vertex 19.5 16.51 0
      vertex 19.5241 16.9901 0
    endloop
  endfacet
  facet normal 0 0 -1
    outer loop
      vertex 13.5718 7.16663 0
      vertex 20.1761 14 0
      vertex 13.58 7 0
    endloop
  endfacet
  facet normal 0 0 -1
    outer loop
      vertex 13.5473 7.33165 0
      vertex 20.1761 14 0
      vertex 13.5718 7.16663 0
    endloop
  endfacet
  facet normal 0 0 -1
    outer loop
      vertex 13.5068 7.49348 0
      vertex 20.1761 14 0
      vertex 13.5473 7.33165 0
    endloop
  endfacet
  facet normal 0 0 -1
    outer loop
      vertex 13.4506 7.65056 0
      vertex 20.1761 14 0
      vertex 13.5068 7.49348 0
    endloop
  endfacet
  facet normal 0 0 -1
    outer loop
      vertex 13.3793 7.80137 0
      vertex 20.1761 14 0
      vertex 13.4506 7.65056 0
    endloop
  endfacet
  facet normal 0 0 -1
    outer loop
      vertex 13.2935 7.94447 0
      vertex 20.1761 14 0
      vertex 13.3793 7.80137 0
    endloop
  endfacet
  facet normal 0 0 -1
    outer loop
      vertex 13.1941 8.07847 0
      vertex 20.1761 14 0
      vertex 13.2935 7.94447 0
    endloop
  endfacet
  facet normal 0 0 -1
    outer loop
      vertex 13.0821 8.20208 0
      vertex 20.1761 14 0
      vertex 13.1941 8.07847 0
    endloop
  endfacet
  facet normal 0 0 -1
    outer loop
      vertex 12.9585 8.31412 0
      vertex 20.1761 14 0
      vertex 13.0821 8.20208 0
    endloop
  endfacet
  facet normal 0 0 -1
    outer loop
      vertex 12.8245 8.4135 0
      vertex 20.1761 14 0
      vertex 12.9585 8.31412 0
    endloop
  endfacet
  facet normal 0 0 -1
    outer loop
      vertex 12.6814 8.49927 0
      vertex 20.1761 14 0
      vertex 12.8245 8.4135 0
    endloop
  endfacet
  facet normal 0 0 -1
    outer loop
      vertex 12.5306 8.57059 0
      vertex 20.1761 14 0
      vertex 12.6814 8.49927 0
    endloop
  endfacet
  facet normal 0 0 -1
    outer loop
      vertex 12.3735 8.6268 0
      vertex 20.1761 14 0
      vertex 12.5306 8.57059 0
    endloop
  endfacet
  facet normal 0 0 -1
    outer loop
      vertex 12.2117 8.66733 0
      vertex 20.1761 14 0
      vertex 12.3735 8.6268 0
    endloop
  endfacet
  facet normal 0 0 -1
    outer loop
      vertex 12.0466 8.69181 0
      vertex 20.1761 14 0
      vertex 12.2117 8.66733 0
    endloop
  endfacet
  facet normal 0 0 -1
    outer loop
      vertex 11.88 8.7 0
      vertex 20.1761 14 0
      vertex 12.0466 8.69181 0
    endloop
  endfacet
  facet normal 0 0 -1
    outer loop
      vertex 11.7134 8.69181 0
      vertex 20.1761 14 0
      vertex 11.88 8.7 0
    endloop
  endfacet
  facet normal 0 0 -1
    outer loop
      vertex 0 14 0
      vertex 11.7134 8.69181 0
      vertex 11.5483 8.66733 0
    endloop
  endfacet
  facet normal 0 0 -1
    outer loop
      vertex 0 14 0
      vertex 11.5483 8.66733 0
      vertex 11.3865 8.6268 0
    endloop
  endfacet
  facet normal 0 0 -1
    outer loop
      vertex 0 14 0
      vertex 11.3865 8.6268 0
      vertex 11.2294 8.57059 0
    endloop
  endfacet
  facet normal 0 0 -1
    outer loop
      vertex 0 14 0
      vertex 11.2294 8.57059 0
      vertex 11.0786 8.49927 0
    endloop
  endfacet
  facet normal 0 0 -1
    outer loop
      vertex 0 14 0
      vertex 11.0786 8.49927 0
      vertex 10.9355 8.4135 0
    endloop
  endfacet
  facet normal 0 0 -1
    outer loop
      vertex 0 14 0
      vertex 10.18 7 0
      vertex 0 0 0
    endloop
  endfacet
  facet normal 0 0 -1
    outer loop
      vertex 10.18 7 0
      vertex 0 14 0
      vertex 10.1882 7.16663 0
    endloop
  endfacet
  facet normal 0 0 -1
    outer loop
      vertex 10.1882 7.16663 0
      vertex 0 14 0
      vertex 10.2127 7.33165 0
    endloop
  endfacet
  facet normal 0 0 -1
    outer loop
      vertex 10.2127 7.33165 0
      vertex 0 14 0
      vertex 10.2532 7.49348 0
    endloop
  endfacet
  facet normal 0 0 -1
    outer loop
      vertex 10.2532 7.49348 0
      vertex 0 14 0
      vertex 10.3094 7.65056 0
    endloop
  endfacet
  facet normal 0 0 -1
    outer loop
      vertex 10.3094 7.65056 0
      vertex 0 14 0
      vertex 10.3807 7.80137 0
    endloop
  endfacet
  facet normal 0 0 -1
    outer loop
      vertex 10.3807 7.80137 0
      vertex 0 14 0
      vertex 10.4665 7.94447 0
    endloop
  endfacet
  facet normal 0 0 -1
    outer loop
      vertex 10.4665 7.94447 0
      vertex 0 14 0
      vertex 10.5659 8.07847 0
    endloop
  endfacet
  facet normal 0 0 -1
    outer loop
      vertex 10.5659 8.07847 0
      vertex 0 14 0
      vertex 10.6779 8.20208 0
    endloop
  endfacet
  facet normal 0 0 -1
    outer loop
      vertex 11.7134 8.69181 0
      vertex 0 14 0
      vertex 20.1761 14 0
    endloop
  endfacet
  facet normal 0 0 -1
    outer loop
      vertex 10.8015 8.31412 0
      vertex 0 14 0
      vertex 10.9355 8.4135 0
    endloop
  endfacet
  facet normal 0 0 -1
    outer loop
      vertex 10.6779 8.20208 0
      vertex 0 14 0
      vertex 10.8015 8.31412 0
    endloop
  endfacet
  facet normal -1 0 0
    outer loop
      vertex 0 0 0
      vertex 0 14 3
      vertex 0 14 0
    endloop
  endfacet
  facet normal -1 -0 0
    outer loop
      vertex 0 14 3
      vertex 0 0 0
      vertex 0 0 3
    endloop
  endfacet
  facet normal 0 1 -0
    outer loop
      vertex 20.1761 14 0
      vertex 19.3519 14 1.77516
      vertex 20.1761 14 1.77516
    endloop
  endfacet
  facet normal 0 1 0
    outer loop
      vertex 19.3519 14 1.77516
      vertex 20.1761 14 0
      vertex 4.64805 14 1.77516
    endloop
  endfacet
  facet normal 0 1 0
    outer loop
      vertex 0 14 0
      vertex 4.64805 14 1.77516
      vertex 20.1761 14 0
    endloop
  endfacet
  facet normal 0 1 -0
    outer loop
      vertex 19.4081 14 2.85077
      vertex 4.58571 14 3
      vertex 19.4143 14 3
    endloop
  endfacet
  facet normal 0 1 0
    outer loop
      vertex 19.4081 14 2.85077
      vertex 4.59186 14 2.85077
      vertex 4.58571 14 3
    endloop
  endfacet
  facet normal 0 1 -0
    outer loop
      vertex 19.3519 14 1.77516
      vertex 4.59186 14 2.85077
      vertex 19.4081 14 2.85077
    endloop
  endfacet
  facet normal 0 1 0
    outer loop
      vertex 4.59186 14 2.85077
      vertex 19.3519 14 1.77516
      vertex 4.64805 14 1.77516
    endloop
  endfacet
  facet normal 0 1 -0
    outer loop
      vertex 0.5 14 1.77516
      vertex 0 14 3
      vertex 0.5 14 3
    endloop
  endfacet
  facet normal 0 1 0
    outer loop
      vertex 0.5 14 1.77516
      vertex 0 14 0
      vertex 0 14 3
    endloop
  endfacet
  facet normal 0 1 0
    outer loop
      vertex 4.64805 14 1.77516
      vertex 0 14 0
      vertex 0.5 14 1.77516
    endloop
  endfacet
  facet normal 0 1 0
    outer loop
      vertex 54 14 3
      vertex 49.8 14 1.77516
      vertex 49.8 14 3
    endloop
  endfacet
  facet normal 0 1 0
    outer loop
      vertex 54 14 0
      vertex 45.3519 14 1.77516
      vertex 49.8 14 1.77516
    endloop
  endfacet
  facet normal 0 1 0
    outer loop
      vertex 45.3519 14 1.77516
      vertex 28.8239 14 0
      vertex 30.6481 14 1.77516
    endloop
  endfacet
  facet normal 0 1 -0
    outer loop
      vertex 54 14 0
      vertex 49.8 14 1.77516
      vertex 54 14 3
    endloop
  endfacet
  facet normal 0 1 0
    outer loop
      vertex 45.3519 14 1.77516
      vertex 54 14 0
      vertex 28.8239 14 0
    endloop
  endfacet
  facet normal 0 1 0
    outer loop
      vertex 30.6481 14 1.77516
      vertex 28.8239 14 0
      vertex 28.8239 14 1.77516
    endloop
  endfacet
  facet normal 0 1 -0
    outer loop
      vertex 45.4081 14 2.85077
      vertex 30.5857 14 3
      vertex 45.4143 14 3
    endloop
  endfacet
  facet normal 0 1 0
    outer loop
      vertex 45.4081 14 2.85077
      vertex 30.5919 14 2.85077
      vertex 30.5857 14 3
    endloop
  endfacet
  facet normal 0 1 -0
    outer loop
      vertex 45.3519 14 1.77516
      vertex 30.5919 14 2.85077
      vertex 45.4081 14 2.85077
    endloop
  endfacet
  facet normal 0 1 0
    outer loop
      vertex 30.5919 14 2.85077
      vertex 45.3519 14 1.77516
      vertex 30.6481 14 1.77516
    endloop
  endfacet
  facet normal 0 -1 0
    outer loop
      vertex 0 0 0
      vertex 0.5 0 3
      vertex 0 0 3
    endloop
  endfacet
  facet normal 0 -1 -0
    outer loop
      vertex 0.5 0 3
      vertex 0 0 0
      vertex 49.8 0 3
    endloop
  endfacet
  facet normal 0 -1 0
    outer loop
      vertex 54 0 0
      vertex 49.8 0 3
      vertex 0 0 0
    endloop
  endfacet
  facet normal 0 -1 0
    outer loop
      vertex 49.8 0 3
      vertex 54 0 0
      vertex 54 0 3
    endloop
  endfacet
  facet normal -0.989158 -0.146857 0
    outer loop
      vertex 13.5718 7.16663 0
      vertex 13.5473 7.33165 3
      vertex 13.5473 7.33165 0
    endloop
  endfacet
  facet normal -0.989158 -0.146857 0
    outer loop
      vertex 13.5473 7.33165 3
      vertex 13.5718 7.16663 0
      vertex 13.5718 7.16663 3
    endloop
  endfacet
  facet normal -0.998791 -0.0491513 0
    outer loop
      vertex 13.58 7 0
      vertex 13.5718 7.16663 3
      vertex 13.5718 7.16663 0
    endloop
  endfacet
  facet normal -0.998791 -0.0491513 0
    outer loop
      vertex 13.5718 7.16663 3
      vertex 13.58 7 0
      vertex 13.58 7 3
    endloop
  endfacet
  facet normal -0.970083 -0.242775 0
    outer loop
      vertex 13.5473 7.33165 0
      vertex 13.5068 7.49348 3
      vertex 13.5068 7.49348 0
    endloop
  endfacet
  facet normal -0.970083 -0.242775 0
    outer loop
      vertex 13.5068 7.49348 3
      vertex 13.5473 7.33165 0
      vertex 13.5473 7.33165 3
    endloop
  endfacet
  facet normal 0.14667 -0.989185 0
    outer loop
      vertex 11.5483 8.66733 0
      vertex 11.7134 8.69181 3
      vertex 11.5483 8.66733 3
    endloop
  endfacet
  facet normal 0.14667 -0.989185 0
    outer loop
      vertex 11.7134 8.69181 3
      vertex 11.5483 8.66733 0
      vertex 11.7134 8.69181 0
    endloop
  endfacet
  facet normal -0.803154 -0.595772 0
    outer loop
      vertex 13.2935 7.94447 0
      vertex 13.1941 8.07847 3
      vertex 13.1941 8.07847 0
    endloop
  endfacet
  facet normal -0.803154 -0.595772 0
    outer loop
      vertex 13.1941 8.07847 3
      vertex 13.2935 7.94447 0
      vertex 13.2935 7.94447 3
    endloop
  endfacet
  facet normal -0.595695 -0.803211 0
    outer loop
      vertex 12.8245 8.4135 0
      vertex 12.9585 8.31412 3
      vertex 12.8245 8.4135 3
    endloop
  endfacet
  facet normal -0.595695 -0.803211 -0
    outer loop
      vertex 12.9585 8.31412 3
      vertex 12.8245 8.4135 0
      vertex 12.9585 8.31412 0
    endloop
  endfacet
  facet normal 0.595695 -0.803211 0
    outer loop
      vertex 10.8015 8.31412 0
      vertex 10.9355 8.4135 3
      vertex 10.8015 8.31412 3
    endloop
  endfacet
  facet normal 0.595695 -0.803211 0
    outer loop
      vertex 10.9355 8.4135 3
      vertex 10.8015 8.31412 0
      vertex 10.9355 8.4135 0
    endloop
  endfacet
  facet normal -0.998791 0.0491513 0
    outer loop
      vertex 13.5718 6.83337 0
      vertex 13.58 7 3
      vertex 13.58 7 0
    endloop
  endfacet
  facet normal -0.998791 0.0491513 0
    outer loop
      vertex 13.58 7 3
      vertex 13.5718 6.83337 0
      vertex 13.5718 6.83337 3
    endloop
  endfacet
  facet normal 0.242987 -0.97003 0
    outer loop
      vertex 11.3865 8.6268 0
      vertex 11.5483 8.66733 3
      vertex 11.3865 8.6268 3
    endloop
  endfacet
  facet normal 0.242987 -0.97003 0
    outer loop
      vertex 11.5483 8.66733 3
      vertex 11.3865 8.6268 0
      vertex 11.5483 8.66733 0
    endloop
  endfacet
  facet normal 0.970083 0.242775 0
    outer loop
      vertex 10.2532 6.50652 3
      vertex 10.2127 6.66835 0
      vertex 10.2127 6.66835 3
    endloop
  endfacet
  facet normal 0.970083 0.242775 0
    outer loop
      vertex 10.2127 6.66835 0
      vertex 10.2532 6.50652 3
      vertex 10.2532 6.50652 0
    endloop
  endfacet
  facet normal -0.42754 -0.903996 0
    outer loop
      vertex 12.5306 8.57059 0
      vertex 12.6814 8.49927 3
      vertex 12.5306 8.57059 3
    endloop
  endfacet
  facet normal -0.42754 -0.903996 -0
    outer loop
      vertex 12.6814 8.49927 3
      vertex 12.5306 8.57059 0
      vertex 12.6814 8.49927 0
    endloop
  endfacet
  facet normal -0.243043 0.970015 0
    outer loop
      vertex 12.3735 5.3732 0
      vertex 12.2117 5.33266 3
      vertex 12.3735 5.3732 3
    endloop
  endfacet
  facet normal -0.243043 0.970015 0
    outer loop
      vertex 12.2117 5.33266 3
      vertex 12.3735 5.3732 0
      vertex 12.2117 5.33266 0
    endloop
  endfacet
  facet normal 0.42754 -0.903996 0
    outer loop
      vertex 11.0786 8.49927 0
      vertex 11.2294 8.57059 3
      vertex 11.0786 8.49927 3
    endloop
  endfacet
  facet normal 0.42754 -0.903996 0
    outer loop
      vertex 11.2294 8.57059 3
      vertex 11.0786 8.49927 0
      vertex 11.2294 8.57059 0
    endloop
  endfacet
  facet normal -0.970083 0.242775 0
    outer loop
      vertex 13.5068 6.50652 0
      vertex 13.5473 6.66835 3
      vertex 13.5473 6.66835 0
    endloop
  endfacet
  facet normal -0.970083 0.242775 0
    outer loop
      vertex 13.5473 6.66835 3
      vertex 13.5068 6.50652 0
      vertex 13.5068 6.50652 3
    endloop
  endfacet
  facet normal -0.67161 0.740905 0
    outer loop
      vertex 13.0821 5.79792 0
      vertex 12.9585 5.68588 3
      vertex 13.0821 5.79792 3
    endloop
  endfacet
  facet normal -0.67161 0.740905 0
    outer loop
      vertex 12.9585 5.68588 3
      vertex 13.0821 5.79792 0
      vertex 12.9585 5.68588 0
    endloop
  endfacet
  facet normal -0.803154 0.595772 0
    outer loop
      vertex 13.1941 5.92153 0
      vertex 13.2935 6.05553 3
      vertex 13.2935 6.05553 0
    endloop
  endfacet
  facet normal -0.803154 0.595772 0
    outer loop
      vertex 13.2935 6.05553 3
      vertex 13.1941 5.92153 0
      vertex 13.1941 5.92153 3
    endloop
  endfacet
  facet normal 0.146612 0.989194 -0
    outer loop
      vertex 11.7134 5.30819 0
      vertex 11.5483 5.33266 3
      vertex 11.7134 5.30819 3
    endloop
  endfacet
  facet normal 0.146612 0.989194 0
    outer loop
      vertex 11.5483 5.33266 3
      vertex 11.7134 5.30819 0
      vertex 11.5483 5.33266 0
    endloop
  endfacet
  facet normal 0.989158 0.146857 0
    outer loop
      vertex 10.2127 6.66835 3
      vertex 10.1882 6.83337 0
      vertex 10.1882 6.83337 3
    endloop
  endfacet
  facet normal 0.989158 0.146857 0
    outer loop
      vertex 10.1882 6.83337 0
      vertex 10.2127 6.66835 3
      vertex 10.2127 6.66835 0
    endloop
  endfacet
  facet normal -0.336883 -0.941546 0
    outer loop
      vertex 12.3735 8.6268 0
      vertex 12.5306 8.57059 3
      vertex 12.3735 8.6268 3
    endloop
  endfacet
  facet normal -0.336883 -0.941546 -0
    outer loop
      vertex 12.5306 8.57059 3
      vertex 12.3735 8.6268 0
      vertex 12.5306 8.57059 0
    endloop
  endfacet
  facet normal -0.514099 -0.857731 0
    outer loop
      vertex 12.6814 8.49927 0
      vertex 12.8245 8.4135 3
      vertex 12.6814 8.49927 3
    endloop
  endfacet
  facet normal -0.514099 -0.857731 -0
    outer loop
      vertex 12.8245 8.4135 3
      vertex 12.6814 8.49927 0
      vertex 12.8245 8.4135 0
    endloop
  endfacet
  facet normal 0.989158 -0.146857 0
    outer loop
      vertex 10.1882 7.16663 3
      vertex 10.2127 7.33165 0
      vertex 10.2127 7.33165 3
    endloop
  endfacet
  facet normal 0.989158 -0.146857 0
    outer loop
      vertex 10.2127 7.33165 0
      vertex 10.1882 7.16663 3
      vertex 10.1882 7.16663 0
    endloop
  endfacet
  facet normal -0.595695 0.803211 0
    outer loop
      vertex 12.9585 5.68588 0
      vertex 12.8245 5.5865 3
      vertex 12.9585 5.68588 3
    endloop
  endfacet
  facet normal -0.595695 0.803211 0
    outer loop
      vertex 12.8245 5.5865 3
      vertex 12.9585 5.68588 0
      vertex 12.8245 5.5865 0
    endloop
  endfacet
  facet normal -0.904054 -0.427419 0
    outer loop
      vertex 13.4506 7.65056 0
      vertex 13.3793 7.80137 3
      vertex 13.3793 7.80137 0
    endloop
  endfacet
  facet normal -0.904054 -0.427419 0
    outer loop
      vertex 13.3793 7.80137 3
      vertex 13.4506 7.65056 0
      vertex 13.4506 7.65056 3
    endloop
  endfacet
  facet normal 0.803154 -0.595772 0
    outer loop
      vertex 10.4665 7.94447 3
      vertex 10.5659 8.07847 0
      vertex 10.5659 8.07847 3
    endloop
  endfacet
  facet normal 0.803154 -0.595772 0
    outer loop
      vertex 10.5659 8.07847 0
      vertex 10.4665 7.94447 3
      vertex 10.4665 7.94447 0
    endloop
  endfacet
  facet normal -0.941552 0.336868 0
    outer loop
      vertex 13.4506 6.34944 0
      vertex 13.5068 6.50652 3
      vertex 13.5068 6.50652 0
    endloop
  endfacet
  facet normal -0.941552 0.336868 0
    outer loop
      vertex 13.5068 6.50652 3
      vertex 13.4506 6.34944 0
      vertex 13.4506 6.34944 3
    endloop
  endfacet
  facet normal 0.514099 -0.857731 0
    outer loop
      vertex 10.9355 8.4135 0
      vertex 11.0786 8.49927 3
      vertex 10.9355 8.4135 3
    endloop
  endfacet
  facet normal 0.514099 -0.857731 0
    outer loop
      vertex 11.0786 8.49927 3
      vertex 10.9355 8.4135 0
      vertex 11.0786 8.49927 0
    endloop
  endfacet
  facet normal -0.14667 -0.989185 0
    outer loop
      vertex 12.0466 8.69181 0
      vertex 12.2117 8.66733 3
      vertex 12.0466 8.69181 3
    endloop
  endfacet
  facet normal -0.14667 -0.989185 -0
    outer loop
      vertex 12.2117 8.66733 3
      vertex 12.0466 8.69181 0
      vertex 12.2117 8.66733 0
    endloop
  endfacet
  facet normal 0.0491004 0.998794 -0
    outer loop
      vertex 11.88 5.3 0
      vertex 11.7134 5.30819 3
      vertex 11.88 5.3 3
    endloop
  endfacet
  facet normal 0.0491004 0.998794 0
    outer loop
      vertex 11.7134 5.30819 3
      vertex 11.88 5.3 0
      vertex 11.7134 5.30819 0
    endloop
  endfacet
  facet normal -0.146612 0.989194 0
    outer loop
      vertex 12.2117 5.33266 0
      vertex 12.0466 5.30819 3
      vertex 12.2117 5.33266 3
    endloop
  endfacet
  facet normal -0.146612 0.989194 0
    outer loop
      vertex 12.0466 5.30819 3
      vertex 12.2117 5.33266 0
      vertex 12.0466 5.30819 0
    endloop
  endfacet
  facet normal -0.741051 0.671448 0
    outer loop
      vertex 13.0821 5.79792 0
      vertex 13.1941 5.92153 3
      vertex 13.1941 5.92153 0
    endloop
  endfacet
  facet normal -0.741051 0.671448 0
    outer loop
      vertex 13.1941 5.92153 3
      vertex 13.0821 5.79792 0
      vertex 13.0821 5.79792 3
    endloop
  endfacet
  facet normal 0.67161 0.740905 -0
    outer loop
      vertex 10.8015 5.68588 0
      vertex 10.6779 5.79792 3
      vertex 10.8015 5.68588 3
    endloop
  endfacet
  facet normal 0.67161 0.740905 0
    outer loop
      vertex 10.6779 5.79792 3
      vertex 10.8015 5.68588 0
      vertex 10.6779 5.79792 0
    endloop
  endfacet
  facet normal -0.941552 -0.336868 0
    outer loop
      vertex 13.5068 7.49348 0
      vertex 13.4506 7.65056 3
      vertex 13.4506 7.65056 0
    endloop
  endfacet
  facet normal -0.941552 -0.336868 0
    outer loop
      vertex 13.4506 7.65056 3
      vertex 13.5068 7.49348 0
      vertex 13.5068 7.49348 3
    endloop
  endfacet
  facet normal 0.741051 0.671448 0
    outer loop
      vertex 10.6779 5.79792 3
      vertex 10.5659 5.92153 0
      vertex 10.5659 5.92153 3
    endloop
  endfacet
  facet normal 0.741051 0.671448 0
    outer loop
      vertex 10.5659 5.92153 0
      vertex 10.6779 5.79792 3
      vertex 10.6779 5.79792 0
    endloop
  endfacet
  facet normal -0.857636 0.514258 0
    outer loop
      vertex 13.2935 6.05553 0
      vertex 13.3793 6.19862 3
      vertex 13.3793 6.19862 0
    endloop
  endfacet
  facet normal -0.857636 0.514258 0
    outer loop
      vertex 13.3793 6.19862 3
      vertex 13.2935 6.05553 0
      vertex 13.2935 6.05553 3
    endloop
  endfacet
  facet normal -0.67161 -0.740905 0
    outer loop
      vertex 12.9585 8.31412 0
      vertex 13.0821 8.20208 3
      vertex 12.9585 8.31412 3
    endloop
  endfacet
  facet normal -0.67161 -0.740905 -0
    outer loop
      vertex 13.0821 8.20208 3
      vertex 12.9585 8.31412 0
      vertex 13.0821 8.20208 0
    endloop
  endfacet
  facet normal 0.970083 -0.242775 0
    outer loop
      vertex 10.2127 7.33165 3
      vertex 10.2532 7.49348 0
      vertex 10.2532 7.49348 3
    endloop
  endfacet
  facet normal 0.970083 -0.242775 0
    outer loop
      vertex 10.2532 7.49348 0
      vertex 10.2127 7.33165 3
      vertex 10.2127 7.33165 0
    endloop
  endfacet
  facet normal -0.33683 0.941566 0
    outer loop
      vertex 12.5306 5.4294 0
      vertex 12.3735 5.3732 3
      vertex 12.5306 5.4294 3
    endloop
  endfacet
  facet normal -0.33683 0.941566 0
    outer loop
      vertex 12.3735 5.3732 3
      vertex 12.5306 5.4294 0
      vertex 12.3735 5.3732 0
    endloop
  endfacet
  facet normal -0.427589 0.903973 0
    outer loop
      vertex 12.6814 5.50073 0
      vertex 12.5306 5.4294 3
      vertex 12.6814 5.50073 3
    endloop
  endfacet
  facet normal -0.427589 0.903973 0
    outer loop
      vertex 12.5306 5.4294 3
      vertex 12.6814 5.50073 0
      vertex 12.5306 5.4294 0
    endloop
  endfacet
  facet normal -0.989158 0.146857 0
    outer loop
      vertex 13.5473 6.66835 0
      vertex 13.5718 6.83337 3
      vertex 13.5718 6.83337 0
    endloop
  endfacet
  facet normal -0.989158 0.146857 0
    outer loop
      vertex 13.5718 6.83337 3
      vertex 13.5473 6.66835 0
      vertex 13.5473 6.66835 3
    endloop
  endfacet
  facet normal 0.904065 0.427396 0
    outer loop
      vertex 10.3807 6.19862 3
      vertex 10.3094 6.34944 0
      vertex 10.3094 6.34944 3
    endloop
  endfacet
  facet normal 0.904065 0.427396 0
    outer loop
      vertex 10.3094 6.34944 0
      vertex 10.3807 6.19862 3
      vertex 10.3807 6.19862 0
    endloop
  endfacet
  facet normal 0.336883 -0.941546 0
    outer loop
      vertex 11.2294 8.57059 0
      vertex 11.3865 8.6268 3
      vertex 11.2294 8.57059 3
    endloop
  endfacet
  facet normal 0.336883 -0.941546 0
    outer loop
      vertex 11.3865 8.6268 3
      vertex 11.2294 8.57059 0
      vertex 11.3865 8.6268 0
    endloop
  endfacet
  facet normal 0.0491004 -0.998794 0
    outer loop
      vertex 11.7134 8.69181 0
      vertex 11.88 8.7 3
      vertex 11.7134 8.69181 3
    endloop
  endfacet
  facet normal 0.0491004 -0.998794 0
    outer loop
      vertex 11.88 8.7 3
      vertex 11.7134 8.69181 0
      vertex 11.88 8.7 0
    endloop
  endfacet
  facet normal -0.857652 -0.514231 0
    outer loop
      vertex 13.3793 7.80137 0
      vertex 13.2935 7.94447 3
      vertex 13.2935 7.94447 0
    endloop
  endfacet
  facet normal -0.857652 -0.514231 0
    outer loop
      vertex 13.2935 7.94447 3
      vertex 13.3793 7.80137 0
      vertex 13.3793 7.80137 3
    endloop
  endfacet
  facet normal 0.941552 -0.336868 0
    outer loop
      vertex 10.2532 7.49348 3
      vertex 10.3094 7.65056 0
      vertex 10.3094 7.65056 3
    endloop
  endfacet
  facet normal 0.941552 -0.336868 0
    outer loop
      vertex 10.3094 7.65056 0
      vertex 10.2532 7.49348 3
      vertex 10.2532 7.49348 0
    endloop
  endfacet
  facet normal 0.803154 0.595772 0
    outer loop
      vertex 10.5659 5.92153 3
      vertex 10.4665 6.05553 0
      vertex 10.4665 6.05553 3
    endloop
  endfacet
  facet normal 0.803154 0.595772 0
    outer loop
      vertex 10.4665 6.05553 0
      vertex 10.5659 5.92153 3
      vertex 10.5659 5.92153 0
    endloop
  endfacet
  facet normal 0.67161 -0.740905 0
    outer loop
      vertex 10.6779 8.20208 0
      vertex 10.8015 8.31412 3
      vertex 10.6779 8.20208 3
    endloop
  endfacet
  facet normal 0.67161 -0.740905 0
    outer loop
      vertex 10.8015 8.31412 3
      vertex 10.6779 8.20208 0
      vertex 10.8015 8.31412 0
    endloop
  endfacet
  facet normal -0.0491004 -0.998794 0
    outer loop
      vertex 11.88 8.7 0
      vertex 12.0466 8.69181 3
      vertex 11.88 8.7 3
    endloop
  endfacet
  facet normal -0.0491004 -0.998794 -0
    outer loop
      vertex 12.0466 8.69181 3
      vertex 11.88 8.7 0
      vertex 12.0466 8.69181 0
    endloop
  endfacet
  facet normal 0.941552 0.336868 0
    outer loop
      vertex 10.3094 6.34944 3
      vertex 10.2532 6.50652 0
      vertex 10.2532 6.50652 3
    endloop
  endfacet
  facet normal 0.941552 0.336868 0
    outer loop
      vertex 10.2532 6.50652 0
      vertex 10.3094 6.34944 3
      vertex 10.3094 6.34944 0
    endloop
  endfacet
  facet normal 0.514099 0.857731 -0
    outer loop
      vertex 11.0786 5.50073 0
      vertex 10.9355 5.5865 3
      vertex 11.0786 5.50073 3
    endloop
  endfacet
  facet normal 0.514099 0.857731 0
    outer loop
      vertex 10.9355 5.5865 3
      vertex 11.0786 5.50073 0
      vertex 10.9355 5.5865 0
    endloop
  endfacet
  facet normal 0.741051 -0.671448 0
    outer loop
      vertex 10.5659 8.07847 3
      vertex 10.6779 8.20208 0
      vertex 10.6779 8.20208 3
    endloop
  endfacet
  facet normal 0.741051 -0.671448 0
    outer loop
      vertex 10.6779 8.20208 0
      vertex 10.5659 8.07847 3
      vertex 10.5659 8.07847 0
    endloop
  endfacet
  facet normal -0.0491004 0.998794 0
    outer loop
      vertex 12.0466 5.30819 0
      vertex 11.88 5.3 3
      vertex 12.0466 5.30819 3
    endloop
  endfacet
  facet normal -0.0491004 0.998794 0
    outer loop
      vertex 11.88 5.3 3
      vertex 12.0466 5.30819 0
      vertex 11.88 5.3 0
    endloop
  endfacet
  facet normal -0.741051 -0.671448 0
    outer loop
      vertex 13.1941 8.07847 0
      vertex 13.0821 8.20208 3
      vertex 13.0821 8.20208 0
    endloop
  endfacet
  facet normal -0.741051 -0.671448 0
    outer loop
      vertex 13.0821 8.20208 3
      vertex 13.1941 8.07847 0
      vertex 13.1941 8.07847 3
    endloop
  endfacet
  facet normal 0.904054 -0.427419 0
    outer loop
      vertex 10.3094 7.65056 3
      vertex 10.3807 7.80137 0
      vertex 10.3807 7.80137 3
    endloop
  endfacet
  facet normal 0.904054 -0.427419 0
    outer loop
      vertex 10.3807 7.80137 0
      vertex 10.3094 7.65056 3
      vertex 10.3094 7.65056 0
    endloop
  endfacet
  facet normal -0.904065 0.427396 0
    outer loop
      vertex 13.3793 6.19862 0
      vertex 13.4506 6.34944 3
      vertex 13.4506 6.34944 0
    endloop
  endfacet
  facet normal -0.904065 0.427396 0
    outer loop
      vertex 13.4506 6.34944 3
      vertex 13.3793 6.19862 0
      vertex 13.3793 6.19862 3
    endloop
  endfacet
  facet normal 0.427589 0.903973 -0
    outer loop
      vertex 11.2294 5.4294 0
      vertex 11.0786 5.50073 3
      vertex 11.2294 5.4294 3
    endloop
  endfacet
  facet normal 0.427589 0.903973 0
    outer loop
      vertex 11.0786 5.50073 3
      vertex 11.2294 5.4294 0
      vertex 11.0786 5.50073 0
    endloop
  endfacet
  facet normal -0.514099 0.857731 0
    outer loop
      vertex 12.8245 5.5865 0
      vertex 12.6814 5.50073 3
      vertex 12.8245 5.5865 3
    endloop
  endfacet
  facet normal -0.514099 0.857731 0
    outer loop
      vertex 12.6814 5.50073 3
      vertex 12.8245 5.5865 0
      vertex 12.6814 5.50073 0
    endloop
  endfacet
  facet normal 0.857636 0.514258 0
    outer loop
      vertex 10.4665 6.05553 3
      vertex 10.3807 6.19862 0
      vertex 10.3807 6.19862 3
    endloop
  endfacet
  facet normal 0.857636 0.514258 0
    outer loop
      vertex 10.3807 6.19862 0
      vertex 10.4665 6.05553 3
      vertex 10.4665 6.05553 0
    endloop
  endfacet
  facet normal 0.998791 -0.0491513 0
    outer loop
      vertex 10.18 7 3
      vertex 10.1882 7.16663 0
      vertex 10.1882 7.16663 3
    endloop
  endfacet
  facet normal 0.998791 -0.0491513 0
    outer loop
      vertex 10.1882 7.16663 0
      vertex 10.18 7 3
      vertex 10.18 7 0
    endloop
  endfacet
  facet normal 0.998791 0.0491513 0
    outer loop
      vertex 10.1882 6.83337 3
      vertex 10.18 7 0
      vertex 10.18 7 3
    endloop
  endfacet
  facet normal 0.998791 0.0491513 0
    outer loop
      vertex 10.18 7 0
      vertex 10.1882 6.83337 3
      vertex 10.1882 6.83337 0
    endloop
  endfacet
  facet normal 0.33683 0.941566 -0
    outer loop
      vertex 11.3865 5.3732 0
      vertex 11.2294 5.4294 3
      vertex 11.3865 5.3732 3
    endloop
  endfacet
  facet normal 0.33683 0.941566 0
    outer loop
      vertex 11.2294 5.4294 3
      vertex 11.3865 5.3732 0
      vertex 11.2294 5.4294 0
    endloop
  endfacet
  facet normal -0.242987 -0.97003 0
    outer loop
      vertex 12.2117 8.66733 0
      vertex 12.3735 8.6268 3
      vertex 12.2117 8.66733 3
    endloop
  endfacet
  facet normal -0.242987 -0.97003 -0
    outer loop
      vertex 12.3735 8.6268 3
      vertex 12.2117 8.66733 0
      vertex 12.3735 8.6268 0
    endloop
  endfacet
  facet normal 0.243043 0.970015 -0
    outer loop
      vertex 11.5483 5.33266 0
      vertex 11.3865 5.3732 3
      vertex 11.5483 5.33266 3
    endloop
  endfacet
  facet normal 0.243043 0.970015 0
    outer loop
      vertex 11.3865 5.3732 3
      vertex 11.5483 5.33266 0
      vertex 11.3865 5.3732 0
    endloop
  endfacet
  facet normal 0.595695 0.803211 -0
    outer loop
      vertex 10.9355 5.5865 0
      vertex 10.8015 5.68588 3
      vertex 10.9355 5.5865 3
    endloop
  endfacet
  facet normal 0.595695 0.803211 0
    outer loop
      vertex 10.8015 5.68588 3
      vertex 10.9355 5.5865 0
      vertex 10.8015 5.68588 0
    endloop
  endfacet
  facet normal 0.857652 -0.514231 0
    outer loop
      vertex 10.3807 7.80137 3
      vertex 10.4665 7.94447 0
      vertex 10.4665 7.94447 3
    endloop
  endfacet
  facet normal 0.857652 -0.514231 0
    outer loop
      vertex 10.4665 7.94447 0
      vertex 10.3807 7.80137 3
      vertex 10.3807 7.80137 0
    endloop
  endfacet
  facet normal -0.989158 -0.146857 0
    outer loop
      vertex 43.8118 7.16663 0
      vertex 43.7873 7.33165 3
      vertex 43.7873 7.33165 0
    endloop
  endfacet
  facet normal -0.989158 -0.146857 0
    outer loop
      vertex 43.7873 7.33165 3
      vertex 43.8118 7.16663 0
      vertex 43.8118 7.16663 3
    endloop
  endfacet
  facet normal -0.998791 -0.0491513 0
    outer loop
      vertex 43.82 7 0
      vertex 43.8118 7.16663 3
      vertex 43.8118 7.16663 0
    endloop
  endfacet
  facet normal -0.998791 -0.0491513 0
    outer loop
      vertex 43.8118 7.16663 3
      vertex 43.82 7 0
      vertex 43.82 7 3
    endloop
  endfacet
  facet normal -0.970083 -0.242775 0
    outer loop
      vertex 43.7873 7.33165 0
      vertex 43.7468 7.49348 3
      vertex 43.7468 7.49348 0
    endloop
  endfacet
  facet normal -0.970083 -0.242775 0
    outer loop
      vertex 43.7468 7.49348 3
      vertex 43.7873 7.33165 0
      vertex 43.7873 7.33165 3
    endloop
  endfacet
  facet normal 0.14667 -0.989185 0
    outer loop
      vertex 41.7883 8.66733 0
      vertex 41.9534 8.69181 3
      vertex 41.7883 8.66733 3
    endloop
  endfacet
  facet normal 0.14667 -0.989185 0
    outer loop
      vertex 41.9534 8.69181 3
      vertex 41.7883 8.66733 0
      vertex 41.9534 8.69181 0
    endloop
  endfacet
  facet normal -0.803154 -0.595772 0
    outer loop
      vertex 43.5335 7.94447 0
      vertex 43.4341 8.07847 3
      vertex 43.4341 8.07847 0
    endloop
  endfacet
  facet normal -0.803154 -0.595772 0
    outer loop
      vertex 43.4341 8.07847 3
      vertex 43.5335 7.94447 0
      vertex 43.5335 7.94447 3
    endloop
  endfacet
  facet normal -0.595695 -0.803211 0
    outer loop
      vertex 43.0645 8.4135 0
      vertex 43.1985 8.31412 3
      vertex 43.0645 8.4135 3
    endloop
  endfacet
  facet normal -0.595695 -0.803211 -0
    outer loop
      vertex 43.1985 8.31412 3
      vertex 43.0645 8.4135 0
      vertex 43.1985 8.31412 0
    endloop
  endfacet
  facet normal 0.595695 -0.803211 0
    outer loop
      vertex 41.0415 8.31412 0
      vertex 41.1755 8.4135 3
      vertex 41.0415 8.31412 3
    endloop
  endfacet
  facet normal 0.595695 -0.803211 0
    outer loop
      vertex 41.1755 8.4135 3
      vertex 41.0415 8.31412 0
      vertex 41.1755 8.4135 0
    endloop
  endfacet
  facet normal -0.998791 0.0491513 0
    outer loop
      vertex 43.8118 6.83337 0
      vertex 43.82 7 3
      vertex 43.82 7 0
    endloop
  endfacet
  facet normal -0.998791 0.0491513 0
    outer loop
      vertex 43.82 7 3
      vertex 43.8118 6.83337 0
      vertex 43.8118 6.83337 3
    endloop
  endfacet
  facet normal 0.242987 -0.97003 0
    outer loop
      vertex 41.6265 8.6268 0
      vertex 41.7883 8.66733 3
      vertex 41.6265 8.6268 3
    endloop
  endfacet
  facet normal 0.242987 -0.97003 0
    outer loop
      vertex 41.7883 8.66733 3
      vertex 41.6265 8.6268 0
      vertex 41.7883 8.66733 0
    endloop
  endfacet
  facet normal 0.970083 0.242775 0
    outer loop
      vertex 40.4932 6.50652 3
      vertex 40.4527 6.66835 0
      vertex 40.4527 6.66835 3
    endloop
  endfacet
  facet normal 0.970083 0.242775 0
    outer loop
      vertex 40.4527 6.66835 0
      vertex 40.4932 6.50652 3
      vertex 40.4932 6.50652 0
    endloop
  endfacet
  facet normal -0.42754 -0.903996 0
    outer loop
      vertex 42.7706 8.57059 0
      vertex 42.9214 8.49927 3
      vertex 42.7706 8.57059 3
    endloop
  endfacet
  facet normal -0.42754 -0.903996 -0
    outer loop
      vertex 42.9214 8.49927 3
      vertex 42.7706 8.57059 0
      vertex 42.9214 8.49927 0
    endloop
  endfacet
  facet normal -0.243043 0.970015 0
    outer loop
      vertex 42.6135 5.3732 0
      vertex 42.4517 5.33266 3
      vertex 42.6135 5.3732 3
    endloop
  endfacet
  facet normal -0.243043 0.970015 0
    outer loop
      vertex 42.4517 5.33266 3
      vertex 42.6135 5.3732 0
      vertex 42.4517 5.33266 0
    endloop
  endfacet
  facet normal 0.42754 -0.903996 0
    outer loop
      vertex 41.3186 8.49927 0
      vertex 41.4694 8.57059 3
      vertex 41.3186 8.49927 3
    endloop
  endfacet
  facet normal 0.42754 -0.903996 0
    outer loop
      vertex 41.4694 8.57059 3
      vertex 41.3186 8.49927 0
      vertex 41.4694 8.57059 0
    endloop
  endfacet
  facet normal -0.970083 0.242775 0
    outer loop
      vertex 43.7468 6.50652 0
      vertex 43.7873 6.66835 3
      vertex 43.7873 6.66835 0
    endloop
  endfacet
  facet normal -0.970083 0.242775 0
    outer loop
      vertex 43.7873 6.66835 3
      vertex 43.7468 6.50652 0
      vertex 43.7468 6.50652 3
    endloop
  endfacet
  facet normal -0.67161 0.740905 0
    outer loop
      vertex 43.3221 5.79792 0
      vertex 43.1985 5.68588 3
      vertex 43.3221 5.79792 3
    endloop
  endfacet
  facet normal -0.67161 0.740905 0
    outer loop
      vertex 43.1985 5.68588 3
      vertex 43.3221 5.79792 0
      vertex 43.1985 5.68588 0
    endloop
  endfacet
  facet normal -0.803154 0.595772 0
    outer loop
      vertex 43.4341 5.92153 0
      vertex 43.5335 6.05553 3
      vertex 43.5335 6.05553 0
    endloop
  endfacet
  facet normal -0.803154 0.595772 0
    outer loop
      vertex 43.5335 6.05553 3
      vertex 43.4341 5.92153 0
      vertex 43.4341 5.92153 3
    endloop
  endfacet
  facet normal 0.146612 0.989194 -0
    outer loop
      vertex 41.9534 5.30819 0
      vertex 41.7883 5.33266 3
      vertex 41.9534 5.30819 3
    endloop
  endfacet
  facet normal 0.146612 0.989194 0
    outer loop
      vertex 41.7883 5.33266 3
      vertex 41.9534 5.30819 0
      vertex 41.7883 5.33266 0
    endloop
  endfacet
  facet normal 0.989158 0.146857 0
    outer loop
      vertex 40.4527 6.66835 3
      vertex 40.4282 6.83337 0
      vertex 40.4282 6.83337 3
    endloop
  endfacet
  facet normal 0.989158 0.146857 0
    outer loop
      vertex 40.4282 6.83337 0
      vertex 40.4527 6.66835 3
      vertex 40.4527 6.66835 0
    endloop
  endfacet
  facet normal -0.336883 -0.941546 0
    outer loop
      vertex 42.6135 8.6268 0
      vertex 42.7706 8.57059 3
      vertex 42.6135 8.6268 3
    endloop
  endfacet
  facet normal -0.336883 -0.941546 -0
    outer loop
      vertex 42.7706 8.57059 3
      vertex 42.6135 8.6268 0
      vertex 42.7706 8.57059 0
    endloop
  endfacet
  facet normal -0.514099 -0.857731 0
    outer loop
      vertex 42.9214 8.49927 0
      vertex 43.0645 8.4135 3
      vertex 42.9214 8.49927 3
    endloop
  endfacet
  facet normal -0.514099 -0.857731 -0
    outer loop
      vertex 43.0645 8.4135 3
      vertex 42.9214 8.49927 0
      vertex 43.0645 8.4135 0
    endloop
  endfacet
  facet normal 0.989158 -0.146857 0
    outer loop
      vertex 40.4282 7.16663 3
      vertex 40.4527 7.33165 0
      vertex 40.4527 7.33165 3
    endloop
  endfacet
  facet normal 0.989158 -0.146857 0
    outer loop
      vertex 40.4527 7.33165 0
      vertex 40.4282 7.16663 3
      vertex 40.4282 7.16663 0
    endloop
  endfacet
  facet normal 0.336883 -0.941546 0
    outer loop
      vertex 41.4694 8.57059 0
      vertex 41.6265 8.6268 3
      vertex 41.4694 8.57059 3
    endloop
  endfacet
  facet normal 0.336883 -0.941546 0
    outer loop
      vertex 41.6265 8.6268 3
      vertex 41.4694 8.57059 0
      vertex 41.6265 8.6268 0
    endloop
  endfacet
  facet normal -0.595695 0.803211 0
    outer loop
      vertex 43.1985 5.68588 0
      vertex 43.0645 5.5865 3
      vertex 43.1985 5.68588 3
    endloop
  endfacet
  facet normal -0.595695 0.803211 0
    outer loop
      vertex 43.0645 5.5865 3
      vertex 43.1985 5.68588 0
      vertex 43.0645 5.5865 0
    endloop
  endfacet
  facet normal -0.904054 -0.427419 0
    outer loop
      vertex 43.6906 7.65056 0
      vertex 43.6193 7.80137 3
      vertex 43.6193 7.80137 0
    endloop
  endfacet
  facet normal -0.904054 -0.427419 0
    outer loop
      vertex 43.6193 7.80137 3
      vertex 43.6906 7.65056 0
      vertex 43.6906 7.65056 3
    endloop
  endfacet
  facet normal 0.803154 -0.595772 0
    outer loop
      vertex 40.7065 7.94447 3
      vertex 40.8059 8.07847 0
      vertex 40.8059 8.07847 3
    endloop
  endfacet
  facet normal 0.803154 -0.595772 0
    outer loop
      vertex 40.8059 8.07847 0
      vertex 40.7065 7.94447 3
      vertex 40.7065 7.94447 0
    endloop
  endfacet
  facet normal -0.941552 0.336868 0
    outer loop
      vertex 43.6906 6.34944 0
      vertex 43.7468 6.50652 3
      vertex 43.7468 6.50652 0
    endloop
  endfacet
  facet normal -0.941552 0.336868 0
    outer loop
      vertex 43.7468 6.50652 3
      vertex 43.6906 6.34944 0
      vertex 43.6906 6.34944 3
    endloop
  endfacet
  facet normal 0.514099 -0.857731 0
    outer loop
      vertex 41.1755 8.4135 0
      vertex 41.3186 8.49927 3
      vertex 41.1755 8.4135 3
    endloop
  endfacet
  facet normal 0.514099 -0.857731 0
    outer loop
      vertex 41.3186 8.49927 3
      vertex 41.1755 8.4135 0
      vertex 41.3186 8.49927 0
    endloop
  endfacet
  facet normal -0.14667 -0.989185 0
    outer loop
      vertex 42.2866 8.69181 0
      vertex 42.4517 8.66733 3
      vertex 42.2866 8.69181 3
    endloop
  endfacet
  facet normal -0.14667 -0.989185 -0
    outer loop
      vertex 42.4517 8.66733 3
      vertex 42.2866 8.69181 0
      vertex 42.4517 8.66733 0
    endloop
  endfacet
  facet normal 0.0491004 0.998794 -0
    outer loop
      vertex 42.12 5.3 0
      vertex 41.9534 5.30819 3
      vertex 42.12 5.3 3
    endloop
  endfacet
  facet normal 0.0491004 0.998794 0
    outer loop
      vertex 41.9534 5.30819 3
      vertex 42.12 5.3 0
      vertex 41.9534 5.30819 0
    endloop
  endfacet
  facet normal -0.146612 0.989194 0
    outer loop
      vertex 42.4517 5.33266 0
      vertex 42.2866 5.30819 3
      vertex 42.4517 5.33266 3
    endloop
  endfacet
  facet normal -0.146612 0.989194 0
    outer loop
      vertex 42.2866 5.30819 3
      vertex 42.4517 5.33266 0
      vertex 42.2866 5.30819 0
    endloop
  endfacet
  facet normal -0.741051 0.671448 0
    outer loop
      vertex 43.3221 5.79792 0
      vertex 43.4341 5.92153 3
      vertex 43.4341 5.92153 0
    endloop
  endfacet
  facet normal -0.741051 0.671448 0
    outer loop
      vertex 43.4341 5.92153 3
      vertex 43.3221 5.79792 0
      vertex 43.3221 5.79792 3
    endloop
  endfacet
  facet normal 0.67161 0.740905 -0
    outer loop
      vertex 41.0415 5.68588 0
      vertex 40.9179 5.79792 3
      vertex 41.0415 5.68588 3
    endloop
  endfacet
  facet normal 0.67161 0.740905 0
    outer loop
      vertex 40.9179 5.79792 3
      vertex 41.0415 5.68588 0
      vertex 40.9179 5.79792 0
    endloop
  endfacet
  facet normal -0.941552 -0.336868 0
    outer loop
      vertex 43.7468 7.49348 0
      vertex 43.6906 7.65056 3
      vertex 43.6906 7.65056 0
    endloop
  endfacet
  facet normal -0.941552 -0.336868 0
    outer loop
      vertex 43.6906 7.65056 3
      vertex 43.7468 7.49348 0
      vertex 43.7468 7.49348 3
    endloop
  endfacet
  facet normal 0.741051 0.671448 0
    outer loop
      vertex 40.9179 5.79792 3
      vertex 40.8059 5.92153 0
      vertex 40.8059 5.92153 3
    endloop
  endfacet
  facet normal 0.741051 0.671448 0
    outer loop
      vertex 40.8059 5.92153 0
      vertex 40.9179 5.79792 3
      vertex 40.9179 5.79792 0
    endloop
  endfacet
  facet normal -0.857636 0.514258 0
    outer loop
      vertex 43.5335 6.05553 0
      vertex 43.6193 6.19862 3
      vertex 43.6193 6.19862 0
    endloop
  endfacet
  facet normal -0.857636 0.514258 0
    outer loop
      vertex 43.6193 6.19862 3
      vertex 43.5335 6.05553 0
      vertex 43.5335 6.05553 3
    endloop
  endfacet
  facet normal -0.67161 -0.740905 0
    outer loop
      vertex 43.1985 8.31412 0
      vertex 43.3221 8.20208 3
      vertex 43.1985 8.31412 3
    endloop
  endfacet
  facet normal -0.67161 -0.740905 -0
    outer loop
      vertex 43.3221 8.20208 3
      vertex 43.1985 8.31412 0
      vertex 43.3221 8.20208 0
    endloop
  endfacet
  facet normal 0.970083 -0.242775 0
    outer loop
      vertex 40.4527 7.33165 3
      vertex 40.4932 7.49348 0
      vertex 40.4932 7.49348 3
    endloop
  endfacet
  facet normal 0.970083 -0.242775 0
    outer loop
      vertex 40.4932 7.49348 0
      vertex 40.4527 7.33165 3
      vertex 40.4527 7.33165 0
    endloop
  endfacet
  facet normal -0.33683 0.941566 0
    outer loop
      vertex 42.7706 5.4294 0
      vertex 42.6135 5.3732 3
      vertex 42.7706 5.4294 3
    endloop
  endfacet
  facet normal -0.33683 0.941566 0
    outer loop
      vertex 42.6135 5.3732 3
      vertex 42.7706 5.4294 0
      vertex 42.6135 5.3732 0
    endloop
  endfacet
  facet normal -0.427589 0.903973 0
    outer loop
      vertex 42.9214 5.50073 0
      vertex 42.7706 5.4294 3
      vertex 42.9214 5.50073 3
    endloop
  endfacet
  facet normal -0.427589 0.903973 0
    outer loop
      vertex 42.7706 5.4294 3
      vertex 42.9214 5.50073 0
      vertex 42.7706 5.4294 0
    endloop
  endfacet
  facet normal -0.989158 0.146857 0
    outer loop
      vertex 43.7873 6.66835 0
      vertex 43.8118 6.83337 3
      vertex 43.8118 6.83337 0
    endloop
  endfacet
  facet normal -0.989158 0.146857 0
    outer loop
      vertex 43.8118 6.83337 3
      vertex 43.7873 6.66835 0
      vertex 43.7873 6.66835 3
    endloop
  endfacet
  facet normal 0.904065 0.427396 0
    outer loop
      vertex 40.6207 6.19862 3
      vertex 40.5494 6.34944 0
      vertex 40.5494 6.34944 3
    endloop
  endfacet
  facet normal 0.904065 0.427396 0
    outer loop
      vertex 40.5494 6.34944 0
      vertex 40.6207 6.19862 3
      vertex 40.6207 6.19862 0
    endloop
  endfacet
  facet normal 0.0491004 -0.998794 0
    outer loop
      vertex 41.9534 8.69181 0
      vertex 42.12 8.7 3
      vertex 41.9534 8.69181 3
    endloop
  endfacet
  facet normal 0.0491004 -0.998794 0
    outer loop
      vertex 42.12 8.7 3
      vertex 41.9534 8.69181 0
      vertex 42.12 8.7 0
    endloop
  endfacet
  facet normal -0.857652 -0.514231 0
    outer loop
      vertex 43.6193 7.80137 0
      vertex 43.5335 7.94447 3
      vertex 43.5335 7.94447 0
    endloop
  endfacet
  facet normal -0.857652 -0.514231 0
    outer loop
      vertex 43.5335 7.94447 3
      vertex 43.6193 7.80137 0
      vertex 43.6193 7.80137 3
    endloop
  endfacet
  facet normal 0.941552 -0.336868 0
    outer loop
      vertex 40.4932 7.49348 3
      vertex 40.5494 7.65056 0
      vertex 40.5494 7.65056 3
    endloop
  endfacet
  facet normal 0.941552 -0.336868 0
    outer loop
      vertex 40.5494 7.65056 0
      vertex 40.4932 7.49348 3
      vertex 40.4932 7.49348 0
    endloop
  endfacet
  facet normal 0.803154 0.595772 0
    outer loop
      vertex 40.8059 5.92153 3
      vertex 40.7065 6.05553 0
      vertex 40.7065 6.05553 3
    endloop
  endfacet
  facet normal 0.803154 0.595772 0
    outer loop
      vertex 40.7065 6.05553 0
      vertex 40.8059 5.92153 3
      vertex 40.8059 5.92153 0
    endloop
  endfacet
  facet normal 0.67161 -0.740905 0
    outer loop
      vertex 40.9179 8.20208 0
      vertex 41.0415 8.31412 3
      vertex 40.9179 8.20208 3
    endloop
  endfacet
  facet normal 0.67161 -0.740905 0
    outer loop
      vertex 41.0415 8.31412 3
      vertex 40.9179 8.20208 0
      vertex 41.0415 8.31412 0
    endloop
  endfacet
  facet normal -0.0491004 -0.998794 0
    outer loop
      vertex 42.12 8.7 0
      vertex 42.2866 8.69181 3
      vertex 42.12 8.7 3
    endloop
  endfacet
  facet normal -0.0491004 -0.998794 -0
    outer loop
      vertex 42.2866 8.69181 3
      vertex 42.12 8.7 0
      vertex 42.2866 8.69181 0
    endloop
  endfacet
  facet normal 0.941552 0.336868 0
    outer loop
      vertex 40.5494 6.34944 3
      vertex 40.4932 6.50652 0
      vertex 40.4932 6.50652 3
    endloop
  endfacet
  facet normal 0.941552 0.336868 0
    outer loop
      vertex 40.4932 6.50652 0
      vertex 40.5494 6.34944 3
      vertex 40.5494 6.34944 0
    endloop
  endfacet
  facet normal 0.514099 0.857731 -0
    outer loop
      vertex 41.3186 5.50073 0
      vertex 41.1755 5.5865 3
      vertex 41.3186 5.50073 3
    endloop
  endfacet
  facet normal 0.514099 0.857731 0
    outer loop
      vertex 41.1755 5.5865 3
      vertex 41.3186 5.50073 0
      vertex 41.1755 5.5865 0
    endloop
  endfacet
  facet normal 0.741051 -0.671448 0
    outer loop
      vertex 40.8059 8.07847 3
      vertex 40.9179 8.20208 0
      vertex 40.9179 8.20208 3
    endloop
  endfacet
  facet normal 0.741051 -0.671448 0
    outer loop
      vertex 40.9179 8.20208 0
      vertex 40.8059 8.07847 3
      vertex 40.8059 8.07847 0
    endloop
  endfacet
  facet normal -0.242987 -0.97003 0
    outer loop
      vertex 42.4517 8.66733 0
      vertex 42.6135 8.6268 3
      vertex 42.4517 8.66733 3
    endloop
  endfacet
  facet normal -0.242987 -0.97003 -0
    outer loop
      vertex 42.6135 8.6268 3
      vertex 42.4517 8.66733 0
      vertex 42.6135 8.6268 0
    endloop
  endfacet
  facet normal -0.0491004 0.998794 0
    outer loop
      vertex 42.2866 5.30819 0
      vertex 42.12 5.3 3
      vertex 42.2866 5.30819 3
    endloop
  endfacet
  facet normal -0.0491004 0.998794 0
    outer loop
      vertex 42.12 5.3 3
      vertex 42.2866 5.30819 0
      vertex 42.12 5.3 0
    endloop
  endfacet
  facet normal -0.741051 -0.671448 0
    outer loop
      vertex 43.4341 8.07847 0
      vertex 43.3221 8.20208 3
      vertex 43.3221 8.20208 0
    endloop
  endfacet
  facet normal -0.741051 -0.671448 0
    outer loop
      vertex 43.3221 8.20208 3
      vertex 43.4341 8.07847 0
      vertex 43.4341 8.07847 3
    endloop
  endfacet
  facet normal 0.904054 -0.427419 0
    outer loop
      vertex 40.5494 7.65056 3
      vertex 40.6207 7.80137 0
      vertex 40.6207 7.80137 3
    endloop
  endfacet
  facet normal 0.904054 -0.427419 0
    outer loop
      vertex 40.6207 7.80137 0
      vertex 40.5494 7.65056 3
      vertex 40.5494 7.65056 0
    endloop
  endfacet
  facet normal -0.904065 0.427396 0
    outer loop
      vertex 43.6193 6.19862 0
      vertex 43.6906 6.34944 3
      vertex 43.6906 6.34944 0
    endloop
  endfacet
  facet normal -0.904065 0.427396 0
    outer loop
      vertex 43.6906 6.34944 3
      vertex 43.6193 6.19862 0
      vertex 43.6193 6.19862 3
    endloop
  endfacet
  facet normal 0.427589 0.903973 -0
    outer loop
      vertex 41.4694 5.4294 0
      vertex 41.3186 5.50073 3
      vertex 41.4694 5.4294 3
    endloop
  endfacet
  facet normal 0.427589 0.903973 0
    outer loop
      vertex 41.3186 5.50073 3
      vertex 41.4694 5.4294 0
      vertex 41.3186 5.50073 0
    endloop
  endfacet
  facet normal -0.514099 0.857731 0
    outer loop
      vertex 43.0645 5.5865 0
      vertex 42.9214 5.50073 3
      vertex 43.0645 5.5865 3
    endloop
  endfacet
  facet normal -0.514099 0.857731 0
    outer loop
      vertex 42.9214 5.50073 3
      vertex 43.0645 5.5865 0
      vertex 42.9214 5.50073 0
    endloop
  endfacet
  facet normal 0.857636 0.514258 0
    outer loop
      vertex 40.7065 6.05553 3
      vertex 40.6207 6.19862 0
      vertex 40.6207 6.19862 3
    endloop
  endfacet
  facet normal 0.857636 0.514258 0
    outer loop
      vertex 40.6207 6.19862 0
      vertex 40.7065 6.05553 3
      vertex 40.7065 6.05553 0
    endloop
  endfacet
  facet normal 0.998791 -0.0491513 0
    outer loop
      vertex 40.42 7 3
      vertex 40.4282 7.16663 0
      vertex 40.4282 7.16663 3
    endloop
  endfacet
  facet normal 0.998791 -0.0491513 0
    outer loop
      vertex 40.4282 7.16663 0
      vertex 40.42 7 3
      vertex 40.42 7 0
    endloop
  endfacet
  facet normal 0.998791 0.0491513 0
    outer loop
      vertex 40.4282 6.83337 3
      vertex 40.42 7 0
      vertex 40.42 7 3
    endloop
  endfacet
  facet normal 0.998791 0.0491513 0
    outer loop
      vertex 40.42 7 0
      vertex 40.4282 6.83337 3
      vertex 40.4282 6.83337 0
    endloop
  endfacet
  facet normal 0.33683 0.941566 -0
    outer loop
      vertex 41.6265 5.3732 0
      vertex 41.4694 5.4294 3
      vertex 41.6265 5.3732 3
    endloop
  endfacet
  facet normal 0.33683 0.941566 0
    outer loop
      vertex 41.4694 5.4294 3
      vertex 41.6265 5.3732 0
      vertex 41.4694 5.4294 0
    endloop
  endfacet
  facet normal 0.243043 0.970015 -0
    outer loop
      vertex 41.7883 5.33266 0
      vertex 41.6265 5.3732 3
      vertex 41.7883 5.33266 3
    endloop
  endfacet
  facet normal 0.243043 0.970015 0
    outer loop
      vertex 41.6265 5.3732 3
      vertex 41.7883 5.33266 0
      vertex 41.6265 5.3732 0
    endloop
  endfacet
  facet normal 0.595695 0.803211 -0
    outer loop
      vertex 41.1755 5.5865 0
      vertex 41.0415 5.68588 3
      vertex 41.1755 5.5865 3
    endloop
  endfacet
  facet normal 0.595695 0.803211 0
    outer loop
      vertex 41.0415 5.68588 3
      vertex 41.1755 5.5865 0
      vertex 41.0415 5.68588 0
    endloop
  endfacet
  facet normal 0.857652 -0.514231 0
    outer loop
      vertex 40.6207 7.80137 3
      vertex 40.7065 7.94447 0
      vertex 40.7065 7.94447 3
    endloop
  endfacet
  facet normal 0.857652 -0.514231 0
    outer loop
      vertex 40.7065 7.94447 0
      vertex 40.6207 7.80137 3
      vertex 40.6207 7.80137 0
    endloop
  endfacet
  facet normal -0.427543 -0.903995 0
    outer loop
      vertex 22.143 -11.9096 0
      vertex 22.5866 -12.1194 3
      vertex 22.143 -11.9096 3
    endloop
  endfacet
  facet normal -0.427543 -0.903995 -0
    outer loop
      vertex 22.5866 -12.1194 3
      vertex 22.143 -11.9096 0
      vertex 22.5866 -12.1194 0
    endloop
  endfacet
  facet normal -0.671629 0.740887 0
    outer loop
      vertex 21.328 -3.63495 0
      vertex 20.9645 -3.96447 3
      vertex 21.328 -3.63495 3
    endloop
  endfacet
  facet normal -0.671629 0.740887 0
    outer loop
      vertex 20.9645 -3.96447 3
      vertex 21.328 -3.63495 0
      vertex 20.9645 -3.96447 0
    endloop
  endfacet
  facet normal 0.0490736 0.998795 -0
    outer loop
      vertex 24.9901 -2.52408 0
      vertex 24.5 -2.5 3
      vertex 24.9901 -2.52408 3
    endloop
  endfacet
  facet normal 0.0490736 0.998795 0
    outer loop
      vertex 24.5 -2.5 3
      vertex 24.9901 -2.52408 0
      vertex 24.5 -2.5 0
    endloop
  endfacet
  facet normal 0.514076 0.857745 -0
    outer loop
      vertex 27.2779 -3.34265 0
      vertex 26.857 -3.09039 3
      vertex 27.2779 -3.34265 3
    endloop
  endfacet
  facet normal 0.514076 0.857745 0
    outer loop
      vertex 26.857 -3.09039 3
      vertex 27.2779 -3.34265 0
      vertex 26.857 -3.09039 0
    endloop
  endfacet
  facet normal 0.514136 -0.857709 0
    outer loop
      vertex 26.857 -11.9096 0
      vertex 27.2779 -11.6573 3
      vertex 26.857 -11.9096 3
    endloop
  endfacet
  facet normal 0.514136 -0.857709 0
    outer loop
      vertex 27.2779 -11.6573 3
      vertex 26.857 -11.9096 0
      vertex 27.2779 -11.6573 0
    endloop
  endfacet
  facet normal -0.59572 0.803192 0
    outer loop
      vertex 21.7221 -3.34265 0
      vertex 21.328 -3.63495 3
      vertex 21.7221 -3.34265 3
    endloop
  endfacet
  facet normal -0.59572 0.803192 0
    outer loop
      vertex 21.328 -3.63495 3
      vertex 21.7221 -3.34265 0
      vertex 21.328 -3.63495 0
    endloop
  endfacet
  facet normal 0 0 1
    outer loop
      vertex 26.2 -7.5 3
      vertex 29.5 -7.49 3
      vertex 29.4759 -7.00991 3
    endloop
  endfacet
  facet normal 0 0 1
    outer loop
      vertex 29.5 -7.49 3
      vertex 26.2 -7.5 3
      vertex 29.5 -7.5 3
    endloop
  endfacet
  facet normal 0 0 1
    outer loop
      vertex 26.1918 -7.33337 3
      vertex 29.4759 -7.00991 3
      vertex 29.4039 -6.52455 3
    endloop
  endfacet
  facet normal 0 0 1
    outer loop
      vertex 29.5 -7.5 3
      vertex 26.2 -7.5 3
      vertex 29.4759 -7.99009 3
    endloop
  endfacet
  facet normal 0 0 1
    outer loop
      vertex 26.1673 -7.16835 3
      vertex 29.4039 -6.52455 3
      vertex 29.2847 -6.04858 3
    endloop
  endfacet
  facet normal -0 0 1
    outer loop
      vertex 26.1918 -7.66663 3
      vertex 29.4759 -7.99009 3
      vertex 26.2 -7.5 3
    endloop
  endfacet
  facet normal 0 0 1
    outer loop
      vertex 26.1268 -7.00652 3
      vertex 29.2847 -6.04858 3
      vertex 29.1194 -5.58658 3
    endloop
  endfacet
  facet normal 0 0 1
    outer loop
      vertex 29.4759 -7.99009 3
      vertex 26.1918 -7.66663 3
      vertex 29.4039 -8.47545 3
    endloop
  endfacet
  facet normal 0 0 1
    outer loop
      vertex 26.0706 -6.84944 3
      vertex 29.1194 -5.58658 3
      vertex 28.9096 -5.14302 3
    endloop
  endfacet
  facet normal -0 0 1
    outer loop
      vertex 26.1673 -7.83165 3
      vertex 29.4039 -8.47545 3
      vertex 26.1918 -7.66663 3
    endloop
  endfacet
  facet normal 0 0 1
    outer loop
      vertex 25.9993 -6.69863 3
      vertex 28.9096 -5.14302 3
      vertex 28.6573 -4.72215 3
    endloop
  endfacet
  facet normal 0 0 1
    outer loop
      vertex 29.4039 -8.47545 3
      vertex 26.1673 -7.83165 3
      vertex 29.2847 -8.95142 3
    endloop
  endfacet
  facet normal 0 0 1
    outer loop
      vertex 25.9135 -6.55553 3
      vertex 28.6573 -4.72215 3
      vertex 28.3651 -4.32803 3
    endloop
  endfacet
  facet normal -0 0 1
    outer loop
      vertex 26.1268 -7.99348 3
      vertex 29.2847 -8.95142 3
      vertex 26.1673 -7.83165 3
    endloop
  endfacet
  facet normal 0 0 1
    outer loop
      vertex 25.8141 -6.42153 3
      vertex 28.3651 -4.32803 3
      vertex 28.0355 -3.96447 3
    endloop
  endfacet
  facet normal 0 0 1
    outer loop
      vertex 29.2847 -8.95142 3
      vertex 26.1268 -7.99348 3
      vertex 29.1194 -9.41342 3
    endloop
  endfacet
  facet normal 0 0 1
    outer loop
      vertex 25.7021 -6.29792 3
      vertex 28.0355 -3.96447 3
      vertex 27.672 -3.63495 3
    endloop
  endfacet
  facet normal -0 0 1
    outer loop
      vertex 26.0706 -8.15056 3
      vertex 29.1194 -9.41342 3
      vertex 26.1268 -7.99348 3
    endloop
  endfacet
  facet normal 0 0 1
    outer loop
      vertex 25.5785 -6.18588 3
      vertex 27.672 -3.63495 3
      vertex 27.2779 -3.34265 3
    endloop
  endfacet
  facet normal 0 0 1
    outer loop
      vertex 29.1194 -9.41342 3
      vertex 26.0706 -8.15056 3
      vertex 28.9096 -9.85698 3
    endloop
  endfacet
  facet normal 0 0 1
    outer loop
      vertex 25.4445 -6.0865 3
      vertex 27.2779 -3.34265 3
      vertex 26.857 -3.09039 3
    endloop
  endfacet
  facet normal -0 0 1
    outer loop
      vertex 25.9993 -8.30137 3
      vertex 28.9096 -9.85698 3
      vertex 26.0706 -8.15056 3
    endloop
  endfacet
  facet normal 0 0 1
    outer loop
      vertex 25.3014 -6.00073 3
      vertex 26.857 -3.09039 3
      vertex 26.4134 -2.8806 3
    endloop
  endfacet
  facet normal 0 0 1
    outer loop
      vertex 28.9096 -9.85698 3
      vertex 25.9993 -8.30137 3
      vertex 28.6573 -10.2779 3
    endloop
  endfacet
  facet normal -0 0 1
    outer loop
      vertex 25.9135 -8.44447 3
      vertex 28.6573 -10.2779 3
      vertex 25.9993 -8.30137 3
    endloop
  endfacet
  facet normal 0 0 1
    outer loop
      vertex 29.4759 -7.00991 3
      vertex 26.1918 -7.33337 3
      vertex 26.2 -7.5 3
    endloop
  endfacet
  facet normal 0 0 1
    outer loop
      vertex 29.4039 -6.52455 3
      vertex 26.1673 -7.16835 3
      vertex 26.1918 -7.33337 3
    endloop
  endfacet
  facet normal 0 0 1
    outer loop
      vertex 29.2847 -6.04858 3
      vertex 26.1268 -7.00652 3
      vertex 26.1673 -7.16835 3
    endloop
  endfacet
  facet normal 0 0 1
    outer loop
      vertex 29.1194 -5.58658 3
      vertex 26.0706 -6.84944 3
      vertex 26.1268 -7.00652 3
    endloop
  endfacet
  facet normal 0 0 1
    outer loop
      vertex 28.9096 -5.14302 3
      vertex 25.9993 -6.69863 3
      vertex 26.0706 -6.84944 3
    endloop
  endfacet
  facet normal 0 0 1
    outer loop
      vertex 25.1506 -5.92941 3
      vertex 26.4134 -2.8806 3
      vertex 25.9514 -2.7153 3
    endloop
  endfacet
  facet normal 0 0 1
    outer loop
      vertex 28.6573 -4.72215 3
      vertex 25.9135 -6.55553 3
      vertex 25.9993 -6.69863 3
    endloop
  endfacet
  facet normal 0 0 1
    outer loop
      vertex 28.3651 -4.32803 3
      vertex 25.8141 -6.42153 3
      vertex 25.9135 -6.55553 3
    endloop
  endfacet
  facet normal 0 0 1
    outer loop
      vertex 28.0355 -3.96447 3
      vertex 25.7021 -6.29792 3
      vertex 25.8141 -6.42153 3
    endloop
  endfacet
  facet normal 0 0 1
    outer loop
      vertex 27.672 -3.63495 3
      vertex 25.5785 -6.18588 3
      vertex 25.7021 -6.29792 3
    endloop
  endfacet
  facet normal 0 0 1
    outer loop
      vertex 24.9935 -5.8732 3
      vertex 25.9514 -2.7153 3
      vertex 25.4755 -2.59607 3
    endloop
  endfacet
  facet normal 0 0 1
    outer loop
      vertex 27.2779 -3.34265 3
      vertex 25.4445 -6.0865 3
      vertex 25.5785 -6.18588 3
    endloop
  endfacet
  facet normal 0 0 1
    outer loop
      vertex 26.857 -3.09039 3
      vertex 25.3014 -6.00073 3
      vertex 25.4445 -6.0865 3
    endloop
  endfacet
  facet normal 0 0 1
    outer loop
      vertex 26.4134 -2.8806 3
      vertex 25.1506 -5.92941 3
      vertex 25.3014 -6.00073 3
    endloop
  endfacet
  facet normal 0 0 1
    outer loop
      vertex 25.9514 -2.7153 3
      vertex 24.9935 -5.8732 3
      vertex 25.1506 -5.92941 3
    endloop
  endfacet
  facet normal 0 0 1
    outer loop
      vertex 24.8317 -5.83267 3
      vertex 25.4755 -2.59607 3
      vertex 24.9901 -2.52408 3
    endloop
  endfacet
  facet normal 0 0 1
    outer loop
      vertex 25.4755 -2.59607 3
      vertex 24.8317 -5.83267 3
      vertex 24.9935 -5.8732 3
    endloop
  endfacet
  facet normal 0 0 1
    outer loop
      vertex 24.9901 -2.52408 3
      vertex 24.6666 -5.80819 3
      vertex 24.8317 -5.83267 3
    endloop
  endfacet
  facet normal 0 0 1
    outer loop
      vertex 24.5 -2.5 3
      vertex 24.6666 -5.80819 3
      vertex 24.9901 -2.52408 3
    endloop
  endfacet
  facet normal 0 0 1
    outer loop
      vertex 24.5 -2.5 3
      vertex 24.5 -5.8 3
      vertex 24.6666 -5.80819 3
    endloop
  endfacet
  facet normal 0 0 1
    outer loop
      vertex 24.5 -2.5 3
      vertex 24.3334 -5.80819 3
      vertex 24.5 -5.8 3
    endloop
  endfacet
  facet normal -0 0 1
    outer loop
      vertex 24.0099 -2.52408 3
      vertex 24.3334 -5.80819 3
      vertex 24.5 -2.5 3
    endloop
  endfacet
  facet normal 0 0 1
    outer loop
      vertex 24.3334 -5.80819 3
      vertex 24.0099 -2.52408 3
      vertex 24.1683 -5.83267 3
    endloop
  endfacet
  facet normal -0 0 1
    outer loop
      vertex 23.5245 -2.59607 3
      vertex 24.1683 -5.83267 3
      vertex 24.0099 -2.52408 3
    endloop
  endfacet
  facet normal 0 0 1
    outer loop
      vertex 24.1683 -5.83267 3
      vertex 23.5245 -2.59607 3
      vertex 24.0065 -5.8732 3
    endloop
  endfacet
  facet normal -0 0 1
    outer loop
      vertex 23.0486 -2.7153 3
      vertex 24.0065 -5.8732 3
      vertex 23.5245 -2.59607 3
    endloop
  endfacet
  facet normal 0 0 1
    outer loop
      vertex 24.0065 -5.8732 3
      vertex 23.0486 -2.7153 3
      vertex 23.8494 -5.92941 3
    endloop
  endfacet
  facet normal -0 0 1
    outer loop
      vertex 22.5866 -2.8806 3
      vertex 23.8494 -5.92941 3
      vertex 23.0486 -2.7153 3
    endloop
  endfacet
  facet normal 0 0 1
    outer loop
      vertex 23.8494 -5.92941 3
      vertex 22.5866 -2.8806 3
      vertex 23.6986 -6.00073 3
    endloop
  endfacet
  facet normal -0 0 1
    outer loop
      vertex 22.143 -3.09039 3
      vertex 23.6986 -6.00073 3
      vertex 22.5866 -2.8806 3
    endloop
  endfacet
  facet normal 0 0 1
    outer loop
      vertex 23.6986 -6.00073 3
      vertex 22.143 -3.09039 3
      vertex 23.5555 -6.0865 3
    endloop
  endfacet
  facet normal -0 0 1
    outer loop
      vertex 21.7221 -3.34265 3
      vertex 23.5555 -6.0865 3
      vertex 22.143 -3.09039 3
    endloop
  endfacet
  facet normal 0 0 1
    outer loop
      vertex 23.5555 -6.0865 3
      vertex 21.7221 -3.34265 3
      vertex 23.4215 -6.18588 3
    endloop
  endfacet
  facet normal -0 0 1
    outer loop
      vertex 21.328 -3.63495 3
      vertex 23.4215 -6.18588 3
      vertex 21.7221 -3.34265 3
    endloop
  endfacet
  facet normal 0 0 1
    outer loop
      vertex 23.4215 -6.18588 3
      vertex 21.328 -3.63495 3
      vertex 23.2979 -6.29792 3
    endloop
  endfacet
  facet normal -0 0 1
    outer loop
      vertex 20.9645 -3.96447 3
      vertex 23.2979 -6.29792 3
      vertex 21.328 -3.63495 3
    endloop
  endfacet
  facet normal 0 0 1
    outer loop
      vertex 23.2979 -6.29792 3
      vertex 20.9645 -3.96447 3
      vertex 23.1859 -6.42153 3
    endloop
  endfacet
  facet normal -0 0 1
    outer loop
      vertex 20.6349 -4.32803 3
      vertex 23.1859 -6.42153 3
      vertex 20.9645 -3.96447 3
    endloop
  endfacet
  facet normal -0 0 1
    outer loop
      vertex 20.3427 -4.72215 3
      vertex 23.0865 -6.55553 3
      vertex 20.6349 -4.32803 3
    endloop
  endfacet
  facet normal 0 0 1
    outer loop
      vertex 23.1859 -6.42153 3
      vertex 20.6349 -4.32803 3
      vertex 23.0865 -6.55553 3
    endloop
  endfacet
  facet normal 0 0 1
    outer loop
      vertex 28.6573 -10.2779 3
      vertex 25.9135 -8.44447 3
      vertex 28.3651 -10.672 3
    endloop
  endfacet
  facet normal -0 0 1
    outer loop
      vertex 25.8141 -8.57847 3
      vertex 28.3651 -10.672 3
      vertex 25.9135 -8.44447 3
    endloop
  endfacet
  facet normal 0 0 1
    outer loop
      vertex 28.3651 -10.672 3
      vertex 25.8141 -8.57847 3
      vertex 28.0355 -11.0355 3
    endloop
  endfacet
  facet normal -0 0 1
    outer loop
      vertex 25.7021 -8.70208 3
      vertex 28.0355 -11.0355 3
      vertex 25.8141 -8.57847 3
    endloop
  endfacet
  facet normal 0 0 1
    outer loop
      vertex 28.0355 -11.0355 3
      vertex 25.7021 -8.70208 3
      vertex 27.672 -11.3651 3
    endloop
  endfacet
  facet normal -0 0 1
    outer loop
      vertex 25.5785 -8.81412 3
      vertex 27.672 -11.3651 3
      vertex 25.7021 -8.70208 3
    endloop
  endfacet
  facet normal 0 0 1
    outer loop
      vertex 27.672 -11.3651 3
      vertex 25.5785 -8.81412 3
      vertex 27.2779 -11.6573 3
    endloop
  endfacet
  facet normal -0 0 1
    outer loop
      vertex 25.4445 -8.9135 3
      vertex 27.2779 -11.6573 3
      vertex 25.5785 -8.81412 3
    endloop
  endfacet
  facet normal 0 0 1
    outer loop
      vertex 27.2779 -11.6573 3
      vertex 25.4445 -8.9135 3
      vertex 26.857 -11.9096 3
    endloop
  endfacet
  facet normal -0 0 1
    outer loop
      vertex 25.3014 -8.99927 3
      vertex 26.857 -11.9096 3
      vertex 25.4445 -8.9135 3
    endloop
  endfacet
  facet normal 0 0 1
    outer loop
      vertex 26.857 -11.9096 3
      vertex 25.3014 -8.99927 3
      vertex 26.4134 -12.1194 3
    endloop
  endfacet
  facet normal -0 0 1
    outer loop
      vertex 25.1506 -9.07059 3
      vertex 26.4134 -12.1194 3
      vertex 25.3014 -8.99927 3
    endloop
  endfacet
  facet normal 0 0 1
    outer loop
      vertex 26.4134 -12.1194 3
      vertex 25.1506 -9.07059 3
      vertex 25.9514 -12.2847 3
    endloop
  endfacet
  facet normal -0 0 1
    outer loop
      vertex 24.9935 -9.1268 3
      vertex 25.9514 -12.2847 3
      vertex 25.1506 -9.07059 3
    endloop
  endfacet
  facet normal 0 0 1
    outer loop
      vertex 25.9514 -12.2847 3
      vertex 24.9935 -9.1268 3
      vertex 25.4755 -12.4039 3
    endloop
  endfacet
  facet normal -0 0 1
    outer loop
      vertex 24.8317 -9.16733 3
      vertex 25.4755 -12.4039 3
      vertex 24.9935 -9.1268 3
    endloop
  endfacet
  facet normal 0 0 1
    outer loop
      vertex 25.4755 -12.4039 3
      vertex 24.8317 -9.16733 3
      vertex 24.9901 -12.4759 3
    endloop
  endfacet
  facet normal -0 0 1
    outer loop
      vertex 24.6666 -9.19181 3
      vertex 24.9901 -12.4759 3
      vertex 24.8317 -9.16733 3
    endloop
  endfacet
  facet normal -0 0 1
    outer loop
      vertex 24.5 -9.2 3
      vertex 24.9901 -12.4759 3
      vertex 24.6666 -9.19181 3
    endloop
  endfacet
  facet normal 0 0 1
    outer loop
      vertex 24.5 -9.2 3
      vertex 24.5 -12.5 3
      vertex 24.9901 -12.4759 3
    endloop
  endfacet
  facet normal 0 0 1
    outer loop
      vertex 24.3334 -9.19181 3
      vertex 24.5 -12.5 3
      vertex 24.5 -9.2 3
    endloop
  endfacet
  facet normal 0 0 1
    outer loop
      vertex 24.0099 -12.4759 3
      vertex 24.3334 -9.19181 3
      vertex 24.1683 -9.16733 3
    endloop
  endfacet
  facet normal 0 0 1
    outer loop
      vertex 24.3334 -9.19181 3
      vertex 24.0099 -12.4759 3
      vertex 24.5 -12.5 3
    endloop
  endfacet
  facet normal 0 0 1
    outer loop
      vertex 23.5245 -12.4039 3
      vertex 24.1683 -9.16733 3
      vertex 24.0065 -9.1268 3
    endloop
  endfacet
  facet normal 0 0 1
    outer loop
      vertex 23.0486 -12.2847 3
      vertex 24.0065 -9.1268 3
      vertex 23.8494 -9.07059 3
    endloop
  endfacet
  facet normal 0 0 1
    outer loop
      vertex 22.5866 -12.1194 3
      vertex 23.8494 -9.07059 3
      vertex 23.6986 -8.99927 3
    endloop
  endfacet
  facet normal 0 0 1
    outer loop
      vertex 22.143 -11.9096 3
      vertex 23.6986 -8.99927 3
      vertex 23.5555 -8.9135 3
    endloop
  endfacet
  facet normal 0 0 1
    outer loop
      vertex 24.1683 -9.16733 3
      vertex 23.5245 -12.4039 3
      vertex 24.0099 -12.4759 3
    endloop
  endfacet
  facet normal 0 0 1
    outer loop
      vertex 21.7221 -11.6573 3
      vertex 23.5555 -8.9135 3
      vertex 23.4215 -8.81412 3
    endloop
  endfacet
  facet normal 0 0 1
    outer loop
      vertex 21.328 -11.3651 3
      vertex 23.4215 -8.81412 3
      vertex 23.2979 -8.70208 3
    endloop
  endfacet
  facet normal 0 0 1
    outer loop
      vertex 20.9645 -11.0355 3
      vertex 23.2979 -8.70208 3
      vertex 23.1859 -8.57847 3
    endloop
  endfacet
  facet normal 0 0 1
    outer loop
      vertex 20.6349 -10.672 3
      vertex 23.1859 -8.57847 3
      vertex 23.0865 -8.44447 3
    endloop
  endfacet
  facet normal 0 0 1
    outer loop
      vertex 24.0065 -9.1268 3
      vertex 23.0486 -12.2847 3
      vertex 23.5245 -12.4039 3
    endloop
  endfacet
  facet normal 0 0 1
    outer loop
      vertex 20.3427 -10.2779 3
      vertex 23.0865 -8.44447 3
      vertex 23.0007 -8.30137 3
    endloop
  endfacet
  facet normal 0 0 1
    outer loop
      vertex 20.0904 -9.85698 3
      vertex 23.0007 -8.30137 3
      vertex 22.9294 -8.15056 3
    endloop
  endfacet
  facet normal 0 0 1
    outer loop
      vertex 19.8806 -9.41342 3
      vertex 22.9294 -8.15056 3
      vertex 22.8732 -7.99348 3
    endloop
  endfacet
  facet normal 0 0 1
    outer loop
      vertex 19.7153 -8.95142 3
      vertex 22.8732 -7.99348 3
      vertex 22.8327 -7.83165 3
    endloop
  endfacet
  facet normal 0 0 1
    outer loop
      vertex 19.5961 -8.47545 3
      vertex 22.8327 -7.83165 3
      vertex 22.8082 -7.66663 3
    endloop
  endfacet
  facet normal 0 0 1
    outer loop
      vertex 23.8494 -9.07059 3
      vertex 22.5866 -12.1194 3
      vertex 23.0486 -12.2847 3
    endloop
  endfacet
  facet normal 0 0 1
    outer loop
      vertex 19.5241 -7.99009 3
      vertex 22.8082 -7.66663 3
      vertex 22.8 -7.5 3
    endloop
  endfacet
  facet normal 0 0 1
    outer loop
      vertex 23.0865 -6.55553 3
      vertex 20.3427 -4.72215 3
      vertex 23.0007 -6.69863 3
    endloop
  endfacet
  facet normal -0 0 1
    outer loop
      vertex 20.0904 -5.14302 3
      vertex 23.0007 -6.69863 3
      vertex 20.3427 -4.72215 3
    endloop
  endfacet
  facet normal 0 0 1
    outer loop
      vertex 23.6986 -8.99927 3
      vertex 22.143 -11.9096 3
      vertex 22.5866 -12.1194 3
    endloop
  endfacet
  facet normal 0 0 1
    outer loop
      vertex 23.0007 -6.69863 3
      vertex 20.0904 -5.14302 3
      vertex 22.9294 -6.84944 3
    endloop
  endfacet
  facet normal 0 0 1
    outer loop
      vertex 23.5555 -8.9135 3
      vertex 21.7221 -11.6573 3
      vertex 22.143 -11.9096 3
    endloop
  endfacet
  facet normal -0 0 1
    outer loop
      vertex 19.8806 -5.58658 3
      vertex 22.9294 -6.84944 3
      vertex 20.0904 -5.14302 3
    endloop
  endfacet
  facet normal 0 0 1
    outer loop
      vertex 23.4215 -8.81412 3
      vertex 21.328 -11.3651 3
      vertex 21.7221 -11.6573 3
    endloop
  endfacet
  facet normal 0 0 1
    outer loop
      vertex 22.9294 -6.84944 3
      vertex 19.8806 -5.58658 3
      vertex 22.8732 -7.00652 3
    endloop
  endfacet
  facet normal 0 0 1
    outer loop
      vertex 23.2979 -8.70208 3
      vertex 20.9645 -11.0355 3
      vertex 21.328 -11.3651 3
    endloop
  endfacet
  facet normal -0 0 1
    outer loop
      vertex 19.7153 -6.04858 3
      vertex 22.8732 -7.00652 3
      vertex 19.8806 -5.58658 3
    endloop
  endfacet
  facet normal 0 0 1
    outer loop
      vertex 23.1859 -8.57847 3
      vertex 20.6349 -10.672 3
      vertex 20.9645 -11.0355 3
    endloop
  endfacet
  facet normal 0 0 1
    outer loop
      vertex 22.8732 -7.00652 3
      vertex 19.7153 -6.04858 3
      vertex 22.8327 -7.16835 3
    endloop
  endfacet
  facet normal 0 0 1
    outer loop
      vertex 23.0865 -8.44447 3
      vertex 20.3427 -10.2779 3
      vertex 20.6349 -10.672 3
    endloop
  endfacet
  facet normal -0 0 1
    outer loop
      vertex 19.5961 -6.52455 3
      vertex 22.8327 -7.16835 3
      vertex 19.7153 -6.04858 3
    endloop
  endfacet
  facet normal 0 0 1
    outer loop
      vertex 23.0007 -8.30137 3
      vertex 20.0904 -9.85698 3
      vertex 20.3427 -10.2779 3
    endloop
  endfacet
  facet normal 0 0 1
    outer loop
      vertex 22.8327 -7.16835 3
      vertex 19.5961 -6.52455 3
      vertex 22.8082 -7.33337 3
    endloop
  endfacet
  facet normal 0 0 1
    outer loop
      vertex 22.9294 -8.15056 3
      vertex 19.8806 -9.41342 3
      vertex 20.0904 -9.85698 3
    endloop
  endfacet
  facet normal -0 0 1
    outer loop
      vertex 19.5241 -7.00991 3
      vertex 22.8082 -7.33337 3
      vertex 19.5961 -6.52455 3
    endloop
  endfacet
  facet normal 0 0 1
    outer loop
      vertex 22.8732 -7.99348 3
      vertex 19.7153 -8.95142 3
      vertex 19.8806 -9.41342 3
    endloop
  endfacet
  facet normal 0 0 1
    outer loop
      vertex 22.8082 -7.33337 3
      vertex 19.5241 -7.00991 3
      vertex 22.8 -7.5 3
    endloop
  endfacet
  facet normal 0 0 1
    outer loop
      vertex 22.8327 -7.83165 3
      vertex 19.5961 -8.47545 3
      vertex 19.7153 -8.95142 3
    endloop
  endfacet
  facet normal -0 0 1
    outer loop
      vertex 19.5 -7.49 3
      vertex 22.8 -7.5 3
      vertex 19.5241 -7.00991 3
    endloop
  endfacet
  facet normal 0 0 1
    outer loop
      vertex 22.8082 -7.66663 3
      vertex 19.5241 -7.99009 3
      vertex 19.5961 -8.47545 3
    endloop
  endfacet
  facet normal 0 0 1
    outer loop
      vertex 19.5 -7.5 3
      vertex 22.8 -7.5 3
      vertex 19.5 -7.49 3
    endloop
  endfacet
  facet normal 0 0 1
    outer loop
      vertex 22.8 -7.5 3
      vertex 19.5 -7.5 3
      vertex 19.5241 -7.99009 3
    endloop
  endfacet
  facet normal -0.989175 -0.146738 0
    outer loop
      vertex 19.5961 -8.47545 0
      vertex 19.5241 -7.99009 3
      vertex 19.5241 -7.99009 0
    endloop
  endfacet
  facet normal -0.989175 -0.146738 0
    outer loop
      vertex 19.5241 -7.99009 3
      vertex 19.5961 -8.47545 0
      vertex 19.5961 -8.47545 3
    endloop
  endfacet
  facet normal -0.803304 0.595569 0
    outer loop
      vertex 20.3427 -4.72215 0
      vertex 20.6349 -4.32803 3
      vertex 20.6349 -4.32803 0
    endloop
  endfacet
  facet normal -0.803304 0.595569 0
    outer loop
      vertex 20.6349 -4.32803 3
      vertex 20.3427 -4.72215 0
      vertex 20.3427 -4.72215 3
    endloop
  endfacet
  facet normal 0.242967 -0.970034 0
    outer loop
      vertex 25.4755 -12.4039 0
      vertex 25.9514 -12.2847 3
      vertex 25.4755 -12.4039 3
    endloop
  endfacet
  facet normal 0.242967 -0.970034 0
    outer loop
      vertex 25.9514 -12.2847 3
      vertex 25.4755 -12.4039 0
      vertex 25.9514 -12.2847 0
    endloop
  endfacet
  facet normal 0.90398 -0.427575 0
    outer loop
      vertex 28.9096 -9.85698 3
      vertex 29.1194 -9.41342 0
      vertex 29.1194 -9.41342 3
    endloop
  endfacet
  facet normal 0.90398 -0.427575 0
    outer loop
      vertex 29.1194 -9.41342 0
      vertex 28.9096 -9.85698 3
      vertex 28.9096 -9.85698 0
    endloop
  endfacet
  facet normal 0.803304 0.595569 0
    outer loop
      vertex 28.6573 -4.72215 3
      vertex 28.3651 -4.32803 0
      vertex 28.3651 -4.32803 3
    endloop
  endfacet
  facet normal 0.803304 0.595569 0
    outer loop
      vertex 28.3651 -4.32803 0
      vertex 28.6573 -4.72215 3
      vertex 28.6573 -4.72215 0
    endloop
  endfacet
  facet normal 0.146726 -0.989177 0
    outer loop
      vertex 24.9901 -12.4759 0
      vertex 25.4755 -12.4039 3
      vertex 24.9901 -12.4759 3
    endloop
  endfacet
  facet normal 0.146726 -0.989177 0
    outer loop
      vertex 25.4755 -12.4039 3
      vertex 24.9901 -12.4759 0
      vertex 25.4755 -12.4039 0
    endloop
  endfacet
  facet normal -0.857719 -0.514118 0
    outer loop
      vertex 20.3427 -10.2779 0
      vertex 20.0904 -9.85698 3
      vertex 20.0904 -9.85698 0
    endloop
  endfacet
  facet normal -0.857719 -0.514118 0
    outer loop
      vertex 20.0904 -9.85698 3
      vertex 20.3427 -10.2779 0
      vertex 20.3427 -10.2779 3
    endloop
  endfacet
  facet normal -0.0490736 0.998795 0
    outer loop
      vertex 24.5 -2.5 0
      vertex 24.0099 -2.52408 3
      vertex 24.5 -2.5 3
    endloop
  endfacet
  facet normal -0.0490736 0.998795 0
    outer loop
      vertex 24.0099 -2.52408 3
      vertex 24.5 -2.5 0
      vertex 24.0099 -2.52408 0
    endloop
  endfacet
  facet normal -0.90398 0.427575 0
    outer loop
      vertex 19.8806 -5.58658 0
      vertex 20.0904 -5.14302 3
      vertex 20.0904 -5.14302 0
    endloop
  endfacet
  facet normal -0.90398 0.427575 0
    outer loop
      vertex 20.0904 -5.14302 3
      vertex 19.8806 -5.58658 0
      vertex 19.8806 -5.58658 3
    endloop
  endfacet
  facet normal 0.941548 -0.336879 0
    outer loop
      vertex 29.1194 -9.41342 3
      vertex 29.2847 -8.95142 0
      vertex 29.2847 -8.95142 3
    endloop
  endfacet
  facet normal 0.941548 -0.336879 0
    outer loop
      vertex 29.2847 -8.95142 0
      vertex 29.1194 -9.41342 3
      vertex 29.1194 -9.41342 0
    endloop
  endfacet
  facet normal -0.857692 0.514163 0
    outer loop
      vertex 20.0904 -5.14302 0
      vertex 20.3427 -4.72215 3
      vertex 20.3427 -4.72215 0
    endloop
  endfacet
  facet normal -0.857692 0.514163 0
    outer loop
      vertex 20.3427 -4.72215 3
      vertex 20.0904 -5.14302 0
      vertex 20.0904 -5.14302 3
    endloop
  endfacet
  facet normal 0.427543 -0.903995 0
    outer loop
      vertex 26.4134 -12.1194 0
      vertex 26.857 -11.9096 3
      vertex 26.4134 -12.1194 3
    endloop
  endfacet
  facet normal 0.427543 -0.903995 0
    outer loop
      vertex 26.857 -11.9096 3
      vertex 26.4134 -12.1194 0
      vertex 26.857 -11.9096 0
    endloop
  endfacet
  facet normal 0.427526 0.904003 -0
    outer loop
      vertex 26.857 -3.09039 0
      vertex 26.4134 -2.8806 3
      vertex 26.857 -3.09039 3
    endloop
  endfacet
  facet normal 0.427526 0.904003 0
    outer loop
      vertex 26.4134 -2.8806 3
      vertex 26.857 -3.09039 0
      vertex 26.4134 -2.8806 0
    endloop
  endfacet
  facet normal 0.989175 0.146738 0
    outer loop
      vertex 29.4759 -7.00991 3
      vertex 29.4039 -6.52455 0
      vertex 29.4039 -6.52455 3
    endloop
  endfacet
  facet normal 0.989175 0.146738 0
    outer loop
      vertex 29.4039 -6.52455 0
      vertex 29.4759 -7.00991 3
      vertex 29.4759 -7.00991 0
    endloop
  endfacet
  facet normal 0.336879 0.941548 -0
    outer loop
      vertex 26.4134 -2.8806 0
      vertex 25.9514 -2.7153 3
      vertex 26.4134 -2.8806 3
    endloop
  endfacet
  facet normal 0.336879 0.941548 0
    outer loop
      vertex 25.9514 -2.7153 3
      vertex 26.4134 -2.8806 0
      vertex 25.9514 -2.7153 0
    endloop
  endfacet
  facet normal -0.146706 0.98918 0
    outer loop
      vertex 24.0099 -2.52408 0
      vertex 23.5245 -2.59607 3
      vertex 24.0099 -2.52408 3
    endloop
  endfacet
  facet normal -0.146706 0.98918 0
    outer loop
      vertex 23.5245 -2.59607 3
      vertex 24.0099 -2.52408 0
      vertex 23.5245 -2.59607 0
    endloop
  endfacet
  facet normal -0.336879 -0.941548 0
    outer loop
      vertex 22.5866 -12.1194 0
      vertex 23.0486 -12.2847 3
      vertex 22.5866 -12.1194 3
    endloop
  endfacet
  facet normal -0.336879 -0.941548 -0
    outer loop
      vertex 23.0486 -12.2847 3
      vertex 22.5866 -12.1194 0
      vertex 23.0486 -12.2847 0
    endloop
  endfacet
  facet normal 0.998742 0.0501358 0
    outer loop
      vertex 29.5 -7.49 3
      vertex 29.4759 -7.00991 0
      vertex 29.4759 -7.00991 3
    endloop
  endfacet
  facet normal 0.998742 0.0501358 0
    outer loop
      vertex 29.4759 -7.00991 0
      vertex 29.5 -7.49 3
      vertex 29.5 -7.49 0
    endloop
  endfacet
  facet normal 0.998793 -0.0491153 0
    outer loop
      vertex 29.4759 -7.99009 3
      vertex 29.5 -7.5 0
      vertex 29.5 -7.5 3
    endloop
  endfacet
  facet normal 0.998793 -0.0491153 0
    outer loop
      vertex 29.5 -7.5 0
      vertex 29.4759 -7.99009 3
      vertex 29.4759 -7.99009 0
    endloop
  endfacet
  facet normal -0.740806 -0.671719 0
    outer loop
      vertex 20.9645 -11.0355 0
      vertex 20.6349 -10.672 3
      vertex 20.6349 -10.672 0
    endloop
  endfacet
  facet normal -0.740806 -0.671719 0
    outer loop
      vertex 20.6349 -10.672 3
      vertex 20.9645 -11.0355 0
      vertex 20.9645 -11.0355 3
    endloop
  endfacet
  facet normal -0.90398 -0.427575 0
    outer loop
      vertex 20.0904 -9.85698 0
      vertex 19.8806 -9.41342 3
      vertex 19.8806 -9.41342 0
    endloop
  endfacet
  facet normal -0.90398 -0.427575 0
    outer loop
      vertex 19.8806 -9.41342 3
      vertex 20.0904 -9.85698 0
      vertex 20.0904 -9.85698 3
    endloop
  endfacet
  facet normal -0.427526 0.904003 0
    outer loop
      vertex 22.5866 -2.8806 0
      vertex 22.143 -3.09039 3
      vertex 22.5866 -2.8806 3
    endloop
  endfacet
  facet normal -0.427526 0.904003 0
    outer loop
      vertex 22.143 -3.09039 3
      vertex 22.5866 -2.8806 0
      vertex 22.143 -3.09039 0
    endloop
  endfacet
  facet normal -0.242967 -0.970034 0
    outer loop
      vertex 23.0486 -12.2847 0
      vertex 23.5245 -12.4039 3
      vertex 23.0486 -12.2847 3
    endloop
  endfacet
  facet normal -0.242967 -0.970034 -0
    outer loop
      vertex 23.5245 -12.4039 3
      vertex 23.0486 -12.2847 0
      vertex 23.5245 -12.4039 0
    endloop
  endfacet
  facet normal 0.336879 -0.941548 0
    outer loop
      vertex 25.9514 -12.2847 0
      vertex 26.4134 -12.1194 3
      vertex 25.9514 -12.2847 3
    endloop
  endfacet
  facet normal 0.336879 -0.941548 0
    outer loop
      vertex 26.4134 -12.1194 3
      vertex 25.9514 -12.2847 0
      vertex 26.4134 -12.1194 0
    endloop
  endfacet
  facet normal -0.514136 -0.857709 0
    outer loop
      vertex 21.7221 -11.6573 0
      vertex 22.143 -11.9096 3
      vertex 21.7221 -11.6573 3
    endloop
  endfacet
  facet normal -0.514136 -0.857709 -0
    outer loop
      vertex 22.143 -11.9096 3
      vertex 21.7221 -11.6573 0
      vertex 22.143 -11.9096 0
    endloop
  endfacet
  facet normal -0.80329 -0.595588 0
    outer loop
      vertex 20.6349 -10.672 0
      vertex 20.3427 -10.2779 3
      vertex 20.3427 -10.2779 0
    endloop
  endfacet
  facet normal -0.80329 -0.595588 0
    outer loop
      vertex 20.3427 -10.2779 3
      vertex 20.6349 -10.672 0
      vertex 20.6349 -10.672 3
    endloop
  endfacet
  facet normal 0.970043 0.242934 0
    outer loop
      vertex 29.4039 -6.52455 3
      vertex 29.2847 -6.04858 0
      vertex 29.2847 -6.04858 3
    endloop
  endfacet
  facet normal 0.970043 0.242934 0
    outer loop
      vertex 29.2847 -6.04858 0
      vertex 29.4039 -6.52455 3
      vertex 29.4039 -6.52455 0
    endloop
  endfacet
  facet normal -0.671719 -0.740806 0
    outer loop
      vertex 20.9645 -11.0355 0
      vertex 21.328 -11.3651 3
      vertex 20.9645 -11.0355 3
    endloop
  endfacet
  facet normal -0.671719 -0.740806 -0
    outer loop
      vertex 21.328 -11.3651 3
      vertex 20.9645 -11.0355 0
      vertex 21.328 -11.3651 0
    endloop
  endfacet
  facet normal -0.970043 -0.242934 0
    outer loop
      vertex 19.7153 -8.95142 0
      vertex 19.5961 -8.47545 3
      vertex 19.5961 -8.47545 0
    endloop
  endfacet
  facet normal -0.970043 -0.242934 0
    outer loop
      vertex 19.5961 -8.47545 3
      vertex 19.7153 -8.95142 0
      vertex 19.7153 -8.95142 3
    endloop
  endfacet
  facet normal 0.941548 0.336879 0
    outer loop
      vertex 29.2847 -6.04858 3
      vertex 29.1194 -5.58658 0
      vertex 29.1194 -5.58658 3
    endloop
  endfacet
  facet normal 0.941548 0.336879 0
    outer loop
      vertex 29.1194 -5.58658 0
      vertex 29.2847 -6.04858 3
      vertex 29.2847 -6.04858 0
    endloop
  endfacet
  facet normal 0.740806 -0.671719 0
    outer loop
      vertex 28.0355 -11.0355 3
      vertex 28.3651 -10.672 0
      vertex 28.3651 -10.672 3
    endloop
  endfacet
  facet normal 0.740806 -0.671719 0
    outer loop
      vertex 28.3651 -10.672 0
      vertex 28.0355 -11.0355 3
      vertex 28.0355 -11.0355 0
    endloop
  endfacet
  facet normal 0.671719 -0.740806 0
    outer loop
      vertex 27.672 -11.3651 0
      vertex 28.0355 -11.0355 3
      vertex 27.672 -11.3651 3
    endloop
  endfacet
  facet normal 0.671719 -0.740806 0
    outer loop
      vertex 28.0355 -11.0355 3
      vertex 27.672 -11.3651 0
      vertex 28.0355 -11.0355 0
    endloop
  endfacet
  facet normal -0.970043 0.242934 0
    outer loop
      vertex 19.5961 -6.52455 0
      vertex 19.7153 -6.04858 3
      vertex 19.7153 -6.04858 0
    endloop
  endfacet
  facet normal -0.970043 0.242934 0
    outer loop
      vertex 19.7153 -6.04858 3
      vertex 19.5961 -6.52455 0
      vertex 19.5961 -6.52455 3
    endloop
  endfacet
  facet normal -0.514076 0.857745 0
    outer loop
      vertex 22.143 -3.09039 0
      vertex 21.7221 -3.34265 3
      vertex 22.143 -3.09039 3
    endloop
  endfacet
  facet normal -0.514076 0.857745 0
    outer loop
      vertex 21.7221 -3.34265 3
      vertex 22.143 -3.09039 0
      vertex 21.7221 -3.34265 0
    endloop
  endfacet
  facet normal 0.740861 0.671658 0
    outer loop
      vertex 28.3651 -4.32803 3
      vertex 28.0355 -3.96447 0
      vertex 28.0355 -3.96447 3
    endloop
  endfacet
  facet normal 0.740861 0.671658 0
    outer loop
      vertex 28.0355 -3.96447 0
      vertex 28.3651 -4.32803 3
      vertex 28.3651 -4.32803 0
    endloop
  endfacet
  facet normal 0.671629 0.740887 -0
    outer loop
      vertex 28.0355 -3.96447 0
      vertex 27.672 -3.63495 3
      vertex 28.0355 -3.96447 3
    endloop
  endfacet
  facet normal 0.671629 0.740887 0
    outer loop
      vertex 27.672 -3.63495 3
      vertex 28.0355 -3.96447 0
      vertex 27.672 -3.63495 0
    endloop
  endfacet
  facet normal -0.998742 0.0501358 0
    outer loop
      vertex 19.5 -7.49 0
      vertex 19.5241 -7.00991 3
      vertex 19.5241 -7.00991 0
    endloop
  endfacet
  facet normal -0.998742 0.0501358 0
    outer loop
      vertex 19.5241 -7.00991 3
      vertex 19.5 -7.49 0
      vertex 19.5 -7.49 3
    endloop
  endfacet
  facet normal 0.80329 -0.595588 0
    outer loop
      vertex 28.3651 -10.672 3
      vertex 28.6573 -10.2779 0
      vertex 28.6573 -10.2779 3
    endloop
  endfacet
  facet normal 0.80329 -0.595588 0
    outer loop
      vertex 28.6573 -10.2779 0
      vertex 28.3651 -10.672 3
      vertex 28.3651 -10.672 0
    endloop
  endfacet
  facet normal -0.740861 0.671658 0
    outer loop
      vertex 20.6349 -4.32803 0
      vertex 20.9645 -3.96447 3
      vertex 20.9645 -3.96447 0
    endloop
  endfacet
  facet normal -0.740861 0.671658 0
    outer loop
      vertex 20.9645 -3.96447 3
      vertex 20.6349 -4.32803 0
      vertex 20.6349 -4.32803 3
    endloop
  endfacet
  facet normal 0.90398 0.427575 0
    outer loop
      vertex 29.1194 -5.58658 3
      vertex 28.9096 -5.14302 0
      vertex 28.9096 -5.14302 3
    endloop
  endfacet
  facet normal 0.90398 0.427575 0
    outer loop
      vertex 28.9096 -5.14302 0
      vertex 29.1194 -5.58658 3
      vertex 29.1194 -5.58658 0
    endloop
  endfacet
  facet normal 0.857692 0.514163 0
    outer loop
      vertex 28.9096 -5.14302 3
      vertex 28.6573 -4.72215 0
      vertex 28.6573 -4.72215 3
    endloop
  endfacet
  facet normal 0.857692 0.514163 0
    outer loop
      vertex 28.6573 -4.72215 0
      vertex 28.9096 -5.14302 3
      vertex 28.9096 -5.14302 0
    endloop
  endfacet
  facet normal 0.59572 0.803192 -0
    outer loop
      vertex 27.672 -3.63495 0
      vertex 27.2779 -3.34265 3
      vertex 27.672 -3.63495 3
    endloop
  endfacet
  facet normal 0.59572 0.803192 0
    outer loop
      vertex 27.2779 -3.34265 3
      vertex 27.672 -3.63495 0
      vertex 27.2779 -3.34265 0
    endloop
  endfacet
  facet normal 0 0 -1
    outer loop
      vertex 26.2 -7.5 0
      vertex 29.5 -7.5 0
      vertex 29.4759 -7.99009 0
    endloop
  endfacet
  facet normal 0 0 -1
    outer loop
      vertex 29.5 -7.5 0
      vertex 26.2 -7.5 0
      vertex 29.5 -7.49 0
    endloop
  endfacet
  facet normal 0 0 -1
    outer loop
      vertex 26.1918 -7.66663 0
      vertex 29.4759 -7.99009 0
      vertex 29.4039 -8.47545 0
    endloop
  endfacet
  facet normal -0 0 -1
    outer loop
      vertex 29.5 -7.49 0
      vertex 26.2 -7.5 0
      vertex 29.4759 -7.00991 0
    endloop
  endfacet
  facet normal 0 0 -1
    outer loop
      vertex 26.1673 -7.83165 0
      vertex 29.4039 -8.47545 0
      vertex 29.2847 -8.95142 0
    endloop
  endfacet
  facet normal 0 0 -1
    outer loop
      vertex 26.1918 -7.33337 0
      vertex 29.4759 -7.00991 0
      vertex 26.2 -7.5 0
    endloop
  endfacet
  facet normal 0 0 -1
    outer loop
      vertex 26.1268 -7.99348 0
      vertex 29.2847 -8.95142 0
      vertex 29.1194 -9.41342 0
    endloop
  endfacet
  facet normal -0 0 -1
    outer loop
      vertex 29.4759 -7.00991 0
      vertex 26.1918 -7.33337 0
      vertex 29.4039 -6.52455 0
    endloop
  endfacet
  facet normal 0 0 -1
    outer loop
      vertex 26.0706 -8.15056 0
      vertex 29.1194 -9.41342 0
      vertex 28.9096 -9.85698 0
    endloop
  endfacet
  facet normal 0 0 -1
    outer loop
      vertex 26.1673 -7.16835 0
      vertex 29.4039 -6.52455 0
      vertex 26.1918 -7.33337 0
    endloop
  endfacet
  facet normal 0 0 -1
    outer loop
      vertex 25.9993 -8.30137 0
      vertex 28.9096 -9.85698 0
      vertex 28.6573 -10.2779 0
    endloop
  endfacet
  facet normal -0 0 -1
    outer loop
      vertex 29.4039 -6.52455 0
      vertex 26.1673 -7.16835 0
      vertex 29.2847 -6.04858 0
    endloop
  endfacet
  facet normal 0 0 -1
    outer loop
      vertex 25.9135 -8.44447 0
      vertex 28.6573 -10.2779 0
      vertex 28.3651 -10.672 0
    endloop
  endfacet
  facet normal 0 0 -1
    outer loop
      vertex 26.1268 -7.00652 0
      vertex 29.2847 -6.04858 0
      vertex 26.1673 -7.16835 0
    endloop
  endfacet
  facet normal 0 0 -1
    outer loop
      vertex 25.8141 -8.57847 0
      vertex 28.3651 -10.672 0
      vertex 28.0355 -11.0355 0
    endloop
  endfacet
  facet normal -0 0 -1
    outer loop
      vertex 29.2847 -6.04858 0
      vertex 26.1268 -7.00652 0
      vertex 29.1194 -5.58658 0
    endloop
  endfacet
  facet normal 0 0 -1
    outer loop
      vertex 25.7021 -8.70208 0
      vertex 28.0355 -11.0355 0
      vertex 27.672 -11.3651 0
    endloop
  endfacet
  facet normal 0 0 -1
    outer loop
      vertex 26.0706 -6.84944 0
      vertex 29.1194 -5.58658 0
      vertex 26.1268 -7.00652 0
    endloop
  endfacet
  facet normal 0 0 -1
    outer loop
      vertex 25.5785 -8.81412 0
      vertex 27.672 -11.3651 0
      vertex 27.2779 -11.6573 0
    endloop
  endfacet
  facet normal -0 0 -1
    outer loop
      vertex 29.1194 -5.58658 0
      vertex 26.0706 -6.84944 0
      vertex 28.9096 -5.14302 0
    endloop
  endfacet
  facet normal 0 0 -1
    outer loop
      vertex 25.4445 -8.9135 0
      vertex 27.2779 -11.6573 0
      vertex 26.857 -11.9096 0
    endloop
  endfacet
  facet normal 0 0 -1
    outer loop
      vertex 25.9993 -6.69863 0
      vertex 28.9096 -5.14302 0
      vertex 26.0706 -6.84944 0
    endloop
  endfacet
  facet normal 0 0 -1
    outer loop
      vertex 25.3014 -8.99927 0
      vertex 26.857 -11.9096 0
      vertex 26.4134 -12.1194 0
    endloop
  endfacet
  facet normal -0 0 -1
    outer loop
      vertex 28.9096 -5.14302 0
      vertex 25.9993 -6.69863 0
      vertex 28.6573 -4.72215 0
    endloop
  endfacet
  facet normal 0 0 -1
    outer loop
      vertex 25.9135 -6.55553 0
      vertex 28.6573 -4.72215 0
      vertex 25.9993 -6.69863 0
    endloop
  endfacet
  facet normal 0 0 -1
    outer loop
      vertex 29.4759 -7.99009 0
      vertex 26.1918 -7.66663 0
      vertex 26.2 -7.5 0
    endloop
  endfacet
  facet normal 0 0 -1
    outer loop
      vertex 29.4039 -8.47545 0
      vertex 26.1673 -7.83165 0
      vertex 26.1918 -7.66663 0
    endloop
  endfacet
  facet normal 0 0 -1
    outer loop
      vertex 29.2847 -8.95142 0
      vertex 26.1268 -7.99348 0
      vertex 26.1673 -7.83165 0
    endloop
  endfacet
  facet normal 0 0 -1
    outer loop
      vertex 29.1194 -9.41342 0
      vertex 26.0706 -8.15056 0
      vertex 26.1268 -7.99348 0
    endloop
  endfacet
  facet normal 0 0 -1
    outer loop
      vertex 28.9096 -9.85698 0
      vertex 25.9993 -8.30137 0
      vertex 26.0706 -8.15056 0
    endloop
  endfacet
  facet normal 0 0 -1
    outer loop
      vertex 25.1506 -9.07059 0
      vertex 26.4134 -12.1194 0
      vertex 25.9514 -12.2847 0
    endloop
  endfacet
  facet normal 0 0 -1
    outer loop
      vertex 28.6573 -10.2779 0
      vertex 25.9135 -8.44447 0
      vertex 25.9993 -8.30137 0
    endloop
  endfacet
  facet normal 0 0 -1
    outer loop
      vertex 28.3651 -10.672 0
      vertex 25.8141 -8.57847 0
      vertex 25.9135 -8.44447 0
    endloop
  endfacet
  facet normal 0 0 -1
    outer loop
      vertex 28.0355 -11.0355 0
      vertex 25.7021 -8.70208 0
      vertex 25.8141 -8.57847 0
    endloop
  endfacet
  facet normal 0 0 -1
    outer loop
      vertex 27.672 -11.3651 0
      vertex 25.5785 -8.81412 0
      vertex 25.7021 -8.70208 0
    endloop
  endfacet
  facet normal 0 0 -1
    outer loop
      vertex 24.9935 -9.1268 0
      vertex 25.9514 -12.2847 0
      vertex 25.4755 -12.4039 0
    endloop
  endfacet
  facet normal 0 0 -1
    outer loop
      vertex 27.2779 -11.6573 0
      vertex 25.4445 -8.9135 0
      vertex 25.5785 -8.81412 0
    endloop
  endfacet
  facet normal 0 0 -1
    outer loop
      vertex 26.857 -11.9096 0
      vertex 25.3014 -8.99927 0
      vertex 25.4445 -8.9135 0
    endloop
  endfacet
  facet normal 0 0 -1
    outer loop
      vertex 26.4134 -12.1194 0
      vertex 25.1506 -9.07059 0
      vertex 25.3014 -8.99927 0
    endloop
  endfacet
  facet normal 0 0 -1
    outer loop
      vertex 25.9514 -12.2847 0
      vertex 24.9935 -9.1268 0
      vertex 25.1506 -9.07059 0
    endloop
  endfacet
  facet normal 0 0 -1
    outer loop
      vertex 24.8317 -9.16733 0
      vertex 25.4755 -12.4039 0
      vertex 24.9901 -12.4759 0
    endloop
  endfacet
  facet normal 0 0 -1
    outer loop
      vertex 25.4755 -12.4039 0
      vertex 24.8317 -9.16733 0
      vertex 24.9935 -9.1268 0
    endloop
  endfacet
  facet normal 0 0 -1
    outer loop
      vertex 24.9901 -12.4759 0
      vertex 24.6666 -9.19181 0
      vertex 24.8317 -9.16733 0
    endloop
  endfacet
  facet normal 0 0 -1
    outer loop
      vertex 24.5 -12.5 0
      vertex 24.6666 -9.19181 0
      vertex 24.9901 -12.4759 0
    endloop
  endfacet
  facet normal 0 0 -1
    outer loop
      vertex 24.5 -12.5 0
      vertex 24.5 -9.2 0
      vertex 24.6666 -9.19181 0
    endloop
  endfacet
  facet normal 0 0 -1
    outer loop
      vertex 24.5 -12.5 0
      vertex 24.3334 -9.19181 0
      vertex 24.5 -9.2 0
    endloop
  endfacet
  facet normal 0 0 -1
    outer loop
      vertex 24.0099 -12.4759 0
      vertex 24.3334 -9.19181 0
      vertex 24.5 -12.5 0
    endloop
  endfacet
  facet normal -0 0 -1
    outer loop
      vertex 24.3334 -9.19181 0
      vertex 24.0099 -12.4759 0
      vertex 24.1683 -9.16733 0
    endloop
  endfacet
  facet normal 0 0 -1
    outer loop
      vertex 23.5245 -12.4039 0
      vertex 24.1683 -9.16733 0
      vertex 24.0099 -12.4759 0
    endloop
  endfacet
  facet normal -0 0 -1
    outer loop
      vertex 24.1683 -9.16733 0
      vertex 23.5245 -12.4039 0
      vertex 24.0065 -9.1268 0
    endloop
  endfacet
  facet normal 0 0 -1
    outer loop
      vertex 23.0486 -12.2847 0
      vertex 24.0065 -9.1268 0
      vertex 23.5245 -12.4039 0
    endloop
  endfacet
  facet normal -0 0 -1
    outer loop
      vertex 24.0065 -9.1268 0
      vertex 23.0486 -12.2847 0
      vertex 23.8494 -9.07059 0
    endloop
  endfacet
  facet normal 0 0 -1
    outer loop
      vertex 22.5866 -12.1194 0
      vertex 23.8494 -9.07059 0
      vertex 23.0486 -12.2847 0
    endloop
  endfacet
  facet normal -0 0 -1
    outer loop
      vertex 23.8494 -9.07059 0
      vertex 22.5866 -12.1194 0
      vertex 23.6986 -8.99927 0
    endloop
  endfacet
  facet normal 0 0 -1
    outer loop
      vertex 22.143 -11.9096 0
      vertex 23.6986 -8.99927 0
      vertex 22.5866 -12.1194 0
    endloop
  endfacet
  facet normal -0 0 -1
    outer loop
      vertex 23.6986 -8.99927 0
      vertex 22.143 -11.9096 0
      vertex 23.5555 -8.9135 0
    endloop
  endfacet
  facet normal 0 0 -1
    outer loop
      vertex 21.7221 -11.6573 0
      vertex 23.5555 -8.9135 0
      vertex 22.143 -11.9096 0
    endloop
  endfacet
  facet normal -0 0 -1
    outer loop
      vertex 23.5555 -8.9135 0
      vertex 21.7221 -11.6573 0
      vertex 23.4215 -8.81412 0
    endloop
  endfacet
  facet normal 0 0 -1
    outer loop
      vertex 21.328 -11.3651 0
      vertex 23.4215 -8.81412 0
      vertex 21.7221 -11.6573 0
    endloop
  endfacet
  facet normal -0 0 -1
    outer loop
      vertex 23.4215 -8.81412 0
      vertex 21.328 -11.3651 0
      vertex 23.2979 -8.70208 0
    endloop
  endfacet
  facet normal 0 0 -1
    outer loop
      vertex 20.9645 -11.0355 0
      vertex 23.2979 -8.70208 0
      vertex 21.328 -11.3651 0
    endloop
  endfacet
  facet normal -0 0 -1
    outer loop
      vertex 23.2979 -8.70208 0
      vertex 20.9645 -11.0355 0
      vertex 23.1859 -8.57847 0
    endloop
  endfacet
  facet normal 0 0 -1
    outer loop
      vertex 20.6349 -10.672 0
      vertex 23.1859 -8.57847 0
      vertex 20.9645 -11.0355 0
    endloop
  endfacet
  facet normal 0 0 -1
    outer loop
      vertex 20.3427 -10.2779 0
      vertex 23.0865 -8.44447 0
      vertex 20.6349 -10.672 0
    endloop
  endfacet
  facet normal -0 0 -1
    outer loop
      vertex 23.1859 -8.57847 0
      vertex 20.6349 -10.672 0
      vertex 23.0865 -8.44447 0
    endloop
  endfacet
  facet normal -0 0 -1
    outer loop
      vertex 28.6573 -4.72215 0
      vertex 25.9135 -6.55553 0
      vertex 28.3651 -4.32803 0
    endloop
  endfacet
  facet normal 0 0 -1
    outer loop
      vertex 25.8141 -6.42153 0
      vertex 28.3651 -4.32803 0
      vertex 25.9135 -6.55553 0
    endloop
  endfacet
  facet normal -0 0 -1
    outer loop
      vertex 28.3651 -4.32803 0
      vertex 25.8141 -6.42153 0
      vertex 28.0355 -3.96447 0
    endloop
  endfacet
  facet normal 0 0 -1
    outer loop
      vertex 25.7021 -6.29792 0
      vertex 28.0355 -3.96447 0
      vertex 25.8141 -6.42153 0
    endloop
  endfacet
  facet normal -0 0 -1
    outer loop
      vertex 28.0355 -3.96447 0
      vertex 25.7021 -6.29792 0
      vertex 27.672 -3.63495 0
    endloop
  endfacet
  facet normal 0 0 -1
    outer loop
      vertex 25.5785 -6.18588 0
      vertex 27.672 -3.63495 0
      vertex 25.7021 -6.29792 0
    endloop
  endfacet
  facet normal -0 0 -1
    outer loop
      vertex 27.672 -3.63495 0
      vertex 25.5785 -6.18588 0
      vertex 27.2779 -3.34265 0
    endloop
  endfacet
  facet normal 0 0 -1
    outer loop
      vertex 25.4445 -6.0865 0
      vertex 27.2779 -3.34265 0
      vertex 25.5785 -6.18588 0
    endloop
  endfacet
  facet normal -0 0 -1
    outer loop
      vertex 27.2779 -3.34265 0
      vertex 25.4445 -6.0865 0
      vertex 26.857 -3.09039 0
    endloop
  endfacet
  facet normal 0 0 -1
    outer loop
      vertex 25.3014 -6.00073 0
      vertex 26.857 -3.09039 0
      vertex 25.4445 -6.0865 0
    endloop
  endfacet
  facet normal -0 0 -1
    outer loop
      vertex 26.857 -3.09039 0
      vertex 25.3014 -6.00073 0
      vertex 26.4134 -2.8806 0
    endloop
  endfacet
  facet normal 0 0 -1
    outer loop
      vertex 25.1506 -5.92941 0
      vertex 26.4134 -2.8806 0
      vertex 25.3014 -6.00073 0
    endloop
  endfacet
  facet normal -0 0 -1
    outer loop
      vertex 26.4134 -2.8806 0
      vertex 25.1506 -5.92941 0
      vertex 25.9514 -2.7153 0
    endloop
  endfacet
  facet normal 0 0 -1
    outer loop
      vertex 24.9935 -5.8732 0
      vertex 25.9514 -2.7153 0
      vertex 25.1506 -5.92941 0
    endloop
  endfacet
  facet normal -0 0 -1
    outer loop
      vertex 25.9514 -2.7153 0
      vertex 24.9935 -5.8732 0
      vertex 25.4755 -2.59607 0
    endloop
  endfacet
  facet normal 0 0 -1
    outer loop
      vertex 24.8317 -5.83267 0
      vertex 25.4755 -2.59607 0
      vertex 24.9935 -5.8732 0
    endloop
  endfacet
  facet normal -0 0 -1
    outer loop
      vertex 25.4755 -2.59607 0
      vertex 24.8317 -5.83267 0
      vertex 24.9901 -2.52408 0
    endloop
  endfacet
  facet normal 0 0 -1
    outer loop
      vertex 24.6666 -5.80819 0
      vertex 24.9901 -2.52408 0
      vertex 24.8317 -5.83267 0
    endloop
  endfacet
  facet normal 0 0 -1
    outer loop
      vertex 24.5 -5.8 0
      vertex 24.9901 -2.52408 0
      vertex 24.6666 -5.80819 0
    endloop
  endfacet
  facet normal 0 0 -1
    outer loop
      vertex 24.5 -5.8 0
      vertex 24.5 -2.5 0
      vertex 24.9901 -2.52408 0
    endloop
  endfacet
  facet normal 0 0 -1
    outer loop
      vertex 24.3334 -5.80819 0
      vertex 24.5 -2.5 0
      vertex 24.5 -5.8 0
    endloop
  endfacet
  facet normal 0 0 -1
    outer loop
      vertex 24.0099 -2.52408 0
      vertex 24.3334 -5.80819 0
      vertex 24.1683 -5.83267 0
    endloop
  endfacet
  facet normal 0 0 -1
    outer loop
      vertex 24.3334 -5.80819 0
      vertex 24.0099 -2.52408 0
      vertex 24.5 -2.5 0
    endloop
  endfacet
  facet normal 0 0 -1
    outer loop
      vertex 23.5245 -2.59607 0
      vertex 24.1683 -5.83267 0
      vertex 24.0065 -5.8732 0
    endloop
  endfacet
  facet normal 0 0 -1
    outer loop
      vertex 23.0486 -2.7153 0
      vertex 24.0065 -5.8732 0
      vertex 23.8494 -5.92941 0
    endloop
  endfacet
  facet normal 0 0 -1
    outer loop
      vertex 22.5866 -2.8806 0
      vertex 23.8494 -5.92941 0
      vertex 23.6986 -6.00073 0
    endloop
  endfacet
  facet normal 0 0 -1
    outer loop
      vertex 22.143 -3.09039 0
      vertex 23.6986 -6.00073 0
      vertex 23.5555 -6.0865 0
    endloop
  endfacet
  facet normal 0 0 -1
    outer loop
      vertex 24.1683 -5.83267 0
      vertex 23.5245 -2.59607 0
      vertex 24.0099 -2.52408 0
    endloop
  endfacet
  facet normal 0 0 -1
    outer loop
      vertex 21.7221 -3.34265 0
      vertex 23.5555 -6.0865 0
      vertex 23.4215 -6.18588 0
    endloop
  endfacet
  facet normal 0 0 -1
    outer loop
      vertex 21.328 -3.63495 0
      vertex 23.4215 -6.18588 0
      vertex 23.2979 -6.29792 0
    endloop
  endfacet
  facet normal 0 0 -1
    outer loop
      vertex 20.9645 -3.96447 0
      vertex 23.2979 -6.29792 0
      vertex 23.1859 -6.42153 0
    endloop
  endfacet
  facet normal 0 0 -1
    outer loop
      vertex 20.6349 -4.32803 0
      vertex 23.1859 -6.42153 0
      vertex 23.0865 -6.55553 0
    endloop
  endfacet
  facet normal 0 0 -1
    outer loop
      vertex 24.0065 -5.8732 0
      vertex 23.0486 -2.7153 0
      vertex 23.5245 -2.59607 0
    endloop
  endfacet
  facet normal 0 0 -1
    outer loop
      vertex 20.3427 -4.72215 0
      vertex 23.0865 -6.55553 0
      vertex 23.0007 -6.69863 0
    endloop
  endfacet
  facet normal 0 0 -1
    outer loop
      vertex 20.0904 -5.14302 0
      vertex 23.0007 -6.69863 0
      vertex 22.9294 -6.84944 0
    endloop
  endfacet
  facet normal 0 0 -1
    outer loop
      vertex 19.8806 -5.58658 0
      vertex 22.9294 -6.84944 0
      vertex 22.8732 -7.00652 0
    endloop
  endfacet
  facet normal 0 0 -1
    outer loop
      vertex 19.7153 -6.04858 0
      vertex 22.8732 -7.00652 0
      vertex 22.8327 -7.16835 0
    endloop
  endfacet
  facet normal 0 0 -1
    outer loop
      vertex 19.5961 -6.52455 0
      vertex 22.8327 -7.16835 0
      vertex 22.8082 -7.33337 0
    endloop
  endfacet
  facet normal 0 0 -1
    outer loop
      vertex 23.8494 -5.92941 0
      vertex 22.5866 -2.8806 0
      vertex 23.0486 -2.7153 0
    endloop
  endfacet
  facet normal 0 0 -1
    outer loop
      vertex 19.5241 -7.00991 0
      vertex 22.8082 -7.33337 0
      vertex 22.8 -7.5 0
    endloop
  endfacet
  facet normal -0 0 -1
    outer loop
      vertex 23.0865 -8.44447 0
      vertex 20.3427 -10.2779 0
      vertex 23.0007 -8.30137 0
    endloop
  endfacet
  facet normal 0 0 -1
    outer loop
      vertex 20.0904 -9.85698 0
      vertex 23.0007 -8.30137 0
      vertex 20.3427 -10.2779 0
    endloop
  endfacet
  facet normal 0 0 -1
    outer loop
      vertex 23.6986 -6.00073 0
      vertex 22.143 -3.09039 0
      vertex 22.5866 -2.8806 0
    endloop
  endfacet
  facet normal -0 0 -1
    outer loop
      vertex 23.0007 -8.30137 0
      vertex 20.0904 -9.85698 0
      vertex 22.9294 -8.15056 0
    endloop
  endfacet
  facet normal 0 0 -1
    outer loop
      vertex 23.5555 -6.0865 0
      vertex 21.7221 -3.34265 0
      vertex 22.143 -3.09039 0
    endloop
  endfacet
  facet normal 0 0 -1
    outer loop
      vertex 19.8806 -9.41342 0
      vertex 22.9294 -8.15056 0
      vertex 20.0904 -9.85698 0
    endloop
  endfacet
  facet normal 0 0 -1
    outer loop
      vertex 23.4215 -6.18588 0
      vertex 21.328 -3.63495 0
      vertex 21.7221 -3.34265 0
    endloop
  endfacet
  facet normal -0 0 -1
    outer loop
      vertex 22.9294 -8.15056 0
      vertex 19.8806 -9.41342 0
      vertex 22.8732 -7.99348 0
    endloop
  endfacet
  facet normal 0 0 -1
    outer loop
      vertex 23.2979 -6.29792 0
      vertex 20.9645 -3.96447 0
      vertex 21.328 -3.63495 0
    endloop
  endfacet
  facet normal 0 0 -1
    outer loop
      vertex 19.7153 -8.95142 0
      vertex 22.8732 -7.99348 0
      vertex 19.8806 -9.41342 0
    endloop
  endfacet
  facet normal 0 0 -1
    outer loop
      vertex 23.1859 -6.42153 0
      vertex 20.6349 -4.32803 0
      vertex 20.9645 -3.96447 0
    endloop
  endfacet
  facet normal -0 0 -1
    outer loop
      vertex 22.8732 -7.99348 0
      vertex 19.7153 -8.95142 0
      vertex 22.8327 -7.83165 0
    endloop
  endfacet
  facet normal 0 0 -1
    outer loop
      vertex 23.0865 -6.55553 0
      vertex 20.3427 -4.72215 0
      vertex 20.6349 -4.32803 0
    endloop
  endfacet
  facet normal 0 0 -1
    outer loop
      vertex 19.5961 -8.47545 0
      vertex 22.8327 -7.83165 0
      vertex 19.7153 -8.95142 0
    endloop
  endfacet
  facet normal 0 0 -1
    outer loop
      vertex 23.0007 -6.69863 0
      vertex 20.0904 -5.14302 0
      vertex 20.3427 -4.72215 0
    endloop
  endfacet
  facet normal -0 0 -1
    outer loop
      vertex 22.8327 -7.83165 0
      vertex 19.5961 -8.47545 0
      vertex 22.8082 -7.66663 0
    endloop
  endfacet
  facet normal 0 0 -1
    outer loop
      vertex 22.9294 -6.84944 0
      vertex 19.8806 -5.58658 0
      vertex 20.0904 -5.14302 0
    endloop
  endfacet
  facet normal 0 0 -1
    outer loop
      vertex 19.5241 -7.99009 0
      vertex 22.8082 -7.66663 0
      vertex 19.5961 -8.47545 0
    endloop
  endfacet
  facet normal 0 0 -1
    outer loop
      vertex 22.8732 -7.00652 0
      vertex 19.7153 -6.04858 0
      vertex 19.8806 -5.58658 0
    endloop
  endfacet
  facet normal -0 0 -1
    outer loop
      vertex 22.8082 -7.66663 0
      vertex 19.5241 -7.99009 0
      vertex 22.8 -7.5 0
    endloop
  endfacet
  facet normal 0 0 -1
    outer loop
      vertex 22.8327 -7.16835 0
      vertex 19.5961 -6.52455 0
      vertex 19.7153 -6.04858 0
    endloop
  endfacet
  facet normal 0 0 -1
    outer loop
      vertex 19.5 -7.5 0
      vertex 22.8 -7.5 0
      vertex 19.5241 -7.99009 0
    endloop
  endfacet
  facet normal 0 0 -1
    outer loop
      vertex 22.8082 -7.33337 0
      vertex 19.5241 -7.00991 0
      vertex 19.5961 -6.52455 0
    endloop
  endfacet
  facet normal 0 0 -1
    outer loop
      vertex 19.5 -7.49 0
      vertex 22.8 -7.5 0
      vertex 19.5 -7.5 0
    endloop
  endfacet
  facet normal 0 0 -1
    outer loop
      vertex 22.8 -7.5 0
      vertex 19.5 -7.49 0
      vertex 19.5241 -7.00991 0
    endloop
  endfacet
  facet normal -0.243025 0.97002 0
    outer loop
      vertex 23.5245 -2.59607 0
      vertex 23.0486 -2.7153 3
      vertex 23.5245 -2.59607 3
    endloop
  endfacet
  facet normal -0.243025 0.97002 0
    outer loop
      vertex 23.0486 -2.7153 3
      vertex 23.5245 -2.59607 0
      vertex 23.0486 -2.7153 0
    endloop
  endfacet
  facet normal 0.857719 -0.514118 0
    outer loop
      vertex 28.6573 -10.2779 3
      vertex 28.9096 -9.85698 0
      vertex 28.9096 -9.85698 3
    endloop
  endfacet
  facet normal 0.857719 -0.514118 0
    outer loop
      vertex 28.9096 -9.85698 0
      vertex 28.6573 -10.2779 3
      vertex 28.6573 -10.2779 0
    endloop
  endfacet
  facet normal -0.941548 0.336879 0
    outer loop
      vertex 19.7153 -6.04858 0
      vertex 19.8806 -5.58658 3
      vertex 19.8806 -5.58658 0
    endloop
  endfacet
  facet normal -0.941548 0.336879 0
    outer loop
      vertex 19.8806 -5.58658 3
      vertex 19.7153 -6.04858 0
      vertex 19.7153 -6.04858 3
    endloop
  endfacet
  facet normal -0.336879 0.941548 0
    outer loop
      vertex 23.0486 -2.7153 0
      vertex 22.5866 -2.8806 3
      vertex 23.0486 -2.7153 3
    endloop
  endfacet
  facet normal -0.336879 0.941548 0
    outer loop
      vertex 22.5866 -2.8806 3
      vertex 23.0486 -2.7153 0
      vertex 22.5866 -2.8806 0
    endloop
  endfacet
  facet normal -0.941548 -0.336879 0
    outer loop
      vertex 19.8806 -9.41342 0
      vertex 19.7153 -8.95142 3
      vertex 19.7153 -8.95142 0
    endloop
  endfacet
  facet normal -0.941548 -0.336879 0
    outer loop
      vertex 19.7153 -8.95142 3
      vertex 19.8806 -9.41342 0
      vertex 19.8806 -9.41342 3
    endloop
  endfacet
  facet normal 0.146706 0.98918 -0
    outer loop
      vertex 25.4755 -2.59607 0
      vertex 24.9901 -2.52408 3
      vertex 25.4755 -2.59607 3
    endloop
  endfacet
  facet normal 0.146706 0.98918 0
    outer loop
      vertex 24.9901 -2.52408 3
      vertex 25.4755 -2.59607 0
      vertex 24.9901 -2.52408 0
    endloop
  endfacet
  facet normal -1 0 0
    outer loop
      vertex 19.5 -7.5 0
      vertex 19.5 -7.49 3
      vertex 19.5 -7.49 0
    endloop
  endfacet
  facet normal -1 -0 0
    outer loop
      vertex 19.5 -7.49 3
      vertex 19.5 -7.5 0
      vertex 19.5 -7.5 3
    endloop
  endfacet
  facet normal -0.595588 -0.80329 0
    outer loop
      vertex 21.328 -11.3651 0
      vertex 21.7221 -11.6573 3
      vertex 21.328 -11.3651 3
    endloop
  endfacet
  facet normal -0.595588 -0.80329 -0
    outer loop
      vertex 21.7221 -11.6573 3
      vertex 21.328 -11.3651 0
      vertex 21.7221 -11.6573 0
    endloop
  endfacet
  facet normal 0.243025 0.97002 -0
    outer loop
      vertex 25.9514 -2.7153 0
      vertex 25.4755 -2.59607 3
      vertex 25.9514 -2.7153 3
    endloop
  endfacet
  facet normal 0.243025 0.97002 0
    outer loop
      vertex 25.4755 -2.59607 3
      vertex 25.9514 -2.7153 0
      vertex 25.4755 -2.59607 0
    endloop
  endfacet
  facet normal -0.146726 -0.989177 0
    outer loop
      vertex 23.5245 -12.4039 0
      vertex 24.0099 -12.4759 3
      vertex 23.5245 -12.4039 3
    endloop
  endfacet
  facet normal -0.146726 -0.989177 -0
    outer loop
      vertex 24.0099 -12.4759 3
      vertex 23.5245 -12.4039 0
      vertex 24.0099 -12.4759 0
    endloop
  endfacet
  facet normal -0.0491143 -0.998793 0
    outer loop
      vertex 24.0099 -12.4759 0
      vertex 24.5 -12.5 3
      vertex 24.0099 -12.4759 3
    endloop
  endfacet
  facet normal -0.0491143 -0.998793 -0
    outer loop
      vertex 24.5 -12.5 3
      vertex 24.0099 -12.4759 0
      vertex 24.5 -12.5 0
    endloop
  endfacet
  facet normal -0.998793 -0.0491153 0
    outer loop
      vertex 19.5241 -7.99009 0
      vertex 19.5 -7.5 3
      vertex 19.5 -7.5 0
    endloop
  endfacet
  facet normal -0.998793 -0.0491153 0
    outer loop
      vertex 19.5 -7.5 3
      vertex 19.5241 -7.99009 0
      vertex 19.5241 -7.99009 3
    endloop
  endfacet
  facet normal 0.989175 -0.146738 0
    outer loop
      vertex 29.4039 -8.47545 3
      vertex 29.4759 -7.99009 0
      vertex 29.4759 -7.99009 3
    endloop
  endfacet
  facet normal 0.989175 -0.146738 0
    outer loop
      vertex 29.4759 -7.99009 0
      vertex 29.4039 -8.47545 3
      vertex 29.4039 -8.47545 0
    endloop
  endfacet
  facet normal 0.0491143 -0.998793 0
    outer loop
      vertex 24.5 -12.5 0
      vertex 24.9901 -12.4759 3
      vertex 24.5 -12.5 3
    endloop
  endfacet
  facet normal 0.0491143 -0.998793 0
    outer loop
      vertex 24.9901 -12.4759 3
      vertex 24.5 -12.5 0
      vertex 24.9901 -12.4759 0
    endloop
  endfacet
  facet normal -0.989175 0.146738 0
    outer loop
      vertex 19.5241 -7.00991 0
      vertex 19.5961 -6.52455 3
      vertex 19.5961 -6.52455 0
    endloop
  endfacet
  facet normal -0.989175 0.146738 0
    outer loop
      vertex 19.5961 -6.52455 3
      vertex 19.5241 -7.00991 0
      vertex 19.5241 -7.00991 3
    endloop
  endfacet
  facet normal 0.595588 -0.80329 0
    outer loop
      vertex 27.2779 -11.6573 0
      vertex 27.672 -11.3651 3
      vertex 27.2779 -11.6573 3
    endloop
  endfacet
  facet normal 0.595588 -0.80329 0
    outer loop
      vertex 27.672 -11.3651 3
      vertex 27.2779 -11.6573 0
      vertex 27.672 -11.3651 0
    endloop
  endfacet
  facet normal 0.970043 -0.242934 0
    outer loop
      vertex 29.2847 -8.95142 3
      vertex 29.4039 -8.47545 0
      vertex 29.4039 -8.47545 3
    endloop
  endfacet
  facet normal 0.970043 -0.242934 0
    outer loop
      vertex 29.4039 -8.47545 0
      vertex 29.2847 -8.95142 3
      vertex 29.2847 -8.95142 0
    endloop
  endfacet
  facet normal 1 -0 0
    outer loop
      vertex 29.5 -7.5 3
      vertex 29.5 -7.49 0
      vertex 29.5 -7.49 3
    endloop
  endfacet
  facet normal 1 0 0
    outer loop
      vertex 29.5 -7.49 0
      vertex 29.5 -7.5 3
      vertex 29.5 -7.5 0
    endloop
  endfacet
  facet normal -0.989158 -0.146857 0
    outer loop
      vertex 26.1918 -7.33337 0
      vertex 26.1673 -7.16835 3
      vertex 26.1673 -7.16835 0
    endloop
  endfacet
  facet normal -0.989158 -0.146857 0
    outer loop
      vertex 26.1673 -7.16835 3
      vertex 26.1918 -7.33337 0
      vertex 26.1918 -7.33337 3
    endloop
  endfacet
  facet normal -0.998791 -0.0491513 0
    outer loop
      vertex 26.2 -7.5 0
      vertex 26.1918 -7.33337 3
      vertex 26.1918 -7.33337 0
    endloop
  endfacet
  facet normal -0.998791 -0.0491513 0
    outer loop
      vertex 26.1918 -7.33337 3
      vertex 26.2 -7.5 0
      vertex 26.2 -7.5 3
    endloop
  endfacet
  facet normal -0.970083 -0.242775 0
    outer loop
      vertex 26.1673 -7.16835 0
      vertex 26.1268 -7.00652 3
      vertex 26.1268 -7.00652 0
    endloop
  endfacet
  facet normal -0.970083 -0.242775 0
    outer loop
      vertex 26.1268 -7.00652 3
      vertex 26.1673 -7.16835 0
      vertex 26.1673 -7.16835 3
    endloop
  endfacet
  facet normal -0.42754 0.903996 0
    outer loop
      vertex 25.3014 -8.99927 0
      vertex 25.1506 -9.07059 3
      vertex 25.3014 -8.99927 3
    endloop
  endfacet
  facet normal -0.42754 0.903996 0
    outer loop
      vertex 25.1506 -9.07059 3
      vertex 25.3014 -8.99927 0
      vertex 25.1506 -9.07059 0
    endloop
  endfacet
  facet normal 0.0491004 -0.998794 0
    outer loop
      vertex 24.3334 -5.80819 0
      vertex 24.5 -5.8 3
      vertex 24.3334 -5.80819 3
    endloop
  endfacet
  facet normal 0.0491004 -0.998794 0
    outer loop
      vertex 24.5 -5.8 3
      vertex 24.3334 -5.80819 0
      vertex 24.5 -5.8 0
    endloop
  endfacet
  facet normal 0.42754 -0.903996 0
    outer loop
      vertex 23.6986 -6.00073 0
      vertex 23.8494 -5.92941 3
      vertex 23.6986 -6.00073 3
    endloop
  endfacet
  facet normal 0.42754 -0.903996 0
    outer loop
      vertex 23.8494 -5.92941 3
      vertex 23.6986 -6.00073 0
      vertex 23.8494 -5.92941 0
    endloop
  endfacet
  facet normal -0.741051 -0.671448 0
    outer loop
      vertex 25.8141 -6.42153 0
      vertex 25.7021 -6.29792 3
      vertex 25.7021 -6.29792 0
    endloop
  endfacet
  facet normal -0.741051 -0.671448 0
    outer loop
      vertex 25.7021 -6.29792 3
      vertex 25.8141 -6.42153 0
      vertex 25.8141 -6.42153 3
    endloop
  endfacet
  facet normal 0.14667 0.989185 -0
    outer loop
      vertex 24.3334 -9.19181 0
      vertex 24.1683 -9.16733 3
      vertex 24.3334 -9.19181 3
    endloop
  endfacet
  facet normal 0.14667 0.989185 0
    outer loop
      vertex 24.1683 -9.16733 3
      vertex 24.3334 -9.19181 0
      vertex 24.1683 -9.16733 0
    endloop
  endfacet
  facet normal -0.42754 -0.903996 0
    outer loop
      vertex 25.1506 -5.92941 0
      vertex 25.3014 -6.00073 3
      vertex 25.1506 -5.92941 3
    endloop
  endfacet
  facet normal -0.42754 -0.903996 -0
    outer loop
      vertex 25.3014 -6.00073 3
      vertex 25.1506 -5.92941 0
      vertex 25.3014 -6.00073 0
    endloop
  endfacet
  facet normal 0.14667 -0.989185 0
    outer loop
      vertex 24.1683 -5.83267 0
      vertex 24.3334 -5.80819 3
      vertex 24.1683 -5.83267 3
    endloop
  endfacet
  facet normal 0.14667 -0.989185 0
    outer loop
      vertex 24.3334 -5.80819 3
      vertex 24.1683 -5.83267 0
      vertex 24.3334 -5.80819 0
    endloop
  endfacet
  facet normal -0.242987 0.97003 0
    outer loop
      vertex 24.9935 -9.1268 0
      vertex 24.8317 -9.16733 3
      vertex 24.9935 -9.1268 3
    endloop
  endfacet
  facet normal -0.242987 0.97003 0
    outer loop
      vertex 24.8317 -9.16733 3
      vertex 24.9935 -9.1268 0
      vertex 24.8317 -9.16733 0
    endloop
  endfacet
  facet normal 0.595695 -0.803211 0
    outer loop
      vertex 23.4215 -6.18588 0
      vertex 23.5555 -6.0865 3
      vertex 23.4215 -6.18588 3
    endloop
  endfacet
  facet normal 0.595695 -0.803211 0
    outer loop
      vertex 23.5555 -6.0865 3
      vertex 23.4215 -6.18588 0
      vertex 23.5555 -6.0865 0
    endloop
  endfacet
  facet normal 0.904054 -0.427419 0
    outer loop
      vertex 22.9294 -6.84944 3
      vertex 23.0007 -6.69863 0
      vertex 23.0007 -6.69863 3
    endloop
  endfacet
  facet normal 0.904054 -0.427419 0
    outer loop
      vertex 23.0007 -6.69863 0
      vertex 22.9294 -6.84944 3
      vertex 22.9294 -6.84944 0
    endloop
  endfacet
  facet normal 0.42754 0.903996 -0
    outer loop
      vertex 23.8494 -9.07059 0
      vertex 23.6986 -8.99927 3
      vertex 23.8494 -9.07059 3
    endloop
  endfacet
  facet normal 0.42754 0.903996 0
    outer loop
      vertex 23.6986 -8.99927 3
      vertex 23.8494 -9.07059 0
      vertex 23.6986 -8.99927 0
    endloop
  endfacet
  facet normal 0.595695 0.803211 -0
    outer loop
      vertex 23.5555 -8.9135 0
      vertex 23.4215 -8.81412 3
      vertex 23.5555 -8.9135 3
    endloop
  endfacet
  facet normal 0.595695 0.803211 0
    outer loop
      vertex 23.4215 -8.81412 3
      vertex 23.5555 -8.9135 0
      vertex 23.4215 -8.81412 0
    endloop
  endfacet
  facet normal 0.904054 0.427419 0
    outer loop
      vertex 23.0007 -8.30137 3
      vertex 22.9294 -8.15056 0
      vertex 22.9294 -8.15056 3
    endloop
  endfacet
  facet normal 0.904054 0.427419 0
    outer loop
      vertex 22.9294 -8.15056 0
      vertex 23.0007 -8.30137 3
      vertex 23.0007 -8.30137 0
    endloop
  endfacet
  facet normal -0.514099 -0.857731 0
    outer loop
      vertex 25.3014 -6.00073 0
      vertex 25.4445 -6.0865 3
      vertex 25.3014 -6.00073 3
    endloop
  endfacet
  facet normal -0.514099 -0.857731 -0
    outer loop
      vertex 25.4445 -6.0865 3
      vertex 25.3014 -6.00073 0
      vertex 25.4445 -6.0865 0
    endloop
  endfacet
  facet normal 0.998791 0.0491513 0
    outer loop
      vertex 22.8082 -7.66663 3
      vertex 22.8 -7.5 0
      vertex 22.8 -7.5 3
    endloop
  endfacet
  facet normal 0.998791 0.0491513 0
    outer loop
      vertex 22.8 -7.5 0
      vertex 22.8082 -7.66663 3
      vertex 22.8082 -7.66663 0
    endloop
  endfacet
  facet normal -0.595695 -0.803211 0
    outer loop
      vertex 25.4445 -6.0865 0
      vertex 25.5785 -6.18588 3
      vertex 25.4445 -6.0865 3
    endloop
  endfacet
  facet normal -0.595695 -0.803211 -0
    outer loop
      vertex 25.5785 -6.18588 3
      vertex 25.4445 -6.0865 0
      vertex 25.5785 -6.18588 0
    endloop
  endfacet
  facet normal -0.970083 0.242775 0
    outer loop
      vertex 26.1268 -7.99348 0
      vertex 26.1673 -7.83165 3
      vertex 26.1673 -7.83165 0
    endloop
  endfacet
  facet normal -0.970083 0.242775 0
    outer loop
      vertex 26.1673 -7.83165 3
      vertex 26.1268 -7.99348 0
      vertex 26.1268 -7.99348 3
    endloop
  endfacet
  facet normal 0.941552 0.336868 0
    outer loop
      vertex 22.9294 -8.15056 3
      vertex 22.8732 -7.99348 0
      vertex 22.8732 -7.99348 3
    endloop
  endfacet
  facet normal 0.941552 0.336868 0
    outer loop
      vertex 22.8732 -7.99348 0
      vertex 22.9294 -8.15056 3
      vertex 22.9294 -8.15056 0
    endloop
  endfacet
  facet normal -0.242987 -0.97003 0
    outer loop
      vertex 24.8317 -5.83267 0
      vertex 24.9935 -5.8732 3
      vertex 24.8317 -5.83267 3
    endloop
  endfacet
  facet normal -0.242987 -0.97003 -0
    outer loop
      vertex 24.9935 -5.8732 3
      vertex 24.8317 -5.83267 0
      vertex 24.9935 -5.8732 0
    endloop
  endfacet
  facet normal 0.741051 -0.671448 0
    outer loop
      vertex 23.1859 -6.42153 3
      vertex 23.2979 -6.29792 0
      vertex 23.2979 -6.29792 3
    endloop
  endfacet
  facet normal 0.741051 -0.671448 0
    outer loop
      vertex 23.2979 -6.29792 0
      vertex 23.1859 -6.42153 3
      vertex 23.1859 -6.42153 0
    endloop
  endfacet
  facet normal -0.0491004 0.998794 0
    outer loop
      vertex 24.6666 -9.19181 0
      vertex 24.5 -9.2 3
      vertex 24.6666 -9.19181 3
    endloop
  endfacet
  facet normal -0.0491004 0.998794 0
    outer loop
      vertex 24.5 -9.2 3
      vertex 24.6666 -9.19181 0
      vertex 24.5 -9.2 0
    endloop
  endfacet
  facet normal -0.803154 -0.595772 0
    outer loop
      vertex 25.9135 -6.55553 0
      vertex 25.8141 -6.42153 3
      vertex 25.8141 -6.42153 0
    endloop
  endfacet
  facet normal -0.803154 -0.595772 0
    outer loop
      vertex 25.8141 -6.42153 3
      vertex 25.9135 -6.55553 0
      vertex 25.9135 -6.55553 3
    endloop
  endfacet
  facet normal 0.970083 0.242775 0
    outer loop
      vertex 22.8732 -7.99348 3
      vertex 22.8327 -7.83165 0
      vertex 22.8327 -7.83165 3
    endloop
  endfacet
  facet normal 0.970083 0.242775 0
    outer loop
      vertex 22.8327 -7.83165 0
      vertex 22.8732 -7.99348 3
      vertex 22.8732 -7.99348 0
    endloop
  endfacet
  facet normal -0.989158 0.146857 0
    outer loop
      vertex 26.1673 -7.83165 0
      vertex 26.1918 -7.66663 3
      vertex 26.1918 -7.66663 0
    endloop
  endfacet
  facet normal -0.989158 0.146857 0
    outer loop
      vertex 26.1918 -7.66663 3
      vertex 26.1673 -7.83165 0
      vertex 26.1673 -7.83165 3
    endloop
  endfacet
  facet normal -0.514099 0.857731 0
    outer loop
      vertex 25.4445 -8.9135 0
      vertex 25.3014 -8.99927 3
      vertex 25.4445 -8.9135 3
    endloop
  endfacet
  facet normal -0.514099 0.857731 0
    outer loop
      vertex 25.3014 -8.99927 3
      vertex 25.4445 -8.9135 0
      vertex 25.3014 -8.99927 0
    endloop
  endfacet
  facet normal 0.941552 -0.336868 0
    outer loop
      vertex 22.8732 -7.00652 3
      vertex 22.9294 -6.84944 0
      vertex 22.9294 -6.84944 3
    endloop
  endfacet
  facet normal 0.941552 -0.336868 0
    outer loop
      vertex 22.9294 -6.84944 0
      vertex 22.8732 -7.00652 3
      vertex 22.8732 -7.00652 0
    endloop
  endfacet
  facet normal 0.989158 -0.146857 0
    outer loop
      vertex 22.8082 -7.33337 3
      vertex 22.8327 -7.16835 0
      vertex 22.8327 -7.16835 3
    endloop
  endfacet
  facet normal 0.989158 -0.146857 0
    outer loop
      vertex 22.8327 -7.16835 0
      vertex 22.8082 -7.33337 3
      vertex 22.8082 -7.33337 0
    endloop
  endfacet
  facet normal -0.904054 0.427419 0
    outer loop
      vertex 25.9993 -8.30137 0
      vertex 26.0706 -8.15056 3
      vertex 26.0706 -8.15056 0
    endloop
  endfacet
  facet normal -0.904054 0.427419 0
    outer loop
      vertex 26.0706 -8.15056 3
      vertex 25.9993 -8.30137 0
      vertex 25.9993 -8.30137 3
    endloop
  endfacet
  facet normal -0.336883 -0.941546 0
    outer loop
      vertex 24.9935 -5.8732 0
      vertex 25.1506 -5.92941 3
      vertex 24.9935 -5.8732 3
    endloop
  endfacet
  facet normal -0.336883 -0.941546 -0
    outer loop
      vertex 25.1506 -5.92941 3
      vertex 24.9935 -5.8732 0
      vertex 25.1506 -5.92941 0
    endloop
  endfacet
  facet normal -0.998791 0.0491513 0
    outer loop
      vertex 26.1918 -7.66663 0
      vertex 26.2 -7.5 3
      vertex 26.2 -7.5 0
    endloop
  endfacet
  facet normal -0.998791 0.0491513 0
    outer loop
      vertex 26.2 -7.5 3
      vertex 26.1918 -7.66663 0
      vertex 26.1918 -7.66663 3
    endloop
  endfacet
  facet normal -0.14667 0.989185 0
    outer loop
      vertex 24.8317 -9.16733 0
      vertex 24.6666 -9.19181 3
      vertex 24.8317 -9.16733 3
    endloop
  endfacet
  facet normal -0.14667 0.989185 0
    outer loop
      vertex 24.6666 -9.19181 3
      vertex 24.8317 -9.16733 0
      vertex 24.6666 -9.19181 0
    endloop
  endfacet
  facet normal -0.941552 -0.336868 0
    outer loop
      vertex 26.1268 -7.00652 0
      vertex 26.0706 -6.84944 3
      vertex 26.0706 -6.84944 0
    endloop
  endfacet
  facet normal -0.941552 -0.336868 0
    outer loop
      vertex 26.0706 -6.84944 3
      vertex 26.1268 -7.00652 0
      vertex 26.1268 -7.00652 3
    endloop
  endfacet
  facet normal -0.803154 0.595772 0
    outer loop
      vertex 25.8141 -8.57847 0
      vertex 25.9135 -8.44447 3
      vertex 25.9135 -8.44447 0
    endloop
  endfacet
  facet normal -0.803154 0.595772 0
    outer loop
      vertex 25.9135 -8.44447 3
      vertex 25.8141 -8.57847 0
      vertex 25.8141 -8.57847 3
    endloop
  endfacet
  facet normal -0.857652 0.514231 0
    outer loop
      vertex 25.9135 -8.44447 0
      vertex 25.9993 -8.30137 3
      vertex 25.9993 -8.30137 0
    endloop
  endfacet
  facet normal -0.857652 0.514231 0
    outer loop
      vertex 25.9993 -8.30137 3
      vertex 25.9135 -8.44447 0
      vertex 25.9135 -8.44447 3
    endloop
  endfacet
  facet normal 0.242987 -0.97003 0
    outer loop
      vertex 24.0065 -5.8732 0
      vertex 24.1683 -5.83267 3
      vertex 24.0065 -5.8732 3
    endloop
  endfacet
  facet normal 0.242987 -0.97003 0
    outer loop
      vertex 24.1683 -5.83267 3
      vertex 24.0065 -5.8732 0
      vertex 24.1683 -5.83267 0
    endloop
  endfacet
  facet normal -0.941552 0.336868 0
    outer loop
      vertex 26.0706 -8.15056 0
      vertex 26.1268 -7.99348 3
      vertex 26.1268 -7.99348 0
    endloop
  endfacet
  facet normal -0.941552 0.336868 0
    outer loop
      vertex 26.1268 -7.99348 3
      vertex 26.0706 -8.15056 0
      vertex 26.0706 -8.15056 3
    endloop
  endfacet
  facet normal -0.0491004 -0.998794 0
    outer loop
      vertex 24.5 -5.8 0
      vertex 24.6666 -5.80819 3
      vertex 24.5 -5.8 3
    endloop
  endfacet
  facet normal -0.0491004 -0.998794 -0
    outer loop
      vertex 24.6666 -5.80819 3
      vertex 24.5 -5.8 0
      vertex 24.6666 -5.80819 0
    endloop
  endfacet
  facet normal 0.514099 -0.857731 0
    outer loop
      vertex 23.5555 -6.0865 0
      vertex 23.6986 -6.00073 3
      vertex 23.5555 -6.0865 3
    endloop
  endfacet
  facet normal 0.514099 -0.857731 0
    outer loop
      vertex 23.6986 -6.00073 3
      vertex 23.5555 -6.0865 0
      vertex 23.6986 -6.00073 0
    endloop
  endfacet
  facet normal -0.904054 -0.427419 0
    outer loop
      vertex 26.0706 -6.84944 0
      vertex 25.9993 -6.69863 3
      vertex 25.9993 -6.69863 0
    endloop
  endfacet
  facet normal -0.904054 -0.427419 0
    outer loop
      vertex 25.9993 -6.69863 3
      vertex 26.0706 -6.84944 0
      vertex 26.0706 -6.84944 3
    endloop
  endfacet
  facet normal -0.14667 -0.989185 0
    outer loop
      vertex 24.6666 -5.80819 0
      vertex 24.8317 -5.83267 3
      vertex 24.6666 -5.80819 3
    endloop
  endfacet
  facet normal -0.14667 -0.989185 -0
    outer loop
      vertex 24.8317 -5.83267 3
      vertex 24.6666 -5.80819 0
      vertex 24.8317 -5.83267 0
    endloop
  endfacet
  facet normal 0.242987 0.97003 -0
    outer loop
      vertex 24.1683 -9.16733 0
      vertex 24.0065 -9.1268 3
      vertex 24.1683 -9.16733 3
    endloop
  endfacet
  facet normal 0.242987 0.97003 0
    outer loop
      vertex 24.0065 -9.1268 3
      vertex 24.1683 -9.16733 0
      vertex 24.0065 -9.1268 0
    endloop
  endfacet
  facet normal 0.857652 0.514231 0
    outer loop
      vertex 23.0865 -8.44447 3
      vertex 23.0007 -8.30137 0
      vertex 23.0007 -8.30137 3
    endloop
  endfacet
  facet normal 0.857652 0.514231 0
    outer loop
      vertex 23.0007 -8.30137 0
      vertex 23.0865 -8.44447 3
      vertex 23.0865 -8.44447 0
    endloop
  endfacet
  facet normal -0.857652 -0.514231 0
    outer loop
      vertex 25.9993 -6.69863 0
      vertex 25.9135 -6.55553 3
      vertex 25.9135 -6.55553 0
    endloop
  endfacet
  facet normal -0.857652 -0.514231 0
    outer loop
      vertex 25.9135 -6.55553 3
      vertex 25.9993 -6.69863 0
      vertex 25.9993 -6.69863 3
    endloop
  endfacet
  facet normal 0.336883 -0.941546 0
    outer loop
      vertex 23.8494 -5.92941 0
      vertex 24.0065 -5.8732 3
      vertex 23.8494 -5.92941 3
    endloop
  endfacet
  facet normal 0.336883 -0.941546 0
    outer loop
      vertex 24.0065 -5.8732 3
      vertex 23.8494 -5.92941 0
      vertex 24.0065 -5.8732 0
    endloop
  endfacet
  facet normal 0.741051 0.671448 0
    outer loop
      vertex 23.2979 -8.70208 3
      vertex 23.1859 -8.57847 0
      vertex 23.1859 -8.57847 3
    endloop
  endfacet
  facet normal 0.741051 0.671448 0
    outer loop
      vertex 23.1859 -8.57847 0
      vertex 23.2979 -8.70208 3
      vertex 23.2979 -8.70208 0
    endloop
  endfacet
  facet normal 0.67161 -0.740905 0
    outer loop
      vertex 23.2979 -6.29792 0
      vertex 23.4215 -6.18588 3
      vertex 23.2979 -6.29792 3
    endloop
  endfacet
  facet normal 0.67161 -0.740905 0
    outer loop
      vertex 23.4215 -6.18588 3
      vertex 23.2979 -6.29792 0
      vertex 23.4215 -6.18588 0
    endloop
  endfacet
  facet normal 0.514099 0.857731 -0
    outer loop
      vertex 23.6986 -8.99927 0
      vertex 23.5555 -8.9135 3
      vertex 23.6986 -8.99927 3
    endloop
  endfacet
  facet normal 0.514099 0.857731 0
    outer loop
      vertex 23.5555 -8.9135 3
      vertex 23.6986 -8.99927 0
      vertex 23.5555 -8.9135 0
    endloop
  endfacet
  facet normal 0.970083 -0.242775 0
    outer loop
      vertex 22.8327 -7.16835 3
      vertex 22.8732 -7.00652 0
      vertex 22.8732 -7.00652 3
    endloop
  endfacet
  facet normal 0.970083 -0.242775 0
    outer loop
      vertex 22.8732 -7.00652 0
      vertex 22.8327 -7.16835 3
      vertex 22.8327 -7.16835 0
    endloop
  endfacet
  facet normal -0.67161 -0.740905 0
    outer loop
      vertex 25.5785 -6.18588 0
      vertex 25.7021 -6.29792 3
      vertex 25.5785 -6.18588 3
    endloop
  endfacet
  facet normal -0.67161 -0.740905 -0
    outer loop
      vertex 25.7021 -6.29792 3
      vertex 25.5785 -6.18588 0
      vertex 25.7021 -6.29792 0
    endloop
  endfacet
  facet normal -0.336883 0.941546 0
    outer loop
      vertex 25.1506 -9.07059 0
      vertex 24.9935 -9.1268 3
      vertex 25.1506 -9.07059 3
    endloop
  endfacet
  facet normal -0.336883 0.941546 0
    outer loop
      vertex 24.9935 -9.1268 3
      vertex 25.1506 -9.07059 0
      vertex 24.9935 -9.1268 0
    endloop
  endfacet
  facet normal 0.803154 0.595772 0
    outer loop
      vertex 23.1859 -8.57847 3
      vertex 23.0865 -8.44447 0
      vertex 23.0865 -8.44447 3
    endloop
  endfacet
  facet normal 0.803154 0.595772 0
    outer loop
      vertex 23.0865 -8.44447 0
      vertex 23.1859 -8.57847 3
      vertex 23.1859 -8.57847 0
    endloop
  endfacet
  facet normal 0.989158 0.146857 0
    outer loop
      vertex 22.8327 -7.83165 3
      vertex 22.8082 -7.66663 0
      vertex 22.8082 -7.66663 3
    endloop
  endfacet
  facet normal 0.989158 0.146857 0
    outer loop
      vertex 22.8082 -7.66663 0
      vertex 22.8327 -7.83165 3
      vertex 22.8327 -7.83165 0
    endloop
  endfacet
  facet normal -0.595695 0.803211 0
    outer loop
      vertex 25.5785 -8.81412 0
      vertex 25.4445 -8.9135 3
      vertex 25.5785 -8.81412 3
    endloop
  endfacet
  facet normal -0.595695 0.803211 0
    outer loop
      vertex 25.4445 -8.9135 3
      vertex 25.5785 -8.81412 0
      vertex 25.4445 -8.9135 0
    endloop
  endfacet
  facet normal 0.67161 0.740905 -0
    outer loop
      vertex 23.4215 -8.81412 0
      vertex 23.2979 -8.70208 3
      vertex 23.4215 -8.81412 3
    endloop
  endfacet
  facet normal 0.67161 0.740905 0
    outer loop
      vertex 23.2979 -8.70208 3
      vertex 23.4215 -8.81412 0
      vertex 23.2979 -8.70208 0
    endloop
  endfacet
  facet normal 0.803154 -0.595772 0
    outer loop
      vertex 23.0865 -6.55553 3
      vertex 23.1859 -6.42153 0
      vertex 23.1859 -6.42153 3
    endloop
  endfacet
  facet normal 0.803154 -0.595772 0
    outer loop
      vertex 23.1859 -6.42153 0
      vertex 23.0865 -6.55553 3
      vertex 23.0865 -6.55553 0
    endloop
  endfacet
  facet normal 0.857652 -0.514231 0
    outer loop
      vertex 23.0007 -6.69863 3
      vertex 23.0865 -6.55553 0
      vertex 23.0865 -6.55553 3
    endloop
  endfacet
  facet normal 0.857652 -0.514231 0
    outer loop
      vertex 23.0865 -6.55553 0
      vertex 23.0007 -6.69863 3
      vertex 23.0007 -6.69863 0
    endloop
  endfacet
  facet normal 0.0491004 0.998794 -0
    outer loop
      vertex 24.5 -9.2 0
      vertex 24.3334 -9.19181 3
      vertex 24.5 -9.2 3
    endloop
  endfacet
  facet normal 0.0491004 0.998794 0
    outer loop
      vertex 24.3334 -9.19181 3
      vertex 24.5 -9.2 0
      vertex 24.3334 -9.19181 0
    endloop
  endfacet
  facet normal 0.998791 -0.0491513 0
    outer loop
      vertex 22.8 -7.5 3
      vertex 22.8082 -7.33337 0
      vertex 22.8082 -7.33337 3
    endloop
  endfacet
  facet normal 0.998791 -0.0491513 0
    outer loop
      vertex 22.8082 -7.33337 0
      vertex 22.8 -7.5 3
      vertex 22.8 -7.5 0
    endloop
  endfacet
  facet normal 0.336883 0.941546 -0
    outer loop
      vertex 24.0065 -9.1268 0
      vertex 23.8494 -9.07059 3
      vertex 24.0065 -9.1268 3
    endloop
  endfacet
  facet normal 0.336883 0.941546 0
    outer loop
      vertex 23.8494 -9.07059 3
      vertex 24.0065 -9.1268 0
      vertex 23.8494 -9.07059 0
    endloop
  endfacet
  facet normal -0.741051 0.671448 0
    outer loop
      vertex 25.7021 -8.70208 0
      vertex 25.8141 -8.57847 3
      vertex 25.8141 -8.57847 0
    endloop
  endfacet
  facet normal -0.741051 0.671448 0
    outer loop
      vertex 25.8141 -8.57847 3
      vertex 25.7021 -8.70208 0
      vertex 25.7021 -8.70208 3
    endloop
  endfacet
  facet normal -0.67161 0.740905 0
    outer loop
      vertex 25.7021 -8.70208 0
      vertex 25.5785 -8.81412 3
      vertex 25.7021 -8.70208 3
    endloop
  endfacet
  facet normal -0.67161 0.740905 0
    outer loop
      vertex 25.5785 -8.81412 3
      vertex 25.7021 -8.70208 0
      vertex 25.5785 -8.81412 0
    endloop
  endfacet
  facet normal -0.671719 0.740806 0
    outer loop
      vertex 20.9645 20.0355 0
      vertex 21.328 20.3651 1.21829
      vertex 21.328 20.3651 0
    endloop
  endfacet
  facet normal -0.671719 0.740806 0
    outer loop
      vertex 21.328 20.3651 1.21829
      vertex 20.9645 20.0355 0
      vertex 20.9645 20.0355 1.24712
    endloop
  endfacet
  facet normal 0.0491143 0.998793 -0
    outer loop
      vertex 24.9901 21.4759 0
      vertex 24.5 21.5 1.11899
      vertex 24.9901 21.4759 1.1211
    endloop
  endfacet
  facet normal 0.0491143 0.998793 0
    outer loop
      vertex 24.5 21.5 1.11899
      vertex 24.9901 21.4759 0
      vertex 24.5 21.5 0
    endloop
  endfacet
  facet normal 0.514136 0.857709 -0
    outer loop
      vertex 27.2779 20.6573 0
      vertex 26.857 20.9096 1.17065
      vertex 27.2779 20.6573 1.19272
    endloop
  endfacet
  facet normal 0.514136 0.857709 0
    outer loop
      vertex 26.857 20.9096 1.17065
      vertex 27.2779 20.6573 0
      vertex 26.857 20.9096 0
    endloop
  endfacet
  facet normal -0.595588 0.80329 0
    outer loop
      vertex 21.328 20.3651 0
      vertex 21.7221 20.6573 1.19272
      vertex 21.7221 20.6573 0
    endloop
  endfacet
  facet normal -0.595588 0.80329 0
    outer loop
      vertex 21.7221 20.6573 1.19272
      vertex 21.328 20.3651 0
      vertex 21.328 20.3651 1.21829
    endloop
  endfacet
  facet normal -0.989177 -0.146726 0
    outer loop
      vertex 19.5961 15.5245 0
      vertex 19.5241 16.0099 1.59931
      vertex 19.5241 16.0099 0
    endloop
  endfacet
  facet normal -0.989177 -0.146726 0
    outer loop
      vertex 19.5241 16.0099 1.59931
      vertex 19.5961 15.5245 0
      vertex 19.5961 15.5245 1.64178
    endloop
  endfacet
  facet normal -0.80329 0.595588 0
    outer loop
      vertex 20.3427 19.2779 0
      vertex 20.6349 19.672 1.27893
      vertex 20.6349 19.672 0
    endloop
  endfacet
  facet normal -0.80329 0.595588 0
    outer loop
      vertex 20.6349 19.672 1.27893
      vertex 20.3427 19.2779 0
      vertex 20.3427 19.2779 1.31341
    endloop
  endfacet
  facet normal 0.903995 -0.427543 0
    outer loop
      vertex 28.9096 14.143 0
      vertex 29.1194 14.5866 1.72384
      vertex 28.9096 14.143 1.76265
    endloop
  endfacet
  facet normal 0.903995 -0.427543 0
    outer loop
      vertex 29.1194 14.5866 1.72384
      vertex 28.9096 14.143 0
      vertex 29.1194 14.5866 0
    endloop
  endfacet
  facet normal 0.80329 0.595588 -0
    outer loop
      vertex 28.6573 19.2779 0
      vertex 28.3651 19.672 1.27893
      vertex 28.6573 19.2779 1.31341
    endloop
  endfacet
  facet normal 0.80329 0.595588 0
    outer loop
      vertex 28.3651 19.672 1.27893
      vertex 28.6573 19.2779 0
      vertex 28.3651 19.672 0
    endloop
  endfacet
  facet normal -0.857757 -0.514055 0
    outer loop
      vertex 20.1761 14 0
      vertex 20.0904 14.143 1.76265
      vertex 20.0904 14.143 0
    endloop
  endfacet
  facet normal -0.857757 -0.514055 0
    outer loop
      vertex 20.0904 14.143 1.76265
      vertex 20.1761 14 0
      vertex 20.1761 14 1.77516
    endloop
  endfacet
  facet normal -0.0491143 0.998793 0
    outer loop
      vertex 24.5 21.5 0
      vertex 24.0099 21.4759 1.1211
      vertex 24.5 21.5 1.11899
    endloop
  endfacet
  facet normal -0.0491143 0.998793 0
    outer loop
      vertex 24.0099 21.4759 1.1211
      vertex 24.5 21.5 0
      vertex 24.0099 21.4759 0
    endloop
  endfacet
  facet normal -0.903995 0.427543 0
    outer loop
      vertex 19.8806 18.4134 0
      vertex 20.0904 18.857 1.35023
      vertex 20.0904 18.857 0
    endloop
  endfacet
  facet normal -0.903995 0.427543 0
    outer loop
      vertex 20.0904 18.857 1.35023
      vertex 19.8806 18.4134 0
      vertex 19.8806 18.4134 1.38903
    endloop
  endfacet
  facet normal 0.941548 -0.336879 0
    outer loop
      vertex 29.1194 14.5866 0
      vertex 29.2847 15.0486 1.68342
      vertex 29.1194 14.5866 1.72384
    endloop
  endfacet
  facet normal 0.941548 -0.336879 0
    outer loop
      vertex 29.2847 15.0486 1.68342
      vertex 29.1194 14.5866 0
      vertex 29.2847 15.0486 0
    endloop
  endfacet
  facet normal -0.857709 0.514136 0
    outer loop
      vertex 20.0904 18.857 0
      vertex 20.3427 19.2779 1.31341
      vertex 20.3427 19.2779 0
    endloop
  endfacet
  facet normal -0.857709 0.514136 0
    outer loop
      vertex 20.3427 19.2779 1.31341
      vertex 20.0904 18.857 0
      vertex 20.0904 18.857 1.35023
    endloop
  endfacet
  facet normal 0.427543 0.903995 -0
    outer loop
      vertex 26.857 20.9096 0
      vertex 26.4134 21.1194 1.15229
      vertex 26.857 20.9096 1.17065
    endloop
  endfacet
  facet normal 0.427543 0.903995 0
    outer loop
      vertex 26.4134 21.1194 1.15229
      vertex 26.857 20.9096 0
      vertex 26.4134 21.1194 0
    endloop
  endfacet
  facet normal 0.989177 0.146726 -0
    outer loop
      vertex 29.4759 16.9901 0
      vertex 29.4039 17.4755 1.4711
      vertex 29.4759 16.9901 1.51356
    endloop
  endfacet
  facet normal 0.989177 0.146726 0
    outer loop
      vertex 29.4039 17.4755 1.4711
      vertex 29.4759 16.9901 0
      vertex 29.4039 17.4755 0
    endloop
  endfacet
  facet normal 0.336879 0.941548 -0
    outer loop
      vertex 26.4134 21.1194 0
      vertex 25.9514 21.2847 1.13783
      vertex 26.4134 21.1194 1.15229
    endloop
  endfacet
  facet normal 0.336879 0.941548 0
    outer loop
      vertex 25.9514 21.2847 1.13783
      vertex 26.4134 21.1194 0
      vertex 25.9514 21.2847 0
    endloop
  endfacet
  facet normal -0.146726 0.989177 0
    outer loop
      vertex 23.5245 21.4039 0
      vertex 24.0099 21.4759 1.1211
      vertex 24.0099 21.4759 0
    endloop
  endfacet
  facet normal -0.146726 0.989177 0
    outer loop
      vertex 24.0099 21.4759 1.1211
      vertex 23.5245 21.4039 0
      vertex 23.5245 21.4039 1.1274
    endloop
  endfacet
  facet normal 0.998742 0.0501347 -0
    outer loop
      vertex 29.5 16.51 0
      vertex 29.4759 16.9901 1.51356
      vertex 29.5 16.51 1.55556
    endloop
  endfacet
  facet normal 0.998742 0.0501347 0
    outer loop
      vertex 29.4759 16.9901 1.51356
      vertex 29.5 16.51 0
      vertex 29.4759 16.9901 0
    endloop
  endfacet
  facet normal 0.998793 -0.0491143 0
    outer loop
      vertex 29.4759 16.0099 0
      vertex 29.5 16.5 1.55644
      vertex 29.4759 16.0099 1.59931
    endloop
  endfacet
  facet normal 0.998793 -0.0491143 0
    outer loop
      vertex 29.5 16.5 1.55644
      vertex 29.4759 16.0099 0
      vertex 29.5 16.5 0
    endloop
  endfacet
  facet normal -0.903995 -0.427543 0
    outer loop
      vertex 20.0904 14.143 0
      vertex 19.8806 14.5866 1.72384
      vertex 19.8806 14.5866 0
    endloop
  endfacet
  facet normal -0.903995 -0.427543 0
    outer loop
      vertex 19.8806 14.5866 1.72384
      vertex 20.0904 14.143 0
      vertex 20.0904 14.143 1.76265
    endloop
  endfacet
  facet normal -0.427543 0.903995 0
    outer loop
      vertex 22.143 20.9096 0
      vertex 22.5866 21.1194 1.15229
      vertex 22.5866 21.1194 0
    endloop
  endfacet
  facet normal -0.427543 0.903995 0
    outer loop
      vertex 22.5866 21.1194 1.15229
      vertex 22.143 20.9096 0
      vertex 22.143 20.9096 1.17065
    endloop
  endfacet
  facet normal 0.970034 0.242967 -0
    outer loop
      vertex 29.4039 17.4755 0
      vertex 29.2847 17.9514 1.42945
      vertex 29.4039 17.4755 1.4711
    endloop
  endfacet
  facet normal 0.970034 0.242967 0
    outer loop
      vertex 29.2847 17.9514 1.42945
      vertex 29.4039 17.4755 0
      vertex 29.2847 17.9514 0
    endloop
  endfacet
  facet normal -0.970034 -0.242967 0
    outer loop
      vertex 19.7153 15.0486 0
      vertex 19.5961 15.5245 1.64178
      vertex 19.5961 15.5245 0
    endloop
  endfacet
  facet normal -0.970034 -0.242967 0
    outer loop
      vertex 19.5961 15.5245 1.64178
      vertex 19.7153 15.0486 0
      vertex 19.7153 15.0486 1.68342
    endloop
  endfacet
  facet normal 0.941548 0.336879 -0
    outer loop
      vertex 29.2847 17.9514 0
      vertex 29.1194 18.4134 1.38903
      vertex 29.2847 17.9514 1.42945
    endloop
  endfacet
  facet normal 0.941548 0.336879 0
    outer loop
      vertex 29.1194 18.4134 1.38903
      vertex 29.2847 17.9514 0
      vertex 29.1194 18.4134 0
    endloop
  endfacet
  facet normal -0.970034 0.242967 0
    outer loop
      vertex 19.5961 17.4755 0
      vertex 19.7153 17.9514 1.42945
      vertex 19.7153 17.9514 0
    endloop
  endfacet
  facet normal -0.970034 0.242967 0
    outer loop
      vertex 19.7153 17.9514 1.42945
      vertex 19.5961 17.4755 0
      vertex 19.5961 17.4755 1.4711
    endloop
  endfacet
  facet normal -0.514136 0.857709 0
    outer loop
      vertex 21.7221 20.6573 0
      vertex 22.143 20.9096 1.17065
      vertex 22.143 20.9096 0
    endloop
  endfacet
  facet normal -0.514136 0.857709 0
    outer loop
      vertex 22.143 20.9096 1.17065
      vertex 21.7221 20.6573 0
      vertex 21.7221 20.6573 1.19272
    endloop
  endfacet
  facet normal 0.740806 0.671719 -0
    outer loop
      vertex 28.3651 19.672 0
      vertex 28.0355 20.0355 1.24712
      vertex 28.3651 19.672 1.27893
    endloop
  endfacet
  facet normal 0.740806 0.671719 0
    outer loop
      vertex 28.0355 20.0355 1.24712
      vertex 28.3651 19.672 0
      vertex 28.0355 20.0355 0
    endloop
  endfacet
  facet normal 0.671719 0.740806 -0
    outer loop
      vertex 28.0355 20.0355 0
      vertex 27.672 20.3651 1.21829
      vertex 28.0355 20.0355 1.24712
    endloop
  endfacet
  facet normal 0.671719 0.740806 0
    outer loop
      vertex 27.672 20.3651 1.21829
      vertex 28.0355 20.0355 0
      vertex 27.672 20.3651 0
    endloop
  endfacet
  facet normal -0.998742 0.0501347 0
    outer loop
      vertex 19.5 16.51 0
      vertex 19.5241 16.9901 1.51356
      vertex 19.5241 16.9901 0
    endloop
  endfacet
  facet normal -0.998742 0.0501347 0
    outer loop
      vertex 19.5241 16.9901 1.51356
      vertex 19.5 16.51 0
      vertex 19.5 16.51 1.55556
    endloop
  endfacet
  facet normal -0.740806 0.671719 0
    outer loop
      vertex 20.6349 19.672 0
      vertex 20.9645 20.0355 1.24712
      vertex 20.9645 20.0355 0
    endloop
  endfacet
  facet normal -0.740806 0.671719 0
    outer loop
      vertex 20.9645 20.0355 1.24712
      vertex 20.6349 19.672 0
      vertex 20.6349 19.672 1.27893
    endloop
  endfacet
  facet normal 0.903995 0.427543 -0
    outer loop
      vertex 29.1194 18.4134 0
      vertex 28.9096 18.857 1.35023
      vertex 29.1194 18.4134 1.38903
    endloop
  endfacet
  facet normal 0.903995 0.427543 0
    outer loop
      vertex 28.9096 18.857 1.35023
      vertex 29.1194 18.4134 0
      vertex 28.9096 18.857 0
    endloop
  endfacet
  facet normal 0.857709 0.514136 -0
    outer loop
      vertex 28.9096 18.857 0
      vertex 28.6573 19.2779 1.31341
      vertex 28.9096 18.857 1.35023
    endloop
  endfacet
  facet normal 0.857709 0.514136 0
    outer loop
      vertex 28.6573 19.2779 1.31341
      vertex 28.9096 18.857 0
      vertex 28.6573 19.2779 0
    endloop
  endfacet
  facet normal 0.595588 0.80329 -0
    outer loop
      vertex 27.672 20.3651 0
      vertex 27.2779 20.6573 1.19272
      vertex 27.672 20.3651 1.21829
    endloop
  endfacet
  facet normal 0.595588 0.80329 0
    outer loop
      vertex 27.2779 20.6573 1.19272
      vertex 27.672 20.3651 0
      vertex 27.2779 20.6573 0
    endloop
  endfacet
  facet normal -0.242967 0.970034 0
    outer loop
      vertex 23.0486 21.2847 0
      vertex 23.5245 21.4039 1.1274
      vertex 23.5245 21.4039 0
    endloop
  endfacet
  facet normal -0.242967 0.970034 0
    outer loop
      vertex 23.5245 21.4039 1.1274
      vertex 23.0486 21.2847 0
      vertex 23.0486 21.2847 1.13783
    endloop
  endfacet
  facet normal 0.857757 -0.514055 0
    outer loop
      vertex 28.8239 14 0
      vertex 28.9096 14.143 1.76265
      vertex 28.8239 14 1.77516
    endloop
  endfacet
  facet normal 0.857757 -0.514055 0
    outer loop
      vertex 28.9096 14.143 1.76265
      vertex 28.8239 14 0
      vertex 28.9096 14.143 0
    endloop
  endfacet
  facet normal -0.941548 0.336879 0
    outer loop
      vertex 19.7153 17.9514 0
      vertex 19.8806 18.4134 1.38903
      vertex 19.8806 18.4134 0
    endloop
  endfacet
  facet normal -0.941548 0.336879 0
    outer loop
      vertex 19.8806 18.4134 1.38903
      vertex 19.7153 17.9514 0
      vertex 19.7153 17.9514 1.42945
    endloop
  endfacet
  facet normal -0.336879 0.941548 0
    outer loop
      vertex 22.5866 21.1194 0
      vertex 23.0486 21.2847 1.13783
      vertex 23.0486 21.2847 0
    endloop
  endfacet
  facet normal -0.336879 0.941548 0
    outer loop
      vertex 23.0486 21.2847 1.13783
      vertex 22.5866 21.1194 0
      vertex 22.5866 21.1194 1.15229
    endloop
  endfacet
  facet normal -0.941548 -0.336879 0
    outer loop
      vertex 19.8806 14.5866 0
      vertex 19.7153 15.0486 1.68342
      vertex 19.7153 15.0486 0
    endloop
  endfacet
  facet normal -0.941548 -0.336879 0
    outer loop
      vertex 19.7153 15.0486 1.68342
      vertex 19.8806 14.5866 0
      vertex 19.8806 14.5866 1.72384
    endloop
  endfacet
  facet normal 0.146726 0.989177 -0
    outer loop
      vertex 25.4755 21.4039 0
      vertex 24.9901 21.4759 1.1211
      vertex 25.4755 21.4039 1.1274
    endloop
  endfacet
  facet normal 0.146726 0.989177 0
    outer loop
      vertex 24.9901 21.4759 1.1211
      vertex 25.4755 21.4039 0
      vertex 24.9901 21.4759 0
    endloop
  endfacet
  facet normal -1 0 0
    outer loop
      vertex 19.5 16.5 0
      vertex 19.5 16.51 1.55556
      vertex 19.5 16.51 0
    endloop
  endfacet
  facet normal -1 -0 0
    outer loop
      vertex 19.5 16.51 1.55556
      vertex 19.5 16.5 0
      vertex 19.5 16.5 1.55644
    endloop
  endfacet
  facet normal 0.242967 0.970034 -0
    outer loop
      vertex 25.9514 21.2847 0
      vertex 25.4755 21.4039 1.1274
      vertex 25.9514 21.2847 1.13783
    endloop
  endfacet
  facet normal 0.242967 0.970034 0
    outer loop
      vertex 25.4755 21.4039 1.1274
      vertex 25.9514 21.2847 0
      vertex 25.4755 21.4039 0
    endloop
  endfacet
  facet normal -0.998793 -0.0491143 0
    outer loop
      vertex 19.5241 16.0099 0
      vertex 19.5 16.5 1.55644
      vertex 19.5 16.5 0
    endloop
  endfacet
  facet normal -0.998793 -0.0491143 0
    outer loop
      vertex 19.5 16.5 1.55644
      vertex 19.5241 16.0099 0
      vertex 19.5241 16.0099 1.59931
    endloop
  endfacet
  facet normal 0.989177 -0.146726 0
    outer loop
      vertex 29.4039 15.5245 0
      vertex 29.4759 16.0099 1.59931
      vertex 29.4039 15.5245 1.64178
    endloop
  endfacet
  facet normal 0.989177 -0.146726 0
    outer loop
      vertex 29.4759 16.0099 1.59931
      vertex 29.4039 15.5245 0
      vertex 29.4759 16.0099 0
    endloop
  endfacet
  facet normal -0.989177 0.146726 0
    outer loop
      vertex 19.5241 16.9901 0
      vertex 19.5961 17.4755 1.4711
      vertex 19.5961 17.4755 0
    endloop
  endfacet
  facet normal -0.989177 0.146726 0
    outer loop
      vertex 19.5961 17.4755 1.4711
      vertex 19.5241 16.9901 0
      vertex 19.5241 16.9901 1.51356
    endloop
  endfacet
  facet normal 0.970034 -0.242967 0
    outer loop
      vertex 29.2847 15.0486 0
      vertex 29.4039 15.5245 1.64178
      vertex 29.2847 15.0486 1.68342
    endloop
  endfacet
  facet normal 0.970034 -0.242967 0
    outer loop
      vertex 29.4039 15.5245 1.64178
      vertex 29.2847 15.0486 0
      vertex 29.4039 15.5245 0
    endloop
  endfacet
  facet normal 1 0 0
    outer loop
      vertex 29.5 16.5 0
      vertex 29.5 16.51 1.55556
      vertex 29.5 16.5 1.55644
    endloop
  endfacet
  facet normal 1 0 0
    outer loop
      vertex 29.5 16.51 1.55556
      vertex 29.5 16.5 0
      vertex 29.5 16.51 0
    endloop
  endfacet
  facet normal -0.989168 -0.146788 0
    outer loop
      vertex 26.1918 16.6666 0
      vertex 26.1673 16.8317 1.52742
      vertex 26.1673 16.8317 0
    endloop
  endfacet
  facet normal -0.989168 -0.146788 0
    outer loop
      vertex 26.1673 16.8317 1.52742
      vertex 26.1918 16.6666 0
      vertex 26.1918 16.6666 1.54186
    endloop
  endfacet
  facet normal -0.998791 -0.0491602 0
    outer loop
      vertex 26.2 16.5 0
      vertex 26.1918 16.6666 1.54186
      vertex 26.1918 16.6666 0
    endloop
  endfacet
  facet normal -0.998791 -0.0491602 0
    outer loop
      vertex 26.1918 16.6666 1.54186
      vertex 26.2 16.5 0
      vertex 26.2 16.5 1.55644
    endloop
  endfacet
  facet normal -0.970072 -0.242818 0
    outer loop
      vertex 26.1673 16.8317 0
      vertex 26.1268 16.9935 1.51326
      vertex 26.1268 16.9935 0
    endloop
  endfacet
  facet normal -0.970072 -0.242818 0
    outer loop
      vertex 26.1268 16.9935 1.51326
      vertex 26.1673 16.8317 0
      vertex 26.1673 16.8317 1.52742
    endloop
  endfacet
  facet normal -0.427442 0.904043 0
    outer loop
      vertex 25.1506 14.9294 0
      vertex 25.3014 15.0007 1.68761
      vertex 25.3014 15.0007 0
    endloop
  endfacet
  facet normal -0.427442 0.904043 0
    outer loop
      vertex 25.3014 15.0007 1.68761
      vertex 25.1506 14.9294 0
      vertex 25.1506 14.9294 1.69385
    endloop
  endfacet
  facet normal 0.0491602 -0.998791 0
    outer loop
      vertex 24.3334 18.1918 0
      vertex 24.5 18.2 1.40771
      vertex 24.3334 18.1918 1.40842
    endloop
  endfacet
  facet normal 0.0491602 -0.998791 0
    outer loop
      vertex 24.5 18.2 1.40771
      vertex 24.3334 18.1918 0
      vertex 24.5 18.2 0
    endloop
  endfacet
  facet normal 0.427442 -0.904043 0
    outer loop
      vertex 23.6986 17.9993 0
      vertex 23.8494 18.0706 1.41903
      vertex 23.6986 17.9993 1.42527
    endloop
  endfacet
  facet normal 0.427442 -0.904043 0
    outer loop
      vertex 23.8494 18.0706 1.41903
      vertex 23.6986 17.9993 0
      vertex 23.8494 18.0706 0
    endloop
  endfacet
  facet normal -0.741024 -0.671478 0
    outer loop
      vertex 25.8141 17.5785 0
      vertex 25.7021 17.7021 1.45127
      vertex 25.7021 17.7021 0
    endloop
  endfacet
  facet normal -0.741024 -0.671478 0
    outer loop
      vertex 25.7021 17.7021 1.45127
      vertex 25.8141 17.5785 0
      vertex 25.8141 17.5785 1.46208
    endloop
  endfacet
  facet normal 0.146788 0.989168 -0
    outer loop
      vertex 24.3334 14.8082 0
      vertex 24.1683 14.8327 1.70231
      vertex 24.3334 14.8082 1.70445
    endloop
  endfacet
  facet normal 0.146788 0.989168 0
    outer loop
      vertex 24.1683 14.8327 1.70231
      vertex 24.3334 14.8082 0
      vertex 24.1683 14.8327 0
    endloop
  endfacet
  facet normal -0.427442 -0.904043 0
    outer loop
      vertex 25.3014 17.9993 0
      vertex 25.1506 18.0706 1.41903
      vertex 25.1506 18.0706 0
    endloop
  endfacet
  facet normal -0.427442 -0.904043 0
    outer loop
      vertex 25.1506 18.0706 1.41903
      vertex 25.3014 17.9993 0
      vertex 25.3014 17.9993 1.42527
    endloop
  endfacet
  facet normal 0.146788 -0.989168 0
    outer loop
      vertex 24.1683 18.1673 0
      vertex 24.3334 18.1918 1.40842
      vertex 24.1683 18.1673 1.41056
    endloop
  endfacet
  facet normal 0.146788 -0.989168 0
    outer loop
      vertex 24.3334 18.1918 1.40842
      vertex 24.1683 18.1673 0
      vertex 24.3334 18.1918 0
    endloop
  endfacet
  facet normal -0.242818 0.970072 0
    outer loop
      vertex 24.8317 14.8327 0
      vertex 24.9935 14.8732 1.69876
      vertex 24.9935 14.8732 0
    endloop
  endfacet
  facet normal -0.242818 0.970072 0
    outer loop
      vertex 24.9935 14.8732 1.69876
      vertex 24.8317 14.8327 0
      vertex 24.8317 14.8327 1.70231
    endloop
  endfacet
  facet normal 0.595772 -0.803154 0
    outer loop
      vertex 23.4215 17.8141 0
      vertex 23.5555 17.9135 1.43277
      vertex 23.4215 17.8141 1.44147
    endloop
  endfacet
  facet normal 0.595772 -0.803154 0
    outer loop
      vertex 23.5555 17.9135 1.43277
      vertex 23.4215 17.8141 0
      vertex 23.5555 17.9135 0
    endloop
  endfacet
  facet normal 0.904043 -0.427442 0
    outer loop
      vertex 22.9294 17.1506 0
      vertex 23.0007 17.3014 1.48633
      vertex 22.9294 17.1506 1.49952
    endloop
  endfacet
  facet normal 0.904043 -0.427442 0
    outer loop
      vertex 23.0007 17.3014 1.48633
      vertex 22.9294 17.1506 0
      vertex 23.0007 17.3014 0
    endloop
  endfacet
  facet normal 0.427442 0.904043 -0
    outer loop
      vertex 23.8494 14.9294 0
      vertex 23.6986 15.0007 1.68761
      vertex 23.8494 14.9294 1.69385
    endloop
  endfacet
  facet normal 0.427442 0.904043 0
    outer loop
      vertex 23.6986 15.0007 1.68761
      vertex 23.8494 14.9294 0
      vertex 23.6986 15.0007 0
    endloop
  endfacet
  facet normal 0.595772 0.803154 -0
    outer loop
      vertex 23.5555 15.0865 0
      vertex 23.4215 15.1859 1.67141
      vertex 23.5555 15.0865 1.6801
    endloop
  endfacet
  facet normal 0.595772 0.803154 0
    outer loop
      vertex 23.4215 15.1859 1.67141
      vertex 23.5555 15.0865 0
      vertex 23.4215 15.1859 0
    endloop
  endfacet
  facet normal 0.904043 0.427442 -0
    outer loop
      vertex 23.0007 15.6986 0
      vertex 22.9294 15.8494 1.61335
      vertex 23.0007 15.6986 1.62655
    endloop
  endfacet
  facet normal 0.904043 0.427442 0
    outer loop
      vertex 22.9294 15.8494 1.61335
      vertex 23.0007 15.6986 0
      vertex 22.9294 15.8494 0
    endloop
  endfacet
  facet normal -0.514231 -0.857652 0
    outer loop
      vertex 25.4445 17.9135 0
      vertex 25.3014 17.9993 1.42527
      vertex 25.3014 17.9993 0
    endloop
  endfacet
  facet normal -0.514231 -0.857652 0
    outer loop
      vertex 25.3014 17.9993 1.42527
      vertex 25.4445 17.9135 0
      vertex 25.4445 17.9135 1.43277
    endloop
  endfacet
  facet normal 0.998791 0.0491602 -0
    outer loop
      vertex 22.8082 16.3334 0
      vertex 22.8 16.5 1.55644
      vertex 22.8082 16.3334 1.57102
    endloop
  endfacet
  facet normal 0.998791 0.0491602 0
    outer loop
      vertex 22.8 16.5 1.55644
      vertex 22.8082 16.3334 0
      vertex 22.8 16.5 0
    endloop
  endfacet
  facet normal -0.595772 -0.803154 0
    outer loop
      vertex 25.5785 17.8141 0
      vertex 25.4445 17.9135 1.43277
      vertex 25.4445 17.9135 0
    endloop
  endfacet
  facet normal -0.595772 -0.803154 0
    outer loop
      vertex 25.4445 17.9135 1.43277
      vertex 25.5785 17.8141 0
      vertex 25.5785 17.8141 1.44147
    endloop
  endfacet
  facet normal -0.970072 0.242818 0
    outer loop
      vertex 26.1268 16.0065 0
      vertex 26.1673 16.1683 1.58545
      vertex 26.1673 16.1683 0
    endloop
  endfacet
  facet normal -0.970072 0.242818 0
    outer loop
      vertex 26.1673 16.1683 1.58545
      vertex 26.1268 16.0065 0
      vertex 26.1268 16.0065 1.59961
    endloop
  endfacet
  facet normal 0.941566 0.33683 -0
    outer loop
      vertex 22.9294 15.8494 0
      vertex 22.8732 16.0065 1.59961
      vertex 22.9294 15.8494 1.61335
    endloop
  endfacet
  facet normal 0.941566 0.33683 0
    outer loop
      vertex 22.8732 16.0065 1.59961
      vertex 22.9294 15.8494 0
      vertex 22.8732 16.0065 0
    endloop
  endfacet
  facet normal -0.242818 -0.970072 0
    outer loop
      vertex 24.9935 18.1268 0
      vertex 24.8317 18.1673 1.41056
      vertex 24.8317 18.1673 0
    endloop
  endfacet
  facet normal -0.242818 -0.970072 0
    outer loop
      vertex 24.8317 18.1673 1.41056
      vertex 24.9935 18.1268 0
      vertex 24.9935 18.1268 1.41411
    endloop
  endfacet
  facet normal 0.741024 -0.671478 0
    outer loop
      vertex 23.1859 17.5785 0
      vertex 23.2979 17.7021 1.45127
      vertex 23.1859 17.5785 1.46208
    endloop
  endfacet
  facet normal 0.741024 -0.671478 0
    outer loop
      vertex 23.2979 17.7021 1.45127
      vertex 23.1859 17.5785 0
      vertex 23.2979 17.7021 0
    endloop
  endfacet
  facet normal -0.0491602 0.998791 0
    outer loop
      vertex 24.6666 14.8082 0
      vertex 24.5 14.8 1.70517
      vertex 24.6666 14.8082 1.70445
    endloop
  endfacet
  facet normal -0.0491602 0.998791 0
    outer loop
      vertex 24.5 14.8 1.70517
      vertex 24.6666 14.8082 0
      vertex 24.5 14.8 0
    endloop
  endfacet
  facet normal -0.803154 -0.595772 0
    outer loop
      vertex 25.9135 17.4445 0
      vertex 25.8141 17.5785 1.46208
      vertex 25.8141 17.5785 0
    endloop
  endfacet
  facet normal -0.803154 -0.595772 0
    outer loop
      vertex 25.8141 17.5785 1.46208
      vertex 25.9135 17.4445 0
      vertex 25.9135 17.4445 1.47381
    endloop
  endfacet
  facet normal 0.970072 0.242818 -0
    outer loop
      vertex 22.8732 16.0065 0
      vertex 22.8327 16.1683 1.58545
      vertex 22.8732 16.0065 1.59961
    endloop
  endfacet
  facet normal 0.970072 0.242818 0
    outer loop
      vertex 22.8327 16.1683 1.58545
      vertex 22.8732 16.0065 0
      vertex 22.8327 16.1683 0
    endloop
  endfacet
  facet normal -0.989168 0.146788 0
    outer loop
      vertex 26.1673 16.1683 0
      vertex 26.1918 16.3334 1.57102
      vertex 26.1918 16.3334 0
    endloop
  endfacet
  facet normal -0.989168 0.146788 0
    outer loop
      vertex 26.1918 16.3334 1.57102
      vertex 26.1673 16.1683 0
      vertex 26.1673 16.1683 1.58545
    endloop
  endfacet
  facet normal -0.514231 0.857652 0
    outer loop
      vertex 25.3014 15.0007 0
      vertex 25.4445 15.0865 1.6801
      vertex 25.4445 15.0865 0
    endloop
  endfacet
  facet normal -0.514231 0.857652 0
    outer loop
      vertex 25.4445 15.0865 1.6801
      vertex 25.3014 15.0007 0
      vertex 25.3014 15.0007 1.68761
    endloop
  endfacet
  facet normal 0.941566 -0.33683 0
    outer loop
      vertex 22.8732 16.9935 0
      vertex 22.9294 17.1506 1.49952
      vertex 22.8732 16.9935 1.51326
    endloop
  endfacet
  facet normal 0.941566 -0.33683 0
    outer loop
      vertex 22.9294 17.1506 1.49952
      vertex 22.8732 16.9935 0
      vertex 22.9294 17.1506 0
    endloop
  endfacet
  facet normal 0.989168 -0.146788 0
    outer loop
      vertex 22.8082 16.6666 0
      vertex 22.8327 16.8317 1.52742
      vertex 22.8082 16.6666 1.54186
    endloop
  endfacet
  facet normal 0.989168 -0.146788 0
    outer loop
      vertex 22.8327 16.8317 1.52742
      vertex 22.8082 16.6666 0
      vertex 22.8327 16.8317 0
    endloop
  endfacet
  facet normal -0.904043 0.427442 0
    outer loop
      vertex 25.9993 15.6986 0
      vertex 26.0706 15.8494 1.61335
      vertex 26.0706 15.8494 0
    endloop
  endfacet
  facet normal -0.904043 0.427442 0
    outer loop
      vertex 26.0706 15.8494 1.61335
      vertex 25.9993 15.6986 0
      vertex 25.9993 15.6986 1.62655
    endloop
  endfacet
  facet normal -0.33683 -0.941566 0
    outer loop
      vertex 25.1506 18.0706 0
      vertex 24.9935 18.1268 1.41411
      vertex 24.9935 18.1268 0
    endloop
  endfacet
  facet normal -0.33683 -0.941566 0
    outer loop
      vertex 24.9935 18.1268 1.41411
      vertex 25.1506 18.0706 0
      vertex 25.1506 18.0706 1.41903
    endloop
  endfacet
  facet normal -0.998791 0.0491602 0
    outer loop
      vertex 26.1918 16.3334 0
      vertex 26.2 16.5 1.55644
      vertex 26.2 16.5 0
    endloop
  endfacet
  facet normal -0.998791 0.0491602 0
    outer loop
      vertex 26.2 16.5 1.55644
      vertex 26.1918 16.3334 0
      vertex 26.1918 16.3334 1.57102
    endloop
  endfacet
  facet normal -0.146788 0.989168 0
    outer loop
      vertex 24.6666 14.8082 0
      vertex 24.8317 14.8327 1.70231
      vertex 24.8317 14.8327 0
    endloop
  endfacet
  facet normal -0.146788 0.989168 0
    outer loop
      vertex 24.8317 14.8327 1.70231
      vertex 24.6666 14.8082 0
      vertex 24.6666 14.8082 1.70445
    endloop
  endfacet
  facet normal -0.941566 -0.33683 0
    outer loop
      vertex 26.1268 16.9935 0
      vertex 26.0706 17.1506 1.49952
      vertex 26.0706 17.1506 0
    endloop
  endfacet
  facet normal -0.941566 -0.33683 0
    outer loop
      vertex 26.0706 17.1506 1.49952
      vertex 26.1268 16.9935 0
      vertex 26.1268 16.9935 1.51326
    endloop
  endfacet
  facet normal -0.803154 0.595772 0
    outer loop
      vertex 25.8141 15.4215 0
      vertex 25.9135 15.5555 1.63907
      vertex 25.9135 15.5555 0
    endloop
  endfacet
  facet normal -0.803154 0.595772 0
    outer loop
      vertex 25.9135 15.5555 1.63907
      vertex 25.8141 15.4215 0
      vertex 25.8141 15.4215 1.65079
    endloop
  endfacet
  facet normal -0.857652 0.514231 0
    outer loop
      vertex 25.9135 15.5555 0
      vertex 25.9993 15.6986 1.62655
      vertex 25.9993 15.6986 0
    endloop
  endfacet
  facet normal -0.857652 0.514231 0
    outer loop
      vertex 25.9993 15.6986 1.62655
      vertex 25.9135 15.5555 0
      vertex 25.9135 15.5555 1.63907
    endloop
  endfacet
  facet normal 0.242818 -0.970072 0
    outer loop
      vertex 24.0065 18.1268 0
      vertex 24.1683 18.1673 1.41056
      vertex 24.0065 18.1268 1.41411
    endloop
  endfacet
  facet normal 0.242818 -0.970072 0
    outer loop
      vertex 24.1683 18.1673 1.41056
      vertex 24.0065 18.1268 0
      vertex 24.1683 18.1673 0
    endloop
  endfacet
  facet normal -0.941566 0.33683 0
    outer loop
      vertex 26.0706 15.8494 0
      vertex 26.1268 16.0065 1.59961
      vertex 26.1268 16.0065 0
    endloop
  endfacet
  facet normal -0.941566 0.33683 0
    outer loop
      vertex 26.1268 16.0065 1.59961
      vertex 26.0706 15.8494 0
      vertex 26.0706 15.8494 1.61335
    endloop
  endfacet
  facet normal -0.0491602 -0.998791 0
    outer loop
      vertex 24.5 18.2 0
      vertex 24.6666 18.1918 1.40842
      vertex 24.5 18.2 1.40771
    endloop
  endfacet
  facet normal -0.0491602 -0.998791 -0
    outer loop
      vertex 24.6666 18.1918 1.40842
      vertex 24.5 18.2 0
      vertex 24.6666 18.1918 0
    endloop
  endfacet
  facet normal 0.514231 -0.857652 0
    outer loop
      vertex 23.5555 17.9135 0
      vertex 23.6986 17.9993 1.42527
      vertex 23.5555 17.9135 1.43277
    endloop
  endfacet
  facet normal 0.514231 -0.857652 0
    outer loop
      vertex 23.6986 17.9993 1.42527
      vertex 23.5555 17.9135 0
      vertex 23.6986 17.9993 0
    endloop
  endfacet
  facet normal -0.904043 -0.427442 0
    outer loop
      vertex 26.0706 17.1506 0
      vertex 25.9993 17.3014 1.48633
      vertex 25.9993 17.3014 0
    endloop
  endfacet
  facet normal -0.904043 -0.427442 0
    outer loop
      vertex 25.9993 17.3014 1.48633
      vertex 26.0706 17.1506 0
      vertex 26.0706 17.1506 1.49952
    endloop
  endfacet
  facet normal -0.146788 -0.989168 0
    outer loop
      vertex 24.8317 18.1673 0
      vertex 24.6666 18.1918 1.40842
      vertex 24.6666 18.1918 0
    endloop
  endfacet
  facet normal -0.146788 -0.989168 0
    outer loop
      vertex 24.6666 18.1918 1.40842
      vertex 24.8317 18.1673 0
      vertex 24.8317 18.1673 1.41056
    endloop
  endfacet
  facet normal 0.242818 0.970072 -0
    outer loop
      vertex 24.1683 14.8327 0
      vertex 24.0065 14.8732 1.69876
      vertex 24.1683 14.8327 1.70231
    endloop
  endfacet
  facet normal 0.242818 0.970072 0
    outer loop
      vertex 24.0065 14.8732 1.69876
      vertex 24.1683 14.8327 0
      vertex 24.0065 14.8732 0
    endloop
  endfacet
  facet normal 0.857652 0.514231 -0
    outer loop
      vertex 23.0865 15.5555 0
      vertex 23.0007 15.6986 1.62655
      vertex 23.0865 15.5555 1.63907
    endloop
  endfacet
  facet normal 0.857652 0.514231 0
    outer loop
      vertex 23.0007 15.6986 1.62655
      vertex 23.0865 15.5555 0
      vertex 23.0007 15.6986 0
    endloop
  endfacet
  facet normal -0.857652 -0.514231 0
    outer loop
      vertex 25.9993 17.3014 0
      vertex 25.9135 17.4445 1.47381
      vertex 25.9135 17.4445 0
    endloop
  endfacet
  facet normal -0.857652 -0.514231 0
    outer loop
      vertex 25.9135 17.4445 1.47381
      vertex 25.9993 17.3014 0
      vertex 25.9993 17.3014 1.48633
    endloop
  endfacet
  facet normal 0.33683 -0.941566 0
    outer loop
      vertex 23.8494 18.0706 0
      vertex 24.0065 18.1268 1.41411
      vertex 23.8494 18.0706 1.41903
    endloop
  endfacet
  facet normal 0.33683 -0.941566 0
    outer loop
      vertex 24.0065 18.1268 1.41411
      vertex 23.8494 18.0706 0
      vertex 24.0065 18.1268 0
    endloop
  endfacet
  facet normal 0.741024 0.671478 -0
    outer loop
      vertex 23.2979 15.2979 0
      vertex 23.1859 15.4215 1.65079
      vertex 23.2979 15.2979 1.66161
    endloop
  endfacet
  facet normal 0.741024 0.671478 0
    outer loop
      vertex 23.1859 15.4215 1.65079
      vertex 23.2979 15.2979 0
      vertex 23.1859 15.4215 0
    endloop
  endfacet
  facet normal 0.671478 -0.741024 0
    outer loop
      vertex 23.2979 17.7021 0
      vertex 23.4215 17.8141 1.44147
      vertex 23.2979 17.7021 1.45127
    endloop
  endfacet
  facet normal 0.671478 -0.741024 0
    outer loop
      vertex 23.4215 17.8141 1.44147
      vertex 23.2979 17.7021 0
      vertex 23.4215 17.8141 0
    endloop
  endfacet
  facet normal 0.514231 0.857652 -0
    outer loop
      vertex 23.6986 15.0007 0
      vertex 23.5555 15.0865 1.6801
      vertex 23.6986 15.0007 1.68761
    endloop
  endfacet
  facet normal 0.514231 0.857652 0
    outer loop
      vertex 23.5555 15.0865 1.6801
      vertex 23.6986 15.0007 0
      vertex 23.5555 15.0865 0
    endloop
  endfacet
  facet normal 0.970072 -0.242818 0
    outer loop
      vertex 22.8327 16.8317 0
      vertex 22.8732 16.9935 1.51326
      vertex 22.8327 16.8317 1.52742
    endloop
  endfacet
  facet normal 0.970072 -0.242818 0
    outer loop
      vertex 22.8732 16.9935 1.51326
      vertex 22.8327 16.8317 0
      vertex 22.8732 16.9935 0
    endloop
  endfacet
  facet normal -0.671478 -0.741024 0
    outer loop
      vertex 25.7021 17.7021 0
      vertex 25.5785 17.8141 1.44147
      vertex 25.5785 17.8141 0
    endloop
  endfacet
  facet normal -0.671478 -0.741024 0
    outer loop
      vertex 25.5785 17.8141 1.44147
      vertex 25.7021 17.7021 0
      vertex 25.7021 17.7021 1.45127
    endloop
  endfacet
  facet normal -0.33683 0.941566 0
    outer loop
      vertex 24.9935 14.8732 0
      vertex 25.1506 14.9294 1.69385
      vertex 25.1506 14.9294 0
    endloop
  endfacet
  facet normal -0.33683 0.941566 0
    outer loop
      vertex 25.1506 14.9294 1.69385
      vertex 24.9935 14.8732 0
      vertex 24.9935 14.8732 1.69876
    endloop
  endfacet
  facet normal 0.803154 0.595772 -0
    outer loop
      vertex 23.1859 15.4215 0
      vertex 23.0865 15.5555 1.63907
      vertex 23.1859 15.4215 1.65079
    endloop
  endfacet
  facet normal 0.803154 0.595772 0
    outer loop
      vertex 23.0865 15.5555 1.63907
      vertex 23.1859 15.4215 0
      vertex 23.0865 15.5555 0
    endloop
  endfacet
  facet normal 0.989168 0.146788 -0
    outer loop
      vertex 22.8327 16.1683 0
      vertex 22.8082 16.3334 1.57102
      vertex 22.8327 16.1683 1.58545
    endloop
  endfacet
  facet normal 0.989168 0.146788 0
    outer loop
      vertex 22.8082 16.3334 1.57102
      vertex 22.8327 16.1683 0
      vertex 22.8082 16.3334 0
    endloop
  endfacet
  facet normal -0.595772 0.803154 0
    outer loop
      vertex 25.4445 15.0865 0
      vertex 25.5785 15.1859 1.67141
      vertex 25.5785 15.1859 0
    endloop
  endfacet
  facet normal -0.595772 0.803154 0
    outer loop
      vertex 25.5785 15.1859 1.67141
      vertex 25.4445 15.0865 0
      vertex 25.4445 15.0865 1.6801
    endloop
  endfacet
  facet normal 0.671478 0.741024 -0
    outer loop
      vertex 23.4215 15.1859 0
      vertex 23.2979 15.2979 1.66161
      vertex 23.4215 15.1859 1.67141
    endloop
  endfacet
  facet normal 0.671478 0.741024 0
    outer loop
      vertex 23.2979 15.2979 1.66161
      vertex 23.4215 15.1859 0
      vertex 23.2979 15.2979 0
    endloop
  endfacet
  facet normal 0.803154 -0.595772 0
    outer loop
      vertex 23.0865 17.4445 0
      vertex 23.1859 17.5785 1.46208
      vertex 23.0865 17.4445 1.47381
    endloop
  endfacet
  facet normal 0.803154 -0.595772 0
    outer loop
      vertex 23.1859 17.5785 1.46208
      vertex 23.0865 17.4445 0
      vertex 23.1859 17.5785 0
    endloop
  endfacet
  facet normal 0.857652 -0.514231 0
    outer loop
      vertex 23.0007 17.3014 0
      vertex 23.0865 17.4445 1.47381
      vertex 23.0007 17.3014 1.48633
    endloop
  endfacet
  facet normal 0.857652 -0.514231 0
    outer loop
      vertex 23.0865 17.4445 1.47381
      vertex 23.0007 17.3014 0
      vertex 23.0865 17.4445 0
    endloop
  endfacet
  facet normal 0.0491602 0.998791 -0
    outer loop
      vertex 24.5 14.8 0
      vertex 24.3334 14.8082 1.70445
      vertex 24.5 14.8 1.70517
    endloop
  endfacet
  facet normal 0.0491602 0.998791 0
    outer loop
      vertex 24.3334 14.8082 1.70445
      vertex 24.5 14.8 0
      vertex 24.3334 14.8082 0
    endloop
  endfacet
  facet normal 0.998791 -0.0491602 0
    outer loop
      vertex 22.8 16.5 0
      vertex 22.8082 16.6666 1.54186
      vertex 22.8 16.5 1.55644
    endloop
  endfacet
  facet normal 0.998791 -0.0491602 0
    outer loop
      vertex 22.8082 16.6666 1.54186
      vertex 22.8 16.5 0
      vertex 22.8082 16.6666 0
    endloop
  endfacet
  facet normal 0.33683 0.941566 -0
    outer loop
      vertex 24.0065 14.8732 0
      vertex 23.8494 14.9294 1.69385
      vertex 24.0065 14.8732 1.69876
    endloop
  endfacet
  facet normal 0.33683 0.941566 0
    outer loop
      vertex 23.8494 14.9294 1.69385
      vertex 24.0065 14.8732 0
      vertex 23.8494 14.9294 0
    endloop
  endfacet
  facet normal -0.741024 0.671478 0
    outer loop
      vertex 25.7021 15.2979 0
      vertex 25.8141 15.4215 1.65079
      vertex 25.8141 15.4215 0
    endloop
  endfacet
  facet normal -0.741024 0.671478 0
    outer loop
      vertex 25.8141 15.4215 1.65079
      vertex 25.7021 15.2979 0
      vertex 25.7021 15.2979 1.66161
    endloop
  endfacet
  facet normal -0.671478 0.741024 0
    outer loop
      vertex 25.5785 15.1859 0
      vertex 25.7021 15.2979 1.66161
      vertex 25.7021 15.2979 0
    endloop
  endfacet
  facet normal -0.671478 0.741024 0
    outer loop
      vertex 25.7021 15.2979 1.66161
      vertex 25.5785 15.1859 0
      vertex 25.5785 15.1859 1.67141
    endloop
  endfacet
  facet normal -0.989171 -0.146209 0.0127974
    outer loop
      vertex 20.2386 11.6832 3
      vertex 20.3596 11 4.54717
      vertex 20.2386 11.8124 4.4761
    endloop
  endfacet
  facet normal -0.989168 -0.14623 0.0127878
    outer loop
      vertex 20.3596 11 4.54717
      vertex 20.2386 11.6832 3
      vertex 20.3596 10.8647 3
    endloop
  endfacet
  facet normal -0.998798 -0.0488235 0.00426962
    outer loop
      vertex 20.3596 10.8647 3
      vertex 20.4 10.1798 4.61893
      vertex 20.3596 11 4.54717
    endloop
  endfacet
  facet normal -0.998798 -0.0488221 0.00427023
    outer loop
      vertex 20.4 10.1798 4.61893
      vertex 20.3596 10.8647 3
      vertex 20.4 10.0382 3
    endloop
  endfacet
  facet normal -0.970024 -0.242085 0.0211719
    outer loop
      vertex 20.0383 12.4859 3
      vertex 20.2386 11.8124 4.4761
      vertex 20.0383 12.6089 4.40641
    endloop
  endfacet
  facet normal -0.970031 -0.242055 0.0211865
    outer loop
      vertex 20.2386 11.8124 4.4761
      vertex 20.0383 12.4859 3
      vertex 20.2386 11.6832 3
    endloop
  endfacet
  facet normal 0.243066 -0.966322 0.0845074
    outer loop
      vertex 9.56161 17.9697 1.42786
      vertex 10.3612 18.3871 3.90089
      vertex 9.56161 18.1875 3.91835
    endloop
  endfacet
  facet normal 0.242952 -0.966347 0.0845484
    outer loop
      vertex 10.3612 18.3871 3.90089
      vertex 9.56161 17.9697 1.42786
      vertex 10.3612 18.1692 1.4104
    endloop
  endfacet
  facet normal 0.90399 0.425927 -0.0372639
    outer loop
      vertex 4.59186 6.23517 4.96404
      vertex 4.23941 6.81138 3
      vertex 4.23941 6.97753 4.8991
    endloop
  endfacet
  facet normal 0.903989 0.425928 -0.0372636
    outer loop
      vertex 4.23941 6.81138 3
      vertex 4.59186 6.23517 4.96404
      vertex 4.59186 6.06334 3
    endloop
  endfacet
  facet normal 0.242987 0.966338 -0.0845443
    outer loop
      vertex 10.3612 1.76813 3
      vertex 9.56161 2.17212 5.31951
      vertex 10.3612 1.97259 5.33697
    endloop
  endfacet
  facet normal 0.242989 0.966338 -0.0845433
    outer loop
      vertex 9.56161 2.17212 5.31951
      vertex 10.3612 1.76813 3
      vertex 9.56161 1.96919 3
    endloop
  endfacet
  facet normal -0.514077 0.85448 -0.0747595
    outer loop
      vertex 15.9597 2.60176 3
      vertex 16.6668 3.22207 5.22765
      vertex 16.6668 3.02717 3
    endloop
  endfacet
  facet normal -0.514079 0.854479 -0.0747587
    outer loop
      vertex 16.6668 3.22207 5.22765
      vertex 15.9597 2.60176 3
      vertex 15.9597 2.79989 5.26459
    endloop
  endfacet
  facet normal 0.336896 0.937959 -0.0820605
    outer loop
      vertex 9.56161 1.96919 3
      vertex 8.78546 2.44878 5.29531
      vertex 9.56161 2.17212 5.31951
    endloop
  endfacet
  facet normal 0.336899 0.937958 -0.0820592
    outer loop
      vertex 8.78546 2.44878 5.29531
      vertex 9.56161 1.96919 3
      vertex 8.78546 2.24797 3
    endloop
  endfacet
  facet normal -0.336918 0.937951 -0.0820586
    outer loop
      vertex 14.4384 1.96919 3
      vertex 15.2145 2.44878 5.29531
      vertex 15.2145 2.24797 3
    endloop
  endfacet
  facet normal -0.336915 0.937952 -0.0820599
    outer loop
      vertex 15.2145 2.44878 5.29531
      vertex 14.4384 1.96919 3
      vertex 14.4384 2.17212 5.31951
    endloop
  endfacet
  facet normal 0.671565 -0.738125 0.0645807
    outer loop
      vertex 6.0603 15.879 1.61076
      vertex 6.6711 16.6484 4.053
      vertex 6.0603 16.0969 4.10125
    endloop
  endfacet
  facet normal 0.671565 -0.738126 0.064581
    outer loop
      vertex 6.6711 16.6484 4.053
      vertex 6.0603 15.879 1.61076
      vertex 6.6711 16.4305 1.56252
    endloop
  endfacet
  facet normal -0.242987 0.966338 -0.0845433
    outer loop
      vertex 13.6388 1.76813 3
      vertex 14.4384 2.17212 5.31951
      vertex 14.4384 1.96919 3
    endloop
  endfacet
  facet normal -0.242984 0.966339 -0.0845444
    outer loop
      vertex 14.4384 2.17212 5.31951
      vertex 13.6388 1.76813 3
      vertex 13.6388 1.97259 5.33697
    endloop
  endfacet
  facet normal 0.857741 -0.512125 0.0448049
    outer loop
      vertex 4.59186 14 2.85077
      vertex 5.01565 14.8289 4.21219
      vertex 4.59186 14.1245 4.27382
    endloop
  endfacet
  facet normal 0.857739 -0.512129 0.0448078
    outer loop
      vertex 5.01565 14.8289 4.21219
      vertex 4.59186 14 2.85077
      vertex 5.01565 14.611 1.72171
    endloop
  endfacet
  facet normal 0.85774 -0.512128 0.0448084
    outer loop
      vertex 5.01565 14.611 1.72171
      vertex 4.59186 14 2.85077
      vertex 4.64805 14 1.77516
    endloop
  endfacet
  facet normal 0.98918 -0.14615 0.0127922
    outer loop
      vertex 3.64045 11 4.54717
      vertex 3.7614 11.6832 3
      vertex 3.7614 11.8124 4.4761
    endloop
  endfacet
  facet normal 0.989177 -0.146171 0.0127826
    outer loop
      vertex 3.7614 11.6832 3
      vertex 3.64045 11 4.54717
      vertex 3.64045 10.8647 3
    endloop
  endfacet
  facet normal -0.902683 -0.428669 0.0375034
    outer loop
      vertex 19.4143 14 3
      vertex 19.4081 14.1245 4.27382
      vertex 19.4081 14 2.85077
    endloop
  endfacet
  facet normal -0.903975 -0.425961 0.0372325
    outer loop
      vertex 19.4143 14 3
      vertex 19.7606 13.3821 4.33876
      vertex 19.4081 14.1245 4.27382
    endloop
  endfacet
  facet normal -0.903993 -0.425922 0.037255
    outer loop
      vertex 19.7606 13.3821 4.33876
      vertex 19.4143 14 3
      vertex 19.7606 13.265 3
    endloop
  endfacet
  facet normal -0.803243 0.593385 -0.0519165
    outer loop
      vertex 18.9843 5.35358 3
      vertex 18.4933 4.87121 5.08337
      vertex 18.9843 5.53081 5.02567
    endloop
  endfacet
  facet normal -0.803239 0.59339 -0.0519145
    outer loop
      vertex 18.4933 4.87121 5.08337
      vertex 18.9843 5.35358 3
      vertex 18.4933 4.68894 3
    endloop
  endfacet
  facet normal 0.595711 -0.800142 0.070007
    outer loop
      vertex 6.6711 16.4305 1.56252
      vertex 7.33321 17.1376 4.0102
      vertex 6.6711 16.6484 4.053
    endloop
  endfacet
  facet normal 0.595711 -0.800142 0.070007
    outer loop
      vertex 7.33321 17.1376 4.0102
      vertex 6.6711 16.4305 1.56252
      vertex 7.33321 16.9197 1.51972
    endloop
  endfacet
  facet normal -0.595716 -0.800138 0.0700066
    outer loop
      vertex 16.6668 17.1376 4.0102
      vertex 17.3289 16.4305 1.56252
      vertex 17.3289 16.6484 4.053
    endloop
  endfacet
  facet normal -0.595716 -0.800138 0.0700066
    outer loop
      vertex 17.3289 16.4305 1.56252
      vertex 16.6668 17.1376 4.0102
      vertex 16.6668 16.9197 1.51972
    endloop
  endfacet
  facet normal -0.146721 -0.985413 0.0862166
    outer loop
      vertex 12.8233 18.5076 3.89035
      vertex 13.6388 18.1692 1.4104
      vertex 13.6388 18.3871 3.90089
    endloop
  endfacet
  facet normal -0.146721 -0.985413 0.0862166
    outer loop
      vertex 13.6388 18.1692 1.4104
      vertex 12.8233 18.5076 3.89035
      vertex 12.8233 18.2897 1.39986
    endloop
  endfacet
  facet normal -0.803243 -0.593384 0.0519171
    outer loop
      vertex 18.4933 15.2706 1.664
      vertex 18.9843 14.8289 4.21219
      vertex 18.4933 15.4885 4.15448
    endloop
  endfacet
  facet normal -0.803243 -0.593384 0.0519171
    outer loop
      vertex 18.9843 14.8289 4.21219
      vertex 18.4933 15.2706 1.664
      vertex 18.9843 14.611 1.72171
    endloop
  endfacet
  facet normal 0.514118 -0.854456 0.074759
    outer loop
      vertex 7.33321 16.9197 1.51972
      vertex 8.04027 17.5598 3.97327
      vertex 7.33321 17.1376 4.0102
    endloop
  endfacet
  facet normal 0.514118 -0.854455 0.0747587
    outer loop
      vertex 8.04027 17.5598 3.97327
      vertex 7.33321 16.9197 1.51972
      vertex 8.04027 17.3419 1.48278
    endloop
  endfacet
  facet normal -0.514096 -0.854468 0.0747601
    outer loop
      vertex 15.9597 17.5598 3.97327
      vertex 16.6668 16.9197 1.51972
      vertex 16.6668 17.1376 4.0102
    endloop
  endfacet
  facet normal -0.514097 -0.854468 0.0747598
    outer loop
      vertex 16.6668 16.9197 1.51972
      vertex 15.9597 17.5598 3.97327
      vertex 15.9597 17.3419 1.48278
    endloop
  endfacet
  facet normal -0.671565 -0.738125 0.0645807
    outer loop
      vertex 17.3289 16.6484 4.053
      vertex 17.9397 15.879 1.61076
      vertex 17.9397 16.0969 4.10125
    endloop
  endfacet
  facet normal -0.671565 -0.738126 0.064581
    outer loop
      vertex 17.9397 15.879 1.61076
      vertex 17.3289 16.6484 4.053
      vertex 17.3289 16.4305 1.56252
    endloop
  endfacet
  facet normal 0.941544 0.335609 -0.0293618
    outer loop
      vertex 4.23941 6.97753 4.8991
      vertex 3.9617 7.59049 3
      vertex 3.9617 7.75072 4.83145
    endloop
  endfacet
  facet normal 0.941544 0.335609 -0.029362
    outer loop
      vertex 3.9617 7.59049 3
      vertex 4.23941 6.97753 4.8991
      vertex 4.23941 6.81138 3
    endloop
  endfacet
  facet normal -0.998798 0.0488246 -0.00427046
    outer loop
      vertex 20.4 10.0382 3
      vertex 20.3596 9.35962 4.69069
      vertex 20.4 10.1798 4.61893
    endloop
  endfacet
  facet normal -0.998798 0.0488227 -0.00427125
    outer loop
      vertex 20.3596 9.35962 4.69069
      vertex 20.4 10.0382 3
      vertex 20.3596 9.21171 3
    endloop
  endfacet
  facet normal 0.427548 -0.900552 0.0787919
    outer loop
      vertex 8.04027 17.3419 1.48278
      vertex 8.78546 17.9109 3.94255
      vertex 8.04027 17.5598 3.97327
    endloop
  endfacet
  facet normal 0.427548 -0.900552 0.0787919
    outer loop
      vertex 8.78546 17.9109 3.94255
      vertex 8.04027 17.3419 1.48278
      vertex 8.78546 17.693 1.45206
    endloop
  endfacet
  facet normal -0.903966 0.425977 -0.0372682
    outer loop
      vertex 19.7606 6.81138 3
      vertex 19.4081 6.23517 4.96404
      vertex 19.7606 6.97753 4.8991
    endloop
  endfacet
  facet normal -0.903966 0.425977 -0.0372679
    outer loop
      vertex 19.4081 6.23517 4.96404
      vertex 19.7606 6.81138 3
      vertex 19.4081 6.06334 3
    endloop
  endfacet
  facet normal 0.595702 0.800149 -0.0700061
    outer loop
      vertex 7.33321 3.02717 3
      vertex 6.6711 3.71126 5.18486
      vertex 7.33321 3.22207 5.22765
    endloop
  endfacet
  facet normal 0.595707 0.800145 -0.0700035
    outer loop
      vertex 6.6711 3.71126 5.18486
      vertex 7.33321 3.02717 3
      vertex 6.6711 3.52011 3
    endloop
  endfacet
  facet normal 0.803208 -0.593431 0.0519212
    outer loop
      vertex 5.01565 14.8289 4.21219
      vertex 5.50671 15.2706 1.664
      vertex 5.50671 15.4885 4.15448
    endloop
  endfacet
  facet normal 0.803208 -0.593431 0.0519212
    outer loop
      vertex 5.50671 15.2706 1.664
      vertex 5.01565 14.8289 4.21219
      vertex 5.01565 14.611 1.72171
    endloop
  endfacet
  facet normal 0.941545 -0.335606 0.0293551
    outer loop
      vertex 3.9617 12.6089 4.40641
      vertex 4.23941 13.265 3
      vertex 4.23941 13.3821 4.33876
    endloop
  endfacet
  facet normal 0.941543 -0.335613 0.0293516
    outer loop
      vertex 4.23941 13.265 3
      vertex 3.9617 12.6089 4.40641
      vertex 3.9617 12.4859 3
    endloop
  endfacet
  facet normal -0.857734 -0.512138 0.0448085
    outer loop
      vertex 19.4081 14 2.85077
      vertex 18.9843 14.8289 4.21219
      vertex 18.9843 14.611 1.72171
    endloop
  endfacet
  facet normal -0.85774 -0.512127 0.0448164
    outer loop
      vertex 19.4081 14 2.85077
      vertex 18.9843 14.611 1.72171
      vertex 19.3519 14 1.77516
    endloop
  endfacet
  facet normal -0.857736 -0.512134 0.0448057
    outer loop
      vertex 18.9843 14.8289 4.21219
      vertex 19.4081 14 2.85077
      vertex 19.4081 14.1245 4.27382
    endloop
  endfacet
  facet normal -0.941549 -0.335595 0.0293542
    outer loop
      vertex 19.7606 13.265 3
      vertex 20.0383 12.6089 4.40641
      vertex 19.7606 13.3821 4.33876
    endloop
  endfacet
  facet normal -0.941547 -0.335602 0.0293506
    outer loop
      vertex 20.0383 12.6089 4.40641
      vertex 19.7606 13.265 3
      vertex 20.0383 12.4859 3
    endloop
  endfacet
  facet normal 0.671552 0.738138 -0.0645785
    outer loop
      vertex 6.6711 3.52011 3
      vertex 6.0603 4.26274 5.13661
      vertex 6.6711 3.71126 5.18486
    endloop
  endfacet
  facet normal 0.671551 0.738138 -0.064579
    outer loop
      vertex 6.0603 4.26274 5.13661
      vertex 6.6711 3.52011 3
      vertex 6.0603 4.07581 3
    endloop
  endfacet
  facet normal -0.970031 0.242058 -0.0211768
    outer loop
      vertex 20.2386 8.39318 3
      vertex 20.0383 7.75072 4.83145
      vertex 20.2386 8.54731 4.76176
    endloop
  endfacet
  facet normal -0.970031 0.242058 -0.0211771
    outer loop
      vertex 20.0383 7.75072 4.83145
      vertex 20.2386 8.39318 3
      vertex 20.0383 7.59049 3
    endloop
  endfacet
  facet normal -0.989169 0.146225 -0.0127925
    outer loop
      vertex 20.3596 9.21171 3
      vertex 20.2386 8.54731 4.76176
      vertex 20.3596 9.35962 4.69069
    endloop
  endfacet
  facet normal -0.989169 0.146225 -0.0127927
    outer loop
      vertex 20.2386 8.54731 4.76176
      vertex 20.3596 9.21171 3
      vertex 20.2386 8.39318 3
    endloop
  endfacet
  facet normal 0.514101 0.854466 -0.0747576
    outer loop
      vertex 8.04027 2.60176 3
      vertex 7.33321 3.22207 5.22765
      vertex 8.04027 2.79989 5.26459
    endloop
  endfacet
  facet normal 0.514099 0.854467 -0.0747584
    outer loop
      vertex 7.33321 3.22207 5.22765
      vertex 8.04027 2.60176 3
      vertex 7.33321 3.02717 3
    endloop
  endfacet
  facet normal -0.336851 -0.937975 0.0820661
    outer loop
      vertex 14.4384 18.1875 3.91835
      vertex 15.2145 17.693 1.45206
      vertex 15.2145 17.9109 3.94255
    endloop
  endfacet
  facet normal -0.336958 -0.93794 0.0820253
    outer loop
      vertex 15.2145 17.693 1.45206
      vertex 14.4384 18.1875 3.91835
      vertex 14.4384 17.9697 1.42786
    endloop
  endfacet
  facet normal 0.336831 -0.937982 0.0820667
    outer loop
      vertex 8.78546 17.693 1.45206
      vertex 9.56161 18.1875 3.91835
      vertex 8.78546 17.9109 3.94255
    endloop
  endfacet
  facet normal 0.336939 -0.937947 0.0820259
    outer loop
      vertex 9.56161 18.1875 3.91835
      vertex 8.78546 17.693 1.45206
      vertex 9.56161 17.9697 1.42786
    endloop
  endfacet
  facet normal -0.146719 0.985414 -0.0862132
    outer loop
      vertex 12.8233 1.64671 3
      vertex 13.6388 1.97259 5.33697
      vertex 13.6388 1.76813 3
    endloop
  endfacet
  facet normal -0.146721 0.985414 -0.0862123
    outer loop
      vertex 13.6388 1.97259 5.33697
      vertex 12.8233 1.64671 3
      vertex 12.8233 1.85209 5.34751
    endloop
  endfacet
  facet normal -0.857723 0.512155 -0.0448075
    outer loop
      vertex 19.4081 6.06334 3
      vertex 18.9843 5.53081 5.02567
      vertex 19.4081 6.23517 4.96404
    endloop
  endfacet
  facet normal -0.857726 0.512151 -0.0448091
    outer loop
      vertex 18.9843 5.53081 5.02567
      vertex 19.4081 6.06334 3
      vertex 18.9843 5.35358 3
    endloop
  endfacet
  facet normal 0.0490776 -0.994994 0.0870548
    outer loop
      vertex 11.1767 18.2897 1.39986
      vertex 12 18.5479 3.88682
      vertex 11.1767 18.5076 3.89035
    endloop
  endfacet
  facet normal 0.0490776 -0.994994 0.0870548
    outer loop
      vertex 12 18.5479 3.88682
      vertex 11.1767 18.2897 1.39986
      vertex 12 18.33 1.39633
    endloop
  endfacet
  facet normal 0.998795 0.0488849 -0.00427573
    outer loop
      vertex 3.64045 9.35962 4.69069
      vertex 3.6 10.0382 3
      vertex 3.6 10.1798 4.61893
    endloop
  endfacet
  facet normal 0.998795 0.048883 -0.00427652
    outer loop
      vertex 3.6 10.0382 3
      vertex 3.64045 9.35962 4.69069
      vertex 3.64045 9.21171 3
    endloop
  endfacet
  facet normal -0.941547 0.335599 -0.0293609
    outer loop
      vertex 20.0383 7.59049 3
      vertex 19.7606 6.97753 4.8991
      vertex 20.0383 7.75072 4.83145
    endloop
  endfacet
  facet normal -0.941548 0.335598 -0.0293611
    outer loop
      vertex 19.7606 6.97753 4.8991
      vertex 20.0383 7.59049 3
      vertex 19.7606 6.81138 3
    endloop
  endfacet
  facet normal -0.427543 -0.900555 0.0787921
    outer loop
      vertex 15.2145 17.9109 3.94255
      vertex 15.9597 17.3419 1.48278
      vertex 15.9597 17.5598 3.97327
    endloop
  endfacet
  facet normal -0.427543 -0.900555 0.0787921
    outer loop
      vertex 15.9597 17.3419 1.48278
      vertex 15.2145 17.9109 3.94255
      vertex 15.2145 17.693 1.45206
    endloop
  endfacet
  facet normal -0.740908 -0.669051 0.0585372
    outer loop
      vertex 17.9397 15.879 1.61076
      vertex 18.4933 15.4885 4.15448
      vertex 17.9397 16.0969 4.10125
    endloop
  endfacet
  facet normal -0.740908 -0.66905 0.0585373
    outer loop
      vertex 18.4933 15.4885 4.15448
      vertex 17.9397 15.879 1.61076
      vertex 18.4933 15.2706 1.664
    endloop
  endfacet
  facet normal -0.0490776 -0.994994 0.0870548
    outer loop
      vertex 12 18.5479 3.88682
      vertex 12.8233 18.2897 1.39986
      vertex 12.8233 18.5076 3.89035
    endloop
  endfacet
  facet normal -0.0490776 -0.994994 0.0870548
    outer loop
      vertex 12.8233 18.2897 1.39986
      vertex 12 18.5479 3.88682
      vertex 12 18.33 1.39633
    endloop
  endfacet
  facet normal 0.857729 0.512146 -0.0448067
    outer loop
      vertex 5.01565 5.53081 5.02567
      vertex 4.59186 6.06334 3
      vertex 4.59186 6.23517 4.96404
    endloop
  endfacet
  facet normal 0.857731 0.512142 -0.0448083
    outer loop
      vertex 4.59186 6.06334 3
      vertex 5.01565 5.53081 5.02567
      vertex 5.01565 5.35358 3
    endloop
  endfacet
  facet normal 0.146721 0.985414 -0.0862123
    outer loop
      vertex 11.1767 1.64671 3
      vertex 10.3612 1.97259 5.33697
      vertex 11.1767 1.85209 5.34751
    endloop
  endfacet
  facet normal 0.146719 0.985414 -0.0862132
    outer loop
      vertex 10.3612 1.97259 5.33697
      vertex 11.1767 1.64671 3
      vertex 10.3612 1.76813 3
    endloop
  endfacet
  facet normal -0.671551 0.738138 -0.064579
    outer loop
      vertex 17.3289 3.52011 3
      vertex 17.9397 4.26274 5.13661
      vertex 17.9397 4.07581 3
    endloop
  endfacet
  facet normal -0.671552 0.738138 -0.0645785
    outer loop
      vertex 17.9397 4.26274 5.13661
      vertex 17.3289 3.52011 3
      vertex 17.3289 3.71126 5.18486
    endloop
  endfacet
  facet normal 0.0490655 0.994995 -0.087051
    outer loop
      vertex 12 1.60611 3
      vertex 11.1767 1.85209 5.34751
      vertex 12 1.8118 5.35104
    endloop
  endfacet
  facet normal 0.0490669 0.994995 -0.0870505
    outer loop
      vertex 11.1767 1.85209 5.34751
      vertex 12 1.60611 3
      vertex 11.1767 1.64671 3
    endloop
  endfacet
  facet normal 0.740914 -0.669044 0.0585366
    outer loop
      vertex 5.50671 15.4885 4.15448
      vertex 6.0603 15.879 1.61076
      vertex 6.0603 16.0969 4.10125
    endloop
  endfacet
  facet normal 0.740914 -0.669044 0.0585368
    outer loop
      vertex 6.0603 15.879 1.61076
      vertex 5.50671 15.4885 4.15448
      vertex 5.50671 15.2706 1.664
    endloop
  endfacet
  facet normal 0.146721 -0.985413 0.0862166
    outer loop
      vertex 10.3612 18.1692 1.4104
      vertex 11.1767 18.5076 3.89035
      vertex 10.3612 18.3871 3.90089
    endloop
  endfacet
  facet normal 0.146721 -0.985413 0.0862166
    outer loop
      vertex 11.1767 18.5076 3.89035
      vertex 10.3612 18.1692 1.4104
      vertex 11.1767 18.2897 1.39986
    endloop
  endfacet
  facet normal 0.903999 -0.425908 0.0372627
    outer loop
      vertex 4.23941 13.3821 4.33876
      vertex 4.58571 14 3
      vertex 4.59186 14.1245 4.27382
    endloop
  endfacet
  facet normal 0.903993 -0.425922 0.037255
    outer loop
      vertex 4.58571 14 3
      vertex 4.23941 13.3821 4.33876
      vertex 4.23941 13.265 3
    endloop
  endfacet
  facet normal 0.904029 -0.425845 0.0372564
    outer loop
      vertex 4.59186 14.1245 4.27382
      vertex 4.58571 14 3
      vertex 4.59186 14 2.85077
    endloop
  endfacet
  facet normal 0.970024 -0.242085 0.0211719
    outer loop
      vertex 3.7614 11.8124 4.4761
      vertex 3.9617 12.4859 3
      vertex 3.9617 12.6089 4.40641
    endloop
  endfacet
  facet normal 0.970031 -0.242055 0.0211865
    outer loop
      vertex 3.9617 12.4859 3
      vertex 3.7614 11.8124 4.4761
      vertex 3.7614 11.6832 3
    endloop
  endfacet
  facet normal -0.243063 -0.966322 0.0845075
    outer loop
      vertex 13.6388 18.3871 3.90089
      vertex 14.4384 17.9697 1.42786
      vertex 14.4384 18.1875 3.91835
    endloop
  endfacet
  facet normal -0.24295 -0.966347 0.0845485
    outer loop
      vertex 14.4384 17.9697 1.42786
      vertex 13.6388 18.3871 3.90089
      vertex 13.6388 18.1692 1.4104
    endloop
  endfacet
  facet normal 0.970031 0.242058 -0.0211768
    outer loop
      vertex 3.9617 7.75072 4.83145
      vertex 3.7614 8.39318 3
      vertex 3.7614 8.54731 4.76176
    endloop
  endfacet
  facet normal 0.970031 0.242058 -0.0211771
    outer loop
      vertex 3.7614 8.39318 3
      vertex 3.9617 7.75072 4.83145
      vertex 3.9617 7.59049 3
    endloop
  endfacet
  facet normal 0.427558 0.900548 -0.0787863
    outer loop
      vertex 8.78546 2.24797 3
      vertex 8.04027 2.79989 5.26459
      vertex 8.78546 2.44878 5.29531
    endloop
  endfacet
  facet normal 0.42755 0.900552 -0.0787897
    outer loop
      vertex 8.04027 2.79989 5.26459
      vertex 8.78546 2.24797 3
      vertex 8.04027 2.60176 3
    endloop
  endfacet
  facet normal 0.740952 0.669002 -0.0585297
    outer loop
      vertex 6.0603 4.26274 5.13661
      vertex 5.50671 4.68894 3
      vertex 5.50671 4.87121 5.08337
    endloop
  endfacet
  facet normal 0.740954 0.669001 -0.0585303
    outer loop
      vertex 5.50671 4.68894 3
      vertex 6.0603 4.26274 5.13661
      vertex 6.0603 4.07581 3
    endloop
  endfacet
  facet normal -0.427545 0.900554 -0.0787899
    outer loop
      vertex 15.2145 2.24797 3
      vertex 15.9597 2.79989 5.26459
      vertex 15.9597 2.60176 3
    endloop
  endfacet
  facet normal -0.427553 0.90055 -0.0787865
    outer loop
      vertex 15.9597 2.79989 5.26459
      vertex 15.2145 2.24797 3
      vertex 15.2145 2.44878 5.29531
    endloop
  endfacet
  facet normal -0.0490655 0.994995 -0.0870506
    outer loop
      vertex 12.8233 1.64671 3
      vertex 12 1.8118 5.35104
      vertex 12.8233 1.85209 5.34751
    endloop
  endfacet
  facet normal -0.0490669 0.994995 -0.087051
    outer loop
      vertex 12 1.8118 5.35104
      vertex 12.8233 1.64671 3
      vertex 12 1.60611 3
    endloop
  endfacet
  facet normal 0.989177 0.146166 -0.0127873
    outer loop
      vertex 3.7614 8.54731 4.76176
      vertex 3.64045 9.21171 3
      vertex 3.64045 9.35962 4.69069
    endloop
  endfacet
  facet normal 0.989177 0.146166 -0.0127875
    outer loop
      vertex 3.64045 9.21171 3
      vertex 3.7614 8.54731 4.76176
      vertex 3.7614 8.39318 3
    endloop
  endfacet
  facet normal -0.595713 0.800141 -0.0700031
    outer loop
      vertex 16.6668 3.02717 3
      vertex 17.3289 3.71126 5.18486
      vertex 17.3289 3.52011 3
    endloop
  endfacet
  facet normal -0.595708 0.800145 -0.0700057
    outer loop
      vertex 17.3289 3.71126 5.18486
      vertex 16.6668 3.02717 3
      vertex 16.6668 3.22207 5.22765
    endloop
  endfacet
  facet normal 0.803208 0.593432 -0.0519205
    outer loop
      vertex 5.50671 4.87121 5.08337
      vertex 5.01565 5.35358 3
      vertex 5.01565 5.53081 5.02567
    endloop
  endfacet
  facet normal 0.803205 0.593436 -0.0519186
    outer loop
      vertex 5.01565 5.35358 3
      vertex 5.50671 4.87121 5.08337
      vertex 5.50671 4.68894 3
    endloop
  endfacet
  facet normal 0.998795 -0.0488838 0.00427489
    outer loop
      vertex 3.6 10.1798 4.61893
      vertex 3.64045 10.8647 3
      vertex 3.64045 11 4.54717
    endloop
  endfacet
  facet normal 0.998795 -0.0488824 0.0042755
    outer loop
      vertex 3.64045 10.8647 3
      vertex 3.6 10.1798 4.61893
      vertex 3.6 10.0382 3
    endloop
  endfacet
  facet normal -0.740946 0.669009 -0.0585303
    outer loop
      vertex 18.4933 4.68894 3
      vertex 17.9397 4.26274 5.13661
      vertex 18.4933 4.87121 5.08337
    endloop
  endfacet
  facet normal -0.740947 0.669007 -0.0585308
    outer loop
      vertex 17.9397 4.26274 5.13661
      vertex 18.4933 4.68894 3
      vertex 17.9397 4.07581 3
    endloop
  endfacet
  facet normal -0.989171 -0.146209 0.0127974
    outer loop
      vertex 46.2386 11.6832 3
      vertex 46.3596 11 4.54717
      vertex 46.2386 11.8124 4.4761
    endloop
  endfacet
  facet normal -0.989168 -0.14623 0.0127878
    outer loop
      vertex 46.3596 11 4.54717
      vertex 46.2386 11.6832 3
      vertex 46.3596 10.8647 3
    endloop
  endfacet
  facet normal -0.998798 -0.0488235 0.00426962
    outer loop
      vertex 46.3596 10.8647 3
      vertex 46.4 10.1798 4.61893
      vertex 46.3596 11 4.54717
    endloop
  endfacet
  facet normal -0.998798 -0.0488221 0.00427023
    outer loop
      vertex 46.4 10.1798 4.61893
      vertex 46.3596 10.8647 3
      vertex 46.4 10.0382 3
    endloop
  endfacet
  facet normal -0.970024 -0.242085 0.0211719
    outer loop
      vertex 46.0383 12.4859 3
      vertex 46.2386 11.8124 4.4761
      vertex 46.0383 12.6089 4.40641
    endloop
  endfacet
  facet normal -0.970031 -0.242055 0.0211865
    outer loop
      vertex 46.2386 11.8124 4.4761
      vertex 46.0383 12.4859 3
      vertex 46.2386 11.6832 3
    endloop
  endfacet
  facet normal 0.243063 -0.966322 0.0845075
    outer loop
      vertex 35.5616 17.9697 1.42786
      vertex 36.3612 18.3871 3.90089
      vertex 35.5616 18.1875 3.91835
    endloop
  endfacet
  facet normal 0.24295 -0.966347 0.0845485
    outer loop
      vertex 36.3612 18.3871 3.90089
      vertex 35.5616 17.9697 1.42786
      vertex 36.3612 18.1692 1.4104
    endloop
  endfacet
  facet normal 0.903966 0.425977 -0.0372682
    outer loop
      vertex 30.5919 6.23517 4.96404
      vertex 30.2394 6.81138 3
      vertex 30.2394 6.97753 4.8991
    endloop
  endfacet
  facet normal 0.903966 0.425977 -0.0372679
    outer loop
      vertex 30.2394 6.81138 3
      vertex 30.5919 6.23517 4.96404
      vertex 30.5919 6.06334 3
    endloop
  endfacet
  facet normal -0.427545 0.900554 -0.0787899
    outer loop
      vertex 41.2145 2.24797 3
      vertex 41.9597 2.79989 5.26459
      vertex 41.9597 2.60176 3
    endloop
  endfacet
  facet normal -0.427553 0.90055 -0.0787865
    outer loop
      vertex 41.9597 2.79989 5.26459
      vertex 41.2145 2.24797 3
      vertex 41.2145 2.44878 5.29531
    endloop
  endfacet
  facet normal 0.242984 0.966339 -0.0845444
    outer loop
      vertex 36.3612 1.76813 3
      vertex 35.5616 2.17212 5.31951
      vertex 36.3612 1.97259 5.33697
    endloop
  endfacet
  facet normal 0.242987 0.966338 -0.0845433
    outer loop
      vertex 35.5616 2.17212 5.31951
      vertex 36.3612 1.76813 3
      vertex 35.5616 1.96919 3
    endloop
  endfacet
  facet normal -0.514077 0.85448 -0.0747595
    outer loop
      vertex 41.9597 2.60176 3
      vertex 42.6668 3.22207 5.22765
      vertex 42.6668 3.02717 3
    endloop
  endfacet
  facet normal -0.514079 0.854479 -0.0747587
    outer loop
      vertex 42.6668 3.22207 5.22765
      vertex 41.9597 2.60176 3
      vertex 41.9597 2.79989 5.26459
    endloop
  endfacet
  facet normal 0.336915 0.937952 -0.0820599
    outer loop
      vertex 35.5616 1.96919 3
      vertex 34.7855 2.44878 5.29531
      vertex 35.5616 2.17212 5.31951
    endloop
  endfacet
  facet normal 0.336918 0.937951 -0.0820586
    outer loop
      vertex 34.7855 2.44878 5.29531
      vertex 35.5616 1.96919 3
      vertex 34.7855 2.24797 3
    endloop
  endfacet
  facet normal -0.336918 0.937951 -0.0820586
    outer loop
      vertex 40.4384 1.96919 3
      vertex 41.2145 2.44878 5.29531
      vertex 41.2145 2.24797 3
    endloop
  endfacet
  facet normal -0.336915 0.937952 -0.0820599
    outer loop
      vertex 41.2145 2.44878 5.29531
      vertex 40.4384 1.96919 3
      vertex 40.4384 2.17212 5.31951
    endloop
  endfacet
  facet normal 0.671565 -0.738125 0.0645807
    outer loop
      vertex 32.0603 15.879 1.61076
      vertex 32.6711 16.6484 4.053
      vertex 32.0603 16.0969 4.10125
    endloop
  endfacet
  facet normal 0.671565 -0.738126 0.064581
    outer loop
      vertex 32.6711 16.6484 4.053
      vertex 32.0603 15.879 1.61076
      vertex 32.6711 16.4305 1.56252
    endloop
  endfacet
  facet normal -0.242987 0.966338 -0.0845433
    outer loop
      vertex 39.6388 1.76813 3
      vertex 40.4384 2.17212 5.31951
      vertex 40.4384 1.96919 3
    endloop
  endfacet
  facet normal -0.242984 0.966339 -0.0845444
    outer loop
      vertex 40.4384 2.17212 5.31951
      vertex 39.6388 1.76813 3
      vertex 39.6388 1.97259 5.33697
    endloop
  endfacet
  facet normal 0.857736 -0.512134 0.0448057
    outer loop
      vertex 30.5919 14 2.85077
      vertex 31.0157 14.8289 4.21219
      vertex 30.5919 14.1245 4.27382
    endloop
  endfacet
  facet normal 0.857734 -0.512138 0.0448085
    outer loop
      vertex 31.0157 14.8289 4.21219
      vertex 30.5919 14 2.85077
      vertex 31.0157 14.611 1.72171
    endloop
  endfacet
  facet normal 0.85774 -0.512127 0.0448164
    outer loop
      vertex 31.0157 14.611 1.72171
      vertex 30.5919 14 2.85077
      vertex 30.6481 14 1.77516
    endloop
  endfacet
  facet normal 0.989171 -0.146209 0.0127974
    outer loop
      vertex 29.6404 11 4.54717
      vertex 29.7614 11.6832 3
      vertex 29.7614 11.8124 4.4761
    endloop
  endfacet
  facet normal 0.989168 -0.14623 0.0127878
    outer loop
      vertex 29.7614 11.6832 3
      vertex 29.6404 11 4.54717
      vertex 29.6404 10.8647 3
    endloop
  endfacet
  facet normal -0.902683 -0.428669 0.0375034
    outer loop
      vertex 45.4143 14 3
      vertex 45.4081 14.1245 4.27382
      vertex 45.4081 14 2.85077
    endloop
  endfacet
  facet normal -0.903975 -0.425961 0.0372325
    outer loop
      vertex 45.4143 14 3
      vertex 45.7606 13.3821 4.33876
      vertex 45.4081 14.1245 4.27382
    endloop
  endfacet
  facet normal -0.903993 -0.425922 0.037255
    outer loop
      vertex 45.7606 13.3821 4.33876
      vertex 45.4143 14 3
      vertex 45.7606 13.265 3
    endloop
  endfacet
  facet normal -0.803243 0.593385 -0.0519165
    outer loop
      vertex 44.9843 5.35358 3
      vertex 44.4933 4.87121 5.08337
      vertex 44.9843 5.53081 5.02567
    endloop
  endfacet
  facet normal -0.803239 0.59339 -0.0519145
    outer loop
      vertex 44.4933 4.87121 5.08337
      vertex 44.9843 5.35358 3
      vertex 44.4933 4.68894 3
    endloop
  endfacet
  facet normal 0.595716 -0.800138 0.0700066
    outer loop
      vertex 32.6711 16.4305 1.56252
      vertex 33.3332 17.1376 4.0102
      vertex 32.6711 16.6484 4.053
    endloop
  endfacet
  facet normal 0.595716 -0.800138 0.0700066
    outer loop
      vertex 33.3332 17.1376 4.0102
      vertex 32.6711 16.4305 1.56252
      vertex 33.3332 16.9197 1.51972
    endloop
  endfacet
  facet normal -0.595716 -0.800138 0.0700066
    outer loop
      vertex 42.6668 17.1376 4.0102
      vertex 43.3289 16.4305 1.56252
      vertex 43.3289 16.6484 4.053
    endloop
  endfacet
  facet normal -0.595716 -0.800138 0.0700066
    outer loop
      vertex 43.3289 16.4305 1.56252
      vertex 42.6668 17.1376 4.0102
      vertex 42.6668 16.9197 1.51972
    endloop
  endfacet
  facet normal -0.146721 -0.985413 0.0862166
    outer loop
      vertex 38.8233 18.5076 3.89035
      vertex 39.6388 18.1692 1.4104
      vertex 39.6388 18.3871 3.90089
    endloop
  endfacet
  facet normal -0.146721 -0.985413 0.0862166
    outer loop
      vertex 39.6388 18.1692 1.4104
      vertex 38.8233 18.5076 3.89035
      vertex 38.8233 18.2897 1.39986
    endloop
  endfacet
  facet normal -0.803243 -0.593384 0.0519171
    outer loop
      vertex 44.4933 15.2706 1.664
      vertex 44.9843 14.8289 4.21219
      vertex 44.4933 15.4885 4.15448
    endloop
  endfacet
  facet normal -0.803243 -0.593384 0.0519171
    outer loop
      vertex 44.9843 14.8289 4.21219
      vertex 44.4933 15.2706 1.664
      vertex 44.9843 14.611 1.72171
    endloop
  endfacet
  facet normal 0.514096 -0.854468 0.0747601
    outer loop
      vertex 33.3332 16.9197 1.51972
      vertex 34.0403 17.5598 3.97327
      vertex 33.3332 17.1376 4.0102
    endloop
  endfacet
  facet normal 0.514097 -0.854468 0.0747598
    outer loop
      vertex 34.0403 17.5598 3.97327
      vertex 33.3332 16.9197 1.51972
      vertex 34.0403 17.3419 1.48278
    endloop
  endfacet
  facet normal 0.146721 -0.985413 0.0862166
    outer loop
      vertex 36.3612 18.1692 1.4104
      vertex 37.1767 18.5076 3.89035
      vertex 36.3612 18.3871 3.90089
    endloop
  endfacet
  facet normal 0.146721 -0.985413 0.0862166
    outer loop
      vertex 37.1767 18.5076 3.89035
      vertex 36.3612 18.1692 1.4104
      vertex 37.1767 18.2897 1.39986
    endloop
  endfacet
  facet normal -0.514096 -0.854468 0.0747601
    outer loop
      vertex 41.9597 17.5598 3.97327
      vertex 42.6668 16.9197 1.51972
      vertex 42.6668 17.1376 4.0102
    endloop
  endfacet
  facet normal -0.514097 -0.854468 0.0747598
    outer loop
      vertex 42.6668 16.9197 1.51972
      vertex 41.9597 17.5598 3.97327
      vertex 41.9597 17.3419 1.48278
    endloop
  endfacet
  facet normal -0.671565 -0.738125 0.0645807
    outer loop
      vertex 43.3289 16.6484 4.053
      vertex 43.9397 15.879 1.61076
      vertex 43.9397 16.0969 4.10125
    endloop
  endfacet
  facet normal -0.671565 -0.738126 0.064581
    outer loop
      vertex 43.9397 15.879 1.61076
      vertex 43.3289 16.6484 4.053
      vertex 43.3289 16.4305 1.56252
    endloop
  endfacet
  facet normal 0.941547 0.335599 -0.0293609
    outer loop
      vertex 30.2394 6.97753 4.8991
      vertex 29.9617 7.59049 3
      vertex 29.9617 7.75072 4.83145
    endloop
  endfacet
  facet normal 0.941548 0.335598 -0.0293611
    outer loop
      vertex 29.9617 7.59049 3
      vertex 30.2394 6.97753 4.8991
      vertex 30.2394 6.81138 3
    endloop
  endfacet
  facet normal -0.998798 0.0488246 -0.00427046
    outer loop
      vertex 46.4 10.0382 3
      vertex 46.3596 9.35962 4.69069
      vertex 46.4 10.1798 4.61893
    endloop
  endfacet
  facet normal -0.998798 0.0488227 -0.00427125
    outer loop
      vertex 46.3596 9.35962 4.69069
      vertex 46.4 10.0382 3
      vertex 46.3596 9.21171 3
    endloop
  endfacet
  facet normal 0.427543 -0.900555 0.0787921
    outer loop
      vertex 34.0403 17.3419 1.48278
      vertex 34.7855 17.9109 3.94255
      vertex 34.0403 17.5598 3.97327
    endloop
  endfacet
  facet normal 0.427543 -0.900555 0.0787921
    outer loop
      vertex 34.7855 17.9109 3.94255
      vertex 34.0403 17.3419 1.48278
      vertex 34.7855 17.693 1.45206
    endloop
  endfacet
  facet normal -0.903966 0.425977 -0.0372682
    outer loop
      vertex 45.7606 6.81138 3
      vertex 45.4081 6.23517 4.96404
      vertex 45.7606 6.97753 4.8991
    endloop
  endfacet
  facet normal -0.903966 0.425977 -0.0372679
    outer loop
      vertex 45.4081 6.23517 4.96404
      vertex 45.7606 6.81138 3
      vertex 45.4081 6.06334 3
    endloop
  endfacet
  facet normal 0.595708 0.800145 -0.0700057
    outer loop
      vertex 33.3332 3.02717 3
      vertex 32.6711 3.71126 5.18486
      vertex 33.3332 3.22207 5.22765
    endloop
  endfacet
  facet normal 0.595713 0.800141 -0.0700031
    outer loop
      vertex 32.6711 3.71126 5.18486
      vertex 33.3332 3.02717 3
      vertex 32.6711 3.52011 3
    endloop
  endfacet
  facet normal 0.803243 -0.593384 0.0519171
    outer loop
      vertex 31.0157 14.8289 4.21219
      vertex 31.5067 15.2706 1.664
      vertex 31.5067 15.4885 4.15448
    endloop
  endfacet
  facet normal 0.803243 -0.593384 0.0519171
    outer loop
      vertex 31.5067 15.2706 1.664
      vertex 31.0157 14.8289 4.21219
      vertex 31.0157 14.611 1.72171
    endloop
  endfacet
  facet normal 0.941549 -0.335595 0.0293542
    outer loop
      vertex 29.9617 12.6089 4.40641
      vertex 30.2394 13.265 3
      vertex 30.2394 13.3821 4.33876
    endloop
  endfacet
  facet normal 0.941547 -0.335602 0.0293506
    outer loop
      vertex 30.2394 13.265 3
      vertex 29.9617 12.6089 4.40641
      vertex 29.9617 12.4859 3
    endloop
  endfacet
  facet normal -0.857734 -0.512138 0.0448085
    outer loop
      vertex 45.4081 14 2.85077
      vertex 44.9843 14.8289 4.21219
      vertex 44.9843 14.611 1.72171
    endloop
  endfacet
  facet normal -0.85774 -0.512127 0.0448164
    outer loop
      vertex 45.4081 14 2.85077
      vertex 44.9843 14.611 1.72171
      vertex 45.3519 14 1.77516
    endloop
  endfacet
  facet normal -0.857736 -0.512134 0.0448057
    outer loop
      vertex 44.9843 14.8289 4.21219
      vertex 45.4081 14 2.85077
      vertex 45.4081 14.1245 4.27382
    endloop
  endfacet
  facet normal -0.941549 -0.335595 0.0293542
    outer loop
      vertex 45.7606 13.265 3
      vertex 46.0383 12.6089 4.40641
      vertex 45.7606 13.3821 4.33876
    endloop
  endfacet
  facet normal -0.941547 -0.335602 0.0293506
    outer loop
      vertex 46.0383 12.6089 4.40641
      vertex 45.7606 13.265 3
      vertex 46.0383 12.4859 3
    endloop
  endfacet
  facet normal 0.671552 0.738138 -0.0645785
    outer loop
      vertex 32.6711 3.52011 3
      vertex 32.0603 4.26274 5.13661
      vertex 32.6711 3.71126 5.18486
    endloop
  endfacet
  facet normal 0.671551 0.738138 -0.064579
    outer loop
      vertex 32.0603 4.26274 5.13661
      vertex 32.6711 3.52011 3
      vertex 32.0603 4.07581 3
    endloop
  endfacet
  facet normal -0.970031 0.242058 -0.0211768
    outer loop
      vertex 46.2386 8.39318 3
      vertex 46.0383 7.75072 4.83145
      vertex 46.2386 8.54731 4.76176
    endloop
  endfacet
  facet normal -0.970031 0.242058 -0.0211771
    outer loop
      vertex 46.0383 7.75072 4.83145
      vertex 46.2386 8.39318 3
      vertex 46.0383 7.59049 3
    endloop
  endfacet
  facet normal -0.989169 0.146225 -0.0127925
    outer loop
      vertex 46.3596 9.21171 3
      vertex 46.2386 8.54731 4.76176
      vertex 46.3596 9.35962 4.69069
    endloop
  endfacet
  facet normal -0.989169 0.146225 -0.0127927
    outer loop
      vertex 46.2386 8.54731 4.76176
      vertex 46.3596 9.21171 3
      vertex 46.2386 8.39318 3
    endloop
  endfacet
  facet normal 0.514079 0.854479 -0.0747587
    outer loop
      vertex 34.0403 2.60176 3
      vertex 33.3332 3.22207 5.22765
      vertex 34.0403 2.79989 5.26459
    endloop
  endfacet
  facet normal 0.514077 0.85448 -0.0747595
    outer loop
      vertex 33.3332 3.22207 5.22765
      vertex 34.0403 2.60176 3
      vertex 33.3332 3.02717 3
    endloop
  endfacet
  facet normal -0.336851 -0.937975 0.0820661
    outer loop
      vertex 40.4384 18.1875 3.91835
      vertex 41.2145 17.693 1.45206
      vertex 41.2145 17.9109 3.94255
    endloop
  endfacet
  facet normal -0.336958 -0.93794 0.0820253
    outer loop
      vertex 41.2145 17.693 1.45206
      vertex 40.4384 18.1875 3.91835
      vertex 40.4384 17.9697 1.42786
    endloop
  endfacet
  facet normal 0.336851 -0.937975 0.0820661
    outer loop
      vertex 34.7855 17.693 1.45206
      vertex 35.5616 18.1875 3.91835
      vertex 34.7855 17.9109 3.94255
    endloop
  endfacet
  facet normal 0.336958 -0.93794 0.0820253
    outer loop
      vertex 35.5616 18.1875 3.91835
      vertex 34.7855 17.693 1.45206
      vertex 35.5616 17.9697 1.42786
    endloop
  endfacet
  facet normal -0.146719 0.985414 -0.0862132
    outer loop
      vertex 38.8233 1.64671 3
      vertex 39.6388 1.97259 5.33697
      vertex 39.6388 1.76813 3
    endloop
  endfacet
  facet normal -0.146721 0.985414 -0.0862123
    outer loop
      vertex 39.6388 1.97259 5.33697
      vertex 38.8233 1.64671 3
      vertex 38.8233 1.85209 5.34751
    endloop
  endfacet
  facet normal -0.857723 0.512155 -0.0448075
    outer loop
      vertex 45.4081 6.06334 3
      vertex 44.9843 5.53081 5.02567
      vertex 45.4081 6.23517 4.96404
    endloop
  endfacet
  facet normal -0.857726 0.512151 -0.0448091
    outer loop
      vertex 44.9843 5.53081 5.02567
      vertex 45.4081 6.06334 3
      vertex 44.9843 5.35358 3
    endloop
  endfacet
  facet normal 0.0490776 -0.994994 0.0870548
    outer loop
      vertex 37.1767 18.2897 1.39986
      vertex 38 18.5479 3.88682
      vertex 37.1767 18.5076 3.89035
    endloop
  endfacet
  facet normal 0.0490776 -0.994994 0.0870548
    outer loop
      vertex 38 18.5479 3.88682
      vertex 37.1767 18.2897 1.39986
      vertex 38 18.33 1.39633
    endloop
  endfacet
  facet normal 0.998798 0.0488246 -0.00427046
    outer loop
      vertex 29.6404 9.35962 4.69069
      vertex 29.6 10.0382 3
      vertex 29.6 10.1798 4.61893
    endloop
  endfacet
  facet normal 0.998798 0.0488227 -0.00427125
    outer loop
      vertex 29.6 10.0382 3
      vertex 29.6404 9.35962 4.69069
      vertex 29.6404 9.21171 3
    endloop
  endfacet
  facet normal -0.941547 0.335599 -0.0293609
    outer loop
      vertex 46.0383 7.59049 3
      vertex 45.7606 6.97753 4.8991
      vertex 46.0383 7.75072 4.83145
    endloop
  endfacet
  facet normal -0.941548 0.335598 -0.0293611
    outer loop
      vertex 45.7606 6.97753 4.8991
      vertex 46.0383 7.59049 3
      vertex 45.7606 6.81138 3
    endloop
  endfacet
  facet normal -0.427543 -0.900555 0.0787921
    outer loop
      vertex 41.2145 17.9109 3.94255
      vertex 41.9597 17.3419 1.48278
      vertex 41.9597 17.5598 3.97327
    endloop
  endfacet
  facet normal -0.427543 -0.900555 0.0787921
    outer loop
      vertex 41.9597 17.3419 1.48278
      vertex 41.2145 17.9109 3.94255
      vertex 41.2145 17.693 1.45206
    endloop
  endfacet
  facet normal -0.740908 -0.669051 0.0585372
    outer loop
      vertex 43.9397 15.879 1.61076
      vertex 44.4933 15.4885 4.15448
      vertex 43.9397 16.0969 4.10125
    endloop
  endfacet
  facet normal -0.740908 -0.66905 0.0585373
    outer loop
      vertex 44.4933 15.4885 4.15448
      vertex 43.9397 15.879 1.61076
      vertex 44.4933 15.2706 1.664
    endloop
  endfacet
  facet normal -0.0490776 -0.994994 0.0870548
    outer loop
      vertex 38 18.5479 3.88682
      vertex 38.8233 18.2897 1.39986
      vertex 38.8233 18.5076 3.89035
    endloop
  endfacet
  facet normal -0.0490776 -0.994994 0.0870548
    outer loop
      vertex 38.8233 18.2897 1.39986
      vertex 38 18.5479 3.88682
      vertex 38 18.33 1.39633
    endloop
  endfacet
  facet normal 0.857723 0.512155 -0.0448075
    outer loop
      vertex 31.0157 5.53081 5.02567
      vertex 30.5919 6.06334 3
      vertex 30.5919 6.23517 4.96404
    endloop
  endfacet
  facet normal 0.857726 0.512151 -0.0448091
    outer loop
      vertex 30.5919 6.06334 3
      vertex 31.0157 5.53081 5.02567
      vertex 31.0157 5.35358 3
    endloop
  endfacet
  facet normal 0.146721 0.985414 -0.0862123
    outer loop
      vertex 37.1767 1.64671 3
      vertex 36.3612 1.97259 5.33697
      vertex 37.1767 1.85209 5.34751
    endloop
  endfacet
  facet normal 0.146719 0.985414 -0.0862132
    outer loop
      vertex 36.3612 1.97259 5.33697
      vertex 37.1767 1.64671 3
      vertex 36.3612 1.76813 3
    endloop
  endfacet
  facet normal -0.671551 0.738138 -0.064579
    outer loop
      vertex 43.3289 3.52011 3
      vertex 43.9397 4.26274 5.13661
      vertex 43.9397 4.07581 3
    endloop
  endfacet
  facet normal -0.671552 0.738138 -0.0645785
    outer loop
      vertex 43.9397 4.26274 5.13661
      vertex 43.3289 3.52011 3
      vertex 43.3289 3.71126 5.18486
    endloop
  endfacet
  facet normal 0.0490655 0.994995 -0.087051
    outer loop
      vertex 38 1.60611 3
      vertex 37.1767 1.85209 5.34751
      vertex 38 1.8118 5.35104
    endloop
  endfacet
  facet normal 0.0490669 0.994995 -0.0870505
    outer loop
      vertex 37.1767 1.85209 5.34751
      vertex 38 1.60611 3
      vertex 37.1767 1.64671 3
    endloop
  endfacet
  facet normal 0.740908 -0.669051 0.0585372
    outer loop
      vertex 31.5067 15.4885 4.15448
      vertex 32.0603 15.879 1.61076
      vertex 32.0603 16.0969 4.10125
    endloop
  endfacet
  facet normal 0.740908 -0.66905 0.0585373
    outer loop
      vertex 32.0603 15.879 1.61076
      vertex 31.5067 15.4885 4.15448
      vertex 31.5067 15.2706 1.664
    endloop
  endfacet
  facet normal 0.903975 -0.425961 0.0372325
    outer loop
      vertex 30.2394 13.3821 4.33876
      vertex 30.5857 14 3
      vertex 30.5919 14.1245 4.27382
    endloop
  endfacet
  facet normal 0.903993 -0.425922 0.037255
    outer loop
      vertex 30.5857 14 3
      vertex 30.2394 13.3821 4.33876
      vertex 30.2394 13.265 3
    endloop
  endfacet
  facet normal 0.902683 -0.428669 0.0375034
    outer loop
      vertex 30.5919 14.1245 4.27382
      vertex 30.5857 14 3
      vertex 30.5919 14 2.85077
    endloop
  endfacet
  facet normal 0.970024 -0.242085 0.0211719
    outer loop
      vertex 29.7614 11.8124 4.4761
      vertex 29.9617 12.4859 3
      vertex 29.9617 12.6089 4.40641
    endloop
  endfacet
  facet normal 0.970031 -0.242055 0.0211865
    outer loop
      vertex 29.9617 12.4859 3
      vertex 29.7614 11.8124 4.4761
      vertex 29.7614 11.6832 3
    endloop
  endfacet
  facet normal -0.243063 -0.966322 0.0845075
    outer loop
      vertex 39.6388 18.3871 3.90089
      vertex 40.4384 17.9697 1.42786
      vertex 40.4384 18.1875 3.91835
    endloop
  endfacet
  facet normal -0.24295 -0.966347 0.0845485
    outer loop
      vertex 40.4384 17.9697 1.42786
      vertex 39.6388 18.3871 3.90089
      vertex 39.6388 18.1692 1.4104
    endloop
  endfacet
  facet normal 0.970031 0.242058 -0.0211768
    outer loop
      vertex 29.9617 7.75072 4.83145
      vertex 29.7614 8.39318 3
      vertex 29.7614 8.54731 4.76176
    endloop
  endfacet
  facet normal 0.970031 0.242058 -0.0211771
    outer loop
      vertex 29.7614 8.39318 3
      vertex 29.9617 7.75072 4.83145
      vertex 29.9617 7.59049 3
    endloop
  endfacet
  facet normal 0.427553 0.90055 -0.0787865
    outer loop
      vertex 34.7855 2.24797 3
      vertex 34.0403 2.79989 5.26459
      vertex 34.7855 2.44878 5.29531
    endloop
  endfacet
  facet normal 0.427545 0.900554 -0.0787899
    outer loop
      vertex 34.0403 2.79989 5.26459
      vertex 34.7855 2.24797 3
      vertex 34.0403 2.60176 3
    endloop
  endfacet
  facet normal 0.740946 0.669009 -0.0585303
    outer loop
      vertex 32.0603 4.26274 5.13661
      vertex 31.5067 4.68894 3
      vertex 31.5067 4.87121 5.08337
    endloop
  endfacet
  facet normal 0.740947 0.669007 -0.0585308
    outer loop
      vertex 31.5067 4.68894 3
      vertex 32.0603 4.26274 5.13661
      vertex 32.0603 4.07581 3
    endloop
  endfacet
  facet normal -0.0490655 0.994995 -0.0870506
    outer loop
      vertex 38.8233 1.64671 3
      vertex 38 1.8118 5.35104
      vertex 38.8233 1.85209 5.34751
    endloop
  endfacet
  facet normal -0.0490669 0.994995 -0.087051
    outer loop
      vertex 38 1.8118 5.35104
      vertex 38.8233 1.64671 3
      vertex 38 1.60611 3
    endloop
  endfacet
  facet normal 0.989169 0.146225 -0.0127925
    outer loop
      vertex 29.7614 8.54731 4.76176
      vertex 29.6404 9.21171 3
      vertex 29.6404 9.35962 4.69069
    endloop
  endfacet
  facet normal 0.989169 0.146225 -0.0127927
    outer loop
      vertex 29.6404 9.21171 3
      vertex 29.7614 8.54731 4.76176
      vertex 29.7614 8.39318 3
    endloop
  endfacet
  facet normal -0.595713 0.800141 -0.0700031
    outer loop
      vertex 42.6668 3.02717 3
      vertex 43.3289 3.71126 5.18486
      vertex 43.3289 3.52011 3
    endloop
  endfacet
  facet normal -0.595708 0.800145 -0.0700057
    outer loop
      vertex 43.3289 3.71126 5.18486
      vertex 42.6668 3.02717 3
      vertex 42.6668 3.22207 5.22765
    endloop
  endfacet
  facet normal 0.803243 0.593385 -0.0519165
    outer loop
      vertex 31.5067 4.87121 5.08337
      vertex 31.0157 5.35358 3
      vertex 31.0157 5.53081 5.02567
    endloop
  endfacet
  facet normal 0.803239 0.59339 -0.0519145
    outer loop
      vertex 31.0157 5.35358 3
      vertex 31.5067 4.87121 5.08337
      vertex 31.5067 4.68894 3
    endloop
  endfacet
  facet normal 0.998798 -0.0488235 0.00426962
    outer loop
      vertex 29.6 10.1798 4.61893
      vertex 29.6404 10.8647 3
      vertex 29.6404 11 4.54717
    endloop
  endfacet
  facet normal 0.998798 -0.0488221 0.00427023
    outer loop
      vertex 29.6404 10.8647 3
      vertex 29.6 10.1798 4.61893
      vertex 29.6 10.0382 3
    endloop
  endfacet
  facet normal -0.740946 0.669009 -0.0585303
    outer loop
      vertex 44.4933 4.68894 3
      vertex 43.9397 4.26274 5.13661
      vertex 44.4933 4.87121 5.08337
    endloop
  endfacet
  facet normal -0.740947 0.669007 -0.0585308
    outer loop
      vertex 43.9397 4.26274 5.13661
      vertex 44.4933 4.68894 3
      vertex 43.9397 4.07581 3
    endloop
  endfacet
  facet normal 1 0 0
    outer loop
      vertex 49.8 22.8775 8.62751
      vertex 49.8 14 3
      vertex 49.8 22.2151 1.05643
    endloop
  endfacet
  facet normal 1 0 0
    outer loop
      vertex 49.8 -1.33001 10.7454
      vertex 49.8 14 3
      vertex 49.8 22.8775 8.62751
    endloop
  endfacet
  facet normal 1 0 0
    outer loop
      vertex 49.8 14 3
      vertex 49.8 -1.33001 10.7454
      vertex 49.8 0 3
    endloop
  endfacet
  facet normal 1 0 0
    outer loop
      vertex 49.8 0 3
      vertex 49.8 -1.33001 10.7454
      vertex 49.8 -1.99239 3.17431
    endloop
  endfacet
  facet normal 1 0 0
    outer loop
      vertex 49.8 22.2151 1.05643
      vertex 49.8 14 3
      vertex 49.8 14 1.77516
    endloop
  endfacet
  facet normal 0 0.0871501 0.996195
    outer loop
      vertex 2.5 4.64716 10.2225
      vertex 0.5 4.64716 10.2225
      vertex 2.5 0.662384 10.5711
    endloop
  endfacet
  facet normal 4.52939e-06 0.0871173 0.996198
    outer loop
      vertex 19 22.8775 8.62751
      vertex 2.5 20.8851 8.80182
      vertex 19 22.7779 8.63622
    endloop
  endfacet
  facet normal -0 0.0871545 0.996195
    outer loop
      vertex 0.5 22.8775 8.62751
      vertex 2.5 20.8851 8.80182
      vertex 19 22.8775 8.62751
    endloop
  endfacet
  facet normal 1.3835e-06 0.0871559 0.996195
    outer loop
      vertex 0.5 16.6015 9.17659
      vertex 2.5 20.8851 8.80182
      vertex 0.5 22.8775 8.62751
    endloop
  endfacet
  facet normal 0 0.0871566 0.996195
    outer loop
      vertex 2.5 20.8851 8.80182
      vertex 0.5 16.6015 9.17659
      vertex 2.5 16.6015 9.17659
    endloop
  endfacet
  facet normal -1.5014e-06 0.087156 0.996195
    outer loop
      vertex 49.8 22.8775 8.62751
      vertex 47.8 20.8851 8.80182
      vertex 49.8 -1.33001 10.7454
    endloop
  endfacet
  facet normal -0 0.0871545 0.996195
    outer loop
      vertex 31 22.8775 8.62751
      vertex 47.8 20.8851 8.80182
      vertex 49.8 22.8775 8.62751
    endloop
  endfacet
  facet normal -4.4485e-06 0.0871173 0.996198
    outer loop
      vertex 31 22.7779 8.63622
      vertex 47.8 20.8851 8.80182
      vertex 31 22.8775 8.62751
    endloop
  endfacet
  facet normal -0 0.0871565 0.996195
    outer loop
      vertex 19 22.7779 8.63622
      vertex 47.8 20.8851 8.80182
      vertex 31 22.7779 8.63622
    endloop
  endfacet
  facet normal 0 0.0871565 0.996195
    outer loop
      vertex 47.8 20.8851 8.80182
      vertex 19 22.7779 8.63622
      vertex 2.5 20.8851 8.80182
    endloop
  endfacet
  facet normal 6.98172e-06 0.0871568 0.996195
    outer loop
      vertex 47.8 0.662384 10.5711
      vertex 49.8 -1.33001 10.7454
      vertex 47.8 20.8851 8.80182
    endloop
  endfacet
  facet normal -0 0.0871498 0.996195
    outer loop
      vertex 2.5 0.662384 10.5711
      vertex 49.8 -1.33001 10.7454
      vertex 47.8 0.662384 10.5711
    endloop
  endfacet
  facet normal 0 0.0871498 0.996195
    outer loop
      vertex 2.5 0.662384 10.5711
      vertex 0.5 -1.33001 10.7454
      vertex 49.8 -1.33001 10.7454
    endloop
  endfacet
  facet normal -1.743e-07 0.08715 0.996195
    outer loop
      vertex 0.5 -1.33001 10.7454
      vertex 2.5 0.662384 10.5711
      vertex 0.5 4.64716 10.2225
    endloop
  endfacet
  facet normal -4.41789e-06 -0.0871625 -0.996194
    outer loop
      vertex 19.5961 15.5245 1.64178
      vertex 18.4933 15.2706 1.664
      vertex 19.5241 16.0099 1.59931
    endloop
  endfacet
  facet normal -4.3761e-06 -0.0871627 -0.996194
    outer loop
      vertex 18.4933 15.2706 1.664
      vertex 19.5961 15.5245 1.64178
      vertex 18.9843 14.611 1.72171
    endloop
  endfacet
  facet normal -1.36214e-06 -0.0871647 -0.996194
    outer loop
      vertex 19.7153 15.0486 1.68342
      vertex 18.9843 14.611 1.72171
      vertex 19.5961 15.5245 1.64178
    endloop
  endfacet
  facet normal -5.31553e-06 -0.0871581 -0.996194
    outer loop
      vertex 19.8806 14.5866 1.72384
      vertex 18.9843 14.611 1.72171
      vertex 19.7153 15.0486 1.68342
    endloop
  endfacet
  facet normal -5.08574e-06 -0.0871498 -0.996195
    outer loop
      vertex 18.9843 14.611 1.72171
      vertex 19.8806 14.5866 1.72384
      vertex 19.3519 14 1.77516
    endloop
  endfacet
  facet normal 1.0976e-06 -0.0871553 -0.996195
    outer loop
      vertex 20.0904 14.143 1.76265
      vertex 19.3519 14 1.77516
      vertex 19.8806 14.5866 1.72384
    endloop
  endfacet
  facet normal 0 -0.0871497 -0.996195
    outer loop
      vertex 19.3519 14 1.77516
      vertex 20.0904 14.143 1.76265
      vertex 20.1761 14 1.77516
    endloop
  endfacet
  facet normal 1.0598e-05 -0.0871397 -0.996196
    outer loop
      vertex 31.5067 15.2706 1.664
      vertex 29.4759 16.0099 1.59931
      vertex 29.5 16.5 1.55644
    endloop
  endfacet
  facet normal 1.96974e-06 -0.0871621 -0.996194
    outer loop
      vertex 31.0157 14.611 1.72171
      vertex 29.4039 15.5245 1.64178
      vertex 29.4759 16.0099 1.59931
    endloop
  endfacet
  facet normal 6.22092e-07 -0.0871645 -0.996194
    outer loop
      vertex 31.0157 14.611 1.72171
      vertex 29.2847 15.0486 1.68342
      vertex 29.4039 15.5245 1.64178
    endloop
  endfacet
  facet normal -6.5981e-07 -0.087156 -0.996195
    outer loop
      vertex 30.6481 14 1.77516
      vertex 29.1194 14.5866 1.72384
      vertex 29.2847 15.0486 1.68342
    endloop
  endfacet
  facet normal -4.89891e-07 -0.0871556 -0.996195
    outer loop
      vertex 30.6481 14 1.77516
      vertex 28.9096 14.143 1.76265
      vertex 29.1194 14.5866 1.72384
    endloop
  endfacet
  facet normal 0 -0.0871497 -0.996195
    outer loop
      vertex 28.9096 14.143 1.76265
      vertex 30.6481 14 1.77516
      vertex 28.8239 14 1.77516
    endloop
  endfacet
  facet normal 0 -0.0871467 -0.996195
    outer loop
      vertex 44.9843 14.611 1.72171
      vertex 49.8 14 1.77516
      vertex 45.3519 14 1.77516
    endloop
  endfacet
  facet normal -1.79745e-06 -0.0871608 -0.996194
    outer loop
      vertex 44.4933 15.2706 1.664
      vertex 49.8 14 1.77516
      vertex 44.9843 14.611 1.72171
    endloop
  endfacet
  facet normal -6.35763e-07 -0.087156 -0.996195
    outer loop
      vertex 49.8 14 1.77516
      vertex 44.4933 15.2706 1.664
      vertex 49.8 22.2151 1.05643
    endloop
  endfacet
  facet normal 1.121e-05 -0.087165 -0.996194
    outer loop
      vertex 43.9397 15.879 1.61076
      vertex 49.8 22.2151 1.05643
      vertex 44.4933 15.2706 1.664
    endloop
  endfacet
  facet normal -8.35034e-06 -0.087147 -0.996195
    outer loop
      vertex 43.3289 16.4305 1.56252
      vertex 49.8 22.2151 1.05643
      vertex 43.9397 15.879 1.61076
    endloop
  endfacet
  facet normal 2.35248e-07 -0.0871565 -0.996195
    outer loop
      vertex 42.6668 16.9197 1.51972
      vertex 49.8 22.2151 1.05643
      vertex 43.3289 16.4305 1.56252
    endloop
  endfacet
  facet normal 1.62759e-06 -0.0871584 -0.996194
    outer loop
      vertex 41.9597 17.3419 1.48278
      vertex 49.8 22.2151 1.05643
      vertex 42.6668 16.9197 1.51972
    endloop
  endfacet
  facet normal 2.06269e-06 -0.0871591 -0.996194
    outer loop
      vertex 41.2145 17.693 1.45206
      vertex 49.8 22.2151 1.05643
      vertex 41.9597 17.3419 1.48278
    endloop
  endfacet
  facet normal -6.09393e-06 -0.0871437 -0.996196
    outer loop
      vertex 40.4384 17.9697 1.42786
      vertex 49.8 22.2151 1.05643
      vertex 41.2145 17.693 1.45206
    endloop
  endfacet
  facet normal 4.61895e-06 -0.0871672 -0.996194
    outer loop
      vertex 39.6388 18.1692 1.4104
      vertex 49.8 22.2151 1.05643
      vertex 40.4384 17.9697 1.42786
    endloop
  endfacet
  facet normal -2.11379e-06 -0.0871504 -0.996195
    outer loop
      vertex 38.8233 18.2897 1.39986
      vertex 49.8 22.2151 1.05643
      vertex 39.6388 18.1692 1.4104
    endloop
  endfacet
  facet normal 4.45558e-06 -0.0871686 -0.996194
    outer loop
      vertex 38 18.33 1.39633
      vertex 49.8 22.2151 1.05643
      vertex 38.8233 18.2897 1.39986
    endloop
  endfacet
  facet normal -4.29167e-06 -0.0871719 -0.996193
    outer loop
      vertex 26.857 20.9096 1.17065
      vertex 38 18.33 1.39633
      vertex 37.1767 18.2897 1.39986
    endloop
  endfacet
  facet normal 1.87083e-06 -0.0871487 -0.996195
    outer loop
      vertex 27.2779 20.6573 1.19272
      vertex 37.1767 18.2897 1.39986
      vertex 36.3612 18.1692 1.4104
    endloop
  endfacet
  facet normal -3.55035e-06 -0.0871714 -0.996193
    outer loop
      vertex 28.0355 20.0355 1.24712
      vertex 36.3612 18.1692 1.4104
      vertex 35.5616 17.9697 1.42786
    endloop
  endfacet
  facet normal 4.47204e-06 -0.0871494 -0.996195
    outer loop
      vertex 29.2847 15.0486 1.68342
      vertex 31.0157 14.611 1.72171
      vertex 30.6481 14 1.77516
    endloop
  endfacet
  facet normal 2.64538e-06 -0.0871614 -0.996194
    outer loop
      vertex 29.4759 16.0099 1.59931
      vertex 31.5067 15.2706 1.664
      vertex 31.0157 14.611 1.72171
    endloop
  endfacet
  facet normal -7.20476e-06 -0.0871686 -0.996194
    outer loop
      vertex 29.5 16.5 1.55644
      vertex 32.0603 15.879 1.61076
      vertex 31.5067 15.2706 1.664
    endloop
  endfacet
  facet normal -0.000127617 -0.0876612 -0.99615
    outer loop
      vertex 29.5 16.51 1.55556
      vertex 32.0603 15.879 1.61076
      vertex 29.5 16.5 1.55644
    endloop
  endfacet
  facet normal -3.93885e-07 -0.087149 -0.996195
    outer loop
      vertex 29.4759 16.9901 1.51356
      vertex 32.0603 15.879 1.61076
      vertex 29.5 16.51 1.55556
    endloop
  endfacet
  facet normal 3.00001e-06 -0.0871411 -0.996196
    outer loop
      vertex 32.0603 15.879 1.61076
      vertex 29.4759 16.9901 1.51356
      vertex 32.6711 16.4305 1.56252
    endloop
  endfacet
  facet normal 3.01234e-06 -0.087141 -0.996196
    outer loop
      vertex 29.4039 17.4755 1.4711
      vertex 32.6711 16.4305 1.56252
      vertex 29.4759 16.9901 1.51356
    endloop
  endfacet
  facet normal -1.21691e-05 -0.0871882 -0.996192
    outer loop
      vertex 29.2847 17.9514 1.42945
      vertex 32.6711 16.4305 1.56252
      vertex 29.4039 17.4755 1.4711
    endloop
  endfacet
  facet normal 1.24318e-06 -0.0871585 -0.996194
    outer loop
      vertex 32.6711 16.4305 1.56252
      vertex 29.2847 17.9514 1.42945
      vertex 33.3332 16.9197 1.51972
    endloop
  endfacet
  facet normal 2.00778e-06 -0.0871555 -0.996195
    outer loop
      vertex 29.1194 18.4134 1.38903
      vertex 33.3332 16.9197 1.51972
      vertex 29.2847 17.9514 1.42945
    endloop
  endfacet
  facet normal 1.40544e-08 -0.0871611 -0.996194
    outer loop
      vertex 33.3332 16.9197 1.51972
      vertex 29.1194 18.4134 1.38903
      vertex 34.0403 17.3419 1.48278
    endloop
  endfacet
  facet normal 6.76643e-06 -0.0871303 -0.996197
    outer loop
      vertex 28.9096 18.857 1.35023
      vertex 34.0403 17.3419 1.48278
      vertex 29.1194 18.4134 1.38903
    endloop
  endfacet
  facet normal 2.41755e-06 -0.087145 -0.996196
    outer loop
      vertex 28.6573 19.2779 1.31341
      vertex 34.0403 17.3419 1.48278
      vertex 28.9096 18.857 1.35023
    endloop
  endfacet
  facet normal -2.42511e-06 -0.0871583 -0.996194
    outer loop
      vertex 34.0403 17.3419 1.48278
      vertex 28.6573 19.2779 1.31341
      vertex 34.7855 17.693 1.45206
    endloop
  endfacet
  facet normal -2.74921e-06 -0.0871596 -0.996194
    outer loop
      vertex 28.3651 19.672 1.27893
      vertex 34.7855 17.693 1.45206
      vertex 28.6573 19.2779 1.31341
    endloop
  endfacet
  facet normal 3.99119e-06 -0.0871379 -0.996196
    outer loop
      vertex 34.7855 17.693 1.45206
      vertex 28.3651 19.672 1.27893
      vertex 35.5616 17.9697 1.42786
    endloop
  endfacet
  facet normal -6.83957e-06 -0.0871833 -0.996192
    outer loop
      vertex 28.0355 20.0355 1.24712
      vertex 35.5616 17.9697 1.42786
      vertex 28.3651 19.672 1.27893
    endloop
  endfacet
  facet normal 5.62249e-06 -0.0871308 -0.996197
    outer loop
      vertex 36.3612 18.1692 1.4104
      vertex 28.0355 20.0355 1.24712
      vertex 27.672 20.3651 1.21829
    endloop
  endfacet
  facet normal -8.70309e-06 -0.0871871 -0.996192
    outer loop
      vertex 36.3612 18.1692 1.4104
      vertex 27.672 20.3651 1.21829
      vertex 27.2779 20.6573 1.19272
    endloop
  endfacet
  facet normal 5.63493e-06 -0.0871331 -0.996197
    outer loop
      vertex 37.1767 18.2897 1.39986
      vertex 27.2779 20.6573 1.19272
      vertex 26.857 20.9096 1.17065
    endloop
  endfacet
  facet normal -2.25259e-07 -0.0871545 -0.996195
    outer loop
      vertex 38 18.33 1.39633
      vertex 26.857 20.9096 1.17065
      vertex 49.8 22.2151 1.05643
    endloop
  endfacet
  facet normal 1.03895e-06 -0.0871766 -0.996193
    outer loop
      vertex 26.4134 21.1194 1.15229
      vertex 49.8 22.2151 1.05643
      vertex 26.857 20.9096 1.17065
    endloop
  endfacet
  facet normal -4.18346e-07 -0.0871457 -0.996196
    outer loop
      vertex 25.9514 21.2847 1.13783
      vertex 49.8 22.2151 1.05643
      vertex 26.4134 21.1194 1.15229
    endloop
  endfacet
  facet normal 3.61422e-07 -0.0871655 -0.996194
    outer loop
      vertex 25.4755 21.4039 1.1274
      vertex 49.8 22.2151 1.05643
      vertex 25.9514 21.2847 1.13783
    endloop
  endfacet
  facet normal 3.34368e-07 -0.0871647 -0.996194
    outer loop
      vertex 24.9901 21.4759 1.1211
      vertex 49.8 22.2151 1.05643
      vertex 25.4755 21.4039 1.1274
    endloop
  endfacet
  facet normal 1.20867e-06 -0.0871938 -0.996191
    outer loop
      vertex 24.5 21.5 1.11899
      vertex 49.8 22.2151 1.05643
      vertex 24.9901 21.4759 1.1211
    endloop
  endfacet
  facet normal 2.82206e-06 -0.0871725 -0.996193
    outer loop
      vertex 17.9397 15.879 1.61076
      vertex 19.5241 16.0099 1.59931
      vertex 18.4933 15.2706 1.664
    endloop
  endfacet
  facet normal 4.85532e-08 -0.0871392 -0.996196
    outer loop
      vertex 19.5241 16.0099 1.59931
      vertex 17.9397 15.879 1.61076
      vertex 19.5 16.5 1.55644
    endloop
  endfacet
  facet normal 0.000209407 -0.0876612 -0.99615
    outer loop
      vertex 19.5 16.5 1.55644
      vertex 17.9397 15.879 1.61076
      vertex 19.5 16.51 1.55556
    endloop
  endfacet
  facet normal 6.51558e-07 -0.087149 -0.996195
    outer loop
      vertex 19.5 16.51 1.55556
      vertex 17.9397 15.879 1.61076
      vertex 19.5241 16.9901 1.51356
    endloop
  endfacet
  facet normal -4.06575e-06 -0.0871423 -0.996196
    outer loop
      vertex 17.3289 16.4305 1.56252
      vertex 19.5241 16.9901 1.51356
      vertex 17.9397 15.879 1.61076
    endloop
  endfacet
  facet normal -4.43851e-06 -0.0871408 -0.996196
    outer loop
      vertex 19.5241 16.9901 1.51356
      vertex 17.3289 16.4305 1.56252
      vertex 19.5961 17.4755 1.4711
    endloop
  endfacet
  facet normal 1.84525e-06 -0.0871544 -0.996195
    outer loop
      vertex 16.6668 16.9197 1.51972
      vertex 19.5961 17.4755 1.4711
      vertex 17.3289 16.4305 1.56252
    endloop
  endfacet
  facet normal 8.11177e-06 -0.0871871 -0.996192
    outer loop
      vertex 19.5961 17.4755 1.4711
      vertex 16.6668 16.9197 1.51972
      vertex 19.7153 17.9514 1.42945
    endloop
  endfacet
  facet normal -2.75713e-06 -0.0871553 -0.996195
    outer loop
      vertex 19.7153 17.9514 1.42945
      vertex 16.6668 16.9197 1.51972
      vertex 19.8806 18.4134 1.38903
    endloop
  endfacet
  facet normal -1.65134e-08 -0.0871611 -0.996194
    outer loop
      vertex 15.9597 17.3419 1.48278
      vertex 19.8806 18.4134 1.38903
      vertex 16.6668 16.9197 1.51972
    endloop
  endfacet
  facet normal -8.74832e-06 -0.0871294 -0.996197
    outer loop
      vertex 19.8806 18.4134 1.38903
      vertex 15.9597 17.3419 1.48278
      vertex 20.0904 18.857 1.35023
    endloop
  endfacet
  facet normal 2.15009e-06 -0.0871589 -0.996194
    outer loop
      vertex 15.2145 17.693 1.45206
      vertex 20.0904 18.857 1.35023
      vertex 15.9597 17.3419 1.48278
    endloop
  endfacet
  facet normal -1.00096e-06 -0.0871458 -0.996196
    outer loop
      vertex 20.0904 18.857 1.35023
      vertex 15.2145 17.693 1.45206
      vertex 20.3427 19.2779 1.31341
    endloop
  endfacet
  facet normal 3.44467e-06 -0.0871601 -0.996194
    outer loop
      vertex 20.3427 19.2779 1.31341
      vertex 15.2145 17.693 1.45206
      vertex 20.6349 19.672 1.27893
    endloop
  endfacet
  facet normal -4.35498e-06 -0.0871389 -0.996196
    outer loop
      vertex 14.4384 17.9697 1.42786
      vertex 20.6349 19.672 1.27893
      vertex 15.2145 17.693 1.45206
    endloop
  endfacet
  facet normal 8.30951e-06 -0.0871846 -0.996192
    outer loop
      vertex 20.6349 19.672 1.27893
      vertex 14.4384 17.9697 1.42786
      vertex 20.9645 20.0355 1.24712
    endloop
  endfacet
  facet normal 3.79015e-06 -0.0871705 -0.996193
    outer loop
      vertex 13.6388 18.1692 1.4104
      vertex 20.9645 20.0355 1.24712
      vertex 14.4384 17.9697 1.42786
    endloop
  endfacet
  facet normal -6.68989e-06 -0.0871296 -0.996197
    outer loop
      vertex 20.9645 20.0355 1.24712
      vertex 13.6388 18.1692 1.4104
      vertex 21.328 20.3651 1.21829
    endloop
  endfacet
  facet normal -1.63839e-06 -0.0871472 -0.996195
    outer loop
      vertex 12.8233 18.2897 1.39986
      vertex 21.328 20.3651 1.21829
      vertex 13.6388 18.1692 1.4104
    endloop
  endfacet
  facet normal 7.90186e-06 -0.087186 -0.996192
    outer loop
      vertex 21.328 20.3651 1.21829
      vertex 12.8233 18.2897 1.39986
      vertex 21.7221 20.6573 1.19272
    endloop
  endfacet
  facet normal 4.2673e-06 -0.0871724 -0.996193
    outer loop
      vertex 12 18.33 1.39633
      vertex 21.7221 20.6573 1.19272
      vertex 12.8233 18.2897 1.39986
    endloop
  endfacet
  facet normal -4.93052e-06 -0.0871343 -0.996197
    outer loop
      vertex 21.7221 20.6573 1.19272
      vertex 12 18.33 1.39633
      vertex 22.143 20.9096 1.17065
    endloop
  endfacet
  facet normal 2.40453e-07 -0.0871545 -0.996195
    outer loop
      vertex 0.5 22.2151 1.05643
      vertex 22.143 20.9096 1.17065
      vertex 12 18.33 1.39633
    endloop
  endfacet
  facet normal -1.09429e-06 -0.0871764 -0.996193
    outer loop
      vertex 22.143 20.9096 1.17065
      vertex 0.5 22.2151 1.05643
      vertex 22.5866 21.1194 1.15229
    endloop
  endfacet
  facet normal -4.47029e-06 -0.0871683 -0.996194
    outer loop
      vertex 0.5 22.2151 1.05643
      vertex 12 18.33 1.39633
      vertex 11.1767 18.2897 1.39986
    endloop
  endfacet
  facet normal 2.13082e-06 -0.0871505 -0.996195
    outer loop
      vertex 0.5 22.2151 1.05643
      vertex 11.1767 18.2897 1.39986
      vertex 10.3612 18.1692 1.4104
    endloop
  endfacet
  facet normal 4.39971e-07 -0.0871457 -0.996196
    outer loop
      vertex 22.5866 21.1194 1.15229
      vertex 0.5 22.2151 1.05643
      vertex 23.0486 21.2847 1.13783
    endloop
  endfacet
  facet normal 0 -0.0871467 -0.996195
    outer loop
      vertex 0.5 14 1.77516
      vertex 5.01565 14.611 1.72171
      vertex 4.64805 14 1.77516
    endloop
  endfacet
  facet normal 1.93029e-06 -0.0871609 -0.996194
    outer loop
      vertex 0.5 14 1.77516
      vertex 5.50671 15.2706 1.664
      vertex 5.01565 14.611 1.72171
    endloop
  endfacet
  facet normal 6.73856e-07 -0.087156 -0.996195
    outer loop
      vertex 0.5 22.2151 1.05643
      vertex 5.50671 15.2706 1.664
      vertex 0.5 14 1.77516
    endloop
  endfacet
  facet normal -1.1507e-05 -0.0871647 -0.996194
    outer loop
      vertex 5.50671 15.2706 1.664
      vertex 0.5 22.2151 1.05643
      vertex 6.0603 15.879 1.61076
    endloop
  endfacet
  facet normal 8.54951e-06 -0.0871472 -0.996195
    outer loop
      vertex 6.0603 15.879 1.61076
      vertex 0.5 22.2151 1.05643
      vertex 6.6711 16.4305 1.56252
    endloop
  endfacet
  facet normal -2.40287e-07 -0.0871565 -0.996195
    outer loop
      vertex 6.6711 16.4305 1.56252
      vertex 0.5 22.2151 1.05643
      vertex 7.33321 16.9197 1.51972
    endloop
  endfacet
  facet normal -1.65873e-06 -0.0871583 -0.996194
    outer loop
      vertex 7.33321 16.9197 1.51972
      vertex 0.5 22.2151 1.05643
      vertex 8.04027 17.3419 1.48278
    endloop
  endfacet
  facet normal 0 -0.0871514 -0.996195
    outer loop
      vertex 24.5 21.5 1.11899
      vertex 0.5 22.2151 1.05643
      vertex 49.8 22.2151 1.05643
    endloop
  endfacet
  facet normal -1.24943e-06 -0.087193 -0.996191
    outer loop
      vertex 24.0099 21.4759 1.1211
      vertex 0.5 22.2151 1.05643
      vertex 24.5 21.5 1.11899
    endloop
  endfacet
  facet normal -3.49623e-07 -0.0871646 -0.996194
    outer loop
      vertex 23.5245 21.4039 1.1274
      vertex 0.5 22.2151 1.05643
      vertex 24.0099 21.4759 1.1211
    endloop
  endfacet
  facet normal -3.79312e-07 -0.0871654 -0.996194
    outer loop
      vertex 23.0486 21.2847 1.13783
      vertex 0.5 22.2151 1.05643
      vertex 23.5245 21.4039 1.1274
    endloop
  endfacet
  facet normal -4.67213e-06 -0.0871669 -0.996194
    outer loop
      vertex 9.56161 17.9697 1.42786
      vertex 0.5 22.2151 1.05643
      vertex 10.3612 18.1692 1.4104
    endloop
  endfacet
  facet normal 6.18088e-06 -0.087144 -0.996196
    outer loop
      vertex 8.78546 17.693 1.45206
      vertex 0.5 22.2151 1.05643
      vertex 9.56161 17.9697 1.42786
    endloop
  endfacet
  facet normal -2.09731e-06 -0.087159 -0.996194
    outer loop
      vertex 8.04027 17.3419 1.48278
      vertex 0.5 22.2151 1.05643
      vertex 8.78546 17.693 1.45206
    endloop
  endfacet
  facet normal 0 -0.087155 -0.996195
    outer loop
      vertex 0.5 -1.99239 3.17431
      vertex 49.8 0 3
      vertex 49.8 -1.99239 3.17431
    endloop
  endfacet
  facet normal -0 -0.087155 -0.996195
    outer loop
      vertex 49.8 0 3
      vertex 0.5 -1.99239 3.17431
      vertex 0.5 0 3
    endloop
  endfacet
  facet normal 0 -0.0871818 -0.996192
    outer loop
      vertex 26.1918 16.3334 1.57102
      vertex 26.1918 16.6666 1.54186
      vertex 26.2 16.5 1.55644
    endloop
  endfacet
  facet normal 0.000761477 -0.0871818 -0.996192
    outer loop
      vertex 26.1673 16.1683 1.58545
      vertex 26.1918 16.6666 1.54186
      vertex 26.1918 16.3334 1.57102
    endloop
  endfacet
  facet normal -7.70439e-05 -0.0871409 -0.996196
    outer loop
      vertex 26.1673 16.1683 1.58545
      vertex 26.1673 16.8317 1.52742
      vertex 26.1918 16.6666 1.54186
    endloop
  endfacet
  facet normal -0.000166479 -0.0871409 -0.996196
    outer loop
      vertex 26.1268 16.0065 1.59961
      vertex 26.1673 16.8317 1.52742
      vertex 26.1673 16.1683 1.58545
    endloop
  endfacet
  facet normal 0.000111897 -0.0871544 -0.996195
    outer loop
      vertex 26.1268 16.0065 1.59961
      vertex 26.1268 16.9935 1.51326
      vertex 26.1673 16.8317 1.52742
    endloop
  endfacet
  facet normal 7.55191e-05 -0.0871544 -0.996195
    outer loop
      vertex 26.0706 15.8494 1.61335
      vertex 26.1268 16.9935 1.51326
      vertex 26.1268 16.0065 1.59961
    endloop
  endfacet
  facet normal -5.72836e-05 -0.087148 -0.996195
    outer loop
      vertex 26.0706 15.8494 1.61335
      vertex 26.0706 17.1506 1.49952
      vertex 26.1268 16.9935 1.51326
    endloop
  endfacet
  facet normal -0.000110341 -0.087148 -0.996195
    outer loop
      vertex 25.9993 15.6986 1.62655
      vertex 26.0706 17.1506 1.49952
      vertex 26.0706 15.8494 1.61335
    endloop
  endfacet
  facet normal -3.69957e-05 -0.0871515 -0.996195
    outer loop
      vertex 25.9993 15.6986 1.62655
      vertex 25.9993 17.3014 1.48633
      vertex 26.0706 17.1506 1.49952
    endloop
  endfacet
  facet normal -1.1402e-05 -0.0871515 -0.996195
    outer loop
      vertex 25.9135 15.5555 1.63907
      vertex 25.9993 17.3014 1.48633
      vertex 25.9993 15.6986 1.62655
    endloop
  endfacet
  facet normal 9.67453e-06 -0.0871526 -0.996195
    outer loop
      vertex 25.9135 15.5555 1.63907
      vertex 25.9135 17.4445 1.47381
      vertex 25.9993 17.3014 1.48633
    endloop
  endfacet
  facet normal 3.05597e-05 -0.0871526 -0.996195
    outer loop
      vertex 25.8141 15.4215 1.65079
      vertex 25.9135 17.4445 1.47381
      vertex 25.9135 15.5555 1.63907
    endloop
  endfacet
  facet normal 6.7232e-05 -0.0871543 -0.996195
    outer loop
      vertex 25.8141 15.4215 1.65079
      vertex 25.8141 17.5785 1.46208
      vertex 25.9135 17.4445 1.47381
    endloop
  endfacet
  facet normal -5.84891e-05 -0.0871543 -0.996195
    outer loop
      vertex 25.7021 15.2979 1.66161
      vertex 25.8141 17.5785 1.46208
      vertex 25.8141 15.4215 1.65079
    endloop
  endfacet
  facet normal -3.1898e-05 -0.0871556 -0.996195
    outer loop
      vertex 25.7021 15.2979 1.66161
      vertex 25.7021 17.7021 1.45127
      vertex 25.8141 17.5785 1.46208
    endloop
  endfacet
  facet normal -1.03254e-05 -0.0871556 -0.996195
    outer loop
      vertex 25.5785 15.1859 1.67141
      vertex 25.7021 17.7021 1.45127
      vertex 25.7021 15.2979 1.66161
    endloop
  endfacet
  facet normal 9.44535e-06 -0.0871566 -0.996195
    outer loop
      vertex 25.5785 15.1859 1.67141
      vertex 25.5785 17.8141 1.44147
      vertex 25.7021 17.7021 1.45127
    endloop
  endfacet
  facet normal 4.8025e-05 -0.0871566 -0.996195
    outer loop
      vertex 25.4445 15.0865 1.6801
      vertex 25.5785 17.8141 1.44147
      vertex 25.5785 15.1859 1.67141
    endloop
  endfacet
  facet normal 2.70811e-05 -0.0871556 -0.996195
    outer loop
      vertex 25.4445 15.0865 1.6801
      vertex 25.4445 17.9135 1.43277
      vertex 25.5785 17.8141 1.44147
    endloop
  endfacet
  facet normal -2.42705e-05 -0.0871556 -0.996195
    outer loop
      vertex 25.3014 15.0007 1.68761
      vertex 25.4445 17.9135 1.43277
      vertex 25.4445 15.0865 1.6801
    endloop
  endfacet
  facet normal -4.47417e-05 -0.0871546 -0.996195
    outer loop
      vertex 25.3014 15.0007 1.68761
      vertex 25.3014 17.9993 1.42527
      vertex 25.4445 17.9135 1.43277
    endloop
  endfacet
  facet normal -1.4148e-05 -0.0871546 -0.996195
    outer loop
      vertex 25.1506 14.9294 1.69385
      vertex 25.3014 17.9993 1.42527
      vertex 25.3014 15.0007 1.68761
    endloop
  endfacet
  facet normal 1.35057e-05 -0.0871559 -0.996195
    outer loop
      vertex 25.1506 14.9294 1.69385
      vertex 25.1506 18.0706 1.41903
      vertex 25.3014 17.9993 1.42527
    endloop
  endfacet
  facet normal 4.35878e-05 -0.0871559 -0.996195
    outer loop
      vertex 24.9935 14.8732 1.69876
      vertex 25.1506 18.0706 1.41903
      vertex 25.1506 14.9294 1.69385
    endloop
  endfacet
  facet normal 2.02341e-05 -0.0871548 -0.996195
    outer loop
      vertex 24.9935 14.8732 1.69876
      vertex 24.9935 18.1268 1.41411
      vertex 25.1506 18.0706 1.41903
    endloop
  endfacet
  facet normal -4.15466e-05 -0.0871548 -0.996195
    outer loop
      vertex 24.8317 14.8327 1.70231
      vertex 24.9935 18.1268 1.41411
      vertex 24.9935 14.8732 1.69876
    endloop
  endfacet
  facet normal 4.05373e-05 -0.0871588 -0.996194
    outer loop
      vertex 24.8317 14.8327 1.70231
      vertex 24.8317 18.1673 1.41056
      vertex 24.9935 18.1268 1.41411
    endloop
  endfacet
  facet normal 2.14079e-05 -0.0871588 -0.996194
    outer loop
      vertex 24.6666 14.8082 1.70445
      vertex 24.8317 18.1673 1.41056
      vertex 24.8317 14.8327 1.70231
    endloop
  endfacet
  facet normal -2.10979e-05 -0.0871567 -0.996195
    outer loop
      vertex 24.6666 14.8082 1.70445
      vertex 24.6666 18.1918 1.40842
      vertex 24.8317 18.1673 1.41056
    endloop
  endfacet
  facet normal -1.54561e-05 -0.0871567 -0.996195
    outer loop
      vertex 24.5 14.8 1.70517
      vertex 24.6666 18.1918 1.40842
      vertex 24.6666 14.8082 1.70445
    endloop
  endfacet
  facet normal -4.42699e-05 -0.0871553 -0.996195
    outer loop
      vertex 24.5 14.8 1.70517
      vertex 24.5 18.2 1.40771
      vertex 24.6666 18.1918 1.40842
    endloop
  endfacet
  facet normal 1.55258e-05 -0.0871553 -0.996195
    outer loop
      vertex 24.3334 14.8082 1.70445
      vertex 24.5 18.2 1.40771
      vertex 24.5 14.8 1.70517
    endloop
  endfacet
  facet normal 4.43395e-05 -0.0871567 -0.996195
    outer loop
      vertex 24.3334 14.8082 1.70445
      vertex 24.3334 18.1918 1.40842
      vertex 24.5 18.2 1.40771
    endloop
  endfacet
  facet normal -2.10979e-05 -0.0871567 -0.996195
    outer loop
      vertex 24.1683 14.8327 1.70231
      vertex 24.3334 18.1918 1.40842
      vertex 24.3334 14.8082 1.70445
    endloop
  endfacet
  facet normal 2.14079e-05 -0.0871588 -0.996194
    outer loop
      vertex 24.1683 14.8327 1.70231
      vertex 24.1683 18.1673 1.41056
      vertex 24.3334 18.1918 1.40842
    endloop
  endfacet
  facet normal 4.05373e-05 -0.0871588 -0.996194
    outer loop
      vertex 24.0065 14.8732 1.69876
      vertex 24.1683 18.1673 1.41056
      vertex 24.1683 14.8327 1.70231
    endloop
  endfacet
  facet normal -4.15466e-05 -0.0871548 -0.996195
    outer loop
      vertex 24.0065 14.8732 1.69876
      vertex 24.0065 18.1268 1.41411
      vertex 24.1683 18.1673 1.41056
    endloop
  endfacet
  facet normal -4.31774e-05 -0.0871548 -0.996195
    outer loop
      vertex 23.8494 14.9294 1.69385
      vertex 24.0065 18.1268 1.41411
      vertex 24.0065 14.8732 1.69876
    endloop
  endfacet
  facet normal -1.98237e-05 -0.0871559 -0.996195
    outer loop
      vertex 23.8494 14.9294 1.69385
      vertex 23.8494 18.0706 1.41903
      vertex 24.0065 18.1268 1.41411
    endloop
  endfacet
  facet normal 1.35057e-05 -0.0871559 -0.996195
    outer loop
      vertex 23.6986 15.0007 1.68761
      vertex 23.8494 18.0706 1.41903
      vertex 23.8494 14.9294 1.69385
    endloop
  endfacet
  facet normal -1.4148e-05 -0.0871546 -0.996195
    outer loop
      vertex 23.6986 15.0007 1.68761
      vertex 23.6986 17.9993 1.42527
      vertex 23.8494 18.0706 1.41903
    endloop
  endfacet
  facet normal 2.48735e-05 -0.0871546 -0.996195
    outer loop
      vertex 23.5555 15.0865 1.6801
      vertex 23.6986 17.9993 1.42527
      vertex 23.6986 15.0007 1.68761
    endloop
  endfacet
  facet normal 4.53447e-05 -0.0871556 -0.996195
    outer loop
      vertex 23.5555 15.0865 1.6801
      vertex 23.5555 17.9135 1.43277
      vertex 23.6986 17.9993 1.42527
    endloop
  endfacet
  facet normal -4.72618e-05 -0.0871556 -0.996195
    outer loop
      vertex 23.4215 15.1859 1.67141
      vertex 23.5555 17.9135 1.43277
      vertex 23.5555 15.0865 1.6801
    endloop
  endfacet
  facet normal -2.63179e-05 -0.0871566 -0.996195
    outer loop
      vertex 23.4215 15.1859 1.67141
      vertex 23.4215 17.8141 1.44147
      vertex 23.5555 17.9135 1.43277
    endloop
  endfacet
  facet normal 9.44535e-06 -0.0871566 -0.996195
    outer loop
      vertex 23.2979 15.2979 1.66161
      vertex 23.4215 17.8141 1.44147
      vertex 23.4215 15.1859 1.67141
    endloop
  endfacet
  facet normal -1.03254e-05 -0.0871556 -0.996195
    outer loop
      vertex 23.2979 15.2979 1.66161
      vertex 23.2979 17.7021 1.45127
      vertex 23.4215 17.8141 1.44147
    endloop
  endfacet
  facet normal 5.70479e-05 -0.0871556 -0.996195
    outer loop
      vertex 23.1859 15.4215 1.65079
      vertex 23.2979 17.7021 1.45127
      vertex 23.2979 15.2979 1.66161
    endloop
  endfacet
  facet normal 3.04569e-05 -0.0871543 -0.996195
    outer loop
      vertex 23.1859 15.4215 1.65079
      vertex 23.1859 17.5785 1.46208
      vertex 23.2979 17.7021 1.45127
    endloop
  endfacet
  facet normal -3.29888e-05 -0.0871543 -0.996195
    outer loop
      vertex 23.0865 15.5555 1.63907
      vertex 23.1859 17.5785 1.46208
      vertex 23.1859 15.4215 1.65079
    endloop
  endfacet
  facet normal -6.96612e-05 -0.0871526 -0.996195
    outer loop
      vertex 23.0865 15.5555 1.63907
      vertex 23.0865 17.4445 1.47381
      vertex 23.1859 17.5785 1.46208
    endloop
  endfacet
  facet normal 9.67453e-06 -0.0871526 -0.996195
    outer loop
      vertex 23.0007 15.6986 1.62655
      vertex 23.0865 17.4445 1.47381
      vertex 23.0865 15.5555 1.63907
    endloop
  endfacet
  facet normal -1.1402e-05 -0.0871515 -0.996195
    outer loop
      vertex 23.0007 15.6986 1.62655
      vertex 23.0007 17.3014 1.48633
      vertex 23.0865 17.4445 1.47381
    endloop
  endfacet
  facet normal 0.000102723 -0.0871515 -0.996195
    outer loop
      vertex 22.9294 15.8494 1.61335
      vertex 23.0007 17.3014 1.48633
      vertex 23.0007 15.6986 1.62655
    endloop
  endfacet
  facet normal 2.93783e-05 -0.087148 -0.996195
    outer loop
      vertex 22.9294 15.8494 1.61335
      vertex 22.9294 17.1506 1.49952
      vertex 23.0007 17.3014 1.48633
    endloop
  endfacet
  facet normal -5.72836e-05 -0.087148 -0.996195
    outer loop
      vertex 22.8732 16.0065 1.59961
      vertex 22.9294 17.1506 1.49952
      vertex 22.9294 15.8494 1.61335
    endloop
  endfacet
  facet normal 7.55191e-05 -0.0871544 -0.996195
    outer loop
      vertex 22.8732 16.0065 1.59961
      vertex 22.8732 16.9935 1.51326
      vertex 22.9294 17.1506 1.49952
    endloop
  endfacet
  facet normal 0.000111897 -0.0871544 -0.996195
    outer loop
      vertex 22.8327 16.1683 1.58545
      vertex 22.8732 16.9935 1.51326
      vertex 22.8732 16.0065 1.59961
    endloop
  endfacet
  facet normal -0.000166479 -0.0871409 -0.996196
    outer loop
      vertex 22.8327 16.1683 1.58545
      vertex 22.8327 16.8317 1.52742
      vertex 22.8732 16.9935 1.51326
    endloop
  endfacet
  facet normal -0.000483655 -0.0871409 -0.996196
    outer loop
      vertex 22.8082 16.3334 1.57102
      vertex 22.8327 16.8317 1.52742
      vertex 22.8327 16.1683 1.58545
    endloop
  endfacet
  facet normal 0.000354868 -0.0871818 -0.996192
    outer loop
      vertex 22.8082 16.3334 1.57102
      vertex 22.8082 16.6666 1.54186
      vertex 22.8327 16.8317 1.52742
    endloop
  endfacet
  facet normal 0 -0.0871818 -0.996192
    outer loop
      vertex 22.8082 16.6666 1.54186
      vertex 22.8082 16.3334 1.57102
      vertex 22.8 16.5 1.55644
    endloop
  endfacet
  facet normal -1 0 0
    outer loop
      vertex 0.5 16.2529 5.19181
      vertex 0.5 22.8775 8.62751
      vertex 0.5 22.2151 1.05643
    endloop
  endfacet
  facet normal -1 -0 0
    outer loop
      vertex 0.5 22.8775 8.62751
      vertex 0.5 16.2529 5.19181
      vertex 0.5 16.6015 9.17659
    endloop
  endfacet
  facet normal -1 0 0
    outer loop
      vertex 0.5 14 1.77516
      vertex 0.5 16.2529 5.19181
      vertex 0.5 22.2151 1.05643
    endloop
  endfacet
  facet normal -1 0 0
    outer loop
      vertex 0.5 14 3
      vertex 0.5 16.2529 5.19181
      vertex 0.5 14 1.77516
    endloop
  endfacet
  facet normal -1 0 0
    outer loop
      vertex 0.5 14 3
      vertex 0.5 4.29854 6.23768
      vertex 0.5 16.2529 5.19181
    endloop
  endfacet
  facet normal -1 0 -0
    outer loop
      vertex 0.5 4.29854 6.23768
      vertex 0.5 14 3
      vertex 0.5 0 3
    endloop
  endfacet
  facet normal -1 0 0
    outer loop
      vertex 0.5 -1.33001 10.7454
      vertex 0.5 4.29854 6.23768
      vertex 0.5 0 3
    endloop
  endfacet
  facet normal -1 0 0
    outer loop
      vertex 0.5 4.29854 6.23768
      vertex 0.5 -1.33001 10.7454
      vertex 0.5 4.64716 10.2225
    endloop
  endfacet
  facet normal -1 0 -0
    outer loop
      vertex 0.5 -1.33001 10.7454
      vertex 0.5 0 3
      vertex 0.5 -1.99239 3.17431
    endloop
  endfacet
  facet normal 0 0.996196 -0.0871427
    outer loop
      vertex 49.8 22.8775 8.62751
      vertex 31 22.5725 5.14082
      vertex 31 22.8775 8.62751
    endloop
  endfacet
  facet normal 0 0.996193 -0.0871708
    outer loop
      vertex 31 22.5725 5.14082
      vertex 49.8 22.2151 1.05643
      vertex 19 22.5725 5.14082
    endloop
  endfacet
  facet normal 2.82794e-06 0.996195 -0.0871579
    outer loop
      vertex 49.8 22.2151 1.05643
      vertex 31 22.5725 5.14082
      vertex 49.8 22.8775 8.62751
    endloop
  endfacet
  facet normal 0 0.996196 -0.0871427
    outer loop
      vertex 19 22.5725 5.14082
      vertex 0.5 22.8775 8.62751
      vertex 19 22.8775 8.62751
    endloop
  endfacet
  facet normal -2.8738e-06 0.996195 -0.0871579
    outer loop
      vertex 19 22.5725 5.14082
      vertex 0.5 22.2151 1.05643
      vertex 0.5 22.8775 8.62751
    endloop
  endfacet
  facet normal 0 0.996193 -0.0871708
    outer loop
      vertex 0.5 22.2151 1.05643
      vertex 19 22.5725 5.14082
      vertex 49.8 22.2151 1.05643
    endloop
  endfacet
  facet normal 0 -0.996195 0.0871551
    outer loop
      vertex 0.5 -1.99239 3.17431
      vertex 49.8 -1.33001 10.7454
      vertex 0.5 -1.33001 10.7454
    endloop
  endfacet
  facet normal 0 -0.996195 0.0871551
    outer loop
      vertex 49.8 -1.33001 10.7454
      vertex 0.5 -1.99239 3.17431
      vertex 49.8 -1.99239 3.17431
    endloop
  endfacet
  facet normal -1 0 0
    outer loop
      vertex 47.8 20.4406 3.72123
      vertex 47.8 0.662384 10.5711
      vertex 47.8 20.8851 8.80182
    endloop
  endfacet
  facet normal -1 0 -0
    outer loop
      vertex 47.8 0.662384 10.5711
      vertex 47.8 20.4406 3.72123
      vertex 47.8 0.217889 5.49049
    endloop
  endfacet
  facet normal -3.3548e-06 0.0871558 0.996195
    outer loop
      vertex 47.8 20.4406 3.72123
      vertex 46.4 10.1798 4.61893
      vertex 47.8 0.217889 5.49049
    endloop
  endfacet
  facet normal -1.36845e-05 0.0871572 0.996195
    outer loop
      vertex 47.8 20.4406 3.72123
      vertex 46.3596 11 4.54717
      vertex 46.4 10.1798 4.61893
    endloop
  endfacet
  facet normal 2.16316e-05 0.0871519 0.996195
    outer loop
      vertex 47.8 20.4406 3.72123
      vertex 46.2386 11.8124 4.4761
      vertex 46.3596 11 4.54717
    endloop
  endfacet
  facet normal -1.51859e-05 0.0871585 0.996194
    outer loop
      vertex 47.8 20.4406 3.72123
      vertex 46.0383 12.6089 4.40641
      vertex 46.2386 11.8124 4.4761
    endloop
  endfacet
  facet normal -9.38707e-06 0.0871572 0.996195
    outer loop
      vertex 47.8 20.4406 3.72123
      vertex 45.7606 13.3821 4.33876
      vertex 46.0383 12.6089 4.40641
    endloop
  endfacet
  facet normal 1.87387e-05 0.0871491 0.996195
    outer loop
      vertex 47.8 20.4406 3.72123
      vertex 45.4081 14.1245 4.27382
      vertex 45.7606 13.3821 4.33876
    endloop
  endfacet
  facet normal -3.84786e-06 0.0871576 0.996195
    outer loop
      vertex 47.8 20.4406 3.72123
      vertex 44.9843 14.8289 4.21219
      vertex 45.4081 14.1245 4.27382
    endloop
  endfacet
  facet normal -3.02168e-06 0.0871572 0.996195
    outer loop
      vertex 47.8 20.4406 3.72123
      vertex 44.4933 15.4885 4.15448
      vertex 44.9843 14.8289 4.21219
    endloop
  endfacet
  facet normal -2.30182e-06 0.0871567 0.996195
    outer loop
      vertex 47.8 20.4406 3.72123
      vertex 43.9397 16.0969 4.10125
      vertex 44.4933 15.4885 4.15448
    endloop
  endfacet
  facet normal -5.19753e-07 0.0871552 0.996195
    outer loop
      vertex 47.8 20.4406 3.72123
      vertex 43.3289 16.6484 4.053
      vertex 43.9397 16.0969 4.10125
    endloop
  endfacet
  facet normal -9.06696e-07 0.0871556 0.996195
    outer loop
      vertex 47.8 20.4406 3.72123
      vertex 42.6668 17.1376 4.0102
      vertex 43.3289 16.6484 4.053
    endloop
  endfacet
  facet normal 5.16462e-06 0.0871463 0.996196
    outer loop
      vertex 47.8 20.4406 3.72123
      vertex 41.9597 17.5598 3.97327
      vertex 42.6668 17.1376 4.0102
    endloop
  endfacet
  facet normal -1.64525e-06 0.08716 0.996194
    outer loop
      vertex 47.8 20.4406 3.72123
      vertex 41.2145 17.9109 3.94255
      vertex 41.9597 17.5598 3.97327
    endloop
  endfacet
  facet normal -4.28499e-07 0.0871568 0.996195
    outer loop
      vertex 47.8 20.4406 3.72123
      vertex 40.4384 18.1875 3.91835
      vertex 41.2145 17.9109 3.94255
    endloop
  endfacet
  facet normal 1.83527e-06 0.0871495 0.996195
    outer loop
      vertex 47.8 20.4406 3.72123
      vertex 39.6388 18.3871 3.90089
      vertex 40.4384 18.1875 3.91835
    endloop
  endfacet
  facet normal 1.92639e-06 0.0871491 0.996195
    outer loop
      vertex 47.8 20.4406 3.72123
      vertex 38.8233 18.5076 3.89035
      vertex 39.6388 18.3871 3.90089
    endloop
  endfacet
  facet normal -4.05679e-06 0.0871767 0.996193
    outer loop
      vertex 47.8 20.4406 3.72123
      vertex 38 18.5479 3.88682
      vertex 38.8233 18.5076 3.89035
    endloop
  endfacet
  facet normal 6.81133e-06 0.0871209 0.996198
    outer loop
      vertex 47.8 20.4406 3.72123
      vertex 37.1767 18.5076 3.89035
      vertex 38 18.5479 3.88682
    endloop
  endfacet
  facet normal -0 0.087158 0.996195
    outer loop
      vertex 12.8233 18.5076 3.89035
      vertex 37.1767 18.5076 3.89035
      vertex 47.8 20.4406 3.72123
    endloop
  endfacet
  facet normal 0 0.0871579 0.996195
    outer loop
      vertex 29.6404 11 4.54717
      vertex 20.4 10.1798 4.61893
      vertex 29.6 10.1798 4.61893
    endloop
  endfacet
  facet normal -0 0.0871487 0.996195
    outer loop
      vertex 20.3596 11 4.54717
      vertex 29.6404 11 4.54717
      vertex 29.7614 11.8124 4.4761
    endloop
  endfacet
  facet normal -0 0.0871623 0.996194
    outer loop
      vertex 20.2386 11.8124 4.4761
      vertex 29.7614 11.8124 4.4761
      vertex 29.9617 12.6089 4.40641
    endloop
  endfacet
  facet normal -0 0.0871606 0.996194
    outer loop
      vertex 20.0383 12.6089 4.40641
      vertex 29.9617 12.6089 4.40641
      vertex 30.2394 13.3821 4.33876
    endloop
  endfacet
  facet normal -0 0.0871403 0.996196
    outer loop
      vertex 19.7606 13.3821 4.33876
      vertex 30.2394 13.3821 4.33876
      vertex 30.5919 14.1245 4.27382
    endloop
  endfacet
  facet normal -0 0.0871599 0.996194
    outer loop
      vertex 19.4081 14.1245 4.27382
      vertex 30.5919 14.1245 4.27382
      vertex 31.0157 14.8289 4.21219
    endloop
  endfacet
  facet normal -0 0.0871595 0.996194
    outer loop
      vertex 18.9843 14.8289 4.21219
      vertex 31.0157 14.8289 4.21219
      vertex 31.5067 15.4885 4.15448
    endloop
  endfacet
  facet normal -0 0.0871588 0.996194
    outer loop
      vertex 18.4933 15.4885 4.15448
      vertex 31.5067 15.4885 4.15448
      vertex 32.0603 16.0969 4.10125
    endloop
  endfacet
  facet normal -0 0.0871557 0.996195
    outer loop
      vertex 17.9397 16.0969 4.10125
      vertex 32.0603 16.0969 4.10125
      vertex 32.6711 16.6484 4.053
    endloop
  endfacet
  facet normal -0 0.0871568 0.996195
    outer loop
      vertex 17.3289 16.6484 4.053
      vertex 32.6711 16.6484 4.053
      vertex 33.3332 17.1376 4.0102
    endloop
  endfacet
  facet normal -0 0.0871377 0.996196
    outer loop
      vertex 16.6668 17.1376 4.0102
      vertex 33.3332 17.1376 4.0102
      vertex 34.0403 17.5598 3.97327
    endloop
  endfacet
  facet normal 0 0.0871579 0.996195
    outer loop
      vertex 29.6404 11 4.54717
      vertex 20.3596 11 4.54717
      vertex 20.4 10.1798 4.61893
    endloop
  endfacet
  facet normal 0 0.0871487 0.996195
    outer loop
      vertex 29.7614 11.8124 4.4761
      vertex 20.2386 11.8124 4.4761
      vertex 20.3596 11 4.54717
    endloop
  endfacet
  facet normal -0 0.0871634 0.996194
    outer loop
      vertex 15.9597 17.5598 3.97327
      vertex 34.0403 17.5598 3.97327
      vertex 34.7855 17.9109 3.94255
    endloop
  endfacet
  facet normal 0 0.0871623 0.996194
    outer loop
      vertex 29.9617 12.6089 4.40641
      vertex 20.0383 12.6089 4.40641
      vertex 20.2386 11.8124 4.4761
    endloop
  endfacet
  facet normal 0 0.0871606 0.996194
    outer loop
      vertex 30.2394 13.3821 4.33876
      vertex 19.7606 13.3821 4.33876
      vertex 20.0383 12.6089 4.40641
    endloop
  endfacet
  facet normal -0 0.087158 0.996194
    outer loop
      vertex 15.2145 17.9109 3.94255
      vertex 34.7855 17.9109 3.94255
      vertex 35.5616 18.1875 3.91835
    endloop
  endfacet
  facet normal 0 0.0871403 0.996196
    outer loop
      vertex 30.5919 14.1245 4.27382
      vertex 19.4081 14.1245 4.27382
      vertex 19.7606 13.3821 4.33876
    endloop
  endfacet
  facet normal 0 0.0871599 0.996194
    outer loop
      vertex 31.0157 14.8289 4.21219
      vertex 18.9843 14.8289 4.21219
      vertex 19.4081 14.1245 4.27382
    endloop
  endfacet
  facet normal -0 0.0871422 0.996196
    outer loop
      vertex 14.4384 18.1875 3.91835
      vertex 35.5616 18.1875 3.91835
      vertex 36.3612 18.3871 3.90089
    endloop
  endfacet
  facet normal 0 0.0871595 0.996194
    outer loop
      vertex 31.5067 15.4885 4.15448
      vertex 18.4933 15.4885 4.15448
      vertex 18.9843 14.8289 4.21219
    endloop
  endfacet
  facet normal 0 0.0871362 0.996196
    outer loop
      vertex 37.1767 18.5076 3.89035
      vertex 12.8233 18.5076 3.89035
      vertex 36.3612 18.3871 3.90089
    endloop
  endfacet
  facet normal 0 0.0871588 0.996194
    outer loop
      vertex 32.0603 16.0969 4.10125
      vertex 17.9397 16.0969 4.10125
      vertex 18.4933 15.4885 4.15448
    endloop
  endfacet
  facet normal 0 0.0871557 0.996195
    outer loop
      vertex 32.6711 16.6484 4.053
      vertex 17.3289 16.6484 4.053
      vertex 17.9397 16.0969 4.10125
    endloop
  endfacet
  facet normal 0 0.0871568 0.996195
    outer loop
      vertex 33.3332 17.1376 4.0102
      vertex 16.6668 17.1376 4.0102
      vertex 17.3289 16.6484 4.053
    endloop
  endfacet
  facet normal 0 0.0871377 0.996196
    outer loop
      vertex 34.0403 17.5598 3.97327
      vertex 15.9597 17.5598 3.97327
      vertex 16.6668 17.1376 4.0102
    endloop
  endfacet
  facet normal 0 0.0871634 0.996194
    outer loop
      vertex 34.7855 17.9109 3.94255
      vertex 15.2145 17.9109 3.94255
      vertex 15.9597 17.5598 3.97327
    endloop
  endfacet
  facet normal 0 0.087158 0.996194
    outer loop
      vertex 35.5616 18.1875 3.91835
      vertex 14.4384 18.1875 3.91835
      vertex 15.2145 17.9109 3.94255
    endloop
  endfacet
  facet normal 0 0.0871422 0.996196
    outer loop
      vertex 36.3612 18.3871 3.90089
      vertex 13.6388 18.3871 3.90089
      vertex 14.4384 18.1875 3.91835
    endloop
  endfacet
  facet normal 0 0.0871362 0.996196
    outer loop
      vertex 36.3612 18.3871 3.90089
      vertex 12.8233 18.5076 3.89035
      vertex 13.6388 18.3871 3.90089
    endloop
  endfacet
  facet normal -0 0.087158 0.996195
    outer loop
      vertex 2.5 20.4406 3.72123
      vertex 12.8233 18.5076 3.89035
      vertex 47.8 20.4406 3.72123
    endloop
  endfacet
  facet normal -6.74127e-06 0.0871223 0.996198
    outer loop
      vertex 12.8233 18.5076 3.89035
      vertex 2.5 20.4406 3.72123
      vertex 12 18.5479 3.88682
    endloop
  endfacet
  facet normal 1.62353e-05 0.0871571 0.996195
    outer loop
      vertex 3.64045 11 4.54717
      vertex 2.5 20.4406 3.72123
      vertex 3.6 10.1798 4.61893
    endloop
  endfacet
  facet normal -2.4185e-05 0.0871523 0.996195
    outer loop
      vertex 3.7614 11.8124 4.4761
      vertex 2.5 20.4406 3.72123
      vertex 3.64045 11 4.54717
    endloop
  endfacet
  facet normal 1.65136e-05 0.0871582 0.996194
    outer loop
      vertex 3.9617 12.6089 4.40641
      vertex 2.5 20.4406 3.72123
      vertex 3.7614 11.8124 4.4761
    endloop
  endfacet
  facet normal 1.00457e-05 0.087157 0.996195
    outer loop
      vertex 4.23941 13.3821 4.33876
      vertex 2.5 20.4406 3.72123
      vertex 3.9617 12.6089 4.40641
    endloop
  endfacet
  facet normal -1.98448e-05 0.0871497 0.996195
    outer loop
      vertex 4.59186 14.1245 4.27382
      vertex 2.5 20.4406 3.72123
      vertex 4.23941 13.3821 4.33876
    endloop
  endfacet
  facet normal 4.04387e-06 0.0871575 0.996195
    outer loop
      vertex 5.01565 14.8289 4.21219
      vertex 2.5 20.4406 3.72123
      vertex 4.59186 14.1245 4.27382
    endloop
  endfacet
  facet normal 3.15691e-06 0.0871571 0.996195
    outer loop
      vertex 5.50671 15.4885 4.15448
      vertex 2.5 20.4406 3.72123
      vertex 5.01565 14.8289 4.21219
    endloop
  endfacet
  facet normal 2.39376e-06 0.0871567 0.996195
    outer loop
      vertex 6.0603 16.0969 4.10125
      vertex 2.5 20.4406 3.72123
      vertex 5.50671 15.4885 4.15448
    endloop
  endfacet
  facet normal 5.3838e-07 0.0871552 0.996195
    outer loop
      vertex 6.6711 16.6484 4.053
      vertex 2.5 20.4406 3.72123
      vertex 6.0603 16.0969 4.10125
    endloop
  endfacet
  facet normal 9.35925e-07 0.0871556 0.996195
    outer loop
      vertex 7.33321 17.1376 4.0102
      vertex 2.5 20.4406 3.72123
      vertex 6.6711 16.6484 4.053
    endloop
  endfacet
  facet normal -5.31426e-06 0.0871465 0.996196
    outer loop
      vertex 8.04027 17.5598 3.97327
      vertex 2.5 20.4406 3.72123
      vertex 7.33321 17.1376 4.0102
    endloop
  endfacet
  facet normal 1.68762e-06 0.0871599 0.996194
    outer loop
      vertex 8.78546 17.9109 3.94255
      vertex 2.5 20.4406 3.72123
      vertex 8.04027 17.5598 3.97327
    endloop
  endfacet
  facet normal 4.38091e-07 0.0871568 0.996195
    outer loop
      vertex 9.56161 18.1875 3.91835
      vertex 2.5 20.4406 3.72123
      vertex 8.78546 17.9109 3.94255
    endloop
  endfacet
  facet normal -1.8695e-06 0.0871496 0.996195
    outer loop
      vertex 10.3612 18.3871 3.90089
      vertex 2.5 20.4406 3.72123
      vertex 9.56161 18.1875 3.91835
    endloop
  endfacet
  facet normal -1.95295e-06 0.0871493 0.996195
    outer loop
      vertex 11.1767 18.5076 3.89035
      vertex 2.5 20.4406 3.72123
      vertex 10.3612 18.3871 3.90089
    endloop
  endfacet
  facet normal 4.08206e-06 0.0871762 0.996193
    outer loop
      vertex 12 18.5479 3.88682
      vertex 2.5 20.4406 3.72123
      vertex 11.1767 18.5076 3.89035
    endloop
  endfacet
  facet normal 1.96915e-05 0.0871591 0.996194
    outer loop
      vertex 46.3596 9.35962 4.69069
      vertex 47.8 0.217889 5.49049
      vertex 46.4 10.1798 4.61893
    endloop
  endfacet
  facet normal 7.56453e-06 0.0871572 0.996195
    outer loop
      vertex 46.2386 8.54731 4.76176
      vertex 47.8 0.217889 5.49049
      vertex 46.3596 9.35962 4.69069
    endloop
  endfacet
  facet normal -7.41668e-06 0.0871544 0.996195
    outer loop
      vertex 46.0383 7.75072 4.83145
      vertex 47.8 0.217889 5.49049
      vertex 46.2386 8.54731 4.76176
    endloop
  endfacet
  facet normal 9.48305e-06 0.0871583 0.996194
    outer loop
      vertex 45.7606 6.97753 4.8991
      vertex 47.8 0.217889 5.49049
      vertex 46.0383 7.75072 4.83145
    endloop
  endfacet
  facet normal -1.35989e-05 0.0871514 0.996195
    outer loop
      vertex 45.4081 6.23517 4.96404
      vertex 47.8 0.217889 5.49049
      vertex 45.7606 6.97753 4.8991
    endloop
  endfacet
  facet normal 8.16409e-06 0.08716 0.996194
    outer loop
      vertex 44.9843 5.53081 5.02567
      vertex 47.8 0.217889 5.49049
      vertex 45.4081 6.23517 4.96404
    endloop
  endfacet
  facet normal -8.86256e-06 0.087151 0.996195
    outer loop
      vertex 44.4933 4.87121 5.08337
      vertex 47.8 0.217889 5.49049
      vertex 44.9843 5.53081 5.02567
    endloop
  endfacet
  facet normal 4.88611e-06 0.0871607 0.996194
    outer loop
      vertex 43.9397 4.26274 5.13661
      vertex 47.8 0.217889 5.49049
      vertex 44.4933 4.87121 5.08337
    endloop
  endfacet
  facet normal 1.36848e-06 0.0871574 0.996195
    outer loop
      vertex 43.3289 3.71126 5.18486
      vertex 47.8 0.217889 5.49049
      vertex 43.9397 4.26274 5.13661
    endloop
  endfacet
  facet normal -6.59557e-06 0.0871473 0.996195
    outer loop
      vertex 42.6668 3.22207 5.22765
      vertex 47.8 0.217889 5.49049
      vertex 43.3289 3.71126 5.18486
    endloop
  endfacet
  facet normal 2.00914e-06 0.0871619 0.996194
    outer loop
      vertex 41.9597 2.79989 5.26459
      vertex 47.8 0.217889 5.49049
      vertex 42.6668 3.22207 5.22765
    endloop
  endfacet
  facet normal 8.32537e-07 0.0871592 0.996194
    outer loop
      vertex 41.2145 2.44878 5.29531
      vertex 47.8 0.217889 5.49049
      vertex 41.9597 2.79989 5.26459
    endloop
  endfacet
  facet normal -3.06613e-06 0.0871478 0.996195
    outer loop
      vertex 40.4384 2.17212 5.31951
      vertex 47.8 0.217889 5.49049
      vertex 41.2145 2.44878 5.29531
    endloop
  endfacet
  facet normal 1.71994e-06 0.0871657 0.996194
    outer loop
      vertex 39.6388 1.97259 5.33697
      vertex 47.8 0.217889 5.49049
      vertex 40.4384 2.17212 5.31951
    endloop
  endfacet
  facet normal -1.90273e-06 0.087149 0.996195
    outer loop
      vertex 38.8233 1.85209 5.34751
      vertex 47.8 0.217889 5.49049
      vertex 39.6388 1.97259 5.33697
    endloop
  endfacet
  facet normal 4.70656e-06 0.087185 0.996192
    outer loop
      vertex 38 1.8118 5.35104
      vertex 47.8 0.217889 5.49049
      vertex 38.8233 1.85209 5.34751
    endloop
  endfacet
  facet normal -8.75786e-06 0.0871028 0.996199
    outer loop
      vertex 37.1767 1.85209 5.34751
      vertex 47.8 0.217889 5.49049
      vertex 38 1.8118 5.35104
    endloop
  endfacet
  facet normal -0 0.0871362 0.996196
    outer loop
      vertex 12.8233 1.85209 5.34751
      vertex 37.1767 1.85209 5.34751
      vertex 36.3612 1.97259 5.33697
    endloop
  endfacet
  facet normal -0 0.08716 0.996194
    outer loop
      vertex 20.4 10.1798 4.61893
      vertex 29.6404 9.35962 4.69069
      vertex 29.6 10.1798 4.61893
    endloop
  endfacet
  facet normal -0 0.08716 0.996194
    outer loop
      vertex 20.3596 9.35962 4.69069
      vertex 29.6404 9.35962 4.69069
      vertex 20.4 10.1798 4.61893
    endloop
  endfacet
  facet normal 0 0.0871583 0.996194
    outer loop
      vertex 29.6404 9.35962 4.69069
      vertex 20.3596 9.35962 4.69069
      vertex 29.7614 8.54731 4.76176
    endloop
  endfacet
  facet normal -0 0.0871583 0.996194
    outer loop
      vertex 20.2386 8.54731 4.76176
      vertex 29.7614 8.54731 4.76176
      vertex 20.3596 9.35962 4.69069
    endloop
  endfacet
  facet normal 0 0.0871525 0.996195
    outer loop
      vertex 29.7614 8.54731 4.76176
      vertex 20.2386 8.54731 4.76176
      vertex 29.9617 7.75072 4.83145
    endloop
  endfacet
  facet normal -0 0.0871525 0.996195
    outer loop
      vertex 20.0383 7.75072 4.83145
      vertex 29.9617 7.75072 4.83145
      vertex 20.2386 8.54731 4.76176
    endloop
  endfacet
  facet normal 0 0.0871617 0.996194
    outer loop
      vertex 29.9617 7.75072 4.83145
      vertex 20.0383 7.75072 4.83145
      vertex 30.2394 6.97753 4.8991
    endloop
  endfacet
  facet normal -0 0.0871617 0.996194
    outer loop
      vertex 19.7606 6.97753 4.8991
      vertex 30.2394 6.97753 4.8991
      vertex 20.0383 7.75072 4.83145
    endloop
  endfacet
  facet normal 0 0.087145 0.996196
    outer loop
      vertex 30.2394 6.97753 4.8991
      vertex 19.7606 6.97753 4.8991
      vertex 30.5919 6.23517 4.96404
    endloop
  endfacet
  facet normal -0 0.087145 0.996196
    outer loop
      vertex 19.4081 6.23517 4.96404
      vertex 30.5919 6.23517 4.96404
      vertex 19.7606 6.97753 4.8991
    endloop
  endfacet
  facet normal 0 0.0871648 0.996194
    outer loop
      vertex 30.5919 6.23517 4.96404
      vertex 19.4081 6.23517 4.96404
      vertex 31.0157 5.53081 5.02567
    endloop
  endfacet
  facet normal -0 0.0871648 0.996194
    outer loop
      vertex 18.9843 5.53081 5.02567
      vertex 31.0157 5.53081 5.02567
      vertex 19.4081 6.23517 4.96404
    endloop
  endfacet
  facet normal 0 0.0871445 0.996196
    outer loop
      vertex 31.0157 5.53081 5.02567
      vertex 18.9843 5.53081 5.02567
      vertex 31.5067 4.87121 5.08337
    endloop
  endfacet
  facet normal -0 0.0871445 0.996196
    outer loop
      vertex 18.4933 4.87121 5.08337
      vertex 31.5067 4.87121 5.08337
      vertex 18.9843 5.53081 5.02567
    endloop
  endfacet
  facet normal 0 0.0871651 0.996194
    outer loop
      vertex 31.5067 4.87121 5.08337
      vertex 18.4933 4.87121 5.08337
      vertex 32.0603 4.26274 5.13661
    endloop
  endfacet
  facet normal -0 0.0871651 0.996194
    outer loop
      vertex 17.9397 4.26274 5.13661
      vertex 32.0603 4.26274 5.13661
      vertex 18.4933 4.87121 5.08337
    endloop
  endfacet
  facet normal 0 0.0871589 0.996194
    outer loop
      vertex 32.0603 4.26274 5.13661
      vertex 17.9397 4.26274 5.13661
      vertex 32.6711 3.71126 5.18486
    endloop
  endfacet
  facet normal -0 0.0871589 0.996194
    outer loop
      vertex 17.3289 3.71126 5.18486
      vertex 32.6711 3.71126 5.18486
      vertex 17.9397 4.26274 5.13661
    endloop
  endfacet
  facet normal 0 0.0871384 0.996196
    outer loop
      vertex 32.6711 3.71126 5.18486
      vertex 17.3289 3.71126 5.18486
      vertex 33.3332 3.22207 5.22765
    endloop
  endfacet
  facet normal -0 0.0871384 0.996196
    outer loop
      vertex 16.6668 3.22207 5.22765
      vertex 33.3332 3.22207 5.22765
      vertex 17.3289 3.71126 5.18486
    endloop
  endfacet
  facet normal 0 0.0871652 0.996194
    outer loop
      vertex 33.3332 3.22207 5.22765
      vertex 16.6668 3.22207 5.22765
      vertex 34.0403 2.79989 5.26459
    endloop
  endfacet
  facet normal -0 0.0871652 0.996194
    outer loop
      vertex 15.9597 2.79989 5.26459
      vertex 34.0403 2.79989 5.26459
      vertex 16.6668 3.22207 5.22765
    endloop
  endfacet
  facet normal 0 0.087161 0.996194
    outer loop
      vertex 34.0403 2.79989 5.26459
      vertex 15.9597 2.79989 5.26459
      vertex 34.7855 2.44878 5.29531
    endloop
  endfacet
  facet normal -0 0.087161 0.996194
    outer loop
      vertex 15.2145 2.44878 5.29531
      vertex 34.7855 2.44878 5.29531
      vertex 15.9597 2.79989 5.26459
    endloop
  endfacet
  facet normal 0 0.0871393 0.996196
    outer loop
      vertex 34.7855 2.44878 5.29531
      vertex 15.2145 2.44878 5.29531
      vertex 35.5616 2.17212 5.31951
    endloop
  endfacet
  facet normal -0 0.0871393 0.996196
    outer loop
      vertex 14.4384 2.17212 5.31951
      vertex 35.5616 2.17212 5.31951
      vertex 15.2145 2.44878 5.29531
    endloop
  endfacet
  facet normal 0 0.0871725 0.996193
    outer loop
      vertex 35.5616 2.17212 5.31951
      vertex 14.4384 2.17212 5.31951
      vertex 36.3612 1.97259 5.33697
    endloop
  endfacet
  facet normal -0 0.0871725 0.996193
    outer loop
      vertex 13.6388 1.97259 5.33697
      vertex 36.3612 1.97259 5.33697
      vertex 14.4384 2.17212 5.31951
    endloop
  endfacet
  facet normal 0 0.0871362 0.996196
    outer loop
      vertex 12.8233 1.85209 5.34751
      vertex 36.3612 1.97259 5.33697
      vertex 13.6388 1.97259 5.33697
    endloop
  endfacet
  facet normal 0 0.0871593 0.996194
    outer loop
      vertex 37.1767 1.85209 5.34751
      vertex 12.8233 1.85209 5.34751
      vertex 47.8 0.217889 5.49049
    endloop
  endfacet
  facet normal 8.64397e-06 0.0871051 0.996199
    outer loop
      vertex 2.5 0.217889 5.49049
      vertex 12.8233 1.85209 5.34751
      vertex 12 1.8118 5.35104
    endloop
  endfacet
  facet normal 4.26975e-06 0.0871558 0.996195
    outer loop
      vertex 2.5 0.217889 5.49049
      vertex 3.6 10.1798 4.61893
      vertex 2.5 20.4406 3.72123
    endloop
  endfacet
  facet normal 0 0.0871593 0.996194
    outer loop
      vertex 12.8233 1.85209 5.34751
      vertex 2.5 0.217889 5.49049
      vertex 47.8 0.217889 5.49049
    endloop
  endfacet
  facet normal -4.74013e-06 0.0871843 0.996192
    outer loop
      vertex 11.1767 1.85209 5.34751
      vertex 2.5 0.217889 5.49049
      vertex 12 1.8118 5.35104
    endloop
  endfacet
  facet normal 1.93165e-06 0.0871492 0.996195
    outer loop
      vertex 10.3612 1.97259 5.33697
      vertex 2.5 0.217889 5.49049
      vertex 11.1767 1.85209 5.34751
    endloop
  endfacet
  facet normal -1.7546e-06 0.0871655 0.996194
    outer loop
      vertex 9.56161 2.17212 5.31951
      vertex 2.5 0.217889 5.49049
      vertex 10.3612 1.97259 5.33697
    endloop
  endfacet
  facet normal 3.13937e-06 0.087148 0.996195
    outer loop
      vertex 8.78546 2.44878 5.29531
      vertex 2.5 0.217889 5.49049
      vertex 9.56161 2.17212 5.31951
    endloop
  endfacet
  facet normal -8.55208e-07 0.0871592 0.996194
    outer loop
      vertex 8.04027 2.79989 5.26459
      vertex 2.5 0.217889 5.49049
      vertex 8.78546 2.44878 5.29531
    endloop
  endfacet
  facet normal -2.0703e-06 0.0871618 0.996194
    outer loop
      vertex 7.33321 3.22207 5.22765
      vertex 2.5 0.217889 5.49049
      vertex 8.04027 2.79989 5.26459
    endloop
  endfacet
  facet normal 6.81786e-06 0.0871476 0.996195
    outer loop
      vertex 6.6711 3.71126 5.18486
      vertex 2.5 0.217889 5.49049
      vertex 7.33321 3.22207 5.22765
    endloop
  endfacet
  facet normal -1.41955e-06 0.0871573 0.996195
    outer loop
      vertex 6.0603 4.26274 5.13661
      vertex 2.5 0.217889 5.49049
      vertex 6.6711 3.71126 5.18486
    endloop
  endfacet
  facet normal -5.08861e-06 0.0871605 0.996194
    outer loop
      vertex 5.50671 4.87121 5.08337
      vertex 2.5 0.217889 5.49049
      vertex 6.0603 4.26274 5.13661
    endloop
  endfacet
  facet normal 9.27284e-06 0.0871513 0.996195
    outer loop
      vertex 5.01565 5.53081 5.02567
      vertex 2.5 0.217889 5.49049
      vertex 5.50671 4.87121 5.08337
    endloop
  endfacet
  facet normal -8.59303e-06 0.0871597 0.996194
    outer loop
      vertex 4.59186 6.23517 4.96404
      vertex 2.5 0.217889 5.49049
      vertex 5.01565 5.53081 5.02567
    endloop
  endfacet
  facet normal 1.44245e-05 0.0871518 0.996195
    outer loop
      vertex 4.23941 6.97753 4.8991
      vertex 2.5 0.217889 5.49049
      vertex 4.59186 6.23517 4.96404
    endloop
  endfacet
  facet normal -1.01655e-05 0.0871581 0.996194
    outer loop
      vertex 3.9617 7.75072 4.83145
      vertex 2.5 0.217889 5.49049
      vertex 4.23941 6.97753 4.8991
    endloop
  endfacet
  facet normal 8.07972e-06 0.0871545 0.996195
    outer loop
      vertex 3.7614 8.54731 4.76176
      vertex 2.5 0.217889 5.49049
      vertex 3.9617 7.75072 4.83145
    endloop
  endfacet
  facet normal -8.47324e-06 0.087157 0.996195
    outer loop
      vertex 3.64045 9.35962 4.69069
      vertex 2.5 0.217889 5.49049
      vertex 3.7614 8.54731 4.76176
    endloop
  endfacet
  facet normal -2.33963e-05 0.0871589 0.996194
    outer loop
      vertex 3.6 10.1798 4.61893
      vertex 2.5 0.217889 5.49049
      vertex 3.64045 9.35962 4.69069
    endloop
  endfacet
  facet normal 1 0 0
    outer loop
      vertex 2.5 4.64716 10.2225
      vertex 2.5 0.662384 10.5711
      vertex 2.5 4.29854 6.23768
    endloop
  endfacet
  facet normal 1 0 0
    outer loop
      vertex 2.5 16.2529 5.19181
      vertex 2.5 20.8851 8.80182
      vertex 2.5 16.6015 9.17659
    endloop
  endfacet
  facet normal 1 0 0
    outer loop
      vertex 2.5 20.8851 8.80182
      vertex 2.5 16.2529 5.19181
      vertex 2.5 20.4406 3.72123
    endloop
  endfacet
  facet normal 1 -0 0
    outer loop
      vertex 2.5 0.217889 5.49049
      vertex 2.5 16.2529 5.19181
      vertex 2.5 4.29854 6.23768
    endloop
  endfacet
  facet normal 1 0 0
    outer loop
      vertex 2.5 16.2529 5.19181
      vertex 2.5 0.217889 5.49049
      vertex 2.5 20.4406 3.72123
    endloop
  endfacet
  facet normal 1 0 0
    outer loop
      vertex 2.5 0.217889 5.49049
      vertex 2.5 4.29854 6.23768
      vertex 2.5 0.662384 10.5711
    endloop
  endfacet
  facet normal 0 -0.996195 0.0871569
    outer loop
      vertex 2.5 20.4406 3.72123
      vertex 47.8 20.8851 8.80182
      vertex 2.5 20.8851 8.80182
    endloop
  endfacet
  facet normal 0 -0.996195 0.0871569
    outer loop
      vertex 47.8 20.8851 8.80182
      vertex 2.5 20.4406 3.72123
      vertex 47.8 20.4406 3.72123
    endloop
  endfacet
  facet normal 0 0.996195 -0.0871556
    outer loop
      vertex 47.8 0.217889 5.49049
      vertex 2.5 0.662384 10.5711
      vertex 47.8 0.662384 10.5711
    endloop
  endfacet
  facet normal 0 0.996195 -0.0871556
    outer loop
      vertex 2.5 0.662384 10.5711
      vertex 47.8 0.217889 5.49049
      vertex 2.5 0.217889 5.49049
    endloop
  endfacet
  facet normal -0 0.0871557 0.996195
    outer loop
      vertex 0.5 16.2529 5.19181
      vertex 2.5 4.29854 6.23768
      vertex 2.5 16.2529 5.19181
    endloop
  endfacet
  facet normal 0 0.0871557 0.996195
    outer loop
      vertex 2.5 4.29854 6.23768
      vertex 0.5 16.2529 5.19181
      vertex 0.5 4.29854 6.23768
    endloop
  endfacet
  facet normal 0 -0.996195 0.08715
    outer loop
      vertex 0.5 16.2529 5.19181
      vertex 2.5 16.6015 9.17659
      vertex 0.5 16.6015 9.17659
    endloop
  endfacet
  facet normal 0 -0.996195 0.08715
    outer loop
      vertex 2.5 16.6015 9.17659
      vertex 0.5 16.2529 5.19181
      vertex 2.5 16.2529 5.19181
    endloop
  endfacet
  facet normal 0 0.996195 -0.0871541
    outer loop
      vertex 2.5 4.29854 6.23768
      vertex 0.5 4.64716 10.2225
      vertex 2.5 4.64716 10.2225
    endloop
  endfacet
  facet normal 0 0.996195 -0.0871541
    outer loop
      vertex 0.5 4.64716 10.2225
      vertex 2.5 4.29854 6.23768
      vertex 0.5 4.29854 6.23768
    endloop
  endfacet
  facet normal -1 0 0
    outer loop
      vertex 31 22.5725 5.14082
      vertex 31 22.7779 8.63622
      vertex 31 22.8775 8.62751
    endloop
  endfacet
  facet normal -1 0 0
    outer loop
      vertex 31 22.7779 8.63622
      vertex 31 22.5725 5.14082
      vertex 31 22.4729 5.14954
    endloop
  endfacet
  facet normal -0 0.0872166 0.996189
    outer loop
      vertex 19 22.5725 5.14082
      vertex 31 22.4729 5.14954
      vertex 31 22.5725 5.14082
    endloop
  endfacet
  facet normal 0 0.0872166 0.996189
    outer loop
      vertex 31 22.4729 5.14954
      vertex 19 22.5725 5.14082
      vertex 19 22.4729 5.14954
    endloop
  endfacet
  facet normal 1 0 0
    outer loop
      vertex 19 22.7779 8.63622
      vertex 19 22.5725 5.14082
      vertex 19 22.8775 8.62751
    endloop
  endfacet
  facet normal 1 0 -0
    outer loop
      vertex 19 22.5725 5.14082
      vertex 19 22.7779 8.63622
      vertex 19 22.4729 5.14954
    endloop
  endfacet
  facet normal 0 0.996196 -0.087143
    outer loop
      vertex 31 22.4729 5.14954
      vertex 19 22.7779 8.63622
      vertex 31 22.7779 8.63622
    endloop
  endfacet
  facet normal 0 0.996196 -0.087143
    outer loop
      vertex 19 22.7779 8.63622
      vertex 31 22.4729 5.14954
      vertex 19 22.4729 5.14954
    endloop
  endfacet
endsolid OpenSCAD_Model
